date,sigma_ann,exposure,regime_id,segment_age,detected
1998-02-04,0.01419588198104183,1.0,0,21,False
1998-02-05,0.01419588198104183,1.0,0,22,False
1998-02-06,0.01419588198104183,1.0,0,23,False
1998-02-09,0.01419588198104183,1.0,0,24,False
1998-02-10,0.01419588198104183,1.0,0,25,False
1998-02-11,0.01419588198104183,1.0,0,26,False
1998-02-12,0.01419588198104183,1.0,0,27,False
1998-02-13,0.01419588198104183,1.0,0,28,False
1998-02-17,0.01419588198104183,1.0,0,29,False
1998-02-18,0.01419588198104183,1.0,0,30,False
1998-02-19,0.01419588198104183,1.0,0,31,False
1998-02-20,0.01419588198104183,1.0,0,32,False
1998-02-23,0.01419588198104183,1.0,0,33,False
1998-02-24,0.01419588198104183,1.0,0,34,False
1998-02-25,0.01419588198104183,1.0,0,35,False
1998-02-26,0.01419588198104183,1.0,0,36,False
1998-02-27,0.01419588198104183,1.0,0,37,False
1998-03-02,0.01419588198104183,1.0,0,38,False
1998-03-03,0.01419588198104183,1.0,0,39,False
1998-03-04,0.01419588198104183,1.0,0,40,False
1998-03-05,0.01419588198104183,1.0,0,41,False
1998-03-06,0.01419588198104183,1.0,0,42,False
1998-03-09,0.01419588198104183,1.0,0,43,False
1998-03-10,0.01419588198104183,1.0,0,44,False
1998-03-11,0.01419588198104183,1.0,0,45,False
1998-03-12,0.01419588198104183,1.0,0,46,False
1998-03-13,0.01419588198104183,1.0,0,47,False
1998-03-16,0.01419588198104183,1.0,0,48,False
1998-03-17,0.01419588198104183,1.0,0,49,False
1998-03-18,0.01419588198104183,1.0,0,50,False
1998-03-19,0.01419588198104183,1.0,0,51,False
1998-03-20,0.01419588198104183,1.0,0,52,False
1998-03-23,0.01419588198104183,1.0,0,53,False
1998-03-24,0.01419588198104183,1.0,0,54,False
1998-03-25,0.01419588198104183,1.0,0,55,False
1998-03-26,0.01419588198104183,1.0,0,56,False
1998-03-27,0.01419588198104183,1.0,0,57,False
1998-03-30,0.01419588198104183,1.0,0,58,False
1998-03-31,0.01419588198104183,1.0,0,59,False
1998-04-01,0.01419588198104183,1.0,0,60,False
1998-04-02,0.01419588198104183,1.0,0,61,False
1998-04-03,0.01419588198104183,1.0,0,62,False
1998-04-06,0.01419588198104183,1.0,0,63,False
1998-04-07,0.01419588198104183,1.0,0,64,False
1998-04-08,0.01419588198104183,1.0,0,65,False
1998-04-09,0.01419588198104183,1.0,0,66,False
1998-04-13,0.01419588198104183,1.0,0,67,False
1998-04-14,0.01419588198104183,1.0,0,68,False
1998-04-15,0.01419588198104183,1.0,0,69,False
1998-04-16,0.01419588198104183,1.0,0,70,False
1998-04-17,0.01419588198104183,1.0,0,71,False
1998-04-20,0.01419588198104183,1.0,0,72,False
1998-04-21,0.01419588198104183,1.0,0,73,False
1998-04-22,0.01419588198104183,1.0,0,74,False
1998-04-23,0.01419588198104183,1.0,0,75,False
1998-04-24,0.01419588198104183,1.0,0,76,False
1998-04-27,0.01419588198104183,1.0,0,77,False
1998-04-28,0.01419588198104183,1.0,0,78,False
1998-04-29,0.01419588198104183,1.0,0,79,False
1998-04-30,0.01419588198104183,1.0,0,80,False
1998-05-01,0.01419588198104183,1.0,0,81,False
1998-05-04,0.01419588198104183,1.0,0,82,False
1998-05-05,0.01419588198104183,1.0,0,83,False
1998-05-06,0.01419588198104183,1.0,0,84,False
1998-05-07,0.01419588198104183,1.0,0,85,False
1998-05-08,0.01419588198104183,1.0,0,86,False
1998-05-11,0.01419588198104183,1.0,0,87,False
1998-05-12,0.01419588198104183,1.0,0,88,False
1998-05-13,0.01419588198104183,1.0,0,89,False
1998-05-14,0.01419588198104183,1.0,0,90,False
1998-05-15,0.01419588198104183,1.0,0,91,False
1998-05-18,0.01419588198104183,1.0,0,92,False
1998-05-19,0.01419588198104183,1.0,0,93,False
1998-05-20,0.01419588198104183,1.0,0,94,False
1998-05-21,0.01419588198104183,1.0,0,95,False
1998-05-22,0.01419588198104183,1.0,0,96,False
1998-05-26,0.01419588198104183,1.0,0,97,False
1998-05-27,0.01419588198104183,1.0,0,98,False
1998-05-28,0.01419588198104183,1.0,0,99,False
1998-05-29,0.01419588198104183,1.0,0,100,False
1998-06-01,0.01419588198104183,1.0,0,101,False
1998-06-02,0.01419588198104183,1.0,0,102,False
1998-06-03,0.01419588198104183,1.0,0,103,False
1998-06-04,0.01419588198104183,1.0,0,104,False
1998-06-05,0.01419588198104183,1.0,0,105,False
1998-06-08,0.01419588198104183,1.0,0,106,False
1998-06-09,0.01419588198104183,1.0,0,107,False
1998-06-10,0.01419588198104183,1.0,0,108,False
1998-06-11,0.01419588198104183,1.0,0,109,False
1998-06-12,0.01419588198104183,1.0,0,110,False
1998-06-15,0.01419588198104183,1.0,0,111,False
1998-06-16,0.01419588198104183,1.0,0,112,False
1998-06-17,0.01419588198104183,1.0,0,113,False
1998-06-18,0.01419588198104183,1.0,0,114,False
1998-06-19,0.01419588198104183,1.0,0,115,False
1998-06-22,0.01419588198104183,1.0,0,116,False
1998-06-23,0.01419588198104183,1.0,0,117,False
1998-06-24,0.01419588198104183,1.0,0,118,False
1998-06-25,0.01419588198104183,1.0,0,119,False
1998-06-26,0.01419588198104183,1.0,0,120,False
1998-06-29,0.01419588198104183,1.0,0,121,False
1998-06-30,0.01419588198104183,1.0,0,122,False
1998-07-01,0.01419588198104183,1.0,0,123,False
1998-07-02,0.01419588198104183,1.0,0,124,False
1998-07-06,0.01419588198104183,1.0,0,125,False
1998-07-07,0.01419588198104183,1.0,0,126,False
1998-07-08,0.01419588198104183,1.0,0,127,False
1998-07-09,0.01419588198104183,1.0,0,128,False
1998-07-10,0.01419588198104183,1.0,0,129,False
1998-07-13,0.01419588198104183,1.0,0,130,False
1998-07-14,0.01419588198104183,1.0,0,131,False
1998-07-15,0.01419588198104183,1.0,0,132,False
1998-07-16,0.01419588198104183,1.0,0,133,False
1998-07-17,0.01419588198104183,1.0,0,134,False
1998-07-20,0.01419588198104183,1.0,0,135,False
1998-07-21,0.01419588198104183,1.0,0,136,False
1998-07-22,0.01419588198104183,1.0,0,137,False
1998-07-23,0.01419588198104183,1.0,0,138,False
1998-07-24,0.01419588198104183,1.0,0,139,False
1998-07-27,0.01419588198104183,1.0,0,140,False
1998-07-28,0.01419588198104183,1.0,0,141,False
1998-07-29,0.01419588198104183,1.0,0,142,False
1998-07-30,0.01419588198104183,1.0,0,143,False
1998-07-31,0.01419588198104183,1.0,0,144,False
1998-08-03,0.01419588198104183,1.0,0,145,False
1998-08-04,0.01419588198104183,1.0,0,146,False
1998-08-05,0.01419588198104183,1.0,0,147,False
1998-08-06,0.01419588198104183,1.0,0,148,False
1998-08-07,0.01419588198104183,1.0,0,149,False
1998-08-10,0.01419588198104183,1.0,0,150,False
1998-08-11,0.01419588198104183,1.0,0,151,False
1998-08-12,0.01419588198104183,1.0,0,152,False
1998-08-13,0.01419588198104183,1.0,0,153,False
1998-08-14,0.01419588198104183,1.0,0,154,False
1998-08-17,0.01419588198104183,1.0,0,155,False
1998-08-18,0.01419588198104183,1.0,0,156,False
1998-08-19,0.01419588198104183,1.0,0,157,False
1998-08-20,0.01419588198104183,1.0,0,158,False
1998-08-21,0.01419588198104183,1.0,0,159,False
1998-08-24,0.01419588198104183,1.0,0,160,False
1998-08-25,0.01419588198104183,1.0,0,161,False
1998-08-26,0.01419588198104183,1.0,0,162,False
1998-08-27,0.01419588198104183,1.0,0,163,False
1998-08-28,0.01419588198104183,1.0,0,164,False
1998-08-31,0.01419588198104183,1.0,0,165,False
1998-09-01,0.3525608334064823,0.0,1,23,True
1998-09-02,0.3525608334064823,0.0,1,24,False
1998-09-03,0.3525608334064823,0.0,1,25,False
1998-09-04,0.3525608334064823,0.0,1,26,False
1998-09-08,0.3525608334064823,0.0,1,27,False
1998-09-09,0.3525608334064823,0.0,1,28,False
1998-09-10,0.3525608334064823,0.0,1,29,False
1998-09-11,0.3525608334064823,0.0,1,30,False
1998-09-14,0.3525608334064823,0.0,1,31,False
1998-09-15,0.3525608334064823,0.0,1,32,False
1998-09-16,0.3525608334064823,0.0,1,33,False
1998-09-17,0.3525608334064823,0.0,1,34,False
1998-09-18,0.3525608334064823,0.0,1,35,False
1998-09-21,0.3525608334064823,0.0,1,36,False
1998-09-22,0.3525608334064823,0.0,1,37,False
1998-09-23,0.3525608334064823,0.0,1,38,False
1998-09-24,0.3525608334064823,0.0,1,39,False
1998-09-25,0.3525608334064823,0.0,1,40,False
1998-09-28,0.3525608334064823,0.0,1,41,False
1998-09-29,0.3525608334064823,0.0,1,42,False
1998-09-30,0.3525608334064823,0.0,1,43,False
1998-10-01,0.3525608334064823,0.0,1,44,False
1998-10-02,0.3525608334064823,0.0,1,45,False
1998-10-05,0.3525608334064823,0.0,1,46,False
1998-10-06,0.3525608334064823,0.0,1,47,False
1998-10-07,0.3525608334064823,0.0,1,48,False
1998-10-08,0.3525608334064823,0.0,1,49,False
1998-10-09,0.3525608334064823,0.0,1,50,False
1998-10-12,0.3525608334064823,0.0,1,51,False
1998-10-13,0.3525608334064823,0.0,1,52,False
1998-10-14,0.3525608334064823,0.0,1,53,False
1998-10-15,0.3525608334064823,0.0,1,54,False
1998-10-16,0.3525608334064823,0.0,1,55,False
1998-10-19,0.3525608334064823,0.0,1,56,False
1998-10-20,0.3525608334064823,0.0,1,57,False
1998-10-21,0.3525608334064823,0.0,1,58,False
1998-10-22,0.3525608334064823,0.0,1,59,False
1998-10-23,0.3525608334064823,0.0,1,60,False
1998-10-26,0.3525608334064823,0.0,1,61,False
1998-10-27,0.3525608334064823,0.0,1,62,False
1998-10-28,0.3525608334064823,0.0,1,63,False
1998-10-29,0.3525608334064823,0.0,1,64,False
1998-10-30,0.3525608334064823,0.0,1,65,False
1998-11-02,0.3525608334064823,0.0,1,66,False
1998-11-03,0.3525608334064823,0.0,1,67,False
1998-11-04,0.3525608334064823,0.0,1,68,False
1998-11-05,0.3525608334064823,0.0,1,69,False
1998-11-06,0.3525608334064823,0.0,1,70,False
1998-11-09,0.3525608334064823,0.0,1,71,False
1998-11-10,0.3525608334064823,0.0,1,72,False
1998-11-11,0.3525608334064823,0.0,1,73,False
1998-11-12,0.3525608334064823,0.0,1,74,False
1998-11-13,0.3525608334064823,0.0,1,75,False
1998-11-16,0.3525608334064823,0.0,1,76,False
1998-11-17,0.3525608334064823,0.0,1,77,False
1998-11-18,0.12251247459542602,1.0,2,23,True
1998-11-19,0.12251247459542602,1.0,2,24,False
1998-11-20,0.12251247459542602,1.0,2,25,False
1998-11-23,0.12251247459542602,1.0,2,26,False
1998-11-24,0.12251247459542602,1.0,2,27,False
1998-11-25,0.12251247459542602,1.0,2,28,False
1998-11-27,0.12251247459542602,1.0,2,29,False
1998-11-30,0.12251247459542602,1.0,2,30,False
1998-12-01,0.12251247459542602,1.0,2,31,False
1998-12-02,0.12251247459542602,1.0,2,32,False
1998-12-03,0.12251247459542602,1.0,2,33,False
1998-12-04,0.12251247459542602,1.0,2,34,False
1998-12-07,0.12251247459542602,1.0,2,35,False
1998-12-08,0.12251247459542602,1.0,2,36,False
1998-12-09,0.12251247459542602,1.0,2,37,False
1998-12-10,0.12251247459542602,1.0,2,38,False
1998-12-11,0.12251247459542602,1.0,2,39,False
1998-12-14,0.12251247459542602,1.0,2,40,False
1998-12-15,0.12251247459542602,1.0,2,41,False
1998-12-16,0.12251247459542602,1.0,2,42,False
1998-12-17,0.12251247459542602,1.0,2,43,False
1998-12-18,0.12251247459542602,1.0,2,44,False
1998-12-21,0.12251247459542602,1.0,2,45,False
1998-12-22,0.12251247459542602,1.0,2,46,False
1998-12-23,0.12251247459542602,1.0,2,47,False
1998-12-24,0.12251247459542602,1.0,2,48,False
1998-12-28,0.12251247459542602,1.0,2,49,False
1998-12-29,0.12251247459542602,1.0,2,50,False
1998-12-30,0.12251247459542602,1.0,2,51,False
1998-12-31,0.12251247459542602,1.0,2,52,False
1999-01-04,0.12251247459542602,1.0,2,53,False
1999-01-05,0.12251247459542602,1.0,2,54,False
1999-01-06,0.12251247459542602,1.0,2,55,False
1999-01-07,0.12251247459542602,1.0,2,56,False
1999-01-08,0.12251247459542602,1.0,2,57,False
1999-01-11,0.12251247459542602,1.0,2,58,False
1999-01-12,0.12251247459542602,1.0,2,59,False
1999-01-13,0.12251247459542602,1.0,2,60,False
1999-01-14,0.12251247459542602,1.0,2,61,False
1999-01-15,0.2068662903738843,0.0,3,38,True
1999-01-19,0.2068662903738843,0.0,3,39,False
1999-01-20,0.2068662903738843,0.0,3,40,False
1999-01-21,0.2068662903738843,0.0,3,41,False
1999-01-22,0.2068662903738843,0.0,3,42,False
1999-01-25,0.2068662903738843,0.0,3,43,False
1999-01-26,0.2068662903738843,0.0,3,44,False
1999-01-27,0.2068662903738843,0.0,3,45,False
1999-01-28,0.2068662903738843,0.0,3,46,False
1999-01-29,0.2068662903738843,0.0,3,47,False
1999-02-01,0.2068662903738843,0.0,3,48,False
1999-02-02,0.2068662903738843,0.0,3,49,False
1999-02-03,0.2068662903738843,0.0,3,50,False
1999-02-04,0.2068662903738843,0.0,3,51,False
1999-02-05,0.2068662903738843,0.0,3,52,False
1999-02-08,0.2068662903738843,0.0,3,53,False
1999-02-09,0.2068662903738843,0.0,3,54,False
1999-02-10,0.2068662903738843,0.0,3,55,False
1999-02-11,0.2068662903738843,0.0,3,56,False
1999-02-12,0.2068662903738843,0.0,3,57,False
1999-02-16,0.2068662903738843,0.0,3,58,False
1999-02-17,0.2068662903738843,0.0,3,59,False
1999-02-18,0.2068662903738843,0.0,3,60,False
1999-02-19,0.2068662903738843,0.0,3,61,False
1999-02-22,0.2068662903738843,0.0,3,62,False
1999-02-23,0.2068662903738843,0.0,3,63,False
1999-02-24,0.2068662903738843,0.0,3,64,False
1999-02-25,0.2068662903738843,0.0,3,65,False
1999-02-26,0.2068662903738843,0.0,3,66,False
1999-03-01,0.2068662903738843,0.0,3,67,False
1999-03-02,0.2068662903738843,0.0,3,68,False
1999-03-03,0.2068662903738843,0.0,3,69,False
1999-03-04,0.2068662903738843,0.0,3,70,False
1999-03-05,0.2068662903738843,0.0,3,71,False
1999-03-08,0.2068662903738843,0.0,3,72,False
1999-03-09,0.2068662903738843,0.0,3,73,False
1999-03-10,0.2068662903738843,0.0,3,74,False
1999-03-11,0.2068662903738843,0.0,3,75,False
1999-03-12,0.2068662903738843,0.0,3,76,False
1999-03-15,0.2068662903738843,0.0,3,77,False
1999-03-16,0.2068662903738843,0.0,3,78,False
1999-03-17,0.2068662903738843,0.0,3,79,False
1999-03-18,0.2068662903738843,0.0,3,80,False
1999-03-19,0.2068662903738843,0.0,3,81,False
1999-03-22,0.2068662903738843,0.0,3,82,False
1999-03-23,0.2068662903738843,0.0,3,83,False
1999-03-24,0.2068662903738843,0.0,3,84,False
1999-03-25,0.2068662903738843,0.0,3,85,False
1999-03-26,0.2068662903738843,0.0,3,86,False
1999-03-29,0.2068662903738843,0.0,3,87,False
1999-03-30,0.19756405445894412,1.0,4,49,True
1999-03-31,0.19756405445894412,1.0,4,50,False
1999-04-01,0.19756405445894412,1.0,4,51,False
1999-04-05,0.19756405445894412,1.0,4,52,False
1999-04-06,0.19756405445894412,1.0,4,53,False
1999-04-07,0.19756405445894412,1.0,4,54,False
1999-04-08,0.19756405445894412,1.0,4,55,False
1999-04-09,0.19756405445894412,1.0,4,56,False
1999-04-12,0.19756405445894412,1.0,4,57,False
1999-04-13,0.19756405445894412,1.0,4,58,False
1999-04-14,0.19756405445894412,1.0,4,59,False
1999-04-15,0.19756405445894412,1.0,4,60,False
1999-04-16,0.19756405445894412,1.0,4,61,False
1999-04-19,0.19756405445894412,1.0,4,62,False
1999-04-20,0.19756405445894412,1.0,4,63,False
1999-04-21,0.19756405445894412,1.0,4,64,False
1999-04-22,0.19756405445894412,1.0,4,65,False
1999-04-23,0.19756405445894412,1.0,4,66,False
1999-04-26,0.19756405445894412,1.0,4,67,False
1999-04-27,0.19756405445894412,1.0,4,68,False
1999-04-28,0.19756405445894412,1.0,4,69,False
1999-04-29,0.19756405445894412,1.0,4,70,False
1999-04-30,0.19756405445894412,1.0,4,71,False
1999-05-03,0.19756405445894412,1.0,4,72,False
1999-05-04,0.19756405445894412,1.0,4,73,False
1999-05-05,0.19756405445894412,1.0,4,74,False
1999-05-06,0.19756405445894412,1.0,4,75,False
1999-05-07,0.19756405445894412,1.0,4,76,False
1999-05-10,0.19756405445894412,1.0,4,77,False
1999-05-11,0.19756405445894412,1.0,4,78,False
1999-05-12,0.19756405445894412,1.0,4,79,False
1999-05-13,0.19756405445894412,1.0,4,80,False
1999-05-14,0.19756405445894412,1.0,4,81,False
1999-05-17,0.19756405445894412,1.0,4,82,False
1999-05-18,0.19756405445894412,1.0,4,83,False
1999-05-19,0.19756405445894412,1.0,4,84,False
1999-05-20,0.19756405445894412,1.0,4,85,False
1999-05-21,0.19756405445894412,1.0,4,86,False
1999-05-24,0.19756405445894412,1.0,4,87,False
1999-05-25,0.19756405445894412,1.0,4,88,False
1999-05-26,0.19756405445894412,1.0,4,89,False
1999-05-27,0.19756405445894412,1.0,4,90,False
1999-05-28,0.19756405445894412,1.0,4,91,False
1999-06-01,0.19756405445894412,1.0,4,92,False
1999-06-02,0.19756405445894412,1.0,4,93,False
1999-06-03,0.19756405445894412,1.0,4,94,False
1999-06-04,0.19756405445894412,1.0,4,95,False
1999-06-07,0.19756405445894412,1.0,4,96,False
1999-06-08,0.19756405445894412,1.0,4,97,False
1999-06-09,0.19756405445894412,1.0,4,98,False
1999-06-10,0.19756405445894412,1.0,4,99,False
1999-06-11,0.19756405445894412,1.0,4,100,False
1999-06-14,0.19756405445894412,1.0,4,101,False
1999-06-15,0.19756405445894412,1.0,4,102,False
1999-06-16,0.19756405445894412,1.0,4,103,False
1999-06-17,0.19756405445894412,1.0,4,104,False
1999-06-18,0.19756405445894412,1.0,4,105,False
1999-06-21,0.19756405445894412,1.0,4,106,False
1999-06-22,0.19756405445894412,1.0,4,107,False
1999-06-23,0.19756405445894412,1.0,4,108,False
1999-06-24,0.19756405445894412,1.0,4,109,False
1999-06-25,0.19756405445894412,1.0,4,110,False
1999-06-28,0.19756405445894412,1.0,4,111,False
1999-06-29,0.19756405445894412,1.0,4,112,False
1999-06-30,0.19756405445894412,1.0,4,113,False
1999-07-01,0.19756405445894412,1.0,4,114,False
1999-07-02,0.19756405445894412,1.0,4,115,False
1999-07-06,0.19756405445894412,1.0,4,116,False
1999-07-07,0.19756405445894412,1.0,4,117,False
1999-07-08,0.19756405445894412,1.0,4,118,False
1999-07-09,0.19756405445894412,1.0,4,119,False
1999-07-12,0.19756405445894412,1.0,4,120,False
1999-07-13,0.19756405445894412,1.0,4,121,False
1999-07-14,0.19756405445894412,1.0,4,122,False
1999-07-15,0.19756405445894412,1.0,4,123,False
1999-07-16,0.19756405445894412,1.0,4,124,False
1999-07-19,0.19756405445894412,1.0,4,125,False
1999-07-20,0.19756405445894412,1.0,4,126,False
1999-07-21,0.19756405445894412,1.0,4,127,False
1999-07-22,0.19756405445894412,1.0,4,128,False
1999-07-23,0.19756405445894412,1.0,4,129,False
1999-07-26,0.19756405445894412,1.0,4,130,False
1999-07-27,0.19756405445894412,1.0,4,131,False
1999-07-28,0.19756405445894412,1.0,4,132,False
1999-07-29,0.19756405445894412,1.0,4,133,False
1999-07-30,0.19756405445894412,1.0,4,134,False
1999-08-02,0.19756405445894412,1.0,4,135,False
1999-08-03,0.19756405445894412,1.0,4,136,False
1999-08-04,0.19756405445894412,1.0,4,137,False
1999-08-05,0.19756405445894412,1.0,4,138,False
1999-08-06,0.19756405445894412,1.0,4,139,False
1999-08-09,0.19756405445894412,1.0,4,140,False
1999-08-10,0.19756405445894412,1.0,4,141,False
1999-08-11,0.19756405445894412,1.0,4,142,False
1999-08-12,0.19756405445894412,1.0,4,143,False
1999-08-13,0.19756405445894412,1.0,4,144,False
1999-08-16,0.19756405445894412,1.0,4,145,False
1999-08-17,0.19756405445894412,1.0,4,146,False
1999-08-18,0.19756405445894412,1.0,4,147,False
1999-08-19,0.19756405445894412,1.0,4,148,False
1999-08-20,0.19756405445894412,1.0,4,149,False
1999-08-23,0.19756405445894412,1.0,4,150,False
1999-08-24,0.19756405445894412,1.0,4,151,False
1999-08-25,0.19756405445894412,1.0,4,152,False
1999-08-26,0.19756405445894412,1.0,4,153,False
1999-08-27,0.19756405445894412,1.0,4,154,False
1999-08-30,0.19756405445894412,1.0,4,155,False
1999-08-31,0.19756405445894412,1.0,4,156,False
1999-09-01,0.19756405445894412,1.0,4,157,False
1999-09-02,0.19756405445894412,1.0,4,158,False
1999-09-03,0.19756405445894412,1.0,4,159,False
1999-09-07,0.19756405445894412,1.0,4,160,False
1999-09-08,0.19756405445894412,1.0,4,161,False
1999-09-09,0.19756405445894412,1.0,4,162,False
1999-09-10,0.19756405445894412,1.0,4,163,False
1999-09-13,0.19756405445894412,1.0,4,164,False
1999-09-14,0.19756405445894412,1.0,4,165,False
1999-09-15,0.19756405445894412,1.0,4,166,False
1999-09-16,0.19756405445894412,1.0,4,167,False
1999-09-17,0.19756405445894412,1.0,4,168,False
1999-09-20,0.19756405445894412,1.0,4,169,False
1999-09-21,0.19756405445894412,1.0,4,170,False
1999-09-22,0.19756405445894412,1.0,4,171,False
1999-09-23,0.19756405445894412,1.0,4,172,False
1999-09-24,0.19756405445894412,1.0,4,173,False
1999-09-27,0.19756405445894412,1.0,4,174,False
1999-09-28,0.19756405445894412,1.0,4,175,False
1999-09-29,0.19756405445894412,1.0,4,176,False
1999-09-30,0.19756405445894412,1.0,4,177,False
1999-10-01,0.19756405445894412,1.0,4,178,False
1999-10-04,0.19756405445894412,1.0,4,179,False
1999-10-05,0.19756405445894412,1.0,4,180,False
1999-10-06,0.19756405445894412,1.0,4,181,False
1999-10-07,0.19756405445894412,1.0,4,182,False
1999-10-08,0.19756405445894412,1.0,4,183,False
1999-10-11,0.19756405445894412,1.0,4,184,False
1999-10-12,0.19756405445894412,1.0,4,185,False
1999-10-13,0.19756405445894412,1.0,4,186,False
1999-10-14,0.19756405445894412,1.0,4,187,False
1999-10-15,0.19756405445894412,1.0,4,188,False
1999-10-18,0.19756405445894412,1.0,4,189,False
1999-10-19,0.19756405445894412,1.0,4,190,False
1999-10-20,0.19756405445894412,1.0,4,191,False
1999-10-21,0.19756405445894412,1.0,4,192,False
1999-10-22,0.19756405445894412,1.0,4,193,False
1999-10-25,0.19756405445894412,1.0,4,194,False
1999-10-26,0.19756405445894412,1.0,4,195,False
1999-10-27,0.19756405445894412,1.0,4,196,False
1999-10-28,0.19756405445894412,1.0,4,197,False
1999-10-29,0.19756405445894412,1.0,4,198,False
1999-11-01,0.19756405445894412,1.0,4,199,False
1999-11-02,0.19756405445894412,1.0,4,200,False
1999-11-03,0.19756405445894412,1.0,4,201,False
1999-11-04,0.19756405445894412,1.0,4,202,False
1999-11-05,0.19756405445894412,1.0,4,203,False
1999-11-08,0.19756405445894412,1.0,4,204,False
1999-11-09,0.19756405445894412,1.0,4,205,False
1999-11-10,0.19756405445894412,1.0,4,206,False
1999-11-11,0.19756405445894412,1.0,4,207,False
1999-11-12,0.19756405445894412,1.0,4,208,False
1999-11-15,0.19756405445894412,1.0,4,209,False
1999-11-16,0.19756405445894412,1.0,4,210,False
1999-11-17,0.19756405445894412,1.0,4,211,False
1999-11-18,0.19756405445894412,1.0,4,212,False
1999-11-19,0.19756405445894412,1.0,4,213,False
1999-11-22,0.19756405445894412,1.0,4,214,False
1999-11-23,0.19756405445894412,1.0,4,215,False
1999-11-24,0.19756405445894412,1.0,4,216,False
1999-11-26,0.19756405445894412,1.0,4,217,False
1999-11-29,0.19756405445894412,1.0,4,218,False
1999-11-30,0.19756405445894412,1.0,4,219,False
1999-12-01,0.19756405445894412,1.0,4,220,False
1999-12-02,0.19756405445894412,1.0,4,221,False
1999-12-03,0.19756405445894412,1.0,4,222,False
1999-12-06,0.19756405445894412,1.0,4,223,False
1999-12-07,0.19756405445894412,1.0,4,224,False
1999-12-08,0.19756405445894412,1.0,4,225,False
1999-12-09,0.19756405445894412,1.0,4,226,False
1999-12-10,0.19756405445894412,1.0,4,227,False
1999-12-13,0.19756405445894412,1.0,4,228,False
1999-12-14,0.19756405445894412,1.0,4,229,False
1999-12-15,0.19756405445894412,1.0,4,230,False
1999-12-16,0.19756405445894412,1.0,4,231,False
1999-12-17,0.19756405445894412,1.0,4,232,False
1999-12-20,0.19756405445894412,1.0,4,233,False
1999-12-21,0.19756405445894412,1.0,4,234,False
1999-12-22,0.19756405445894412,1.0,4,235,False
1999-12-23,0.19756405445894412,1.0,4,236,False
1999-12-27,0.19756405445894412,1.0,4,237,False
1999-12-28,0.19756405445894412,1.0,4,238,False
1999-12-29,0.19756405445894412,1.0,4,239,False
1999-12-30,0.19756405445894412,1.0,4,240,False
1999-12-31,0.19756405445894412,1.0,4,241,False
2000-01-03,0.19756405445894412,1.0,4,242,False
2000-01-04,0.19756405445894412,1.0,4,243,False
2000-01-05,0.19756405445894412,1.0,4,244,False
2000-01-06,0.19756405445894412,1.0,4,245,False
2000-01-07,0.19756405445894412,1.0,4,246,False
2000-01-10,0.19756405445894412,1.0,4,247,False
2000-01-11,0.19756405445894412,1.0,4,248,False
2000-01-12,0.19756405445894412,1.0,4,249,False
2000-01-13,0.19756405445894412,1.0,4,250,False
2000-01-14,0.19756405445894412,1.0,4,251,False
2000-01-18,0.19756405445894412,1.0,4,252,False
2000-01-19,0.19756405445894412,1.0,4,253,False
2000-01-20,0.19756405445894412,1.0,4,254,False
2000-01-21,0.19756405445894412,1.0,4,255,False
2000-01-24,0.19756405445894412,1.0,4,256,False
2000-01-25,0.19756405445894412,1.0,4,257,False
2000-01-26,0.19756405445894412,1.0,4,258,False
2000-01-27,0.19756405445894412,1.0,4,259,False
2000-01-28,0.19756405445894412,1.0,4,260,False
2000-01-31,0.19756405445894412,1.0,4,261,False
2000-02-01,0.19756405445894412,1.0,4,262,False
2000-02-02,0.19756405445894412,1.0,4,263,False
2000-02-03,0.19756405445894412,1.0,4,264,False
2000-02-04,0.19756405445894412,1.0,4,265,False
2000-02-07,0.19756405445894412,1.0,4,266,False
2000-02-08,0.19756405445894412,1.0,4,267,False
2000-02-09,0.19756405445894412,1.0,4,268,False
2000-02-10,0.19756405445894412,1.0,4,269,False
2000-02-11,0.19756405445894412,1.0,4,270,False
2000-02-14,0.19756405445894412,1.0,4,271,False
2000-02-15,0.19756405445894412,1.0,4,272,False
2000-02-16,0.19756405445894412,1.0,4,273,False
2000-02-17,0.19756405445894412,1.0,4,274,False
2000-02-18,0.19756405445894412,1.0,4,275,False
2000-02-22,0.19756405445894412,1.0,4,276,False
2000-02-23,0.19756405445894412,1.0,4,277,False
2000-02-24,0.19756405445894412,1.0,4,278,False
2000-02-25,0.19756405445894412,1.0,4,279,False
2000-02-28,0.19756405445894412,1.0,4,280,False
2000-02-29,0.19756405445894412,1.0,4,281,False
2000-03-01,0.19756405445894412,1.0,4,282,False
2000-03-02,0.19756405445894412,1.0,4,283,False
2000-03-03,0.19756405445894412,1.0,4,284,False
2000-03-06,0.19756405445894412,1.0,4,285,False
2000-03-07,0.19756405445894412,1.0,4,286,False
2000-03-08,0.19756405445894412,1.0,4,287,False
2000-03-09,0.19756405445894412,1.0,4,288,False
2000-03-10,0.19756405445894412,1.0,4,289,False
2000-03-13,0.19756405445894412,1.0,4,290,False
2000-03-14,0.19756405445894412,1.0,4,291,False
2000-03-15,0.19756405445894412,1.0,4,292,False
2000-03-16,0.19756405445894412,1.0,4,293,False
2000-03-17,0.19756405445894412,1.0,4,294,False
2000-03-20,0.19756405445894412,1.0,4,295,False
2000-03-21,0.19756405445894412,1.0,4,296,False
2000-03-22,0.19756405445894412,1.0,4,297,False
2000-03-23,0.19756405445894412,1.0,4,298,False
2000-03-24,0.19756405445894412,1.0,4,299,False
2000-03-27,0.19756405445894412,1.0,4,300,False
2000-03-28,0.19756405445894412,1.0,4,301,False
2000-03-29,0.19756405445894412,1.0,4,302,False
2000-03-30,0.19756405445894412,1.0,4,303,False
2000-03-31,0.19756405445894412,1.0,4,304,False
2000-04-03,0.19756405445894412,1.0,4,305,False
2000-04-04,0.19756405445894412,1.0,4,306,False
2000-04-05,0.19756405445894412,1.0,4,307,False
2000-04-06,0.19756405445894412,1.0,4,308,False
2000-04-07,0.19756405445894412,1.0,4,309,False
2000-04-10,0.19756405445894412,1.0,4,310,False
2000-04-11,0.19756405445894412,1.0,4,311,False
2000-04-12,0.19756405445894412,1.0,4,312,False
2000-04-13,0.19756405445894412,1.0,4,313,False
2000-04-14,0.19756405445894412,1.0,4,314,False
2000-04-17,0.19756405445894412,1.0,4,315,False
2000-04-18,0.19756405445894412,1.0,4,316,False
2000-04-19,0.19756405445894412,1.0,4,317,False
2000-04-20,0.19756405445894412,1.0,4,318,False
2000-04-24,0.19756405445894412,1.0,4,319,False
2000-04-25,0.19756405445894412,1.0,4,320,False
2000-04-26,0.19756405445894412,1.0,4,321,False
2000-04-27,0.19756405445894412,1.0,4,322,False
2000-04-28,0.19756405445894412,1.0,4,323,False
2000-05-01,0.19756405445894412,1.0,4,324,False
2000-05-02,0.19756405445894412,1.0,4,325,False
2000-05-03,0.19756405445894412,1.0,4,326,False
2000-05-04,0.19756405445894412,1.0,4,327,False
2000-05-05,0.19756405445894412,1.0,4,328,False
2000-05-08,0.19756405445894412,1.0,4,329,False
2000-05-09,0.19756405445894412,1.0,4,330,False
2000-05-10,0.19756405445894412,1.0,4,331,False
2000-05-11,0.19756405445894412,1.0,4,332,False
2000-05-12,0.19756405445894412,1.0,4,333,False
2000-05-15,0.19756405445894412,1.0,4,334,False
2000-05-16,0.19756405445894412,1.0,4,335,False
2000-05-17,0.19756405445894412,1.0,4,336,False
2000-05-18,0.19756405445894412,1.0,4,337,False
2000-05-19,0.19756405445894412,1.0,4,338,False
2000-05-22,0.19756405445894412,1.0,4,339,False
2000-05-23,0.19756405445894412,1.0,4,340,False
2000-05-24,0.19756405445894412,1.0,4,341,False
2000-05-25,0.19756405445894412,1.0,4,342,False
2000-05-26,0.19756405445894412,1.0,4,343,False
2000-05-30,0.19756405445894412,1.0,4,344,False
2000-05-31,0.19756405445894412,1.0,4,345,False
2000-06-01,0.19756405445894412,1.0,4,346,False
2000-06-02,0.19756405445894412,1.0,4,347,False
2000-06-05,0.19756405445894412,1.0,4,348,False
2000-06-06,0.19756405445894412,1.0,4,349,False
2000-06-07,0.19756405445894412,1.0,4,350,False
2000-06-08,0.19756405445894412,1.0,4,351,False
2000-06-09,0.19756405445894412,1.0,4,352,False
2000-06-12,0.19756405445894412,1.0,4,353,False
2000-06-13,0.19756405445894412,1.0,4,354,False
2000-06-14,0.19756405445894412,1.0,4,355,False
2000-06-15,0.19756405445894412,1.0,4,356,False
2000-06-16,0.19756405445894412,1.0,4,357,False
2000-06-19,0.19756405445894412,1.0,4,358,False
2000-06-20,0.19756405445894412,1.0,4,359,False
2000-06-21,0.19756405445894412,1.0,4,360,False
2000-06-22,0.19756405445894412,1.0,4,361,False
2000-06-23,0.19756405445894412,1.0,4,362,False
2000-06-26,0.19756405445894412,1.0,4,363,False
2000-06-27,0.19756405445894412,1.0,4,364,False
2000-06-28,0.19756405445894412,1.0,4,365,False
2000-06-29,0.19756405445894412,1.0,4,366,False
2000-06-30,0.19756405445894412,1.0,4,367,False
2000-07-03,0.19756405445894412,1.0,4,368,False
2000-07-05,0.19756405445894412,1.0,4,369,False
2000-07-06,0.19756405445894412,1.0,4,370,False
2000-07-07,0.19756405445894412,1.0,4,371,False
2000-07-10,0.19756405445894412,1.0,4,372,False
2000-07-11,0.19756405445894412,1.0,4,373,False
2000-07-12,0.19756405445894412,1.0,4,374,False
2000-07-13,0.19756405445894412,1.0,4,375,False
2000-07-14,0.19756405445894412,1.0,4,376,False
2000-07-17,0.19756405445894412,1.0,4,377,False
2000-07-18,0.19756405445894412,1.0,4,378,False
2000-07-19,0.19756405445894412,1.0,4,379,False
2000-07-20,0.19756405445894412,1.0,4,380,False
2000-07-21,0.19756405445894412,1.0,4,381,False
2000-07-24,0.19756405445894412,1.0,4,382,False
2000-07-25,0.19756405445894412,1.0,4,383,False
2000-07-26,0.19756405445894412,1.0,4,384,False
2000-07-27,0.18037362059292775,1.0,5,50,True
2000-07-28,0.18037362059292775,1.0,5,51,False
2000-07-31,0.18037362059292775,1.0,5,52,False
2000-08-01,0.18037362059292775,1.0,5,53,False
2000-08-02,0.18037362059292775,1.0,5,54,False
2000-08-03,0.18037362059292775,1.0,5,55,False
2000-08-04,0.18037362059292775,1.0,5,56,False
2000-08-07,0.18037362059292775,1.0,5,57,False
2000-08-08,0.18037362059292775,1.0,5,58,False
2000-08-09,0.18037362059292775,1.0,5,59,False
2000-08-10,0.18037362059292775,1.0,5,60,False
2000-08-11,0.18037362059292775,1.0,5,61,False
2000-08-14,0.18037362059292775,1.0,5,62,False
2000-08-15,0.18037362059292775,1.0,5,63,False
2000-08-16,0.18037362059292775,1.0,5,64,False
2000-08-17,0.18037362059292775,1.0,5,65,False
2000-08-18,0.18037362059292775,1.0,5,66,False
2000-08-21,0.18037362059292775,1.0,5,67,False
2000-08-22,0.18037362059292775,1.0,5,68,False
2000-08-23,0.18037362059292775,1.0,5,69,False
2000-08-24,0.18037362059292775,1.0,5,70,False
2000-08-25,0.18037362059292775,1.0,5,71,False
2000-08-28,0.18037362059292775,1.0,5,72,False
2000-08-29,0.18037362059292775,1.0,5,73,False
2000-08-30,0.18037362059292775,1.0,5,74,False
2000-08-31,0.18037362059292775,1.0,5,75,False
2000-09-01,0.18037362059292775,1.0,5,76,False
2000-09-05,0.18037362059292775,1.0,5,77,False
2000-09-06,0.18037362059292775,1.0,5,78,False
2000-09-07,0.18037362059292775,1.0,5,79,False
2000-09-08,0.18037362059292775,1.0,5,80,False
2000-09-11,0.18037362059292775,1.0,5,81,False
2000-09-12,0.18037362059292775,1.0,5,82,False
2000-09-13,0.18037362059292775,1.0,5,83,False
2000-09-14,0.18037362059292775,1.0,5,84,False
2000-09-15,0.18037362059292775,1.0,5,85,False
2000-09-18,0.18037362059292775,1.0,5,86,False
2000-09-19,0.18037362059292775,1.0,5,87,False
2000-09-20,0.18037362059292775,1.0,5,88,False
2000-09-21,0.18037362059292775,1.0,5,89,False
2000-09-22,0.18037362059292775,1.0,5,90,False
2000-09-25,0.18037362059292775,1.0,5,91,False
2000-09-26,0.18037362059292775,1.0,5,92,False
2000-09-27,0.18037362059292775,1.0,5,93,False
2000-09-28,0.18037362059292775,1.0,5,94,False
2000-09-29,0.18037362059292775,1.0,5,95,False
2000-10-02,0.18037362059292775,1.0,5,96,False
2000-10-03,0.18037362059292775,1.0,5,97,False
2000-10-04,0.18037362059292775,1.0,5,98,False
2000-10-05,0.18037362059292775,1.0,5,99,False
2000-10-06,0.18037362059292775,1.0,5,100,False
2000-10-09,0.18037362059292775,1.0,5,101,False
2000-10-10,0.18037362059292775,1.0,5,102,False
2000-10-11,0.18037362059292775,1.0,5,103,False
2000-10-12,0.18037362059292775,1.0,5,104,False
2000-10-13,0.18037362059292775,1.0,5,105,False
2000-10-16,0.18037362059292775,1.0,5,106,False
2000-10-17,0.18037362059292775,1.0,5,107,False
2000-10-18,0.18037362059292775,1.0,5,108,False
2000-10-19,0.18037362059292775,1.0,5,109,False
2000-10-20,0.18037362059292775,1.0,5,110,False
2000-10-23,0.18037362059292775,1.0,5,111,False
2000-10-24,0.18037362059292775,1.0,5,112,False
2000-10-25,0.18037362059292775,1.0,5,113,False
2000-10-26,0.2558154540565678,0.0,6,20,True
2000-10-27,0.2558154540565678,0.0,6,21,False
2000-10-30,0.2558154540565678,0.0,6,22,False
2000-10-31,0.2558154540565678,0.0,6,23,False
2000-11-01,0.2558154540565678,0.0,6,24,False
2000-11-02,0.2558154540565678,0.0,6,25,False
2000-11-03,0.2558154540565678,0.0,6,26,False
2000-11-06,0.2558154540565678,0.0,6,27,False
2000-11-07,0.2558154540565678,0.0,6,28,False
2000-11-08,0.2558154540565678,0.0,6,29,False
2000-11-09,0.2558154540565678,0.0,6,30,False
2000-11-10,0.2558154540565678,0.0,6,31,False
2000-11-13,0.2558154540565678,0.0,6,32,False
2000-11-14,0.2558154540565678,0.0,6,33,False
2000-11-15,0.2558154540565678,0.0,6,34,False
2000-11-16,0.2558154540565678,0.0,6,35,False
2000-11-17,0.2558154540565678,0.0,6,36,False
2000-11-20,0.2558154540565678,0.0,6,37,False
2000-11-21,0.2558154540565678,0.0,6,38,False
2000-11-22,0.2558154540565678,0.0,6,39,False
2000-11-24,0.2558154540565678,0.0,6,40,False
2000-11-27,0.2558154540565678,0.0,6,41,False
2000-11-28,0.2558154540565678,0.0,6,42,False
2000-11-29,0.2558154540565678,0.0,6,43,False
2000-11-30,0.2558154540565678,0.0,6,44,False
2000-12-01,0.2558154540565678,0.0,6,45,False
2000-12-04,0.2558154540565678,0.0,6,46,False
2000-12-05,0.2558154540565678,0.0,6,47,False
2000-12-06,0.2558154540565678,0.0,6,48,False
2000-12-07,0.2558154540565678,0.0,6,49,False
2000-12-08,0.2558154540565678,0.0,6,50,False
2000-12-11,0.2558154540565678,0.0,6,51,False
2000-12-12,0.2558154540565678,0.0,6,52,False
2000-12-13,0.2558154540565678,0.0,6,53,False
2000-12-14,0.2558154540565678,0.0,6,54,False
2000-12-15,0.2558154540565678,0.0,6,55,False
2000-12-18,0.2558154540565678,0.0,6,56,False
2000-12-19,0.2558154540565678,0.0,6,57,False
2000-12-20,0.2558154540565678,0.0,6,58,False
2000-12-21,0.2558154540565678,0.0,6,59,False
2000-12-22,0.2558154540565678,0.0,6,60,False
2000-12-26,0.2558154540565678,0.0,6,61,False
2000-12-27,0.2558154540565678,0.0,6,62,False
2000-12-28,0.2558154540565678,0.0,6,63,False
2000-12-29,0.2558154540565678,0.0,6,64,False
2001-01-02,0.2558154540565678,0.0,6,65,False
2001-01-03,0.2558154540565678,0.0,6,66,False
2001-01-04,0.2558154540565678,0.0,6,67,False
2001-01-05,0.2558154540565678,0.0,6,68,False
2001-01-08,0.2558154540565678,0.0,6,69,False
2001-01-09,0.2558154540565678,0.0,6,70,False
2001-01-10,0.2558154540565678,0.0,6,71,False
2001-01-11,0.2558154540565678,0.0,6,72,False
2001-01-12,0.2558154540565678,0.0,6,73,False
2001-01-16,0.2558154540565678,0.0,6,74,False
2001-01-17,0.2558154540565678,0.0,6,75,False
2001-01-18,0.2558154540565678,0.0,6,76,False
2001-01-19,0.2558154540565678,0.0,6,77,False
2001-01-22,0.2558154540565678,0.0,6,78,False
2001-01-23,0.2558154540565678,0.0,6,79,False
2001-01-24,0.2558154540565678,0.0,6,80,False
2001-01-25,0.2558154540565678,0.0,6,81,False
2001-01-26,0.2558154540565678,0.0,6,82,False
2001-01-29,0.2558154540565678,0.0,6,83,False
2001-01-30,0.2558154540565678,0.0,6,84,False
2001-01-31,0.2558154540565678,0.0,6,85,False
2001-02-01,0.2558154540565678,0.0,6,86,False
2001-02-02,0.2558154540565678,0.0,6,87,False
2001-02-05,0.2558154540565678,0.0,6,88,False
2001-02-06,0.2558154540565678,0.0,6,89,False
2001-02-07,0.2558154540565678,0.0,6,90,False
2001-02-08,0.2558154540565678,0.0,6,91,False
2001-02-09,0.2558154540565678,0.0,6,92,False
2001-02-12,0.2558154540565678,0.0,6,93,False
2001-02-13,0.1314582554959898,1.0,7,20,True
2001-02-14,0.1314582554959898,1.0,7,21,False
2001-02-15,0.1314582554959898,1.0,7,22,False
2001-02-16,0.1314582554959898,1.0,7,23,False
2001-02-20,0.1314582554959898,1.0,7,24,False
2001-02-21,0.1314582554959898,1.0,7,25,False
2001-02-22,0.1314582554959898,1.0,7,26,False
2001-02-23,0.1314582554959898,1.0,7,27,False
2001-02-26,0.1314582554959898,1.0,7,28,False
2001-02-27,0.1314582554959898,1.0,7,29,False
2001-02-28,0.1314582554959898,1.0,7,30,False
2001-03-01,0.1314582554959898,1.0,7,31,False
2001-03-02,0.1314582554959898,1.0,7,32,False
2001-03-05,0.1314582554959898,1.0,7,33,False
2001-03-06,0.1314582554959898,1.0,7,34,False
2001-03-07,0.1314582554959898,1.0,7,35,False
2001-03-08,0.1314582554959898,1.0,7,36,False
2001-03-09,0.1314582554959898,1.0,7,37,False
2001-03-12,0.1314582554959898,1.0,7,38,False
2001-03-13,0.1314582554959898,1.0,7,39,False
2001-03-14,0.1314582554959898,1.0,7,40,False
2001-03-15,0.1314582554959898,1.0,7,41,False
2001-03-16,0.1314582554959898,1.0,7,42,False
2001-03-19,0.1314582554959898,1.0,7,43,False
2001-03-20,0.1314582554959898,1.0,7,44,False
2001-03-21,0.1314582554959898,1.0,7,45,False
2001-03-22,0.1314582554959898,1.0,7,46,False
2001-03-23,0.1314582554959898,1.0,7,47,False
2001-03-26,0.1314582554959898,1.0,7,48,False
2001-03-27,0.27169471058770245,0.0,8,27,True
2001-03-28,0.27169471058770245,0.0,8,28,False
2001-03-29,0.27169471058770245,0.0,8,29,False
2001-03-30,0.27169471058770245,0.0,8,30,False
2001-04-02,0.27169471058770245,0.0,8,31,False
2001-04-03,0.27169471058770245,0.0,8,32,False
2001-04-04,0.27169471058770245,0.0,8,33,False
2001-04-05,0.27169471058770245,0.0,8,34,False
2001-04-06,0.27169471058770245,0.0,8,35,False
2001-04-09,0.27169471058770245,0.0,8,36,False
2001-04-10,0.27169471058770245,0.0,8,37,False
2001-04-11,0.27169471058770245,0.0,8,38,False
2001-04-12,0.27169471058770245,0.0,8,39,False
2001-04-16,0.27169471058770245,0.0,8,40,False
2001-04-17,0.27169471058770245,0.0,8,41,False
2001-04-18,0.27169471058770245,0.0,8,42,False
2001-04-19,0.27169471058770245,0.0,8,43,False
2001-04-20,0.27169471058770245,0.0,8,44,False
2001-04-23,0.27169471058770245,0.0,8,45,False
2001-04-24,0.27169471058770245,0.0,8,46,False
2001-04-25,0.27169471058770245,0.0,8,47,False
2001-04-26,0.27169471058770245,0.0,8,48,False
2001-04-27,0.27169471058770245,0.0,8,49,False
2001-04-30,0.27169471058770245,0.0,8,50,False
2001-05-01,0.27169471058770245,0.0,8,51,False
2001-05-02,0.27169471058770245,0.0,8,52,False
2001-05-03,0.27169471058770245,0.0,8,53,False
2001-05-04,0.27169471058770245,0.0,8,54,False
2001-05-07,0.27169471058770245,0.0,8,55,False
2001-05-08,0.27169471058770245,0.0,8,56,False
2001-05-09,0.27169471058770245,0.0,8,57,False
2001-05-10,0.27169471058770245,0.0,8,58,False
2001-05-11,0.27169471058770245,0.0,8,59,False
2001-05-14,0.27169471058770245,0.0,8,60,False
2001-05-15,0.27169471058770245,0.0,8,61,False
2001-05-16,0.27169471058770245,0.0,8,62,False
2001-05-17,0.27169471058770245,0.0,8,63,False
2001-05-18,0.27169471058770245,0.0,8,64,False
2001-05-21,0.27169471058770245,0.0,8,65,False
2001-05-22,0.27169471058770245,0.0,8,66,False
2001-05-23,0.27169471058770245,0.0,8,67,False
2001-05-24,0.27169471058770245,0.0,8,68,False
2001-05-25,0.27169471058770245,0.0,8,69,False
2001-05-29,0.27169471058770245,0.0,8,70,False
2001-05-30,0.27169471058770245,0.0,8,71,False
2001-05-31,0.27169471058770245,0.0,8,72,False
2001-06-01,0.27169471058770245,0.0,8,73,False
2001-06-04,0.27169471058770245,0.0,8,74,False
2001-06-05,0.27169471058770245,0.0,8,75,False
2001-06-06,0.27169471058770245,0.0,8,76,False
2001-06-07,0.27169471058770245,0.0,8,77,False
2001-06-08,0.27169471058770245,0.0,8,78,False
2001-06-11,0.27169471058770245,0.0,8,79,False
2001-06-12,0.27169471058770245,0.0,8,80,False
2001-06-13,0.27169471058770245,0.0,8,81,False
2001-06-14,0.27169471058770245,0.0,8,82,False
2001-06-15,0.27169471058770245,0.0,8,83,False
2001-06-18,0.27169471058770245,0.0,8,84,False
2001-06-19,0.27169471058770245,0.0,8,85,False
2001-06-20,0.27169471058770245,0.0,8,86,False
2001-06-21,0.27169471058770245,0.0,8,87,False
2001-06-22,0.27169471058770245,0.0,8,88,False
2001-06-25,0.27169471058770245,0.0,8,89,False
2001-06-26,0.27169471058770245,0.0,8,90,False
2001-06-27,0.27169471058770245,0.0,8,91,False
2001-06-28,0.27169471058770245,0.0,8,92,False
2001-06-29,0.27169471058770245,0.0,8,93,False
2001-07-02,0.27169471058770245,0.0,8,94,False
2001-07-03,0.27169471058770245,0.0,8,95,False
2001-07-05,0.27169471058770245,0.0,8,96,False
2001-07-06,0.27169471058770245,0.0,8,97,False
2001-07-09,0.27169471058770245,0.0,8,98,False
2001-07-10,0.27169471058770245,0.0,8,99,False
2001-07-11,0.27169471058770245,0.0,8,100,False
2001-07-12,0.27169471058770245,0.0,8,101,False
2001-07-13,0.27169471058770245,0.0,8,102,False
2001-07-16,0.27169471058770245,0.0,8,103,False
2001-07-17,0.27169471058770245,0.0,8,104,False
2001-07-18,0.27169471058770245,0.0,8,105,False
2001-07-19,0.27169471058770245,0.0,8,106,False
2001-07-20,0.27169471058770245,0.0,8,107,False
2001-07-23,0.27169471058770245,0.0,8,108,False
2001-07-24,0.27169471058770245,0.0,8,109,False
2001-07-25,0.27169471058770245,0.0,8,110,False
2001-07-26,0.27169471058770245,0.0,8,111,False
2001-07-27,0.27169471058770245,0.0,8,112,False
2001-07-30,0.27169471058770245,0.0,8,113,False
2001-07-31,0.27169471058770245,0.0,8,114,False
2001-08-01,0.27169471058770245,0.0,8,115,False
2001-08-02,0.27169471058770245,0.0,8,116,False
2001-08-03,0.27169471058770245,0.0,8,117,False
2001-08-06,0.27169471058770245,0.0,8,118,False
2001-08-07,0.27169471058770245,0.0,8,119,False
2001-08-08,0.27169471058770245,0.0,8,120,False
2001-08-09,0.27169471058770245,0.0,8,121,False
2001-08-10,0.27169471058770245,0.0,8,122,False
2001-08-13,0.27169471058770245,0.0,8,123,False
2001-08-14,0.27169471058770245,0.0,8,124,False
2001-08-15,0.27169471058770245,0.0,8,125,False
2001-08-16,0.27169471058770245,0.0,8,126,False
2001-08-17,0.27169471058770245,0.0,8,127,False
2001-08-20,0.27169471058770245,0.0,8,128,False
2001-08-21,0.27169471058770245,0.0,8,129,False
2001-08-22,0.27169471058770245,0.0,8,130,False
2001-08-23,0.27169471058770245,0.0,8,131,False
2001-08-24,0.27169471058770245,0.0,8,132,False
2001-08-27,0.27169471058770245,0.0,8,133,False
2001-08-28,0.27169471058770245,0.0,8,134,False
2001-08-29,0.27169471058770245,0.0,8,135,False
2001-08-30,0.27169471058770245,0.0,8,136,False
2001-08-31,0.27169471058770245,0.0,8,137,False
2001-09-04,0.27169471058770245,0.0,8,138,False
2001-09-05,0.27169471058770245,0.0,8,139,False
2001-09-06,0.27169471058770245,0.0,8,140,False
2001-09-07,0.27169471058770245,0.0,8,141,False
2001-09-10,0.27169471058770245,0.0,8,142,False
2001-09-17,0.27169471058770245,0.0,8,143,False
2001-09-18,0.27169471058770245,0.0,8,144,False
2001-09-19,0.27169471058770245,0.0,8,145,False
2001-09-20,0.27169471058770245,0.0,8,146,False
2001-09-21,0.27169471058770245,0.0,8,147,False
2001-09-24,0.27169471058770245,0.0,8,148,False
2001-09-25,0.27169471058770245,0.0,8,149,False
2001-09-26,0.27169471058770245,0.0,8,150,False
2001-09-27,0.27169471058770245,0.0,8,151,False
2001-09-28,0.27169471058770245,0.0,8,152,False
2001-10-01,0.27169471058770245,0.0,8,153,False
2001-10-02,0.27169471058770245,0.0,8,154,False
2001-10-03,0.27169471058770245,0.0,8,155,False
2001-10-04,0.27169471058770245,0.0,8,156,False
2001-10-05,0.27169471058770245,0.0,8,157,False
2001-10-08,0.27169471058770245,0.0,8,158,False
2001-10-09,0.27169471058770245,0.0,8,159,False
2001-10-10,0.27169471058770245,0.0,8,160,False
2001-10-11,0.27169471058770245,0.0,8,161,False
2001-10-12,0.27169471058770245,0.0,8,162,False
2001-10-15,0.27169471058770245,0.0,8,163,False
2001-10-16,0.27169471058770245,0.0,8,164,False
2001-10-17,0.27169471058770245,0.0,8,165,False
2001-10-18,0.27169471058770245,0.0,8,166,False
2001-10-19,0.27169471058770245,0.0,8,167,False
2001-10-22,0.27169471058770245,0.0,8,168,False
2001-10-23,0.27169471058770245,0.0,8,169,False
2001-10-24,0.27169471058770245,0.0,8,170,False
2001-10-25,0.27169471058770245,0.0,8,171,False
2001-10-26,0.27169471058770245,0.0,8,172,False
2001-10-29,0.27169471058770245,0.0,8,173,False
2001-10-30,0.27169471058770245,0.0,8,174,False
2001-10-31,0.27169471058770245,0.0,8,175,False
2001-11-01,0.27169471058770245,0.0,8,176,False
2001-11-02,0.27169471058770245,0.0,8,177,False
2001-11-05,0.27169471058770245,0.0,8,178,False
2001-11-06,0.27169471058770245,0.0,8,179,False
2001-11-07,0.27169471058770245,0.0,8,180,False
2001-11-08,0.27169471058770245,0.0,8,181,False
2001-11-09,0.27169471058770245,0.0,8,182,False
2001-11-12,0.27169471058770245,0.0,8,183,False
2001-11-13,0.27169471058770245,0.0,8,184,False
2001-11-14,0.27169471058770245,0.0,8,185,False
2001-11-15,0.27169471058770245,0.0,8,186,False
2001-11-16,0.27169471058770245,0.0,8,187,False
2001-11-19,0.27169471058770245,0.0,8,188,False
2001-11-20,0.27169471058770245,0.0,8,189,False
2001-11-21,0.27169471058770245,0.0,8,190,False
2001-11-23,0.27169471058770245,0.0,8,191,False
2001-11-26,0.27169471058770245,0.0,8,192,False
2001-11-27,0.27169471058770245,0.0,8,193,False
2001-11-28,0.27169471058770245,0.0,8,194,False
2001-11-29,0.27169471058770245,0.0,8,195,False
2001-11-30,0.27169471058770245,0.0,8,196,False
2001-12-03,0.27169471058770245,0.0,8,197,False
2001-12-04,0.27169471058770245,0.0,8,198,False
2001-12-05,0.27169471058770245,0.0,8,199,False
2001-12-06,0.27169471058770245,0.0,8,200,False
2001-12-07,0.27169471058770245,0.0,8,201,False
2001-12-10,0.27169471058770245,0.0,8,202,False
2001-12-11,0.27169471058770245,0.0,8,203,False
2001-12-12,0.27169471058770245,0.0,8,204,False
2001-12-13,0.27169471058770245,0.0,8,205,False
2001-12-14,0.27169471058770245,0.0,8,206,False
2001-12-17,0.27169471058770245,0.0,8,207,False
2001-12-18,0.27169471058770245,0.0,8,208,False
2001-12-19,0.27169471058770245,0.0,8,209,False
2001-12-20,0.27169471058770245,0.0,8,210,False
2001-12-21,0.27169471058770245,0.0,8,211,False
2001-12-24,0.27169471058770245,0.0,8,212,False
2001-12-26,0.27169471058770245,0.0,8,213,False
2001-12-27,0.27169471058770245,0.0,8,214,False
2001-12-28,0.27169471058770245,0.0,8,215,False
2001-12-31,0.27169471058770245,0.0,8,216,False
2002-01-02,0.27169471058770245,0.0,8,217,False
2002-01-03,0.27169471058770245,0.0,8,218,False
2002-01-04,0.27169471058770245,0.0,8,219,False
2002-01-07,0.27169471058770245,0.0,8,220,False
2002-01-08,0.27169471058770245,0.0,8,221,False
2002-01-09,0.27169471058770245,0.0,8,222,False
2002-01-10,0.27169471058770245,0.0,8,223,False
2002-01-11,0.27169471058770245,0.0,8,224,False
2002-01-14,0.27169471058770245,0.0,8,225,False
2002-01-15,0.27169471058770245,0.0,8,226,False
2002-01-16,0.27169471058770245,0.0,8,227,False
2002-01-17,0.27169471058770245,0.0,8,228,False
2002-01-18,0.27169471058770245,0.0,8,229,False
2002-01-22,0.27169471058770245,0.0,8,230,False
2002-01-23,0.27169471058770245,0.0,8,231,False
2002-01-24,0.27169471058770245,0.0,8,232,False
2002-01-25,0.27169471058770245,0.0,8,233,False
2002-01-28,0.27169471058770245,0.0,8,234,False
2002-01-29,0.27169471058770245,0.0,8,235,False
2002-01-30,0.27169471058770245,0.0,8,236,False
2002-01-31,0.27169471058770245,0.0,8,237,False
2002-02-01,0.27169471058770245,0.0,8,238,False
2002-02-04,0.27169471058770245,0.0,8,239,False
2002-02-05,0.27169471058770245,0.0,8,240,False
2002-02-06,0.27169471058770245,0.0,8,241,False
2002-02-07,0.27169471058770245,0.0,8,242,False
2002-02-08,0.27169471058770245,0.0,8,243,False
2002-02-11,0.27169471058770245,0.0,8,244,False
2002-02-12,0.27169471058770245,0.0,8,245,False
2002-02-13,0.27169471058770245,0.0,8,246,False
2002-02-14,0.27169471058770245,0.0,8,247,False
2002-02-15,0.27169471058770245,0.0,8,248,False
2002-02-19,0.27169471058770245,0.0,8,249,False
2002-02-20,0.27169471058770245,0.0,8,250,False
2002-02-21,0.27169471058770245,0.0,8,251,False
2002-02-22,0.27169471058770245,0.0,8,252,False
2002-02-25,0.27169471058770245,0.0,8,253,False
2002-02-26,0.27169471058770245,0.0,8,254,False
2002-02-27,0.27169471058770245,0.0,8,255,False
2002-02-28,0.27169471058770245,0.0,8,256,False
2002-03-01,0.27169471058770245,0.0,8,257,False
2002-03-04,0.27169471058770245,0.0,8,258,False
2002-03-05,0.27169471058770245,0.0,8,259,False
2002-03-06,0.27169471058770245,0.0,8,260,False
2002-03-07,0.27169471058770245,0.0,8,261,False
2002-03-08,0.27169471058770245,0.0,8,262,False
2002-03-11,0.27169471058770245,0.0,8,263,False
2002-03-12,0.27169471058770245,0.0,8,264,False
2002-03-13,0.27169471058770245,0.0,8,265,False
2002-03-14,0.27169471058770245,0.0,8,266,False
2002-03-15,0.27169471058770245,0.0,8,267,False
2002-03-18,0.27169471058770245,0.0,8,268,False
2002-03-19,0.27169471058770245,0.0,8,269,False
2002-03-20,0.27169471058770245,0.0,8,270,False
2002-03-21,0.27169471058770245,0.0,8,271,False
2002-03-22,0.27169471058770245,0.0,8,272,False
2002-03-25,0.27169471058770245,0.0,8,273,False
2002-03-26,0.27169471058770245,0.0,8,274,False
2002-03-27,0.27169471058770245,0.0,8,275,False
2002-03-28,0.27169471058770245,0.0,8,276,False
2002-04-01,0.27169471058770245,0.0,8,277,False
2002-04-02,0.27169471058770245,0.0,8,278,False
2002-04-03,0.27169471058770245,0.0,8,279,False
2002-04-04,0.27169471058770245,0.0,8,280,False
2002-04-05,0.27169471058770245,0.0,8,281,False
2002-04-08,0.27169471058770245,0.0,8,282,False
2002-04-09,0.27169471058770245,0.0,8,283,False
2002-04-10,0.27169471058770245,0.0,8,284,False
2002-04-11,0.27169471058770245,0.0,8,285,False
2002-04-12,0.27169471058770245,0.0,8,286,False
2002-04-15,0.27169471058770245,0.0,8,287,False
2002-04-16,0.27169471058770245,0.0,8,288,False
2002-04-17,0.27169471058770245,0.0,8,289,False
2002-04-18,0.27169471058770245,0.0,8,290,False
2002-04-19,0.27169471058770245,0.0,8,291,False
2002-04-22,0.27169471058770245,0.0,8,292,False
2002-04-23,0.27169471058770245,0.0,8,293,False
2002-04-24,0.27169471058770245,0.0,8,294,False
2002-04-25,0.27169471058770245,0.0,8,295,False
2002-04-26,0.27169471058770245,0.0,8,296,False
2002-04-29,0.27169471058770245,0.0,8,297,False
2002-04-30,0.27169471058770245,0.0,8,298,False
2002-05-01,0.27169471058770245,0.0,8,299,False
2002-05-02,0.27169471058770245,0.0,8,300,False
2002-05-03,0.27169471058770245,0.0,8,301,False
2002-05-06,0.27169471058770245,0.0,8,302,False
2002-05-07,0.27169471058770245,0.0,8,303,False
2002-05-08,0.27169471058770245,0.0,8,304,False
2002-05-09,0.27169471058770245,0.0,8,305,False
2002-05-10,0.27169471058770245,0.0,8,306,False
2002-05-13,0.27169471058770245,0.0,8,307,False
2002-05-14,0.27169471058770245,0.0,8,308,False
2002-05-15,0.27169471058770245,0.0,8,309,False
2002-05-16,0.27169471058770245,0.0,8,310,False
2002-05-17,0.27169471058770245,0.0,8,311,False
2002-05-20,0.27169471058770245,0.0,8,312,False
2002-05-21,0.27169471058770245,0.0,8,313,False
2002-05-22,0.27169471058770245,0.0,8,314,False
2002-05-23,0.27169471058770245,0.0,8,315,False
2002-05-24,0.27169471058770245,0.0,8,316,False
2002-05-28,0.27169471058770245,0.0,8,317,False
2002-05-29,0.27169471058770245,0.0,8,318,False
2002-05-30,0.27169471058770245,0.0,8,319,False
2002-05-31,0.27169471058770245,0.0,8,320,False
2002-06-03,0.27169471058770245,0.0,8,321,False
2002-06-04,0.27169471058770245,0.0,8,322,False
2002-06-05,0.27169471058770245,0.0,8,323,False
2002-06-06,0.27169471058770245,0.0,8,324,False
2002-06-07,0.27169471058770245,0.0,8,325,False
2002-06-10,0.27169471058770245,0.0,8,326,False
2002-06-11,0.27169471058770245,0.0,8,327,False
2002-06-12,0.27169471058770245,0.0,8,328,False
2002-06-13,0.27169471058770245,0.0,8,329,False
2002-06-14,0.27169471058770245,0.0,8,330,False
2002-06-17,0.27169471058770245,0.0,8,331,False
2002-06-18,0.27169471058770245,0.0,8,332,False
2002-06-19,0.27169471058770245,0.0,8,333,False
2002-06-20,0.27169471058770245,0.0,8,334,False
2002-06-21,0.27169471058770245,0.0,8,335,False
2002-06-24,0.27169471058770245,0.0,8,336,False
2002-06-25,0.27169471058770245,0.0,8,337,False
2002-06-26,0.27169471058770245,0.0,8,338,False
2002-06-27,0.27169471058770245,0.0,8,339,False
2002-06-28,0.27169471058770245,0.0,8,340,False
2002-07-01,0.27169471058770245,0.0,8,341,False
2002-07-02,0.27169471058770245,0.0,8,342,False
2002-07-03,0.27169471058770245,0.0,8,343,False
2002-07-05,0.27169471058770245,0.0,8,344,False
2002-07-08,0.27169471058770245,0.0,8,345,False
2002-07-09,0.27169471058770245,0.0,8,346,False
2002-07-10,0.27169471058770245,0.0,8,347,False
2002-07-11,0.27169471058770245,0.0,8,348,False
2002-07-12,0.27169471058770245,0.0,8,349,False
2002-07-15,0.27169471058770245,0.0,8,350,False
2002-07-16,0.27169471058770245,0.0,8,351,False
2002-07-17,0.27169471058770245,0.0,8,352,False
2002-07-18,0.27169471058770245,0.0,8,353,False
2002-07-19,0.27169471058770245,0.0,8,354,False
2002-07-22,0.27169471058770245,0.0,8,355,False
2002-07-23,0.27169471058770245,0.0,8,356,False
2002-07-24,0.27169471058770245,0.0,8,357,False
2002-07-25,0.27169471058770245,0.0,8,358,False
2002-07-26,0.27169471058770245,0.0,8,359,False
2002-07-29,0.27169471058770245,0.0,8,360,False
2002-07-30,0.27169471058770245,0.0,8,361,False
2002-07-31,0.27169471058770245,0.0,8,362,False
2002-08-01,0.27169471058770245,0.0,8,363,False
2002-08-02,0.27169471058770245,0.0,8,364,False
2002-08-05,0.27169471058770245,0.0,8,365,False
2002-08-06,0.27169471058770245,0.0,8,366,False
2002-08-07,0.27169471058770245,0.0,8,367,False
2002-08-08,0.27169471058770245,0.0,8,368,False
2002-08-09,0.27169471058770245,0.0,8,369,False
2002-08-12,0.27169471058770245,0.0,8,370,False
2002-08-13,0.27169471058770245,0.0,8,371,False
2002-08-14,0.27169471058770245,0.0,8,372,False
2002-08-15,0.4609541412475032,0.0,9,19,True
2002-08-16,0.4609541412475032,0.0,9,20,False
2002-08-19,0.4609541412475032,0.0,9,21,False
2002-08-20,0.4609541412475032,0.0,9,22,False
2002-08-21,0.4609541412475032,0.0,9,23,False
2002-08-22,0.4609541412475032,0.0,9,24,False
2002-08-23,0.4609541412475032,0.0,9,25,False
2002-08-26,0.4609541412475032,0.0,9,26,False
2002-08-27,0.4609541412475032,0.0,9,27,False
2002-08-28,0.4609541412475032,0.0,9,28,False
2002-08-29,0.4609541412475032,0.0,9,29,False
2002-08-30,0.4609541412475032,0.0,9,30,False
2002-09-03,0.4609541412475032,0.0,9,31,False
2002-09-04,0.4609541412475032,0.0,9,32,False
2002-09-05,0.4609541412475032,0.0,9,33,False
2002-09-06,0.4609541412475032,0.0,9,34,False
2002-09-09,0.4609541412475032,0.0,9,35,False
2002-09-10,0.4609541412475032,0.0,9,36,False
2002-09-11,0.4609541412475032,0.0,9,37,False
2002-09-12,0.4609541412475032,0.0,9,38,False
2002-09-13,0.4609541412475032,0.0,9,39,False
2002-09-16,0.4609541412475032,0.0,9,40,False
2002-09-17,0.4609541412475032,0.0,9,41,False
2002-09-18,0.4609541412475032,0.0,9,42,False
2002-09-19,0.4609541412475032,0.0,9,43,False
2002-09-20,0.4609541412475032,0.0,9,44,False
2002-09-23,0.4609541412475032,0.0,9,45,False
2002-09-24,0.4609541412475032,0.0,9,46,False
2002-09-25,0.4609541412475032,0.0,9,47,False
2002-09-26,0.4609541412475032,0.0,9,48,False
2002-09-27,0.4609541412475032,0.0,9,49,False
2002-09-30,0.4609541412475032,0.0,9,50,False
2002-10-01,0.4609541412475032,0.0,9,51,False
2002-10-02,0.4609541412475032,0.0,9,52,False
2002-10-03,0.4609541412475032,0.0,9,53,False
2002-10-04,0.4609541412475032,0.0,9,54,False
2002-10-07,0.4609541412475032,0.0,9,55,False
2002-10-08,0.4609541412475032,0.0,9,56,False
2002-10-09,0.4609541412475032,0.0,9,57,False
2002-10-10,0.4609541412475032,0.0,9,58,False
2002-10-11,0.4609541412475032,0.0,9,59,False
2002-10-14,0.4609541412475032,0.0,9,60,False
2002-10-15,0.4609541412475032,0.0,9,61,False
2002-10-16,0.4609541412475032,0.0,9,62,False
2002-10-17,0.4609541412475032,0.0,9,63,False
2002-10-18,0.4609541412475032,0.0,9,64,False
2002-10-21,0.4609541412475032,0.0,9,65,False
2002-10-22,0.4609541412475032,0.0,9,66,False
2002-10-23,0.4609541412475032,0.0,9,67,False
2002-10-24,0.4609541412475032,0.0,9,68,False
2002-10-25,0.4609541412475032,0.0,9,69,False
2002-10-28,0.4609541412475032,0.0,9,70,False
2002-10-29,0.4609541412475032,0.0,9,71,False
2002-10-30,0.4609541412475032,0.0,9,72,False
2002-10-31,0.4609541412475032,0.0,9,73,False
2002-11-01,0.4609541412475032,0.0,9,74,False
2002-11-04,0.4609541412475032,0.0,9,75,False
2002-11-05,0.4609541412475032,0.0,9,76,False
2002-11-06,0.4609541412475032,0.0,9,77,False
2002-11-07,0.4609541412475032,0.0,9,78,False
2002-11-08,0.4609541412475032,0.0,9,79,False
2002-11-11,0.4609541412475032,0.0,9,80,False
2002-11-12,0.4609541412475032,0.0,9,81,False
2002-11-13,0.4609541412475032,0.0,9,82,False
2002-11-14,0.4609541412475032,0.0,9,83,False
2002-11-15,0.4609541412475032,0.0,9,84,False
2002-11-18,0.4609541412475032,0.0,9,85,False
2002-11-19,0.4609541412475032,0.0,9,86,False
2002-11-20,0.4609541412475032,0.0,9,87,False
2002-11-21,0.4609541412475032,0.0,9,88,False
2002-11-22,0.4609541412475032,0.0,9,89,False
2002-11-25,0.4609541412475032,0.0,9,90,False
2002-11-26,0.4609541412475032,0.0,9,91,False
2002-11-27,0.4609541412475032,0.0,9,92,False
2002-11-29,0.4609541412475032,0.0,9,93,False
2002-12-02,0.4609541412475032,0.0,9,94,False
2002-12-03,0.4609541412475032,0.0,9,95,False
2002-12-04,0.4609541412475032,0.0,9,96,False
2002-12-05,0.4609541412475032,0.0,9,97,False
2002-12-06,0.4609541412475032,0.0,9,98,False
2002-12-09,0.4609541412475032,0.0,9,99,False
2002-12-10,0.4609541412475032,0.0,9,100,False
2002-12-11,0.4609541412475032,0.0,9,101,False
2002-12-12,0.4609541412475032,0.0,9,102,False
2002-12-13,0.4609541412475032,0.0,9,103,False
2002-12-16,0.4609541412475032,0.0,9,104,False
2002-12-17,0.4609541412475032,0.0,9,105,False
2002-12-18,0.4609541412475032,0.0,9,106,False
2002-12-19,0.4609541412475032,0.0,9,107,False
2002-12-20,0.4609541412475032,0.0,9,108,False
2002-12-23,0.4609541412475032,0.0,9,109,False
2002-12-24,0.4609541412475032,0.0,9,110,False
2002-12-26,0.4609541412475032,0.0,9,111,False
2002-12-27,0.4609541412475032,0.0,9,112,False
2002-12-30,0.4609541412475032,0.0,9,113,False
2002-12-31,0.4609541412475032,0.0,9,114,False
2003-01-02,0.4609541412475032,0.0,9,115,False
2003-01-03,0.4609541412475032,0.0,9,116,False
2003-01-06,0.4609541412475032,0.0,9,117,False
2003-01-07,0.4609541412475032,0.0,9,118,False
2003-01-08,0.4609541412475032,0.0,9,119,False
2003-01-09,0.4609541412475032,0.0,9,120,False
2003-01-10,0.4609541412475032,0.0,9,121,False
2003-01-13,0.4609541412475032,0.0,9,122,False
2003-01-14,0.4609541412475032,0.0,9,123,False
2003-01-15,0.4609541412475032,0.0,9,124,False
2003-01-16,0.4609541412475032,0.0,9,125,False
2003-01-17,0.4609541412475032,0.0,9,126,False
2003-01-21,0.4609541412475032,0.0,9,127,False
2003-01-22,0.4609541412475032,0.0,9,128,False
2003-01-23,0.4609541412475032,0.0,9,129,False
2003-01-24,0.4609541412475032,0.0,9,130,False
2003-01-27,0.4609541412475032,0.0,9,131,False
2003-01-28,0.4609541412475032,0.0,9,132,False
2003-01-29,0.4609541412475032,0.0,9,133,False
2003-01-30,0.4609541412475032,0.0,9,134,False
2003-01-31,0.4609541412475032,0.0,9,135,False
2003-02-03,0.4609541412475032,0.0,9,136,False
2003-02-04,0.4609541412475032,0.0,9,137,False
2003-02-05,0.4609541412475032,0.0,9,138,False
2003-02-06,0.4609541412475032,0.0,9,139,False
2003-02-07,0.4609541412475032,0.0,9,140,False
2003-02-10,0.4609541412475032,0.0,9,141,False
2003-02-11,0.4609541412475032,0.0,9,142,False
2003-02-12,0.4609541412475032,0.0,9,143,False
2003-02-13,0.4609541412475032,0.0,9,144,False
2003-02-14,0.4609541412475032,0.0,9,145,False
2003-02-18,0.4609541412475032,0.0,9,146,False
2003-02-19,0.4609541412475032,0.0,9,147,False
2003-02-20,0.2614474429435429,0.0,10,128,True
2003-02-21,0.2614474429435429,0.0,10,129,False
2003-02-24,0.2614474429435429,0.0,10,130,False
2003-02-25,0.2614474429435429,0.0,10,131,False
2003-02-26,0.2614474429435429,0.0,10,132,False
2003-02-27,0.2614474429435429,0.0,10,133,False
2003-02-28,0.2614474429435429,0.0,10,134,False
2003-03-03,0.2614474429435429,0.0,10,135,False
2003-03-04,0.2614474429435429,0.0,10,136,False
2003-03-05,0.2614474429435429,0.0,10,137,False
2003-03-06,0.2614474429435429,0.0,10,138,False
2003-03-07,0.2614474429435429,0.0,10,139,False
2003-03-10,0.2614474429435429,0.0,10,140,False
2003-03-11,0.2614474429435429,0.0,10,141,False
2003-03-12,0.2614474429435429,0.0,10,142,False
2003-03-13,0.2614474429435429,0.0,10,143,False
2003-03-14,0.2614474429435429,0.0,10,144,False
2003-03-17,0.2614474429435429,0.0,10,145,False
2003-03-18,0.2614474429435429,0.0,10,146,False
2003-03-19,0.2614474429435429,0.0,10,147,False
2003-03-20,0.2614474429435429,0.0,10,148,False
2003-03-21,0.2614474429435429,0.0,10,149,False
2003-03-24,0.2614474429435429,0.0,10,150,False
2003-03-25,0.2614474429435429,0.0,10,151,False
2003-03-26,0.2614474429435429,0.0,10,152,False
2003-03-27,0.2614474429435429,0.0,10,153,False
2003-03-28,0.2614474429435429,0.0,10,154,False
2003-03-31,0.2614474429435429,0.0,10,155,False
2003-04-01,0.2614474429435429,0.0,10,156,False
2003-04-02,0.2614474429435429,0.0,10,157,False
2003-04-03,0.2614474429435429,0.0,10,158,False
2003-04-04,0.2614474429435429,0.0,10,159,False
2003-04-07,0.2614474429435429,0.0,10,160,False
2003-04-08,0.2614474429435429,0.0,10,161,False
2003-04-09,0.2614474429435429,0.0,10,162,False
2003-04-10,0.2614474429435429,0.0,10,163,False
2003-04-11,0.2614474429435429,0.0,10,164,False
2003-04-14,0.2614474429435429,0.0,10,165,False
2003-04-15,0.2614474429435429,0.0,10,166,False
2003-04-16,0.2614474429435429,0.0,10,167,False
2003-04-17,0.2614474429435429,0.0,10,168,False
2003-04-21,0.2614474429435429,0.0,10,169,False
2003-04-22,0.2614474429435429,0.0,10,170,False
2003-04-23,0.2614474429435429,0.0,10,171,False
2003-04-24,0.2614474429435429,0.0,10,172,False
2003-04-25,0.2614474429435429,0.0,10,173,False
2003-04-28,0.2614474429435429,0.0,10,174,False
2003-04-29,0.22312264937708057,0.0,11,62,True
2003-04-30,0.22312264937708057,0.0,11,63,False
2003-05-01,0.22312264937708057,0.0,11,64,False
2003-05-02,0.22312264937708057,0.0,11,65,False
2003-05-05,0.22312264937708057,0.0,11,66,False
2003-05-06,0.22312264937708057,0.0,11,67,False
2003-05-07,0.22312264937708057,0.0,11,68,False
2003-05-08,0.22312264937708057,0.0,11,69,False
2003-05-09,0.22312264937708057,0.0,11,70,False
2003-05-12,0.22312264937708057,0.0,11,71,False
2003-05-13,0.22312264937708057,0.0,11,72,False
2003-05-14,0.22312264937708057,0.0,11,73,False
2003-05-15,0.22312264937708057,0.0,11,74,False
2003-05-16,0.22312264937708057,0.0,11,75,False
2003-05-19,0.22312264937708057,0.0,11,76,False
2003-05-20,0.22312264937708057,0.0,11,77,False
2003-05-21,0.22312264937708057,0.0,11,78,False
2003-05-22,0.22312264937708057,0.0,11,79,False
2003-05-23,0.22312264937708057,0.0,11,80,False
2003-05-27,0.22312264937708057,0.0,11,81,False
2003-05-28,0.22312264937708057,0.0,11,82,False
2003-05-29,0.22312264937708057,0.0,11,83,False
2003-05-30,0.22312264937708057,0.0,11,84,False
2003-06-02,0.22312264937708057,0.0,11,85,False
2003-06-03,0.22312264937708057,0.0,11,86,False
2003-06-04,0.22312264937708057,0.0,11,87,False
2003-06-05,0.22312264937708057,0.0,11,88,False
2003-06-06,0.22312264937708057,0.0,11,89,False
2003-06-09,0.22312264937708057,0.0,11,90,False
2003-06-10,0.22312264937708057,0.0,11,91,False
2003-06-11,0.22312264937708057,0.0,11,92,False
2003-06-12,0.22312264937708057,0.0,11,93,False
2003-06-13,0.22312264937708057,0.0,11,94,False
2003-06-16,0.22312264937708057,0.0,11,95,False
2003-06-17,0.22312264937708057,0.0,11,96,False
2003-06-18,0.22312264937708057,0.0,11,97,False
2003-06-19,0.22312264937708057,0.0,11,98,False
2003-06-20,0.22312264937708057,0.0,11,99,False
2003-06-23,0.22312264937708057,0.0,11,100,False
2003-06-24,0.22312264937708057,0.0,11,101,False
2003-06-25,0.22312264937708057,0.0,11,102,False
2003-06-26,0.22312264937708057,0.0,11,103,False
2003-06-27,0.22312264937708057,0.0,11,104,False
2003-06-30,0.22312264937708057,0.0,11,105,False
2003-07-01,0.22312264937708057,0.0,11,106,False
2003-07-02,0.22312264937708057,0.0,11,107,False
2003-07-03,0.22312264937708057,0.0,11,108,False
2003-07-07,0.22312264937708057,0.0,11,109,False
2003-07-08,0.22312264937708057,0.0,11,110,False
2003-07-09,0.22312264937708057,0.0,11,111,False
2003-07-10,0.22312264937708057,0.0,11,112,False
2003-07-11,0.22312264937708057,0.0,11,113,False
2003-07-14,0.22312264937708057,0.0,11,114,False
2003-07-15,0.22312264937708057,0.0,11,115,False
2003-07-16,0.22312264937708057,0.0,11,116,False
2003-07-17,0.22312264937708057,0.0,11,117,False
2003-07-18,0.22312264937708057,0.0,11,118,False
2003-07-21,0.22312264937708057,0.0,11,119,False
2003-07-22,0.22312264937708057,0.0,11,120,False
2003-07-23,0.22312264937708057,0.0,11,121,False
2003-07-24,0.22312264937708057,0.0,11,122,False
2003-07-25,0.22312264937708057,0.0,11,123,False
2003-07-28,0.22312264937708057,0.0,11,124,False
2003-07-29,0.22312264937708057,0.0,11,125,False
2003-07-30,0.22312264937708057,0.0,11,126,False
2003-07-31,0.22312264937708057,0.0,11,127,False
2003-08-01,0.22312264937708057,0.0,11,128,False
2003-08-04,0.22312264937708057,0.0,11,129,False
2003-08-05,0.22312264937708057,0.0,11,130,False
2003-08-06,0.22312264937708057,0.0,11,131,False
2003-08-07,0.22312264937708057,0.0,11,132,False
2003-08-08,0.22312264937708057,0.0,11,133,False
2003-08-11,0.22312264937708057,0.0,11,134,False
2003-08-12,0.22312264937708057,0.0,11,135,False
2003-08-13,0.22312264937708057,0.0,11,136,False
2003-08-14,0.22312264937708057,0.0,11,137,False
2003-08-15,0.22312264937708057,0.0,11,138,False
2003-08-18,0.22312264937708057,0.0,11,139,False
2003-08-19,0.22312264937708057,0.0,11,140,False
2003-08-20,0.22312264937708057,0.0,11,141,False
2003-08-21,0.22312264937708057,0.0,11,142,False
2003-08-22,0.22312264937708057,0.0,11,143,False
2003-08-25,0.22312264937708057,0.0,11,144,False
2003-08-26,0.22312264937708057,0.0,11,145,False
2003-08-27,0.22312264937708057,0.0,11,146,False
2003-08-28,0.22312264937708057,0.0,11,147,False
2003-08-29,0.22312264937708057,0.0,11,148,False
2003-09-02,0.22312264937708057,0.0,11,149,False
2003-09-03,0.22312264937708057,0.0,11,150,False
2003-09-04,0.22312264937708057,0.0,11,151,False
2003-09-05,0.22312264937708057,0.0,11,152,False
2003-09-08,0.22312264937708057,0.0,11,153,False
2003-09-09,0.22312264937708057,0.0,11,154,False
2003-09-10,0.22312264937708057,0.0,11,155,False
2003-09-11,0.22312264937708057,0.0,11,156,False
2003-09-12,0.22312264937708057,0.0,11,157,False
2003-09-15,0.22312264937708057,0.0,11,158,False
2003-09-16,0.22312264937708057,0.0,11,159,False
2003-09-17,0.22312264937708057,0.0,11,160,False
2003-09-18,0.22312264937708057,0.0,11,161,False
2003-09-19,0.22312264937708057,0.0,11,162,False
2003-09-22,0.22312264937708057,0.0,11,163,False
2003-09-23,0.22312264937708057,0.0,11,164,False
2003-09-24,0.22312264937708057,0.0,11,165,False
2003-09-25,0.22312264937708057,0.0,11,166,False
2003-09-26,0.22312264937708057,0.0,11,167,False
2003-09-29,0.22312264937708057,0.0,11,168,False
2003-09-30,0.22312264937708057,0.0,11,169,False
2003-10-01,0.22312264937708057,0.0,11,170,False
2003-10-02,0.22312264937708057,0.0,11,171,False
2003-10-03,0.22312264937708057,0.0,11,172,False
2003-10-06,0.22312264937708057,0.0,11,173,False
2003-10-07,0.22312264937708057,0.0,11,174,False
2003-10-08,0.22312264937708057,0.0,11,175,False
2003-10-09,0.22312264937708057,0.0,11,176,False
2003-10-10,0.22312264937708057,0.0,11,177,False
2003-10-13,0.22312264937708057,0.0,11,178,False
2003-10-14,0.22312264937708057,0.0,11,179,False
2003-10-15,0.22312264937708057,0.0,11,180,False
2003-10-16,0.22312264937708057,0.0,11,181,False
2003-10-17,0.22312264937708057,0.0,11,182,False
2003-10-20,0.22312264937708057,0.0,11,183,False
2003-10-21,0.22312264937708057,0.0,11,184,False
2003-10-22,0.22312264937708057,0.0,11,185,False
2003-10-23,0.22312264937708057,0.0,11,186,False
2003-10-24,0.22312264937708057,0.0,11,187,False
2003-10-27,0.22312264937708057,0.0,11,188,False
2003-10-28,0.22312264937708057,0.0,11,189,False
2003-10-29,0.22312264937708057,0.0,11,190,False
2003-10-30,0.22312264937708057,0.0,11,191,False
2003-10-31,0.22312264937708057,0.0,11,192,False
2003-11-03,0.22312264937708057,0.0,11,193,False
2003-11-04,0.22312264937708057,0.0,11,194,False
2003-11-05,0.22312264937708057,0.0,11,195,False
2003-11-06,0.22312264937708057,0.0,11,196,False
2003-11-07,0.22312264937708057,0.0,11,197,False
2003-11-10,0.22312264937708057,0.0,11,198,False
2003-11-11,0.22312264937708057,0.0,11,199,False
2003-11-12,0.22312264937708057,0.0,11,200,False
2003-11-13,0.22312264937708057,0.0,11,201,False
2003-11-14,0.22312264937708057,0.0,11,202,False
2003-11-17,0.22312264937708057,0.0,11,203,False
2003-11-18,0.22312264937708057,0.0,11,204,False
2003-11-19,0.22312264937708057,0.0,11,205,False
2003-11-20,0.22312264937708057,0.0,11,206,False
2003-11-21,0.22312264937708057,0.0,11,207,False
2003-11-24,0.22312264937708057,0.0,11,208,False
2003-11-25,0.22312264937708057,0.0,11,209,False
2003-11-26,0.22312264937708057,0.0,11,210,False
2003-11-28,0.22312264937708057,0.0,11,211,False
2003-12-01,0.22312264937708057,0.0,11,212,False
2003-12-02,0.22312264937708057,0.0,11,213,False
2003-12-03,0.22312264937708057,0.0,11,214,False
2003-12-04,0.22312264937708057,0.0,11,215,False
2003-12-05,0.22312264937708057,0.0,11,216,False
2003-12-08,0.22312264937708057,0.0,11,217,False
2003-12-09,0.22312264937708057,0.0,11,218,False
2003-12-10,0.22312264937708057,0.0,11,219,False
2003-12-11,0.22312264937708057,0.0,11,220,False
2003-12-12,0.22312264937708057,0.0,11,221,False
2003-12-15,0.22312264937708057,0.0,11,222,False
2003-12-16,0.22312264937708057,0.0,11,223,False
2003-12-17,0.22312264937708057,0.0,11,224,False
2003-12-18,0.22312264937708057,0.0,11,225,False
2003-12-19,0.22312264937708057,0.0,11,226,False
2003-12-22,0.22312264937708057,0.0,11,227,False
2003-12-23,0.22312264937708057,0.0,11,228,False
2003-12-24,0.22312264937708057,0.0,11,229,False
2003-12-26,0.22312264937708057,0.0,11,230,False
2003-12-29,0.22312264937708057,0.0,11,231,False
2003-12-30,0.22312264937708057,0.0,11,232,False
2003-12-31,0.22312264937708057,0.0,11,233,False
2004-01-02,0.22312264937708057,0.0,11,234,False
2004-01-05,0.22312264937708057,0.0,11,235,False
2004-01-06,0.22312264937708057,0.0,11,236,False
2004-01-07,0.22312264937708057,0.0,11,237,False
2004-01-08,0.22312264937708057,0.0,11,238,False
2004-01-09,0.22312264937708057,0.0,11,239,False
2004-01-12,0.22312264937708057,0.0,11,240,False
2004-01-13,0.22312264937708057,0.0,11,241,False
2004-01-14,0.22312264937708057,0.0,11,242,False
2004-01-15,0.22312264937708057,0.0,11,243,False
2004-01-16,0.22312264937708057,0.0,11,244,False
2004-01-20,0.22312264937708057,0.0,11,245,False
2004-01-21,0.22312264937708057,0.0,11,246,False
2004-01-22,0.22312264937708057,0.0,11,247,False
2004-01-23,0.22312264937708057,0.0,11,248,False
2004-01-26,0.22312264937708057,0.0,11,249,False
2004-01-27,0.22312264937708057,0.0,11,250,False
2004-01-28,0.22312264937708057,0.0,11,251,False
2004-01-29,0.22312264937708057,0.0,11,252,False
2004-01-30,0.22312264937708057,0.0,11,253,False
2004-02-02,0.22312264937708057,0.0,11,254,False
2004-02-03,0.22312264937708057,0.0,11,255,False
2004-02-04,0.22312264937708057,0.0,11,256,False
2004-02-05,0.22312264937708057,0.0,11,257,False
2004-02-06,0.22312264937708057,0.0,11,258,False
2004-02-09,0.22312264937708057,0.0,11,259,False
2004-02-10,0.22312264937708057,0.0,11,260,False
2004-02-11,0.22312264937708057,0.0,11,261,False
2004-02-12,0.22312264937708057,0.0,11,262,False
2004-02-13,0.22312264937708057,0.0,11,263,False
2004-02-17,0.22312264937708057,0.0,11,264,False
2004-02-18,0.22312264937708057,0.0,11,265,False
2004-02-19,0.22312264937708057,0.0,11,266,False
2004-02-20,0.22312264937708057,0.0,11,267,False
2004-02-23,0.22312264937708057,0.0,11,268,False
2004-02-24,0.22312264937708057,0.0,11,269,False
2004-02-25,0.22312264937708057,0.0,11,270,False
2004-02-26,0.22312264937708057,0.0,11,271,False
2004-02-27,0.22312264937708057,0.0,11,272,False
2004-03-01,0.22312264937708057,0.0,11,273,False
2004-03-02,0.22312264937708057,0.0,11,274,False
2004-03-03,0.22312264937708057,0.0,11,275,False
2004-03-04,0.22312264937708057,0.0,11,276,False
2004-03-05,0.22312264937708057,0.0,11,277,False
2004-03-08,0.22312264937708057,0.0,11,278,False
2004-03-09,0.22312264937708057,0.0,11,279,False
2004-03-10,0.22312264937708057,0.0,11,280,False
2004-03-11,0.22312264937708057,0.0,11,281,False
2004-03-12,0.22312264937708057,0.0,11,282,False
2004-03-15,0.22312264937708057,0.0,11,283,False
2004-03-16,0.22312264937708057,0.0,11,284,False
2004-03-17,0.22312264937708057,0.0,11,285,False
2004-03-18,0.22312264937708057,0.0,11,286,False
2004-03-19,0.22312264937708057,0.0,11,287,False
2004-03-22,0.22312264937708057,0.0,11,288,False
2004-03-23,0.22312264937708057,0.0,11,289,False
2004-03-24,0.22312264937708057,0.0,11,290,False
2004-03-25,0.22312264937708057,0.0,11,291,False
2004-03-26,0.22312264937708057,0.0,11,292,False
2004-03-29,0.1537425615828537,1.0,12,19,True
2004-03-30,0.1537425615828537,1.0,12,20,False
2004-03-31,0.1537425615828537,1.0,12,21,False
2004-04-01,0.1537425615828537,1.0,12,22,False
2004-04-02,0.1537425615828537,1.0,12,23,False
2004-04-05,0.1537425615828537,1.0,12,24,False
2004-04-06,0.1537425615828537,1.0,12,25,False
2004-04-07,0.1537425615828537,1.0,12,26,False
2004-04-08,0.1537425615828537,1.0,12,27,False
2004-04-12,0.1537425615828537,1.0,12,28,False
2004-04-13,0.1537425615828537,1.0,12,29,False
2004-04-14,0.1537425615828537,1.0,12,30,False
2004-04-15,0.1537425615828537,1.0,12,31,False
2004-04-16,0.1537425615828537,1.0,12,32,False
2004-04-19,0.1537425615828537,1.0,12,33,False
2004-04-20,0.1537425615828537,1.0,12,34,False
2004-04-21,0.1537425615828537,1.0,12,35,False
2004-04-22,0.1537425615828537,1.0,12,36,False
2004-04-23,0.1537425615828537,1.0,12,37,False
2004-04-26,0.1537425615828537,1.0,12,38,False
2004-04-27,0.1537425615828537,1.0,12,39,False
2004-04-28,0.1537425615828537,1.0,12,40,False
2004-04-29,0.1537425615828537,1.0,12,41,False
2004-04-30,0.1537425615828537,1.0,12,42,False
2004-05-03,0.1537425615828537,1.0,12,43,False
2004-05-04,0.1537425615828537,1.0,12,44,False
2004-05-05,0.1537425615828537,1.0,12,45,False
2004-05-06,0.1537425615828537,1.0,12,46,False
2004-05-07,0.1537425615828537,1.0,12,47,False
2004-05-10,0.1537425615828537,1.0,12,48,False
2004-05-11,0.1537425615828537,1.0,12,49,False
2004-05-12,0.1537425615828537,1.0,12,50,False
2004-05-13,0.1537425615828537,1.0,12,51,False
2004-05-14,0.1537425615828537,1.0,12,52,False
2004-05-17,0.1537425615828537,1.0,12,53,False
2004-05-18,0.1537425615828537,1.0,12,54,False
2004-05-19,0.1537425615828537,1.0,12,55,False
2004-05-20,0.1537425615828537,1.0,12,56,False
2004-05-21,0.1537425615828537,1.0,12,57,False
2004-05-24,0.1537425615828537,1.0,12,58,False
2004-05-25,0.1537425615828537,1.0,12,59,False
2004-05-26,0.1537425615828537,1.0,12,60,False
2004-05-27,0.1537425615828537,1.0,12,61,False
2004-05-28,0.1537425615828537,1.0,12,62,False
2004-06-01,0.1537425615828537,1.0,12,63,False
2004-06-02,0.1537425615828537,1.0,12,64,False
2004-06-03,0.1537425615828537,1.0,12,65,False
2004-06-04,0.1537425615828537,1.0,12,66,False
2004-06-07,0.1537425615828537,1.0,12,67,False
2004-06-08,0.1537425615828537,1.0,12,68,False
2004-06-09,0.1537425615828537,1.0,12,69,False
2004-06-10,0.1537425615828537,1.0,12,70,False
2004-06-14,0.1537425615828537,1.0,12,71,False
2004-06-15,0.1537425615828537,1.0,12,72,False
2004-06-16,0.1537425615828537,1.0,12,73,False
2004-06-17,0.1537425615828537,1.0,12,74,False
2004-06-18,0.1537425615828537,1.0,12,75,False
2004-06-21,0.1537425615828537,1.0,12,76,False
2004-06-22,0.1537425615828537,1.0,12,77,False
2004-06-23,0.1537425615828537,1.0,12,78,False
2004-06-24,0.1537425615828537,1.0,12,79,False
2004-06-25,0.1537425615828537,1.0,12,80,False
2004-06-28,0.1537425615828537,1.0,12,81,False
2004-06-29,0.1537425615828537,1.0,12,82,False
2004-06-30,0.1537425615828537,1.0,12,83,False
2004-07-01,0.1537425615828537,1.0,12,84,False
2004-07-02,0.1537425615828537,1.0,12,85,False
2004-07-06,0.1537425615828537,1.0,12,86,False
2004-07-07,0.1537425615828537,1.0,12,87,False
2004-07-08,0.1537425615828537,1.0,12,88,False
2004-07-09,0.1537425615828537,1.0,12,89,False
2004-07-12,0.1537425615828537,1.0,12,90,False
2004-07-13,0.1537425615828537,1.0,12,91,False
2004-07-14,0.1537425615828537,1.0,12,92,False
2004-07-15,0.1537425615828537,1.0,12,93,False
2004-07-16,0.1537425615828537,1.0,12,94,False
2004-07-19,0.1537425615828537,1.0,12,95,False
2004-07-20,0.1537425615828537,1.0,12,96,False
2004-07-21,0.1537425615828537,1.0,12,97,False
2004-07-22,0.1537425615828537,1.0,12,98,False
2004-07-23,0.1537425615828537,1.0,12,99,False
2004-07-26,0.1537425615828537,1.0,12,100,False
2004-07-27,0.1537425615828537,1.0,12,101,False
2004-07-28,0.1537425615828537,1.0,12,102,False
2004-07-29,0.1537425615828537,1.0,12,103,False
2004-07-30,0.1537425615828537,1.0,12,104,False
2004-08-02,0.1537425615828537,1.0,12,105,False
2004-08-03,0.1537425615828537,1.0,12,106,False
2004-08-04,0.1537425615828537,1.0,12,107,False
2004-08-05,0.1537425615828537,1.0,12,108,False
2004-08-06,0.1537425615828537,1.0,12,109,False
2004-08-09,0.1537425615828537,1.0,12,110,False
2004-08-10,0.1537425615828537,1.0,12,111,False
2004-08-11,0.1537425615828537,1.0,12,112,False
2004-08-12,0.1537425615828537,1.0,12,113,False
2004-08-13,0.1537425615828537,1.0,12,114,False
2004-08-16,0.1537425615828537,1.0,12,115,False
2004-08-17,0.1537425615828537,1.0,12,116,False
2004-08-18,0.1537425615828537,1.0,12,117,False
2004-08-19,0.1537425615828537,1.0,12,118,False
2004-08-20,0.1537425615828537,1.0,12,119,False
2004-08-23,0.1537425615828537,1.0,12,120,False
2004-08-24,0.1537425615828537,1.0,12,121,False
2004-08-25,0.1537425615828537,1.0,12,122,False
2004-08-26,0.1537425615828537,1.0,12,123,False
2004-08-27,0.1537425615828537,1.0,12,124,False
2004-08-30,0.1537425615828537,1.0,12,125,False
2004-08-31,0.1537425615828537,1.0,12,126,False
2004-09-01,0.1537425615828537,1.0,12,127,False
2004-09-02,0.1537425615828537,1.0,12,128,False
2004-09-03,0.1537425615828537,1.0,12,129,False
2004-09-07,0.1537425615828537,1.0,12,130,False
2004-09-08,0.1537425615828537,1.0,12,131,False
2004-09-09,0.1537425615828537,1.0,12,132,False
2004-09-10,0.1537425615828537,1.0,12,133,False
2004-09-13,0.1537425615828537,1.0,12,134,False
2004-09-14,0.1537425615828537,1.0,12,135,False
2004-09-15,0.1537425615828537,1.0,12,136,False
2004-09-16,0.1537425615828537,1.0,12,137,False
2004-09-17,0.1537425615828537,1.0,12,138,False
2004-09-20,0.1537425615828537,1.0,12,139,False
2004-09-21,0.1537425615828537,1.0,12,140,False
2004-09-22,0.1537425615828537,1.0,12,141,False
2004-09-23,0.1537425615828537,1.0,12,142,False
2004-09-24,0.1537425615828537,1.0,12,143,False
2004-09-27,0.1537425615828537,1.0,12,144,False
2004-09-28,0.1537425615828537,1.0,12,145,False
2004-09-29,0.1537425615828537,1.0,12,146,False
2004-09-30,0.1537425615828537,1.0,12,147,False
2004-10-01,0.1537425615828537,1.0,12,148,False
2004-10-04,0.1537425615828537,1.0,12,149,False
2004-10-05,0.1537425615828537,1.0,12,150,False
2004-10-06,0.1537425615828537,1.0,12,151,False
2004-10-07,0.1537425615828537,1.0,12,152,False
2004-10-08,0.1537425615828537,1.0,12,153,False
2004-10-11,0.1537425615828537,1.0,12,154,False
2004-10-12,0.1537425615828537,1.0,12,155,False
2004-10-13,0.1537425615828537,1.0,12,156,False
2004-10-14,0.1537425615828537,1.0,12,157,False
2004-10-15,0.1537425615828537,1.0,12,158,False
2004-10-18,0.1537425615828537,1.0,12,159,False
2004-10-19,0.1537425615828537,1.0,12,160,False
2004-10-20,0.1537425615828537,1.0,12,161,False
2004-10-21,0.1537425615828537,1.0,12,162,False
2004-10-22,0.1537425615828537,1.0,12,163,False
2004-10-25,0.1537425615828537,1.0,12,164,False
2004-10-26,0.1537425615828537,1.0,12,165,False
2004-10-27,0.1537425615828537,1.0,12,166,False
2004-10-28,0.1537425615828537,1.0,12,167,False
2004-10-29,0.1537425615828537,1.0,12,168,False
2004-11-01,0.1537425615828537,1.0,12,169,False
2004-11-02,0.1537425615828537,1.0,12,170,False
2004-11-03,0.1537425615828537,1.0,12,171,False
2004-11-04,0.1537425615828537,1.0,12,172,False
2004-11-05,0.1537425615828537,1.0,12,173,False
2004-11-08,0.1537425615828537,1.0,12,174,False
2004-11-09,0.1537425615828537,1.0,12,175,False
2004-11-10,0.1537425615828537,1.0,12,176,False
2004-11-11,0.1537425615828537,1.0,12,177,False
2004-11-12,0.1537425615828537,1.0,12,178,False
2004-11-15,0.1537425615828537,1.0,12,179,False
2004-11-16,0.1537425615828537,1.0,12,180,False
2004-11-17,0.1537425615828537,1.0,12,181,False
2004-11-18,0.1537425615828537,1.0,12,182,False
2004-11-19,0.1537425615828537,1.0,12,183,False
2004-11-22,0.1537425615828537,1.0,12,184,False
2004-11-23,0.1537425615828537,1.0,12,185,False
2004-11-24,0.1537425615828537,1.0,12,186,False
2004-11-26,0.1537425615828537,1.0,12,187,False
2004-11-29,0.1537425615828537,1.0,12,188,False
2004-11-30,0.1537425615828537,1.0,12,189,False
2004-12-01,0.1537425615828537,1.0,12,190,False
2004-12-02,0.1537425615828537,1.0,12,191,False
2004-12-03,0.10672451056655101,1.0,13,20,True
2004-12-06,0.10672451056655101,1.0,13,21,False
2004-12-07,0.10672451056655101,1.0,13,22,False
2004-12-08,0.10672451056655101,1.0,13,23,False
2004-12-09,0.10672451056655101,1.0,13,24,False
2004-12-10,0.10672451056655101,1.0,13,25,False
2004-12-13,0.10672451056655101,1.0,13,26,False
2004-12-14,0.10672451056655101,1.0,13,27,False
2004-12-15,0.10672451056655101,1.0,13,28,False
2004-12-16,0.10672451056655101,1.0,13,29,False
2004-12-17,0.10672451056655101,1.0,13,30,False
2004-12-20,0.10672451056655101,1.0,13,31,False
2004-12-21,0.10672451056655101,1.0,13,32,False
2004-12-22,0.10672451056655101,1.0,13,33,False
2004-12-23,0.10672451056655101,1.0,13,34,False
2004-12-27,0.10672451056655101,1.0,13,35,False
2004-12-28,0.10672451056655101,1.0,13,36,False
2004-12-29,0.10672451056655101,1.0,13,37,False
2004-12-30,0.10672451056655101,1.0,13,38,False
2004-12-31,0.10672451056655101,1.0,13,39,False
2005-01-03,0.10672451056655101,1.0,13,40,False
2005-01-04,0.10672451056655101,1.0,13,41,False
2005-01-05,0.10672451056655101,1.0,13,42,False
2005-01-06,0.10672451056655101,1.0,13,43,False
2005-01-07,0.10672451056655101,1.0,13,44,False
2005-01-10,0.10672451056655101,1.0,13,45,False
2005-01-11,0.10672451056655101,1.0,13,46,False
2005-01-12,0.10672451056655101,1.0,13,47,False
2005-01-13,0.10672451056655101,1.0,13,48,False
2005-01-14,0.10672451056655101,1.0,13,49,False
2005-01-18,0.10672451056655101,1.0,13,50,False
2005-01-19,0.10672451056655101,1.0,13,51,False
2005-01-20,0.10672451056655101,1.0,13,52,False
2005-01-21,0.10672451056655101,1.0,13,53,False
2005-01-24,0.10672451056655101,1.0,13,54,False
2005-01-25,0.10672451056655101,1.0,13,55,False
2005-01-26,0.10672451056655101,1.0,13,56,False
2005-01-27,0.10672451056655101,1.0,13,57,False
2005-01-28,0.10672451056655101,1.0,13,58,False
2005-01-31,0.10672451056655101,1.0,13,59,False
2005-02-01,0.10672451056655101,1.0,13,60,False
2005-02-02,0.10672451056655101,1.0,13,61,False
2005-02-03,0.10672451056655101,1.0,13,62,False
2005-02-04,0.10672451056655101,1.0,13,63,False
2005-02-07,0.10672451056655101,1.0,13,64,False
2005-02-08,0.10672451056655101,1.0,13,65,False
2005-02-09,0.10672451056655101,1.0,13,66,False
2005-02-10,0.10672451056655101,1.0,13,67,False
2005-02-11,0.10672451056655101,1.0,13,68,False
2005-02-14,0.10672451056655101,1.0,13,69,False
2005-02-15,0.10672451056655101,1.0,13,70,False
2005-02-16,0.10672451056655101,1.0,13,71,False
2005-02-17,0.10672451056655101,1.0,13,72,False
2005-02-18,0.10672451056655101,1.0,13,73,False
2005-02-22,0.10672451056655101,1.0,13,74,False
2005-02-23,0.10672451056655101,1.0,13,75,False
2005-02-24,0.09808667066914642,1.0,14,41,True
2005-02-25,0.09808667066914642,1.0,14,42,False
2005-02-28,0.09808667066914642,1.0,14,43,False
2005-03-01,0.09808667066914642,1.0,14,44,False
2005-03-02,0.09808667066914642,1.0,14,45,False
2005-03-03,0.09808667066914642,1.0,14,46,False
2005-03-04,0.09808667066914642,1.0,14,47,False
2005-03-07,0.09808667066914642,1.0,14,48,False
2005-03-08,0.09808667066914642,1.0,14,49,False
2005-03-09,0.09808667066914642,1.0,14,50,False
2005-03-10,0.09808667066914642,1.0,14,51,False
2005-03-11,0.09808667066914642,1.0,14,52,False
2005-03-14,0.09808667066914642,1.0,14,53,False
2005-03-15,0.09808667066914642,1.0,14,54,False
2005-03-16,0.09808667066914642,1.0,14,55,False
2005-03-17,0.09808667066914642,1.0,14,56,False
2005-03-18,0.09808667066914642,1.0,14,57,False
2005-03-21,0.09808667066914642,1.0,14,58,False
2005-03-22,0.09808667066914642,1.0,14,59,False
2005-03-23,0.09808667066914642,1.0,14,60,False
2005-03-24,0.09808667066914642,1.0,14,61,False
2005-03-28,0.09808667066914642,1.0,14,62,False
2005-03-29,0.09808667066914642,1.0,14,63,False
2005-03-30,0.09808667066914642,1.0,14,64,False
2005-03-31,0.09808667066914642,1.0,14,65,False
2005-04-01,0.09808667066914642,1.0,14,66,False
2005-04-04,0.09808667066914642,1.0,14,67,False
2005-04-05,0.09808667066914642,1.0,14,68,False
2005-04-06,0.09808667066914642,1.0,14,69,False
2005-04-07,0.09808667066914642,1.0,14,70,False
2005-04-08,0.09808667066914642,1.0,14,71,False
2005-04-11,0.09808667066914642,1.0,14,72,False
2005-04-12,0.09808667066914642,1.0,14,73,False
2005-04-13,0.09808667066914642,1.0,14,74,False
2005-04-14,0.09808667066914642,1.0,14,75,False
2005-04-15,0.09808667066914642,1.0,14,76,False
2005-04-18,0.09808667066914642,1.0,14,77,False
2005-04-19,0.09808667066914642,1.0,14,78,False
2005-04-20,0.09808667066914642,1.0,14,79,False
2005-04-21,0.09808667066914642,1.0,14,80,False
2005-04-22,0.09808667066914642,1.0,14,81,False
2005-04-25,0.09808667066914642,1.0,14,82,False
2005-04-26,0.09808667066914642,1.0,14,83,False
2005-04-27,0.09808667066914642,1.0,14,84,False
2005-04-28,0.09808667066914642,1.0,14,85,False
2005-04-29,0.14992201910948205,1.0,15,19,True
2005-05-02,0.14992201910948205,1.0,15,20,False
2005-05-03,0.14992201910948205,1.0,15,21,False
2005-05-04,0.14992201910948205,1.0,15,22,False
2005-05-05,0.14992201910948205,1.0,15,23,False
2005-05-06,0.14992201910948205,1.0,15,24,False
2005-05-09,0.14992201910948205,1.0,15,25,False
2005-05-10,0.14992201910948205,1.0,15,26,False
2005-05-11,0.14992201910948205,1.0,15,27,False
2005-05-12,0.14992201910948205,1.0,15,28,False
2005-05-13,0.14992201910948205,1.0,15,29,False
2005-05-16,0.14992201910948205,1.0,15,30,False
2005-05-17,0.14992201910948205,1.0,15,31,False
2005-05-18,0.14992201910948205,1.0,15,32,False
2005-05-19,0.14992201910948205,1.0,15,33,False
2005-05-20,0.14992201910948205,1.0,15,34,False
2005-05-23,0.14992201910948205,1.0,15,35,False
2005-05-24,0.14992201910948205,1.0,15,36,False
2005-05-25,0.14992201910948205,1.0,15,37,False
2005-05-26,0.14992201910948205,1.0,15,38,False
2005-05-27,0.14992201910948205,1.0,15,39,False
2005-05-31,0.14992201910948205,1.0,15,40,False
2005-06-01,0.14992201910948205,1.0,15,41,False
2005-06-02,0.14992201910948205,1.0,15,42,False
2005-06-03,0.14992201910948205,1.0,15,43,False
2005-06-06,0.14992201910948205,1.0,15,44,False
2005-06-07,0.14992201910948205,1.0,15,45,False
2005-06-08,0.14992201910948205,1.0,15,46,False
2005-06-09,0.14992201910948205,1.0,15,47,False
2005-06-10,0.14992201910948205,1.0,15,48,False
2005-06-13,0.14992201910948205,1.0,15,49,False
2005-06-14,0.14992201910948205,1.0,15,50,False
2005-06-15,0.14992201910948205,1.0,15,51,False
2005-06-16,0.14992201910948205,1.0,15,52,False
2005-06-17,0.14992201910948205,1.0,15,53,False
2005-06-20,0.14992201910948205,1.0,15,54,False
2005-06-21,0.08717380483600595,1.0,16,35,True
2005-06-22,0.08717380483600595,1.0,16,36,False
2005-06-23,0.08717380483600595,1.0,16,37,False
2005-06-24,0.08717380483600595,1.0,16,38,False
2005-06-27,0.08717380483600595,1.0,16,39,False
2005-06-28,0.08717380483600595,1.0,16,40,False
2005-06-29,0.08717380483600595,1.0,16,41,False
2005-06-30,0.08717380483600595,1.0,16,42,False
2005-07-01,0.08717380483600595,1.0,16,43,False
2005-07-05,0.08717380483600595,1.0,16,44,False
2005-07-06,0.08717380483600595,1.0,16,45,False
2005-07-07,0.08717380483600595,1.0,16,46,False
2005-07-08,0.08717380483600595,1.0,16,47,False
2005-07-11,0.08717380483600595,1.0,16,48,False
2005-07-12,0.08717380483600595,1.0,16,49,False
2005-07-13,0.08717380483600595,1.0,16,50,False
2005-07-14,0.08717380483600595,1.0,16,51,False
2005-07-15,0.08717380483600595,1.0,16,52,False
2005-07-18,0.08717380483600595,1.0,16,53,False
2005-07-19,0.08717380483600595,1.0,16,54,False
2005-07-20,0.08717380483600595,1.0,16,55,False
2005-07-21,0.08717380483600595,1.0,16,56,False
2005-07-22,0.08717380483600595,1.0,16,57,False
2005-07-25,0.08717380483600595,1.0,16,58,False
2005-07-26,0.08717380483600595,1.0,16,59,False
2005-07-27,0.08717380483600595,1.0,16,60,False
2005-07-28,0.08717380483600595,1.0,16,61,False
2005-07-29,0.08717380483600595,1.0,16,62,False
2005-08-01,0.08717380483600595,1.0,16,63,False
2005-08-02,0.08717380483600595,1.0,16,64,False
2005-08-03,0.08717380483600595,1.0,16,65,False
2005-08-04,0.08717380483600595,1.0,16,66,False
2005-08-05,0.08717380483600595,1.0,16,67,False
2005-08-08,0.08717380483600595,1.0,16,68,False
2005-08-09,0.08717380483600595,1.0,16,69,False
2005-08-10,0.08717380483600595,1.0,16,70,False
2005-08-11,0.08717380483600595,1.0,16,71,False
2005-08-12,0.08717380483600595,1.0,16,72,False
2005-08-15,0.08717380483600595,1.0,16,73,False
2005-08-16,0.08717380483600595,1.0,16,74,False
2005-08-17,0.08717380483600595,1.0,16,75,False
2005-08-18,0.08717380483600595,1.0,16,76,False
2005-08-19,0.08717380483600595,1.0,16,77,False
2005-08-22,0.08717380483600595,1.0,16,78,False
2005-08-23,0.08717380483600595,1.0,16,79,False
2005-08-24,0.08717380483600595,1.0,16,80,False
2005-08-25,0.08717380483600595,1.0,16,81,False
2005-08-26,0.08717380483600595,1.0,16,82,False
2005-08-29,0.08717380483600595,1.0,16,83,False
2005-08-30,0.08717380483600595,1.0,16,84,False
2005-08-31,0.08717380483600595,1.0,16,85,False
2005-09-01,0.08717380483600595,1.0,16,86,False
2005-09-02,0.08717380483600595,1.0,16,87,False
2005-09-06,0.08717380483600595,1.0,16,88,False
2005-09-07,0.08717380483600595,1.0,16,89,False
2005-09-08,0.08717380483600595,1.0,16,90,False
2005-09-09,0.08717380483600595,1.0,16,91,False
2005-09-12,0.08717380483600595,1.0,16,92,False
2005-09-13,0.08717380483600595,1.0,16,93,False
2005-09-14,0.08717380483600595,1.0,16,94,False
2005-09-15,0.08717380483600595,1.0,16,95,False
2005-09-16,0.08717380483600595,1.0,16,96,False
2005-09-19,0.08717380483600595,1.0,16,97,False
2005-09-20,0.08717380483600595,1.0,16,98,False
2005-09-21,0.08717380483600595,1.0,16,99,False
2005-09-22,0.08717380483600595,1.0,16,100,False
2005-09-23,0.08717380483600595,1.0,16,101,False
2005-09-26,0.08717380483600595,1.0,16,102,False
2005-09-27,0.08717380483600595,1.0,16,103,False
2005-09-28,0.08717380483600595,1.0,16,104,False
2005-09-29,0.08717380483600595,1.0,16,105,False
2005-09-30,0.08717380483600595,1.0,16,106,False
2005-10-03,0.08717380483600595,1.0,16,107,False
2005-10-04,0.08717380483600595,1.0,16,108,False
2005-10-05,0.08717380483600595,1.0,16,109,False
2005-10-06,0.08717380483600595,1.0,16,110,False
2005-10-07,0.08717380483600595,1.0,16,111,False
2005-10-10,0.08717380483600595,1.0,16,112,False
2005-10-11,0.08717380483600595,1.0,16,113,False
2005-10-12,0.08717380483600595,1.0,16,114,False
2005-10-13,0.08717380483600595,1.0,16,115,False
2005-10-14,0.08717380483600595,1.0,16,116,False
2005-10-17,0.08717380483600595,1.0,16,117,False
2005-10-18,0.08717380483600595,1.0,16,118,False
2005-10-19,0.08717380483600595,1.0,16,119,False
2005-10-20,0.08717380483600595,1.0,16,120,False
2005-10-21,0.08717380483600595,1.0,16,121,False
2005-10-24,0.08717380483600595,1.0,16,122,False
2005-10-25,0.08717380483600595,1.0,16,123,False
2005-10-26,0.08717380483600595,1.0,16,124,False
2005-10-27,0.08717380483600595,1.0,16,125,False
2005-10-28,0.08717380483600595,1.0,16,126,False
2005-10-31,0.08717380483600595,1.0,16,127,False
2005-11-01,0.08717380483600595,1.0,16,128,False
2005-11-02,0.08717380483600595,1.0,16,129,False
2005-11-03,0.08717380483600595,1.0,16,130,False
2005-11-04,0.08717380483600595,1.0,16,131,False
2005-11-07,0.08717380483600595,1.0,16,132,False
2005-11-08,0.08717380483600595,1.0,16,133,False
2005-11-09,0.08717380483600595,1.0,16,134,False
2005-11-10,0.08717380483600595,1.0,16,135,False
2005-11-11,0.08717380483600595,1.0,16,136,False
2005-11-14,0.08717380483600595,1.0,16,137,False
2005-11-15,0.08717380483600595,1.0,16,138,False
2005-11-16,0.08717380483600595,1.0,16,139,False
2005-11-17,0.08717380483600595,1.0,16,140,False
2005-11-18,0.08717380483600595,1.0,16,141,False
2005-11-21,0.08717380483600595,1.0,16,142,False
2005-11-22,0.08717380483600595,1.0,16,143,False
2005-11-23,0.08717380483600595,1.0,16,144,False
2005-11-25,0.08717380483600595,1.0,16,145,False
2005-11-28,0.08717380483600595,1.0,16,146,False
2005-11-29,0.08717380483600595,1.0,16,147,False
2005-11-30,0.08717380483600595,1.0,16,148,False
2005-12-01,0.08717380483600595,1.0,16,149,False
2005-12-02,0.08717380483600595,1.0,16,150,False
2005-12-05,0.08717380483600595,1.0,16,151,False
2005-12-06,0.08717380483600595,1.0,16,152,False
2005-12-07,0.08717380483600595,1.0,16,153,False
2005-12-08,0.08717380483600595,1.0,16,154,False
2005-12-09,0.08717380483600595,1.0,16,155,False
2005-12-12,0.08717380483600595,1.0,16,156,False
2005-12-13,0.08717380483600595,1.0,16,157,False
2005-12-14,0.08717380483600595,1.0,16,158,False
2005-12-15,0.08717380483600595,1.0,16,159,False
2005-12-16,0.08717380483600595,1.0,16,160,False
2005-12-19,0.08717380483600595,1.0,16,161,False
2005-12-20,0.08717380483600595,1.0,16,162,False
2005-12-21,0.08717380483600595,1.0,16,163,False
2005-12-22,0.08717380483600595,1.0,16,164,False
2005-12-23,0.08717380483600595,1.0,16,165,False
2005-12-27,0.08717380483600595,1.0,16,166,False
2005-12-28,0.08717380483600595,1.0,16,167,False
2005-12-29,0.08717380483600595,1.0,16,168,False
2005-12-30,0.08717380483600595,1.0,16,169,False
2006-01-03,0.08717380483600595,1.0,16,170,False
2006-01-04,0.08717380483600595,1.0,16,171,False
2006-01-05,0.08717380483600595,1.0,16,172,False
2006-01-06,0.08717380483600595,1.0,16,173,False
2006-01-09,0.08717380483600595,1.0,16,174,False
2006-01-10,0.08717380483600595,1.0,16,175,False
2006-01-11,0.08717380483600595,1.0,16,176,False
2006-01-12,0.08717380483600595,1.0,16,177,False
2006-01-13,0.08717380483600595,1.0,16,178,False
2006-01-17,0.08717380483600595,1.0,16,179,False
2006-01-18,0.08717380483600595,1.0,16,180,False
2006-01-19,0.08717380483600595,1.0,16,181,False
2006-01-20,0.08717380483600595,1.0,16,182,False
2006-01-23,0.08717380483600595,1.0,16,183,False
2006-01-24,0.08717380483600595,1.0,16,184,False
2006-01-25,0.08717380483600595,1.0,16,185,False
2006-01-26,0.08717380483600595,1.0,16,186,False
2006-01-27,0.08717380483600595,1.0,16,187,False
2006-01-30,0.08717380483600595,1.0,16,188,False
2006-01-31,0.08717380483600595,1.0,16,189,False
2006-02-01,0.08717380483600595,1.0,16,190,False
2006-02-02,0.08717380483600595,1.0,16,191,False
2006-02-03,0.08717380483600595,1.0,16,192,False
2006-02-06,0.08717380483600595,1.0,16,193,False
2006-02-07,0.08717380483600595,1.0,16,194,False
2006-02-08,0.08717380483600595,1.0,16,195,False
2006-02-09,0.08717380483600595,1.0,16,196,False
2006-02-10,0.08717380483600595,1.0,16,197,False
2006-02-13,0.08717380483600595,1.0,16,198,False
2006-02-14,0.08717380483600595,1.0,16,199,False
2006-02-15,0.08717380483600595,1.0,16,200,False
2006-02-16,0.08717380483600595,1.0,16,201,False
2006-02-17,0.08717380483600595,1.0,16,202,False
2006-02-21,0.08717380483600595,1.0,16,203,False
2006-02-22,0.08717380483600595,1.0,16,204,False
2006-02-23,0.08717380483600595,1.0,16,205,False
2006-02-24,0.08717380483600595,1.0,16,206,False
2006-02-27,0.08717380483600595,1.0,16,207,False
2006-02-28,0.08717380483600595,1.0,16,208,False
2006-03-01,0.08717380483600595,1.0,16,209,False
2006-03-02,0.08717380483600595,1.0,16,210,False
2006-03-03,0.08717380483600595,1.0,16,211,False
2006-03-06,0.08717380483600595,1.0,16,212,False
2006-03-07,0.08717380483600595,1.0,16,213,False
2006-03-08,0.08717380483600595,1.0,16,214,False
2006-03-09,0.08717380483600595,1.0,16,215,False
2006-03-10,0.08717380483600595,1.0,16,216,False
2006-03-13,0.08717380483600595,1.0,16,217,False
2006-03-14,0.08717380483600595,1.0,16,218,False
2006-03-15,0.08717380483600595,1.0,16,219,False
2006-03-16,0.08717380483600595,1.0,16,220,False
2006-03-17,0.08717380483600595,1.0,16,221,False
2006-03-20,0.08717380483600595,1.0,16,222,False
2006-03-21,0.08717380483600595,1.0,16,223,False
2006-03-22,0.08717380483600595,1.0,16,224,False
2006-03-23,0.08717380483600595,1.0,16,225,False
2006-03-24,0.08717380483600595,1.0,16,226,False
2006-03-27,0.08717380483600595,1.0,16,227,False
2006-03-28,0.08717380483600595,1.0,16,228,False
2006-03-29,0.08717380483600595,1.0,16,229,False
2006-03-30,0.08717380483600595,1.0,16,230,False
2006-03-31,0.08717380483600595,1.0,16,231,False
2006-04-03,0.08717380483600595,1.0,16,232,False
2006-04-04,0.08717380483600595,1.0,16,233,False
2006-04-05,0.08717380483600595,1.0,16,234,False
2006-04-06,0.08717380483600595,1.0,16,235,False
2006-04-07,0.08717380483600595,1.0,16,236,False
2006-04-10,0.08717380483600595,1.0,16,237,False
2006-04-11,0.08717380483600595,1.0,16,238,False
2006-04-12,0.08717380483600595,1.0,16,239,False
2006-04-13,0.08717380483600595,1.0,16,240,False
2006-04-17,0.08717380483600595,1.0,16,241,False
2006-04-18,0.08717380483600595,1.0,16,242,False
2006-04-19,0.08717380483600595,1.0,16,243,False
2006-04-20,0.08717380483600595,1.0,16,244,False
2006-04-21,0.08717380483600595,1.0,16,245,False
2006-04-24,0.08717380483600595,1.0,16,246,False
2006-04-25,0.08717380483600595,1.0,16,247,False
2006-04-26,0.08717380483600595,1.0,16,248,False
2006-04-27,0.08717380483600595,1.0,16,249,False
2006-04-28,0.08717380483600595,1.0,16,250,False
2006-05-01,0.08717380483600595,1.0,16,251,False
2006-05-02,0.08717380483600595,1.0,16,252,False
2006-05-03,0.08717380483600595,1.0,16,253,False
2006-05-04,0.08717380483600595,1.0,16,254,False
2006-05-05,0.08717380483600595,1.0,16,255,False
2006-05-08,0.08717380483600595,1.0,16,256,False
2006-05-09,0.08717380483600595,1.0,16,257,False
2006-05-10,0.08717380483600595,1.0,16,258,False
2006-05-11,0.08717380483600595,1.0,16,259,False
2006-05-12,0.08717380483600595,1.0,16,260,False
2006-05-15,0.08717380483600595,1.0,16,261,False
2006-05-16,0.08717380483600595,1.0,16,262,False
2006-05-17,0.08717380483600595,1.0,16,263,False
2006-05-18,0.08717380483600595,1.0,16,264,False
2006-05-19,0.08717380483600595,1.0,16,265,False
2006-05-22,0.08717380483600595,1.0,16,266,False
2006-05-23,0.08717380483600595,1.0,16,267,False
2006-05-24,0.08717380483600595,1.0,16,268,False
2006-05-25,0.08717380483600595,1.0,16,269,False
2006-05-26,0.08717380483600595,1.0,16,270,False
2006-05-30,0.08717380483600595,1.0,16,271,False
2006-05-31,0.08717380483600595,1.0,16,272,False
2006-06-01,0.08717380483600595,1.0,16,273,False
2006-06-02,0.08717380483600595,1.0,16,274,False
2006-06-05,0.08717380483600595,1.0,16,275,False
2006-06-06,0.08717380483600595,1.0,16,276,False
2006-06-07,0.08717380483600595,1.0,16,277,False
2006-06-08,0.08717380483600595,1.0,16,278,False
2006-06-09,0.08717380483600595,1.0,16,279,False
2006-06-12,0.08717380483600595,1.0,16,280,False
2006-06-13,0.08717380483600595,1.0,16,281,False
2006-06-14,0.14501225622120925,1.0,17,23,True
2006-06-15,0.14501225622120925,1.0,17,24,False
2006-06-16,0.14501225622120925,1.0,17,25,False
2006-06-19,0.14501225622120925,1.0,17,26,False
2006-06-20,0.14501225622120925,1.0,17,27,False
2006-06-21,0.14501225622120925,1.0,17,28,False
2006-06-22,0.14501225622120925,1.0,17,29,False
2006-06-23,0.14501225622120925,1.0,17,30,False
2006-06-26,0.14501225622120925,1.0,17,31,False
2006-06-27,0.14501225622120925,1.0,17,32,False
2006-06-28,0.14501225622120925,1.0,17,33,False
2006-06-29,0.14501225622120925,1.0,17,34,False
2006-06-30,0.14501225622120925,1.0,17,35,False
2006-07-03,0.14501225622120925,1.0,17,36,False
2006-07-05,0.14501225622120925,1.0,17,37,False
2006-07-06,0.14501225622120925,1.0,17,38,False
2006-07-07,0.14501225622120925,1.0,17,39,False
2006-07-10,0.14501225622120925,1.0,17,40,False
2006-07-11,0.14501225622120925,1.0,17,41,False
2006-07-12,0.14501225622120925,1.0,17,42,False
2006-07-13,0.14501225622120925,1.0,17,43,False
2006-07-14,0.14501225622120925,1.0,17,44,False
2006-07-17,0.14501225622120925,1.0,17,45,False
2006-07-18,0.14501225622120925,1.0,17,46,False
2006-07-19,0.14501225622120925,1.0,17,47,False
2006-07-20,0.14501225622120925,1.0,17,48,False
2006-07-21,0.14501225622120925,1.0,17,49,False
2006-07-24,0.14501225622120925,1.0,17,50,False
2006-07-25,0.14501225622120925,1.0,17,51,False
2006-07-26,0.14501225622120925,1.0,17,52,False
2006-07-27,0.14501225622120925,1.0,17,53,False
2006-07-28,0.14501225622120925,1.0,17,54,False
2006-07-31,0.14501225622120925,1.0,17,55,False
2006-08-01,0.14501225622120925,1.0,17,56,False
2006-08-02,0.14501225622120925,1.0,17,57,False
2006-08-03,0.14501225622120925,1.0,17,58,False
2006-08-04,0.14501225622120925,1.0,17,59,False
2006-08-07,0.14501225622120925,1.0,17,60,False
2006-08-08,0.14501225622120925,1.0,17,61,False
2006-08-09,0.14501225622120925,1.0,17,62,False
2006-08-10,0.14501225622120925,1.0,17,63,False
2006-08-11,0.14501225622120925,1.0,17,64,False
2006-08-14,0.14501225622120925,1.0,17,65,False
2006-08-15,0.14501225622120925,1.0,17,66,False
2006-08-16,0.14501225622120925,1.0,17,67,False
2006-08-17,0.14501225622120925,1.0,17,68,False
2006-08-18,0.14501225622120925,1.0,17,69,False
2006-08-21,0.14501225622120925,1.0,17,70,False
2006-08-22,0.14501225622120925,1.0,17,71,False
2006-08-23,0.14501225622120925,1.0,17,72,False
2006-08-24,0.14501225622120925,1.0,17,73,False
2006-08-25,0.14501225622120925,1.0,17,74,False
2006-08-28,0.14501225622120925,1.0,17,75,False
2006-08-29,0.14501225622120925,1.0,17,76,False
2006-08-30,0.07877459567726187,1.0,18,26,True
2006-08-31,0.07877459567726187,1.0,18,27,False
2006-09-01,0.07877459567726187,1.0,18,28,False
2006-09-05,0.07877459567726187,1.0,18,29,False
2006-09-06,0.07877459567726187,1.0,18,30,False
2006-09-07,0.07877459567726187,1.0,18,31,False
2006-09-08,0.07877459567726187,1.0,18,32,False
2006-09-11,0.07877459567726187,1.0,18,33,False
2006-09-12,0.07877459567726187,1.0,18,34,False
2006-09-13,0.07877459567726187,1.0,18,35,False
2006-09-14,0.07877459567726187,1.0,18,36,False
2006-09-15,0.07877459567726187,1.0,18,37,False
2006-09-18,0.07877459567726187,1.0,18,38,False
2006-09-19,0.07877459567726187,1.0,18,39,False
2006-09-20,0.07877459567726187,1.0,18,40,False
2006-09-21,0.07877459567726187,1.0,18,41,False
2006-09-22,0.07877459567726187,1.0,18,42,False
2006-09-25,0.07877459567726187,1.0,18,43,False
2006-09-26,0.07877459567726187,1.0,18,44,False
2006-09-27,0.07877459567726187,1.0,18,45,False
2006-09-28,0.07877459567726187,1.0,18,46,False
2006-09-29,0.07877459567726187,1.0,18,47,False
2006-10-02,0.07877459567726187,1.0,18,48,False
2006-10-03,0.07877459567726187,1.0,18,49,False
2006-10-04,0.07877459567726187,1.0,18,50,False
2006-10-05,0.07877459567726187,1.0,18,51,False
2006-10-06,0.07877459567726187,1.0,18,52,False
2006-10-09,0.07877459567726187,1.0,18,53,False
2006-10-10,0.07877459567726187,1.0,18,54,False
2006-10-11,0.07877459567726187,1.0,18,55,False
2006-10-12,0.07877459567726187,1.0,18,56,False
2006-10-13,0.07877459567726187,1.0,18,57,False
2006-10-16,0.07877459567726187,1.0,18,58,False
2006-10-17,0.07877459567726187,1.0,18,59,False
2006-10-18,0.07877459567726187,1.0,18,60,False
2006-10-19,0.07877459567726187,1.0,18,61,False
2006-10-20,0.07877459567726187,1.0,18,62,False
2006-10-23,0.07877459567726187,1.0,18,63,False
2006-10-24,0.07877459567726187,1.0,18,64,False
2006-10-25,0.07877459567726187,1.0,18,65,False
2006-10-26,0.07877459567726187,1.0,18,66,False
2006-10-27,0.07877459567726187,1.0,18,67,False
2006-10-30,0.07877459567726187,1.0,18,68,False
2006-10-31,0.07877459567726187,1.0,18,69,False
2006-11-01,0.07877459567726187,1.0,18,70,False
2006-11-02,0.07877459567726187,1.0,18,71,False
2006-11-03,0.07877459567726187,1.0,18,72,False
2006-11-06,0.07877459567726187,1.0,18,73,False
2006-11-07,0.07877459567726187,1.0,18,74,False
2006-11-08,0.07877459567726187,1.0,18,75,False
2006-11-09,0.07877459567726187,1.0,18,76,False
2006-11-10,0.07877459567726187,1.0,18,77,False
2006-11-13,0.07877459567726187,1.0,18,78,False
2006-11-14,0.07877459567726187,1.0,18,79,False
2006-11-15,0.07877459567726187,1.0,18,80,False
2006-11-16,0.07877459567726187,1.0,18,81,False
2006-11-17,0.07877459567726187,1.0,18,82,False
2006-11-20,0.07877459567726187,1.0,18,83,False
2006-11-21,0.07877459567726187,1.0,18,84,False
2006-11-22,0.07877459567726187,1.0,18,85,False
2006-11-24,0.07877459567726187,1.0,18,86,False
2006-11-27,0.07877459567726187,1.0,18,87,False
2006-11-28,0.07877459567726187,1.0,18,88,False
2006-11-29,0.07877459567726187,1.0,18,89,False
2006-11-30,0.07877459567726187,1.0,18,90,False
2006-12-01,0.07877459567726187,1.0,18,91,False
2006-12-04,0.07877459567726187,1.0,18,92,False
2006-12-05,0.07877459567726187,1.0,18,93,False
2006-12-06,0.07877459567726187,1.0,18,94,False
2006-12-07,0.07877459567726187,1.0,18,95,False
2006-12-08,0.07877459567726187,1.0,18,96,False
2006-12-11,0.07877459567726187,1.0,18,97,False
2006-12-12,0.07877459567726187,1.0,18,98,False
2006-12-13,0.07877459567726187,1.0,18,99,False
2006-12-14,0.07877459567726187,1.0,18,100,False
2006-12-15,0.07877459567726187,1.0,18,101,False
2006-12-18,0.07877459567726187,1.0,18,102,False
2006-12-19,0.07877459567726187,1.0,18,103,False
2006-12-20,0.07877459567726187,1.0,18,104,False
2006-12-21,0.07877459567726187,1.0,18,105,False
2006-12-22,0.07877459567726187,1.0,18,106,False
2006-12-26,0.07877459567726187,1.0,18,107,False
2006-12-27,0.07877459567726187,1.0,18,108,False
2006-12-28,0.07877459567726187,1.0,18,109,False
2006-12-29,0.07877459567726187,1.0,18,110,False
2007-01-03,0.07877459567726187,1.0,18,111,False
2007-01-04,0.07877459567726187,1.0,18,112,False
2007-01-05,0.07877459567726187,1.0,18,113,False
2007-01-08,0.07877459567726187,1.0,18,114,False
2007-01-09,0.07877459567726187,1.0,18,115,False
2007-01-10,0.07877459567726187,1.0,18,116,False
2007-01-11,0.07877459567726187,1.0,18,117,False
2007-01-12,0.07877459567726187,1.0,18,118,False
2007-01-16,0.07877459567726187,1.0,18,119,False
2007-01-17,0.07877459567726187,1.0,18,120,False
2007-01-18,0.07877459567726187,1.0,18,121,False
2007-01-19,0.07877459567726187,1.0,18,122,False
2007-01-22,0.07877459567726187,1.0,18,123,False
2007-01-23,0.07877459567726187,1.0,18,124,False
2007-01-24,0.07877459567726187,1.0,18,125,False
2007-01-25,0.07877459567726187,1.0,18,126,False
2007-01-26,0.07877459567726187,1.0,18,127,False
2007-01-29,0.07877459567726187,1.0,18,128,False
2007-01-30,0.07877459567726187,1.0,18,129,False
2007-01-31,0.07877459567726187,1.0,18,130,False
2007-02-01,0.07877459567726187,1.0,18,131,False
2007-02-02,0.07877459567726187,1.0,18,132,False
2007-02-05,0.07877459567726187,1.0,18,133,False
2007-02-06,0.07877459567726187,1.0,18,134,False
2007-02-07,0.07877459567726187,1.0,18,135,False
2007-02-08,0.07877459567726187,1.0,18,136,False
2007-02-09,0.07877459567726187,1.0,18,137,False
2007-02-12,0.07877459567726187,1.0,18,138,False
2007-02-13,0.07877459567726187,1.0,18,139,False
2007-02-14,0.07877459567726187,1.0,18,140,False
2007-02-15,0.07877459567726187,1.0,18,141,False
2007-02-16,0.07877459567726187,1.0,18,142,False
2007-02-20,0.07877459567726187,1.0,18,143,False
2007-02-21,0.07877459567726187,1.0,18,144,False
2007-02-22,0.07877459567726187,1.0,18,145,False
2007-02-23,0.07877459567726187,1.0,18,146,False
2007-02-26,0.07877459567726187,1.0,18,147,False
2007-02-27,0.07877459567726187,1.0,18,148,False
2007-02-28,0.07877459567726187,1.0,18,149,False
2007-03-01,0.07877459567726187,1.0,18,150,False
2007-03-02,0.07877459567726187,1.0,18,151,False
2007-03-05,0.07877459567726187,1.0,18,152,False
2007-03-06,0.07877459567726187,1.0,18,153,False
2007-03-07,0.07877459567726187,1.0,18,154,False
2007-03-08,0.07877459567726187,1.0,18,155,False
2007-03-09,0.07877459567726187,1.0,18,156,False
2007-03-12,0.07877459567726187,1.0,18,157,False
2007-03-13,0.07877459567726187,1.0,18,158,False
2007-03-14,0.07877459567726187,1.0,18,159,False
2007-03-15,0.07877459567726187,1.0,18,160,False
2007-03-16,0.07877459567726187,1.0,18,161,False
2007-03-19,0.07877459567726187,1.0,18,162,False
2007-03-20,0.07877459567726187,1.0,18,163,False
2007-03-21,0.1865966788461371,1.0,19,19,True
2007-03-22,0.1865966788461371,1.0,19,20,False
2007-03-23,0.1865966788461371,1.0,19,21,False
2007-03-26,0.1865966788461371,1.0,19,22,False
2007-03-27,0.1865966788461371,1.0,19,23,False
2007-03-28,0.1865966788461371,1.0,19,24,False
2007-03-29,0.1865966788461371,1.0,19,25,False
2007-03-30,0.1865966788461371,1.0,19,26,False
2007-04-02,0.1865966788461371,1.0,19,27,False
2007-04-03,0.1865966788461371,1.0,19,28,False
2007-04-04,0.1865966788461371,1.0,19,29,False
2007-04-05,0.1865966788461371,1.0,19,30,False
2007-04-09,0.1865966788461371,1.0,19,31,False
2007-04-10,0.1865966788461371,1.0,19,32,False
2007-04-11,0.1865966788461371,1.0,19,33,False
2007-04-12,0.1865966788461371,1.0,19,34,False
2007-04-13,0.1865966788461371,1.0,19,35,False
2007-04-16,0.1865966788461371,1.0,19,36,False
2007-04-17,0.1865966788461371,1.0,19,37,False
2007-04-18,0.1865966788461371,1.0,19,38,False
2007-04-19,0.1865966788461371,1.0,19,39,False
2007-04-20,0.1865966788461371,1.0,19,40,False
2007-04-23,0.1865966788461371,1.0,19,41,False
2007-04-24,0.1865966788461371,1.0,19,42,False
2007-04-25,0.1865966788461371,1.0,19,43,False
2007-04-26,0.1865966788461371,1.0,19,44,False
2007-04-27,0.1865966788461371,1.0,19,45,False
2007-04-30,0.1865966788461371,1.0,19,46,False
2007-05-01,0.1865966788461371,1.0,19,47,False
2007-05-02,0.1865966788461371,1.0,19,48,False
2007-05-03,0.1865966788461371,1.0,19,49,False
2007-05-04,0.1865966788461371,1.0,19,50,False
2007-05-07,0.1865966788461371,1.0,19,51,False
2007-05-08,0.1865966788461371,1.0,19,52,False
2007-05-09,0.1865966788461371,1.0,19,53,False
2007-05-10,0.1865966788461371,1.0,19,54,False
2007-05-11,0.1865966788461371,1.0,19,55,False
2007-05-14,0.1865966788461371,1.0,19,56,False
2007-05-15,0.1865966788461371,1.0,19,57,False
2007-05-16,0.1865966788461371,1.0,19,58,False
2007-05-17,0.1865966788461371,1.0,19,59,False
2007-05-18,0.1865966788461371,1.0,19,60,False
2007-05-21,0.1865966788461371,1.0,19,61,False
2007-05-22,0.1865966788461371,1.0,19,62,False
2007-05-23,0.1865966788461371,1.0,19,63,False
2007-05-24,0.1865966788461371,1.0,19,64,False
2007-05-25,0.1865966788461371,1.0,19,65,False
2007-05-29,0.1865966788461371,1.0,19,66,False
2007-05-30,0.1865966788461371,1.0,19,67,False
2007-05-31,0.1865966788461371,1.0,19,68,False
2007-06-01,0.1865966788461371,1.0,19,69,False
2007-06-04,0.1865966788461371,1.0,19,70,False
2007-06-05,0.1865966788461371,1.0,19,71,False
2007-06-06,0.1865966788461371,1.0,19,72,False
2007-06-07,0.1865966788461371,1.0,19,73,False
2007-06-08,0.1865966788461371,1.0,19,74,False
2007-06-11,0.1865966788461371,1.0,19,75,False
2007-06-12,0.1865966788461371,1.0,19,76,False
2007-06-13,0.1865966788461371,1.0,19,77,False
2007-06-14,0.1865966788461371,1.0,19,78,False
2007-06-15,0.1865966788461371,1.0,19,79,False
2007-06-18,0.1865966788461371,1.0,19,80,False
2007-06-19,0.1865966788461371,1.0,19,81,False
2007-06-20,0.1865966788461371,1.0,19,82,False
2007-06-21,0.1865966788461371,1.0,19,83,False
2007-06-22,0.1865966788461371,1.0,19,84,False
2007-06-25,0.1865966788461371,1.0,19,85,False
2007-06-26,0.1865966788461371,1.0,19,86,False
2007-06-27,0.1865966788461371,1.0,19,87,False
2007-06-28,0.1865966788461371,1.0,19,88,False
2007-06-29,0.1865966788461371,1.0,19,89,False
2007-07-02,0.1865966788461371,1.0,19,90,False
2007-07-03,0.1865966788461371,1.0,19,91,False
2007-07-05,0.1865966788461371,1.0,19,92,False
2007-07-06,0.1865966788461371,1.0,19,93,False
2007-07-09,0.1865966788461371,1.0,19,94,False
2007-07-10,0.1865966788461371,1.0,19,95,False
2007-07-11,0.1865966788461371,1.0,19,96,False
2007-07-12,0.1865966788461371,1.0,19,97,False
2007-07-13,0.1865966788461371,1.0,19,98,False
2007-07-16,0.1865966788461371,1.0,19,99,False
2007-07-17,0.1865966788461371,1.0,19,100,False
2007-07-18,0.1865966788461371,1.0,19,101,False
2007-07-19,0.1865966788461371,1.0,19,102,False
2007-07-20,0.1865966788461371,1.0,19,103,False
2007-07-23,0.1865966788461371,1.0,19,104,False
2007-07-24,0.1865966788461371,1.0,19,105,False
2007-07-25,0.1865966788461371,1.0,19,106,False
2007-07-26,0.1865966788461371,1.0,19,107,False
2007-07-27,0.1865966788461371,1.0,19,108,False
2007-07-30,0.1865966788461371,1.0,19,109,False
2007-07-31,0.1865966788461371,1.0,19,110,False
2007-08-01,0.1865966788461371,1.0,19,111,False
2007-08-02,0.1865966788461371,1.0,19,112,False
2007-08-03,0.1865966788461371,1.0,19,113,False
2007-08-06,0.1865966788461371,1.0,19,114,False
2007-08-07,0.1865966788461371,1.0,19,115,False
2007-08-08,0.1865966788461371,1.0,19,116,False
2007-08-09,0.1865966788461371,1.0,19,117,False
2007-08-10,0.1865966788461371,1.0,19,118,False
2007-08-13,0.1865966788461371,1.0,19,119,False
2007-08-14,0.1865966788461371,1.0,19,120,False
2007-08-15,0.1865966788461371,1.0,19,121,False
2007-08-16,0.1865966788461371,1.0,19,122,False
2007-08-17,0.1865966788461371,1.0,19,123,False
2007-08-20,0.1865966788461371,1.0,19,124,False
2007-08-21,0.1865966788461371,1.0,19,125,False
2007-08-22,0.1865966788461371,1.0,19,126,False
2007-08-23,0.1865966788461371,1.0,19,127,False
2007-08-24,0.1865966788461371,1.0,19,128,False
2007-08-27,0.1865966788461371,1.0,19,129,False
2007-08-28,0.1865966788461371,1.0,19,130,False
2007-08-29,0.1865966788461371,1.0,19,131,False
2007-08-30,0.1865966788461371,1.0,19,132,False
2007-08-31,0.1865966788461371,1.0,19,133,False
2007-09-04,0.1865966788461371,1.0,19,134,False
2007-09-05,0.1865966788461371,1.0,19,135,False
2007-09-06,0.1865966788461371,1.0,19,136,False
2007-09-07,0.1865966788461371,1.0,19,137,False
2007-09-10,0.1865966788461371,1.0,19,138,False
2007-09-11,0.1865966788461371,1.0,19,139,False
2007-09-12,0.1865966788461371,1.0,19,140,False
2007-09-13,0.1865966788461371,1.0,19,141,False
2007-09-14,0.1865966788461371,1.0,19,142,False
2007-09-17,0.1865966788461371,1.0,19,143,False
2007-09-18,0.1865966788461371,1.0,19,144,False
2007-09-19,0.1865966788461371,1.0,19,145,False
2007-09-20,0.1865966788461371,1.0,19,146,False
2007-09-21,0.1865966788461371,1.0,19,147,False
2007-09-24,0.1865966788461371,1.0,19,148,False
2007-09-25,0.1865966788461371,1.0,19,149,False
2007-09-26,0.1865966788461371,1.0,19,150,False
2007-09-27,0.1865966788461371,1.0,19,151,False
2007-09-28,0.1865966788461371,1.0,19,152,False
2007-10-01,0.1865966788461371,1.0,19,153,False
2007-10-02,0.1865966788461371,1.0,19,154,False
2007-10-03,0.1865966788461371,1.0,19,155,False
2007-10-04,0.1865966788461371,1.0,19,156,False
2007-10-05,0.1865966788461371,1.0,19,157,False
2007-10-08,0.1865966788461371,1.0,19,158,False
2007-10-09,0.1865966788461371,1.0,19,159,False
2007-10-10,0.1865966788461371,1.0,19,160,False
2007-10-11,0.1865966788461371,1.0,19,161,False
2007-10-12,0.1865966788461371,1.0,19,162,False
2007-10-15,0.1865966788461371,1.0,19,163,False
2007-10-16,0.1865966788461371,1.0,19,164,False
2007-10-17,0.1865966788461371,1.0,19,165,False
2007-10-18,0.1865966788461371,1.0,19,166,False
2007-10-19,0.1865966788461371,1.0,19,167,False
2007-10-22,0.1865966788461371,1.0,19,168,False
2007-10-23,0.1865966788461371,1.0,19,169,False
2007-10-24,0.1865966788461371,1.0,19,170,False
2007-10-25,0.1865966788461371,1.0,19,171,False
2007-10-26,0.1865966788461371,1.0,19,172,False
2007-10-29,0.1865966788461371,1.0,19,173,False
2007-10-30,0.1865966788461371,1.0,19,174,False
2007-10-31,0.1865966788461371,1.0,19,175,False
2007-11-01,0.1865966788461371,1.0,19,176,False
2007-11-02,0.1865966788461371,1.0,19,177,False
2007-11-05,0.1865966788461371,1.0,19,178,False
2007-11-06,0.1865966788461371,1.0,19,179,False
2007-11-07,0.1865966788461371,1.0,19,180,False
2007-11-08,0.1865966788461371,1.0,19,181,False
2007-11-09,0.1865966788461371,1.0,19,182,False
2007-11-12,0.1865966788461371,1.0,19,183,False
2007-11-13,0.1865966788461371,1.0,19,184,False
2007-11-14,0.1865966788461371,1.0,19,185,False
2007-11-15,0.1865966788461371,1.0,19,186,False
2007-11-16,0.1865966788461371,1.0,19,187,False
2007-11-19,0.1865966788461371,1.0,19,188,False
2007-11-20,0.1865966788461371,1.0,19,189,False
2007-11-21,0.1865966788461371,1.0,19,190,False
2007-11-23,0.1865966788461371,1.0,19,191,False
2007-11-26,0.1865966788461371,1.0,19,192,False
2007-11-27,0.1865966788461371,1.0,19,193,False
2007-11-28,0.1865966788461371,1.0,19,194,False
2007-11-29,0.1865966788461371,1.0,19,195,False
2007-11-30,0.1865966788461371,1.0,19,196,False
2007-12-03,0.1865966788461371,1.0,19,197,False
2007-12-04,0.1865966788461371,1.0,19,198,False
2007-12-05,0.1865966788461371,1.0,19,199,False
2007-12-06,0.1865966788461371,1.0,19,200,False
2007-12-07,0.1865966788461371,1.0,19,201,False
2007-12-10,0.1865966788461371,1.0,19,202,False
2007-12-11,0.1865966788461371,1.0,19,203,False
2007-12-12,0.1865966788461371,1.0,19,204,False
2007-12-13,0.1865966788461371,1.0,19,205,False
2007-12-14,0.1865966788461371,1.0,19,206,False
2007-12-17,0.1865966788461371,1.0,19,207,False
2007-12-18,0.1865966788461371,1.0,19,208,False
2007-12-19,0.1865966788461371,1.0,19,209,False
2007-12-20,0.1865966788461371,1.0,19,210,False
2007-12-21,0.1865966788461371,1.0,19,211,False
2007-12-24,0.1865966788461371,1.0,19,212,False
2007-12-26,0.1865966788461371,1.0,19,213,False
2007-12-27,0.1865966788461371,1.0,19,214,False
2007-12-28,0.1865966788461371,1.0,19,215,False
2007-12-31,0.1865966788461371,1.0,19,216,False
2008-01-02,0.1865966788461371,1.0,19,217,False
2008-01-03,0.1865966788461371,1.0,19,218,False
2008-01-04,0.1865966788461371,1.0,19,219,False
2008-01-07,0.1865966788461371,1.0,19,220,False
2008-01-08,0.1865966788461371,1.0,19,221,False
2008-01-09,0.1865966788461371,1.0,19,222,False
2008-01-10,0.1865966788461371,1.0,19,223,False
2008-01-11,0.1865966788461371,1.0,19,224,False
2008-01-14,0.1865966788461371,1.0,19,225,False
2008-01-15,0.1865966788461371,1.0,19,226,False
2008-01-16,0.1865966788461371,1.0,19,227,False
2008-01-17,0.1865966788461371,1.0,19,228,False
2008-01-18,0.1865966788461371,1.0,19,229,False
2008-01-22,0.1865966788461371,1.0,19,230,False
2008-01-23,0.1865966788461371,1.0,19,231,False
2008-01-24,0.1865966788461371,1.0,19,232,False
2008-01-25,0.1865966788461371,1.0,19,233,False
2008-01-28,0.1865966788461371,1.0,19,234,False
2008-01-29,0.1865966788461371,1.0,19,235,False
2008-01-30,0.1865966788461371,1.0,19,236,False
2008-01-31,0.1865966788461371,1.0,19,237,False
2008-02-01,0.1865966788461371,1.0,19,238,False
2008-02-04,0.1865966788461371,1.0,19,239,False
2008-02-05,0.1865966788461371,1.0,19,240,False
2008-02-06,0.1865966788461371,1.0,19,241,False
2008-02-07,0.1865966788461371,1.0,19,242,False
2008-02-08,0.1865966788461371,1.0,19,243,False
2008-02-11,0.1865966788461371,1.0,19,244,False
2008-02-12,0.1865966788461371,1.0,19,245,False
2008-02-13,0.1865966788461371,1.0,19,246,False
2008-02-14,0.1865966788461371,1.0,19,247,False
2008-02-15,0.1865966788461371,1.0,19,248,False
2008-02-19,0.1865966788461371,1.0,19,249,False
2008-02-20,0.1865966788461371,1.0,19,250,False
2008-02-21,0.1865966788461371,1.0,19,251,False
2008-02-22,0.1865966788461371,1.0,19,252,False
2008-02-25,0.1865966788461371,1.0,19,253,False
2008-02-26,0.1865966788461371,1.0,19,254,False
2008-02-27,0.1865966788461371,1.0,19,255,False
2008-02-28,0.1865966788461371,1.0,19,256,False
2008-02-29,0.1865966788461371,1.0,19,257,False
2008-03-03,0.1865966788461371,1.0,19,258,False
2008-03-04,0.1865966788461371,1.0,19,259,False
2008-03-05,0.1865966788461371,1.0,19,260,False
2008-03-06,0.1865966788461371,1.0,19,261,False
2008-03-07,0.1865966788461371,1.0,19,262,False
2008-03-10,0.1865966788461371,1.0,19,263,False
2008-03-11,0.1865966788461371,1.0,19,264,False
2008-03-12,0.1865966788461371,1.0,19,265,False
2008-03-13,0.1865966788461371,1.0,19,266,False
2008-03-14,0.1865966788461371,1.0,19,267,False
2008-03-17,0.1865966788461371,1.0,19,268,False
2008-03-18,0.1865966788461371,1.0,19,269,False
2008-03-19,0.1865966788461371,1.0,19,270,False
2008-03-20,0.1865966788461371,1.0,19,271,False
2008-03-24,0.1865966788461371,1.0,19,272,False
2008-03-25,0.1865966788461371,1.0,19,273,False
2008-03-26,0.1865966788461371,1.0,19,274,False
2008-03-27,0.1865966788461371,1.0,19,275,False
2008-03-28,0.1865966788461371,1.0,19,276,False
2008-03-31,0.1865966788461371,1.0,19,277,False
2008-04-01,0.1865966788461371,1.0,19,278,False
2008-04-02,0.1865966788461371,1.0,19,279,False
2008-04-03,0.1865966788461371,1.0,19,280,False
2008-04-04,0.1865966788461371,1.0,19,281,False
2008-04-07,0.1865966788461371,1.0,19,282,False
2008-04-08,0.1865966788461371,1.0,19,283,False
2008-04-09,0.1865966788461371,1.0,19,284,False
2008-04-10,0.1865966788461371,1.0,19,285,False
2008-04-11,0.1865966788461371,1.0,19,286,False
2008-04-14,0.1865966788461371,1.0,19,287,False
2008-04-15,0.1865966788461371,1.0,19,288,False
2008-04-16,0.1865966788461371,1.0,19,289,False
2008-04-17,0.1865966788461371,1.0,19,290,False
2008-04-18,0.1865966788461371,1.0,19,291,False
2008-04-21,0.1865966788461371,1.0,19,292,False
2008-04-22,0.1865966788461371,1.0,19,293,False
2008-04-23,0.1865966788461371,1.0,19,294,False
2008-04-24,0.1865966788461371,1.0,19,295,False
2008-04-25,0.1865966788461371,1.0,19,296,False
2008-04-28,0.1865966788461371,1.0,19,297,False
2008-04-29,0.1865966788461371,1.0,19,298,False
2008-04-30,0.1865966788461371,1.0,19,299,False
2008-05-01,0.1865966788461371,1.0,19,300,False
2008-05-02,0.1865966788461371,1.0,19,301,False
2008-05-05,0.1865966788461371,1.0,19,302,False
2008-05-06,0.1865966788461371,1.0,19,303,False
2008-05-07,0.1865966788461371,1.0,19,304,False
2008-05-08,0.1865966788461371,1.0,19,305,False
2008-05-09,0.1865966788461371,1.0,19,306,False
2008-05-12,0.1865966788461371,1.0,19,307,False
2008-05-13,0.1865966788461371,1.0,19,308,False
2008-05-14,0.1865966788461371,1.0,19,309,False
2008-05-15,0.1865966788461371,1.0,19,310,False
2008-05-16,0.1865966788461371,1.0,19,311,False
2008-05-19,0.1865966788461371,1.0,19,312,False
2008-05-20,0.1865966788461371,1.0,19,313,False
2008-05-21,0.1865966788461371,1.0,19,314,False
2008-05-22,0.1865966788461371,1.0,19,315,False
2008-05-23,0.1865966788461371,1.0,19,316,False
2008-05-27,0.1865966788461371,1.0,19,317,False
2008-05-28,0.1865966788461371,1.0,19,318,False
2008-05-29,0.1865966788461371,1.0,19,319,False
2008-05-30,0.1865966788461371,1.0,19,320,False
2008-06-02,0.1865966788461371,1.0,19,321,False
2008-06-03,0.1865966788461371,1.0,19,322,False
2008-06-04,0.1865966788461371,1.0,19,323,False
2008-06-05,0.1865966788461371,1.0,19,324,False
2008-06-06,0.1865966788461371,1.0,19,325,False
2008-06-09,0.1865966788461371,1.0,19,326,False
2008-06-10,0.1865966788461371,1.0,19,327,False
2008-06-11,0.1865966788461371,1.0,19,328,False
2008-06-12,0.1865966788461371,1.0,19,329,False
2008-06-13,0.1865966788461371,1.0,19,330,False
2008-06-16,0.1865966788461371,1.0,19,331,False
2008-06-17,0.1865966788461371,1.0,19,332,False
2008-06-18,0.1865966788461371,1.0,19,333,False
2008-06-19,0.1865966788461371,1.0,19,334,False
2008-06-20,0.1865966788461371,1.0,19,335,False
2008-06-23,0.1865966788461371,1.0,19,336,False
2008-06-24,0.1865966788461371,1.0,19,337,False
2008-06-25,0.1865966788461371,1.0,19,338,False
2008-06-26,0.1865966788461371,1.0,19,339,False
2008-06-27,0.1865966788461371,1.0,19,340,False
2008-06-30,0.1865966788461371,1.0,19,341,False
2008-07-01,0.1865966788461371,1.0,19,342,False
2008-07-02,0.1865966788461371,1.0,19,343,False
2008-07-03,0.1865966788461371,1.0,19,344,False
2008-07-07,0.1865966788461371,1.0,19,345,False
2008-07-08,0.1865966788461371,1.0,19,346,False
2008-07-09,0.1865966788461371,1.0,19,347,False
2008-07-10,0.1865966788461371,1.0,19,348,False
2008-07-11,0.1865966788461371,1.0,19,349,False
2008-07-14,0.1865966788461371,1.0,19,350,False
2008-07-15,0.1865966788461371,1.0,19,351,False
2008-07-16,0.1865966788461371,1.0,19,352,False
2008-07-17,0.1865966788461371,1.0,19,353,False
2008-07-18,0.1865966788461371,1.0,19,354,False
2008-07-21,0.1865966788461371,1.0,19,355,False
2008-07-22,0.1865966788461371,1.0,19,356,False
2008-07-23,0.1865966788461371,1.0,19,357,False
2008-07-24,0.1865966788461371,1.0,19,358,False
2008-07-25,0.1865966788461371,1.0,19,359,False
2008-07-28,0.1865966788461371,1.0,19,360,False
2008-07-29,0.1865966788461371,1.0,19,361,False
2008-07-30,0.1865966788461371,1.0,19,362,False
2008-07-31,0.1865966788461371,1.0,19,363,False
2008-08-01,0.1865966788461371,1.0,19,364,False
2008-08-04,0.1865966788461371,1.0,19,365,False
2008-08-05,0.1865966788461371,1.0,19,366,False
2008-08-06,0.1865966788461371,1.0,19,367,False
2008-08-07,0.1865966788461371,1.0,19,368,False
2008-08-08,0.1865966788461371,1.0,19,369,False
2008-08-11,0.1865966788461371,1.0,19,370,False
2008-08-12,0.1865966788461371,1.0,19,371,False
2008-08-13,0.1865966788461371,1.0,19,372,False
2008-08-14,0.1865966788461371,1.0,19,373,False
2008-08-15,0.1865966788461371,1.0,19,374,False
2008-08-18,0.1865966788461371,1.0,19,375,False
2008-08-19,0.1865966788461371,1.0,19,376,False
2008-08-20,0.1865966788461371,1.0,19,377,False
2008-08-21,0.1865966788461371,1.0,19,378,False
2008-08-22,0.1865966788461371,1.0,19,379,False
2008-08-25,0.1865966788461371,1.0,19,380,False
2008-08-26,0.1865966788461371,1.0,19,381,False
2008-08-27,0.1865966788461371,1.0,19,382,False
2008-08-28,0.1865966788461371,1.0,19,383,False
2008-08-29,0.1865966788461371,1.0,19,384,False
2008-09-02,0.1865966788461371,1.0,19,385,False
2008-09-03,0.1865966788461371,1.0,19,386,False
2008-09-04,0.1865966788461371,1.0,19,387,False
2008-09-05,0.1865966788461371,1.0,19,388,False
2008-09-08,0.1865966788461371,1.0,19,389,False
2008-09-09,0.1865966788461371,1.0,19,390,False
2008-09-10,0.1865966788461371,1.0,19,391,False
2008-09-11,0.1865966788461371,1.0,19,392,False
2008-09-12,0.1865966788461371,1.0,19,393,False
2008-09-15,0.1865966788461371,1.0,19,394,False
2008-09-16,0.1865966788461371,1.0,19,395,False
2008-09-17,0.1865966788461371,1.0,19,396,False
2008-09-18,0.1865966788461371,1.0,19,397,False
2008-09-19,0.1865966788461371,1.0,19,398,False
2008-09-22,0.1865966788461371,1.0,19,399,False
2008-09-23,0.1865966788461371,1.0,19,400,False
2008-09-24,0.1865966788461371,1.0,19,401,False
2008-09-25,0.1865966788461371,1.0,19,402,False
2008-09-26,0.1865966788461371,1.0,19,403,False
2008-09-29,0.1865966788461371,1.0,19,404,False
2008-09-30,0.1865966788461371,1.0,19,405,False
2008-10-01,0.1865966788461371,1.0,19,406,False
2008-10-02,0.1865966788461371,1.0,19,407,False
2008-10-03,0.1865966788461371,1.0,19,408,False
2008-10-06,0.1865966788461371,1.0,19,409,False
2008-10-07,0.1865966788461371,1.0,19,410,False
2008-10-08,0.1865966788461371,1.0,19,411,False
2008-10-09,0.1865966788461371,1.0,19,412,False
2008-10-10,0.1865966788461371,1.0,19,413,False
2008-10-13,0.1865966788461371,1.0,19,414,False
2008-10-14,0.1865966788461371,1.0,19,415,False
2008-10-15,0.1865966788461371,1.0,19,416,False
2008-10-16,0.1865966788461371,1.0,19,417,False
2008-10-17,0.1865966788461371,1.0,19,418,False
2008-10-20,0.1865966788461371,1.0,19,419,False
2008-10-21,0.1865966788461371,1.0,19,420,False
2008-10-22,0.1865966788461371,1.0,19,421,False
2008-10-23,0.1865966788461371,1.0,19,422,False
2008-10-24,0.1865966788461371,1.0,19,423,False
2008-10-27,0.1865966788461371,1.0,19,424,False
2008-10-28,0.1865966788461371,1.0,19,425,False
2008-10-29,0.1865966788461371,1.0,19,426,False
2008-10-30,0.1865966788461371,1.0,19,427,False
2008-10-31,0.1865966788461371,1.0,19,428,False
2008-11-03,0.1865966788461371,1.0,19,429,False
2008-11-04,0.1865966788461371,1.0,19,430,False
2008-11-05,0.7446015824247755,0.0,20,37,True
2008-11-06,0.7446015824247755,0.0,20,38,False
2008-11-07,0.7446015824247755,0.0,20,39,False
2008-11-10,0.7446015824247755,0.0,20,40,False
2008-11-11,0.7446015824247755,0.0,20,41,False
2008-11-12,0.7446015824247755,0.0,20,42,False
2008-11-13,0.7446015824247755,0.0,20,43,False
2008-11-14,0.7446015824247755,0.0,20,44,False
2008-11-17,0.7446015824247755,0.0,20,45,False
2008-11-18,0.7446015824247755,0.0,20,46,False
2008-11-19,0.7446015824247755,0.0,20,47,False
2008-11-20,0.7446015824247755,0.0,20,48,False
2008-11-21,0.7446015824247755,0.0,20,49,False
2008-11-24,0.7446015824247755,0.0,20,50,False
2008-11-25,0.7446015824247755,0.0,20,51,False
2008-11-26,0.7446015824247755,0.0,20,52,False
2008-11-28,0.7446015824247755,0.0,20,53,False
2008-12-01,0.7446015824247755,0.0,20,54,False
2008-12-02,0.7446015824247755,0.0,20,55,False
2008-12-03,0.7446015824247755,0.0,20,56,False
2008-12-04,0.7446015824247755,0.0,20,57,False
2008-12-05,0.7446015824247755,0.0,20,58,False
2008-12-08,0.7446015824247755,0.0,20,59,False
2008-12-09,0.7446015824247755,0.0,20,60,False
2008-12-10,0.7446015824247755,0.0,20,61,False
2008-12-11,0.7446015824247755,0.0,20,62,False
2008-12-12,0.7446015824247755,0.0,20,63,False
2008-12-15,0.7446015824247755,0.0,20,64,False
2008-12-16,0.7446015824247755,0.0,20,65,False
2008-12-17,0.7446015824247755,0.0,20,66,False
2008-12-18,0.7446015824247755,0.0,20,67,False
2008-12-19,0.7446015824247755,0.0,20,68,False
2008-12-22,0.7446015824247755,0.0,20,69,False
2008-12-23,0.7446015824247755,0.0,20,70,False
2008-12-24,0.7446015824247755,0.0,20,71,False
2008-12-26,0.7446015824247755,0.0,20,72,False
2008-12-29,0.7446015824247755,0.0,20,73,False
2008-12-30,0.7446015824247755,0.0,20,74,False
2008-12-31,0.7446015824247755,0.0,20,75,False
2009-01-02,0.7446015824247755,0.0,20,76,False
2009-01-05,0.3601908477193041,0.0,21,21,True
2009-01-06,0.3601908477193041,0.0,21,22,False
2009-01-07,0.3601908477193041,0.0,21,23,False
2009-01-08,0.3601908477193041,0.0,21,24,False
2009-01-09,0.3601908477193041,0.0,21,25,False
2009-01-12,0.3601908477193041,0.0,21,26,False
2009-01-13,0.3601908477193041,0.0,21,27,False
2009-01-14,0.3601908477193041,0.0,21,28,False
2009-01-15,0.3601908477193041,0.0,21,29,False
2009-01-16,0.3601908477193041,0.0,21,30,False
2009-01-20,0.3601908477193041,0.0,21,31,False
2009-01-21,0.3601908477193041,0.0,21,32,False
2009-01-22,0.3601908477193041,0.0,21,33,False
2009-01-23,0.3601908477193041,0.0,21,34,False
2009-01-26,0.3601908477193041,0.0,21,35,False
2009-01-27,0.3601908477193041,0.0,21,36,False
2009-01-28,0.3601908477193041,0.0,21,37,False
2009-01-29,0.3601908477193041,0.0,21,38,False
2009-01-30,0.3601908477193041,0.0,21,39,False
2009-02-02,0.3601908477193041,0.0,21,40,False
2009-02-03,0.3601908477193041,0.0,21,41,False
2009-02-04,0.3601908477193041,0.0,21,42,False
2009-02-05,0.3601908477193041,0.0,21,43,False
2009-02-06,0.3601908477193041,0.0,21,44,False
2009-02-09,0.3601908477193041,0.0,21,45,False
2009-02-10,0.3601908477193041,0.0,21,46,False
2009-02-11,0.3601908477193041,0.0,21,47,False
2009-02-12,0.3601908477193041,0.0,21,48,False
2009-02-13,0.3601908477193041,0.0,21,49,False
2009-02-17,0.3601908477193041,0.0,21,50,False
2009-02-18,0.3601908477193041,0.0,21,51,False
2009-02-19,0.3601908477193041,0.0,21,52,False
2009-02-20,0.3601908477193041,0.0,21,53,False
2009-02-23,0.3601908477193041,0.0,21,54,False
2009-02-24,0.3601908477193041,0.0,21,55,False
2009-02-25,0.3601908477193041,0.0,21,56,False
2009-02-26,0.3601908477193041,0.0,21,57,False
2009-02-27,0.3601908477193041,0.0,21,58,False
2009-03-02,0.3601908477193041,0.0,21,59,False
2009-03-03,0.3601908477193041,0.0,21,60,False
2009-03-04,0.3601908477193041,0.0,21,61,False
2009-03-05,0.3601908477193041,0.0,21,62,False
2009-03-06,0.3601908477193041,0.0,21,63,False
2009-03-09,0.3601908477193041,0.0,21,64,False
2009-03-10,0.3601908477193041,0.0,21,65,False
2009-03-11,0.3601908477193041,0.0,21,66,False
2009-03-12,0.3601908477193041,0.0,21,67,False
2009-03-13,0.3601908477193041,0.0,21,68,False
2009-03-16,0.3601908477193041,0.0,21,69,False
2009-03-17,0.3601908477193041,0.0,21,70,False
2009-03-18,0.3601908477193041,0.0,21,71,False
2009-03-19,0.3601908477193041,0.0,21,72,False
2009-03-20,0.3601908477193041,0.0,21,73,False
2009-03-23,0.3601908477193041,0.0,21,74,False
2009-03-24,0.3601908477193041,0.0,21,75,False
2009-03-25,0.3601908477193041,0.0,21,76,False
2009-03-26,0.3601908477193041,0.0,21,77,False
2009-03-27,0.3601908477193041,0.0,21,78,False
2009-03-30,0.3601908477193041,0.0,21,79,False
2009-03-31,0.3601908477193041,0.0,21,80,False
2009-04-01,0.3601908477193041,0.0,21,81,False
2009-04-02,0.3601908477193041,0.0,21,82,False
2009-04-03,0.3601908477193041,0.0,21,83,False
2009-04-06,0.3601908477193041,0.0,21,84,False
2009-04-07,0.3601908477193041,0.0,21,85,False
2009-04-08,0.3601908477193041,0.0,21,86,False
2009-04-09,0.3601908477193041,0.0,21,87,False
2009-04-13,0.3601908477193041,0.0,21,88,False
2009-04-14,0.3601908477193041,0.0,21,89,False
2009-04-15,0.3601908477193041,0.0,21,90,False
2009-04-16,0.3601908477193041,0.0,21,91,False
2009-04-17,0.3601908477193041,0.0,21,92,False
2009-04-20,0.3601908477193041,0.0,21,93,False
2009-04-21,0.3601908477193041,0.0,21,94,False
2009-04-22,0.3601908477193041,0.0,21,95,False
2009-04-23,0.3601908477193041,0.0,21,96,False
2009-04-24,0.3601908477193041,0.0,21,97,False
2009-04-27,0.3601908477193041,0.0,21,98,False
2009-04-28,0.3601908477193041,0.0,21,99,False
2009-04-29,0.3601908477193041,0.0,21,100,False
2009-04-30,0.3601908477193041,0.0,21,101,False
2009-05-01,0.3601908477193041,0.0,21,102,False
2009-05-04,0.3601908477193041,0.0,21,103,False
2009-05-05,0.3601908477193041,0.0,21,104,False
2009-05-06,0.3601908477193041,0.0,21,105,False
2009-05-07,0.3601908477193041,0.0,21,106,False
2009-05-08,0.3601908477193041,0.0,21,107,False
2009-05-11,0.3601908477193041,0.0,21,108,False
2009-05-12,0.3601908477193041,0.0,21,109,False
2009-05-13,0.3601908477193041,0.0,21,110,False
2009-05-14,0.3601908477193041,0.0,21,111,False
2009-05-15,0.3601908477193041,0.0,21,112,False
2009-05-18,0.3601908477193041,0.0,21,113,False
2009-05-19,0.3601908477193041,0.0,21,114,False
2009-05-20,0.3601908477193041,0.0,21,115,False
2009-05-21,0.3601908477193041,0.0,21,116,False
2009-05-22,0.3601908477193041,0.0,21,117,False
2009-05-26,0.3601908477193041,0.0,21,118,False
2009-05-27,0.3601908477193041,0.0,21,119,False
2009-05-28,0.3601908477193041,0.0,21,120,False
2009-05-29,0.3601908477193041,0.0,21,121,False
2009-06-01,0.3601908477193041,0.0,21,122,False
2009-06-02,0.3601908477193041,0.0,21,123,False
2009-06-03,0.3601908477193041,0.0,21,124,False
2009-06-04,0.3601908477193041,0.0,21,125,False
2009-06-05,0.3601908477193041,0.0,21,126,False
2009-06-08,0.3601908477193041,0.0,21,127,False
2009-06-09,0.3601908477193041,0.0,21,128,False
2009-06-10,0.3601908477193041,0.0,21,129,False
2009-06-11,0.3601908477193041,0.0,21,130,False
2009-06-12,0.3601908477193041,0.0,21,131,False
2009-06-15,0.3601908477193041,0.0,21,132,False
2009-06-16,0.3601908477193041,0.0,21,133,False
2009-06-17,0.3601908477193041,0.0,21,134,False
2009-06-18,0.3601908477193041,0.0,21,135,False
2009-06-19,0.3601908477193041,0.0,21,136,False
2009-06-22,0.3601908477193041,0.0,21,137,False
2009-06-23,0.3601908477193041,0.0,21,138,False
2009-06-24,0.3601908477193041,0.0,21,139,False
2009-06-25,0.3601908477193041,0.0,21,140,False
2009-06-26,0.3601908477193041,0.0,21,141,False
2009-06-29,0.3601908477193041,0.0,21,142,False
2009-06-30,0.3601908477193041,0.0,21,143,False
2009-07-01,0.3601908477193041,0.0,21,144,False
2009-07-02,0.3601908477193041,0.0,21,145,False
2009-07-06,0.3601908477193041,0.0,21,146,False
2009-07-07,0.3601908477193041,0.0,21,147,False
2009-07-08,0.3601908477193041,0.0,21,148,False
2009-07-09,0.3601908477193041,0.0,21,149,False
2009-07-10,0.3601908477193041,0.0,21,150,False
2009-07-13,0.3601908477193041,0.0,21,151,False
2009-07-14,0.3601908477193041,0.0,21,152,False
2009-07-15,0.3601908477193041,0.0,21,153,False
2009-07-16,0.3601908477193041,0.0,21,154,False
2009-07-17,0.3601908477193041,0.0,21,155,False
2009-07-20,0.3601908477193041,0.0,21,156,False
2009-07-21,0.3601908477193041,0.0,21,157,False
2009-07-22,0.3601908477193041,0.0,21,158,False
2009-07-23,0.3601908477193041,0.0,21,159,False
2009-07-24,0.3601908477193041,0.0,21,160,False
2009-07-27,0.3601908477193041,0.0,21,161,False
2009-07-28,0.3601908477193041,0.0,21,162,False
2009-07-29,0.3601908477193041,0.0,21,163,False
2009-07-30,0.3601908477193041,0.0,21,164,False
2009-07-31,0.3601908477193041,0.0,21,165,False
2009-08-03,0.3601908477193041,0.0,21,166,False
2009-08-04,0.3601908477193041,0.0,21,167,False
2009-08-05,0.3601908477193041,0.0,21,168,False
2009-08-06,0.3601908477193041,0.0,21,169,False
2009-08-07,0.3601908477193041,0.0,21,170,False
2009-08-10,0.3601908477193041,0.0,21,171,False
2009-08-11,0.3601908477193041,0.0,21,172,False
2009-08-12,0.3601908477193041,0.0,21,173,False
2009-08-13,0.3601908477193041,0.0,21,174,False
2009-08-14,0.3601908477193041,0.0,21,175,False
2009-08-17,0.3601908477193041,0.0,21,176,False
2009-08-18,0.3601908477193041,0.0,21,177,False
2009-08-19,0.3601908477193041,0.0,21,178,False
2009-08-20,0.3601908477193041,0.0,21,179,False
2009-08-21,0.3601908477193041,0.0,21,180,False
2009-08-24,0.3601908477193041,0.0,21,181,False
2009-08-25,0.3601908477193041,0.0,21,182,False
2009-08-26,0.3601908477193041,0.0,21,183,False
2009-08-27,0.3601908477193041,0.0,21,184,False
2009-08-28,0.3601908477193041,0.0,21,185,False
2009-08-31,0.3601908477193041,0.0,21,186,False
2009-09-01,0.3601908477193041,0.0,21,187,False
2009-09-02,0.3601908477193041,0.0,21,188,False
2009-09-03,0.3601908477193041,0.0,21,189,False
2009-09-04,0.3601908477193041,0.0,21,190,False
2009-09-08,0.3601908477193041,0.0,21,191,False
2009-09-09,0.3601908477193041,0.0,21,192,False
2009-09-10,0.3601908477193041,0.0,21,193,False
2009-09-11,0.3601908477193041,0.0,21,194,False
2009-09-14,0.3601908477193041,0.0,21,195,False
2009-09-15,0.3601908477193041,0.0,21,196,False
2009-09-16,0.3601908477193041,0.0,21,197,False
2009-09-17,0.3601908477193041,0.0,21,198,False
2009-09-18,0.3601908477193041,0.0,21,199,False
2009-09-21,0.3601908477193041,0.0,21,200,False
2009-09-22,0.3601908477193041,0.0,21,201,False
2009-09-23,0.3601908477193041,0.0,21,202,False
2009-09-24,0.3601908477193041,0.0,21,203,False
2009-09-25,0.3601908477193041,0.0,21,204,False
2009-09-28,0.3601908477193041,0.0,21,205,False
2009-09-29,0.3601908477193041,0.0,21,206,False
2009-09-30,0.3601908477193041,0.0,21,207,False
2009-10-01,0.3601908477193041,0.0,21,208,False
2009-10-02,0.3601908477193041,0.0,21,209,False
2009-10-05,0.3601908477193041,0.0,21,210,False
2009-10-06,0.3601908477193041,0.0,21,211,False
2009-10-07,0.3601908477193041,0.0,21,212,False
2009-10-08,0.3601908477193041,0.0,21,213,False
2009-10-09,0.3601908477193041,0.0,21,214,False
2009-10-12,0.3601908477193041,0.0,21,215,False
2009-10-13,0.3601908477193041,0.0,21,216,False
2009-10-14,0.3601908477193041,0.0,21,217,False
2009-10-15,0.3601908477193041,0.0,21,218,False
2009-10-16,0.3601908477193041,0.0,21,219,False
2009-10-19,0.3601908477193041,0.0,21,220,False
2009-10-20,0.3601908477193041,0.0,21,221,False
2009-10-21,0.3601908477193041,0.0,21,222,False
2009-10-22,0.3601908477193041,0.0,21,223,False
2009-10-23,0.3601908477193041,0.0,21,224,False
2009-10-26,0.3601908477193041,0.0,21,225,False
2009-10-27,0.3601908477193041,0.0,21,226,False
2009-10-28,0.3601908477193041,0.0,21,227,False
2009-10-29,0.3601908477193041,0.0,21,228,False
2009-10-30,0.3601908477193041,0.0,21,229,False
2009-11-02,0.3601908477193041,0.0,21,230,False
2009-11-03,0.3601908477193041,0.0,21,231,False
2009-11-04,0.3601908477193041,0.0,21,232,False
2009-11-05,0.3601908477193041,0.0,21,233,False
2009-11-06,0.3601908477193041,0.0,21,234,False
2009-11-09,0.3601908477193041,0.0,21,235,False
2009-11-10,0.3601908477193041,0.0,21,236,False
2009-11-11,0.3601908477193041,0.0,21,237,False
2009-11-12,0.3601908477193041,0.0,21,238,False
2009-11-13,0.3601908477193041,0.0,21,239,False
2009-11-16,0.3601908477193041,0.0,21,240,False
2009-11-17,0.3601908477193041,0.0,21,241,False
2009-11-18,0.3601908477193041,0.0,21,242,False
2009-11-19,0.3601908477193041,0.0,21,243,False
2009-11-20,0.3601908477193041,0.0,21,244,False
2009-11-23,0.3601908477193041,0.0,21,245,False
2009-11-24,0.3601908477193041,0.0,21,246,False
2009-11-25,0.3601908477193041,0.0,21,247,False
2009-11-27,0.3601908477193041,0.0,21,248,False
2009-11-30,0.3601908477193041,0.0,21,249,False
2009-12-01,0.3601908477193041,0.0,21,250,False
2009-12-02,0.3601908477193041,0.0,21,251,False
2009-12-03,0.3601908477193041,0.0,21,252,False
2009-12-04,0.3601908477193041,0.0,21,253,False
2009-12-07,0.3601908477193041,0.0,21,254,False
2009-12-08,0.3601908477193041,0.0,21,255,False
2009-12-09,0.3601908477193041,0.0,21,256,False
2009-12-10,0.3601908477193041,0.0,21,257,False
2009-12-11,0.3601908477193041,0.0,21,258,False
2009-12-14,0.3601908477193041,0.0,21,259,False
2009-12-15,0.3601908477193041,0.0,21,260,False
2009-12-16,0.3601908477193041,0.0,21,261,False
2009-12-17,0.3601908477193041,0.0,21,262,False
2009-12-18,0.3601908477193041,0.0,21,263,False
2009-12-21,0.3601908477193041,0.0,21,264,False
2009-12-22,0.3601908477193041,0.0,21,265,False
2009-12-23,0.3601908477193041,0.0,21,266,False
2009-12-24,0.3601908477193041,0.0,21,267,False
2009-12-28,0.3601908477193041,0.0,21,268,False
2009-12-29,0.3601908477193041,0.0,21,269,False
2009-12-30,0.3601908477193041,0.0,21,270,False
2009-12-31,0.3601908477193041,0.0,21,271,False
2010-01-04,0.3601908477193041,0.0,21,272,False
2010-01-05,0.3601908477193041,0.0,21,273,False
2010-01-06,0.3601908477193041,0.0,21,274,False
2010-01-07,0.3601908477193041,0.0,21,275,False
2010-01-08,0.3601908477193041,0.0,21,276,False
2010-01-11,0.3601908477193041,0.0,21,277,False
2010-01-12,0.3601908477193041,0.0,21,278,False
2010-01-13,0.3601908477193041,0.0,21,279,False
2010-01-14,0.3601908477193041,0.0,21,280,False
2010-01-15,0.3601908477193041,0.0,21,281,False
2010-01-19,0.3601908477193041,0.0,21,282,False
2010-01-20,0.3601908477193041,0.0,21,283,False
2010-01-21,0.3601908477193041,0.0,21,284,False
2010-01-22,0.3601908477193041,0.0,21,285,False
2010-01-25,0.3601908477193041,0.0,21,286,False
2010-01-26,0.3601908477193041,0.0,21,287,False
2010-01-27,0.3601908477193041,0.0,21,288,False
2010-01-28,0.3601908477193041,0.0,21,289,False
2010-01-29,0.3601908477193041,0.0,21,290,False
2010-02-01,0.3601908477193041,0.0,21,291,False
2010-02-02,0.3601908477193041,0.0,21,292,False
2010-02-03,0.3601908477193041,0.0,21,293,False
2010-02-04,0.3601908477193041,0.0,21,294,False
2010-02-05,0.3601908477193041,0.0,21,295,False
2010-02-08,0.3601908477193041,0.0,21,296,False
2010-02-09,0.3601908477193041,0.0,21,297,False
2010-02-10,0.3601908477193041,0.0,21,298,False
2010-02-11,0.3601908477193041,0.0,21,299,False
2010-02-12,0.3601908477193041,0.0,21,300,False
2010-02-16,0.3601908477193041,0.0,21,301,False
2010-02-17,0.3601908477193041,0.0,21,302,False
2010-02-18,0.3601908477193041,0.0,21,303,False
2010-02-19,0.3601908477193041,0.0,21,304,False
2010-02-22,0.3601908477193041,0.0,21,305,False
2010-02-23,0.3601908477193041,0.0,21,306,False
2010-02-24,0.3601908477193041,0.0,21,307,False
2010-02-25,0.3601908477193041,0.0,21,308,False
2010-02-26,0.3601908477193041,0.0,21,309,False
2010-03-01,0.3601908477193041,0.0,21,310,False
2010-03-02,0.3601908477193041,0.0,21,311,False
2010-03-03,0.3601908477193041,0.0,21,312,False
2010-03-04,0.3601908477193041,0.0,21,313,False
2010-03-05,0.3601908477193041,0.0,21,314,False
2010-03-08,0.3601908477193041,0.0,21,315,False
2010-03-09,0.3601908477193041,0.0,21,316,False
2010-03-10,0.3601908477193041,0.0,21,317,False
2010-03-11,0.3601908477193041,0.0,21,318,False
2010-03-12,0.3601908477193041,0.0,21,319,False
2010-03-15,0.3601908477193041,0.0,21,320,False
2010-03-16,0.3601908477193041,0.0,21,321,False
2010-03-17,0.3601908477193041,0.0,21,322,False
2010-03-18,0.3601908477193041,0.0,21,323,False
2010-03-19,0.3601908477193041,0.0,21,324,False
2010-03-22,0.3601908477193041,0.0,21,325,False
2010-03-23,0.3601908477193041,0.0,21,326,False
2010-03-24,0.3601908477193041,0.0,21,327,False
2010-03-25,0.3601908477193041,0.0,21,328,False
2010-03-26,0.3601908477193041,0.0,21,329,False
2010-03-29,0.3601908477193041,0.0,21,330,False
2010-03-30,0.3601908477193041,0.0,21,331,False
2010-03-31,0.3601908477193041,0.0,21,332,False
2010-04-01,0.3601908477193041,0.0,21,333,False
2010-04-05,0.3601908477193041,0.0,21,334,False
2010-04-06,0.3601908477193041,0.0,21,335,False
2010-04-07,0.3601908477193041,0.0,21,336,False
2010-04-08,0.3601908477193041,0.0,21,337,False
2010-04-09,0.3601908477193041,0.0,21,338,False
2010-04-12,0.3601908477193041,0.0,21,339,False
2010-04-13,0.3601908477193041,0.0,21,340,False
2010-04-14,0.3601908477193041,0.0,21,341,False
2010-04-15,0.3601908477193041,0.0,21,342,False
2010-04-16,0.3601908477193041,0.0,21,343,False
2010-04-19,0.3601908477193041,0.0,21,344,False
2010-04-20,0.3601908477193041,0.0,21,345,False
2010-04-21,0.3601908477193041,0.0,21,346,False
2010-04-22,0.3601908477193041,0.0,21,347,False
2010-04-23,0.3601908477193041,0.0,21,348,False
2010-04-26,0.3601908477193041,0.0,21,349,False
2010-04-27,0.3601908477193041,0.0,21,350,False
2010-04-28,0.3601908477193041,0.0,21,351,False
2010-04-29,0.3601908477193041,0.0,21,352,False
2010-04-30,0.3601908477193041,0.0,21,353,False
2010-05-03,0.3601908477193041,0.0,21,354,False
2010-05-04,0.3601908477193041,0.0,21,355,False
2010-05-05,0.3601908477193041,0.0,21,356,False
2010-05-06,0.3601908477193041,0.0,21,357,False
2010-05-07,0.2163610470067756,0.0,22,19,True
2010-05-10,0.2163610470067756,0.0,22,20,False
2010-05-11,0.2163610470067756,0.0,22,21,False
2010-05-12,0.2163610470067756,0.0,22,22,False
2010-05-13,0.2163610470067756,0.0,22,23,False
2010-05-14,0.2163610470067756,0.0,22,24,False
2010-05-17,0.2163610470067756,0.0,22,25,False
2010-05-18,0.2163610470067756,0.0,22,26,False
2010-05-19,0.2163610470067756,0.0,22,27,False
2010-05-20,0.2163610470067756,0.0,22,28,False
2010-05-21,0.2163610470067756,0.0,22,29,False
2010-05-24,0.2163610470067756,0.0,22,30,False
2010-05-25,0.2163610470067756,0.0,22,31,False
2010-05-26,0.2163610470067756,0.0,22,32,False
2010-05-27,0.2163610470067756,0.0,22,33,False
2010-05-28,0.2163610470067756,0.0,22,34,False
2010-06-01,0.2163610470067756,0.0,22,35,False
2010-06-02,0.2163610470067756,0.0,22,36,False
2010-06-03,0.2163610470067756,0.0,22,37,False
2010-06-04,0.2163610470067756,0.0,22,38,False
2010-06-07,0.2163610470067756,0.0,22,39,False
2010-06-08,0.2163610470067756,0.0,22,40,False
2010-06-09,0.2163610470067756,0.0,22,41,False
2010-06-10,0.2163610470067756,0.0,22,42,False
2010-06-11,0.2163610470067756,0.0,22,43,False
2010-06-14,0.2163610470067756,0.0,22,44,False
2010-06-15,0.2163610470067756,0.0,22,45,False
2010-06-16,0.2163610470067756,0.0,22,46,False
2010-06-17,0.2163610470067756,0.0,22,47,False
2010-06-18,0.2163610470067756,0.0,22,48,False
2010-06-21,0.2163610470067756,0.0,22,49,False
2010-06-22,0.2163610470067756,0.0,22,50,False
2010-06-23,0.2163610470067756,0.0,22,51,False
2010-06-24,0.2163610470067756,0.0,22,52,False
2010-06-25,0.2163610470067756,0.0,22,53,False
2010-06-28,0.2163610470067756,0.0,22,54,False
2010-06-29,0.2163610470067756,0.0,22,55,False
2010-06-30,0.2163610470067756,0.0,22,56,False
2010-07-01,0.2163610470067756,0.0,22,57,False
2010-07-02,0.2163610470067756,0.0,22,58,False
2010-07-06,0.2163610470067756,0.0,22,59,False
2010-07-07,0.2163610470067756,0.0,22,60,False
2010-07-08,0.2163610470067756,0.0,22,61,False
2010-07-09,0.2163610470067756,0.0,22,62,False
2010-07-12,0.2163610470067756,0.0,22,63,False
2010-07-13,0.2163610470067756,0.0,22,64,False
2010-07-14,0.2163610470067756,0.0,22,65,False
2010-07-15,0.2163610470067756,0.0,22,66,False
2010-07-16,0.2163610470067756,0.0,22,67,False
2010-07-19,0.2163610470067756,0.0,22,68,False
2010-07-20,0.2163610470067756,0.0,22,69,False
2010-07-21,0.2163610470067756,0.0,22,70,False
2010-07-22,0.2163610470067756,0.0,22,71,False
2010-07-23,0.2163610470067756,0.0,22,72,False
2010-07-26,0.2163610470067756,0.0,22,73,False
2010-07-27,0.2163610470067756,0.0,22,74,False
2010-07-28,0.2163610470067756,0.0,22,75,False
2010-07-29,0.2163610470067756,0.0,22,76,False
2010-07-30,0.2163610470067756,0.0,22,77,False
2010-08-02,0.21348267119500122,0.0,23,39,True
2010-08-03,0.21348267119500122,0.0,23,40,False
2010-08-04,0.21348267119500122,0.0,23,41,False
2010-08-05,0.21348267119500122,0.0,23,42,False
2010-08-06,0.21348267119500122,0.0,23,43,False
2010-08-09,0.21348267119500122,0.0,23,44,False
2010-08-10,0.21348267119500122,0.0,23,45,False
2010-08-11,0.21348267119500122,0.0,23,46,False
2010-08-12,0.21348267119500122,0.0,23,47,False
2010-08-13,0.21348267119500122,0.0,23,48,False
2010-08-16,0.21348267119500122,0.0,23,49,False
2010-08-17,0.21348267119500122,0.0,23,50,False
2010-08-18,0.21348267119500122,0.0,23,51,False
2010-08-19,0.21348267119500122,0.0,23,52,False
2010-08-20,0.21348267119500122,0.0,23,53,False
2010-08-23,0.21348267119500122,0.0,23,54,False
2010-08-24,0.21348267119500122,0.0,23,55,False
2010-08-25,0.21348267119500122,0.0,23,56,False
2010-08-26,0.21348267119500122,0.0,23,57,False
2010-08-27,0.21348267119500122,0.0,23,58,False
2010-08-30,0.21348267119500122,0.0,23,59,False
2010-08-31,0.21348267119500122,0.0,23,60,False
2010-09-01,0.21348267119500122,0.0,23,61,False
2010-09-02,0.21348267119500122,0.0,23,62,False
2010-09-03,0.21348267119500122,0.0,23,63,False
2010-09-07,0.21348267119500122,0.0,23,64,False
2010-09-08,0.21348267119500122,0.0,23,65,False
2010-09-09,0.21348267119500122,0.0,23,66,False
2010-09-10,0.21348267119500122,0.0,23,67,False
2010-09-13,0.21348267119500122,0.0,23,68,False
2010-09-14,0.21348267119500122,0.0,23,69,False
2010-09-15,0.21348267119500122,0.0,23,70,False
2010-09-16,0.21348267119500122,0.0,23,71,False
2010-09-17,0.21348267119500122,0.0,23,72,False
2010-09-20,0.21348267119500122,0.0,23,73,False
2010-09-21,0.21348267119500122,0.0,23,74,False
2010-09-22,0.21348267119500122,0.0,23,75,False
2010-09-23,0.21348267119500122,0.0,23,76,False
2010-09-24,0.21348267119500122,0.0,23,77,False
2010-09-27,0.21348267119500122,0.0,23,78,False
2010-09-28,0.21348267119500122,0.0,23,79,False
2010-09-29,0.21348267119500122,0.0,23,80,False
2010-09-30,0.21348267119500122,0.0,23,81,False
2010-10-01,0.21348267119500122,0.0,23,82,False
2010-10-04,0.21348267119500122,0.0,23,83,False
2010-10-05,0.21348267119500122,0.0,23,84,False
2010-10-06,0.21348267119500122,0.0,23,85,False
2010-10-07,0.21348267119500122,0.0,23,86,False
2010-10-08,0.21348267119500122,0.0,23,87,False
2010-10-11,0.21348267119500122,0.0,23,88,False
2010-10-12,0.21348267119500122,0.0,23,89,False
2010-10-13,0.21348267119500122,0.0,23,90,False
2010-10-14,0.21348267119500122,0.0,23,91,False
2010-10-15,0.21348267119500122,0.0,23,92,False
2010-10-18,0.21348267119500122,0.0,23,93,False
2010-10-19,0.21348267119500122,0.0,23,94,False
2010-10-20,0.21348267119500122,0.0,23,95,False
2010-10-21,0.21348267119500122,0.0,23,96,False
2010-10-22,0.21348267119500122,0.0,23,97,False
2010-10-25,0.21348267119500122,0.0,23,98,False
2010-10-26,0.21348267119500122,0.0,23,99,False
2010-10-27,0.21348267119500122,0.0,23,100,False
2010-10-28,0.21348267119500122,0.0,23,101,False
2010-10-29,0.21348267119500122,0.0,23,102,False
2010-11-01,0.21348267119500122,0.0,23,103,False
2010-11-02,0.21348267119500122,0.0,23,104,False
2010-11-03,0.21348267119500122,0.0,23,105,False
2010-11-04,0.21348267119500122,0.0,23,106,False
2010-11-05,0.21348267119500122,0.0,23,107,False
2010-11-08,0.21348267119500122,0.0,23,108,False
2010-11-09,0.21348267119500122,0.0,23,109,False
2010-11-10,0.21348267119500122,0.0,23,110,False
2010-11-11,0.21348267119500122,0.0,23,111,False
2010-11-12,0.21348267119500122,0.0,23,112,False
2010-11-15,0.21348267119500122,0.0,23,113,False
2010-11-16,0.21348267119500122,0.0,23,114,False
2010-11-17,0.21348267119500122,0.0,23,115,False
2010-11-18,0.21348267119500122,0.0,23,116,False
2010-11-19,0.21348267119500122,0.0,23,117,False
2010-11-22,0.21348267119500122,0.0,23,118,False
2010-11-23,0.21348267119500122,0.0,23,119,False
2010-11-24,0.21348267119500122,0.0,23,120,False
2010-11-26,0.21348267119500122,0.0,23,121,False
2010-11-29,0.21348267119500122,0.0,23,122,False
2010-11-30,0.21348267119500122,0.0,23,123,False
2010-12-01,0.21348267119500122,0.0,23,124,False
2010-12-02,0.21348267119500122,0.0,23,125,False
2010-12-03,0.21348267119500122,0.0,23,126,False
2010-12-06,0.21348267119500122,0.0,23,127,False
2010-12-07,0.21348267119500122,0.0,23,128,False
2010-12-08,0.21348267119500122,0.0,23,129,False
2010-12-09,0.21348267119500122,0.0,23,130,False
2010-12-10,0.21348267119500122,0.0,23,131,False
2010-12-13,0.21348267119500122,0.0,23,132,False
2010-12-14,0.21348267119500122,0.0,23,133,False
2010-12-15,0.21348267119500122,0.0,23,134,False
2010-12-16,0.21348267119500122,0.0,23,135,False
2010-12-17,0.21348267119500122,0.0,23,136,False
2010-12-20,0.21348267119500122,0.0,23,137,False
2010-12-21,0.21348267119500122,0.0,23,138,False
2010-12-22,0.21348267119500122,0.0,23,139,False
2010-12-23,0.21348267119500122,0.0,23,140,False
2010-12-27,0.21348267119500122,0.0,23,141,False
2010-12-28,0.21348267119500122,0.0,23,142,False
2010-12-29,0.21348267119500122,0.0,23,143,False
2010-12-30,0.21348267119500122,0.0,23,144,False
2010-12-31,0.21348267119500122,0.0,23,145,False
2011-01-03,0.21348267119500122,0.0,23,146,False
2011-01-04,0.21348267119500122,0.0,23,147,False
2011-01-05,0.21348267119500122,0.0,23,148,False
2011-01-06,0.21348267119500122,0.0,23,149,False
2011-01-07,0.21348267119500122,0.0,23,150,False
2011-01-10,0.21348267119500122,0.0,23,151,False
2011-01-11,0.21348267119500122,0.0,23,152,False
2011-01-12,0.21348267119500122,0.0,23,153,False
2011-01-13,0.21348267119500122,0.0,23,154,False
2011-01-14,0.21348267119500122,0.0,23,155,False
2011-01-18,0.21348267119500122,0.0,23,156,False
2011-01-19,0.21348267119500122,0.0,23,157,False
2011-01-20,0.21348267119500122,0.0,23,158,False
2011-01-21,0.21348267119500122,0.0,23,159,False
2011-01-24,0.21348267119500122,0.0,23,160,False
2011-01-25,0.21348267119500122,0.0,23,161,False
2011-01-26,0.21348267119500122,0.0,23,162,False
2011-01-27,0.21348267119500122,0.0,23,163,False
2011-01-28,0.21348267119500122,0.0,23,164,False
2011-01-31,0.21348267119500122,0.0,23,165,False
2011-02-01,0.21348267119500122,0.0,23,166,False
2011-02-02,0.21348267119500122,0.0,23,167,False
2011-02-03,0.21348267119500122,0.0,23,168,False
2011-02-04,0.21348267119500122,0.0,23,169,False
2011-02-07,0.21348267119500122,0.0,23,170,False
2011-02-08,0.21348267119500122,0.0,23,171,False
2011-02-09,0.21348267119500122,0.0,23,172,False
2011-02-10,0.21348267119500122,0.0,23,173,False
2011-02-11,0.21348267119500122,0.0,23,174,False
2011-02-14,0.21348267119500122,0.0,23,175,False
2011-02-15,0.21348267119500122,0.0,23,176,False
2011-02-16,0.21348267119500122,0.0,23,177,False
2011-02-17,0.21348267119500122,0.0,23,178,False
2011-02-18,0.21348267119500122,0.0,23,179,False
2011-02-22,0.21348267119500122,0.0,23,180,False
2011-02-23,0.21348267119500122,0.0,23,181,False
2011-02-24,0.21348267119500122,0.0,23,182,False
2011-02-25,0.21348267119500122,0.0,23,183,False
2011-02-28,0.21348267119500122,0.0,23,184,False
2011-03-01,0.21348267119500122,0.0,23,185,False
2011-03-02,0.21348267119500122,0.0,23,186,False
2011-03-03,0.21348267119500122,0.0,23,187,False
2011-03-04,0.21348267119500122,0.0,23,188,False
2011-03-07,0.21348267119500122,0.0,23,189,False
2011-03-08,0.21348267119500122,0.0,23,190,False
2011-03-09,0.21348267119500122,0.0,23,191,False
2011-03-10,0.21348267119500122,0.0,23,192,False
2011-03-11,0.21348267119500122,0.0,23,193,False
2011-03-14,0.21348267119500122,0.0,23,194,False
2011-03-15,0.21348267119500122,0.0,23,195,False
2011-03-16,0.21348267119500122,0.0,23,196,False
2011-03-17,0.21348267119500122,0.0,23,197,False
2011-03-18,0.17835345600853503,1.0,24,19,True
2011-03-21,0.17835345600853503,1.0,24,20,False
2011-03-22,0.17835345600853503,1.0,24,21,False
2011-03-23,0.17835345600853503,1.0,24,22,False
2011-03-24,0.17835345600853503,1.0,24,23,False
2011-03-25,0.17835345600853503,1.0,24,24,False
2011-03-28,0.17835345600853503,1.0,24,25,False
2011-03-29,0.17835345600853503,1.0,24,26,False
2011-03-30,0.17835345600853503,1.0,24,27,False
2011-03-31,0.17835345600853503,1.0,24,28,False
2011-04-01,0.17835345600853503,1.0,24,29,False
2011-04-04,0.17835345600853503,1.0,24,30,False
2011-04-05,0.17835345600853503,1.0,24,31,False
2011-04-06,0.17835345600853503,1.0,24,32,False
2011-04-07,0.17835345600853503,1.0,24,33,False
2011-04-08,0.17835345600853503,1.0,24,34,False
2011-04-11,0.17835345600853503,1.0,24,35,False
2011-04-12,0.17835345600853503,1.0,24,36,False
2011-04-13,0.17835345600853503,1.0,24,37,False
2011-04-14,0.17835345600853503,1.0,24,38,False
2011-04-15,0.17835345600853503,1.0,24,39,False
2011-04-18,0.17835345600853503,1.0,24,40,False
2011-04-19,0.17835345600853503,1.0,24,41,False
2011-04-20,0.17835345600853503,1.0,24,42,False
2011-04-21,0.17835345600853503,1.0,24,43,False
2011-04-25,0.17835345600853503,1.0,24,44,False
2011-04-26,0.17835345600853503,1.0,24,45,False
2011-04-27,0.17835345600853503,1.0,24,46,False
2011-04-28,0.17835345600853503,1.0,24,47,False
2011-04-29,0.17835345600853503,1.0,24,48,False
2011-05-02,0.17835345600853503,1.0,24,49,False
2011-05-03,0.17835345600853503,1.0,24,50,False
2011-05-04,0.17835345600853503,1.0,24,51,False
2011-05-05,0.17835345600853503,1.0,24,52,False
2011-05-06,0.17835345600853503,1.0,24,53,False
2011-05-09,0.17835345600853503,1.0,24,54,False
2011-05-10,0.17835345600853503,1.0,24,55,False
2011-05-11,0.17835345600853503,1.0,24,56,False
2011-05-12,0.17835345600853503,1.0,24,57,False
2011-05-13,0.17835345600853503,1.0,24,58,False
2011-05-16,0.17835345600853503,1.0,24,59,False
2011-05-17,0.17835345600853503,1.0,24,60,False
2011-05-18,0.17835345600853503,1.0,24,61,False
2011-05-19,0.17835345600853503,1.0,24,62,False
2011-05-20,0.17835345600853503,1.0,24,63,False
2011-05-23,0.17835345600853503,1.0,24,64,False
2011-05-24,0.17835345600853503,1.0,24,65,False
2011-05-25,0.17835345600853503,1.0,24,66,False
2011-05-26,0.17835345600853503,1.0,24,67,False
2011-05-27,0.17835345600853503,1.0,24,68,False
2011-05-31,0.17835345600853503,1.0,24,69,False
2011-06-01,0.17835345600853503,1.0,24,70,False
2011-06-02,0.17835345600853503,1.0,24,71,False
2011-06-03,0.17835345600853503,1.0,24,72,False
2011-06-06,0.17835345600853503,1.0,24,73,False
2011-06-07,0.17835345600853503,1.0,24,74,False
2011-06-08,0.17835345600853503,1.0,24,75,False
2011-06-09,0.17835345600853503,1.0,24,76,False
2011-06-10,0.17835345600853503,1.0,24,77,False
2011-06-13,0.17835345600853503,1.0,24,78,False
2011-06-14,0.17835345600853503,1.0,24,79,False
2011-06-15,0.17835345600853503,1.0,24,80,False
2011-06-16,0.17835345600853503,1.0,24,81,False
2011-06-17,0.17835345600853503,1.0,24,82,False
2011-06-20,0.17835345600853503,1.0,24,83,False
2011-06-21,0.17835345600853503,1.0,24,84,False
2011-06-22,0.17835345600853503,1.0,24,85,False
2011-06-23,0.17835345600853503,1.0,24,86,False
2011-06-24,0.17835345600853503,1.0,24,87,False
2011-06-27,0.17835345600853503,1.0,24,88,False
2011-06-28,0.17835345600853503,1.0,24,89,False
2011-06-29,0.17835345600853503,1.0,24,90,False
2011-06-30,0.17835345600853503,1.0,24,91,False
2011-07-01,0.17835345600853503,1.0,24,92,False
2011-07-05,0.17835345600853503,1.0,24,93,False
2011-07-06,0.17835345600853503,1.0,24,94,False
2011-07-07,0.17835345600853503,1.0,24,95,False
2011-07-08,0.17835345600853503,1.0,24,96,False
2011-07-11,0.17835345600853503,1.0,24,97,False
2011-07-12,0.17835345600853503,1.0,24,98,False
2011-07-13,0.17835345600853503,1.0,24,99,False
2011-07-14,0.17835345600853503,1.0,24,100,False
2011-07-15,0.17835345600853503,1.0,24,101,False
2011-07-18,0.17835345600853503,1.0,24,102,False
2011-07-19,0.17835345600853503,1.0,24,103,False
2011-07-20,0.17835345600853503,1.0,24,104,False
2011-07-21,0.17835345600853503,1.0,24,105,False
2011-07-22,0.17835345600853503,1.0,24,106,False
2011-07-25,0.17835345600853503,1.0,24,107,False
2011-07-26,0.17835345600853503,1.0,24,108,False
2011-07-27,0.17835345600853503,1.0,24,109,False
2011-07-28,0.17835345600853503,1.0,24,110,False
2011-07-29,0.17835345600853503,1.0,24,111,False
2011-08-01,0.17835345600853503,1.0,24,112,False
2011-08-02,0.17835345600853503,1.0,24,113,False
2011-08-03,0.17835345600853503,1.0,24,114,False
2011-08-04,0.17835345600853503,1.0,24,115,False
2011-08-05,0.17835345600853503,1.0,24,116,False
2011-08-08,0.17835345600853503,1.0,24,117,False
2011-08-09,0.17835345600853503,1.0,24,118,False
2011-08-10,0.17835345600853503,1.0,24,119,False
2011-08-11,0.17835345600853503,1.0,24,120,False
2011-08-12,0.17835345600853503,1.0,24,121,False
2011-08-15,0.17835345600853503,1.0,24,122,False
2011-08-16,0.17835345600853503,1.0,24,123,False
2011-08-17,0.17835345600853503,1.0,24,124,False
2011-08-18,0.17835345600853503,1.0,24,125,False
2011-08-19,0.17835345600853503,1.0,24,126,False
2011-08-22,0.17835345600853503,1.0,24,127,False
2011-08-23,0.17835345600853503,1.0,24,128,False
2011-08-24,0.17835345600853503,1.0,24,129,False
2011-08-25,0.17835345600853503,1.0,24,130,False
2011-08-26,0.17835345600853503,1.0,24,131,False
2011-08-29,0.17835345600853503,1.0,24,132,False
2011-08-30,0.17835345600853503,1.0,24,133,False
2011-08-31,0.17835345600853503,1.0,24,134,False
2011-09-01,0.17835345600853503,1.0,24,135,False
2011-09-02,0.17835345600853503,1.0,24,136,False
2011-09-06,0.17835345600853503,1.0,24,137,False
2011-09-07,0.17835345600853503,1.0,24,138,False
2011-09-08,0.17835345600853503,1.0,24,139,False
2011-09-09,0.17835345600853503,1.0,24,140,False
2011-09-12,0.17835345600853503,1.0,24,141,False
2011-09-13,0.17835345600853503,1.0,24,142,False
2011-09-14,0.17835345600853503,1.0,24,143,False
2011-09-15,0.17835345600853503,1.0,24,144,False
2011-09-16,0.17835345600853503,1.0,24,145,False
2011-09-19,0.17835345600853503,1.0,24,146,False
2011-09-20,0.17835345600853503,1.0,24,147,False
2011-09-21,0.17835345600853503,1.0,24,148,False
2011-09-22,0.17835345600853503,1.0,24,149,False
2011-09-23,0.17835345600853503,1.0,24,150,False
2011-09-26,0.17835345600853503,1.0,24,151,False
2011-09-27,0.17835345600853503,1.0,24,152,False
2011-09-28,0.17835345600853503,1.0,24,153,False
2011-09-29,0.17835345600853503,1.0,24,154,False
2011-09-30,0.17835345600853503,1.0,24,155,False
2011-10-03,0.17835345600853503,1.0,24,156,False
2011-10-04,0.17835345600853503,1.0,24,157,False
2011-10-05,0.17835345600853503,1.0,24,158,False
2011-10-06,0.17835345600853503,1.0,24,159,False
2011-10-07,0.17835345600853503,1.0,24,160,False
2011-10-10,0.17835345600853503,1.0,24,161,False
2011-10-11,0.17835345600853503,1.0,24,162,False
2011-10-12,0.17835345600853503,1.0,24,163,False
2011-10-13,0.17835345600853503,1.0,24,164,False
2011-10-14,0.17835345600853503,1.0,24,165,False
2011-10-17,0.17835345600853503,1.0,24,166,False
2011-10-18,0.17835345600853503,1.0,24,167,False
2011-10-19,0.17835345600853503,1.0,24,168,False
2011-10-20,0.17835345600853503,1.0,24,169,False
2011-10-21,0.17835345600853503,1.0,24,170,False
2011-10-24,0.17835345600853503,1.0,24,171,False
2011-10-25,0.17835345600853503,1.0,24,172,False
2011-10-26,0.17835345600853503,1.0,24,173,False
2011-10-27,0.17835345600853503,1.0,24,174,False
2011-10-28,0.17835345600853503,1.0,24,175,False
2011-10-31,0.17835345600853503,1.0,24,176,False
2011-11-01,0.17835345600853503,1.0,24,177,False
2011-11-02,0.17835345600853503,1.0,24,178,False
2011-11-03,0.17835345600853503,1.0,24,179,False
2011-11-04,0.17835345600853503,1.0,24,180,False
2011-11-07,0.17835345600853503,1.0,24,181,False
2011-11-08,0.17835345600853503,1.0,24,182,False
2011-11-09,0.17835345600853503,1.0,24,183,False
2011-11-10,0.17835345600853503,1.0,24,184,False
2011-11-11,0.17835345600853503,1.0,24,185,False
2011-11-14,0.17835345600853503,1.0,24,186,False
2011-11-15,0.17835345600853503,1.0,24,187,False
2011-11-16,0.17835345600853503,1.0,24,188,False
2011-11-17,0.17835345600853503,1.0,24,189,False
2011-11-18,0.17835345600853503,1.0,24,190,False
2011-11-21,0.17835345600853503,1.0,24,191,False
2011-11-22,0.17835345600853503,1.0,24,192,False
2011-11-23,0.17835345600853503,1.0,24,193,False
2011-11-25,0.17835345600853503,1.0,24,194,False
2011-11-28,0.17835345600853503,1.0,24,195,False
2011-11-29,0.17835345600853503,1.0,24,196,False
2011-11-30,0.17835345600853503,1.0,24,197,False
2011-12-01,0.17835345600853503,1.0,24,198,False
2011-12-02,0.17835345600853503,1.0,24,199,False
2011-12-05,0.17835345600853503,1.0,24,200,False
2011-12-06,0.17835345600853503,1.0,24,201,False
2011-12-07,0.17835345600853503,1.0,24,202,False
2011-12-08,0.17835345600853503,1.0,24,203,False
2011-12-09,0.17835345600853503,1.0,24,204,False
2011-12-12,0.17835345600853503,1.0,24,205,False
2011-12-13,0.17835345600853503,1.0,24,206,False
2011-12-14,0.17835345600853503,1.0,24,207,False
2011-12-15,0.17835345600853503,1.0,24,208,False
2011-12-16,0.17835345600853503,1.0,24,209,False
2011-12-19,0.17835345600853503,1.0,24,210,False
2011-12-20,0.17835345600853503,1.0,24,211,False
2011-12-21,0.17835345600853503,1.0,24,212,False
2011-12-22,0.17835345600853503,1.0,24,213,False
2011-12-23,0.17835345600853503,1.0,24,214,False
2011-12-27,0.17835345600853503,1.0,24,215,False
2011-12-28,0.17835345600853503,1.0,24,216,False
2011-12-29,0.17835345600853503,1.0,24,217,False
2011-12-30,0.17835345600853503,1.0,24,218,False
2012-01-03,0.17835345600853503,1.0,24,219,False
2012-01-04,0.17835345600853503,1.0,24,220,False
2012-01-05,0.17835345600853503,1.0,24,221,False
2012-01-06,0.17835345600853503,1.0,24,222,False
2012-01-09,0.17835345600853503,1.0,24,223,False
2012-01-10,0.17835345600853503,1.0,24,224,False
2012-01-11,0.17835345600853503,1.0,24,225,False
2012-01-12,0.17835345600853503,1.0,24,226,False
2012-01-13,0.17835345600853503,1.0,24,227,False
2012-01-17,0.17835345600853503,1.0,24,228,False
2012-01-18,0.17835345600853503,1.0,24,229,False
2012-01-19,0.17835345600853503,1.0,24,230,False
2012-01-20,0.17835345600853503,1.0,24,231,False
2012-01-23,0.17835345600853503,1.0,24,232,False
2012-01-24,0.17835345600853503,1.0,24,233,False
2012-01-25,0.17835345600853503,1.0,24,234,False
2012-01-26,0.17835345600853503,1.0,24,235,False
2012-01-27,0.17835345600853503,1.0,24,236,False
2012-01-30,0.17835345600853503,1.0,24,237,False
2012-01-31,0.17835345600853503,1.0,24,238,False
2012-02-01,0.17835345600853503,1.0,24,239,False
2012-02-02,0.17835345600853503,1.0,24,240,False
2012-02-03,0.1451920996400671,1.0,25,43,True
2012-02-06,0.1451920996400671,1.0,25,44,False
2012-02-07,0.1451920996400671,1.0,25,45,False
2012-02-08,0.1451920996400671,1.0,25,46,False
2012-02-09,0.1451920996400671,1.0,25,47,False
2012-02-10,0.1451920996400671,1.0,25,48,False
2012-02-13,0.1451920996400671,1.0,25,49,False
2012-02-14,0.1451920996400671,1.0,25,50,False
2012-02-15,0.1451920996400671,1.0,25,51,False
2012-02-16,0.1451920996400671,1.0,25,52,False
2012-02-17,0.1451920996400671,1.0,25,53,False
2012-02-21,0.1451920996400671,1.0,25,54,False
2012-02-22,0.1451920996400671,1.0,25,55,False
2012-02-23,0.1451920996400671,1.0,25,56,False
2012-02-24,0.1451920996400671,1.0,25,57,False
2012-02-27,0.1451920996400671,1.0,25,58,False
2012-02-28,0.1451920996400671,1.0,25,59,False
2012-02-29,0.1451920996400671,1.0,25,60,False
2012-03-01,0.1451920996400671,1.0,25,61,False
2012-03-02,0.1451920996400671,1.0,25,62,False
2012-03-05,0.1451920996400671,1.0,25,63,False
2012-03-06,0.1451920996400671,1.0,25,64,False
2012-03-07,0.1451920996400671,1.0,25,65,False
2012-03-08,0.1451920996400671,1.0,25,66,False
2012-03-09,0.1451920996400671,1.0,25,67,False
2012-03-12,0.1451920996400671,1.0,25,68,False
2012-03-13,0.1451920996400671,1.0,25,69,False
2012-03-14,0.1451920996400671,1.0,25,70,False
2012-03-15,0.1451920996400671,1.0,25,71,False
2012-03-16,0.1451920996400671,1.0,25,72,False
2012-03-19,0.1451920996400671,1.0,25,73,False
2012-03-20,0.1451920996400671,1.0,25,74,False
2012-03-21,0.1451920996400671,1.0,25,75,False
2012-03-22,0.1451920996400671,1.0,25,76,False
2012-03-23,0.1451920996400671,1.0,25,77,False
2012-03-26,0.1451920996400671,1.0,25,78,False
2012-03-27,0.1451920996400671,1.0,25,79,False
2012-03-28,0.1451920996400671,1.0,25,80,False
2012-03-29,0.1451920996400671,1.0,25,81,False
2012-03-30,0.1451920996400671,1.0,25,82,False
2012-04-02,0.1451920996400671,1.0,25,83,False
2012-04-03,0.1451920996400671,1.0,25,84,False
2012-04-04,0.1451920996400671,1.0,25,85,False
2012-04-05,0.1451920996400671,1.0,25,86,False
2012-04-09,0.1451920996400671,1.0,25,87,False
2012-04-10,0.1451920996400671,1.0,25,88,False
2012-04-11,0.1451920996400671,1.0,25,89,False
2012-04-12,0.1451920996400671,1.0,25,90,False
2012-04-13,0.1451920996400671,1.0,25,91,False
2012-04-16,0.1451920996400671,1.0,25,92,False
2012-04-17,0.1451920996400671,1.0,25,93,False
2012-04-18,0.1451920996400671,1.0,25,94,False
2012-04-19,0.1451920996400671,1.0,25,95,False
2012-04-20,0.1451920996400671,1.0,25,96,False
2012-04-23,0.1451920996400671,1.0,25,97,False
2012-04-24,0.1451920996400671,1.0,25,98,False
2012-04-25,0.1451920996400671,1.0,25,99,False
2012-04-26,0.1451920996400671,1.0,25,100,False
2012-04-27,0.1451920996400671,1.0,25,101,False
2012-04-30,0.1451920996400671,1.0,25,102,False
2012-05-01,0.1451920996400671,1.0,25,103,False
2012-05-02,0.1451920996400671,1.0,25,104,False
2012-05-03,0.1451920996400671,1.0,25,105,False
2012-05-04,0.1451920996400671,1.0,25,106,False
2012-05-07,0.1451920996400671,1.0,25,107,False
2012-05-08,0.1451920996400671,1.0,25,108,False
2012-05-09,0.1451920996400671,1.0,25,109,False
2012-05-10,0.1451920996400671,1.0,25,110,False
2012-05-11,0.1451920996400671,1.0,25,111,False
2012-05-14,0.1451920996400671,1.0,25,112,False
2012-05-15,0.1451920996400671,1.0,25,113,False
2012-05-16,0.1451920996400671,1.0,25,114,False
2012-05-17,0.1451920996400671,1.0,25,115,False
2012-05-18,0.1451920996400671,1.0,25,116,False
2012-05-21,0.1451920996400671,1.0,25,117,False
2012-05-22,0.1451920996400671,1.0,25,118,False
2012-05-23,0.1451920996400671,1.0,25,119,False
2012-05-24,0.1451920996400671,1.0,25,120,False
2012-05-25,0.1451920996400671,1.0,25,121,False
2012-05-29,0.1451920996400671,1.0,25,122,False
2012-05-30,0.1451920996400671,1.0,25,123,False
2012-05-31,0.1451920996400671,1.0,25,124,False
2012-06-01,0.1451920996400671,1.0,25,125,False
2012-06-04,0.1451920996400671,1.0,25,126,False
2012-06-05,0.1451920996400671,1.0,25,127,False
2012-06-06,0.1451920996400671,1.0,25,128,False
2012-06-07,0.1451920996400671,1.0,25,129,False
2012-06-08,0.1451920996400671,1.0,25,130,False
2012-06-11,0.1451920996400671,1.0,25,131,False
2012-06-12,0.1451920996400671,1.0,25,132,False
2012-06-13,0.1451920996400671,1.0,25,133,False
2012-06-14,0.1451920996400671,1.0,25,134,False
2012-06-15,0.1451920996400671,1.0,25,135,False
2012-06-18,0.1451920996400671,1.0,25,136,False
2012-06-19,0.1451920996400671,1.0,25,137,False
2012-06-20,0.1451920996400671,1.0,25,138,False
2012-06-21,0.1451920996400671,1.0,25,139,False
2012-06-22,0.1451920996400671,1.0,25,140,False
2012-06-25,0.1451920996400671,1.0,25,141,False
2012-06-26,0.1451920996400671,1.0,25,142,False
2012-06-27,0.1451920996400671,1.0,25,143,False
2012-06-28,0.1451920996400671,1.0,25,144,False
2012-06-29,0.1451920996400671,1.0,25,145,False
2012-07-02,0.1451920996400671,1.0,25,146,False
2012-07-03,0.1451920996400671,1.0,25,147,False
2012-07-05,0.1451920996400671,1.0,25,148,False
2012-07-06,0.1451920996400671,1.0,25,149,False
2012-07-09,0.1451920996400671,1.0,25,150,False
2012-07-10,0.1451920996400671,1.0,25,151,False
2012-07-11,0.1451920996400671,1.0,25,152,False
2012-07-12,0.1451920996400671,1.0,25,153,False
2012-07-13,0.1451920996400671,1.0,25,154,False
2012-07-16,0.1451920996400671,1.0,25,155,False
2012-07-17,0.1451920996400671,1.0,25,156,False
2012-07-18,0.1451920996400671,1.0,25,157,False
2012-07-19,0.1451920996400671,1.0,25,158,False
2012-07-20,0.1451920996400671,1.0,25,159,False
2012-07-23,0.1451920996400671,1.0,25,160,False
2012-07-24,0.1451920996400671,1.0,25,161,False
2012-07-25,0.1451920996400671,1.0,25,162,False
2012-07-26,0.1451920996400671,1.0,25,163,False
2012-07-27,0.1451920996400671,1.0,25,164,False
2012-07-30,0.1451920996400671,1.0,25,165,False
2012-07-31,0.1451920996400671,1.0,25,166,False
2012-08-01,0.1451920996400671,1.0,25,167,False
2012-08-02,0.1451920996400671,1.0,25,168,False
2012-08-03,0.1451920996400671,1.0,25,169,False
2012-08-06,0.1451920996400671,1.0,25,170,False
2012-08-07,0.1451920996400671,1.0,25,171,False
2012-08-08,0.1451920996400671,1.0,25,172,False
2012-08-09,0.1451920996400671,1.0,25,173,False
2012-08-10,0.1451920996400671,1.0,25,174,False
2012-08-13,0.1451920996400671,1.0,25,175,False
2012-08-14,0.1451920996400671,1.0,25,176,False
2012-08-15,0.1451920996400671,1.0,25,177,False
2012-08-16,0.1451920996400671,1.0,25,178,False
2012-08-17,0.1451920996400671,1.0,25,179,False
2012-08-20,0.1451920996400671,1.0,25,180,False
2012-08-21,0.1451920996400671,1.0,25,181,False
2012-08-22,0.1451920996400671,1.0,25,182,False
2012-08-23,0.1451920996400671,1.0,25,183,False
2012-08-24,0.1451920996400671,1.0,25,184,False
2012-08-27,0.1451920996400671,1.0,25,185,False
2012-08-28,0.1451920996400671,1.0,25,186,False
2012-08-29,0.1451920996400671,1.0,25,187,False
2012-08-30,0.1451920996400671,1.0,25,188,False
2012-08-31,0.1451920996400671,1.0,25,189,False
2012-09-04,0.1451920996400671,1.0,25,190,False
2012-09-05,0.1451920996400671,1.0,25,191,False
2012-09-06,0.1451920996400671,1.0,25,192,False
2012-09-07,0.1451920996400671,1.0,25,193,False
2012-09-10,0.1451920996400671,1.0,25,194,False
2012-09-11,0.1451920996400671,1.0,25,195,False
2012-09-12,0.1451920996400671,1.0,25,196,False
2012-09-13,0.1451920996400671,1.0,25,197,False
2012-09-14,0.1451920996400671,1.0,25,198,False
2012-09-17,0.1451920996400671,1.0,25,199,False
2012-09-18,0.1451920996400671,1.0,25,200,False
2012-09-19,0.1451920996400671,1.0,25,201,False
2012-09-20,0.1451920996400671,1.0,25,202,False
2012-09-21,0.1451920996400671,1.0,25,203,False
2012-09-24,0.1451920996400671,1.0,25,204,False
2012-09-25,0.1451920996400671,1.0,25,205,False
2012-09-26,0.1451920996400671,1.0,25,206,False
2012-09-27,0.1451920996400671,1.0,25,207,False
2012-09-28,0.1451920996400671,1.0,25,208,False
2012-10-01,0.1451920996400671,1.0,25,209,False
2012-10-02,0.1451920996400671,1.0,25,210,False
2012-10-03,0.1451920996400671,1.0,25,211,False
2012-10-04,0.1451920996400671,1.0,25,212,False
2012-10-05,0.1451920996400671,1.0,25,213,False
2012-10-08,0.1451920996400671,1.0,25,214,False
2012-10-09,0.1451920996400671,1.0,25,215,False
2012-10-10,0.1451920996400671,1.0,25,216,False
2012-10-11,0.1451920996400671,1.0,25,217,False
2012-10-12,0.1451920996400671,1.0,25,218,False
2012-10-15,0.1451920996400671,1.0,25,219,False
2012-10-16,0.1451920996400671,1.0,25,220,False
2012-10-17,0.1451920996400671,1.0,25,221,False
2012-10-18,0.1451920996400671,1.0,25,222,False
2012-10-19,0.1451920996400671,1.0,25,223,False
2012-10-22,0.1451920996400671,1.0,25,224,False
2012-10-23,0.1451920996400671,1.0,25,225,False
2012-10-24,0.1451920996400671,1.0,25,226,False
2012-10-25,0.1451920996400671,1.0,25,227,False
2012-10-26,0.1451920996400671,1.0,25,228,False
2012-10-31,0.1451920996400671,1.0,25,229,False
2012-11-01,0.1451920996400671,1.0,25,230,False
2012-11-02,0.1451920996400671,1.0,25,231,False
2012-11-05,0.1451920996400671,1.0,25,232,False
2012-11-06,0.1451920996400671,1.0,25,233,False
2012-11-07,0.1451920996400671,1.0,25,234,False
2012-11-08,0.1451920996400671,1.0,25,235,False
2012-11-09,0.1451920996400671,1.0,25,236,False
2012-11-12,0.1451920996400671,1.0,25,237,False
2012-11-13,0.1451920996400671,1.0,25,238,False
2012-11-14,0.1451920996400671,1.0,25,239,False
2012-11-15,0.1451920996400671,1.0,25,240,False
2012-11-16,0.1451920996400671,1.0,25,241,False
2012-11-19,0.1451920996400671,1.0,25,242,False
2012-11-20,0.1451920996400671,1.0,25,243,False
2012-11-21,0.1451920996400671,1.0,25,244,False
2012-11-23,0.1451920996400671,1.0,25,245,False
2012-11-26,0.1451920996400671,1.0,25,246,False
2012-11-27,0.1451920996400671,1.0,25,247,False
2012-11-28,0.1451920996400671,1.0,25,248,False
2012-11-29,0.1451920996400671,1.0,25,249,False
2012-11-30,0.1451920996400671,1.0,25,250,False
2012-12-03,0.1451920996400671,1.0,25,251,False
2012-12-04,0.1451920996400671,1.0,25,252,False
2012-12-05,0.1451920996400671,1.0,25,253,False
2012-12-06,0.1451920996400671,1.0,25,254,False
2012-12-07,0.1451920996400671,1.0,25,255,False
2012-12-10,0.1451920996400671,1.0,25,256,False
2012-12-11,0.1451920996400671,1.0,25,257,False
2012-12-12,0.1451920996400671,1.0,25,258,False
2012-12-13,0.1451920996400671,1.0,25,259,False
2012-12-14,0.1451920996400671,1.0,25,260,False
2012-12-17,0.1451920996400671,1.0,25,261,False
2012-12-18,0.1451920996400671,1.0,25,262,False
2012-12-19,0.1451920996400671,1.0,25,263,False
2012-12-20,0.1451920996400671,1.0,25,264,False
2012-12-21,0.1451920996400671,1.0,25,265,False
2012-12-24,0.1451920996400671,1.0,25,266,False
2012-12-26,0.1451920996400671,1.0,25,267,False
2012-12-27,0.1451920996400671,1.0,25,268,False
2012-12-28,0.1451920996400671,1.0,25,269,False
2012-12-31,0.1451920996400671,1.0,25,270,False
2013-01-02,0.1451920996400671,1.0,25,271,False
2013-01-03,0.1451920996400671,1.0,25,272,False
2013-01-04,0.1451920996400671,1.0,25,273,False
2013-01-07,0.1451920996400671,1.0,25,274,False
2013-01-08,0.1451920996400671,1.0,25,275,False
2013-01-09,0.1451920996400671,1.0,25,276,False
2013-01-10,0.1451920996400671,1.0,25,277,False
2013-01-11,0.1451920996400671,1.0,25,278,False
2013-01-14,0.1451920996400671,1.0,25,279,False
2013-01-15,0.1451920996400671,1.0,25,280,False
2013-01-16,0.1451920996400671,1.0,25,281,False
2013-01-17,0.1451920996400671,1.0,25,282,False
2013-01-18,0.1451920996400671,1.0,25,283,False
2013-01-22,0.1451920996400671,1.0,25,284,False
2013-01-23,0.1451920996400671,1.0,25,285,False
2013-01-24,0.1451920996400671,1.0,25,286,False
2013-01-25,0.1451920996400671,1.0,25,287,False
2013-01-28,0.1451920996400671,1.0,25,288,False
2013-01-29,0.1451920996400671,1.0,25,289,False
2013-01-30,0.1451920996400671,1.0,25,290,False
2013-01-31,0.1451920996400671,1.0,25,291,False
2013-02-01,0.1451920996400671,1.0,25,292,False
2013-02-04,0.1451920996400671,1.0,25,293,False
2013-02-05,0.1451920996400671,1.0,25,294,False
2013-02-06,0.1451920996400671,1.0,25,295,False
2013-02-07,0.1451920996400671,1.0,25,296,False
2013-02-08,0.1451920996400671,1.0,25,297,False
2013-02-11,0.1451920996400671,1.0,25,298,False
2013-02-12,0.1451920996400671,1.0,25,299,False
2013-02-13,0.1451920996400671,1.0,25,300,False
2013-02-14,0.1451920996400671,1.0,25,301,False
2013-02-15,0.1451920996400671,1.0,25,302,False
2013-02-19,0.1451920996400671,1.0,25,303,False
2013-02-20,0.1451920996400671,1.0,25,304,False
2013-02-21,0.1451920996400671,1.0,25,305,False
2013-02-22,0.1451920996400671,1.0,25,306,False
2013-02-25,0.1451920996400671,1.0,25,307,False
2013-02-26,0.1451920996400671,1.0,25,308,False
2013-02-27,0.1451920996400671,1.0,25,309,False
2013-02-28,0.1451920996400671,1.0,25,310,False
2013-03-01,0.1451920996400671,1.0,25,311,False
2013-03-04,0.1451920996400671,1.0,25,312,False
2013-03-05,0.1451920996400671,1.0,25,313,False
2013-03-06,0.1451920996400671,1.0,25,314,False
2013-03-07,0.1451920996400671,1.0,25,315,False
2013-03-08,0.1451920996400671,1.0,25,316,False
2013-03-11,0.1451920996400671,1.0,25,317,False
2013-03-12,0.1451920996400671,1.0,25,318,False
2013-03-13,0.1451920996400671,1.0,25,319,False
2013-03-14,0.1451920996400671,1.0,25,320,False
2013-03-15,0.1451920996400671,1.0,25,321,False
2013-03-18,0.1451920996400671,1.0,25,322,False
2013-03-19,0.1451920996400671,1.0,25,323,False
2013-03-20,0.1451920996400671,1.0,25,324,False
2013-03-21,0.1451920996400671,1.0,25,325,False
2013-03-22,0.1451920996400671,1.0,25,326,False
2013-03-25,0.1451920996400671,1.0,25,327,False
2013-03-26,0.1451920996400671,1.0,25,328,False
2013-03-27,0.1451920996400671,1.0,25,329,False
2013-03-28,0.1451920996400671,1.0,25,330,False
2013-04-01,0.1451920996400671,1.0,25,331,False
2013-04-02,0.1451920996400671,1.0,25,332,False
2013-04-03,0.1451920996400671,1.0,25,333,False
2013-04-04,0.1451920996400671,1.0,25,334,False
2013-04-05,0.1451920996400671,1.0,25,335,False
2013-04-08,0.1451920996400671,1.0,25,336,False
2013-04-09,0.1451920996400671,1.0,25,337,False
2013-04-10,0.1451920996400671,1.0,25,338,False
2013-04-11,0.1451920996400671,1.0,25,339,False
2013-04-12,0.1451920996400671,1.0,25,340,False
2013-04-15,0.1451920996400671,1.0,25,341,False
2013-04-16,0.1451920996400671,1.0,25,342,False
2013-04-17,0.1451920996400671,1.0,25,343,False
2013-04-18,0.1451920996400671,1.0,25,344,False
2013-04-19,0.1451920996400671,1.0,25,345,False
2013-04-22,0.1451920996400671,1.0,25,346,False
2013-04-23,0.1451920996400671,1.0,25,347,False
2013-04-24,0.1451920996400671,1.0,25,348,False
2013-04-25,0.1451920996400671,1.0,25,349,False
2013-04-26,0.1451920996400671,1.0,25,350,False
2013-04-29,0.1451920996400671,1.0,25,351,False
2013-04-30,0.1451920996400671,1.0,25,352,False
2013-05-01,0.1451920996400671,1.0,25,353,False
2013-05-02,0.1451920996400671,1.0,25,354,False
2013-05-03,0.1451920996400671,1.0,25,355,False
2013-05-06,0.1451920996400671,1.0,25,356,False
2013-05-07,0.1451920996400671,1.0,25,357,False
2013-05-08,0.1451920996400671,1.0,25,358,False
2013-05-09,0.1451920996400671,1.0,25,359,False
2013-05-10,0.1451920996400671,1.0,25,360,False
2013-05-13,0.1451920996400671,1.0,25,361,False
2013-05-14,0.1451920996400671,1.0,25,362,False
2013-05-15,0.1451920996400671,1.0,25,363,False
2013-05-16,0.1451920996400671,1.0,25,364,False
2013-05-17,0.1451920996400671,1.0,25,365,False
2013-05-20,0.1451920996400671,1.0,25,366,False
2013-05-21,0.1451920996400671,1.0,25,367,False
2013-05-22,0.1451920996400671,1.0,25,368,False
2013-05-23,0.1451920996400671,1.0,25,369,False
2013-05-24,0.1451920996400671,1.0,25,370,False
2013-05-28,0.1451920996400671,1.0,25,371,False
2013-05-29,0.1451920996400671,1.0,25,372,False
2013-05-30,0.1451920996400671,1.0,25,373,False
2013-05-31,0.1451920996400671,1.0,25,374,False
2013-06-03,0.1451920996400671,1.0,25,375,False
2013-06-04,0.1451920996400671,1.0,25,376,False
2013-06-05,0.1451920996400671,1.0,25,377,False
2013-06-06,0.1451920996400671,1.0,25,378,False
2013-06-07,0.1451920996400671,1.0,25,379,False
2013-06-10,0.1451920996400671,1.0,25,380,False
2013-06-11,0.1451920996400671,1.0,25,381,False
2013-06-12,0.1451920996400671,1.0,25,382,False
2013-06-13,0.1451920996400671,1.0,25,383,False
2013-06-14,0.1451920996400671,1.0,25,384,False
2013-06-17,0.1451920996400671,1.0,25,385,False
2013-06-18,0.1451920996400671,1.0,25,386,False
2013-06-19,0.1451920996400671,1.0,25,387,False
2013-06-20,0.1451920996400671,1.0,25,388,False
2013-06-21,0.1451920996400671,1.0,25,389,False
2013-06-24,0.1451920996400671,1.0,25,390,False
2013-06-25,0.1451920996400671,1.0,25,391,False
2013-06-26,0.1451920996400671,1.0,25,392,False
2013-06-27,0.1451920996400671,1.0,25,393,False
2013-06-28,0.1451920996400671,1.0,25,394,False
2013-07-01,0.1451920996400671,1.0,25,395,False
2013-07-02,0.1451920996400671,1.0,25,396,False
2013-07-03,0.1451920996400671,1.0,25,397,False
2013-07-05,0.1451920996400671,1.0,25,398,False
2013-07-08,0.1451920996400671,1.0,25,399,False
2013-07-09,0.1451920996400671,1.0,25,400,False
2013-07-10,0.1451920996400671,1.0,25,401,False
2013-07-11,0.1451920996400671,1.0,25,402,False
2013-07-12,0.1451920996400671,1.0,25,403,False
2013-07-15,0.1451920996400671,1.0,25,404,False
2013-07-16,0.1451920996400671,1.0,25,405,False
2013-07-17,0.1451920996400671,1.0,25,406,False
2013-07-18,0.1451920996400671,1.0,25,407,False
2013-07-19,0.1451920996400671,1.0,25,408,False
2013-07-22,0.1451920996400671,1.0,25,409,False
2013-07-23,0.1451920996400671,1.0,25,410,False
2013-07-24,0.1451920996400671,1.0,25,411,False
2013-07-25,0.1451920996400671,1.0,25,412,False
2013-07-26,0.1451920996400671,1.0,25,413,False
2013-07-29,0.1451920996400671,1.0,25,414,False
2013-07-30,0.1451920996400671,1.0,25,415,False
2013-07-31,0.1451920996400671,1.0,25,416,False
2013-08-01,0.1451920996400671,1.0,25,417,False
2013-08-02,0.1451920996400671,1.0,25,418,False
2013-08-05,0.1451920996400671,1.0,25,419,False
2013-08-06,0.1451920996400671,1.0,25,420,False
2013-08-07,0.1451920996400671,1.0,25,421,False
2013-08-08,0.1451920996400671,1.0,25,422,False
2013-08-09,0.1451920996400671,1.0,25,423,False
2013-08-12,0.1451920996400671,1.0,25,424,False
2013-08-13,0.1451920996400671,1.0,25,425,False
2013-08-14,0.1451920996400671,1.0,25,426,False
2013-08-15,0.1451920996400671,1.0,25,427,False
2013-08-16,0.1451920996400671,1.0,25,428,False
2013-08-19,0.1451920996400671,1.0,25,429,False
2013-08-20,0.1451920996400671,1.0,25,430,False
2013-08-21,0.1451920996400671,1.0,25,431,False
2013-08-22,0.1451920996400671,1.0,25,432,False
2013-08-23,0.1451920996400671,1.0,25,433,False
2013-08-26,0.1451920996400671,1.0,25,434,False
2013-08-27,0.1451920996400671,1.0,25,435,False
2013-08-28,0.1451920996400671,1.0,25,436,False
2013-08-29,0.1451920996400671,1.0,25,437,False
2013-08-30,0.1451920996400671,1.0,25,438,False
2013-09-03,0.1451920996400671,1.0,25,439,False
2013-09-04,0.1451920996400671,1.0,25,440,False
2013-09-05,0.1451920996400671,1.0,25,441,False
2013-09-06,0.1451920996400671,1.0,25,442,False
2013-09-09,0.1451920996400671,1.0,25,443,False
2013-09-10,0.1451920996400671,1.0,25,444,False
2013-09-11,0.1451920996400671,1.0,25,445,False
2013-09-12,0.1451920996400671,1.0,25,446,False
2013-09-13,0.1451920996400671,1.0,25,447,False
2013-09-16,0.1451920996400671,1.0,25,448,False
2013-09-17,0.1451920996400671,1.0,25,449,False
2013-09-18,0.1451920996400671,1.0,25,450,False
2013-09-19,0.1451920996400671,1.0,25,451,False
2013-09-20,0.1451920996400671,1.0,25,452,False
2013-09-23,0.1451920996400671,1.0,25,453,False
2013-09-24,0.1451920996400671,1.0,25,454,False
2013-09-25,0.1451920996400671,1.0,25,455,False
2013-09-26,0.1451920996400671,1.0,25,456,False
2013-09-27,0.1451920996400671,1.0,25,457,False
2013-09-30,0.1451920996400671,1.0,25,458,False
2013-10-01,0.1451920996400671,1.0,25,459,False
2013-10-02,0.1451920996400671,1.0,25,460,False
2013-10-03,0.1451920996400671,1.0,25,461,False
2013-10-04,0.1451920996400671,1.0,25,462,False
2013-10-07,0.1451920996400671,1.0,25,463,False
2013-10-08,0.1451920996400671,1.0,25,464,False
2013-10-09,0.1451920996400671,1.0,25,465,False
2013-10-10,0.1451920996400671,1.0,25,466,False
2013-10-11,0.1451920996400671,1.0,25,467,False
2013-10-14,0.1451920996400671,1.0,25,468,False
2013-10-15,0.1451920996400671,1.0,25,469,False
2013-10-16,0.1451920996400671,1.0,25,470,False
2013-10-17,0.1451920996400671,1.0,25,471,False
2013-10-18,0.1451920996400671,1.0,25,472,False
2013-10-21,0.1451920996400671,1.0,25,473,False
2013-10-22,0.1451920996400671,1.0,25,474,False
2013-10-23,0.1451920996400671,1.0,25,475,False
2013-10-24,0.1451920996400671,1.0,25,476,False
2013-10-25,0.1451920996400671,1.0,25,477,False
2013-10-28,0.1451920996400671,1.0,25,478,False
2013-10-29,0.1451920996400671,1.0,25,479,False
2013-10-30,0.1451920996400671,1.0,25,480,False
2013-10-31,0.1451920996400671,1.0,25,481,False
2013-11-01,0.1451920996400671,1.0,25,482,False
2013-11-04,0.1451920996400671,1.0,25,483,False
2013-11-05,0.1451920996400671,1.0,25,484,False
2013-11-06,0.1451920996400671,1.0,25,485,False
2013-11-07,0.1451920996400671,1.0,25,486,False
2013-11-08,0.1451920996400671,1.0,25,487,False
2013-11-11,0.1451920996400671,1.0,25,488,False
2013-11-12,0.1451920996400671,1.0,25,489,False
2013-11-13,0.1451920996400671,1.0,25,490,False
2013-11-14,0.1451920996400671,1.0,25,491,False
2013-11-15,0.1451920996400671,1.0,25,492,False
2013-11-18,0.1451920996400671,1.0,25,493,False
2013-11-19,0.1451920996400671,1.0,25,494,False
2013-11-20,0.1451920996400671,1.0,25,495,False
2013-11-21,0.1451920996400671,1.0,25,496,False
2013-11-22,0.1451920996400671,1.0,25,497,False
2013-11-25,0.1451920996400671,1.0,25,498,False
2013-11-26,0.1451920996400671,1.0,25,499,False
2013-11-27,0.1451920996400671,1.0,25,500,False
2013-11-29,0.1451920996400671,1.0,25,501,False
2013-12-02,0.1451920996400671,1.0,25,502,False
2013-12-03,0.1451920996400671,1.0,25,503,False
2013-12-04,0.1451920996400671,1.0,25,504,False
2013-12-05,0.1451920996400671,1.0,25,505,False
2013-12-06,0.1451920996400671,1.0,25,506,False
2013-12-09,0.1451920996400671,1.0,25,507,False
2013-12-10,0.1451920996400671,1.0,25,508,False
2013-12-11,0.1451920996400671,1.0,25,509,False
2013-12-12,0.1451920996400671,1.0,25,510,False
2013-12-13,0.1451920996400671,1.0,25,511,False
2013-12-16,0.1451920996400671,1.0,25,512,False
2013-12-17,0.1451920996400671,1.0,25,513,False
2013-12-18,0.1451920996400671,1.0,25,514,False
2013-12-19,0.1451920996400671,1.0,25,515,False
2013-12-20,0.1451920996400671,1.0,25,516,False
2013-12-23,0.1451920996400671,1.0,25,517,False
2013-12-24,0.1451920996400671,1.0,25,518,False
2013-12-26,0.1451920996400671,1.0,25,519,False
2013-12-27,0.1451920996400671,1.0,25,520,False
2013-12-30,0.1451920996400671,1.0,25,521,False
2013-12-31,0.1451920996400671,1.0,25,522,False
2014-01-02,0.1451920996400671,1.0,25,523,False
2014-01-03,0.1451920996400671,1.0,25,524,False
2014-01-06,0.1451920996400671,1.0,25,525,False
2014-01-07,0.1451920996400671,1.0,25,526,False
2014-01-08,0.1451920996400671,1.0,25,527,False
2014-01-09,0.1451920996400671,1.0,25,528,False
2014-01-10,0.1451920996400671,1.0,25,529,False
2014-01-13,0.1451920996400671,1.0,25,530,False
2014-01-14,0.1451920996400671,1.0,25,531,False
2014-01-15,0.1451920996400671,1.0,25,532,False
2014-01-16,0.1451920996400671,1.0,25,533,False
2014-01-17,0.1451920996400671,1.0,25,534,False
2014-01-21,0.1451920996400671,1.0,25,535,False
2014-01-22,0.1451920996400671,1.0,25,536,False
2014-01-23,0.1451920996400671,1.0,25,537,False
2014-01-24,0.1451920996400671,1.0,25,538,False
2014-01-27,0.1451920996400671,1.0,25,539,False
2014-01-28,0.1451920996400671,1.0,25,540,False
2014-01-29,0.1451920996400671,1.0,25,541,False
2014-01-30,0.1451920996400671,1.0,25,542,False
2014-01-31,0.1451920996400671,1.0,25,543,False
2014-02-03,0.1451920996400671,1.0,25,544,False
2014-02-04,0.1451920996400671,1.0,25,545,False
2014-02-05,0.1451920996400671,1.0,25,546,False
2014-02-06,0.1451920996400671,1.0,25,547,False
2014-02-07,0.1451920996400671,1.0,25,548,False
2014-02-10,0.1451920996400671,1.0,25,549,False
2014-02-11,0.1451920996400671,1.0,25,550,False
2014-02-12,0.1451920996400671,1.0,25,551,False
2014-02-13,0.1451920996400671,1.0,25,552,False
2014-02-14,0.1451920996400671,1.0,25,553,False
2014-02-18,0.1451920996400671,1.0,25,554,False
2014-02-19,0.1451920996400671,1.0,25,555,False
2014-02-20,0.1451920996400671,1.0,25,556,False
2014-02-21,0.1451920996400671,1.0,25,557,False
2014-02-24,0.1451920996400671,1.0,25,558,False
2014-02-25,0.1451920996400671,1.0,25,559,False
2014-02-26,0.1451920996400671,1.0,25,560,False
2014-02-27,0.1451920996400671,1.0,25,561,False
2014-02-28,0.1451920996400671,1.0,25,562,False
2014-03-03,0.1451920996400671,1.0,25,563,False
2014-03-04,0.1451920996400671,1.0,25,564,False
2014-03-05,0.1451920996400671,1.0,25,565,False
2014-03-06,0.1451920996400671,1.0,25,566,False
2014-03-07,0.1451920996400671,1.0,25,567,False
2014-03-10,0.1451920996400671,1.0,25,568,False
2014-03-11,0.1451920996400671,1.0,25,569,False
2014-03-12,0.1451920996400671,1.0,25,570,False
2014-03-13,0.1451920996400671,1.0,25,571,False
2014-03-14,0.1451920996400671,1.0,25,572,False
2014-03-17,0.1451920996400671,1.0,25,573,False
2014-03-18,0.1451920996400671,1.0,25,574,False
2014-03-19,0.1451920996400671,1.0,25,575,False
2014-03-20,0.1451920996400671,1.0,25,576,False
2014-03-21,0.1451920996400671,1.0,25,577,False
2014-03-24,0.1451920996400671,1.0,25,578,False
2014-03-25,0.1451920996400671,1.0,25,579,False
2014-03-26,0.1451920996400671,1.0,25,580,False
2014-03-27,0.1451920996400671,1.0,25,581,False
2014-03-28,0.1451920996400671,1.0,25,582,False
2014-03-31,0.1451920996400671,1.0,25,583,False
2014-04-01,0.1451920996400671,1.0,25,584,False
2014-04-02,0.1451920996400671,1.0,25,585,False
2014-04-03,0.1451920996400671,1.0,25,586,False
2014-04-04,0.1451920996400671,1.0,25,587,False
2014-04-07,0.1451920996400671,1.0,25,588,False
2014-04-08,0.1451920996400671,1.0,25,589,False
2014-04-09,0.1451920996400671,1.0,25,590,False
2014-04-10,0.1451920996400671,1.0,25,591,False
2014-04-11,0.1451920996400671,1.0,25,592,False
2014-04-14,0.1451920996400671,1.0,25,593,False
2014-04-15,0.1451920996400671,1.0,25,594,False
2014-04-16,0.1451920996400671,1.0,25,595,False
2014-04-17,0.1451920996400671,1.0,25,596,False
2014-04-21,0.1451920996400671,1.0,25,597,False
2014-04-22,0.1451920996400671,1.0,25,598,False
2014-04-23,0.1451920996400671,1.0,25,599,False
2014-04-24,0.1451920996400671,1.0,25,600,False
2014-04-25,0.1451920996400671,1.0,25,601,False
2014-04-28,0.1451920996400671,1.0,25,602,False
2014-04-29,0.1451920996400671,1.0,25,603,False
2014-04-30,0.1451920996400671,1.0,25,604,False
2014-05-01,0.1451920996400671,1.0,25,605,False
2014-05-02,0.1451920996400671,1.0,25,606,False
2014-05-05,0.1451920996400671,1.0,25,607,False
2014-05-06,0.1451920996400671,1.0,25,608,False
2014-05-07,0.1451920996400671,1.0,25,609,False
2014-05-08,0.1451920996400671,1.0,25,610,False
2014-05-09,0.1451920996400671,1.0,25,611,False
2014-05-12,0.1451920996400671,1.0,25,612,False
2014-05-13,0.1451920996400671,1.0,25,613,False
2014-05-14,0.1451920996400671,1.0,25,614,False
2014-05-15,0.1451920996400671,1.0,25,615,False
2014-05-16,0.1451920996400671,1.0,25,616,False
2014-05-19,0.1451920996400671,1.0,25,617,False
2014-05-20,0.1451920996400671,1.0,25,618,False
2014-05-21,0.1451920996400671,1.0,25,619,False
2014-05-22,0.1451920996400671,1.0,25,620,False
2014-05-23,0.1451920996400671,1.0,25,621,False
2014-05-27,0.1451920996400671,1.0,25,622,False
2014-05-28,0.1451920996400671,1.0,25,623,False
2014-05-29,0.1451920996400671,1.0,25,624,False
2014-05-30,0.1451920996400671,1.0,25,625,False
2014-06-02,0.1451920996400671,1.0,25,626,False
2014-06-03,0.1451920996400671,1.0,25,627,False
2014-06-04,0.1451920996400671,1.0,25,628,False
2014-06-05,0.1451920996400671,1.0,25,629,False
2014-06-06,0.1451920996400671,1.0,25,630,False
2014-06-09,0.1451920996400671,1.0,25,631,False
2014-06-10,0.1451920996400671,1.0,25,632,False
2014-06-11,0.1451920996400671,1.0,25,633,False
2014-06-12,0.1451920996400671,1.0,25,634,False
2014-06-13,0.1451920996400671,1.0,25,635,False
2014-06-16,0.1451920996400671,1.0,25,636,False
2014-06-17,0.1451920996400671,1.0,25,637,False
2014-06-18,0.1451920996400671,1.0,25,638,False
2014-06-19,0.1451920996400671,1.0,25,639,False
2014-06-20,0.1451920996400671,1.0,25,640,False
2014-06-23,0.1451920996400671,1.0,25,641,False
2014-06-24,0.1451920996400671,1.0,25,642,False
2014-06-25,0.1451920996400671,1.0,25,643,False
2014-06-26,0.1451920996400671,1.0,25,644,False
2014-06-27,0.1451920996400671,1.0,25,645,False
2014-06-30,0.1451920996400671,1.0,25,646,False
2014-07-01,0.1451920996400671,1.0,25,647,False
2014-07-02,0.1451920996400671,1.0,25,648,False
2014-07-03,0.1451920996400671,1.0,25,649,False
2014-07-07,0.1451920996400671,1.0,25,650,False
2014-07-08,0.1451920996400671,1.0,25,651,False
2014-07-09,0.1451920996400671,1.0,25,652,False
2014-07-10,0.1451920996400671,1.0,25,653,False
2014-07-11,0.1451920996400671,1.0,25,654,False
2014-07-14,0.1451920996400671,1.0,25,655,False
2014-07-15,0.1451920996400671,1.0,25,656,False
2014-07-16,0.1451920996400671,1.0,25,657,False
2014-07-17,0.1451920996400671,1.0,25,658,False
2014-07-18,0.1451920996400671,1.0,25,659,False
2014-07-21,0.1451920996400671,1.0,25,660,False
2014-07-22,0.1451920996400671,1.0,25,661,False
2014-07-23,0.1451920996400671,1.0,25,662,False
2014-07-24,0.1451920996400671,1.0,25,663,False
2014-07-25,0.1451920996400671,1.0,25,664,False
2014-07-28,0.1451920996400671,1.0,25,665,False
2014-07-29,0.1451920996400671,1.0,25,666,False
2014-07-30,0.1451920996400671,1.0,25,667,False
2014-07-31,0.1451920996400671,1.0,25,668,False
2014-08-01,0.1451920996400671,1.0,25,669,False
2014-08-04,0.1451920996400671,1.0,25,670,False
2014-08-05,0.1451920996400671,1.0,25,671,False
2014-08-06,0.1451920996400671,1.0,25,672,False
2014-08-07,0.1451920996400671,1.0,25,673,False
2014-08-08,0.1451920996400671,1.0,25,674,False
2014-08-11,0.1451920996400671,1.0,25,675,False
2014-08-12,0.1451920996400671,1.0,25,676,False
2014-08-13,0.1451920996400671,1.0,25,677,False
2014-08-14,0.1451920996400671,1.0,25,678,False
2014-08-15,0.1451920996400671,1.0,25,679,False
2014-08-18,0.1451920996400671,1.0,25,680,False
2014-08-19,0.1451920996400671,1.0,25,681,False
2014-08-20,0.1451920996400671,1.0,25,682,False
2014-08-21,0.1451920996400671,1.0,25,683,False
2014-08-22,0.1451920996400671,1.0,25,684,False
2014-08-25,0.1451920996400671,1.0,25,685,False
2014-08-26,0.1451920996400671,1.0,25,686,False
2014-08-27,0.1451920996400671,1.0,25,687,False
2014-08-28,0.1451920996400671,1.0,25,688,False
2014-08-29,0.1451920996400671,1.0,25,689,False
2014-09-02,0.1451920996400671,1.0,25,690,False
2014-09-03,0.1451920996400671,1.0,25,691,False
2014-09-04,0.1451920996400671,1.0,25,692,False
2014-09-05,0.1451920996400671,1.0,25,693,False
2014-09-08,0.1451920996400671,1.0,25,694,False
2014-09-09,0.1451920996400671,1.0,25,695,False
2014-09-10,0.1451920996400671,1.0,25,696,False
2014-09-11,0.1451920996400671,1.0,25,697,False
2014-09-12,0.1451920996400671,1.0,25,698,False
2014-09-15,0.1451920996400671,1.0,25,699,False
2014-09-16,0.1451920996400671,1.0,25,700,False
2014-09-17,0.1451920996400671,1.0,25,701,False
2014-09-18,0.1451920996400671,1.0,25,702,False
2014-09-19,0.1451920996400671,1.0,25,703,False
2014-09-22,0.1451920996400671,1.0,25,704,False
2014-09-23,0.1451920996400671,1.0,25,705,False
2014-09-24,0.1451920996400671,1.0,25,706,False
2014-09-25,0.1451920996400671,1.0,25,707,False
2014-09-26,0.1451920996400671,1.0,25,708,False
2014-09-29,0.1451920996400671,1.0,25,709,False
2014-09-30,0.1451920996400671,1.0,25,710,False
2014-10-01,0.1451920996400671,1.0,25,711,False
2014-10-02,0.1451920996400671,1.0,25,712,False
2014-10-03,0.1451920996400671,1.0,25,713,False
2014-10-06,0.1451920996400671,1.0,25,714,False
2014-10-07,0.1451920996400671,1.0,25,715,False
2014-10-08,0.1451920996400671,1.0,25,716,False
2014-10-09,0.1451920996400671,1.0,25,717,False
2014-10-10,0.1451920996400671,1.0,25,718,False
2014-10-13,0.16518200899921556,1.0,26,20,True
2014-10-14,0.16518200899921556,1.0,26,21,False
2014-10-15,0.16518200899921556,1.0,26,22,False
2014-10-16,0.16518200899921556,1.0,26,23,False
2014-10-17,0.16518200899921556,1.0,26,24,False
2014-10-20,0.16518200899921556,1.0,26,25,False
2014-10-21,0.16518200899921556,1.0,26,26,False
2014-10-22,0.16518200899921556,1.0,26,27,False
2014-10-23,0.16518200899921556,1.0,26,28,False
2014-10-24,0.16518200899921556,1.0,26,29,False
2014-10-27,0.16518200899921556,1.0,26,30,False
2014-10-28,0.16518200899921556,1.0,26,31,False
2014-10-29,0.16518200899921556,1.0,26,32,False
2014-10-30,0.16518200899921556,1.0,26,33,False
2014-10-31,0.16518200899921556,1.0,26,34,False
2014-11-03,0.16518200899921556,1.0,26,35,False
2014-11-04,0.16518200899921556,1.0,26,36,False
2014-11-05,0.16518200899921556,1.0,26,37,False
2014-11-06,0.16518200899921556,1.0,26,38,False
2014-11-07,0.16518200899921556,1.0,26,39,False
2014-11-10,0.16518200899921556,1.0,26,40,False
2014-11-11,0.16518200899921556,1.0,26,41,False
2014-11-12,0.16518200899921556,1.0,26,42,False
2014-11-13,0.16518200899921556,1.0,26,43,False
2014-11-14,0.16518200899921556,1.0,26,44,False
2014-11-17,0.16518200899921556,1.0,26,45,False
2014-11-18,0.16518200899921556,1.0,26,46,False
2014-11-19,0.08790625106969742,1.0,27,19,True
2014-11-20,0.08790625106969742,1.0,27,20,False
2014-11-21,0.08790625106969742,1.0,27,21,False
2014-11-24,0.08790625106969742,1.0,27,22,False
2014-11-25,0.08790625106969742,1.0,27,23,False
2014-11-26,0.08790625106969742,1.0,27,24,False
2014-11-28,0.08790625106969742,1.0,27,25,False
2014-12-01,0.08790625106969742,1.0,27,26,False
2014-12-02,0.08790625106969742,1.0,27,27,False
2014-12-03,0.08790625106969742,1.0,27,28,False
2014-12-04,0.08790625106969742,1.0,27,29,False
2014-12-05,0.08790625106969742,1.0,27,30,False
2014-12-08,0.08790625106969742,1.0,27,31,False
2014-12-09,0.08790625106969742,1.0,27,32,False
2014-12-10,0.08790625106969742,1.0,27,33,False
2014-12-11,0.08790625106969742,1.0,27,34,False
2014-12-12,0.08790625106969742,1.0,27,35,False
2014-12-15,0.08790625106969742,1.0,27,36,False
2014-12-16,0.08790625106969742,1.0,27,37,False
2014-12-17,0.08790625106969742,1.0,27,38,False
2014-12-18,0.08790625106969742,1.0,27,39,False
2014-12-19,0.08790625106969742,1.0,27,40,False
2014-12-22,0.08790625106969742,1.0,27,41,False
2014-12-23,0.08790625106969742,1.0,27,42,False
2014-12-24,0.08790625106969742,1.0,27,43,False
2014-12-26,0.08790625106969742,1.0,27,44,False
2014-12-29,0.08790625106969742,1.0,27,45,False
2014-12-30,0.08790625106969742,1.0,27,46,False
2014-12-31,0.08790625106969742,1.0,27,47,False
2015-01-02,0.08790625106969742,1.0,27,48,False
2015-01-05,0.08790625106969742,1.0,27,49,False
2015-01-06,0.08790625106969742,1.0,27,50,False
2015-01-07,0.08790625106969742,1.0,27,51,False
2015-01-08,0.08790625106969742,1.0,27,52,False
2015-01-09,0.08790625106969742,1.0,27,53,False
2015-01-12,0.08790625106969742,1.0,27,54,False
2015-01-13,0.08790625106969742,1.0,27,55,False
2015-01-14,0.08790625106969742,1.0,27,56,False
2015-01-15,0.08790625106969742,1.0,27,57,False
2015-01-16,0.08790625106969742,1.0,27,58,False
2015-01-20,0.08790625106969742,1.0,27,59,False
2015-01-21,0.08790625106969742,1.0,27,60,False
2015-01-22,0.08790625106969742,1.0,27,61,False
2015-01-23,0.08790625106969742,1.0,27,62,False
2015-01-26,0.08790625106969742,1.0,27,63,False
2015-01-27,0.08790625106969742,1.0,27,64,False
2015-01-28,0.08790625106969742,1.0,27,65,False
2015-01-29,0.08790625106969742,1.0,27,66,False
2015-01-30,0.08790625106969742,1.0,27,67,False
2015-02-02,0.08790625106969742,1.0,27,68,False
2015-02-03,0.08790625106969742,1.0,27,69,False
2015-02-04,0.08790625106969742,1.0,27,70,False
2015-02-05,0.1681239111762742,1.0,28,40,True
2015-02-06,0.1681239111762742,1.0,28,41,False
2015-02-09,0.1681239111762742,1.0,28,42,False
2015-02-10,0.1681239111762742,1.0,28,43,False
2015-02-11,0.1681239111762742,1.0,28,44,False
2015-02-12,0.1681239111762742,1.0,28,45,False
2015-02-13,0.1681239111762742,1.0,28,46,False
2015-02-17,0.1681239111762742,1.0,28,47,False
2015-02-18,0.1681239111762742,1.0,28,48,False
2015-02-19,0.1681239111762742,1.0,28,49,False
2015-02-20,0.1681239111762742,1.0,28,50,False
2015-02-23,0.1681239111762742,1.0,28,51,False
2015-02-24,0.1681239111762742,1.0,28,52,False
2015-02-25,0.1681239111762742,1.0,28,53,False
2015-02-26,0.1681239111762742,1.0,28,54,False
2015-02-27,0.1681239111762742,1.0,28,55,False
2015-03-02,0.1681239111762742,1.0,28,56,False
2015-03-03,0.1681239111762742,1.0,28,57,False
2015-03-04,0.1681239111762742,1.0,28,58,False
2015-03-05,0.1681239111762742,1.0,28,59,False
2015-03-06,0.1681239111762742,1.0,28,60,False
2015-03-09,0.1681239111762742,1.0,28,61,False
2015-03-10,0.1681239111762742,1.0,28,62,False
2015-03-11,0.1681239111762742,1.0,28,63,False
2015-03-12,0.1681239111762742,1.0,28,64,False
2015-03-13,0.1681239111762742,1.0,28,65,False
2015-03-16,0.1681239111762742,1.0,28,66,False
2015-03-17,0.1681239111762742,1.0,28,67,False
2015-03-18,0.1681239111762742,1.0,28,68,False
2015-03-19,0.1681239111762742,1.0,28,69,False
2015-03-20,0.1681239111762742,1.0,28,70,False
2015-03-23,0.1681239111762742,1.0,28,71,False
2015-03-24,0.1681239111762742,1.0,28,72,False
2015-03-25,0.1681239111762742,1.0,28,73,False
2015-03-26,0.1681239111762742,1.0,28,74,False
2015-03-27,0.1681239111762742,1.0,28,75,False
2015-03-30,0.1681239111762742,1.0,28,76,False
2015-03-31,0.1681239111762742,1.0,28,77,False
2015-04-01,0.1681239111762742,1.0,28,78,False
2015-04-02,0.1681239111762742,1.0,28,79,False
2015-04-06,0.1681239111762742,1.0,28,80,False
2015-04-07,0.11391327475193072,1.0,29,40,True
2015-04-08,0.11391327475193072,1.0,29,41,False
2015-04-09,0.11391327475193072,1.0,29,42,False
2015-04-10,0.11391327475193072,1.0,29,43,False
2015-04-13,0.11391327475193072,1.0,29,44,False
2015-04-14,0.11391327475193072,1.0,29,45,False
2015-04-15,0.11391327475193072,1.0,29,46,False
2015-04-16,0.11391327475193072,1.0,29,47,False
2015-04-17,0.11391327475193072,1.0,29,48,False
2015-04-20,0.11391327475193072,1.0,29,49,False
2015-04-21,0.11391327475193072,1.0,29,50,False
2015-04-22,0.11391327475193072,1.0,29,51,False
2015-04-23,0.11391327475193072,1.0,29,52,False
2015-04-24,0.11391327475193072,1.0,29,53,False
2015-04-27,0.11391327475193072,1.0,29,54,False
2015-04-28,0.11391327475193072,1.0,29,55,False
2015-04-29,0.11391327475193072,1.0,29,56,False
2015-04-30,0.11391327475193072,1.0,29,57,False
2015-05-01,0.11391327475193072,1.0,29,58,False
2015-05-04,0.11391327475193072,1.0,29,59,False
2015-05-05,0.11391327475193072,1.0,29,60,False
2015-05-06,0.11391327475193072,1.0,29,61,False
2015-05-07,0.11391327475193072,1.0,29,62,False
2015-05-08,0.11391327475193072,1.0,29,63,False
2015-05-11,0.11391327475193072,1.0,29,64,False
2015-05-12,0.11391327475193072,1.0,29,65,False
2015-05-13,0.11391327475193072,1.0,29,66,False
2015-05-14,0.11391327475193072,1.0,29,67,False
2015-05-15,0.11391327475193072,1.0,29,68,False
2015-05-18,0.11391327475193072,1.0,29,69,False
2015-05-19,0.11391327475193072,1.0,29,70,False
2015-05-20,0.11391327475193072,1.0,29,71,False
2015-05-21,0.11391327475193072,1.0,29,72,False
2015-05-22,0.11391327475193072,1.0,29,73,False
2015-05-26,0.11391327475193072,1.0,29,74,False
2015-05-27,0.11391327475193072,1.0,29,75,False
2015-05-28,0.11391327475193072,1.0,29,76,False
2015-05-29,0.11391327475193072,1.0,29,77,False
2015-06-01,0.11391327475193072,1.0,29,78,False
2015-06-02,0.11391327475193072,1.0,29,79,False
2015-06-03,0.11391327475193072,1.0,29,80,False
2015-06-04,0.11391327475193072,1.0,29,81,False
2015-06-05,0.11391327475193072,1.0,29,82,False
2015-06-08,0.11391327475193072,1.0,29,83,False
2015-06-09,0.11391327475193072,1.0,29,84,False
2015-06-10,0.11391327475193072,1.0,29,85,False
2015-06-11,0.11391327475193072,1.0,29,86,False
2015-06-12,0.11391327475193072,1.0,29,87,False
2015-06-15,0.11391327475193072,1.0,29,88,False
2015-06-16,0.11391327475193072,1.0,29,89,False
2015-06-17,0.11391327475193072,1.0,29,90,False
2015-06-18,0.11391327475193072,1.0,29,91,False
2015-06-19,0.11391327475193072,1.0,29,92,False
2015-06-22,0.11391327475193072,1.0,29,93,False
2015-06-23,0.11391327475193072,1.0,29,94,False
2015-06-24,0.11391327475193072,1.0,29,95,False
2015-06-25,0.11391327475193072,1.0,29,96,False
2015-06-26,0.11391327475193072,1.0,29,97,False
2015-06-29,0.11391327475193072,1.0,29,98,False
2015-06-30,0.11391327475193072,1.0,29,99,False
2015-07-01,0.11391327475193072,1.0,29,100,False
2015-07-02,0.11391327475193072,1.0,29,101,False
2015-07-06,0.11391327475193072,1.0,29,102,False
2015-07-07,0.11391327475193072,1.0,29,103,False
2015-07-08,0.11391327475193072,1.0,29,104,False
2015-07-09,0.11391327475193072,1.0,29,105,False
2015-07-10,0.11391327475193072,1.0,29,106,False
2015-07-13,0.11391327475193072,1.0,29,107,False
2015-07-14,0.11391327475193072,1.0,29,108,False
2015-07-15,0.11391327475193072,1.0,29,109,False
2015-07-16,0.11391327475193072,1.0,29,110,False
2015-07-17,0.11391327475193072,1.0,29,111,False
2015-07-20,0.11391327475193072,1.0,29,112,False
2015-07-21,0.11391327475193072,1.0,29,113,False
2015-07-22,0.11391327475193072,1.0,29,114,False
2015-07-23,0.11391327475193072,1.0,29,115,False
2015-07-24,0.11391327475193072,1.0,29,116,False
2015-07-27,0.11391327475193072,1.0,29,117,False
2015-07-28,0.11391327475193072,1.0,29,118,False
2015-07-29,0.11391327475193072,1.0,29,119,False
2015-07-30,0.11391327475193072,1.0,29,120,False
2015-07-31,0.11391327475193072,1.0,29,121,False
2015-08-03,0.11391327475193072,1.0,29,122,False
2015-08-04,0.11391327475193072,1.0,29,123,False
2015-08-05,0.11391327475193072,1.0,29,124,False
2015-08-06,0.11391327475193072,1.0,29,125,False
2015-08-07,0.11391327475193072,1.0,29,126,False
2015-08-10,0.11391327475193072,1.0,29,127,False
2015-08-11,0.11391327475193072,1.0,29,128,False
2015-08-12,0.11391327475193072,1.0,29,129,False
2015-08-13,0.11391327475193072,1.0,29,130,False
2015-08-14,0.11391327475193072,1.0,29,131,False
2015-08-17,0.11391327475193072,1.0,29,132,False
2015-08-18,0.11391327475193072,1.0,29,133,False
2015-08-19,0.11391327475193072,1.0,29,134,False
2015-08-20,0.11391327475193072,1.0,29,135,False
2015-08-21,0.11391327475193072,1.0,29,136,False
2015-08-24,0.11391327475193072,1.0,29,137,False
2015-08-25,0.11391327475193072,1.0,29,138,False
2015-08-26,0.11391327475193072,1.0,29,139,False
2015-08-27,0.11391327475193072,1.0,29,140,False
2015-08-28,0.11391327475193072,1.0,29,141,False
2015-08-31,0.11391327475193072,1.0,29,142,False
2015-09-01,0.11391327475193072,1.0,29,143,False
2015-09-02,0.11391327475193072,1.0,29,144,False
2015-09-03,0.11391327475193072,1.0,29,145,False
2015-09-04,0.11391327475193072,1.0,29,146,False
2015-09-08,0.11391327475193072,1.0,29,147,False
2015-09-09,0.11391327475193072,1.0,29,148,False
2015-09-10,0.11391327475193072,1.0,29,149,False
2015-09-11,0.11391327475193072,1.0,29,150,False
2015-09-14,0.11391327475193072,1.0,29,151,False
2015-09-15,0.31751249534743337,0.0,30,19,True
2015-09-16,0.31751249534743337,0.0,30,20,False
2015-09-17,0.31751249534743337,0.0,30,21,False
2015-09-18,0.31751249534743337,0.0,30,22,False
2015-09-21,0.31751249534743337,0.0,30,23,False
2015-09-22,0.31751249534743337,0.0,30,24,False
2015-09-23,0.31751249534743337,0.0,30,25,False
2015-09-24,0.31751249534743337,0.0,30,26,False
2015-09-25,0.31751249534743337,0.0,30,27,False
2015-09-28,0.31751249534743337,0.0,30,28,False
2015-09-29,0.31751249534743337,0.0,30,29,False
2015-09-30,0.31751249534743337,0.0,30,30,False
2015-10-01,0.31751249534743337,0.0,30,31,False
2015-10-02,0.31751249534743337,0.0,30,32,False
2015-10-05,0.31751249534743337,0.0,30,33,False
2015-10-06,0.31751249534743337,0.0,30,34,False
2015-10-07,0.31751249534743337,0.0,30,35,False
2015-10-08,0.31751249534743337,0.0,30,36,False
2015-10-09,0.31751249534743337,0.0,30,37,False
2015-10-12,0.31751249534743337,0.0,30,38,False
2015-10-13,0.31751249534743337,0.0,30,39,False
2015-10-14,0.31751249534743337,0.0,30,40,False
2015-10-15,0.31751249534743337,0.0,30,41,False
2015-10-16,0.31751249534743337,0.0,30,42,False
2015-10-19,0.31751249534743337,0.0,30,43,False
2015-10-20,0.31751249534743337,0.0,30,44,False
2015-10-21,0.31751249534743337,0.0,30,45,False
2015-10-22,0.31751249534743337,0.0,30,46,False
2015-10-23,0.31751249534743337,0.0,30,47,False
2015-10-26,0.31751249534743337,0.0,30,48,False
2015-10-27,0.31751249534743337,0.0,30,49,False
2015-10-28,0.31751249534743337,0.0,30,50,False
2015-10-29,0.31751249534743337,0.0,30,51,False
2015-10-30,0.31751249534743337,0.0,30,52,False
2015-11-02,0.31751249534743337,0.0,30,53,False
2015-11-03,0.31751249534743337,0.0,30,54,False
2015-11-04,0.31751249534743337,0.0,30,55,False
2015-11-05,0.31751249534743337,0.0,30,56,False
2015-11-06,0.31751249534743337,0.0,30,57,False
2015-11-09,0.31751249534743337,0.0,30,58,False
2015-11-10,0.31751249534743337,0.0,30,59,False
2015-11-11,0.31751249534743337,0.0,30,60,False
2015-11-12,0.31751249534743337,0.0,30,61,False
2015-11-13,0.31751249534743337,0.0,30,62,False
2015-11-16,0.31751249534743337,0.0,30,63,False
2015-11-17,0.31751249534743337,0.0,30,64,False
2015-11-18,0.31751249534743337,0.0,30,65,False
2015-11-19,0.31751249534743337,0.0,30,66,False
2015-11-20,0.31751249534743337,0.0,30,67,False
2015-11-23,0.31751249534743337,0.0,30,68,False
2015-11-24,0.31751249534743337,0.0,30,69,False
2015-11-25,0.31751249534743337,0.0,30,70,False
2015-11-27,0.31751249534743337,0.0,30,71,False
2015-11-30,0.31751249534743337,0.0,30,72,False
2015-12-01,0.31751249534743337,0.0,30,73,False
2015-12-02,0.31751249534743337,0.0,30,74,False
2015-12-03,0.31751249534743337,0.0,30,75,False
2015-12-04,0.31751249534743337,0.0,30,76,False
2015-12-07,0.31751249534743337,0.0,30,77,False
2015-12-08,0.31751249534743337,0.0,30,78,False
2015-12-09,0.31751249534743337,0.0,30,79,False
2015-12-10,0.31751249534743337,0.0,30,80,False
2015-12-11,0.31751249534743337,0.0,30,81,False
2015-12-14,0.31751249534743337,0.0,30,82,False
2015-12-15,0.31751249534743337,0.0,30,83,False
2015-12-16,0.31751249534743337,0.0,30,84,False
2015-12-17,0.31751249534743337,0.0,30,85,False
2015-12-18,0.31751249534743337,0.0,30,86,False
2015-12-21,0.31751249534743337,0.0,30,87,False
2015-12-22,0.31751249534743337,0.0,30,88,False
2015-12-23,0.31751249534743337,0.0,30,89,False
2015-12-24,0.31751249534743337,0.0,30,90,False
2015-12-28,0.31751249534743337,0.0,30,91,False
2015-12-29,0.31751249534743337,0.0,30,92,False
2015-12-30,0.31751249534743337,0.0,30,93,False
2015-12-31,0.31751249534743337,0.0,30,94,False
2016-01-04,0.31751249534743337,0.0,30,95,False
2016-01-05,0.31751249534743337,0.0,30,96,False
2016-01-06,0.31751249534743337,0.0,30,97,False
2016-01-07,0.31751249534743337,0.0,30,98,False
2016-01-08,0.31751249534743337,0.0,30,99,False
2016-01-11,0.31751249534743337,0.0,30,100,False
2016-01-12,0.31751249534743337,0.0,30,101,False
2016-01-13,0.31751249534743337,0.0,30,102,False
2016-01-14,0.31751249534743337,0.0,30,103,False
2016-01-15,0.31751249534743337,0.0,30,104,False
2016-01-19,0.31751249534743337,0.0,30,105,False
2016-01-20,0.31751249534743337,0.0,30,106,False
2016-01-21,0.31751249534743337,0.0,30,107,False
2016-01-22,0.31751249534743337,0.0,30,108,False
2016-01-25,0.31751249534743337,0.0,30,109,False
2016-01-26,0.31751249534743337,0.0,30,110,False
2016-01-27,0.31751249534743337,0.0,30,111,False
2016-01-28,0.31751249534743337,0.0,30,112,False
2016-01-29,0.31751249534743337,0.0,30,113,False
2016-02-01,0.31751249534743337,0.0,30,114,False
2016-02-02,0.31751249534743337,0.0,30,115,False
2016-02-03,0.31751249534743337,0.0,30,116,False
2016-02-04,0.31751249534743337,0.0,30,117,False
2016-02-05,0.31751249534743337,0.0,30,118,False
2016-02-08,0.31751249534743337,0.0,30,119,False
2016-02-09,0.31751249534743337,0.0,30,120,False
2016-02-10,0.31751249534743337,0.0,30,121,False
2016-02-11,0.31751249534743337,0.0,30,122,False
2016-02-12,0.31751249534743337,0.0,30,123,False
2016-02-16,0.31751249534743337,0.0,30,124,False
2016-02-17,0.31751249534743337,0.0,30,125,False
2016-02-18,0.31751249534743337,0.0,30,126,False
2016-02-19,0.31751249534743337,0.0,30,127,False
2016-02-22,0.31751249534743337,0.0,30,128,False
2016-02-23,0.31751249534743337,0.0,30,129,False
2016-02-24,0.31751249534743337,0.0,30,130,False
2016-02-25,0.31751249534743337,0.0,30,131,False
2016-02-26,0.31751249534743337,0.0,30,132,False
2016-02-29,0.31751249534743337,0.0,30,133,False
2016-03-01,0.31751249534743337,0.0,30,134,False
2016-03-02,0.31751249534743337,0.0,30,135,False
2016-03-03,0.31751249534743337,0.0,30,136,False
2016-03-04,0.31751249534743337,0.0,30,137,False
2016-03-07,0.31751249534743337,0.0,30,138,False
2016-03-08,0.31751249534743337,0.0,30,139,False
2016-03-09,0.31751249534743337,0.0,30,140,False
2016-03-10,0.31751249534743337,0.0,30,141,False
2016-03-11,0.31751249534743337,0.0,30,142,False
2016-03-14,0.31751249534743337,0.0,30,143,False
2016-03-15,0.31751249534743337,0.0,30,144,False
2016-03-16,0.31751249534743337,0.0,30,145,False
2016-03-17,0.31751249534743337,0.0,30,146,False
2016-03-18,0.31751249534743337,0.0,30,147,False
2016-03-21,0.31751249534743337,0.0,30,148,False
2016-03-22,0.31751249534743337,0.0,30,149,False
2016-03-23,0.31751249534743337,0.0,30,150,False
2016-03-24,0.31751249534743337,0.0,30,151,False
2016-03-28,0.31751249534743337,0.0,30,152,False
2016-03-29,0.31751249534743337,0.0,30,153,False
2016-03-30,0.31751249534743337,0.0,30,154,False
2016-03-31,0.31751249534743337,0.0,30,155,False
2016-04-01,0.31751249534743337,0.0,30,156,False
2016-04-04,0.31751249534743337,0.0,30,157,False
2016-04-05,0.31751249534743337,0.0,30,158,False
2016-04-06,0.31751249534743337,0.0,30,159,False
2016-04-07,0.31751249534743337,0.0,30,160,False
2016-04-08,0.31751249534743337,0.0,30,161,False
2016-04-11,0.31751249534743337,0.0,30,162,False
2016-04-12,0.31751249534743337,0.0,30,163,False
2016-04-13,0.31751249534743337,0.0,30,164,False
2016-04-14,0.31751249534743337,0.0,30,165,False
2016-04-15,0.31751249534743337,0.0,30,166,False
2016-04-18,0.31751249534743337,0.0,30,167,False
2016-04-19,0.31751249534743337,0.0,30,168,False
2016-04-20,0.31751249534743337,0.0,30,169,False
2016-04-21,0.31751249534743337,0.0,30,170,False
2016-04-22,0.31751249534743337,0.0,30,171,False
2016-04-25,0.31751249534743337,0.0,30,172,False
2016-04-26,0.31751249534743337,0.0,30,173,False
2016-04-27,0.31751249534743337,0.0,30,174,False
2016-04-28,0.31751249534743337,0.0,30,175,False
2016-04-29,0.31751249534743337,0.0,30,176,False
2016-05-02,0.31751249534743337,0.0,30,177,False
2016-05-03,0.31751249534743337,0.0,30,178,False
2016-05-04,0.31751249534743337,0.0,30,179,False
2016-05-05,0.31751249534743337,0.0,30,180,False
2016-05-06,0.31751249534743337,0.0,30,181,False
2016-05-09,0.31751249534743337,0.0,30,182,False
2016-05-10,0.31751249534743337,0.0,30,183,False
2016-05-11,0.31751249534743337,0.0,30,184,False
2016-05-12,0.31751249534743337,0.0,30,185,False
2016-05-13,0.14016640338009792,1.0,31,75,True
2016-05-16,0.14016640338009792,1.0,31,76,False
2016-05-17,0.14016640338009792,1.0,31,77,False
2016-05-18,0.14016640338009792,1.0,31,78,False
2016-05-19,0.14016640338009792,1.0,31,79,False
2016-05-20,0.14016640338009792,1.0,31,80,False
2016-05-23,0.14016640338009792,1.0,31,81,False
2016-05-24,0.14016640338009792,1.0,31,82,False
2016-05-25,0.14016640338009792,1.0,31,83,False
2016-05-26,0.14016640338009792,1.0,31,84,False
2016-05-27,0.14016640338009792,1.0,31,85,False
2016-05-31,0.14016640338009792,1.0,31,86,False
2016-06-01,0.14016640338009792,1.0,31,87,False
2016-06-02,0.14016640338009792,1.0,31,88,False
2016-06-03,0.14016640338009792,1.0,31,89,False
2016-06-06,0.14016640338009792,1.0,31,90,False
2016-06-07,0.14016640338009792,1.0,31,91,False
2016-06-08,0.14016640338009792,1.0,31,92,False
2016-06-09,0.14016640338009792,1.0,31,93,False
2016-06-10,0.14016640338009792,1.0,31,94,False
2016-06-13,0.14016640338009792,1.0,31,95,False
2016-06-14,0.14016640338009792,1.0,31,96,False
2016-06-15,0.14016640338009792,1.0,31,97,False
2016-06-16,0.14016640338009792,1.0,31,98,False
2016-06-17,0.14016640338009792,1.0,31,99,False
2016-06-20,0.14016640338009792,1.0,31,100,False
2016-06-21,0.14016640338009792,1.0,31,101,False
2016-06-22,0.14016640338009792,1.0,31,102,False
2016-06-23,0.14016640338009792,1.0,31,103,False
2016-06-24,0.14016640338009792,1.0,31,104,False
2016-06-27,0.14016640338009792,1.0,31,105,False
2016-06-28,0.14016640338009792,1.0,31,106,False
2016-06-29,0.14016640338009792,1.0,31,107,False
2016-06-30,0.14016640338009792,1.0,31,108,False
2016-07-01,0.14016640338009792,1.0,31,109,False
2016-07-05,0.14016640338009792,1.0,31,110,False
2016-07-06,0.14016640338009792,1.0,31,111,False
2016-07-07,0.14016640338009792,1.0,31,112,False
2016-07-08,0.14016640338009792,1.0,31,113,False
2016-07-11,0.14016640338009792,1.0,31,114,False
2016-07-12,0.14016640338009792,1.0,31,115,False
2016-07-13,0.14016640338009792,1.0,31,116,False
2016-07-14,0.14016640338009792,1.0,31,117,False
2016-07-15,0.14016640338009792,1.0,31,118,False
2016-07-18,0.14016640338009792,1.0,31,119,False
2016-07-19,0.14016640338009792,1.0,31,120,False
2016-07-20,0.14016640338009792,1.0,31,121,False
2016-07-21,0.14016640338009792,1.0,31,122,False
2016-07-22,0.14016640338009792,1.0,31,123,False
2016-07-25,0.14016640338009792,1.0,31,124,False
2016-07-26,0.14016640338009792,1.0,31,125,False
2016-07-27,0.14016640338009792,1.0,31,126,False
2016-07-28,0.14016640338009792,1.0,31,127,False
2016-07-29,0.14016640338009792,1.0,31,128,False
2016-08-01,0.14016640338009792,1.0,31,129,False
2016-08-02,0.14016640338009792,1.0,31,130,False
2016-08-03,0.14016640338009792,1.0,31,131,False
2016-08-04,0.14016640338009792,1.0,31,132,False
2016-08-05,0.14016640338009792,1.0,31,133,False
2016-08-08,0.14016640338009792,1.0,31,134,False
2016-08-09,0.14016640338009792,1.0,31,135,False
2016-08-10,0.14016640338009792,1.0,31,136,False
2016-08-11,0.14016640338009792,1.0,31,137,False
2016-08-12,0.14016640338009792,1.0,31,138,False
2016-08-15,0.14016640338009792,1.0,31,139,False
2016-08-16,0.14016640338009792,1.0,31,140,False
2016-08-17,0.14016640338009792,1.0,31,141,False
2016-08-18,0.14016640338009792,1.0,31,142,False
2016-08-19,0.14016640338009792,1.0,31,143,False
2016-08-22,0.14016640338009792,1.0,31,144,False
2016-08-23,0.14016640338009792,1.0,31,145,False
2016-08-24,0.14016640338009792,1.0,31,146,False
2016-08-25,0.14016640338009792,1.0,31,147,False
2016-08-26,0.14016640338009792,1.0,31,148,False
2016-08-29,0.14016640338009792,1.0,31,149,False
2016-08-30,0.14016640338009792,1.0,31,150,False
2016-08-31,0.14016640338009792,1.0,31,151,False
2016-09-01,0.14016640338009792,1.0,31,152,False
2016-09-02,0.14016640338009792,1.0,31,153,False
2016-09-06,0.14016640338009792,1.0,31,154,False
2016-09-07,0.14016640338009792,1.0,31,155,False
2016-09-08,0.14016640338009792,1.0,31,156,False
2016-09-09,0.14016640338009792,1.0,31,157,False
2016-09-12,0.14016640338009792,1.0,31,158,False
2016-09-13,0.14016640338009792,1.0,31,159,False
2016-09-14,0.14016640338009792,1.0,31,160,False
2016-09-15,0.14016640338009792,1.0,31,161,False
2016-09-16,0.14016640338009792,1.0,31,162,False
2016-09-19,0.14016640338009792,1.0,31,163,False
2016-09-20,0.14016640338009792,1.0,31,164,False
2016-09-21,0.14016640338009792,1.0,31,165,False
2016-09-22,0.14016640338009792,1.0,31,166,False
2016-09-23,0.14016640338009792,1.0,31,167,False
2016-09-26,0.14016640338009792,1.0,31,168,False
2016-09-27,0.14016640338009792,1.0,31,169,False
2016-09-28,0.14016640338009792,1.0,31,170,False
2016-09-29,0.14016640338009792,1.0,31,171,False
2016-09-30,0.14016640338009792,1.0,31,172,False
2016-10-03,0.14016640338009792,1.0,31,173,False
2016-10-04,0.14016640338009792,1.0,31,174,False
2016-10-05,0.14016640338009792,1.0,31,175,False
2016-10-06,0.14016640338009792,1.0,31,176,False
2016-10-07,0.14016640338009792,1.0,31,177,False
2016-10-10,0.14016640338009792,1.0,31,178,False
2016-10-11,0.14016640338009792,1.0,31,179,False
2016-10-12,0.14016640338009792,1.0,31,180,False
2016-10-13,0.14016640338009792,1.0,31,181,False
2016-10-14,0.14016640338009792,1.0,31,182,False
2016-10-17,0.14016640338009792,1.0,31,183,False
2016-10-18,0.14016640338009792,1.0,31,184,False
2016-10-19,0.14016640338009792,1.0,31,185,False
2016-10-20,0.14016640338009792,1.0,31,186,False
2016-10-21,0.14016640338009792,1.0,31,187,False
2016-10-24,0.14016640338009792,1.0,31,188,False
2016-10-25,0.14016640338009792,1.0,31,189,False
2016-10-26,0.14016640338009792,1.0,31,190,False
2016-10-27,0.14016640338009792,1.0,31,191,False
2016-10-28,0.14016640338009792,1.0,31,192,False
2016-10-31,0.14016640338009792,1.0,31,193,False
2016-11-01,0.14016640338009792,1.0,31,194,False
2016-11-02,0.14016640338009792,1.0,31,195,False
2016-11-03,0.14016640338009792,1.0,31,196,False
2016-11-04,0.14016640338009792,1.0,31,197,False
2016-11-07,0.14016640338009792,1.0,31,198,False
2016-11-08,0.14016640338009792,1.0,31,199,False
2016-11-09,0.14016640338009792,1.0,31,200,False
2016-11-10,0.14016640338009792,1.0,31,201,False
2016-11-11,0.14016640338009792,1.0,31,202,False
2016-11-14,0.14016640338009792,1.0,31,203,False
2016-11-15,0.14016640338009792,1.0,31,204,False
2016-11-16,0.14016640338009792,1.0,31,205,False
2016-11-17,0.14016640338009792,1.0,31,206,False
2016-11-18,0.14016640338009792,1.0,31,207,False
2016-11-21,0.14016640338009792,1.0,31,208,False
2016-11-22,0.14016640338009792,1.0,31,209,False
2016-11-23,0.14016640338009792,1.0,31,210,False
2016-11-25,0.14016640338009792,1.0,31,211,False
2016-11-28,0.14016640338009792,1.0,31,212,False
2016-11-29,0.14016640338009792,1.0,31,213,False
2016-11-30,0.14016640338009792,1.0,31,214,False
2016-12-01,0.14016640338009792,1.0,31,215,False
2016-12-02,0.14016640338009792,1.0,31,216,False
2016-12-05,0.14016640338009792,1.0,31,217,False
2016-12-06,0.14016640338009792,1.0,31,218,False
2016-12-07,0.14016640338009792,1.0,31,219,False
2016-12-08,0.14016640338009792,1.0,31,220,False
2016-12-09,0.14016640338009792,1.0,31,221,False
2016-12-12,0.14016640338009792,1.0,31,222,False
2016-12-13,0.14016640338009792,1.0,31,223,False
2016-12-14,0.14016640338009792,1.0,31,224,False
2016-12-15,0.14016640338009792,1.0,31,225,False
2016-12-16,0.14016640338009792,1.0,31,226,False
2016-12-19,0.14016640338009792,1.0,31,227,False
2016-12-20,0.14016640338009792,1.0,31,228,False
2016-12-21,0.14016640338009792,1.0,31,229,False
2016-12-22,0.14016640338009792,1.0,31,230,False
2016-12-23,0.14016640338009792,1.0,31,231,False
2016-12-27,0.14016640338009792,1.0,31,232,False
2016-12-28,0.14016640338009792,1.0,31,233,False
2016-12-29,0.14016640338009792,1.0,31,234,False
2016-12-30,0.14016640338009792,1.0,31,235,False
2017-01-03,0.14016640338009792,1.0,31,236,False
2017-01-04,0.14016640338009792,1.0,31,237,False
2017-01-05,0.14016640338009792,1.0,31,238,False
2017-01-06,0.14016640338009792,1.0,31,239,False
2017-01-09,0.14016640338009792,1.0,31,240,False
2017-01-10,0.14016640338009792,1.0,31,241,False
2017-01-11,0.14016640338009792,1.0,31,242,False
2017-01-12,0.14016640338009792,1.0,31,243,False
2017-01-13,0.14016640338009792,1.0,31,244,False
2017-01-17,0.14016640338009792,1.0,31,245,False
2017-01-18,0.14016640338009792,1.0,31,246,False
2017-01-19,0.14016640338009792,1.0,31,247,False
2017-01-20,0.14016640338009792,1.0,31,248,False
2017-01-23,0.14016640338009792,1.0,31,249,False
2017-01-24,0.14016640338009792,1.0,31,250,False
2017-01-25,0.14016640338009792,1.0,31,251,False
2017-01-26,0.14016640338009792,1.0,31,252,False
2017-01-27,0.14016640338009792,1.0,31,253,False
2017-01-30,0.14016640338009792,1.0,31,254,False
2017-01-31,0.14016640338009792,1.0,31,255,False
2017-02-01,0.14016640338009792,1.0,31,256,False
2017-02-02,0.14016640338009792,1.0,31,257,False
2017-02-03,0.14016640338009792,1.0,31,258,False
2017-02-06,0.14016640338009792,1.0,31,259,False
2017-02-07,0.14016640338009792,1.0,31,260,False
2017-02-08,0.14016640338009792,1.0,31,261,False
2017-02-09,0.14016640338009792,1.0,31,262,False
2017-02-10,0.14016640338009792,1.0,31,263,False
2017-02-13,0.14016640338009792,1.0,31,264,False
2017-02-14,0.14016640338009792,1.0,31,265,False
2017-02-15,0.14016640338009792,1.0,31,266,False
2017-02-16,0.14016640338009792,1.0,31,267,False
2017-02-17,0.14016640338009792,1.0,31,268,False
2017-02-21,0.14016640338009792,1.0,31,269,False
2017-02-22,0.14016640338009792,1.0,31,270,False
2017-02-23,0.14016640338009792,1.0,31,271,False
2017-02-24,0.14016640338009792,1.0,31,272,False
2017-02-27,0.14016640338009792,1.0,31,273,False
2017-02-28,0.14016640338009792,1.0,31,274,False
2017-03-01,0.14016640338009792,1.0,31,275,False
2017-03-02,0.14016640338009792,1.0,31,276,False
2017-03-03,0.14016640338009792,1.0,31,277,False
2017-03-06,0.14016640338009792,1.0,31,278,False
2017-03-07,0.14016640338009792,1.0,31,279,False
2017-03-08,0.14016640338009792,1.0,31,280,False
2017-03-09,0.14016640338009792,1.0,31,281,False
2017-03-10,0.14016640338009792,1.0,31,282,False
2017-03-13,0.14016640338009792,1.0,31,283,False
2017-03-14,0.14016640338009792,1.0,31,284,False
2017-03-15,0.14016640338009792,1.0,31,285,False
2017-03-16,0.14016640338009792,1.0,31,286,False
2017-03-17,0.14016640338009792,1.0,31,287,False
2017-03-20,0.14016640338009792,1.0,31,288,False
2017-03-21,0.14016640338009792,1.0,31,289,False
2017-03-22,0.14016640338009792,1.0,31,290,False
2017-03-23,0.14016640338009792,1.0,31,291,False
2017-03-24,0.14016640338009792,1.0,31,292,False
2017-03-27,0.14016640338009792,1.0,31,293,False
2017-03-28,0.14016640338009792,1.0,31,294,False
2017-03-29,0.14016640338009792,1.0,31,295,False
2017-03-30,0.14016640338009792,1.0,31,296,False
2017-03-31,0.14016640338009792,1.0,31,297,False
2017-04-03,0.14016640338009792,1.0,31,298,False
2017-04-04,0.14016640338009792,1.0,31,299,False
2017-04-05,0.14016640338009792,1.0,31,300,False
2017-04-06,0.14016640338009792,1.0,31,301,False
2017-04-07,0.14016640338009792,1.0,31,302,False
2017-04-10,0.14016640338009792,1.0,31,303,False
2017-04-11,0.14016640338009792,1.0,31,304,False
2017-04-12,0.14016640338009792,1.0,31,305,False
2017-04-13,0.14016640338009792,1.0,31,306,False
2017-04-17,0.14016640338009792,1.0,31,307,False
2017-04-18,0.14016640338009792,1.0,31,308,False
2017-04-19,0.14016640338009792,1.0,31,309,False
2017-04-20,0.14016640338009792,1.0,31,310,False
2017-04-21,0.14016640338009792,1.0,31,311,False
2017-04-24,0.14016640338009792,1.0,31,312,False
2017-04-25,0.14016640338009792,1.0,31,313,False
2017-04-26,0.14016640338009792,1.0,31,314,False
2017-04-27,0.14016640338009792,1.0,31,315,False
2017-04-28,0.14016640338009792,1.0,31,316,False
2017-05-01,0.14016640338009792,1.0,31,317,False
2017-05-02,0.14016640338009792,1.0,31,318,False
2017-05-03,0.14016640338009792,1.0,31,319,False
2017-05-04,0.14016640338009792,1.0,31,320,False
2017-05-05,0.14016640338009792,1.0,31,321,False
2017-05-08,0.14016640338009792,1.0,31,322,False
2017-05-09,0.14016640338009792,1.0,31,323,False
2017-05-10,0.14016640338009792,1.0,31,324,False
2017-05-11,0.14016640338009792,1.0,31,325,False
2017-05-12,0.14016640338009792,1.0,31,326,False
2017-05-15,0.14016640338009792,1.0,31,327,False
2017-05-16,0.14016640338009792,1.0,31,328,False
2017-05-17,0.14016640338009792,1.0,31,329,False
2017-05-18,0.14016640338009792,1.0,31,330,False
2017-05-19,0.14016640338009792,1.0,31,331,False
2017-05-22,0.14016640338009792,1.0,31,332,False
2017-05-23,0.14016640338009792,1.0,31,333,False
2017-05-24,0.14016640338009792,1.0,31,334,False
2017-05-25,0.14016640338009792,1.0,31,335,False
2017-05-26,0.14016640338009792,1.0,31,336,False
2017-05-30,0.14016640338009792,1.0,31,337,False
2017-05-31,0.14016640338009792,1.0,31,338,False
2017-06-01,0.14016640338009792,1.0,31,339,False
2017-06-02,0.14016640338009792,1.0,31,340,False
2017-06-05,0.14016640338009792,1.0,31,341,False
2017-06-06,0.14016640338009792,1.0,31,342,False
2017-06-07,0.14016640338009792,1.0,31,343,False
2017-06-08,0.14016640338009792,1.0,31,344,False
2017-06-09,0.14016640338009792,1.0,31,345,False
2017-06-12,0.14016640338009792,1.0,31,346,False
2017-06-13,0.14016640338009792,1.0,31,347,False
2017-06-14,0.14016640338009792,1.0,31,348,False
2017-06-15,0.14016640338009792,1.0,31,349,False
2017-06-16,0.14016640338009792,1.0,31,350,False
2017-06-19,0.14016640338009792,1.0,31,351,False
2017-06-20,0.14016640338009792,1.0,31,352,False
2017-06-21,0.14016640338009792,1.0,31,353,False
2017-06-22,0.14016640338009792,1.0,31,354,False
2017-06-23,0.14016640338009792,1.0,31,355,False
2017-06-26,0.14016640338009792,1.0,31,356,False
2017-06-27,0.14016640338009792,1.0,31,357,False
2017-06-28,0.14016640338009792,1.0,31,358,False
2017-06-29,0.14016640338009792,1.0,31,359,False
2017-06-30,0.14016640338009792,1.0,31,360,False
2017-07-03,0.14016640338009792,1.0,31,361,False
2017-07-05,0.14016640338009792,1.0,31,362,False
2017-07-06,0.14016640338009792,1.0,31,363,False
2017-07-07,0.14016640338009792,1.0,31,364,False
2017-07-10,0.14016640338009792,1.0,31,365,False
2017-07-11,0.14016640338009792,1.0,31,366,False
2017-07-12,0.14016640338009792,1.0,31,367,False
2017-07-13,0.14016640338009792,1.0,31,368,False
2017-07-14,0.14016640338009792,1.0,31,369,False
2017-07-17,0.14016640338009792,1.0,31,370,False
2017-07-18,0.14016640338009792,1.0,31,371,False
2017-07-19,0.14016640338009792,1.0,31,372,False
2017-07-20,0.14016640338009792,1.0,31,373,False
2017-07-21,0.14016640338009792,1.0,31,374,False
2017-07-24,0.14016640338009792,1.0,31,375,False
2017-07-25,0.14016640338009792,1.0,31,376,False
2017-07-26,0.14016640338009792,1.0,31,377,False
2017-07-27,0.14016640338009792,1.0,31,378,False
2017-07-28,0.14016640338009792,1.0,31,379,False
2017-07-31,0.14016640338009792,1.0,31,380,False
2017-08-01,0.14016640338009792,1.0,31,381,False
2017-08-02,0.14016640338009792,1.0,31,382,False
2017-08-03,0.14016640338009792,1.0,31,383,False
2017-08-04,0.14016640338009792,1.0,31,384,False
2017-08-07,0.14016640338009792,1.0,31,385,False
2017-08-08,0.14016640338009792,1.0,31,386,False
2017-08-09,0.14016640338009792,1.0,31,387,False
2017-08-10,0.14016640338009792,1.0,31,388,False
2017-08-11,0.14016640338009792,1.0,31,389,False
2017-08-14,0.14016640338009792,1.0,31,390,False
2017-08-15,0.14016640338009792,1.0,31,391,False
2017-08-16,0.14016640338009792,1.0,31,392,False
2017-08-17,0.14016640338009792,1.0,31,393,False
2017-08-18,0.14016640338009792,1.0,31,394,False
2017-08-21,0.14016640338009792,1.0,31,395,False
2017-08-22,0.14016640338009792,1.0,31,396,False
2017-08-23,0.14016640338009792,1.0,31,397,False
2017-08-24,0.14016640338009792,1.0,31,398,False
2017-08-25,0.14016640338009792,1.0,31,399,False
2017-08-28,0.14016640338009792,1.0,31,400,False
2017-08-29,0.14016640338009792,1.0,31,401,False
2017-08-30,0.14016640338009792,1.0,31,402,False
2017-08-31,0.14016640338009792,1.0,31,403,False
2017-09-01,0.14016640338009792,1.0,31,404,False
2017-09-05,0.14016640338009792,1.0,31,405,False
2017-09-06,0.14016640338009792,1.0,31,406,False
2017-09-07,0.14016640338009792,1.0,31,407,False
2017-09-08,0.14016640338009792,1.0,31,408,False
2017-09-11,0.14016640338009792,1.0,31,409,False
2017-09-12,0.14016640338009792,1.0,31,410,False
2017-09-13,0.14016640338009792,1.0,31,411,False
2017-09-14,0.14016640338009792,1.0,31,412,False
2017-09-15,0.14016640338009792,1.0,31,413,False
2017-09-18,0.14016640338009792,1.0,31,414,False
2017-09-19,0.14016640338009792,1.0,31,415,False
2017-09-20,0.14016640338009792,1.0,31,416,False
2017-09-21,0.14016640338009792,1.0,31,417,False
2017-09-22,0.14016640338009792,1.0,31,418,False
2017-09-25,0.14016640338009792,1.0,31,419,False
2017-09-26,0.14016640338009792,1.0,31,420,False
2017-09-27,0.14016640338009792,1.0,31,421,False
2017-09-28,0.14016640338009792,1.0,31,422,False
2017-09-29,0.14016640338009792,1.0,31,423,False
2017-10-02,0.14016640338009792,1.0,31,424,False
2017-10-03,0.14016640338009792,1.0,31,425,False
2017-10-04,0.14016640338009792,1.0,31,426,False
2017-10-05,0.14016640338009792,1.0,31,427,False
2017-10-06,0.14016640338009792,1.0,31,428,False
2017-10-09,0.14016640338009792,1.0,31,429,False
2017-10-10,0.14016640338009792,1.0,31,430,False
2017-10-11,0.14016640338009792,1.0,31,431,False
2017-10-12,0.14016640338009792,1.0,31,432,False
2017-10-13,0.14016640338009792,1.0,31,433,False
2017-10-16,0.14016640338009792,1.0,31,434,False
2017-10-17,0.14016640338009792,1.0,31,435,False
2017-10-18,0.14016640338009792,1.0,31,436,False
2017-10-19,0.14016640338009792,1.0,31,437,False
2017-10-20,0.14016640338009792,1.0,31,438,False
2017-10-23,0.14016640338009792,1.0,31,439,False
2017-10-24,0.14016640338009792,1.0,31,440,False
2017-10-25,0.14016640338009792,1.0,31,441,False
2017-10-26,0.14016640338009792,1.0,31,442,False
2017-10-27,0.14016640338009792,1.0,31,443,False
2017-10-30,0.14016640338009792,1.0,31,444,False
2017-10-31,0.14016640338009792,1.0,31,445,False
2017-11-01,0.14016640338009792,1.0,31,446,False
2017-11-02,0.14016640338009792,1.0,31,447,False
2017-11-03,0.14016640338009792,1.0,31,448,False
2017-11-06,0.14016640338009792,1.0,31,449,False
2017-11-07,0.14016640338009792,1.0,31,450,False
2017-11-08,0.14016640338009792,1.0,31,451,False
2017-11-09,0.14016640338009792,1.0,31,452,False
2017-11-10,0.14016640338009792,1.0,31,453,False
2017-11-13,0.14016640338009792,1.0,31,454,False
2017-11-14,0.14016640338009792,1.0,31,455,False
2017-11-15,0.14016640338009792,1.0,31,456,False
2017-11-16,0.14016640338009792,1.0,31,457,False
2017-11-17,0.14016640338009792,1.0,31,458,False
2017-11-20,0.14016640338009792,1.0,31,459,False
2017-11-21,0.14016640338009792,1.0,31,460,False
2017-11-22,0.14016640338009792,1.0,31,461,False
2017-11-24,0.14016640338009792,1.0,31,462,False
2017-11-27,0.14016640338009792,1.0,31,463,False
2017-11-28,0.14016640338009792,1.0,31,464,False
2017-11-29,0.14016640338009792,1.0,31,465,False
2017-11-30,0.14016640338009792,1.0,31,466,False
2017-12-01,0.14016640338009792,1.0,31,467,False
2017-12-04,0.14016640338009792,1.0,31,468,False
2017-12-05,0.14016640338009792,1.0,31,469,False
2017-12-06,0.14016640338009792,1.0,31,470,False
2017-12-07,0.14016640338009792,1.0,31,471,False
2017-12-08,0.14016640338009792,1.0,31,472,False
2017-12-11,0.14016640338009792,1.0,31,473,False
2017-12-12,0.14016640338009792,1.0,31,474,False
2017-12-13,0.14016640338009792,1.0,31,475,False
2017-12-14,0.14016640338009792,1.0,31,476,False
2017-12-15,0.14016640338009792,1.0,31,477,False
2017-12-18,0.14016640338009792,1.0,31,478,False
2017-12-19,0.14016640338009792,1.0,31,479,False
2017-12-20,0.14016640338009792,1.0,31,480,False
2017-12-21,0.14016640338009792,1.0,31,481,False
2017-12-22,0.14016640338009792,1.0,31,482,False
2017-12-26,0.14016640338009792,1.0,31,483,False
2017-12-27,0.14016640338009792,1.0,31,484,False
2017-12-28,0.14016640338009792,1.0,31,485,False
2017-12-29,0.14016640338009792,1.0,31,486,False
2018-01-02,0.14016640338009792,1.0,31,487,False
2018-01-03,0.14016640338009792,1.0,31,488,False
2018-01-04,0.14016640338009792,1.0,31,489,False
2018-01-05,0.14016640338009792,1.0,31,490,False
2018-01-08,0.14016640338009792,1.0,31,491,False
2018-01-09,0.14016640338009792,1.0,31,492,False
2018-01-10,0.14016640338009792,1.0,31,493,False
2018-01-11,0.14016640338009792,1.0,31,494,False
2018-01-12,0.14016640338009792,1.0,31,495,False
2018-01-16,0.14016640338009792,1.0,31,496,False
2018-01-17,0.14016640338009792,1.0,31,497,False
2018-01-18,0.14016640338009792,1.0,31,498,False
2018-01-19,0.14016640338009792,1.0,31,499,False
2018-01-22,0.14016640338009792,1.0,31,500,False
2018-01-23,0.14016640338009792,1.0,31,501,False
2018-01-24,0.14016640338009792,1.0,31,502,False
2018-01-25,0.14016640338009792,1.0,31,503,False
2018-01-26,0.14016640338009792,1.0,31,504,False
2018-01-29,0.14016640338009792,1.0,31,505,False
2018-01-30,0.14016640338009792,1.0,31,506,False
2018-01-31,0.14016640338009792,1.0,31,507,False
2018-02-01,0.14016640338009792,1.0,31,508,False
2018-02-02,0.14016640338009792,1.0,31,509,False
2018-02-05,0.14016640338009792,1.0,31,510,False
2018-02-06,0.14016640338009792,1.0,31,511,False
2018-02-07,0.14016640338009792,1.0,31,512,False
2018-02-08,0.14016640338009792,1.0,31,513,False
2018-02-09,0.14016640338009792,1.0,31,514,False
2018-02-12,0.14016640338009792,1.0,31,515,False
2018-02-13,0.14016640338009792,1.0,31,516,False
2018-02-14,0.14016640338009792,1.0,31,517,False
2018-02-15,0.14016640338009792,1.0,31,518,False
2018-02-16,0.14016640338009792,1.0,31,519,False
2018-02-20,0.14016640338009792,1.0,31,520,False
2018-02-21,0.14016640338009792,1.0,31,521,False
2018-02-22,0.14016640338009792,1.0,31,522,False
2018-02-23,0.25988935484610676,0.0,32,19,True
2018-02-26,0.25988935484610676,0.0,32,20,False
2018-02-27,0.25988935484610676,0.0,32,21,False
2018-02-28,0.25988935484610676,0.0,32,22,False
2018-03-01,0.25988935484610676,0.0,32,23,False
2018-03-02,0.25988935484610676,0.0,32,24,False
2018-03-05,0.25988935484610676,0.0,32,25,False
2018-03-06,0.25988935484610676,0.0,32,26,False
2018-03-07,0.25988935484610676,0.0,32,27,False
2018-03-08,0.25988935484610676,0.0,32,28,False
2018-03-09,0.25988935484610676,0.0,32,29,False
2018-03-12,0.25988935484610676,0.0,32,30,False
2018-03-13,0.25988935484610676,0.0,32,31,False
2018-03-14,0.25988935484610676,0.0,32,32,False
2018-03-15,0.25988935484610676,0.0,32,33,False
2018-03-16,0.25988935484610676,0.0,32,34,False
2018-03-19,0.25988935484610676,0.0,32,35,False
2018-03-20,0.25988935484610676,0.0,32,36,False
2018-03-21,0.25988935484610676,0.0,32,37,False
2018-03-22,0.25988935484610676,0.0,32,38,False
2018-03-23,0.25988935484610676,0.0,32,39,False
2018-03-26,0.25988935484610676,0.0,32,40,False
2018-03-27,0.25988935484610676,0.0,32,41,False
2018-03-28,0.25988935484610676,0.0,32,42,False
2018-03-29,0.25988935484610676,0.0,32,43,False
2018-04-02,0.25988935484610676,0.0,32,44,False
2018-04-03,0.25988935484610676,0.0,32,45,False
2018-04-04,0.25988935484610676,0.0,32,46,False
2018-04-05,0.25988935484610676,0.0,32,47,False
2018-04-06,0.25988935484610676,0.0,32,48,False
2018-04-09,0.25988935484610676,0.0,32,49,False
2018-04-10,0.25988935484610676,0.0,32,50,False
2018-04-11,0.25988935484610676,0.0,32,51,False
2018-04-12,0.25988935484610676,0.0,32,52,False
2018-04-13,0.25988935484610676,0.0,32,53,False
2018-04-16,0.25988935484610676,0.0,32,54,False
2018-04-17,0.25988935484610676,0.0,32,55,False
2018-04-18,0.25988935484610676,0.0,32,56,False
2018-04-19,0.25988935484610676,0.0,32,57,False
2018-04-20,0.25988935484610676,0.0,32,58,False
2018-04-23,0.25988935484610676,0.0,32,59,False
2018-04-24,0.25988935484610676,0.0,32,60,False
2018-04-25,0.25988935484610676,0.0,32,61,False
2018-04-26,0.25988935484610676,0.0,32,62,False
2018-04-27,0.25988935484610676,0.0,32,63,False
2018-04-30,0.25988935484610676,0.0,32,64,False
2018-05-01,0.25988935484610676,0.0,32,65,False
2018-05-02,0.25988935484610676,0.0,32,66,False
2018-05-03,0.25988935484610676,0.0,32,67,False
2018-05-04,0.25988935484610676,0.0,32,68,False
2018-05-07,0.25988935484610676,0.0,32,69,False
2018-05-08,0.25988935484610676,0.0,32,70,False
2018-05-09,0.25988935484610676,0.0,32,71,False
2018-05-10,0.25988935484610676,0.0,32,72,False
2018-05-11,0.25988935484610676,0.0,32,73,False
2018-05-14,0.25988935484610676,0.0,32,74,False
2018-05-15,0.25988935484610676,0.0,32,75,False
2018-05-16,0.25988935484610676,0.0,32,76,False
2018-05-17,0.25988935484610676,0.0,32,77,False
2018-05-18,0.25988935484610676,0.0,32,78,False
2018-05-21,0.25988935484610676,0.0,32,79,False
2018-05-22,0.25988935484610676,0.0,32,80,False
2018-05-23,0.25988935484610676,0.0,32,81,False
2018-05-24,0.25988935484610676,0.0,32,82,False
2018-05-25,0.25988935484610676,0.0,32,83,False
2018-05-29,0.25988935484610676,0.0,32,84,False
2018-05-30,0.25988935484610676,0.0,32,85,False
2018-05-31,0.25988935484610676,0.0,32,86,False
2018-06-01,0.25988935484610676,0.0,32,87,False
2018-06-04,0.25988935484610676,0.0,32,88,False
2018-06-05,0.25988935484610676,0.0,32,89,False
2018-06-06,0.25988935484610676,0.0,32,90,False
2018-06-07,0.25988935484610676,0.0,32,91,False
2018-06-08,0.25988935484610676,0.0,32,92,False
2018-06-11,0.25988935484610676,0.0,32,93,False
2018-06-12,0.25988935484610676,0.0,32,94,False
2018-06-13,0.25988935484610676,0.0,32,95,False
2018-06-14,0.25988935484610676,0.0,32,96,False
2018-06-15,0.25988935484610676,0.0,32,97,False
2018-06-18,0.25988935484610676,0.0,32,98,False
2018-06-19,0.25988935484610676,0.0,32,99,False
2018-06-20,0.25988935484610676,0.0,32,100,False
2018-06-21,0.25988935484610676,0.0,32,101,False
2018-06-22,0.25988935484610676,0.0,32,102,False
2018-06-25,0.25988935484610676,0.0,32,103,False
2018-06-26,0.25988935484610676,0.0,32,104,False
2018-06-27,0.25988935484610676,0.0,32,105,False
2018-06-28,0.25988935484610676,0.0,32,106,False
2018-06-29,0.25988935484610676,0.0,32,107,False
2018-07-02,0.25988935484610676,0.0,32,108,False
2018-07-03,0.25988935484610676,0.0,32,109,False
2018-07-05,0.25988935484610676,0.0,32,110,False
2018-07-06,0.25988935484610676,0.0,32,111,False
2018-07-09,0.25988935484610676,0.0,32,112,False
2018-07-10,0.25988935484610676,0.0,32,113,False
2018-07-11,0.25988935484610676,0.0,32,114,False
2018-07-12,0.25988935484610676,0.0,32,115,False
2018-07-13,0.25988935484610676,0.0,32,116,False
2018-07-16,0.25988935484610676,0.0,32,117,False
2018-07-17,0.25988935484610676,0.0,32,118,False
2018-07-18,0.25988935484610676,0.0,32,119,False
2018-07-19,0.25988935484610676,0.0,32,120,False
2018-07-20,0.25988935484610676,0.0,32,121,False
2018-07-23,0.25988935484610676,0.0,32,122,False
2018-07-24,0.25988935484610676,0.0,32,123,False
2018-07-25,0.25988935484610676,0.0,32,124,False
2018-07-26,0.25988935484610676,0.0,32,125,False
2018-07-27,0.25988935484610676,0.0,32,126,False
2018-07-30,0.25988935484610676,0.0,32,127,False
2018-07-31,0.25988935484610676,0.0,32,128,False
2018-08-01,0.25988935484610676,0.0,32,129,False
2018-08-02,0.25988935484610676,0.0,32,130,False
2018-08-03,0.25988935484610676,0.0,32,131,False
2018-08-06,0.25988935484610676,0.0,32,132,False
2018-08-07,0.25988935484610676,0.0,32,133,False
2018-08-08,0.25988935484610676,0.0,32,134,False
2018-08-09,0.25988935484610676,0.0,32,135,False
2018-08-10,0.25988935484610676,0.0,32,136,False
2018-08-13,0.25988935484610676,0.0,32,137,False
2018-08-14,0.25988935484610676,0.0,32,138,False
2018-08-15,0.25988935484610676,0.0,32,139,False
2018-08-16,0.25988935484610676,0.0,32,140,False
2018-08-17,0.25988935484610676,0.0,32,141,False
2018-08-20,0.25988935484610676,0.0,32,142,False
2018-08-21,0.25988935484610676,0.0,32,143,False
2018-08-22,0.25988935484610676,0.0,32,144,False
2018-08-23,0.25988935484610676,0.0,32,145,False
2018-08-24,0.25988935484610676,0.0,32,146,False
2018-08-27,0.25988935484610676,0.0,32,147,False
2018-08-28,0.25988935484610676,0.0,32,148,False
2018-08-29,0.25988935484610676,0.0,32,149,False
2018-08-30,0.25988935484610676,0.0,32,150,False
2018-08-31,0.25988935484610676,0.0,32,151,False
2018-09-04,0.09477710790081928,1.0,33,103,True
2018-09-05,0.09477710790081928,1.0,33,104,False
2018-09-06,0.09477710790081928,1.0,33,105,False
2018-09-07,0.09477710790081928,1.0,33,106,False
2018-09-10,0.09477710790081928,1.0,33,107,False
2018-09-11,0.09477710790081928,1.0,33,108,False
2018-09-12,0.09477710790081928,1.0,33,109,False
2018-09-13,0.09477710790081928,1.0,33,110,False
2018-09-14,0.09477710790081928,1.0,33,111,False
2018-09-17,0.09477710790081928,1.0,33,112,False
2018-09-18,0.09477710790081928,1.0,33,113,False
2018-09-19,0.09477710790081928,1.0,33,114,False
2018-09-20,0.09477710790081928,1.0,33,115,False
2018-09-21,0.09477710790081928,1.0,33,116,False
2018-09-24,0.09477710790081928,1.0,33,117,False
2018-09-25,0.09477710790081928,1.0,33,118,False
2018-09-26,0.09477710790081928,1.0,33,119,False
2018-09-27,0.09477710790081928,1.0,33,120,False
2018-09-28,0.09477710790081928,1.0,33,121,False
2018-10-01,0.09477710790081928,1.0,33,122,False
2018-10-02,0.09477710790081928,1.0,33,123,False
2018-10-03,0.09477710790081928,1.0,33,124,False
2018-10-04,0.09477710790081928,1.0,33,125,False
2018-10-05,0.09477710790081928,1.0,33,126,False
2018-10-08,0.09477710790081928,1.0,33,127,False
2018-10-09,0.09477710790081928,1.0,33,128,False
2018-10-10,0.09477710790081928,1.0,33,129,False
2018-10-11,0.09477710790081928,1.0,33,130,False
2018-10-12,0.09477710790081928,1.0,33,131,False
2018-10-15,0.09477710790081928,1.0,33,132,False
2018-10-16,0.09477710790081928,1.0,33,133,False
2018-10-17,0.09477710790081928,1.0,33,134,False
2018-10-18,0.09477710790081928,1.0,33,135,False
2018-10-19,0.09477710790081928,1.0,33,136,False
2018-10-22,0.09477710790081928,1.0,33,137,False
2018-10-23,0.09477710790081928,1.0,33,138,False
2018-10-24,0.09477710790081928,1.0,33,139,False
2018-10-25,0.09477710790081928,1.0,33,140,False
2018-10-26,0.09477710790081928,1.0,33,141,False
2018-10-29,0.09477710790081928,1.0,33,142,False
2018-10-30,0.09477710790081928,1.0,33,143,False
2018-10-31,0.09477710790081928,1.0,33,144,False
2018-11-01,0.09477710790081928,1.0,33,145,False
2018-11-02,0.09477710790081928,1.0,33,146,False
2018-11-05,0.09477710790081928,1.0,33,147,False
2018-11-06,0.09477710790081928,1.0,33,148,False
2018-11-07,0.09477710790081928,1.0,33,149,False
2018-11-08,0.09477710790081928,1.0,33,150,False
2018-11-09,0.09477710790081928,1.0,33,151,False
2018-11-12,0.09477710790081928,1.0,33,152,False
2018-11-13,0.09477710790081928,1.0,33,153,False
2018-11-14,0.09477710790081928,1.0,33,154,False
2018-11-15,0.09477710790081928,1.0,33,155,False
2018-11-16,0.09477710790081928,1.0,33,156,False
2018-11-19,0.09477710790081928,1.0,33,157,False
2018-11-20,0.09477710790081928,1.0,33,158,False
2018-11-21,0.09477710790081928,1.0,33,159,False
2018-11-23,0.09477710790081928,1.0,33,160,False
2018-11-26,0.09477710790081928,1.0,33,161,False
2018-11-27,0.09477710790081928,1.0,33,162,False
2018-11-28,0.09477710790081928,1.0,33,163,False
2018-11-29,0.09477710790081928,1.0,33,164,False
2018-11-30,0.09477710790081928,1.0,33,165,False
2018-12-03,0.09477710790081928,1.0,33,166,False
2018-12-04,0.09477710790081928,1.0,33,167,False
2018-12-06,0.09477710790081928,1.0,33,168,False
2018-12-07,0.09477710790081928,1.0,33,169,False
2018-12-10,0.09477710790081928,1.0,33,170,False
2018-12-11,0.09477710790081928,1.0,33,171,False
2018-12-12,0.09477710790081928,1.0,33,172,False
2018-12-13,0.09477710790081928,1.0,33,173,False
2018-12-14,0.09477710790081928,1.0,33,174,False
2018-12-17,0.09477710790081928,1.0,33,175,False
2018-12-18,0.09477710790081928,1.0,33,176,False
2018-12-19,0.09477710790081928,1.0,33,177,False
2018-12-20,0.09477710790081928,1.0,33,178,False
2018-12-21,0.09477710790081928,1.0,33,179,False
2018-12-24,0.09477710790081928,1.0,33,180,False
2018-12-26,0.09477710790081928,1.0,33,181,False
2018-12-27,0.09477710790081928,1.0,33,182,False
2018-12-28,0.09477710790081928,1.0,33,183,False
2018-12-31,0.09477710790081928,1.0,33,184,False
2019-01-02,0.09477710790081928,1.0,33,185,False
2019-01-03,0.09477710790081928,1.0,33,186,False
2019-01-04,0.09477710790081928,1.0,33,187,False
2019-01-07,0.09477710790081928,1.0,33,188,False
2019-01-08,0.09477710790081928,1.0,33,189,False
2019-01-09,0.09477710790081928,1.0,33,190,False
2019-01-10,0.09477710790081928,1.0,33,191,False
2019-01-11,0.09477710790081928,1.0,33,192,False
2019-01-14,0.09477710790081928,1.0,33,193,False
2019-01-15,0.09477710790081928,1.0,33,194,False
2019-01-16,0.09477710790081928,1.0,33,195,False
2019-01-17,0.09477710790081928,1.0,33,196,False
2019-01-18,0.09477710790081928,1.0,33,197,False
2019-01-22,0.09477710790081928,1.0,33,198,False
2019-01-23,0.09477710790081928,1.0,33,199,False
2019-01-24,0.09477710790081928,1.0,33,200,False
2019-01-25,0.09477710790081928,1.0,33,201,False
2019-01-28,0.09477710790081928,1.0,33,202,False
2019-01-29,0.09477710790081928,1.0,33,203,False
2019-01-30,0.09477710790081928,1.0,33,204,False
2019-01-31,0.09477710790081928,1.0,33,205,False
2019-02-01,0.09477710790081928,1.0,33,206,False
2019-02-04,0.09477710790081928,1.0,33,207,False
2019-02-05,0.09477710790081928,1.0,33,208,False
2019-02-06,0.09477710790081928,1.0,33,209,False
2019-02-07,0.09477710790081928,1.0,33,210,False
2019-02-08,0.09477710790081928,1.0,33,211,False
2019-02-11,0.09477710790081928,1.0,33,212,False
2019-02-12,0.09477710790081928,1.0,33,213,False
2019-02-13,0.09477710790081928,1.0,33,214,False
2019-02-14,0.09477710790081928,1.0,33,215,False
2019-02-15,0.09477710790081928,1.0,33,216,False
2019-02-19,0.09477710790081928,1.0,33,217,False
2019-02-20,0.09477710790081928,1.0,33,218,False
2019-02-21,0.09477710790081928,1.0,33,219,False
2019-02-22,0.09477710790081928,1.0,33,220,False
2019-02-25,0.09477710790081928,1.0,33,221,False
2019-02-26,0.09477710790081928,1.0,33,222,False
2019-02-27,0.09477710790081928,1.0,33,223,False
2019-02-28,0.09477710790081928,1.0,33,224,False
2019-03-01,0.09477710790081928,1.0,33,225,False
2019-03-04,0.09477710790081928,1.0,33,226,False
2019-03-05,0.09477710790081928,1.0,33,227,False
2019-03-06,0.09477710790081928,1.0,33,228,False
2019-03-07,0.09477710790081928,1.0,33,229,False
2019-03-08,0.09477710790081928,1.0,33,230,False
2019-03-11,0.09477710790081928,1.0,33,231,False
2019-03-12,0.09477710790081928,1.0,33,232,False
2019-03-13,0.09477710790081928,1.0,33,233,False
2019-03-14,0.09477710790081928,1.0,33,234,False
2019-03-15,0.09477710790081928,1.0,33,235,False
2019-03-18,0.09477710790081928,1.0,33,236,False
2019-03-19,0.09477710790081928,1.0,33,237,False
2019-03-20,0.09477710790081928,1.0,33,238,False
2019-03-21,0.09477710790081928,1.0,33,239,False
2019-03-22,0.09477710790081928,1.0,33,240,False
2019-03-25,0.09477710790081928,1.0,33,241,False
2019-03-26,0.09477710790081928,1.0,33,242,False
2019-03-27,0.09477710790081928,1.0,33,243,False
2019-03-28,0.09477710790081928,1.0,33,244,False
2019-03-29,0.09477710790081928,1.0,33,245,False
2019-04-01,0.09477710790081928,1.0,33,246,False
2019-04-02,0.09477710790081928,1.0,33,247,False
2019-04-03,0.09477710790081928,1.0,33,248,False
2019-04-04,0.09477710790081928,1.0,33,249,False
2019-04-05,0.09477710790081928,1.0,33,250,False
2019-04-08,0.09477710790081928,1.0,33,251,False
2019-04-09,0.09477710790081928,1.0,33,252,False
2019-04-10,0.09477710790081928,1.0,33,253,False
2019-04-11,0.09477710790081928,1.0,33,254,False
2019-04-12,0.09477710790081928,1.0,33,255,False
2019-04-15,0.09477710790081928,1.0,33,256,False
2019-04-16,0.09477710790081928,1.0,33,257,False
2019-04-17,0.09477710790081928,1.0,33,258,False
2019-04-18,0.09477710790081928,1.0,33,259,False
2019-04-22,0.09477710790081928,1.0,33,260,False
2019-04-23,0.09477710790081928,1.0,33,261,False
2019-04-24,0.09477710790081928,1.0,33,262,False
2019-04-25,0.09477710790081928,1.0,33,263,False
2019-04-26,0.09477710790081928,1.0,33,264,False
2019-04-29,0.09477710790081928,1.0,33,265,False
2019-04-30,0.09477710790081928,1.0,33,266,False
2019-05-01,0.09477710790081928,1.0,33,267,False
2019-05-02,0.09477710790081928,1.0,33,268,False
2019-05-03,0.09477710790081928,1.0,33,269,False
2019-05-06,0.09477710790081928,1.0,33,270,False
2019-05-07,0.09477710790081928,1.0,33,271,False
2019-05-08,0.09477710790081928,1.0,33,272,False
2019-05-09,0.09477710790081928,1.0,33,273,False
2019-05-10,0.09477710790081928,1.0,33,274,False
2019-05-13,0.09477710790081928,1.0,33,275,False
2019-05-14,0.09477710790081928,1.0,33,276,False
2019-05-15,0.09477710790081928,1.0,33,277,False
2019-05-16,0.09477710790081928,1.0,33,278,False
2019-05-17,0.09477710790081928,1.0,33,279,False
2019-05-20,0.09477710790081928,1.0,33,280,False
2019-05-21,0.09477710790081928,1.0,33,281,False
2019-05-22,0.09477710790081928,1.0,33,282,False
2019-05-23,0.09477710790081928,1.0,33,283,False
2019-05-24,0.09477710790081928,1.0,33,284,False
2019-05-28,0.09477710790081928,1.0,33,285,False
2019-05-29,0.09477710790081928,1.0,33,286,False
2019-05-30,0.09477710790081928,1.0,33,287,False
2019-05-31,0.09477710790081928,1.0,33,288,False
2019-06-03,0.09477710790081928,1.0,33,289,False
2019-06-04,0.09477710790081928,1.0,33,290,False
2019-06-05,0.09477710790081928,1.0,33,291,False
2019-06-06,0.09477710790081928,1.0,33,292,False
2019-06-07,0.09477710790081928,1.0,33,293,False
2019-06-10,0.09477710790081928,1.0,33,294,False
2019-06-11,0.09477710790081928,1.0,33,295,False
2019-06-12,0.09477710790081928,1.0,33,296,False
2019-06-13,0.09477710790081928,1.0,33,297,False
2019-06-14,0.09477710790081928,1.0,33,298,False
2019-06-17,0.09477710790081928,1.0,33,299,False
2019-06-18,0.09477710790081928,1.0,33,300,False
2019-06-19,0.09477710790081928,1.0,33,301,False
2019-06-20,0.09477710790081928,1.0,33,302,False
2019-06-21,0.09477710790081928,1.0,33,303,False
2019-06-24,0.09477710790081928,1.0,33,304,False
2019-06-25,0.09477710790081928,1.0,33,305,False
2019-06-26,0.09477710790081928,1.0,33,306,False
2019-06-27,0.09477710790081928,1.0,33,307,False
2019-06-28,0.09477710790081928,1.0,33,308,False
2019-07-01,0.09477710790081928,1.0,33,309,False
2019-07-02,0.09477710790081928,1.0,33,310,False
2019-07-03,0.09477710790081928,1.0,33,311,False
2019-07-05,0.09477710790081928,1.0,33,312,False
2019-07-08,0.09477710790081928,1.0,33,313,False
2019-07-09,0.09477710790081928,1.0,33,314,False
2019-07-10,0.09477710790081928,1.0,33,315,False
2019-07-11,0.09477710790081928,1.0,33,316,False
2019-07-12,0.09477710790081928,1.0,33,317,False
2019-07-15,0.09477710790081928,1.0,33,318,False
2019-07-16,0.09477710790081928,1.0,33,319,False
2019-07-17,0.09477710790081928,1.0,33,320,False
2019-07-18,0.09477710790081928,1.0,33,321,False
2019-07-19,0.09477710790081928,1.0,33,322,False
2019-07-22,0.09477710790081928,1.0,33,323,False
2019-07-23,0.09477710790081928,1.0,33,324,False
2019-07-24,0.09477710790081928,1.0,33,325,False
2019-07-25,0.09477710790081928,1.0,33,326,False
2019-07-26,0.09477710790081928,1.0,33,327,False
2019-07-29,0.09477710790081928,1.0,33,328,False
2019-07-30,0.09477710790081928,1.0,33,329,False
2019-07-31,0.09477710790081928,1.0,33,330,False
2019-08-01,0.09477710790081928,1.0,33,331,False
2019-08-02,0.09477710790081928,1.0,33,332,False
2019-08-05,0.09477710790081928,1.0,33,333,False
2019-08-06,0.09477710790081928,1.0,33,334,False
2019-08-07,0.09477710790081928,1.0,33,335,False
2019-08-08,0.09477710790081928,1.0,33,336,False
2019-08-09,0.09477710790081928,1.0,33,337,False
2019-08-12,0.09477710790081928,1.0,33,338,False
2019-08-13,0.09477710790081928,1.0,33,339,False
2019-08-14,0.09477710790081928,1.0,33,340,False
2019-08-15,0.09477710790081928,1.0,33,341,False
2019-08-16,0.09477710790081928,1.0,33,342,False
2019-08-19,0.2016926761710518,0.0,34,21,True
2019-08-20,0.2016926761710518,0.0,34,22,False
2019-08-21,0.2016926761710518,0.0,34,23,False
2019-08-22,0.2016926761710518,0.0,34,24,False
2019-08-23,0.2016926761710518,0.0,34,25,False
2019-08-26,0.2016926761710518,0.0,34,26,False
2019-08-27,0.2016926761710518,0.0,34,27,False
2019-08-28,0.2016926761710518,0.0,34,28,False
2019-08-29,0.2016926761710518,0.0,34,29,False
2019-08-30,0.2016926761710518,0.0,34,30,False
2019-09-03,0.2016926761710518,0.0,34,31,False
2019-09-04,0.2016926761710518,0.0,34,32,False
2019-09-05,0.2016926761710518,0.0,34,33,False
2019-09-06,0.2016926761710518,0.0,34,34,False
2019-09-09,0.2016926761710518,0.0,34,35,False
2019-09-10,0.2016926761710518,0.0,34,36,False
2019-09-11,0.2016926761710518,0.0,34,37,False
2019-09-12,0.2016926761710518,0.0,34,38,False
2019-09-13,0.2016926761710518,0.0,34,39,False
2019-09-16,0.2016926761710518,0.0,34,40,False
2019-09-17,0.2016926761710518,0.0,34,41,False
2019-09-18,0.2016926761710518,0.0,34,42,False
2019-09-19,0.2016926761710518,0.0,34,43,False
2019-09-20,0.2016926761710518,0.0,34,44,False
2019-09-23,0.2016926761710518,0.0,34,45,False
2019-09-24,0.2016926761710518,0.0,34,46,False
2019-09-25,0.2016926761710518,0.0,34,47,False
2019-09-26,0.2016926761710518,0.0,34,48,False
2019-09-27,0.2016926761710518,0.0,34,49,False
2019-09-30,0.2016926761710518,0.0,34,50,False
2019-10-01,0.2016926761710518,0.0,34,51,False
2019-10-02,0.2016926761710518,0.0,34,52,False
2019-10-03,0.2016926761710518,0.0,34,53,False
2019-10-04,0.2016926761710518,0.0,34,54,False
2019-10-07,0.2016926761710518,0.0,34,55,False
2019-10-08,0.2016926761710518,0.0,34,56,False
2019-10-09,0.2016926761710518,0.0,34,57,False
2019-10-10,0.2016926761710518,0.0,34,58,False
2019-10-11,0.2016926761710518,0.0,34,59,False
2019-10-14,0.2016926761710518,0.0,34,60,False
2019-10-15,0.2016926761710518,0.0,34,61,False
2019-10-16,0.2016926761710518,0.0,34,62,False
2019-10-17,0.2016926761710518,0.0,34,63,False
2019-10-18,0.2016926761710518,0.0,34,64,False
2019-10-21,0.2016926761710518,0.0,34,65,False
2019-10-22,0.2016926761710518,0.0,34,66,False
2019-10-23,0.2016926761710518,0.0,34,67,False
2019-10-24,0.2016926761710518,0.0,34,68,False
2019-10-25,0.2016926761710518,0.0,34,69,False
2019-10-28,0.2016926761710518,0.0,34,70,False
2019-10-29,0.2016926761710518,0.0,34,71,False
2019-10-30,0.2016926761710518,0.0,34,72,False
2019-10-31,0.2016926761710518,0.0,34,73,False
2019-11-01,0.2016926761710518,0.0,34,74,False
2019-11-04,0.2016926761710518,0.0,34,75,False
2019-11-05,0.2016926761710518,0.0,34,76,False
2019-11-06,0.2016926761710518,0.0,34,77,False
2019-11-07,0.2016926761710518,0.0,34,78,False
2019-11-08,0.2016926761710518,0.0,34,79,False
2019-11-11,0.2016926761710518,0.0,34,80,False
2019-11-12,0.2016926761710518,0.0,34,81,False
2019-11-13,0.2016926761710518,0.0,34,82,False
2019-11-14,0.2016926761710518,0.0,34,83,False
2019-11-15,0.2016926761710518,0.0,34,84,False
2019-11-18,0.2016926761710518,0.0,34,85,False
2019-11-19,0.2016926761710518,0.0,34,86,False
2019-11-20,0.1038191154475045,1.0,35,61,True
2019-11-21,0.1038191154475045,1.0,35,62,False
2019-11-22,0.1038191154475045,1.0,35,63,False
2019-11-25,0.1038191154475045,1.0,35,64,False
2019-11-26,0.1038191154475045,1.0,35,65,False
2019-11-27,0.1038191154475045,1.0,35,66,False
2019-11-29,0.1038191154475045,1.0,35,67,False
2019-12-02,0.1038191154475045,1.0,35,68,False
2019-12-03,0.1038191154475045,1.0,35,69,False
2019-12-04,0.1038191154475045,1.0,35,70,False
2019-12-05,0.1038191154475045,1.0,35,71,False
2019-12-06,0.1038191154475045,1.0,35,72,False
2019-12-09,0.1038191154475045,1.0,35,73,False
2019-12-10,0.1038191154475045,1.0,35,74,False
2019-12-11,0.1038191154475045,1.0,35,75,False
2019-12-12,0.1038191154475045,1.0,35,76,False
2019-12-13,0.1038191154475045,1.0,35,77,False
2019-12-16,0.1038191154475045,1.0,35,78,False
2019-12-17,0.1038191154475045,1.0,35,79,False
2019-12-18,0.1038191154475045,1.0,35,80,False
2019-12-19,0.1038191154475045,1.0,35,81,False
2019-12-20,0.1038191154475045,1.0,35,82,False
2019-12-23,0.1038191154475045,1.0,35,83,False
2019-12-24,0.1038191154475045,1.0,35,84,False
2019-12-26,0.1038191154475045,1.0,35,85,False
2019-12-27,0.1038191154475045,1.0,35,86,False
2019-12-30,0.1038191154475045,1.0,35,87,False
2019-12-31,0.1038191154475045,1.0,35,88,False
2020-01-02,0.1038191154475045,1.0,35,89,False
2020-01-03,0.1038191154475045,1.0,35,90,False
2020-01-06,0.1038191154475045,1.0,35,91,False
2020-01-07,0.1038191154475045,1.0,35,92,False
2020-01-08,0.1038191154475045,1.0,35,93,False
2020-01-09,0.1038191154475045,1.0,35,94,False
2020-01-10,0.1038191154475045,1.0,35,95,False
2020-01-13,0.1038191154475045,1.0,35,96,False
2020-01-14,0.1038191154475045,1.0,35,97,False
2020-01-15,0.1038191154475045,1.0,35,98,False
2020-01-16,0.1038191154475045,1.0,35,99,False
2020-01-17,0.1038191154475045,1.0,35,100,False
2020-01-21,0.1038191154475045,1.0,35,101,False
2020-01-22,0.1038191154475045,1.0,35,102,False
2020-01-23,0.1038191154475045,1.0,35,103,False
2020-01-24,0.1038191154475045,1.0,35,104,False
2020-01-27,0.1038191154475045,1.0,35,105,False
2020-01-28,0.1038191154475045,1.0,35,106,False
2020-01-29,0.1038191154475045,1.0,35,107,False
2020-01-30,0.1038191154475045,1.0,35,108,False
2020-01-31,0.1038191154475045,1.0,35,109,False
2020-02-03,0.1038191154475045,1.0,35,110,False
2020-02-04,0.1038191154475045,1.0,35,111,False
2020-02-05,0.1038191154475045,1.0,35,112,False
2020-02-06,0.1038191154475045,1.0,35,113,False
2020-02-07,0.1038191154475045,1.0,35,114,False
2020-02-10,0.1038191154475045,1.0,35,115,False
2020-02-11,0.1038191154475045,1.0,35,116,False
2020-02-12,0.1038191154475045,1.0,35,117,False
2020-02-13,0.1038191154475045,1.0,35,118,False
2020-02-14,0.1038191154475045,1.0,35,119,False
2020-02-18,0.1038191154475045,1.0,35,120,False
2020-02-19,0.1038191154475045,1.0,35,121,False
2020-02-20,0.1038191154475045,1.0,35,122,False
2020-02-21,0.1038191154475045,1.0,35,123,False
2020-02-24,0.1038191154475045,1.0,35,124,False
2020-02-25,0.1038191154475045,1.0,35,125,False
2020-02-26,0.1038191154475045,1.0,35,126,False
2020-02-27,0.1038191154475045,1.0,35,127,False
2020-02-28,0.1038191154475045,1.0,35,128,False
2020-03-02,0.1038191154475045,1.0,35,129,False
2020-03-03,0.1038191154475045,1.0,35,130,False
2020-03-04,0.1038191154475045,1.0,35,131,False
2020-03-05,0.1038191154475045,1.0,35,132,False
2020-03-06,0.1038191154475045,1.0,35,133,False
2020-03-09,0.1038191154475045,1.0,35,134,False
2020-03-10,0.1038191154475045,1.0,35,135,False
2020-03-11,0.521048444384221,0.0,36,19,True
2020-03-12,0.521048444384221,0.0,36,20,False
2020-03-13,0.521048444384221,0.0,36,21,False
2020-03-16,0.521048444384221,0.0,36,22,False
2020-03-17,0.521048444384221,0.0,36,23,False
2020-03-18,0.521048444384221,0.0,36,24,False
2020-03-19,0.521048444384221,0.0,36,25,False
2020-03-20,0.521048444384221,0.0,36,26,False
2020-03-23,0.521048444384221,0.0,36,27,False
2020-03-24,0.521048444384221,0.0,36,28,False
2020-03-25,0.521048444384221,0.0,36,29,False
2020-03-26,0.521048444384221,0.0,36,30,False
2020-03-27,0.521048444384221,0.0,36,31,False
2020-03-30,0.521048444384221,0.0,36,32,False
2020-03-31,0.521048444384221,0.0,36,33,False
2020-04-01,0.521048444384221,0.0,36,34,False
2020-04-02,0.521048444384221,0.0,36,35,False
2020-04-03,0.521048444384221,0.0,36,36,False
2020-04-06,0.521048444384221,0.0,36,37,False
2020-04-07,0.521048444384221,0.0,36,38,False
2020-04-08,0.521048444384221,0.0,36,39,False
2020-04-09,0.521048444384221,0.0,36,40,False
2020-04-13,0.521048444384221,0.0,36,41,False
2020-04-14,0.521048444384221,0.0,36,42,False
2020-04-15,0.521048444384221,0.0,36,43,False
2020-04-16,0.521048444384221,0.0,36,44,False
2020-04-17,0.521048444384221,0.0,36,45,False
2020-04-20,0.521048444384221,0.0,36,46,False
2020-04-21,0.521048444384221,0.0,36,47,False
2020-04-22,0.521048444384221,0.0,36,48,False
2020-04-23,0.521048444384221,0.0,36,49,False
2020-04-24,0.521048444384221,0.0,36,50,False
2020-04-27,0.521048444384221,0.0,36,51,False
2020-04-28,0.521048444384221,0.0,36,52,False
2020-04-29,0.521048444384221,0.0,36,53,False
2020-04-30,0.521048444384221,0.0,36,54,False
2020-05-01,0.521048444384221,0.0,36,55,False
2020-05-04,0.521048444384221,0.0,36,56,False
2020-05-05,0.521048444384221,0.0,36,57,False
2020-05-06,0.521048444384221,0.0,36,58,False
2020-05-07,0.521048444384221,0.0,36,59,False
2020-05-08,0.521048444384221,0.0,36,60,False
2020-05-11,0.521048444384221,0.0,36,61,False
2020-05-12,0.521048444384221,0.0,36,62,False
2020-05-13,0.521048444384221,0.0,36,63,False
2020-05-14,0.521048444384221,0.0,36,64,False
2020-05-15,0.521048444384221,0.0,36,65,False
2020-05-18,0.521048444384221,0.0,36,66,False
2020-05-19,0.521048444384221,0.0,36,67,False
2020-05-20,0.521048444384221,0.0,36,68,False
2020-05-21,0.521048444384221,0.0,36,69,False
2020-05-22,0.521048444384221,0.0,36,70,False
2020-05-26,0.4458792655145912,0.0,37,47,True
2020-05-27,0.4458792655145912,0.0,37,48,False
2020-05-28,0.4458792655145912,0.0,37,49,False
2020-05-29,0.4458792655145912,0.0,37,50,False
2020-06-01,0.4458792655145912,0.0,37,51,False
2020-06-02,0.4458792655145912,0.0,37,52,False
2020-06-03,0.4458792655145912,0.0,37,53,False
2020-06-04,0.4458792655145912,0.0,37,54,False
2020-06-05,0.4458792655145912,0.0,37,55,False
2020-06-08,0.4458792655145912,0.0,37,56,False
2020-06-09,0.4458792655145912,0.0,37,57,False
2020-06-10,0.4458792655145912,0.0,37,58,False
2020-06-11,0.4458792655145912,0.0,37,59,False
2020-06-12,0.4458792655145912,0.0,37,60,False
2020-06-15,0.4458792655145912,0.0,37,61,False
2020-06-16,0.4458792655145912,0.0,37,62,False
2020-06-17,0.4458792655145912,0.0,37,63,False
2020-06-18,0.4458792655145912,0.0,37,64,False
2020-06-19,0.4458792655145912,0.0,37,65,False
2020-06-22,0.4458792655145912,0.0,37,66,False
2020-06-23,0.4458792655145912,0.0,37,67,False
2020-06-24,0.4458792655145912,0.0,37,68,False
2020-06-25,0.4458792655145912,0.0,37,69,False
2020-06-26,0.4458792655145912,0.0,37,70,False
2020-06-29,0.4458792655145912,0.0,37,71,False
2020-06-30,0.4458792655145912,0.0,37,72,False
2020-07-01,0.4458792655145912,0.0,37,73,False
2020-07-02,0.4458792655145912,0.0,37,74,False
2020-07-06,0.4458792655145912,0.0,37,75,False
2020-07-07,0.4458792655145912,0.0,37,76,False
2020-07-08,0.4458792655145912,0.0,37,77,False
2020-07-09,0.4458792655145912,0.0,37,78,False
2020-07-10,0.4458792655145912,0.0,37,79,False
2020-07-13,0.4458792655145912,0.0,37,80,False
2020-07-14,0.4458792655145912,0.0,37,81,False
2020-07-15,0.4458792655145912,0.0,37,82,False
2020-07-16,0.4458792655145912,0.0,37,83,False
2020-07-17,0.4458792655145912,0.0,37,84,False
2020-07-20,0.4458792655145912,0.0,37,85,False
2020-07-21,0.4458792655145912,0.0,37,86,False
2020-07-22,0.4458792655145912,0.0,37,87,False
2020-07-23,0.4458792655145912,0.0,37,88,False
2020-07-24,0.4458792655145912,0.0,37,89,False
2020-07-27,0.4458792655145912,0.0,37,90,False
2020-07-28,0.4458792655145912,0.0,37,91,False
2020-07-29,0.4458792655145912,0.0,37,92,False
2020-07-30,0.4458792655145912,0.0,37,93,False
2020-07-31,0.4458792655145912,0.0,37,94,False
2020-08-03,0.4458792655145912,0.0,37,95,False
2020-08-04,0.4458792655145912,0.0,37,96,False
2020-08-05,0.4458792655145912,0.0,37,97,False
2020-08-06,0.4458792655145912,0.0,37,98,False
2020-08-07,0.4458792655145912,0.0,37,99,False
2020-08-10,0.4458792655145912,0.0,37,100,False
2020-08-11,0.4458792655145912,0.0,37,101,False
2020-08-12,0.4458792655145912,0.0,37,102,False
2020-08-13,0.4458792655145912,0.0,37,103,False
2020-08-14,0.4458792655145912,0.0,37,104,False
2020-08-17,0.4458792655145912,0.0,37,105,False
2020-08-18,0.4458792655145912,0.0,37,106,False
2020-08-19,0.4458792655145912,0.0,37,107,False
2020-08-20,0.4458792655145912,0.0,37,108,False
2020-08-21,0.4458792655145912,0.0,37,109,False
2020-08-24,0.4458792655145912,0.0,37,110,False
2020-08-25,0.4458792655145912,0.0,37,111,False
2020-08-26,0.4458792655145912,0.0,37,112,False
2020-08-27,0.4458792655145912,0.0,37,113,False
2020-08-28,0.4458792655145912,0.0,37,114,False
2020-08-31,0.4458792655145912,0.0,37,115,False
2020-09-01,0.4458792655145912,0.0,37,116,False
2020-09-02,0.4458792655145912,0.0,37,117,False
2020-09-03,0.4458792655145912,0.0,37,118,False
2020-09-04,0.4458792655145912,0.0,37,119,False
2020-09-08,0.4458792655145912,0.0,37,120,False
2020-09-09,0.4458792655145912,0.0,37,121,False
2020-09-10,0.4458792655145912,0.0,37,122,False
2020-09-11,0.4458792655145912,0.0,37,123,False
2020-09-14,0.4458792655145912,0.0,37,124,False
2020-09-15,0.4458792655145912,0.0,37,125,False
2020-09-16,0.4458792655145912,0.0,37,126,False
2020-09-17,0.4458792655145912,0.0,37,127,False
2020-09-18,0.4458792655145912,0.0,37,128,False
2020-09-21,0.4458792655145912,0.0,37,129,False
2020-09-22,0.4458792655145912,0.0,37,130,False
2020-09-23,0.4458792655145912,0.0,37,131,False
2020-09-24,0.4458792655145912,0.0,37,132,False
2020-09-25,0.4458792655145912,0.0,37,133,False
2020-09-28,0.4458792655145912,0.0,37,134,False
2020-09-29,0.4458792655145912,0.0,37,135,False
2020-09-30,0.4458792655145912,0.0,37,136,False
2020-10-01,0.4458792655145912,0.0,37,137,False
2020-10-02,0.4458792655145912,0.0,37,138,False
2020-10-05,0.4458792655145912,0.0,37,139,False
2020-10-06,0.4458792655145912,0.0,37,140,False
2020-10-07,0.4458792655145912,0.0,37,141,False
2020-10-08,0.4458792655145912,0.0,37,142,False
2020-10-09,0.4458792655145912,0.0,37,143,False
2020-10-12,0.4458792655145912,0.0,37,144,False
2020-10-13,0.4458792655145912,0.0,37,145,False
2020-10-14,0.4458792655145912,0.0,37,146,False
2020-10-15,0.4458792655145912,0.0,37,147,False
2020-10-16,0.4458792655145912,0.0,37,148,False
2020-10-19,0.4458792655145912,0.0,37,149,False
2020-10-20,0.4458792655145912,0.0,37,150,False
2020-10-21,0.4458792655145912,0.0,37,151,False
2020-10-22,0.4458792655145912,0.0,37,152,False
2020-10-23,0.4458792655145912,0.0,37,153,False
2020-10-26,0.4458792655145912,0.0,37,154,False
2020-10-27,0.4458792655145912,0.0,37,155,False
2020-10-28,0.4458792655145912,0.0,37,156,False
2020-10-29,0.4458792655145912,0.0,37,157,False
2020-10-30,0.4458792655145912,0.0,37,158,False
2020-11-02,0.4458792655145912,0.0,37,159,False
2020-11-03,0.4458792655145912,0.0,37,160,False
2020-11-04,0.4458792655145912,0.0,37,161,False
2020-11-05,0.4458792655145912,0.0,37,162,False
2020-11-06,0.4458792655145912,0.0,37,163,False
2020-11-09,0.4458792655145912,0.0,37,164,False
2020-11-10,0.4458792655145912,0.0,37,165,False
2020-11-11,0.4458792655145912,0.0,37,166,False
2020-11-12,0.4458792655145912,0.0,37,167,False
2020-11-13,0.4458792655145912,0.0,37,168,False
2020-11-16,0.4458792655145912,0.0,37,169,False
2020-11-17,0.4458792655145912,0.0,37,170,False
2020-11-18,0.4458792655145912,0.0,37,171,False
2020-11-19,0.4458792655145912,0.0,37,172,False
2020-11-20,0.4458792655145912,0.0,37,173,False
2020-11-23,0.4458792655145912,0.0,37,174,False
2020-11-24,0.4458792655145912,0.0,37,175,False
2020-11-25,0.4458792655145912,0.0,37,176,False
2020-11-27,0.4458792655145912,0.0,37,177,False
2020-11-30,0.4458792655145912,0.0,37,178,False
2020-12-01,0.4458792655145912,0.0,37,179,False
2020-12-02,0.4458792655145912,0.0,37,180,False
2020-12-03,0.4458792655145912,0.0,37,181,False
2020-12-04,0.4458792655145912,0.0,37,182,False
2020-12-07,0.4458792655145912,0.0,37,183,False
2020-12-08,0.4458792655145912,0.0,37,184,False
2020-12-09,0.4458792655145912,0.0,37,185,False
2020-12-10,0.4458792655145912,0.0,37,186,False
2020-12-11,0.4458792655145912,0.0,37,187,False
2020-12-14,0.4458792655145912,0.0,37,188,False
2020-12-15,0.4458792655145912,0.0,37,189,False
2020-12-16,0.4458792655145912,0.0,37,190,False
2020-12-17,0.4458792655145912,0.0,37,191,False
2020-12-18,0.4458792655145912,0.0,37,192,False
2020-12-21,0.4458792655145912,0.0,37,193,False
2020-12-22,0.4458792655145912,0.0,37,194,False
2020-12-23,0.4458792655145912,0.0,37,195,False
2020-12-24,0.4458792655145912,0.0,37,196,False
2020-12-28,0.4458792655145912,0.0,37,197,False
2020-12-29,0.4458792655145912,0.0,37,198,False
2020-12-30,0.4458792655145912,0.0,37,199,False
2020-12-31,0.4458792655145912,0.0,37,200,False
2021-01-04,0.4458792655145912,0.0,37,201,False
2021-01-05,0.4458792655145912,0.0,37,202,False
2021-01-06,0.4458792655145912,0.0,37,203,False
2021-01-07,0.4458792655145912,0.0,37,204,False
2021-01-08,0.4458792655145912,0.0,37,205,False
2021-01-11,0.4458792655145912,0.0,37,206,False
2021-01-12,0.4458792655145912,0.0,37,207,False
2021-01-13,0.4458792655145912,0.0,37,208,False
2021-01-14,0.4458792655145912,0.0,37,209,False
2021-01-15,0.4458792655145912,0.0,37,210,False
2021-01-19,0.4458792655145912,0.0,37,211,False
2021-01-20,0.4458792655145912,0.0,37,212,False
2021-01-21,0.4458792655145912,0.0,37,213,False
2021-01-22,0.4458792655145912,0.0,37,214,False
2021-01-25,0.4458792655145912,0.0,37,215,False
2021-01-26,0.4458792655145912,0.0,37,216,False
2021-01-27,0.4458792655145912,0.0,37,217,False
2021-01-28,0.4458792655145912,0.0,37,218,False
2021-01-29,0.4458792655145912,0.0,37,219,False
2021-02-01,0.4458792655145912,0.0,37,220,False
2021-02-02,0.4458792655145912,0.0,37,221,False
2021-02-03,0.4458792655145912,0.0,37,222,False
2021-02-04,0.4458792655145912,0.0,37,223,False
2021-02-05,0.4458792655145912,0.0,37,224,False
2021-02-08,0.4458792655145912,0.0,37,225,False
2021-02-09,0.4458792655145912,0.0,37,226,False
2021-02-10,0.4458792655145912,0.0,37,227,False
2021-02-11,0.4458792655145912,0.0,37,228,False
2021-02-12,0.4458792655145912,0.0,37,229,False
2021-02-16,0.4458792655145912,0.0,37,230,False
2021-02-17,0.4458792655145912,0.0,37,231,False
2021-02-18,0.4458792655145912,0.0,37,232,False
2021-02-19,0.4458792655145912,0.0,37,233,False
2021-02-22,0.4458792655145912,0.0,37,234,False
2021-02-23,0.4458792655145912,0.0,37,235,False
2021-02-24,0.4458792655145912,0.0,37,236,False
2021-02-25,0.4458792655145912,0.0,37,237,False
2021-02-26,0.4458792655145912,0.0,37,238,False
2021-03-01,0.4458792655145912,0.0,37,239,False
2021-03-02,0.4458792655145912,0.0,37,240,False
2021-03-03,0.4458792655145912,0.0,37,241,False
2021-03-04,0.4458792655145912,0.0,37,242,False
2021-03-05,0.4458792655145912,0.0,37,243,False
2021-03-08,0.4458792655145912,0.0,37,244,False
2021-03-09,0.4458792655145912,0.0,37,245,False
2021-03-10,0.4458792655145912,0.0,37,246,False
2021-03-11,0.4458792655145912,0.0,37,247,False
2021-03-12,0.4458792655145912,0.0,37,248,False
2021-03-15,0.4458792655145912,0.0,37,249,False
2021-03-16,0.4458792655145912,0.0,37,250,False
2021-03-17,0.4458792655145912,0.0,37,251,False
2021-03-18,0.4458792655145912,0.0,37,252,False
2021-03-19,0.4458792655145912,0.0,37,253,False
2021-03-22,0.4458792655145912,0.0,37,254,False
2021-03-23,0.4458792655145912,0.0,37,255,False
2021-03-24,0.4458792655145912,0.0,37,256,False
2021-03-25,0.4458792655145912,0.0,37,257,False
2021-03-26,0.4458792655145912,0.0,37,258,False
2021-03-29,0.4458792655145912,0.0,37,259,False
2021-03-30,0.4458792655145912,0.0,37,260,False
2021-03-31,0.4458792655145912,0.0,37,261,False
2021-04-01,0.4458792655145912,0.0,37,262,False
2021-04-05,0.4458792655145912,0.0,37,263,False
2021-04-06,0.4458792655145912,0.0,37,264,False
2021-04-07,0.4458792655145912,0.0,37,265,False
2021-04-08,0.4458792655145912,0.0,37,266,False
2021-04-09,0.4458792655145912,0.0,37,267,False
2021-04-12,0.4458792655145912,0.0,37,268,False
2021-04-13,0.4458792655145912,0.0,37,269,False
2021-04-14,0.4458792655145912,0.0,37,270,False
2021-04-15,0.4458792655145912,0.0,37,271,False
2021-04-16,0.4458792655145912,0.0,37,272,False
2021-04-19,0.4458792655145912,0.0,37,273,False
2021-04-20,0.4458792655145912,0.0,37,274,False
2021-04-21,0.4458792655145912,0.0,37,275,False
2021-04-22,0.4458792655145912,0.0,37,276,False
2021-04-23,0.4458792655145912,0.0,37,277,False
2021-04-26,0.4458792655145912,0.0,37,278,False
2021-04-27,0.4458792655145912,0.0,37,279,False
2021-04-28,0.4458792655145912,0.0,37,280,False
2021-04-29,0.4458792655145912,0.0,37,281,False
2021-04-30,0.4458792655145912,0.0,37,282,False
2021-05-03,0.4458792655145912,0.0,37,283,False
2021-05-04,0.4458792655145912,0.0,37,284,False
2021-05-05,0.4458792655145912,0.0,37,285,False
2021-05-06,0.4458792655145912,0.0,37,286,False
2021-05-07,0.4458792655145912,0.0,37,287,False
2021-05-10,0.4458792655145912,0.0,37,288,False
2021-05-11,0.4458792655145912,0.0,37,289,False
2021-05-12,0.4458792655145912,0.0,37,290,False
2021-05-13,0.4458792655145912,0.0,37,291,False
2021-05-14,0.4458792655145912,0.0,37,292,False
2021-05-17,0.4458792655145912,0.0,37,293,False
2021-05-18,0.4458792655145912,0.0,37,294,False
2021-05-19,0.4458792655145912,0.0,37,295,False
2021-05-20,0.4458792655145912,0.0,37,296,False
2021-05-21,0.4458792655145912,0.0,37,297,False
2021-05-24,0.4458792655145912,0.0,37,298,False
2021-05-25,0.4458792655145912,0.0,37,299,False
2021-05-26,0.4458792655145912,0.0,37,300,False
2021-05-27,0.4458792655145912,0.0,37,301,False
2021-05-28,0.4458792655145912,0.0,37,302,False
2021-06-01,0.4458792655145912,0.0,37,303,False
2021-06-02,0.4458792655145912,0.0,37,304,False
2021-06-03,0.4458792655145912,0.0,37,305,False
2021-06-04,0.4458792655145912,0.0,37,306,False
2021-06-07,0.4458792655145912,0.0,37,307,False
2021-06-08,0.4458792655145912,0.0,37,308,False
2021-06-09,0.4458792655145912,0.0,37,309,False
2021-06-10,0.4458792655145912,0.0,37,310,False
2021-06-11,0.4458792655145912,0.0,37,311,False
2021-06-14,0.4458792655145912,0.0,37,312,False
2021-06-15,0.4458792655145912,0.0,37,313,False
2021-06-16,0.4458792655145912,0.0,37,314,False
2021-06-17,0.4458792655145912,0.0,37,315,False
2021-06-18,0.4458792655145912,0.0,37,316,False
2021-06-21,0.4458792655145912,0.0,37,317,False
2021-06-22,0.4458792655145912,0.0,37,318,False
2021-06-23,0.4458792655145912,0.0,37,319,False
2021-06-24,0.4458792655145912,0.0,37,320,False
2021-06-25,0.4458792655145912,0.0,37,321,False
2021-06-28,0.4458792655145912,0.0,37,322,False
2021-06-29,0.4458792655145912,0.0,37,323,False
2021-06-30,0.4458792655145912,0.0,37,324,False
2021-07-01,0.4458792655145912,0.0,37,325,False
2021-07-02,0.4458792655145912,0.0,37,326,False
2021-07-06,0.4458792655145912,0.0,37,327,False
2021-07-07,0.4458792655145912,0.0,37,328,False
2021-07-08,0.4458792655145912,0.0,37,329,False
2021-07-09,0.4458792655145912,0.0,37,330,False
2021-07-12,0.4458792655145912,0.0,37,331,False
2021-07-13,0.4458792655145912,0.0,37,332,False
2021-07-14,0.4458792655145912,0.0,37,333,False
2021-07-15,0.4458792655145912,0.0,37,334,False
2021-07-16,0.4458792655145912,0.0,37,335,False
2021-07-19,0.4458792655145912,0.0,37,336,False
2021-07-20,0.4458792655145912,0.0,37,337,False
2021-07-21,0.4458792655145912,0.0,37,338,False
2021-07-22,0.4458792655145912,0.0,37,339,False
2021-07-23,0.4458792655145912,0.0,37,340,False
2021-07-26,0.4458792655145912,0.0,37,341,False
2021-07-27,0.4458792655145912,0.0,37,342,False
2021-07-28,0.4458792655145912,0.0,37,343,False
2021-07-29,0.4458792655145912,0.0,37,344,False
2021-07-30,0.4458792655145912,0.0,37,345,False
2021-08-02,0.4458792655145912,0.0,37,346,False
2021-08-03,0.4458792655145912,0.0,37,347,False
2021-08-04,0.4458792655145912,0.0,37,348,False
2021-08-05,0.4458792655145912,0.0,37,349,False
2021-08-06,0.4458792655145912,0.0,37,350,False
2021-08-09,0.4458792655145912,0.0,37,351,False
2021-08-10,0.4458792655145912,0.0,37,352,False
2021-08-11,0.4458792655145912,0.0,37,353,False
2021-08-12,0.4458792655145912,0.0,37,354,False
2021-08-13,0.4458792655145912,0.0,37,355,False
2021-08-16,0.4458792655145912,0.0,37,356,False
2021-08-17,0.4458792655145912,0.0,37,357,False
2021-08-18,0.4458792655145912,0.0,37,358,False
2021-08-19,0.4458792655145912,0.0,37,359,False
2021-08-20,0.4458792655145912,0.0,37,360,False
2021-08-23,0.4458792655145912,0.0,37,361,False
2021-08-24,0.4458792655145912,0.0,37,362,False
2021-08-25,0.4458792655145912,0.0,37,363,False
2021-08-26,0.4458792655145912,0.0,37,364,False
2021-08-27,0.4458792655145912,0.0,37,365,False
2021-08-30,0.4458792655145912,0.0,37,366,False
2021-08-31,0.4458792655145912,0.0,37,367,False
2021-09-01,0.4458792655145912,0.0,37,368,False
2021-09-02,0.4458792655145912,0.0,37,369,False
2021-09-03,0.4458792655145912,0.0,37,370,False
2021-09-07,0.4458792655145912,0.0,37,371,False
2021-09-08,0.4458792655145912,0.0,37,372,False
2021-09-09,0.4458792655145912,0.0,37,373,False
2021-09-10,0.4458792655145912,0.0,37,374,False
2021-09-13,0.4458792655145912,0.0,37,375,False
2021-09-14,0.4458792655145912,0.0,37,376,False
2021-09-15,0.4458792655145912,0.0,37,377,False
2021-09-16,0.4458792655145912,0.0,37,378,False
2021-09-17,0.4458792655145912,0.0,37,379,False
2021-09-20,0.4458792655145912,0.0,37,380,False
2021-09-21,0.4458792655145912,0.0,37,381,False
2021-09-22,0.4458792655145912,0.0,37,382,False
2021-09-23,0.4458792655145912,0.0,37,383,False
2021-09-24,0.4458792655145912,0.0,37,384,False
2021-09-27,0.4458792655145912,0.0,37,385,False
2021-09-28,0.4458792655145912,0.0,37,386,False
2021-09-29,0.4458792655145912,0.0,37,387,False
2021-09-30,0.4458792655145912,0.0,37,388,False
2021-10-01,0.4458792655145912,0.0,37,389,False
2021-10-04,0.4458792655145912,0.0,37,390,False
2021-10-05,0.4458792655145912,0.0,37,391,False
2021-10-06,0.4458792655145912,0.0,37,392,False
2021-10-07,0.4458792655145912,0.0,37,393,False
2021-10-08,0.4458792655145912,0.0,37,394,False
2021-10-11,0.4458792655145912,0.0,37,395,False
2021-10-12,0.4458792655145912,0.0,37,396,False
2021-10-13,0.4458792655145912,0.0,37,397,False
2021-10-14,0.4458792655145912,0.0,37,398,False
2021-10-15,0.4458792655145912,0.0,37,399,False
2021-10-18,0.4458792655145912,0.0,37,400,False
2021-10-19,0.4458792655145912,0.0,37,401,False
2021-10-20,0.4458792655145912,0.0,37,402,False
2021-10-21,0.4458792655145912,0.0,37,403,False
2021-10-22,0.4458792655145912,0.0,37,404,False
2021-10-25,0.4458792655145912,0.0,37,405,False
2021-10-26,0.4458792655145912,0.0,37,406,False
2021-10-27,0.4458792655145912,0.0,37,407,False
2021-10-28,0.4458792655145912,0.0,37,408,False
2021-10-29,0.4458792655145912,0.0,37,409,False
2021-11-01,0.4458792655145912,0.0,37,410,False
2021-11-02,0.4458792655145912,0.0,37,411,False
2021-11-03,0.4458792655145912,0.0,37,412,False
2021-11-04,0.4458792655145912,0.0,37,413,False
2021-11-05,0.4458792655145912,0.0,37,414,False
2021-11-08,0.4458792655145912,0.0,37,415,False
2021-11-09,0.4458792655145912,0.0,37,416,False
2021-11-10,0.4458792655145912,0.0,37,417,False
2021-11-11,0.4458792655145912,0.0,37,418,False
2021-11-12,0.4458792655145912,0.0,37,419,False
2021-11-15,0.4458792655145912,0.0,37,420,False
2021-11-16,0.4458792655145912,0.0,37,421,False
2021-11-17,0.4458792655145912,0.0,37,422,False
2021-11-18,0.4458792655145912,0.0,37,423,False
2021-11-19,0.4458792655145912,0.0,37,424,False
2021-11-22,0.4458792655145912,0.0,37,425,False
2021-11-23,0.4458792655145912,0.0,37,426,False
2021-11-24,0.4458792655145912,0.0,37,427,False
2021-11-26,0.4458792655145912,0.0,37,428,False
2021-11-29,0.4458792655145912,0.0,37,429,False
2021-11-30,0.4458792655145912,0.0,37,430,False
2021-12-01,0.4458792655145912,0.0,37,431,False
2021-12-02,0.4458792655145912,0.0,37,432,False
2021-12-03,0.4458792655145912,0.0,37,433,False
2021-12-06,0.4458792655145912,0.0,37,434,False
2021-12-07,0.4458792655145912,0.0,37,435,False
2021-12-08,0.4458792655145912,0.0,37,436,False
2021-12-09,0.4458792655145912,0.0,37,437,False
2021-12-10,0.4458792655145912,0.0,37,438,False
2021-12-13,0.4458792655145912,0.0,37,439,False
2021-12-14,0.4458792655145912,0.0,37,440,False
2021-12-15,0.18198442518215238,1.0,38,19,True
2021-12-16,0.18198442518215238,1.0,38,20,False
2021-12-17,0.18198442518215238,1.0,38,21,False
2021-12-20,0.18198442518215238,1.0,38,22,False
2021-12-21,0.18198442518215238,1.0,38,23,False
2021-12-22,0.18198442518215238,1.0,38,24,False
2021-12-23,0.18198442518215238,1.0,38,25,False
2021-12-27,0.18198442518215238,1.0,38,26,False
2021-12-28,0.18198442518215238,1.0,38,27,False
2021-12-29,0.18198442518215238,1.0,38,28,False
2021-12-30,0.18198442518215238,1.0,38,29,False
2021-12-31,0.18198442518215238,1.0,38,30,False
2022-01-03,0.18198442518215238,1.0,38,31,False
2022-01-04,0.18198442518215238,1.0,38,32,False
2022-01-05,0.18198442518215238,1.0,38,33,False
2022-01-06,0.18198442518215238,1.0,38,34,False
2022-01-07,0.18198442518215238,1.0,38,35,False
2022-01-10,0.18198442518215238,1.0,38,36,False
2022-01-11,0.18198442518215238,1.0,38,37,False
2022-01-12,0.18198442518215238,1.0,38,38,False
2022-01-13,0.18198442518215238,1.0,38,39,False
2022-01-14,0.18198442518215238,1.0,38,40,False
2022-01-18,0.18198442518215238,1.0,38,41,False
2022-01-19,0.18198442518215238,1.0,38,42,False
2022-01-20,0.18198442518215238,1.0,38,43,False
2022-01-21,0.18198442518215238,1.0,38,44,False
2022-01-24,0.18198442518215238,1.0,38,45,False
2022-01-25,0.18198442518215238,1.0,38,46,False
2022-01-26,0.18198442518215238,1.0,38,47,False
2022-01-27,0.18198442518215238,1.0,38,48,False
2022-01-28,0.18198442518215238,1.0,38,49,False
2022-01-31,0.18198442518215238,1.0,38,50,False
2022-02-01,0.18198442518215238,1.0,38,51,False
2022-02-02,0.18198442518215238,1.0,38,52,False
2022-02-03,0.18198442518215238,1.0,38,53,False
2022-02-04,0.18198442518215238,1.0,38,54,False
2022-02-07,0.18198442518215238,1.0,38,55,False
2022-02-08,0.18198442518215238,1.0,38,56,False
2022-02-09,0.18198442518215238,1.0,38,57,False
2022-02-10,0.18198442518215238,1.0,38,58,False
2022-02-11,0.18198442518215238,1.0,38,59,False
2022-02-14,0.18198442518215238,1.0,38,60,False
2022-02-15,0.18198442518215238,1.0,38,61,False
2022-02-16,0.18198442518215238,1.0,38,62,False
2022-02-17,0.18198442518215238,1.0,38,63,False
2022-02-18,0.18198442518215238,1.0,38,64,False
2022-02-22,0.18198442518215238,1.0,38,65,False
2022-02-23,0.18198442518215238,1.0,38,66,False
2022-02-24,0.18198442518215238,1.0,38,67,False
2022-02-25,0.18198442518215238,1.0,38,68,False
2022-02-28,0.18198442518215238,1.0,38,69,False
2022-03-01,0.18198442518215238,1.0,38,70,False
2022-03-02,0.18198442518215238,1.0,38,71,False
2022-03-03,0.18198442518215238,1.0,38,72,False
2022-03-04,0.18198442518215238,1.0,38,73,False
2022-03-07,0.18198442518215238,1.0,38,74,False
2022-03-08,0.18198442518215238,1.0,38,75,False
2022-03-09,0.18198442518215238,1.0,38,76,False
2022-03-10,0.18198442518215238,1.0,38,77,False
2022-03-11,0.18198442518215238,1.0,38,78,False
2022-03-14,0.18198442518215238,1.0,38,79,False
2022-03-15,0.18198442518215238,1.0,38,80,False
2022-03-16,0.18198442518215238,1.0,38,81,False
2022-03-17,0.18198442518215238,1.0,38,82,False
2022-03-18,0.18198442518215238,1.0,38,83,False
2022-03-21,0.18198442518215238,1.0,38,84,False
2022-03-22,0.18198442518215238,1.0,38,85,False
2022-03-23,0.18198442518215238,1.0,38,86,False
2022-03-24,0.18198442518215238,1.0,38,87,False
2022-03-25,0.18198442518215238,1.0,38,88,False
2022-03-28,0.18198442518215238,1.0,38,89,False
2022-03-29,0.18198442518215238,1.0,38,90,False
2022-03-30,0.18198442518215238,1.0,38,91,False
2022-03-31,0.18198442518215238,1.0,38,92,False
2022-04-01,0.18198442518215238,1.0,38,93,False
2022-04-04,0.18198442518215238,1.0,38,94,False
2022-04-05,0.18198442518215238,1.0,38,95,False
2022-04-06,0.18198442518215238,1.0,38,96,False
2022-04-07,0.18198442518215238,1.0,38,97,False
2022-04-08,0.18198442518215238,1.0,38,98,False
2022-04-11,0.18198442518215238,1.0,38,99,False
2022-04-12,0.18198442518215238,1.0,38,100,False
2022-04-13,0.18198442518215238,1.0,38,101,False
2022-04-14,0.18198442518215238,1.0,38,102,False
2022-04-18,0.18198442518215238,1.0,38,103,False
2022-04-19,0.18198442518215238,1.0,38,104,False
2022-04-20,0.18198442518215238,1.0,38,105,False
2022-04-21,0.18198442518215238,1.0,38,106,False
2022-04-22,0.18198442518215238,1.0,38,107,False
2022-04-25,0.18198442518215238,1.0,38,108,False
2022-04-26,0.18198442518215238,1.0,38,109,False
2022-04-27,0.18198442518215238,1.0,38,110,False
2022-04-28,0.18198442518215238,1.0,38,111,False
2022-04-29,0.18198442518215238,1.0,38,112,False
2022-05-02,0.18198442518215238,1.0,38,113,False
2022-05-03,0.18198442518215238,1.0,38,114,False
2022-05-04,0.18198442518215238,1.0,38,115,False
2022-05-05,0.18198442518215238,1.0,38,116,False
2022-05-06,0.18198442518215238,1.0,38,117,False
2022-05-09,0.18198442518215238,1.0,38,118,False
2022-05-10,0.18198442518215238,1.0,38,119,False
2022-05-11,0.18198442518215238,1.0,38,120,False
2022-05-12,0.18198442518215238,1.0,38,121,False
2022-05-13,0.18198442518215238,1.0,38,122,False
2022-05-16,0.18198442518215238,1.0,38,123,False
2022-05-17,0.18198442518215238,1.0,38,124,False
2022-05-18,0.18198442518215238,1.0,38,125,False
2022-05-19,0.18198442518215238,1.0,38,126,False
2022-05-20,0.18198442518215238,1.0,38,127,False
2022-05-23,0.18198442518215238,1.0,38,128,False
2022-05-24,0.18198442518215238,1.0,38,129,False
2022-05-25,0.18198442518215238,1.0,38,130,False
2022-05-26,0.18198442518215238,1.0,38,131,False
2022-05-27,0.18198442518215238,1.0,38,132,False
2022-05-31,0.18198442518215238,1.0,38,133,False
2022-06-01,0.18198442518215238,1.0,38,134,False
2022-06-02,0.18198442518215238,1.0,38,135,False
2022-06-03,0.18198442518215238,1.0,38,136,False
2022-06-06,0.18198442518215238,1.0,38,137,False
2022-06-07,0.18198442518215238,1.0,38,138,False
2022-06-08,0.18198442518215238,1.0,38,139,False
2022-06-09,0.18198442518215238,1.0,38,140,False
2022-06-10,0.18198442518215238,1.0,38,141,False
2022-06-13,0.18198442518215238,1.0,38,142,False
2022-06-14,0.18198442518215238,1.0,38,143,False
2022-06-15,0.18198442518215238,1.0,38,144,False
2022-06-16,0.18198442518215238,1.0,38,145,False
2022-06-17,0.18198442518215238,1.0,38,146,False
2022-06-21,0.18198442518215238,1.0,38,147,False
2022-06-22,0.18198442518215238,1.0,38,148,False
2022-06-23,0.18198442518215238,1.0,38,149,False
2022-06-24,0.18198442518215238,1.0,38,150,False
2022-06-27,0.18198442518215238,1.0,38,151,False
2022-06-28,0.18198442518215238,1.0,38,152,False
2022-06-29,0.18198442518215238,1.0,38,153,False
2022-06-30,0.18198442518215238,1.0,38,154,False
2022-07-01,0.18198442518215238,1.0,38,155,False
2022-07-05,0.18198442518215238,1.0,38,156,False
2022-07-06,0.18198442518215238,1.0,38,157,False
2022-07-07,0.18198442518215238,1.0,38,158,False
2022-07-08,0.18198442518215238,1.0,38,159,False
2022-07-11,0.18198442518215238,1.0,38,160,False
2022-07-12,0.18198442518215238,1.0,38,161,False
2022-07-13,0.18198442518215238,1.0,38,162,False
2022-07-14,0.18198442518215238,1.0,38,163,False
2022-07-15,0.18198442518215238,1.0,38,164,False
2022-07-18,0.18198442518215238,1.0,38,165,False
2022-07-19,0.18198442518215238,1.0,38,166,False
2022-07-20,0.18198442518215238,1.0,38,167,False
2022-07-21,0.18198442518215238,1.0,38,168,False
2022-07-22,0.18198442518215238,1.0,38,169,False
2022-07-25,0.18198442518215238,1.0,38,170,False
2022-07-26,0.18198442518215238,1.0,38,171,False
2022-07-27,0.18198442518215238,1.0,38,172,False
2022-07-28,0.24174380664473383,0.0,39,148,True
2022-07-29,0.24174380664473383,0.0,39,149,False
2022-08-01,0.24174380664473383,0.0,39,150,False
2022-08-02,0.24174380664473383,0.0,39,151,False
2022-08-03,0.24174380664473383,0.0,39,152,False
2022-08-04,0.24174380664473383,0.0,39,153,False
2022-08-05,0.24174380664473383,0.0,39,154,False
2022-08-08,0.24174380664473383,0.0,39,155,False
2022-08-09,0.24174380664473383,0.0,39,156,False
2022-08-10,0.24174380664473383,0.0,39,157,False
2022-08-11,0.24174380664473383,0.0,39,158,False
2022-08-12,0.24174380664473383,0.0,39,159,False
2022-08-15,0.24174380664473383,0.0,39,160,False
2022-08-16,0.24174380664473383,0.0,39,161,False
2022-08-17,0.24174380664473383,0.0,39,162,False
2022-08-18,0.24174380664473383,0.0,39,163,False
2022-08-19,0.24174380664473383,0.0,39,164,False
2022-08-22,0.24174380664473383,0.0,39,165,False
2022-08-23,0.24174380664473383,0.0,39,166,False
2022-08-24,0.24174380664473383,0.0,39,167,False
2022-08-25,0.24174380664473383,0.0,39,168,False
2022-08-26,0.24174380664473383,0.0,39,169,False
2022-08-29,0.24174380664473383,0.0,39,170,False
2022-08-30,0.24174380664473383,0.0,39,171,False
2022-08-31,0.24174380664473383,0.0,39,172,False
2022-09-01,0.24174380664473383,0.0,39,173,False
2022-09-02,0.24174380664473383,0.0,39,174,False
2022-09-06,0.24174380664473383,0.0,39,175,False
2022-09-07,0.24174380664473383,0.0,39,176,False
2022-09-08,0.24174380664473383,0.0,39,177,False
2022-09-09,0.24174380664473383,0.0,39,178,False
2022-09-12,0.24174380664473383,0.0,39,179,False
2022-09-13,0.24174380664473383,0.0,39,180,False
2022-09-14,0.24174380664473383,0.0,39,181,False
2022-09-15,0.24174380664473383,0.0,39,182,False
2022-09-16,0.24174380664473383,0.0,39,183,False
2022-09-19,0.24174380664473383,0.0,39,184,False
2022-09-20,0.24174380664473383,0.0,39,185,False
2022-09-21,0.24174380664473383,0.0,39,186,False
2022-09-22,0.24174380664473383,0.0,39,187,False
2022-09-23,0.24174380664473383,0.0,39,188,False
2022-09-26,0.24174380664473383,0.0,39,189,False
2022-09-27,0.24174380664473383,0.0,39,190,False
2022-09-28,0.24174380664473383,0.0,39,191,False
2022-09-29,0.24174380664473383,0.0,39,192,False
2022-09-30,0.24174380664473383,0.0,39,193,False
2022-10-03,0.24174380664473383,0.0,39,194,False
2022-10-04,0.24174380664473383,0.0,39,195,False
2022-10-05,0.24174380664473383,0.0,39,196,False
2022-10-06,0.24174380664473383,0.0,39,197,False
2022-10-07,0.24174380664473383,0.0,39,198,False
2022-10-10,0.24174380664473383,0.0,39,199,False
2022-10-11,0.24174380664473383,0.0,39,200,False
2022-10-12,0.24174380664473383,0.0,39,201,False
2022-10-13,0.24174380664473383,0.0,39,202,False
2022-10-14,0.24174380664473383,0.0,39,203,False
2022-10-17,0.24666297451334243,0.0,40,102,True
2022-10-18,0.24666297451334243,0.0,40,103,False
2022-10-19,0.24666297451334243,0.0,40,104,False
2022-10-20,0.24666297451334243,0.0,40,105,False
2022-10-21,0.24666297451334243,0.0,40,106,False
2022-10-24,0.24666297451334243,0.0,40,107,False
2022-10-25,0.24666297451334243,0.0,40,108,False
2022-10-26,0.24666297451334243,0.0,40,109,False
2022-10-27,0.24666297451334243,0.0,40,110,False
2022-10-28,0.24666297451334243,0.0,40,111,False
2022-10-31,0.24666297451334243,0.0,40,112,False
2022-11-01,0.24666297451334243,0.0,40,113,False
2022-11-02,0.24666297451334243,0.0,40,114,False
2022-11-03,0.24666297451334243,0.0,40,115,False
2022-11-04,0.24666297451334243,0.0,40,116,False
2022-11-07,0.24666297451334243,0.0,40,117,False
2022-11-08,0.24666297451334243,0.0,40,118,False
2022-11-09,0.24666297451334243,0.0,40,119,False
2022-11-10,0.24666297451334243,0.0,40,120,False
2022-11-11,0.24666297451334243,0.0,40,121,False
2022-11-14,0.24666297451334243,0.0,40,122,False
2022-11-15,0.24666297451334243,0.0,40,123,False
2022-11-16,0.24666297451334243,0.0,40,124,False
2022-11-17,0.24666297451334243,0.0,40,125,False
2022-11-18,0.24666297451334243,0.0,40,126,False
2022-11-21,0.24666297451334243,0.0,40,127,False
2022-11-22,0.24666297451334243,0.0,40,128,False
2022-11-23,0.24666297451334243,0.0,40,129,False
2022-11-25,0.24666297451334243,0.0,40,130,False
2022-11-28,0.24666297451334243,0.0,40,131,False
2022-11-29,0.24666297451334243,0.0,40,132,False
2022-11-30,0.24666297451334243,0.0,40,133,False
2022-12-01,0.24666297451334243,0.0,40,134,False
2022-12-02,0.24666297451334243,0.0,40,135,False
2022-12-05,0.24666297451334243,0.0,40,136,False
2022-12-06,0.24666297451334243,0.0,40,137,False
2022-12-07,0.24666297451334243,0.0,40,138,False
2022-12-08,0.24666297451334243,0.0,40,139,False
2022-12-09,0.24666297451334243,0.0,40,140,False
2022-12-12,0.24666297451334243,0.0,40,141,False
2022-12-13,0.24666297451334243,0.0,40,142,False
2022-12-14,0.24666297451334243,0.0,40,143,False
2022-12-15,0.24666297451334243,0.0,40,144,False
2022-12-16,0.24666297451334243,0.0,40,145,False
2022-12-19,0.24666297451334243,0.0,40,146,False
2022-12-20,0.24666297451334243,0.0,40,147,False
2022-12-21,0.24666297451334243,0.0,40,148,False
2022-12-22,0.24666297451334243,0.0,40,149,False
2022-12-23,0.24666297451334243,0.0,40,150,False
2022-12-27,0.24666297451334243,0.0,40,151,False
2022-12-28,0.24666297451334243,0.0,40,152,False
2022-12-29,0.24666297451334243,0.0,40,153,False
2022-12-30,0.24666297451334243,0.0,40,154,False
2023-01-03,0.24666297451334243,0.0,40,155,False
2023-01-04,0.24666297451334243,0.0,40,156,False
2023-01-05,0.24666297451334243,0.0,40,157,False
2023-01-06,0.24666297451334243,0.0,40,158,False
2023-01-09,0.24666297451334243,0.0,40,159,False
2023-01-10,0.24666297451334243,0.0,40,160,False
2023-01-11,0.24666297451334243,0.0,40,161,False
2023-01-12,0.24666297451334243,0.0,40,162,False
2023-01-13,0.24666297451334243,0.0,40,163,False
2023-01-17,0.24666297451334243,0.0,40,164,False
2023-01-18,0.24666297451334243,0.0,40,165,False
2023-01-19,0.24666297451334243,0.0,40,166,False
2023-01-20,0.24666297451334243,0.0,40,167,False
2023-01-23,0.24666297451334243,0.0,40,168,False
2023-01-24,0.24666297451334243,0.0,40,169,False
2023-01-25,0.24666297451334243,0.0,40,170,False
2023-01-26,0.24666297451334243,0.0,40,171,False
2023-01-27,0.24666297451334243,0.0,40,172,False
2023-01-30,0.24666297451334243,0.0,40,173,False
2023-01-31,0.24666297451334243,0.0,40,174,False
2023-02-01,0.24666297451334243,0.0,40,175,False
2023-02-02,0.24666297451334243,0.0,40,176,False
2023-02-03,0.24666297451334243,0.0,40,177,False
2023-02-06,0.24666297451334243,0.0,40,178,False
2023-02-07,0.24666297451334243,0.0,40,179,False
2023-02-08,0.24666297451334243,0.0,40,180,False
2023-02-09,0.24666297451334243,0.0,40,181,False
2023-02-10,0.24666297451334243,0.0,40,182,False
2023-02-13,0.24666297451334243,0.0,40,183,False
2023-02-14,0.24666297451334243,0.0,40,184,False
2023-02-15,0.24666297451334243,0.0,40,185,False
2023-02-16,0.24666297451334243,0.0,40,186,False
2023-02-17,0.24666297451334243,0.0,40,187,False
2023-02-21,0.24666297451334243,0.0,40,188,False
2023-02-22,0.24666297451334243,0.0,40,189,False
2023-02-23,0.24666297451334243,0.0,40,190,False
2023-02-24,0.24666297451334243,0.0,40,191,False
2023-02-27,0.24666297451334243,0.0,40,192,False
2023-02-28,0.24666297451334243,0.0,40,193,False
2023-03-01,0.24666297451334243,0.0,40,194,False
2023-03-02,0.24666297451334243,0.0,40,195,False
2023-03-03,0.24666297451334243,0.0,40,196,False
2023-03-06,0.24666297451334243,0.0,40,197,False
2023-03-07,0.24666297451334243,0.0,40,198,False
2023-03-08,0.24666297451334243,0.0,40,199,False
2023-03-09,0.24666297451334243,0.0,40,200,False
2023-03-10,0.24666297451334243,0.0,40,201,False
2023-03-13,0.24666297451334243,0.0,40,202,False
2023-03-14,0.24666297451334243,0.0,40,203,False
2023-03-15,0.24666297451334243,0.0,40,204,False
2023-03-16,0.24666297451334243,0.0,40,205,False
2023-03-17,0.24666297451334243,0.0,40,206,False
2023-03-20,0.24666297451334243,0.0,40,207,False
2023-03-21,0.24666297451334243,0.0,40,208,False
2023-03-22,0.24666297451334243,0.0,40,209,False
2023-03-23,0.24666297451334243,0.0,40,210,False
2023-03-24,0.24666297451334243,0.0,40,211,False
2023-03-27,0.24666297451334243,0.0,40,212,False
2023-03-28,0.24666297451334243,0.0,40,213,False
2023-03-29,0.24666297451334243,0.0,40,214,False
2023-03-30,0.24666297451334243,0.0,40,215,False
2023-03-31,0.24666297451334243,0.0,40,216,False
2023-04-03,0.24666297451334243,0.0,40,217,False
2023-04-04,0.24666297451334243,0.0,40,218,False
2023-04-05,0.24666297451334243,0.0,40,219,False
2023-04-06,0.24666297451334243,0.0,40,220,False
2023-04-10,0.24666297451334243,0.0,40,221,False
2023-04-11,0.24666297451334243,0.0,40,222,False
2023-04-12,0.24666297451334243,0.0,40,223,False
2023-04-13,0.24666297451334243,0.0,40,224,False
2023-04-14,0.24666297451334243,0.0,40,225,False
2023-04-17,0.24666297451334243,0.0,40,226,False
2023-04-18,0.24666297451334243,0.0,40,227,False
2023-04-19,0.24666297451334243,0.0,40,228,False
2023-04-20,0.24666297451334243,0.0,40,229,False
2023-04-21,0.24666297451334243,0.0,40,230,False
2023-04-24,0.24666297451334243,0.0,40,231,False
2023-04-25,0.24666297451334243,0.0,40,232,False
2023-04-26,0.24666297451334243,0.0,40,233,False
2023-04-27,0.24666297451334243,0.0,40,234,False
2023-04-28,0.24666297451334243,0.0,40,235,False
2023-05-01,0.24666297451334243,0.0,40,236,False
2023-05-02,0.24666297451334243,0.0,40,237,False
2023-05-03,0.24666297451334243,0.0,40,238,False
2023-05-04,0.24666297451334243,0.0,40,239,False
2023-05-05,0.24666297451334243,0.0,40,240,False
2023-05-08,0.24666297451334243,0.0,40,241,False
2023-05-09,0.24666297451334243,0.0,40,242,False
2023-05-10,0.24666297451334243,0.0,40,243,False
2023-05-11,0.24666297451334243,0.0,40,244,False
2023-05-12,0.24666297451334243,0.0,40,245,False
2023-05-15,0.24666297451334243,0.0,40,246,False
2023-05-16,0.24666297451334243,0.0,40,247,False
2023-05-17,0.24666297451334243,0.0,40,248,False
2023-05-18,0.24666297451334243,0.0,40,249,False
2023-05-19,0.24666297451334243,0.0,40,250,False
2023-05-22,0.24666297451334243,0.0,40,251,False
2023-05-23,0.24666297451334243,0.0,40,252,False
2023-05-24,0.24666297451334243,0.0,40,253,False
2023-05-25,0.24666297451334243,0.0,40,254,False
2023-05-26,0.24666297451334243,0.0,40,255,False
2023-05-30,0.24666297451334243,0.0,40,256,False
2023-05-31,0.24666297451334243,0.0,40,257,False
2023-06-01,0.24666297451334243,0.0,40,258,False
2023-06-02,0.24666297451334243,0.0,40,259,False
2023-06-05,0.24666297451334243,0.0,40,260,False
2023-06-06,0.24666297451334243,0.0,40,261,False
2023-06-07,0.24666297451334243,0.0,40,262,False
2023-06-08,0.24666297451334243,0.0,40,263,False
2023-06-09,0.24666297451334243,0.0,40,264,False
2023-06-12,0.24666297451334243,0.0,40,265,False
2023-06-13,0.24666297451334243,0.0,40,266,False
2023-06-14,0.24666297451334243,0.0,40,267,False
2023-06-15,0.24666297451334243,0.0,40,268,False
2023-06-16,0.24666297451334243,0.0,40,269,False
2023-06-20,0.24666297451334243,0.0,40,270,False
2023-06-21,0.24666297451334243,0.0,40,271,False
2023-06-22,0.24666297451334243,0.0,40,272,False
2023-06-23,0.24666297451334243,0.0,40,273,False
2023-06-26,0.24666297451334243,0.0,40,274,False
2023-06-27,0.24666297451334243,0.0,40,275,False
2023-06-28,0.24666297451334243,0.0,40,276,False
2023-06-29,0.24666297451334243,0.0,40,277,False
2023-06-30,0.24666297451334243,0.0,40,278,False
2023-07-03,0.24666297451334243,0.0,40,279,False
2023-07-05,0.24666297451334243,0.0,40,280,False
2023-07-06,0.24666297451334243,0.0,40,281,False
2023-07-07,0.24666297451334243,0.0,40,282,False
2023-07-10,0.24666297451334243,0.0,40,283,False
2023-07-11,0.24666297451334243,0.0,40,284,False
2023-07-12,0.24666297451334243,0.0,40,285,False
2023-07-13,0.24666297451334243,0.0,40,286,False
2023-07-14,0.24666297451334243,0.0,40,287,False
2023-07-17,0.24666297451334243,0.0,40,288,False
2023-07-18,0.24666297451334243,0.0,40,289,False
2023-07-19,0.24666297451334243,0.0,40,290,False
2023-07-20,0.24666297451334243,0.0,40,291,False
2023-07-21,0.24666297451334243,0.0,40,292,False
2023-07-24,0.24666297451334243,0.0,40,293,False
2023-07-25,0.24666297451334243,0.0,40,294,False
2023-07-26,0.24666297451334243,0.0,40,295,False
2023-07-27,0.24666297451334243,0.0,40,296,False
2023-07-28,0.24666297451334243,0.0,40,297,False
2023-07-31,0.24666297451334243,0.0,40,298,False
2023-08-01,0.24666297451334243,0.0,40,299,False
2023-08-02,0.24666297451334243,0.0,40,300,False
2023-08-03,0.24666297451334243,0.0,40,301,False
2023-08-04,0.24666297451334243,0.0,40,302,False
2023-08-07,0.24666297451334243,0.0,40,303,False
2023-08-08,0.24666297451334243,0.0,40,304,False
2023-08-09,0.24666297451334243,0.0,40,305,False
2023-08-10,0.24666297451334243,0.0,40,306,False
2023-08-11,0.24666297451334243,0.0,40,307,False
2023-08-14,0.24666297451334243,0.0,40,308,False
2023-08-15,0.24666297451334243,0.0,40,309,False
2023-08-16,0.24666297451334243,0.0,40,310,False
2023-08-17,0.24666297451334243,0.0,40,311,False
2023-08-18,0.24666297451334243,0.0,40,312,False
2023-08-21,0.24666297451334243,0.0,40,313,False
2023-08-22,0.24666297451334243,0.0,40,314,False
2023-08-23,0.24666297451334243,0.0,40,315,False
2023-08-24,0.24666297451334243,0.0,40,316,False
2023-08-25,0.24666297451334243,0.0,40,317,False
2023-08-28,0.24666297451334243,0.0,40,318,False
2023-08-29,0.24666297451334243,0.0,40,319,False
2023-08-30,0.24666297451334243,0.0,40,320,False
2023-08-31,0.24666297451334243,0.0,40,321,False
2023-09-01,0.24666297451334243,0.0,40,322,False
2023-09-05,0.24666297451334243,0.0,40,323,False
2023-09-06,0.24666297451334243,0.0,40,324,False
2023-09-07,0.24666297451334243,0.0,40,325,False
2023-09-08,0.24666297451334243,0.0,40,326,False
2023-09-11,0.24666297451334243,0.0,40,327,False
2023-09-12,0.24666297451334243,0.0,40,328,False
2023-09-13,0.24666297451334243,0.0,40,329,False
2023-09-14,0.24666297451334243,0.0,40,330,False
2023-09-15,0.24666297451334243,0.0,40,331,False
2023-09-18,0.24666297451334243,0.0,40,332,False
2023-09-19,0.24666297451334243,0.0,40,333,False
2023-09-20,0.24666297451334243,0.0,40,334,False
2023-09-21,0.24666297451334243,0.0,40,335,False
2023-09-22,0.24666297451334243,0.0,40,336,False
2023-09-25,0.24666297451334243,0.0,40,337,False
2023-09-26,0.24666297451334243,0.0,40,338,False
2023-09-27,0.24666297451334243,0.0,40,339,False
2023-09-28,0.24666297451334243,0.0,40,340,False
2023-09-29,0.24666297451334243,0.0,40,341,False
2023-10-02,0.24666297451334243,0.0,40,342,False
2023-10-03,0.24666297451334243,0.0,40,343,False
2023-10-04,0.24666297451334243,0.0,40,344,False
2023-10-05,0.24666297451334243,0.0,40,345,False
2023-10-06,0.24666297451334243,0.0,40,346,False
2023-10-09,0.24666297451334243,0.0,40,347,False
2023-10-10,0.24666297451334243,0.0,40,348,False
2023-10-11,0.24666297451334243,0.0,40,349,False
2023-10-12,0.24666297451334243,0.0,40,350,False
2023-10-13,0.24666297451334243,0.0,40,351,False
2023-10-16,0.24666297451334243,0.0,40,352,False
2023-10-17,0.24666297451334243,0.0,40,353,False
2023-10-18,0.24666297451334243,0.0,40,354,False
2023-10-19,0.24666297451334243,0.0,40,355,False
2023-10-20,0.24666297451334243,0.0,40,356,False
2023-10-23,0.24666297451334243,0.0,40,357,False
2023-10-24,0.24666297451334243,0.0,40,358,False
2023-10-25,0.24666297451334243,0.0,40,359,False
2023-10-26,0.24666297451334243,0.0,40,360,False
2023-10-27,0.24666297451334243,0.0,40,361,False
2023-10-30,0.24666297451334243,0.0,40,362,False
2023-10-31,0.24666297451334243,0.0,40,363,False
2023-11-01,0.24666297451334243,0.0,40,364,False
2023-11-02,0.24666297451334243,0.0,40,365,False
2023-11-03,0.24666297451334243,0.0,40,366,False
2023-11-06,0.24666297451334243,0.0,40,367,False
2023-11-07,0.24666297451334243,0.0,40,368,False
2023-11-08,0.24666297451334243,0.0,40,369,False
2023-11-09,0.24666297451334243,0.0,40,370,False
2023-11-10,0.24666297451334243,0.0,40,371,False
2023-11-13,0.24666297451334243,0.0,40,372,False
2023-11-14,0.24666297451334243,0.0,40,373,False
2023-11-15,0.24666297451334243,0.0,40,374,False
2023-11-16,0.24666297451334243,0.0,40,375,False
2023-11-17,0.24666297451334243,0.0,40,376,False
2023-11-20,0.24666297451334243,0.0,40,377,False
2023-11-21,0.24666297451334243,0.0,40,378,False
2023-11-22,0.24666297451334243,0.0,40,379,False
2023-11-24,0.24666297451334243,0.0,40,380,False
2023-11-27,0.24666297451334243,0.0,40,381,False
2023-11-28,0.24666297451334243,0.0,40,382,False
2023-11-29,0.24666297451334243,0.0,40,383,False
2023-11-30,0.24666297451334243,0.0,40,384,False
2023-12-01,0.24666297451334243,0.0,40,385,False
2023-12-04,0.24666297451334243,0.0,40,386,False
2023-12-05,0.24666297451334243,0.0,40,387,False
2023-12-06,0.24666297451334243,0.0,40,388,False
2023-12-07,0.24666297451334243,0.0,40,389,False
2023-12-08,0.24666297451334243,0.0,40,390,False
2023-12-11,0.24666297451334243,0.0,40,391,False
2023-12-12,0.24666297451334243,0.0,40,392,False
2023-12-13,0.24666297451334243,0.0,40,393,False
2023-12-14,0.24666297451334243,0.0,40,394,False
2023-12-15,0.24666297451334243,0.0,40,395,False
2023-12-18,0.24666297451334243,0.0,40,396,False
2023-12-19,0.24666297451334243,0.0,40,397,False
2023-12-20,0.24666297451334243,0.0,40,398,False
2023-12-21,0.24666297451334243,0.0,40,399,False
2023-12-22,0.24666297451334243,0.0,40,400,False
2023-12-26,0.24666297451334243,0.0,40,401,False
2023-12-27,0.24666297451334243,0.0,40,402,False
2023-12-28,0.24666297451334243,0.0,40,403,False
2023-12-29,0.24666297451334243,0.0,40,404,False
2024-01-02,0.24666297451334243,0.0,40,405,False
2024-01-03,0.24666297451334243,0.0,40,406,False
2024-01-04,0.24666297451334243,0.0,40,407,False
2024-01-05,0.24666297451334243,0.0,40,408,False
2024-01-08,0.24666297451334243,0.0,40,409,False
2024-01-09,0.24666297451334243,0.0,40,410,False
2024-01-10,0.24666297451334243,0.0,40,411,False
2024-01-11,0.24666297451334243,0.0,40,412,False
2024-01-12,0.24666297451334243,0.0,40,413,False
2024-01-16,0.24666297451334243,0.0,40,414,False
2024-01-17,0.24666297451334243,0.0,40,415,False
2024-01-18,0.24666297451334243,0.0,40,416,False
2024-01-19,0.24666297451334243,0.0,40,417,False
2024-01-22,0.24666297451334243,0.0,40,418,False
2024-01-23,0.24666297451334243,0.0,40,419,False
2024-01-24,0.24666297451334243,0.0,40,420,False
2024-01-25,0.24666297451334243,0.0,40,421,False
2024-01-26,0.24666297451334243,0.0,40,422,False
2024-01-29,0.24666297451334243,0.0,40,423,False
2024-01-30,0.24666297451334243,0.0,40,424,False
2024-01-31,0.24666297451334243,0.0,40,425,False
2024-02-01,0.24666297451334243,0.0,40,426,False
2024-02-02,0.24666297451334243,0.0,40,427,False
2024-02-05,0.24666297451334243,0.0,40,428,False
2024-02-06,0.24666297451334243,0.0,40,429,False
2024-02-07,0.24666297451334243,0.0,40,430,False
2024-02-08,0.24666297451334243,0.0,40,431,False
2024-02-09,0.24666297451334243,0.0,40,432,False
2024-02-12,0.24666297451334243,0.0,40,433,False
2024-02-13,0.24666297451334243,0.0,40,434,False
2024-02-14,0.24666297451334243,0.0,40,435,False
2024-02-15,0.24666297451334243,0.0,40,436,False
2024-02-16,0.24666297451334243,0.0,40,437,False
2024-02-20,0.24666297451334243,0.0,40,438,False
2024-02-21,0.24666297451334243,0.0,40,439,False
2024-02-22,0.24666297451334243,0.0,40,440,False
2024-02-23,0.24666297451334243,0.0,40,441,False
2024-02-26,0.24666297451334243,0.0,40,442,False
2024-02-27,0.24666297451334243,0.0,40,443,False
2024-02-28,0.24666297451334243,0.0,40,444,False
2024-02-29,0.24666297451334243,0.0,40,445,False
2024-03-01,0.24666297451334243,0.0,40,446,False
2024-03-04,0.24666297451334243,0.0,40,447,False
2024-03-05,0.24666297451334243,0.0,40,448,False
2024-03-06,0.24666297451334243,0.0,40,449,False
2024-03-07,0.24666297451334243,0.0,40,450,False
2024-03-08,0.24666297451334243,0.0,40,451,False
2024-03-11,0.24666297451334243,0.0,40,452,False
2024-03-12,0.24666297451334243,0.0,40,453,False
2024-03-13,0.24666297451334243,0.0,40,454,False
2024-03-14,0.24666297451334243,0.0,40,455,False
2024-03-15,0.24666297451334243,0.0,40,456,False
2024-03-18,0.24666297451334243,0.0,40,457,False
2024-03-19,0.24666297451334243,0.0,40,458,False
2024-03-20,0.24666297451334243,0.0,40,459,False
2024-03-21,0.24666297451334243,0.0,40,460,False
2024-03-22,0.24666297451334243,0.0,40,461,False
2024-03-25,0.24666297451334243,0.0,40,462,False
2024-03-26,0.24666297451334243,0.0,40,463,False
2024-03-27,0.24666297451334243,0.0,40,464,False
2024-03-28,0.24666297451334243,0.0,40,465,False
2024-04-01,0.24666297451334243,0.0,40,466,False
2024-04-02,0.24666297451334243,0.0,40,467,False
2024-04-03,0.24666297451334243,0.0,40,468,False
2024-04-04,0.24666297451334243,0.0,40,469,False
2024-04-05,0.24666297451334243,0.0,40,470,False
2024-04-08,0.24666297451334243,0.0,40,471,False
2024-04-09,0.24666297451334243,0.0,40,472,False
2024-04-10,0.24666297451334243,0.0,40,473,False
2024-04-11,0.24666297451334243,0.0,40,474,False
2024-04-12,0.24666297451334243,0.0,40,475,False
2024-04-15,0.24666297451334243,0.0,40,476,False
2024-04-16,0.24666297451334243,0.0,40,477,False
2024-04-17,0.24666297451334243,0.0,40,478,False
2024-04-18,0.24666297451334243,0.0,40,479,False
2024-04-19,0.24666297451334243,0.0,40,480,False
2024-04-22,0.24666297451334243,0.0,40,481,False
2024-04-23,0.24666297451334243,0.0,40,482,False
2024-04-24,0.24666297451334243,0.0,40,483,False
2024-04-25,0.24666297451334243,0.0,40,484,False
2024-04-26,0.24666297451334243,0.0,40,485,False
2024-04-29,0.24666297451334243,0.0,40,486,False
2024-04-30,0.24666297451334243,0.0,40,487,False
2024-05-01,0.24666297451334243,0.0,40,488,False
2024-05-02,0.24666297451334243,0.0,40,489,False
2024-05-03,0.24666297451334243,0.0,40,490,False
2024-05-06,0.24666297451334243,0.0,40,491,False
2024-05-07,0.24666297451334243,0.0,40,492,False
2024-05-08,0.24666297451334243,0.0,40,493,False
2024-05-09,0.24666297451334243,0.0,40,494,False
2024-05-10,0.24666297451334243,0.0,40,495,False
2024-05-13,0.24666297451334243,0.0,40,496,False
2024-05-14,0.24666297451334243,0.0,40,497,False
2024-05-15,0.24666297451334243,0.0,40,498,False
2024-05-16,0.24666297451334243,0.0,40,499,False
2024-05-17,0.24666297451334243,0.0,40,500,False
2024-05-20,0.24666297451334243,0.0,40,501,False
2024-05-21,0.24666297451334243,0.0,40,502,False
2024-05-22,0.24666297451334243,0.0,40,503,False
2024-05-23,0.24666297451334243,0.0,40,504,False
2024-05-24,0.24666297451334243,0.0,40,505,False
2024-05-28,0.24666297451334243,0.0,40,506,False
2024-05-29,0.24666297451334243,0.0,40,507,False
2024-05-30,0.24666297451334243,0.0,40,508,False
2024-05-31,0.24666297451334243,0.0,40,509,False
2024-06-03,0.24666297451334243,0.0,40,510,False
2024-06-04,0.24666297451334243,0.0,40,511,False
2024-06-05,0.24666297451334243,0.0,40,512,False
2024-06-06,0.24666297451334243,0.0,40,513,False
2024-06-07,0.24666297451334243,0.0,40,514,False
2024-06-10,0.24666297451334243,0.0,40,515,False
2024-06-11,0.24666297451334243,0.0,40,516,False
2024-06-12,0.24666297451334243,0.0,40,517,False
2024-06-13,0.24666297451334243,0.0,40,518,False
2024-06-14,0.24666297451334243,0.0,40,519,False
2024-06-17,0.24666297451334243,0.0,40,520,False
2024-06-18,0.24666297451334243,0.0,40,521,False
2024-06-20,0.24666297451334243,0.0,40,522,False
2024-06-21,0.24666297451334243,0.0,40,523,False
2024-06-24,0.24666297451334243,0.0,40,524,False
2024-06-25,0.24666297451334243,0.0,40,525,False
2024-06-26,0.24666297451334243,0.0,40,526,False
2024-06-27,0.24666297451334243,0.0,40,527,False
2024-06-28,0.24666297451334243,0.0,40,528,False
2024-07-01,0.24666297451334243,0.0,40,529,False
2024-07-02,0.24666297451334243,0.0,40,530,False
2024-07-03,0.24666297451334243,0.0,40,531,False
2024-07-05,0.24666297451334243,0.0,40,532,False
2024-07-08,0.24666297451334243,0.0,40,533,False
2024-07-09,0.24666297451334243,0.0,40,534,False
2024-07-10,0.24666297451334243,0.0,40,535,False
2024-07-11,0.24666297451334243,0.0,40,536,False
2024-07-12,0.24666297451334243,0.0,40,537,False
2024-07-15,0.24666297451334243,0.0,40,538,False
2024-07-16,0.24666297451334243,0.0,40,539,False
2024-07-17,0.24666297451334243,0.0,40,540,False
2024-07-18,0.24666297451334243,0.0,40,541,False
2024-07-19,0.24666297451334243,0.0,40,542,False
2024-07-22,0.24666297451334243,0.0,40,543,False
2024-07-23,0.24666297451334243,0.0,40,544,False
2024-07-24,0.24666297451334243,0.0,40,545,False
2024-07-25,0.24666297451334243,0.0,40,546,False
2024-07-26,0.24666297451334243,0.0,40,547,False
2024-07-29,0.24666297451334243,0.0,40,548,False
2024-07-30,0.24666297451334243,0.0,40,549,False
2024-07-31,0.24666297451334243,0.0,40,550,False
2024-08-01,0.24666297451334243,0.0,40,551,False
2024-08-02,0.24666297451334243,0.0,40,552,False
2024-08-05,0.24666297451334243,0.0,40,553,False
2024-08-06,0.24666297451334243,0.0,40,554,False
2024-08-07,0.24666297451334243,0.0,40,555,False
2024-08-08,0.213549668812413,0.0,41,19,True
2024-08-09,0.213549668812413,0.0,41,20,False
2024-08-12,0.213549668812413,0.0,41,21,False
2024-08-13,0.213549668812413,0.0,41,22,False
2024-08-14,0.213549668812413,0.0,41,23,False
2024-08-15,0.213549668812413,0.0,41,24,False
2024-08-16,0.213549668812413,0.0,41,25,False
2024-08-19,0.213549668812413,0.0,41,26,False
2024-08-20,0.213549668812413,0.0,41,27,False
2024-08-21,0.213549668812413,0.0,41,28,False
2024-08-22,0.213549668812413,0.0,41,29,False
2024-08-23,0.213549668812413,0.0,41,30,False
2024-08-26,0.213549668812413,0.0,41,31,False
2024-08-27,0.213549668812413,0.0,41,32,False
2024-08-28,0.213549668812413,0.0,41,33,False
2024-08-29,0.213549668812413,0.0,41,34,False
2024-08-30,0.213549668812413,0.0,41,35,False
2024-09-03,0.213549668812413,0.0,41,36,False
2024-09-04,0.213549668812413,0.0,41,37,False
2024-09-05,0.213549668812413,0.0,41,38,False
2024-09-06,0.213549668812413,0.0,41,39,False
2024-09-09,0.213549668812413,0.0,41,40,False
2024-09-10,0.213549668812413,0.0,41,41,False
2024-09-11,0.213549668812413,0.0,41,42,False
2024-09-12,0.213549668812413,0.0,41,43,False
2024-09-13,0.213549668812413,0.0,41,44,False
2024-09-16,0.213549668812413,0.0,41,45,False
2024-09-17,0.213549668812413,0.0,41,46,False
2024-09-18,0.213549668812413,0.0,41,47,False
2024-09-19,0.213549668812413,0.0,41,48,False
2024-09-20,0.213549668812413,0.0,41,49,False
2024-09-23,0.213549668812413,0.0,41,50,False
2024-09-24,0.213549668812413,0.0,41,51,False
2024-09-25,0.213549668812413,0.0,41,52,False
2024-09-26,0.213549668812413,0.0,41,53,False
2024-09-27,0.213549668812413,0.0,41,54,False
2024-09-30,0.213549668812413,0.0,41,55,False
2024-10-01,0.213549668812413,0.0,41,56,False
2024-10-02,0.213549668812413,0.0,41,57,False
2024-10-03,0.213549668812413,0.0,41,58,False
2024-10-04,0.213549668812413,0.0,41,59,False
2024-10-07,0.213549668812413,0.0,41,60,False
2024-10-08,0.213549668812413,0.0,41,61,False
2024-10-09,0.213549668812413,0.0,41,62,False
2024-10-10,0.213549668812413,0.0,41,63,False
2024-10-11,0.213549668812413,0.0,41,64,False
2024-10-14,0.213549668812413,0.0,41,65,False
2024-10-15,0.213549668812413,0.0,41,66,False
2024-10-16,0.213549668812413,0.0,41,67,False
2024-10-17,0.213549668812413,0.0,41,68,False
2024-10-18,0.213549668812413,0.0,41,69,False
2024-10-21,0.213549668812413,0.0,41,70,False
2024-10-22,0.213549668812413,0.0,41,71,False
2024-10-23,0.213549668812413,0.0,41,72,False
2024-10-24,0.213549668812413,0.0,41,73,False
2024-10-25,0.213549668812413,0.0,41,74,False
2024-10-28,0.213549668812413,0.0,41,75,False
2024-10-29,0.213549668812413,0.0,41,76,False
2024-10-30,0.213549668812413,0.0,41,77,False
2024-10-31,0.213549668812413,0.0,41,78,False
2024-11-01,0.213549668812413,0.0,41,79,False
2024-11-04,0.213549668812413,0.0,41,80,False
2024-11-05,0.213549668812413,0.0,41,81,False
2024-11-06,0.213549668812413,0.0,41,82,False
2024-11-07,0.213549668812413,0.0,41,83,False
2024-11-08,0.213549668812413,0.0,41,84,False
2024-11-11,0.213549668812413,0.0,41,85,False
2024-11-12,0.213549668812413,0.0,41,86,False
2024-11-13,0.213549668812413,0.0,41,87,False
2024-11-14,0.213549668812413,0.0,41,88,False
2024-11-15,0.213549668812413,0.0,41,89,False
2024-11-18,0.213549668812413,0.0,41,90,False
2024-11-19,0.213549668812413,0.0,41,91,False
2024-11-20,0.213549668812413,0.0,41,92,False
2024-11-21,0.213549668812413,0.0,41,93,False
2024-11-22,0.213549668812413,0.0,41,94,False
2024-11-25,0.213549668812413,0.0,41,95,False
2024-11-26,0.213549668812413,0.0,41,96,False
2024-11-27,0.213549668812413,0.0,41,97,False
2024-11-29,0.213549668812413,0.0,41,98,False
2024-12-02,0.213549668812413,0.0,41,99,False
2024-12-03,0.213549668812413,0.0,41,100,False
2024-12-04,0.10996690732468936,1.0,42,60,True
2024-12-05,0.10996690732468936,1.0,42,61,False
2024-12-06,0.10996690732468936,1.0,42,62,False
2024-12-09,0.10996690732468936,1.0,42,63,False
2024-12-10,0.10996690732468936,1.0,42,64,False
2024-12-11,0.10996690732468936,1.0,42,65,False
2024-12-12,0.10996690732468936,1.0,42,66,False
2024-12-13,0.10996690732468936,1.0,42,67,False
2024-12-16,0.10996690732468936,1.0,42,68,False
2024-12-17,0.10996690732468936,1.0,42,69,False
2024-12-18,0.10996690732468936,1.0,42,70,False
2024-12-19,0.10996690732468936,1.0,42,71,False
2024-12-20,0.10996690732468936,1.0,42,72,False
2024-12-23,0.10996690732468936,1.0,42,73,False
2024-12-24,0.10996690732468936,1.0,42,74,False
2024-12-26,0.10996690732468936,1.0,42,75,False
2024-12-27,0.10996690732468936,1.0,42,76,False
2024-12-30,0.10996690732468936,1.0,42,77,False
2024-12-31,0.10996690732468936,1.0,42,78,False
2025-01-02,0.10996690732468936,1.0,42,79,False
2025-01-03,0.10996690732468936,1.0,42,80,False
2025-01-06,0.10996690732468936,1.0,42,81,False
2025-01-07,0.10996690732468936,1.0,42,82,False
2025-01-08,0.10996690732468936,1.0,42,83,False
2025-01-10,0.10996690732468936,1.0,42,84,False
2025-01-13,0.10996690732468936,1.0,42,85,False
2025-01-14,0.10996690732468936,1.0,42,86,False
2025-01-15,0.10996690732468936,1.0,42,87,False
2025-01-16,0.10996690732468936,1.0,42,88,False
2025-01-17,0.10996690732468936,1.0,42,89,False
2025-01-21,0.10996690732468936,1.0,42,90,False
2025-01-22,0.10996690732468936,1.0,42,91,False
2025-01-23,0.10996690732468936,1.0,42,92,False
2025-01-24,0.10996690732468936,1.0,42,93,False
2025-01-27,0.10996690732468936,1.0,42,94,False
2025-01-28,0.10996690732468936,1.0,42,95,False
2025-01-29,0.10996690732468936,1.0,42,96,False
2025-01-30,0.10996690732468936,1.0,42,97,False
2025-01-31,0.10996690732468936,1.0,42,98,False
2025-02-03,0.10996690732468936,1.0,42,99,False
2025-02-04,0.10996690732468936,1.0,42,100,False
2025-02-05,0.10996690732468936,1.0,42,101,False
2025-02-06,0.10996690732468936,1.0,42,102,False
2025-02-07,0.10996690732468936,1.0,42,103,False
2025-02-10,0.10996690732468936,1.0,42,104,False
2025-02-11,0.10996690732468936,1.0,42,105,False
2025-02-12,0.10996690732468936,1.0,42,106,False
2025-02-13,0.10996690732468936,1.0,42,107,False
2025-02-14,0.10996690732468936,1.0,42,108,False
2025-02-18,0.10996690732468936,1.0,42,109,False
2025-02-19,0.10996690732468936,1.0,42,110,False
2025-02-20,0.10996690732468936,1.0,42,111,False
2025-02-21,0.10996690732468936,1.0,42,112,False
2025-02-24,0.10996690732468936,1.0,42,113,False
2025-02-25,0.10996690732468936,1.0,42,114,False
2025-02-26,0.10996690732468936,1.0,42,115,False
2025-02-27,0.10996690732468936,1.0,42,116,False
2025-02-28,0.10996690732468936,1.0,42,117,False
2025-03-03,0.10996690732468936,1.0,42,118,False
2025-03-04,0.10996690732468936,1.0,42,119,False
2025-03-05,0.10996690732468936,1.0,42,120,False
2025-03-06,0.10996690732468936,1.0,42,121,False
2025-03-07,0.10996690732468936,1.0,42,122,False
2025-03-10,0.10996690732468936,1.0,42,123,False
2025-03-11,0.10996690732468936,1.0,42,124,False
2025-03-12,0.10996690732468936,1.0,42,125,False
2025-03-13,0.10996690732468936,1.0,42,126,False
2025-03-14,0.10996690732468936,1.0,42,127,False
2025-03-17,0.10996690732468936,1.0,42,128,False
2025-03-18,0.10996690732468936,1.0,42,129,False
2025-03-19,0.10996690732468936,1.0,42,130,False
2025-03-20,0.10996690732468936,1.0,42,131,False
2025-03-21,0.10996690732468936,1.0,42,132,False
2025-03-24,0.10996690732468936,1.0,42,133,False
2025-03-25,0.10996690732468936,1.0,42,134,False
2025-03-26,0.10996690732468936,1.0,42,135,False
2025-03-27,0.10996690732468936,1.0,42,136,False
2025-03-28,0.10996690732468936,1.0,42,137,False
2025-03-31,0.10996690732468936,1.0,42,138,False
2025-04-01,0.10996690732468936,1.0,42,139,False
2025-04-02,0.10996690732468936,1.0,42,140,False
2025-04-03,0.10996690732468936,1.0,42,141,False
2025-04-04,0.10996690732468936,1.0,42,142,False
2025-04-07,0.10996690732468936,1.0,42,143,False
2025-04-08,0.10996690732468936,1.0,42,144,False
2025-04-09,0.10996690732468936,1.0,42,145,False
2025-04-10,0.10996690732468936,1.0,42,146,False
2025-04-11,0.10996690732468936,1.0,42,147,False
2025-04-14,0.10996690732468936,1.0,42,148,False
2025-04-15,0.10996690732468936,1.0,42,149,False
2025-04-16,0.10996690732468936,1.0,42,150,False
2025-04-17,0.10996690732468936,1.0,42,151,False
2025-04-21,0.10996690732468936,1.0,42,152,False
2025-04-22,0.10996690732468936,1.0,42,153,False
2025-04-23,0.10996690732468936,1.0,42,154,False
2025-04-24,0.10996690732468936,1.0,42,155,False
2025-04-25,0.10996690732468936,1.0,42,156,False
2025-04-28,0.10996690732468936,1.0,42,157,False
2025-04-29,0.10996690732468936,1.0,42,158,False
2025-04-30,0.10996690732468936,1.0,42,159,False
2025-05-01,0.10996690732468936,1.0,42,160,False
2025-05-02,0.10996690732468936,1.0,42,161,False
2025-05-05,0.10996690732468936,1.0,42,162,False
2025-05-06,0.10996690732468936,1.0,42,163,False
2025-05-07,0.10996690732468936,1.0,42,164,False
2025-05-08,0.10996690732468936,1.0,42,165,False
2025-05-09,0.10996690732468936,1.0,42,166,False
2025-05-12,0.10996690732468936,1.0,42,167,False
2025-05-13,0.10996690732468936,1.0,42,168,False
2025-05-14,0.10996690732468936,1.0,42,169,False
2025-05-15,0.10996690732468936,1.0,42,170,False
2025-05-16,0.10996690732468936,1.0,42,171,False
2025-05-19,0.10996690732468936,1.0,42,172,False
2025-05-20,0.10996690732468936,1.0,42,173,False
2025-05-21,0.10996690732468936,1.0,42,174,False
2025-05-22,0.10996690732468936,1.0,42,175,False
2025-05-23,0.10996690732468936,1.0,42,176,False
2025-05-27,0.10996690732468936,1.0,42,177,False
2025-05-28,0.10996690732468936,1.0,42,178,False
2025-05-29,0.10996690732468936,1.0,42,179,False
2025-05-30,0.10996690732468936,1.0,42,180,False
2025-06-02,0.10996690732468936,1.0,42,181,False
2025-06-03,0.10996690732468936,1.0,42,182,False
2025-06-04,0.10996690732468936,1.0,42,183,False
2025-06-05,0.10996690732468936,1.0,42,184,False
2025-06-06,0.10996690732468936,1.0,42,185,False
2025-06-09,0.10996690732468936,1.0,42,186,False
2025-06-10,0.10996690732468936,1.0,42,187,False
2025-06-11,0.10996690732468936,1.0,42,188,False
2025-06-12,0.10996690732468936,1.0,42,189,False
2025-06-13,0.10996690732468936,1.0,42,190,False
2025-06-16,0.10996690732468936,1.0,42,191,False
2025-06-17,0.10996690732468936,1.0,42,192,False
2025-06-18,0.10996690732468936,1.0,42,193,False
2025-06-20,0.10996690732468936,1.0,42,194,False
2025-06-23,0.10996690732468936,1.0,42,195,False
2025-06-24,0.10996690732468936,1.0,42,196,False
2025-06-25,0.10996690732468936,1.0,42,197,False
2025-06-26,0.10996690732468936,1.0,42,198,False
2025-06-27,0.10996690732468936,1.0,42,199,False
2025-06-30,0.10996690732468936,1.0,42,200,False
2025-07-01,0.10996690732468936,1.0,42,201,False
2025-07-02,0.10996690732468936,1.0,42,202,False
2025-07-03,0.10996690732468936,1.0,42,203,False
2025-07-07,0.10996690732468936,1.0,42,204,False
2025-07-08,0.10996690732468936,1.0,42,205,False
2025-07-09,0.10996690732468936,1.0,42,206,False
2025-07-10,0.10996690732468936,1.0,42,207,False
2025-07-11,0.10996690732468936,1.0,42,208,False
2025-07-14,0.10996690732468936,1.0,42,209,False
2025-07-15,0.10996690732468936,1.0,42,210,False
2025-07-16,0.10996690732468936,1.0,42,211,False
2025-07-17,0.10996690732468936,1.0,42,212,False
2025-07-18,0.10996690732468936,1.0,42,213,False
2025-07-21,0.10996690732468936,1.0,42,214,False
2025-07-22,0.10996690732468936,1.0,42,215,False
2025-07-23,0.10996690732468936,1.0,42,216,False
2025-07-24,0.10996690732468936,1.0,42,217,False
2025-07-25,0.10996690732468936,1.0,42,218,False
2025-07-28,0.10996690732468936,1.0,42,219,False
2025-07-29,0.10996690732468936,1.0,42,220,False
2025-07-30,0.10996690732468936,1.0,42,221,False
2025-07-31,0.10996690732468936,1.0,42,222,False
2025-08-01,0.10996690732468936,1.0,42,223,False
2025-08-04,0.10996690732468936,1.0,42,224,False
2025-08-05,0.10996690732468936,1.0,42,225,False
2025-08-06,0.10996690732468936,1.0,42,226,False
2025-08-07,0.10996690732468936,1.0,42,227,False
2025-08-08,0.10996690732468936,1.0,42,228,False
2025-08-11,0.10996690732468936,1.0,42,229,False
2025-08-12,0.10996690732468936,1.0,42,230,False
2025-08-13,0.10996690732468936,1.0,42,231,False
2025-08-14,0.10996690732468936,1.0,42,232,False
2025-08-15,0.10996690732468936,1.0,42,233,False
2025-08-18,0.10996690732468936,1.0,42,234,False
2025-08-19,0.10996690732468936,1.0,42,235,False
2025-08-20,0.10996690732468936,1.0,42,236,False
2025-08-21,0.10996690732468936,1.0,42,237,False
2025-08-22,0.10996690732468936,1.0,42,238,False
2025-08-25,0.10996690732468936,1.0,42,239,False
2025-08-26,0.10996690732468936,1.0,42,240,False
2025-08-27,0.10996690732468936,1.0,42,241,False
2025-08-28,0.10996690732468936,1.0,42,242,False
2025-08-29,0.10996690732468936,1.0,42,243,False
2025-09-02,0.10996690732468936,1.0,42,244,False
2025-09-03,0.10996690732468936,1.0,42,245,False
2025-09-04,0.10996690732468936,1.0,42,246,False
2025-09-05,0.10996690732468936,1.0,42,247,False
2025-09-08,0.10996690732468936,1.0,42,248,False
2025-09-09,0.10996690732468936,1.0,42,249,False
2025-09-10,0.10996690732468936,1.0,42,250,False
2025-09-11,0.10996690732468936,1.0,42,251,False
2025-09-12,0.10996690732468936,1.0,42,252,False
2025-09-15,0.10996690732468936,1.0,42,253,False
2025-09-16,0.10996690732468936,1.0,42,254,False
2025-09-17,0.10996690732468936,1.0,42,255,False
2025-09-18,0.10996690732468936,1.0,42,256,False
2025-09-19,0.10996690732468936,1.0,42,257,False
2025-09-22,0.10996690732468936,1.0,42,258,False
2025-09-23,0.10996690732468936,1.0,42,259,False
2025-09-24,0.10996690732468936,1.0,42,260,False
2025-09-25,0.10996690732468936,1.0,42,261,False
2025-09-26,0.10996690732468936,1.0,42,262,False
2025-09-29,0.10996690732468936,1.0,42,263,False
2025-09-30,0.10996690732468936,1.0,42,264,False
2025-10-01,0.10996690732468936,1.0,42,265,False
2025-10-02,0.10996690732468936,1.0,42,266,False
2025-10-03,0.10996690732468936,1.0,42,267,False
2025-10-06,0.10996690732468936,1.0,42,268,False
2025-10-07,0.10996690732468936,1.0,42,269,False
2025-10-08,0.10996690732468936,1.0,42,270,False
2025-10-09,0.10996690732468936,1.0,42,271,False
2025-10-10,0.10996690732468936,1.0,42,272,False
2025-10-13,0.10996690732468936,1.0,42,273,False
2025-10-14,0.10996690732468936,1.0,42,274,False
2025-10-15,0.10996690732468936,1.0,42,275,False
2025-10-16,0.10996690732468936,1.0,42,276,False
2025-10-17,0.10996690732468936,1.0,42,277,False
2025-10-20,0.10996690732468936,1.0,42,278,False
2025-10-21,0.10996690732468936,1.0,42,279,False
2025-10-22,0.10996690732468936,1.0,42,280,False
2025-10-23,0.10996690732468936,1.0,42,281,False
2025-10-24,0.10996690732468936,1.0,42,282,False
2025-10-27,0.10996690732468936,1.0,42,283,False
2025-10-28,0.10996690732468936,1.0,42,284,False
2025-10-29,0.10996690732468936,1.0,42,285,False
2025-10-30,0.10996690732468936,1.0,42,286,False
2025-10-31,0.10996690732468936,1.0,42,287,False
2025-11-03,0.10996690732468936,1.0,42,288,False
2025-11-04,0.10996690732468936,1.0,42,289,False
2025-11-05,0.10996690732468936,1.0,42,290,False
2025-11-06,0.10996690732468936,1.0,42,291,False
2025-11-07,0.10996690732468936,1.0,42,292,False
2025-11-10,0.10996690732468936,1.0,42,293,False
2025-11-11,0.10996690732468936,1.0,42,294,False
2025-11-12,0.10996690732468936,1.0,42,295,False
2025-11-13,0.10996690732468936,1.0,42,296,False
2025-11-14,0.10996690732468936,1.0,42,297,False
2025-11-17,0.10996690732468936,1.0,42,298,False
2025-11-18,0.10996690732468936,1.0,42,299,False
2025-11-19,0.10996690732468936,1.0,42,300,False
2025-11-20,0.10996690732468936,1.0,42,301,False
2025-11-21,0.10996690732468936,1.0,42,302,False
2025-11-24,0.10996690732468936,1.0,42,303,False
2025-11-25,0.10996690732468936,1.0,42,304,False
2025-11-26,0.10996690732468936,1.0,42,305,False
2025-11-28,0.10996690732468936,1.0,42,306,False
2025-12-01,0.10996690732468936,1.0,42,307,False
2025-12-02,0.10996690732468936,1.0,42,308,False
2025-12-03,0.10996690732468936,1.0,42,309,False
2025-12-04,0.10996690732468936,1.0,42,310,False
2025-12-05,0.10996690732468936,1.0,42,311,False
2025-12-08,0.10996690732468936,1.0,42,312,False
2025-12-09,0.10996690732468936,1.0,42,313,False
2025-12-10,0.10996690732468936,1.0,42,314,False
2025-12-11,0.10996690732468936,1.0,42,315,False
2025-12-12,0.10996690732468936,1.0,42,316,False
2025-12-15,0.10996690732468936,1.0,42,317,False
2025-12-16,0.10996690732468936,1.0,42,318,False
2025-12-17,0.10996690732468936,1.0,42,319,False
2025-12-18,0.10996690732468936,1.0,42,320,False
2025-12-19,0.10996690732468936,1.0,42,321,False
2025-12-22,0.10996690732468936,1.0,42,322,False
2025-12-23,0.10996690732468936,1.0,42,323,False
2025-12-24,0.10996690732468936,1.0,42,324,False
2025-12-26,0.10996690732468936,1.0,42,325,False
2025-12-29,0.10996690732468936,1.0,42,326,False
2025-12-30,0.10996690732468936,1.0,42,327,False
