date,detected,tau_hat,detection_delay,segment_age
1998-02-04,False,,,21
1998-02-05,False,,,22
1998-02-06,False,,,23
1998-02-09,False,,,24
1998-02-10,False,,,25
1998-02-11,False,,,26
1998-02-12,False,,,27
1998-02-13,False,,,28
1998-02-17,False,,,29
1998-02-18,False,,,30
1998-02-19,False,,,31
1998-02-20,False,,,32
1998-02-23,False,,,33
1998-02-24,False,,,34
1998-02-25,False,,,35
1998-02-26,False,,,36
1998-02-27,False,,,37
1998-03-02,False,,,38
1998-03-03,False,,,39
1998-03-04,False,,,40
1998-03-05,False,,,41
1998-03-06,False,,,42
1998-03-09,False,,,43
1998-03-10,False,,,44
1998-03-11,False,,,45
1998-03-12,False,,,46
1998-03-13,False,,,47
1998-03-16,False,,,48
1998-03-17,False,,,49
1998-03-18,False,,,50
1998-03-19,False,,,51
1998-03-20,False,,,52
1998-03-23,False,,,53
1998-03-24,False,,,54
1998-03-25,False,,,55
1998-03-26,False,,,56
1998-03-27,False,,,57
1998-03-30,False,,,58
1998-03-31,False,,,59
1998-04-01,False,,,60
1998-04-02,False,,,61
1998-04-03,False,,,62
1998-04-06,False,,,63
1998-04-07,False,,,64
1998-04-08,False,,,65
1998-04-09,False,,,66
1998-04-13,False,,,67
1998-04-14,False,,,68
1998-04-15,False,,,69
1998-04-16,False,,,70
1998-04-17,False,,,71
1998-04-20,False,,,72
1998-04-21,False,,,73
1998-04-22,False,,,74
1998-04-23,False,,,75
1998-04-24,False,,,76
1998-04-27,False,,,77
1998-04-28,False,,,78
1998-04-29,False,,,79
1998-04-30,False,,,80
1998-05-01,False,,,81
1998-05-04,False,,,82
1998-05-05,False,,,83
1998-05-06,False,,,84
1998-05-07,False,,,85
1998-05-08,False,,,86
1998-05-11,False,,,87
1998-05-12,False,,,88
1998-05-13,False,,,89
1998-05-14,False,,,90
1998-05-15,False,,,91
1998-05-18,False,,,92
1998-05-19,False,,,93
1998-05-20,False,,,94
1998-05-21,False,,,95
1998-05-22,False,,,96
1998-05-26,False,,,97
1998-05-27,False,,,98
1998-05-28,False,,,99
1998-05-29,False,,,100
1998-06-01,False,,,101
1998-06-02,False,,,102
1998-06-03,False,,,103
1998-06-04,False,,,104
1998-06-05,False,,,105
1998-06-08,False,,,106
1998-06-09,False,,,107
1998-06-10,False,,,108
1998-06-11,False,,,109
1998-06-12,False,,,110
1998-06-15,False,,,111
1998-06-16,False,,,112
1998-06-17,False,,,113
1998-06-18,False,,,114
1998-06-19,False,,,115
1998-06-22,False,,,116
1998-06-23,False,,,117
1998-06-24,False,,,118
1998-06-25,False,,,119
1998-06-26,False,,,120
1998-06-29,False,,,121
1998-06-30,False,,,122
1998-07-01,False,,,123
1998-07-02,False,,,124
1998-07-06,False,,,125
1998-07-07,False,,,126
1998-07-08,False,,,127
1998-07-09,False,,,128
1998-07-10,False,,,129
1998-07-13,False,,,130
1998-07-14,False,,,131
1998-07-15,False,,,132
1998-07-16,False,,,133
1998-07-17,False,,,134
1998-07-20,False,,,135
1998-07-21,False,,,136
1998-07-22,False,,,137
1998-07-23,False,,,138
1998-07-24,False,,,139
1998-07-27,False,,,140
1998-07-28,False,,,141
1998-07-29,False,,,142
1998-07-30,False,,,143
1998-07-31,False,,,144
1998-08-03,False,,,145
1998-08-04,False,,,146
1998-08-05,False,,,147
1998-08-06,False,,,148
1998-08-07,False,,,149
1998-08-10,False,,,150
1998-08-11,False,,,151
1998-08-12,False,,,152
1998-08-13,False,,,153
1998-08-14,False,,,154
1998-08-17,False,,,155
1998-08-18,False,,,156
1998-08-19,False,,,157
1998-08-20,False,,,158
1998-08-21,False,,,159
1998-08-24,False,,,160
1998-08-25,False,,,161
1998-08-26,False,,,162
1998-08-27,False,,,163
1998-08-28,False,,,164
1998-08-31,False,,,165
1998-09-01,True,1998-07-30,23.0,23
1998-09-02,False,,,24
1998-09-03,False,,,25
1998-09-04,False,,,26
1998-09-08,False,,,27
1998-09-09,False,,,28
1998-09-10,False,,,29
1998-09-11,False,,,30
1998-09-14,False,,,31
1998-09-15,False,,,32
1998-09-16,False,,,33
1998-09-17,False,,,34
1998-09-18,False,,,35
1998-09-21,False,,,36
1998-09-22,False,,,37
1998-09-23,False,,,38
1998-09-24,False,,,39
1998-09-25,False,,,40
1998-09-28,False,,,41
1998-09-29,False,,,42
1998-09-30,False,,,43
1998-10-01,False,,,44
1998-10-02,False,,,45
1998-10-05,False,,,46
1998-10-06,False,,,47
1998-10-07,False,,,48
1998-10-08,False,,,49
1998-10-09,False,,,50
1998-10-12,False,,,51
1998-10-13,False,,,52
1998-10-14,False,,,53
1998-10-15,False,,,54
1998-10-16,False,,,55
1998-10-19,False,,,56
1998-10-20,False,,,57
1998-10-21,False,,,58
1998-10-22,False,,,59
1998-10-23,False,,,60
1998-10-26,False,,,61
1998-10-27,False,,,62
1998-10-28,False,,,63
1998-10-29,False,,,64
1998-10-30,False,,,65
1998-11-02,False,,,66
1998-11-03,False,,,67
1998-11-04,False,,,68
1998-11-05,False,,,69
1998-11-06,False,,,70
1998-11-09,False,,,71
1998-11-10,False,,,72
1998-11-11,False,,,73
1998-11-12,False,,,74
1998-11-13,False,,,75
1998-11-16,False,,,76
1998-11-17,False,,,77
1998-11-18,True,1998-10-16,23.0,23
1998-11-19,False,,,24
1998-11-20,False,,,25
1998-11-23,False,,,26
1998-11-24,False,,,27
1998-11-25,False,,,28
1998-11-27,False,,,29
1998-11-30,False,,,30
1998-12-01,False,,,31
1998-12-02,False,,,32
1998-12-03,False,,,33
1998-12-04,False,,,34
1998-12-07,False,,,35
1998-12-08,False,,,36
1998-12-09,False,,,37
1998-12-10,False,,,38
1998-12-11,False,,,39
1998-12-14,False,,,40
1998-12-15,False,,,41
1998-12-16,False,,,42
1998-12-17,False,,,43
1998-12-18,False,,,44
1998-12-21,False,,,45
1998-12-22,False,,,46
1998-12-23,False,,,47
1998-12-24,False,,,48
1998-12-28,False,,,49
1998-12-29,False,,,50
1998-12-30,False,,,51
1998-12-31,False,,,52
1999-01-04,False,,,53
1999-01-05,False,,,54
1999-01-06,False,,,55
1999-01-07,False,,,56
1999-01-08,False,,,57
1999-01-11,False,,,58
1999-01-12,False,,,59
1999-01-13,False,,,60
1999-01-14,False,,,61
1999-01-15,True,1998-11-19,38.0,38
1999-01-19,False,,,39
1999-01-20,False,,,40
1999-01-21,False,,,41
1999-01-22,False,,,42
1999-01-25,False,,,43
1999-01-26,False,,,44
1999-01-27,False,,,45
1999-01-28,False,,,46
1999-01-29,False,,,47
1999-02-01,False,,,48
1999-02-02,False,,,49
1999-02-03,False,,,50
1999-02-04,False,,,51
1999-02-05,False,,,52
1999-02-08,False,,,53
1999-02-09,False,,,54
1999-02-10,False,,,55
1999-02-11,False,,,56
1999-02-12,False,,,57
1999-02-16,False,,,58
1999-02-17,False,,,59
1999-02-18,False,,,60
1999-02-19,False,,,61
1999-02-22,False,,,62
1999-02-23,False,,,63
1999-02-24,False,,,64
1999-02-25,False,,,65
1999-02-26,False,,,66
1999-03-01,False,,,67
1999-03-02,False,,,68
1999-03-03,False,,,69
1999-03-04,False,,,70
1999-03-05,False,,,71
1999-03-08,False,,,72
1999-03-09,False,,,73
1999-03-10,False,,,74
1999-03-11,False,,,75
1999-03-12,False,,,76
1999-03-15,False,,,77
1999-03-16,False,,,78
1999-03-17,False,,,79
1999-03-18,False,,,80
1999-03-19,False,,,81
1999-03-22,False,,,82
1999-03-23,False,,,83
1999-03-24,False,,,84
1999-03-25,False,,,85
1999-03-26,False,,,86
1999-03-29,False,,,87
1999-03-30,True,1999-01-19,49.0,49
1999-03-31,False,,,50
1999-04-01,False,,,51
1999-04-05,False,,,52
1999-04-06,False,,,53
1999-04-07,False,,,54
1999-04-08,False,,,55
1999-04-09,False,,,56
1999-04-12,False,,,57
1999-04-13,False,,,58
1999-04-14,False,,,59
1999-04-15,False,,,60
1999-04-16,False,,,61
1999-04-19,False,,,62
1999-04-20,False,,,63
1999-04-21,False,,,64
1999-04-22,False,,,65
1999-04-23,False,,,66
1999-04-26,False,,,67
1999-04-27,False,,,68
1999-04-28,False,,,69
1999-04-29,False,,,70
1999-04-30,False,,,71
1999-05-03,False,,,72
1999-05-04,False,,,73
1999-05-05,False,,,74
1999-05-06,False,,,75
1999-05-07,False,,,76
1999-05-10,False,,,77
1999-05-11,False,,,78
1999-05-12,False,,,79
1999-05-13,False,,,80
1999-05-14,False,,,81
1999-05-17,False,,,82
1999-05-18,False,,,83
1999-05-19,False,,,84
1999-05-20,False,,,85
1999-05-21,False,,,86
1999-05-24,False,,,87
1999-05-25,False,,,88
1999-05-26,False,,,89
1999-05-27,False,,,90
1999-05-28,False,,,91
1999-06-01,False,,,92
1999-06-02,False,,,93
1999-06-03,False,,,94
1999-06-04,False,,,95
1999-06-07,False,,,96
1999-06-08,False,,,97
1999-06-09,False,,,98
1999-06-10,False,,,99
1999-06-11,False,,,100
1999-06-14,False,,,101
1999-06-15,False,,,102
1999-06-16,False,,,103
1999-06-17,False,,,104
1999-06-18,False,,,105
1999-06-21,False,,,106
1999-06-22,False,,,107
1999-06-23,False,,,108
1999-06-24,False,,,109
1999-06-25,False,,,110
1999-06-28,False,,,111
1999-06-29,False,,,112
1999-06-30,False,,,113
1999-07-01,False,,,114
1999-07-02,False,,,115
1999-07-06,False,,,116
1999-07-07,False,,,117
1999-07-08,False,,,118
1999-07-09,False,,,119
1999-07-12,False,,,120
1999-07-13,False,,,121
1999-07-14,False,,,122
1999-07-15,False,,,123
1999-07-16,False,,,124
1999-07-19,False,,,125
1999-07-20,False,,,126
1999-07-21,False,,,127
1999-07-22,False,,,128
1999-07-23,False,,,129
1999-07-26,False,,,130
1999-07-27,False,,,131
1999-07-28,False,,,132
1999-07-29,False,,,133
1999-07-30,False,,,134
1999-08-02,False,,,135
1999-08-03,False,,,136
1999-08-04,False,,,137
1999-08-05,False,,,138
1999-08-06,False,,,139
1999-08-09,False,,,140
1999-08-10,False,,,141
1999-08-11,False,,,142
1999-08-12,False,,,143
1999-08-13,False,,,144
1999-08-16,False,,,145
1999-08-17,False,,,146
1999-08-18,False,,,147
1999-08-19,False,,,148
1999-08-20,False,,,149
1999-08-23,False,,,150
1999-08-24,False,,,151
1999-08-25,False,,,152
1999-08-26,False,,,153
1999-08-27,False,,,154
1999-08-30,False,,,155
1999-08-31,False,,,156
1999-09-01,False,,,157
1999-09-02,False,,,158
1999-09-03,False,,,159
1999-09-07,False,,,160
1999-09-08,False,,,161
1999-09-09,False,,,162
1999-09-10,False,,,163
1999-09-13,False,,,164
1999-09-14,False,,,165
1999-09-15,False,,,166
1999-09-16,False,,,167
1999-09-17,False,,,168
1999-09-20,False,,,169
1999-09-21,False,,,170
1999-09-22,False,,,171
1999-09-23,False,,,172
1999-09-24,False,,,173
1999-09-27,False,,,174
1999-09-28,False,,,175
1999-09-29,False,,,176
1999-09-30,False,,,177
1999-10-01,False,,,178
1999-10-04,False,,,179
1999-10-05,False,,,180
1999-10-06,False,,,181
1999-10-07,False,,,182
1999-10-08,False,,,183
1999-10-11,False,,,184
1999-10-12,False,,,185
1999-10-13,False,,,186
1999-10-14,False,,,187
1999-10-15,False,,,188
1999-10-18,False,,,189
1999-10-19,False,,,190
1999-10-20,False,,,191
1999-10-21,False,,,192
1999-10-22,False,,,193
1999-10-25,False,,,194
1999-10-26,False,,,195
1999-10-27,False,,,196
1999-10-28,False,,,197
1999-10-29,False,,,198
1999-11-01,False,,,199
1999-11-02,False,,,200
1999-11-03,False,,,201
1999-11-04,False,,,202
1999-11-05,False,,,203
1999-11-08,False,,,204
1999-11-09,False,,,205
1999-11-10,False,,,206
1999-11-11,False,,,207
1999-11-12,False,,,208
1999-11-15,False,,,209
1999-11-16,False,,,210
1999-11-17,False,,,211
1999-11-18,False,,,212
1999-11-19,False,,,213
1999-11-22,False,,,214
1999-11-23,False,,,215
1999-11-24,False,,,216
1999-11-26,False,,,217
1999-11-29,False,,,218
1999-11-30,False,,,219
1999-12-01,False,,,220
1999-12-02,False,,,221
1999-12-03,False,,,222
1999-12-06,False,,,223
1999-12-07,False,,,224
1999-12-08,False,,,225
1999-12-09,False,,,226
1999-12-10,False,,,227
1999-12-13,False,,,228
1999-12-14,False,,,229
1999-12-15,False,,,230
1999-12-16,False,,,231
1999-12-17,False,,,232
1999-12-20,False,,,233
1999-12-21,False,,,234
1999-12-22,False,,,235
1999-12-23,False,,,236
1999-12-27,False,,,237
1999-12-28,False,,,238
1999-12-29,False,,,239
1999-12-30,False,,,240
1999-12-31,False,,,241
2000-01-03,False,,,242
2000-01-04,False,,,243
2000-01-05,False,,,244
2000-01-06,False,,,245
2000-01-07,False,,,246
2000-01-10,False,,,247
2000-01-11,False,,,248
2000-01-12,False,,,249
2000-01-13,False,,,250
2000-01-14,False,,,251
2000-01-18,False,,,252
2000-01-19,False,,,253
2000-01-20,False,,,254
2000-01-21,False,,,255
2000-01-24,False,,,256
2000-01-25,False,,,257
2000-01-26,False,,,258
2000-01-27,False,,,259
2000-01-28,False,,,260
2000-01-31,False,,,261
2000-02-01,False,,,262
2000-02-02,False,,,263
2000-02-03,False,,,264
2000-02-04,False,,,265
2000-02-07,False,,,266
2000-02-08,False,,,267
2000-02-09,False,,,268
2000-02-10,False,,,269
2000-02-11,False,,,270
2000-02-14,False,,,271
2000-02-15,False,,,272
2000-02-16,False,,,273
2000-02-17,False,,,274
2000-02-18,False,,,275
2000-02-22,False,,,276
2000-02-23,False,,,277
2000-02-24,False,,,278
2000-02-25,False,,,279
2000-02-28,False,,,280
2000-02-29,False,,,281
2000-03-01,False,,,282
2000-03-02,False,,,283
2000-03-03,False,,,284
2000-03-06,False,,,285
2000-03-07,False,,,286
2000-03-08,False,,,287
2000-03-09,False,,,288
2000-03-10,False,,,289
2000-03-13,False,,,290
2000-03-14,False,,,291
2000-03-15,False,,,292
2000-03-16,False,,,293
2000-03-17,False,,,294
2000-03-20,False,,,295
2000-03-21,False,,,296
2000-03-22,False,,,297
2000-03-23,False,,,298
2000-03-24,False,,,299
2000-03-27,False,,,300
2000-03-28,False,,,301
2000-03-29,False,,,302
2000-03-30,False,,,303
2000-03-31,False,,,304
2000-04-03,False,,,305
2000-04-04,False,,,306
2000-04-05,False,,,307
2000-04-06,False,,,308
2000-04-07,False,,,309
2000-04-10,False,,,310
2000-04-11,False,,,311
2000-04-12,False,,,312
2000-04-13,False,,,313
2000-04-14,False,,,314
2000-04-17,False,,,315
2000-04-18,False,,,316
2000-04-19,False,,,317
2000-04-20,False,,,318
2000-04-24,False,,,319
2000-04-25,False,,,320
2000-04-26,False,,,321
2000-04-27,False,,,322
2000-04-28,False,,,323
2000-05-01,False,,,324
2000-05-02,False,,,325
2000-05-03,False,,,326
2000-05-04,False,,,327
2000-05-05,False,,,328
2000-05-08,False,,,329
2000-05-09,False,,,330
2000-05-10,False,,,331
2000-05-11,False,,,332
2000-05-12,False,,,333
2000-05-15,False,,,334
2000-05-16,False,,,335
2000-05-17,False,,,336
2000-05-18,False,,,337
2000-05-19,False,,,338
2000-05-22,False,,,339
2000-05-23,False,,,340
2000-05-24,False,,,341
2000-05-25,False,,,342
2000-05-26,False,,,343
2000-05-30,False,,,344
2000-05-31,False,,,345
2000-06-01,False,,,346
2000-06-02,False,,,347
2000-06-05,False,,,348
2000-06-06,False,,,349
2000-06-07,False,,,350
2000-06-08,False,,,351
2000-06-09,False,,,352
2000-06-12,False,,,353
2000-06-13,False,,,354
2000-06-14,False,,,355
2000-06-15,False,,,356
2000-06-16,False,,,357
2000-06-19,False,,,358
2000-06-20,False,,,359
2000-06-21,False,,,360
2000-06-22,False,,,361
2000-06-23,False,,,362
2000-06-26,False,,,363
2000-06-27,False,,,364
2000-06-28,False,,,365
2000-06-29,False,,,366
2000-06-30,False,,,367
2000-07-03,False,,,368
2000-07-05,False,,,369
2000-07-06,False,,,370
2000-07-07,False,,,371
2000-07-10,False,,,372
2000-07-11,False,,,373
2000-07-12,False,,,374
2000-07-13,False,,,375
2000-07-14,False,,,376
2000-07-17,False,,,377
2000-07-18,False,,,378
2000-07-19,False,,,379
2000-07-20,False,,,380
2000-07-21,False,,,381
2000-07-24,False,,,382
2000-07-25,False,,,383
2000-07-26,False,,,384
2000-07-27,True,2000-05-16,50.0,50
2000-07-28,False,,,51
2000-07-31,False,,,52
2000-08-01,False,,,53
2000-08-02,False,,,54
2000-08-03,False,,,55
2000-08-04,False,,,56
2000-08-07,False,,,57
2000-08-08,False,,,58
2000-08-09,False,,,59
2000-08-10,False,,,60
2000-08-11,False,,,61
2000-08-14,False,,,62
2000-08-15,False,,,63
2000-08-16,False,,,64
2000-08-17,False,,,65
2000-08-18,False,,,66
2000-08-21,False,,,67
2000-08-22,False,,,68
2000-08-23,False,,,69
2000-08-24,False,,,70
2000-08-25,False,,,71
2000-08-28,False,,,72
2000-08-29,False,,,73
2000-08-30,False,,,74
2000-08-31,False,,,75
2000-09-01,False,,,76
2000-09-05,False,,,77
2000-09-06,False,,,78
2000-09-07,False,,,79
2000-09-08,False,,,80
2000-09-11,False,,,81
2000-09-12,False,,,82
2000-09-13,False,,,83
2000-09-14,False,,,84
2000-09-15,False,,,85
2000-09-18,False,,,86
2000-09-19,False,,,87
2000-09-20,False,,,88
2000-09-21,False,,,89
2000-09-22,False,,,90
2000-09-25,False,,,91
2000-09-26,False,,,92
2000-09-27,False,,,93
2000-09-28,False,,,94
2000-09-29,False,,,95
2000-10-02,False,,,96
2000-10-03,False,,,97
2000-10-04,False,,,98
2000-10-05,False,,,99
2000-10-06,False,,,100
2000-10-09,False,,,101
2000-10-10,False,,,102
2000-10-11,False,,,103
2000-10-12,False,,,104
2000-10-13,False,,,105
2000-10-16,False,,,106
2000-10-17,False,,,107
2000-10-18,False,,,108
2000-10-19,False,,,109
2000-10-20,False,,,110
2000-10-23,False,,,111
2000-10-24,False,,,112
2000-10-25,False,,,113
2000-10-26,True,2000-09-28,20.0,20
2000-10-27,False,,,21
2000-10-30,False,,,22
2000-10-31,False,,,23
2000-11-01,False,,,24
2000-11-02,False,,,25
2000-11-03,False,,,26
2000-11-06,False,,,27
2000-11-07,False,,,28
2000-11-08,False,,,29
2000-11-09,False,,,30
2000-11-10,False,,,31
2000-11-13,False,,,32
2000-11-14,False,,,33
2000-11-15,False,,,34
2000-11-16,False,,,35
2000-11-17,False,,,36
2000-11-20,False,,,37
2000-11-21,False,,,38
2000-11-22,False,,,39
2000-11-24,False,,,40
2000-11-27,False,,,41
2000-11-28,False,,,42
2000-11-29,False,,,43
2000-11-30,False,,,44
2000-12-01,False,,,45
2000-12-04,False,,,46
2000-12-05,False,,,47
2000-12-06,False,,,48
2000-12-07,False,,,49
2000-12-08,False,,,50
2000-12-11,False,,,51
2000-12-12,False,,,52
2000-12-13,False,,,53
2000-12-14,False,,,54
2000-12-15,False,,,55
2000-12-18,False,,,56
2000-12-19,False,,,57
2000-12-20,False,,,58
2000-12-21,False,,,59
2000-12-22,False,,,60
2000-12-26,False,,,61
2000-12-27,False,,,62
2000-12-28,False,,,63
2000-12-29,False,,,64
2001-01-02,False,,,65
2001-01-03,False,,,66
2001-01-04,False,,,67
2001-01-05,False,,,68
2001-01-08,False,,,69
2001-01-09,False,,,70
2001-01-10,False,,,71
2001-01-11,False,,,72
2001-01-12,False,,,73
2001-01-16,False,,,74
2001-01-17,False,,,75
2001-01-18,False,,,76
2001-01-19,False,,,77
2001-01-22,False,,,78
2001-01-23,False,,,79
2001-01-24,False,,,80
2001-01-25,False,,,81
2001-01-26,False,,,82
2001-01-29,False,,,83
2001-01-30,False,,,84
2001-01-31,False,,,85
2001-02-01,False,,,86
2001-02-02,False,,,87
2001-02-05,False,,,88
2001-02-06,False,,,89
2001-02-07,False,,,90
2001-02-08,False,,,91
2001-02-09,False,,,92
2001-02-12,False,,,93
2001-02-13,True,2001-01-16,20.0,20
2001-02-14,False,,,21
2001-02-15,False,,,22
2001-02-16,False,,,23
2001-02-20,False,,,24
2001-02-21,False,,,25
2001-02-22,False,,,26
2001-02-23,False,,,27
2001-02-26,False,,,28
2001-02-27,False,,,29
2001-02-28,False,,,30
2001-03-01,False,,,31
2001-03-02,False,,,32
2001-03-05,False,,,33
2001-03-06,False,,,34
2001-03-07,False,,,35
2001-03-08,False,,,36
2001-03-09,False,,,37
2001-03-12,False,,,38
2001-03-13,False,,,39
2001-03-14,False,,,40
2001-03-15,False,,,41
2001-03-16,False,,,42
2001-03-19,False,,,43
2001-03-20,False,,,44
2001-03-21,False,,,45
2001-03-22,False,,,46
2001-03-23,False,,,47
2001-03-26,False,,,48
2001-03-27,True,2001-02-15,27.0,27
2001-03-28,False,,,28
2001-03-29,False,,,29
2001-03-30,False,,,30
2001-04-02,False,,,31
2001-04-03,False,,,32
2001-04-04,False,,,33
2001-04-05,False,,,34
2001-04-06,False,,,35
2001-04-09,False,,,36
2001-04-10,False,,,37
2001-04-11,False,,,38
2001-04-12,False,,,39
2001-04-16,False,,,40
2001-04-17,False,,,41
2001-04-18,False,,,42
2001-04-19,False,,,43
2001-04-20,False,,,44
2001-04-23,False,,,45
2001-04-24,False,,,46
2001-04-25,False,,,47
2001-04-26,False,,,48
2001-04-27,False,,,49
2001-04-30,False,,,50
2001-05-01,False,,,51
2001-05-02,False,,,52
2001-05-03,False,,,53
2001-05-04,False,,,54
2001-05-07,False,,,55
2001-05-08,False,,,56
2001-05-09,False,,,57
2001-05-10,False,,,58
2001-05-11,False,,,59
2001-05-14,False,,,60
2001-05-15,False,,,61
2001-05-16,False,,,62
2001-05-17,False,,,63
2001-05-18,False,,,64
2001-05-21,False,,,65
2001-05-22,False,,,66
2001-05-23,False,,,67
2001-05-24,False,,,68
2001-05-25,False,,,69
2001-05-29,False,,,70
2001-05-30,False,,,71
2001-05-31,False,,,72
2001-06-01,False,,,73
2001-06-04,False,,,74
2001-06-05,False,,,75
2001-06-06,False,,,76
2001-06-07,False,,,77
2001-06-08,False,,,78
2001-06-11,False,,,79
2001-06-12,False,,,80
2001-06-13,False,,,81
2001-06-14,False,,,82
2001-06-15,False,,,83
2001-06-18,False,,,84
2001-06-19,False,,,85
2001-06-20,False,,,86
2001-06-21,False,,,87
2001-06-22,False,,,88
2001-06-25,False,,,89
2001-06-26,False,,,90
2001-06-27,False,,,91
2001-06-28,False,,,92
2001-06-29,False,,,93
2001-07-02,False,,,94
2001-07-03,False,,,95
2001-07-05,False,,,96
2001-07-06,False,,,97
2001-07-09,False,,,98
2001-07-10,False,,,99
2001-07-11,False,,,100
2001-07-12,False,,,101
2001-07-13,False,,,102
2001-07-16,False,,,103
2001-07-17,False,,,104
2001-07-18,False,,,105
2001-07-19,False,,,106
2001-07-20,False,,,107
2001-07-23,False,,,108
2001-07-24,False,,,109
2001-07-25,False,,,110
2001-07-26,False,,,111
2001-07-27,False,,,112
2001-07-30,False,,,113
2001-07-31,False,,,114
2001-08-01,False,,,115
2001-08-02,False,,,116
2001-08-03,False,,,117
2001-08-06,False,,,118
2001-08-07,False,,,119
2001-08-08,False,,,120
2001-08-09,False,,,121
2001-08-10,False,,,122
2001-08-13,False,,,123
2001-08-14,False,,,124
2001-08-15,False,,,125
2001-08-16,False,,,126
2001-08-17,False,,,127
2001-08-20,False,,,128
2001-08-21,False,,,129
2001-08-22,False,,,130
2001-08-23,False,,,131
2001-08-24,False,,,132
2001-08-27,False,,,133
2001-08-28,False,,,134
2001-08-29,False,,,135
2001-08-30,False,,,136
2001-08-31,False,,,137
2001-09-04,False,,,138
2001-09-05,False,,,139
2001-09-06,False,,,140
2001-09-07,False,,,141
2001-09-10,False,,,142
2001-09-17,False,,,143
2001-09-18,False,,,144
2001-09-19,False,,,145
2001-09-20,False,,,146
2001-09-21,False,,,147
2001-09-24,False,,,148
2001-09-25,False,,,149
2001-09-26,False,,,150
2001-09-27,False,,,151
2001-09-28,False,,,152
2001-10-01,False,,,153
2001-10-02,False,,,154
2001-10-03,False,,,155
2001-10-04,False,,,156
2001-10-05,False,,,157
2001-10-08,False,,,158
2001-10-09,False,,,159
2001-10-10,False,,,160
2001-10-11,False,,,161
2001-10-12,False,,,162
2001-10-15,False,,,163
2001-10-16,False,,,164
2001-10-17,False,,,165
2001-10-18,False,,,166
2001-10-19,False,,,167
2001-10-22,False,,,168
2001-10-23,False,,,169
2001-10-24,False,,,170
2001-10-25,False,,,171
2001-10-26,False,,,172
2001-10-29,False,,,173
2001-10-30,False,,,174
2001-10-31,False,,,175
2001-11-01,False,,,176
2001-11-02,False,,,177
2001-11-05,False,,,178
2001-11-06,False,,,179
2001-11-07,False,,,180
2001-11-08,False,,,181
2001-11-09,False,,,182
2001-11-12,False,,,183
2001-11-13,False,,,184
2001-11-14,False,,,185
2001-11-15,False,,,186
2001-11-16,False,,,187
2001-11-19,False,,,188
2001-11-20,False,,,189
2001-11-21,False,,,190
2001-11-23,False,,,191
2001-11-26,False,,,192
2001-11-27,False,,,193
2001-11-28,False,,,194
2001-11-29,False,,,195
2001-11-30,False,,,196
2001-12-03,False,,,197
2001-12-04,False,,,198
2001-12-05,False,,,199
2001-12-06,False,,,200
2001-12-07,False,,,201
2001-12-10,False,,,202
2001-12-11,False,,,203
2001-12-12,False,,,204
2001-12-13,False,,,205
2001-12-14,False,,,206
2001-12-17,False,,,207
2001-12-18,False,,,208
2001-12-19,False,,,209
2001-12-20,False,,,210
2001-12-21,False,,,211
2001-12-24,False,,,212
2001-12-26,False,,,213
2001-12-27,False,,,214
2001-12-28,False,,,215
2001-12-31,False,,,216
2002-01-02,False,,,217
2002-01-03,False,,,218
2002-01-04,False,,,219
2002-01-07,False,,,220
2002-01-08,False,,,221
2002-01-09,False,,,222
2002-01-10,False,,,223
2002-01-11,False,,,224
2002-01-14,False,,,225
2002-01-15,False,,,226
2002-01-16,False,,,227
2002-01-17,False,,,228
2002-01-18,False,,,229
2002-01-22,False,,,230
2002-01-23,False,,,231
2002-01-24,False,,,232
2002-01-25,False,,,233
2002-01-28,False,,,234
2002-01-29,False,,,235
2002-01-30,False,,,236
2002-01-31,False,,,237
2002-02-01,False,,,238
2002-02-04,False,,,239
2002-02-05,False,,,240
2002-02-06,False,,,241
2002-02-07,False,,,242
2002-02-08,False,,,243
2002-02-11,False,,,244
2002-02-12,False,,,245
2002-02-13,False,,,246
2002-02-14,False,,,247
2002-02-15,False,,,248
2002-02-19,False,,,249
2002-02-20,False,,,250
2002-02-21,False,,,251
2002-02-22,False,,,252
2002-02-25,False,,,253
2002-02-26,False,,,254
2002-02-27,False,,,255
2002-02-28,False,,,256
2002-03-01,False,,,257
2002-03-04,False,,,258
2002-03-05,False,,,259
2002-03-06,False,,,260
2002-03-07,False,,,261
2002-03-08,False,,,262
2002-03-11,False,,,263
2002-03-12,False,,,264
2002-03-13,False,,,265
2002-03-14,False,,,266
2002-03-15,False,,,267
2002-03-18,False,,,268
2002-03-19,False,,,269
2002-03-20,False,,,270
2002-03-21,False,,,271
2002-03-22,False,,,272
2002-03-25,False,,,273
2002-03-26,False,,,274
2002-03-27,False,,,275
2002-03-28,False,,,276
2002-04-01,False,,,277
2002-04-02,False,,,278
2002-04-03,False,,,279
2002-04-04,False,,,280
2002-04-05,False,,,281
2002-04-08,False,,,282
2002-04-09,False,,,283
2002-04-10,False,,,284
2002-04-11,False,,,285
2002-04-12,False,,,286
2002-04-15,False,,,287
2002-04-16,False,,,288
2002-04-17,False,,,289
2002-04-18,False,,,290
2002-04-19,False,,,291
2002-04-22,False,,,292
2002-04-23,False,,,293
2002-04-24,False,,,294
2002-04-25,False,,,295
2002-04-26,False,,,296
2002-04-29,False,,,297
2002-04-30,False,,,298
2002-05-01,False,,,299
2002-05-02,False,,,300
2002-05-03,False,,,301
2002-05-06,False,,,302
2002-05-07,False,,,303
2002-05-08,False,,,304
2002-05-09,False,,,305
2002-05-10,False,,,306
2002-05-13,False,,,307
2002-05-14,False,,,308
2002-05-15,False,,,309
2002-05-16,False,,,310
2002-05-17,False,,,311
2002-05-20,False,,,312
2002-05-21,False,,,313
2002-05-22,False,,,314
2002-05-23,False,,,315
2002-05-24,False,,,316
2002-05-28,False,,,317
2002-05-29,False,,,318
2002-05-30,False,,,319
2002-05-31,False,,,320
2002-06-03,False,,,321
2002-06-04,False,,,322
2002-06-05,False,,,323
2002-06-06,False,,,324
2002-06-07,False,,,325
2002-06-10,False,,,326
2002-06-11,False,,,327
2002-06-12,False,,,328
2002-06-13,False,,,329
2002-06-14,False,,,330
2002-06-17,False,,,331
2002-06-18,False,,,332
2002-06-19,False,,,333
2002-06-20,False,,,334
2002-06-21,False,,,335
2002-06-24,False,,,336
2002-06-25,False,,,337
2002-06-26,False,,,338
2002-06-27,False,,,339
2002-06-28,False,,,340
2002-07-01,False,,,341
2002-07-02,False,,,342
2002-07-03,False,,,343
2002-07-05,False,,,344
2002-07-08,False,,,345
2002-07-09,False,,,346
2002-07-10,False,,,347
2002-07-11,False,,,348
2002-07-12,False,,,349
2002-07-15,False,,,350
2002-07-16,False,,,351
2002-07-17,False,,,352
2002-07-18,False,,,353
2002-07-19,False,,,354
2002-07-22,False,,,355
2002-07-23,False,,,356
2002-07-24,False,,,357
2002-07-25,False,,,358
2002-07-26,False,,,359
2002-07-29,False,,,360
2002-07-30,False,,,361
2002-07-31,False,,,362
2002-08-01,False,,,363
2002-08-02,False,,,364
2002-08-05,False,,,365
2002-08-06,False,,,366
2002-08-07,False,,,367
2002-08-08,False,,,368
2002-08-09,False,,,369
2002-08-12,False,,,370
2002-08-13,False,,,371
2002-08-14,False,,,372
2002-08-15,True,2002-07-19,19.0,19
2002-08-16,False,,,20
2002-08-19,False,,,21
2002-08-20,False,,,22
2002-08-21,False,,,23
2002-08-22,False,,,24
2002-08-23,False,,,25
2002-08-26,False,,,26
2002-08-27,False,,,27
2002-08-28,False,,,28
2002-08-29,False,,,29
2002-08-30,False,,,30
2002-09-03,False,,,31
2002-09-04,False,,,32
2002-09-05,False,,,33
2002-09-06,False,,,34
2002-09-09,False,,,35
2002-09-10,False,,,36
2002-09-11,False,,,37
2002-09-12,False,,,38
2002-09-13,False,,,39
2002-09-16,False,,,40
2002-09-17,False,,,41
2002-09-18,False,,,42
2002-09-19,False,,,43
2002-09-20,False,,,44
2002-09-23,False,,,45
2002-09-24,False,,,46
2002-09-25,False,,,47
2002-09-26,False,,,48
2002-09-27,False,,,49
2002-09-30,False,,,50
2002-10-01,False,,,51
2002-10-02,False,,,52
2002-10-03,False,,,53
2002-10-04,False,,,54
2002-10-07,False,,,55
2002-10-08,False,,,56
2002-10-09,False,,,57
2002-10-10,False,,,58
2002-10-11,False,,,59
2002-10-14,False,,,60
2002-10-15,False,,,61
2002-10-16,False,,,62
2002-10-17,False,,,63
2002-10-18,False,,,64
2002-10-21,False,,,65
2002-10-22,False,,,66
2002-10-23,False,,,67
2002-10-24,False,,,68
2002-10-25,False,,,69
2002-10-28,False,,,70
2002-10-29,False,,,71
2002-10-30,False,,,72
2002-10-31,False,,,73
2002-11-01,False,,,74
2002-11-04,False,,,75
2002-11-05,False,,,76
2002-11-06,False,,,77
2002-11-07,False,,,78
2002-11-08,False,,,79
2002-11-11,False,,,80
2002-11-12,False,,,81
2002-11-13,False,,,82
2002-11-14,False,,,83
2002-11-15,False,,,84
2002-11-18,False,,,85
2002-11-19,False,,,86
2002-11-20,False,,,87
2002-11-21,False,,,88
2002-11-22,False,,,89
2002-11-25,False,,,90
2002-11-26,False,,,91
2002-11-27,False,,,92
2002-11-29,False,,,93
2002-12-02,False,,,94
2002-12-03,False,,,95
2002-12-04,False,,,96
2002-12-05,False,,,97
2002-12-06,False,,,98
2002-12-09,False,,,99
2002-12-10,False,,,100
2002-12-11,False,,,101
2002-12-12,False,,,102
2002-12-13,False,,,103
2002-12-16,False,,,104
2002-12-17,False,,,105
2002-12-18,False,,,106
2002-12-19,False,,,107
2002-12-20,False,,,108
2002-12-23,False,,,109
2002-12-24,False,,,110
2002-12-26,False,,,111
2002-12-27,False,,,112
2002-12-30,False,,,113
2002-12-31,False,,,114
2003-01-02,False,,,115
2003-01-03,False,,,116
2003-01-06,False,,,117
2003-01-07,False,,,118
2003-01-08,False,,,119
2003-01-09,False,,,120
2003-01-10,False,,,121
2003-01-13,False,,,122
2003-01-14,False,,,123
2003-01-15,False,,,124
2003-01-16,False,,,125
2003-01-17,False,,,126
2003-01-21,False,,,127
2003-01-22,False,,,128
2003-01-23,False,,,129
2003-01-24,False,,,130
2003-01-27,False,,,131
2003-01-28,False,,,132
2003-01-29,False,,,133
2003-01-30,False,,,134
2003-01-31,False,,,135
2003-02-03,False,,,136
2003-02-04,False,,,137
2003-02-05,False,,,138
2003-02-06,False,,,139
2003-02-07,False,,,140
2003-02-10,False,,,141
2003-02-11,False,,,142
2003-02-12,False,,,143
2003-02-13,False,,,144
2003-02-14,False,,,145
2003-02-18,False,,,146
2003-02-19,False,,,147
2003-02-20,True,2002-08-16,128.0,128
2003-02-21,False,,,129
2003-02-24,False,,,130
2003-02-25,False,,,131
2003-02-26,False,,,132
2003-02-27,False,,,133
2003-02-28,False,,,134
2003-03-03,False,,,135
2003-03-04,False,,,136
2003-03-05,False,,,137
2003-03-06,False,,,138
2003-03-07,False,,,139
2003-03-10,False,,,140
2003-03-11,False,,,141
2003-03-12,False,,,142
2003-03-13,False,,,143
2003-03-14,False,,,144
2003-03-17,False,,,145
2003-03-18,False,,,146
2003-03-19,False,,,147
2003-03-20,False,,,148
2003-03-21,False,,,149
2003-03-24,False,,,150
2003-03-25,False,,,151
2003-03-26,False,,,152
2003-03-27,False,,,153
2003-03-28,False,,,154
2003-03-31,False,,,155
2003-04-01,False,,,156
2003-04-02,False,,,157
2003-04-03,False,,,158
2003-04-04,False,,,159
2003-04-07,False,,,160
2003-04-08,False,,,161
2003-04-09,False,,,162
2003-04-10,False,,,163
2003-04-11,False,,,164
2003-04-14,False,,,165
2003-04-15,False,,,166
2003-04-16,False,,,167
2003-04-17,False,,,168
2003-04-21,False,,,169
2003-04-22,False,,,170
2003-04-23,False,,,171
2003-04-24,False,,,172
2003-04-25,False,,,173
2003-04-28,False,,,174
2003-04-29,True,2003-01-29,62.0,62
2003-04-30,False,,,63
2003-05-01,False,,,64
2003-05-02,False,,,65
2003-05-05,False,,,66
2003-05-06,False,,,67
2003-05-07,False,,,68
2003-05-08,False,,,69
2003-05-09,False,,,70
2003-05-12,False,,,71
2003-05-13,False,,,72
2003-05-14,False,,,73
2003-05-15,False,,,74
2003-05-16,False,,,75
2003-05-19,False,,,76
2003-05-20,False,,,77
2003-05-21,False,,,78
2003-05-22,False,,,79
2003-05-23,False,,,80
2003-05-27,False,,,81
2003-05-28,False,,,82
2003-05-29,False,,,83
2003-05-30,False,,,84
2003-06-02,False,,,85
2003-06-03,False,,,86
2003-06-04,False,,,87
2003-06-05,False,,,88
2003-06-06,False,,,89
2003-06-09,False,,,90
2003-06-10,False,,,91
2003-06-11,False,,,92
2003-06-12,False,,,93
2003-06-13,False,,,94
2003-06-16,False,,,95
2003-06-17,False,,,96
2003-06-18,False,,,97
2003-06-19,False,,,98
2003-06-20,False,,,99
2003-06-23,False,,,100
2003-06-24,False,,,101
2003-06-25,False,,,102
2003-06-26,False,,,103
2003-06-27,False,,,104
2003-06-30,False,,,105
2003-07-01,False,,,106
2003-07-02,False,,,107
2003-07-03,False,,,108
2003-07-07,False,,,109
2003-07-08,False,,,110
2003-07-09,False,,,111
2003-07-10,False,,,112
2003-07-11,False,,,113
2003-07-14,False,,,114
2003-07-15,False,,,115
2003-07-16,False,,,116
2003-07-17,False,,,117
2003-07-18,False,,,118
2003-07-21,False,,,119
2003-07-22,False,,,120
2003-07-23,False,,,121
2003-07-24,False,,,122
2003-07-25,False,,,123
2003-07-28,False,,,124
2003-07-29,False,,,125
2003-07-30,False,,,126
2003-07-31,False,,,127
2003-08-01,False,,,128
2003-08-04,False,,,129
2003-08-05,False,,,130
2003-08-06,False,,,131
2003-08-07,False,,,132
2003-08-08,False,,,133
2003-08-11,False,,,134
2003-08-12,False,,,135
2003-08-13,False,,,136
2003-08-14,False,,,137
2003-08-15,False,,,138
2003-08-18,False,,,139
2003-08-19,False,,,140
2003-08-20,False,,,141
2003-08-21,False,,,142
2003-08-22,False,,,143
2003-08-25,False,,,144
2003-08-26,False,,,145
2003-08-27,False,,,146
2003-08-28,False,,,147
2003-08-29,False,,,148
2003-09-02,False,,,149
2003-09-03,False,,,150
2003-09-04,False,,,151
2003-09-05,False,,,152
2003-09-08,False,,,153
2003-09-09,False,,,154
2003-09-10,False,,,155
2003-09-11,False,,,156
2003-09-12,False,,,157
2003-09-15,False,,,158
2003-09-16,False,,,159
2003-09-17,False,,,160
2003-09-18,False,,,161
2003-09-19,False,,,162
2003-09-22,False,,,163
2003-09-23,False,,,164
2003-09-24,False,,,165
2003-09-25,False,,,166
2003-09-26,False,,,167
2003-09-29,False,,,168
2003-09-30,False,,,169
2003-10-01,False,,,170
2003-10-02,False,,,171
2003-10-03,False,,,172
2003-10-06,False,,,173
2003-10-07,False,,,174
2003-10-08,False,,,175
2003-10-09,False,,,176
2003-10-10,False,,,177
2003-10-13,False,,,178
2003-10-14,False,,,179
2003-10-15,False,,,180
2003-10-16,False,,,181
2003-10-17,False,,,182
2003-10-20,False,,,183
2003-10-21,False,,,184
2003-10-22,False,,,185
2003-10-23,False,,,186
2003-10-24,False,,,187
2003-10-27,False,,,188
2003-10-28,False,,,189
2003-10-29,False,,,190
2003-10-30,False,,,191
2003-10-31,False,,,192
2003-11-03,False,,,193
2003-11-04,False,,,194
2003-11-05,False,,,195
2003-11-06,False,,,196
2003-11-07,False,,,197
2003-11-10,False,,,198
2003-11-11,False,,,199
2003-11-12,False,,,200
2003-11-13,False,,,201
2003-11-14,False,,,202
2003-11-17,False,,,203
2003-11-18,False,,,204
2003-11-19,False,,,205
2003-11-20,False,,,206
2003-11-21,False,,,207
2003-11-24,False,,,208
2003-11-25,False,,,209
2003-11-26,False,,,210
2003-11-28,False,,,211
2003-12-01,False,,,212
2003-12-02,False,,,213
2003-12-03,False,,,214
2003-12-04,False,,,215
2003-12-05,False,,,216
2003-12-08,False,,,217
2003-12-09,False,,,218
2003-12-10,False,,,219
2003-12-11,False,,,220
2003-12-12,False,,,221
2003-12-15,False,,,222
2003-12-16,False,,,223
2003-12-17,False,,,224
2003-12-18,False,,,225
2003-12-19,False,,,226
2003-12-22,False,,,227
2003-12-23,False,,,228
2003-12-24,False,,,229
2003-12-26,False,,,230
2003-12-29,False,,,231
2003-12-30,False,,,232
2003-12-31,False,,,233
2004-01-02,False,,,234
2004-01-05,False,,,235
2004-01-06,False,,,236
2004-01-07,False,,,237
2004-01-08,False,,,238
2004-01-09,False,,,239
2004-01-12,False,,,240
2004-01-13,False,,,241
2004-01-14,False,,,242
2004-01-15,False,,,243
2004-01-16,False,,,244
2004-01-20,False,,,245
2004-01-21,False,,,246
2004-01-22,False,,,247
2004-01-23,False,,,248
2004-01-26,False,,,249
2004-01-27,False,,,250
2004-01-28,False,,,251
2004-01-29,False,,,252
2004-01-30,False,,,253
2004-02-02,False,,,254
2004-02-03,False,,,255
2004-02-04,False,,,256
2004-02-05,False,,,257
2004-02-06,False,,,258
2004-02-09,False,,,259
2004-02-10,False,,,260
2004-02-11,False,,,261
2004-02-12,False,,,262
2004-02-13,False,,,263
2004-02-17,False,,,264
2004-02-18,False,,,265
2004-02-19,False,,,266
2004-02-20,False,,,267
2004-02-23,False,,,268
2004-02-24,False,,,269
2004-02-25,False,,,270
2004-02-26,False,,,271
2004-02-27,False,,,272
2004-03-01,False,,,273
2004-03-02,False,,,274
2004-03-03,False,,,275
2004-03-04,False,,,276
2004-03-05,False,,,277
2004-03-08,False,,,278
2004-03-09,False,,,279
2004-03-10,False,,,280
2004-03-11,False,,,281
2004-03-12,False,,,282
2004-03-15,False,,,283
2004-03-16,False,,,284
2004-03-17,False,,,285
2004-03-18,False,,,286
2004-03-19,False,,,287
2004-03-22,False,,,288
2004-03-23,False,,,289
2004-03-24,False,,,290
2004-03-25,False,,,291
2004-03-26,False,,,292
2004-03-29,True,2004-03-02,19.0,19
2004-03-30,False,,,20
2004-03-31,False,,,21
2004-04-01,False,,,22
2004-04-02,False,,,23
2004-04-05,False,,,24
2004-04-06,False,,,25
2004-04-07,False,,,26
2004-04-08,False,,,27
2004-04-12,False,,,28
2004-04-13,False,,,29
2004-04-14,False,,,30
2004-04-15,False,,,31
2004-04-16,False,,,32
2004-04-19,False,,,33
2004-04-20,False,,,34
2004-04-21,False,,,35
2004-04-22,False,,,36
2004-04-23,False,,,37
2004-04-26,False,,,38
2004-04-27,False,,,39
2004-04-28,False,,,40
2004-04-29,False,,,41
2004-04-30,False,,,42
2004-05-03,False,,,43
2004-05-04,False,,,44
2004-05-05,False,,,45
2004-05-06,False,,,46
2004-05-07,False,,,47
2004-05-10,False,,,48
2004-05-11,False,,,49
2004-05-12,False,,,50
2004-05-13,False,,,51
2004-05-14,False,,,52
2004-05-17,False,,,53
2004-05-18,False,,,54
2004-05-19,False,,,55
2004-05-20,False,,,56
2004-05-21,False,,,57
2004-05-24,False,,,58
2004-05-25,False,,,59
2004-05-26,False,,,60
2004-05-27,False,,,61
2004-05-28,False,,,62
2004-06-01,False,,,63
2004-06-02,False,,,64
2004-06-03,False,,,65
2004-06-04,False,,,66
2004-06-07,False,,,67
2004-06-08,False,,,68
2004-06-09,False,,,69
2004-06-10,False,,,70
2004-06-14,False,,,71
2004-06-15,False,,,72
2004-06-16,False,,,73
2004-06-17,False,,,74
2004-06-18,False,,,75
2004-06-21,False,,,76
2004-06-22,False,,,77
2004-06-23,False,,,78
2004-06-24,False,,,79
2004-06-25,False,,,80
2004-06-28,False,,,81
2004-06-29,False,,,82
2004-06-30,False,,,83
2004-07-01,False,,,84
2004-07-02,False,,,85
2004-07-06,False,,,86
2004-07-07,False,,,87
2004-07-08,False,,,88
2004-07-09,False,,,89
2004-07-12,False,,,90
2004-07-13,False,,,91
2004-07-14,False,,,92
2004-07-15,False,,,93
2004-07-16,False,,,94
2004-07-19,False,,,95
2004-07-20,False,,,96
2004-07-21,False,,,97
2004-07-22,False,,,98
2004-07-23,False,,,99
2004-07-26,False,,,100
2004-07-27,False,,,101
2004-07-28,False,,,102
2004-07-29,False,,,103
2004-07-30,False,,,104
2004-08-02,False,,,105
2004-08-03,False,,,106
2004-08-04,False,,,107
2004-08-05,False,,,108
2004-08-06,False,,,109
2004-08-09,False,,,110
2004-08-10,False,,,111
2004-08-11,False,,,112
2004-08-12,False,,,113
2004-08-13,False,,,114
2004-08-16,False,,,115
2004-08-17,False,,,116
2004-08-18,False,,,117
2004-08-19,False,,,118
2004-08-20,False,,,119
2004-08-23,False,,,120
2004-08-24,False,,,121
2004-08-25,False,,,122
2004-08-26,False,,,123
2004-08-27,False,,,124
2004-08-30,False,,,125
2004-08-31,False,,,126
2004-09-01,False,,,127
2004-09-02,False,,,128
2004-09-03,False,,,129
2004-09-07,False,,,130
2004-09-08,False,,,131
2004-09-09,False,,,132
2004-09-10,False,,,133
2004-09-13,False,,,134
2004-09-14,False,,,135
2004-09-15,False,,,136
2004-09-16,False,,,137
2004-09-17,False,,,138
2004-09-20,False,,,139
2004-09-21,False,,,140
2004-09-22,False,,,141
2004-09-23,False,,,142
2004-09-24,False,,,143
2004-09-27,False,,,144
2004-09-28,False,,,145
2004-09-29,False,,,146
2004-09-30,False,,,147
2004-10-01,False,,,148
2004-10-04,False,,,149
2004-10-05,False,,,150
2004-10-06,False,,,151
2004-10-07,False,,,152
2004-10-08,False,,,153
2004-10-11,False,,,154
2004-10-12,False,,,155
2004-10-13,False,,,156
2004-10-14,False,,,157
2004-10-15,False,,,158
2004-10-18,False,,,159
2004-10-19,False,,,160
2004-10-20,False,,,161
2004-10-21,False,,,162
2004-10-22,False,,,163
2004-10-25,False,,,164
2004-10-26,False,,,165
2004-10-27,False,,,166
2004-10-28,False,,,167
2004-10-29,False,,,168
2004-11-01,False,,,169
2004-11-02,False,,,170
2004-11-03,False,,,171
2004-11-04,False,,,172
2004-11-05,False,,,173
2004-11-08,False,,,174
2004-11-09,False,,,175
2004-11-10,False,,,176
2004-11-11,False,,,177
2004-11-12,False,,,178
2004-11-15,False,,,179
2004-11-16,False,,,180
2004-11-17,False,,,181
2004-11-18,False,,,182
2004-11-19,False,,,183
2004-11-22,False,,,184
2004-11-23,False,,,185
2004-11-24,False,,,186
2004-11-26,False,,,187
2004-11-29,False,,,188
2004-11-30,False,,,189
2004-12-01,False,,,190
2004-12-02,False,,,191
2004-12-03,True,2004-11-04,20.0,20
2004-12-06,False,,,21
2004-12-07,False,,,22
2004-12-08,False,,,23
2004-12-09,False,,,24
2004-12-10,False,,,25
2004-12-13,False,,,26
2004-12-14,False,,,27
2004-12-15,False,,,28
2004-12-16,False,,,29
2004-12-17,False,,,30
2004-12-20,False,,,31
2004-12-21,False,,,32
2004-12-22,False,,,33
2004-12-23,False,,,34
2004-12-27,False,,,35
2004-12-28,False,,,36
2004-12-29,False,,,37
2004-12-30,False,,,38
2004-12-31,False,,,39
2005-01-03,False,,,40
2005-01-04,False,,,41
2005-01-05,False,,,42
2005-01-06,False,,,43
2005-01-07,False,,,44
2005-01-10,False,,,45
2005-01-11,False,,,46
2005-01-12,False,,,47
2005-01-13,False,,,48
2005-01-14,False,,,49
2005-01-18,False,,,50
2005-01-19,False,,,51
2005-01-20,False,,,52
2005-01-21,False,,,53
2005-01-24,False,,,54
2005-01-25,False,,,55
2005-01-26,False,,,56
2005-01-27,False,,,57
2005-01-28,False,,,58
2005-01-31,False,,,59
2005-02-01,False,,,60
2005-02-02,False,,,61
2005-02-03,False,,,62
2005-02-04,False,,,63
2005-02-07,False,,,64
2005-02-08,False,,,65
2005-02-09,False,,,66
2005-02-10,False,,,67
2005-02-11,False,,,68
2005-02-14,False,,,69
2005-02-15,False,,,70
2005-02-16,False,,,71
2005-02-17,False,,,72
2005-02-18,False,,,73
2005-02-22,False,,,74
2005-02-23,False,,,75
2005-02-24,True,2004-12-27,41.0,41
2005-02-25,False,,,42
2005-02-28,False,,,43
2005-03-01,False,,,44
2005-03-02,False,,,45
2005-03-03,False,,,46
2005-03-04,False,,,47
2005-03-07,False,,,48
2005-03-08,False,,,49
2005-03-09,False,,,50
2005-03-10,False,,,51
2005-03-11,False,,,52
2005-03-14,False,,,53
2005-03-15,False,,,54
2005-03-16,False,,,55
2005-03-17,False,,,56
2005-03-18,False,,,57
2005-03-21,False,,,58
2005-03-22,False,,,59
2005-03-23,False,,,60
2005-03-24,False,,,61
2005-03-28,False,,,62
2005-03-29,False,,,63
2005-03-30,False,,,64
2005-03-31,False,,,65
2005-04-01,False,,,66
2005-04-04,False,,,67
2005-04-05,False,,,68
2005-04-06,False,,,69
2005-04-07,False,,,70
2005-04-08,False,,,71
2005-04-11,False,,,72
2005-04-12,False,,,73
2005-04-13,False,,,74
2005-04-14,False,,,75
2005-04-15,False,,,76
2005-04-18,False,,,77
2005-04-19,False,,,78
2005-04-20,False,,,79
2005-04-21,False,,,80
2005-04-22,False,,,81
2005-04-25,False,,,82
2005-04-26,False,,,83
2005-04-27,False,,,84
2005-04-28,False,,,85
2005-04-29,True,2005-04-04,19.0,19
2005-05-02,False,,,20
2005-05-03,False,,,21
2005-05-04,False,,,22
2005-05-05,False,,,23
2005-05-06,False,,,24
2005-05-09,False,,,25
2005-05-10,False,,,26
2005-05-11,False,,,27
2005-05-12,False,,,28
2005-05-13,False,,,29
2005-05-16,False,,,30
2005-05-17,False,,,31
2005-05-18,False,,,32
2005-05-19,False,,,33
2005-05-20,False,,,34
2005-05-23,False,,,35
2005-05-24,False,,,36
2005-05-25,False,,,37
2005-05-26,False,,,38
2005-05-27,False,,,39
2005-05-31,False,,,40
2005-06-01,False,,,41
2005-06-02,False,,,42
2005-06-03,False,,,43
2005-06-06,False,,,44
2005-06-07,False,,,45
2005-06-08,False,,,46
2005-06-09,False,,,47
2005-06-10,False,,,48
2005-06-13,False,,,49
2005-06-14,False,,,50
2005-06-15,False,,,51
2005-06-16,False,,,52
2005-06-17,False,,,53
2005-06-20,False,,,54
2005-06-21,True,2005-05-02,35.0,35
2005-06-22,False,,,36
2005-06-23,False,,,37
2005-06-24,False,,,38
2005-06-27,False,,,39
2005-06-28,False,,,40
2005-06-29,False,,,41
2005-06-30,False,,,42
2005-07-01,False,,,43
2005-07-05,False,,,44
2005-07-06,False,,,45
2005-07-07,False,,,46
2005-07-08,False,,,47
2005-07-11,False,,,48
2005-07-12,False,,,49
2005-07-13,False,,,50
2005-07-14,False,,,51
2005-07-15,False,,,52
2005-07-18,False,,,53
2005-07-19,False,,,54
2005-07-20,False,,,55
2005-07-21,False,,,56
2005-07-22,False,,,57
2005-07-25,False,,,58
2005-07-26,False,,,59
2005-07-27,False,,,60
2005-07-28,False,,,61
2005-07-29,False,,,62
2005-08-01,False,,,63
2005-08-02,False,,,64
2005-08-03,False,,,65
2005-08-04,False,,,66
2005-08-05,False,,,67
2005-08-08,False,,,68
2005-08-09,False,,,69
2005-08-10,False,,,70
2005-08-11,False,,,71
2005-08-12,False,,,72
2005-08-15,False,,,73
2005-08-16,False,,,74
2005-08-17,False,,,75
2005-08-18,False,,,76
2005-08-19,False,,,77
2005-08-22,False,,,78
2005-08-23,False,,,79
2005-08-24,False,,,80
2005-08-25,False,,,81
2005-08-26,False,,,82
2005-08-29,False,,,83
2005-08-30,False,,,84
2005-08-31,False,,,85
2005-09-01,False,,,86
2005-09-02,False,,,87
2005-09-06,False,,,88
2005-09-07,False,,,89
2005-09-08,False,,,90
2005-09-09,False,,,91
2005-09-12,False,,,92
2005-09-13,False,,,93
2005-09-14,False,,,94
2005-09-15,False,,,95
2005-09-16,False,,,96
2005-09-19,False,,,97
2005-09-20,False,,,98
2005-09-21,False,,,99
2005-09-22,False,,,100
2005-09-23,False,,,101
2005-09-26,False,,,102
2005-09-27,False,,,103
2005-09-28,False,,,104
2005-09-29,False,,,105
2005-09-30,False,,,106
2005-10-03,False,,,107
2005-10-04,False,,,108
2005-10-05,False,,,109
2005-10-06,False,,,110
2005-10-07,False,,,111
2005-10-10,False,,,112
2005-10-11,False,,,113
2005-10-12,False,,,114
2005-10-13,False,,,115
2005-10-14,False,,,116
2005-10-17,False,,,117
2005-10-18,False,,,118
2005-10-19,False,,,119
2005-10-20,False,,,120
2005-10-21,False,,,121
2005-10-24,False,,,122
2005-10-25,False,,,123
2005-10-26,False,,,124
2005-10-27,False,,,125
2005-10-28,False,,,126
2005-10-31,False,,,127
2005-11-01,False,,,128
2005-11-02,False,,,129
2005-11-03,False,,,130
2005-11-04,False,,,131
2005-11-07,False,,,132
2005-11-08,False,,,133
2005-11-09,False,,,134
2005-11-10,False,,,135
2005-11-11,False,,,136
2005-11-14,False,,,137
2005-11-15,False,,,138
2005-11-16,False,,,139
2005-11-17,False,,,140
2005-11-18,False,,,141
2005-11-21,False,,,142
2005-11-22,False,,,143
2005-11-23,False,,,144
2005-11-25,False,,,145
2005-11-28,False,,,146
2005-11-29,False,,,147
2005-11-30,False,,,148
2005-12-01,False,,,149
2005-12-02,False,,,150
2005-12-05,False,,,151
2005-12-06,False,,,152
2005-12-07,False,,,153
2005-12-08,False,,,154
2005-12-09,False,,,155
2005-12-12,False,,,156
2005-12-13,False,,,157
2005-12-14,False,,,158
2005-12-15,False,,,159
2005-12-16,False,,,160
2005-12-19,False,,,161
2005-12-20,False,,,162
2005-12-21,False,,,163
2005-12-22,False,,,164
2005-12-23,False,,,165
2005-12-27,False,,,166
2005-12-28,False,,,167
2005-12-29,False,,,168
2005-12-30,False,,,169
2006-01-03,False,,,170
2006-01-04,False,,,171
2006-01-05,False,,,172
2006-01-06,False,,,173
2006-01-09,False,,,174
2006-01-10,False,,,175
2006-01-11,False,,,176
2006-01-12,False,,,177
2006-01-13,False,,,178
2006-01-17,False,,,179
2006-01-18,False,,,180
2006-01-19,False,,,181
2006-01-20,False,,,182
2006-01-23,False,,,183
2006-01-24,False,,,184
2006-01-25,False,,,185
2006-01-26,False,,,186
2006-01-27,False,,,187
2006-01-30,False,,,188
2006-01-31,False,,,189
2006-02-01,False,,,190
2006-02-02,False,,,191
2006-02-03,False,,,192
2006-02-06,False,,,193
2006-02-07,False,,,194
2006-02-08,False,,,195
2006-02-09,False,,,196
2006-02-10,False,,,197
2006-02-13,False,,,198
2006-02-14,False,,,199
2006-02-15,False,,,200
2006-02-16,False,,,201
2006-02-17,False,,,202
2006-02-21,False,,,203
2006-02-22,False,,,204
2006-02-23,False,,,205
2006-02-24,False,,,206
2006-02-27,False,,,207
2006-02-28,False,,,208
2006-03-01,False,,,209
2006-03-02,False,,,210
2006-03-03,False,,,211
2006-03-06,False,,,212
2006-03-07,False,,,213
2006-03-08,False,,,214
2006-03-09,False,,,215
2006-03-10,False,,,216
2006-03-13,False,,,217
2006-03-14,False,,,218
2006-03-15,False,,,219
2006-03-16,False,,,220
2006-03-17,False,,,221
2006-03-20,False,,,222
2006-03-21,False,,,223
2006-03-22,False,,,224
2006-03-23,False,,,225
2006-03-24,False,,,226
2006-03-27,False,,,227
2006-03-28,False,,,228
2006-03-29,False,,,229
2006-03-30,False,,,230
2006-03-31,False,,,231
2006-04-03,False,,,232
2006-04-04,False,,,233
2006-04-05,False,,,234
2006-04-06,False,,,235
2006-04-07,False,,,236
2006-04-10,False,,,237
2006-04-11,False,,,238
2006-04-12,False,,,239
2006-04-13,False,,,240
2006-04-17,False,,,241
2006-04-18,False,,,242
2006-04-19,False,,,243
2006-04-20,False,,,244
2006-04-21,False,,,245
2006-04-24,False,,,246
2006-04-25,False,,,247
2006-04-26,False,,,248
2006-04-27,False,,,249
2006-04-28,False,,,250
2006-05-01,False,,,251
2006-05-02,False,,,252
2006-05-03,False,,,253
2006-05-04,False,,,254
2006-05-05,False,,,255
2006-05-08,False,,,256
2006-05-09,False,,,257
2006-05-10,False,,,258
2006-05-11,False,,,259
2006-05-12,False,,,260
2006-05-15,False,,,261
2006-05-16,False,,,262
2006-05-17,False,,,263
2006-05-18,False,,,264
2006-05-19,False,,,265
2006-05-22,False,,,266
2006-05-23,False,,,267
2006-05-24,False,,,268
2006-05-25,False,,,269
2006-05-26,False,,,270
2006-05-30,False,,,271
2006-05-31,False,,,272
2006-06-01,False,,,273
2006-06-02,False,,,274
2006-06-05,False,,,275
2006-06-06,False,,,276
2006-06-07,False,,,277
2006-06-08,False,,,278
2006-06-09,False,,,279
2006-06-12,False,,,280
2006-06-13,False,,,281
2006-06-14,True,2006-05-11,23.0,23
2006-06-15,False,,,24
2006-06-16,False,,,25
2006-06-19,False,,,26
2006-06-20,False,,,27
2006-06-21,False,,,28
2006-06-22,False,,,29
2006-06-23,False,,,30
2006-06-26,False,,,31
2006-06-27,False,,,32
2006-06-28,False,,,33
2006-06-29,False,,,34
2006-06-30,False,,,35
2006-07-03,False,,,36
2006-07-05,False,,,37
2006-07-06,False,,,38
2006-07-07,False,,,39
2006-07-10,False,,,40
2006-07-11,False,,,41
2006-07-12,False,,,42
2006-07-13,False,,,43
2006-07-14,False,,,44
2006-07-17,False,,,45
2006-07-18,False,,,46
2006-07-19,False,,,47
2006-07-20,False,,,48
2006-07-21,False,,,49
2006-07-24,False,,,50
2006-07-25,False,,,51
2006-07-26,False,,,52
2006-07-27,False,,,53
2006-07-28,False,,,54
2006-07-31,False,,,55
2006-08-01,False,,,56
2006-08-02,False,,,57
2006-08-03,False,,,58
2006-08-04,False,,,59
2006-08-07,False,,,60
2006-08-08,False,,,61
2006-08-09,False,,,62
2006-08-10,False,,,63
2006-08-11,False,,,64
2006-08-14,False,,,65
2006-08-15,False,,,66
2006-08-16,False,,,67
2006-08-17,False,,,68
2006-08-18,False,,,69
2006-08-21,False,,,70
2006-08-22,False,,,71
2006-08-23,False,,,72
2006-08-24,False,,,73
2006-08-25,False,,,74
2006-08-28,False,,,75
2006-08-29,False,,,76
2006-08-30,True,2006-07-25,26.0,26
2006-08-31,False,,,27
2006-09-01,False,,,28
2006-09-05,False,,,29
2006-09-06,False,,,30
2006-09-07,False,,,31
2006-09-08,False,,,32
2006-09-11,False,,,33
2006-09-12,False,,,34
2006-09-13,False,,,35
2006-09-14,False,,,36
2006-09-15,False,,,37
2006-09-18,False,,,38
2006-09-19,False,,,39
2006-09-20,False,,,40
2006-09-21,False,,,41
2006-09-22,False,,,42
2006-09-25,False,,,43
2006-09-26,False,,,44
2006-09-27,False,,,45
2006-09-28,False,,,46
2006-09-29,False,,,47
2006-10-02,False,,,48
2006-10-03,False,,,49
2006-10-04,False,,,50
2006-10-05,False,,,51
2006-10-06,False,,,52
2006-10-09,False,,,53
2006-10-10,False,,,54
2006-10-11,False,,,55
2006-10-12,False,,,56
2006-10-13,False,,,57
2006-10-16,False,,,58
2006-10-17,False,,,59
2006-10-18,False,,,60
2006-10-19,False,,,61
2006-10-20,False,,,62
2006-10-23,False,,,63
2006-10-24,False,,,64
2006-10-25,False,,,65
2006-10-26,False,,,66
2006-10-27,False,,,67
2006-10-30,False,,,68
2006-10-31,False,,,69
2006-11-01,False,,,70
2006-11-02,False,,,71
2006-11-03,False,,,72
2006-11-06,False,,,73
2006-11-07,False,,,74
2006-11-08,False,,,75
2006-11-09,False,,,76
2006-11-10,False,,,77
2006-11-13,False,,,78
2006-11-14,False,,,79
2006-11-15,False,,,80
2006-11-16,False,,,81
2006-11-17,False,,,82
2006-11-20,False,,,83
2006-11-21,False,,,84
2006-11-22,False,,,85
2006-11-24,False,,,86
2006-11-27,False,,,87
2006-11-28,False,,,88
2006-11-29,False,,,89
2006-11-30,False,,,90
2006-12-01,False,,,91
2006-12-04,False,,,92
2006-12-05,False,,,93
2006-12-06,False,,,94
2006-12-07,False,,,95
2006-12-08,False,,,96
2006-12-11,False,,,97
2006-12-12,False,,,98
2006-12-13,False,,,99
2006-12-14,False,,,100
2006-12-15,False,,,101
2006-12-18,False,,,102
2006-12-19,False,,,103
2006-12-20,False,,,104
2006-12-21,False,,,105
2006-12-22,False,,,106
2006-12-26,False,,,107
2006-12-27,False,,,108
2006-12-28,False,,,109
2006-12-29,False,,,110
2007-01-03,False,,,111
2007-01-04,False,,,112
2007-01-05,False,,,113
2007-01-08,False,,,114
2007-01-09,False,,,115
2007-01-10,False,,,116
2007-01-11,False,,,117
2007-01-12,False,,,118
2007-01-16,False,,,119
2007-01-17,False,,,120
2007-01-18,False,,,121
2007-01-19,False,,,122
2007-01-22,False,,,123
2007-01-23,False,,,124
2007-01-24,False,,,125
2007-01-25,False,,,126
2007-01-26,False,,,127
2007-01-29,False,,,128
2007-01-30,False,,,129
2007-01-31,False,,,130
2007-02-01,False,,,131
2007-02-02,False,,,132
2007-02-05,False,,,133
2007-02-06,False,,,134
2007-02-07,False,,,135
2007-02-08,False,,,136
2007-02-09,False,,,137
2007-02-12,False,,,138
2007-02-13,False,,,139
2007-02-14,False,,,140
2007-02-15,False,,,141
2007-02-16,False,,,142
2007-02-20,False,,,143
2007-02-21,False,,,144
2007-02-22,False,,,145
2007-02-23,False,,,146
2007-02-26,False,,,147
2007-02-27,False,,,148
2007-02-28,False,,,149
2007-03-01,False,,,150
2007-03-02,False,,,151
2007-03-05,False,,,152
2007-03-06,False,,,153
2007-03-07,False,,,154
2007-03-08,False,,,155
2007-03-09,False,,,156
2007-03-12,False,,,157
2007-03-13,False,,,158
2007-03-14,False,,,159
2007-03-15,False,,,160
2007-03-16,False,,,161
2007-03-19,False,,,162
2007-03-20,False,,,163
2007-03-21,True,2007-02-22,19.0,19
2007-03-22,False,,,20
2007-03-23,False,,,21
2007-03-26,False,,,22
2007-03-27,False,,,23
2007-03-28,False,,,24
2007-03-29,False,,,25
2007-03-30,False,,,26
2007-04-02,False,,,27
2007-04-03,False,,,28
2007-04-04,False,,,29
2007-04-05,False,,,30
2007-04-09,False,,,31
2007-04-10,False,,,32
2007-04-11,False,,,33
2007-04-12,False,,,34
2007-04-13,False,,,35
2007-04-16,False,,,36
2007-04-17,False,,,37
2007-04-18,False,,,38
2007-04-19,False,,,39
2007-04-20,False,,,40
2007-04-23,False,,,41
2007-04-24,False,,,42
2007-04-25,False,,,43
2007-04-26,False,,,44
2007-04-27,False,,,45
2007-04-30,False,,,46
2007-05-01,False,,,47
2007-05-02,False,,,48
2007-05-03,False,,,49
2007-05-04,False,,,50
2007-05-07,False,,,51
2007-05-08,False,,,52
2007-05-09,False,,,53
2007-05-10,False,,,54
2007-05-11,False,,,55
2007-05-14,False,,,56
2007-05-15,False,,,57
2007-05-16,False,,,58
2007-05-17,False,,,59
2007-05-18,False,,,60
2007-05-21,False,,,61
2007-05-22,False,,,62
2007-05-23,False,,,63
2007-05-24,False,,,64
2007-05-25,False,,,65
2007-05-29,False,,,66
2007-05-30,False,,,67
2007-05-31,False,,,68
2007-06-01,False,,,69
2007-06-04,False,,,70
2007-06-05,False,,,71
2007-06-06,False,,,72
2007-06-07,False,,,73
2007-06-08,False,,,74
2007-06-11,False,,,75
2007-06-12,False,,,76
2007-06-13,False,,,77
2007-06-14,False,,,78
2007-06-15,False,,,79
2007-06-18,False,,,80
2007-06-19,False,,,81
2007-06-20,False,,,82
2007-06-21,False,,,83
2007-06-22,False,,,84
2007-06-25,False,,,85
2007-06-26,False,,,86
2007-06-27,False,,,87
2007-06-28,False,,,88
2007-06-29,False,,,89
2007-07-02,False,,,90
2007-07-03,False,,,91
2007-07-05,False,,,92
2007-07-06,False,,,93
2007-07-09,False,,,94
2007-07-10,False,,,95
2007-07-11,False,,,96
2007-07-12,False,,,97
2007-07-13,False,,,98
2007-07-16,False,,,99
2007-07-17,False,,,100
2007-07-18,False,,,101
2007-07-19,False,,,102
2007-07-20,False,,,103
2007-07-23,False,,,104
2007-07-24,False,,,105
2007-07-25,False,,,106
2007-07-26,False,,,107
2007-07-27,False,,,108
2007-07-30,False,,,109
2007-07-31,False,,,110
2007-08-01,False,,,111
2007-08-02,False,,,112
2007-08-03,False,,,113
2007-08-06,False,,,114
2007-08-07,False,,,115
2007-08-08,False,,,116
2007-08-09,False,,,117
2007-08-10,False,,,118
2007-08-13,False,,,119
2007-08-14,False,,,120
2007-08-15,False,,,121
2007-08-16,False,,,122
2007-08-17,False,,,123
2007-08-20,False,,,124
2007-08-21,False,,,125
2007-08-22,False,,,126
2007-08-23,False,,,127
2007-08-24,False,,,128
2007-08-27,False,,,129
2007-08-28,False,,,130
2007-08-29,False,,,131
2007-08-30,False,,,132
2007-08-31,False,,,133
2007-09-04,False,,,134
2007-09-05,False,,,135
2007-09-06,False,,,136
2007-09-07,False,,,137
2007-09-10,False,,,138
2007-09-11,False,,,139
2007-09-12,False,,,140
2007-09-13,False,,,141
2007-09-14,False,,,142
2007-09-17,False,,,143
2007-09-18,False,,,144
2007-09-19,False,,,145
2007-09-20,False,,,146
2007-09-21,False,,,147
2007-09-24,False,,,148
2007-09-25,False,,,149
2007-09-26,False,,,150
2007-09-27,False,,,151
2007-09-28,False,,,152
2007-10-01,False,,,153
2007-10-02,False,,,154
2007-10-03,False,,,155
2007-10-04,False,,,156
2007-10-05,False,,,157
2007-10-08,False,,,158
2007-10-09,False,,,159
2007-10-10,False,,,160
2007-10-11,False,,,161
2007-10-12,False,,,162
2007-10-15,False,,,163
2007-10-16,False,,,164
2007-10-17,False,,,165
2007-10-18,False,,,166
2007-10-19,False,,,167
2007-10-22,False,,,168
2007-10-23,False,,,169
2007-10-24,False,,,170
2007-10-25,False,,,171
2007-10-26,False,,,172
2007-10-29,False,,,173
2007-10-30,False,,,174
2007-10-31,False,,,175
2007-11-01,False,,,176
2007-11-02,False,,,177
2007-11-05,False,,,178
2007-11-06,False,,,179
2007-11-07,False,,,180
2007-11-08,False,,,181
2007-11-09,False,,,182
2007-11-12,False,,,183
2007-11-13,False,,,184
2007-11-14,False,,,185
2007-11-15,False,,,186
2007-11-16,False,,,187
2007-11-19,False,,,188
2007-11-20,False,,,189
2007-11-21,False,,,190
2007-11-23,False,,,191
2007-11-26,False,,,192
2007-11-27,False,,,193
2007-11-28,False,,,194
2007-11-29,False,,,195
2007-11-30,False,,,196
2007-12-03,False,,,197
2007-12-04,False,,,198
2007-12-05,False,,,199
2007-12-06,False,,,200
2007-12-07,False,,,201
2007-12-10,False,,,202
2007-12-11,False,,,203
2007-12-12,False,,,204
2007-12-13,False,,,205
2007-12-14,False,,,206
2007-12-17,False,,,207
2007-12-18,False,,,208
2007-12-19,False,,,209
2007-12-20,False,,,210
2007-12-21,False,,,211
2007-12-24,False,,,212
2007-12-26,False,,,213
2007-12-27,False,,,214
2007-12-28,False,,,215
2007-12-31,False,,,216
2008-01-02,False,,,217
2008-01-03,False,,,218
2008-01-04,False,,,219
2008-01-07,False,,,220
2008-01-08,False,,,221
2008-01-09,False,,,222
2008-01-10,False,,,223
2008-01-11,False,,,224
2008-01-14,False,,,225
2008-01-15,False,,,226
2008-01-16,False,,,227
2008-01-17,False,,,228
2008-01-18,False,,,229
2008-01-22,False,,,230
2008-01-23,False,,,231
2008-01-24,False,,,232
2008-01-25,False,,,233
2008-01-28,False,,,234
2008-01-29,False,,,235
2008-01-30,False,,,236
2008-01-31,False,,,237
2008-02-01,False,,,238
2008-02-04,False,,,239
2008-02-05,False,,,240
2008-02-06,False,,,241
2008-02-07,False,,,242
2008-02-08,False,,,243
2008-02-11,False,,,244
2008-02-12,False,,,245
2008-02-13,False,,,246
2008-02-14,False,,,247
2008-02-15,False,,,248
2008-02-19,False,,,249
2008-02-20,False,,,250
2008-02-21,False,,,251
2008-02-22,False,,,252
2008-02-25,False,,,253
2008-02-26,False,,,254
2008-02-27,False,,,255
2008-02-28,False,,,256
2008-02-29,False,,,257
2008-03-03,False,,,258
2008-03-04,False,,,259
2008-03-05,False,,,260
2008-03-06,False,,,261
2008-03-07,False,,,262
2008-03-10,False,,,263
2008-03-11,False,,,264
2008-03-12,False,,,265
2008-03-13,False,,,266
2008-03-14,False,,,267
2008-03-17,False,,,268
2008-03-18,False,,,269
2008-03-19,False,,,270
2008-03-20,False,,,271
2008-03-24,False,,,272
2008-03-25,False,,,273
2008-03-26,False,,,274
2008-03-27,False,,,275
2008-03-28,False,,,276
2008-03-31,False,,,277
2008-04-01,False,,,278
2008-04-02,False,,,279
2008-04-03,False,,,280
2008-04-04,False,,,281
2008-04-07,False,,,282
2008-04-08,False,,,283
2008-04-09,False,,,284
2008-04-10,False,,,285
2008-04-11,False,,,286
2008-04-14,False,,,287
2008-04-15,False,,,288
2008-04-16,False,,,289
2008-04-17,False,,,290
2008-04-18,False,,,291
2008-04-21,False,,,292
2008-04-22,False,,,293
2008-04-23,False,,,294
2008-04-24,False,,,295
2008-04-25,False,,,296
2008-04-28,False,,,297
2008-04-29,False,,,298
2008-04-30,False,,,299
2008-05-01,False,,,300
2008-05-02,False,,,301
2008-05-05,False,,,302
2008-05-06,False,,,303
2008-05-07,False,,,304
2008-05-08,False,,,305
2008-05-09,False,,,306
2008-05-12,False,,,307
2008-05-13,False,,,308
2008-05-14,False,,,309
2008-05-15,False,,,310
2008-05-16,False,,,311
2008-05-19,False,,,312
2008-05-20,False,,,313
2008-05-21,False,,,314
2008-05-22,False,,,315
2008-05-23,False,,,316
2008-05-27,False,,,317
2008-05-28,False,,,318
2008-05-29,False,,,319
2008-05-30,False,,,320
2008-06-02,False,,,321
2008-06-03,False,,,322
2008-06-04,False,,,323
2008-06-05,False,,,324
2008-06-06,False,,,325
2008-06-09,False,,,326
2008-06-10,False,,,327
2008-06-11,False,,,328
2008-06-12,False,,,329
2008-06-13,False,,,330
2008-06-16,False,,,331
2008-06-17,False,,,332
2008-06-18,False,,,333
2008-06-19,False,,,334
2008-06-20,False,,,335
2008-06-23,False,,,336
2008-06-24,False,,,337
2008-06-25,False,,,338
2008-06-26,False,,,339
2008-06-27,False,,,340
2008-06-30,False,,,341
2008-07-01,False,,,342
2008-07-02,False,,,343
2008-07-03,False,,,344
2008-07-07,False,,,345
2008-07-08,False,,,346
2008-07-09,False,,,347
2008-07-10,False,,,348
2008-07-11,False,,,349
2008-07-14,False,,,350
2008-07-15,False,,,351
2008-07-16,False,,,352
2008-07-17,False,,,353
2008-07-18,False,,,354
2008-07-21,False,,,355
2008-07-22,False,,,356
2008-07-23,False,,,357
2008-07-24,False,,,358
2008-07-25,False,,,359
2008-07-28,False,,,360
2008-07-29,False,,,361
2008-07-30,False,,,362
2008-07-31,False,,,363
2008-08-01,False,,,364
2008-08-04,False,,,365
2008-08-05,False,,,366
2008-08-06,False,,,367
2008-08-07,False,,,368
2008-08-08,False,,,369
2008-08-11,False,,,370
2008-08-12,False,,,371
2008-08-13,False,,,372
2008-08-14,False,,,373
2008-08-15,False,,,374
2008-08-18,False,,,375
2008-08-19,False,,,376
2008-08-20,False,,,377
2008-08-21,False,,,378
2008-08-22,False,,,379
2008-08-25,False,,,380
2008-08-26,False,,,381
2008-08-27,False,,,382
2008-08-28,False,,,383
2008-08-29,False,,,384
2008-09-02,False,,,385
2008-09-03,False,,,386
2008-09-04,False,,,387
2008-09-05,False,,,388
2008-09-08,False,,,389
2008-09-09,False,,,390
2008-09-10,False,,,391
2008-09-11,False,,,392
2008-09-12,False,,,393
2008-09-15,False,,,394
2008-09-16,False,,,395
2008-09-17,False,,,396
2008-09-18,False,,,397
2008-09-19,False,,,398
2008-09-22,False,,,399
2008-09-23,False,,,400
2008-09-24,False,,,401
2008-09-25,False,,,402
2008-09-26,False,,,403
2008-09-29,False,,,404
2008-09-30,False,,,405
2008-10-01,False,,,406
2008-10-02,False,,,407
2008-10-03,False,,,408
2008-10-06,False,,,409
2008-10-07,False,,,410
2008-10-08,False,,,411
2008-10-09,False,,,412
2008-10-10,False,,,413
2008-10-13,False,,,414
2008-10-14,False,,,415
2008-10-15,False,,,416
2008-10-16,False,,,417
2008-10-17,False,,,418
2008-10-20,False,,,419
2008-10-21,False,,,420
2008-10-22,False,,,421
2008-10-23,False,,,422
2008-10-24,False,,,423
2008-10-27,False,,,424
2008-10-28,False,,,425
2008-10-29,False,,,426
2008-10-30,False,,,427
2008-10-31,False,,,428
2008-11-03,False,,,429
2008-11-04,False,,,430
2008-11-05,True,2008-09-15,37.0,37
2008-11-06,False,,,38
2008-11-07,False,,,39
2008-11-10,False,,,40
2008-11-11,False,,,41
2008-11-12,False,,,42
2008-11-13,False,,,43
2008-11-14,False,,,44
2008-11-17,False,,,45
2008-11-18,False,,,46
2008-11-19,False,,,47
2008-11-20,False,,,48
2008-11-21,False,,,49
2008-11-24,False,,,50
2008-11-25,False,,,51
2008-11-26,False,,,52
2008-11-28,False,,,53
2008-12-01,False,,,54
2008-12-02,False,,,55
2008-12-03,False,,,56
2008-12-04,False,,,57
2008-12-05,False,,,58
2008-12-08,False,,,59
2008-12-09,False,,,60
2008-12-10,False,,,61
2008-12-11,False,,,62
2008-12-12,False,,,63
2008-12-15,False,,,64
2008-12-16,False,,,65
2008-12-17,False,,,66
2008-12-18,False,,,67
2008-12-19,False,,,68
2008-12-22,False,,,69
2008-12-23,False,,,70
2008-12-24,False,,,71
2008-12-26,False,,,72
2008-12-29,False,,,73
2008-12-30,False,,,74
2008-12-31,False,,,75
2009-01-02,False,,,76
2009-01-05,True,2008-12-03,21.0,21
2009-01-06,False,,,22
2009-01-07,False,,,23
2009-01-08,False,,,24
2009-01-09,False,,,25
2009-01-12,False,,,26
2009-01-13,False,,,27
2009-01-14,False,,,28
2009-01-15,False,,,29
2009-01-16,False,,,30
2009-01-20,False,,,31
2009-01-21,False,,,32
2009-01-22,False,,,33
2009-01-23,False,,,34
2009-01-26,False,,,35
2009-01-27,False,,,36
2009-01-28,False,,,37
2009-01-29,False,,,38
2009-01-30,False,,,39
2009-02-02,False,,,40
2009-02-03,False,,,41
2009-02-04,False,,,42
2009-02-05,False,,,43
2009-02-06,False,,,44
2009-02-09,False,,,45
2009-02-10,False,,,46
2009-02-11,False,,,47
2009-02-12,False,,,48
2009-02-13,False,,,49
2009-02-17,False,,,50
2009-02-18,False,,,51
2009-02-19,False,,,52
2009-02-20,False,,,53
2009-02-23,False,,,54
2009-02-24,False,,,55
2009-02-25,False,,,56
2009-02-26,False,,,57
2009-02-27,False,,,58
2009-03-02,False,,,59
2009-03-03,False,,,60
2009-03-04,False,,,61
2009-03-05,False,,,62
2009-03-06,False,,,63
2009-03-09,False,,,64
2009-03-10,False,,,65
2009-03-11,False,,,66
2009-03-12,False,,,67
2009-03-13,False,,,68
2009-03-16,False,,,69
2009-03-17,False,,,70
2009-03-18,False,,,71
2009-03-19,False,,,72
2009-03-20,False,,,73
2009-03-23,False,,,74
2009-03-24,False,,,75
2009-03-25,False,,,76
2009-03-26,False,,,77
2009-03-27,False,,,78
2009-03-30,False,,,79
2009-03-31,False,,,80
2009-04-01,False,,,81
2009-04-02,False,,,82
2009-04-03,False,,,83
2009-04-06,False,,,84
2009-04-07,False,,,85
2009-04-08,False,,,86
2009-04-09,False,,,87
2009-04-13,False,,,88
2009-04-14,False,,,89
2009-04-15,False,,,90
2009-04-16,False,,,91
2009-04-17,False,,,92
2009-04-20,False,,,93
2009-04-21,False,,,94
2009-04-22,False,,,95
2009-04-23,False,,,96
2009-04-24,False,,,97
2009-04-27,False,,,98
2009-04-28,False,,,99
2009-04-29,False,,,100
2009-04-30,False,,,101
2009-05-01,False,,,102
2009-05-04,False,,,103
2009-05-05,False,,,104
2009-05-06,False,,,105
2009-05-07,False,,,106
2009-05-08,False,,,107
2009-05-11,False,,,108
2009-05-12,False,,,109
2009-05-13,False,,,110
2009-05-14,False,,,111
2009-05-15,False,,,112
2009-05-18,False,,,113
2009-05-19,False,,,114
2009-05-20,False,,,115
2009-05-21,False,,,116
2009-05-22,False,,,117
2009-05-26,False,,,118
2009-05-27,False,,,119
2009-05-28,False,,,120
2009-05-29,False,,,121
2009-06-01,False,,,122
2009-06-02,False,,,123
2009-06-03,False,,,124
2009-06-04,False,,,125
2009-06-05,False,,,126
2009-06-08,False,,,127
2009-06-09,False,,,128
2009-06-10,False,,,129
2009-06-11,False,,,130
2009-06-12,False,,,131
2009-06-15,False,,,132
2009-06-16,False,,,133
2009-06-17,False,,,134
2009-06-18,False,,,135
2009-06-19,False,,,136
2009-06-22,False,,,137
2009-06-23,False,,,138
2009-06-24,False,,,139
2009-06-25,False,,,140
2009-06-26,False,,,141
2009-06-29,False,,,142
2009-06-30,False,,,143
2009-07-01,False,,,144
2009-07-02,False,,,145
2009-07-06,False,,,146
2009-07-07,False,,,147
2009-07-08,False,,,148
2009-07-09,False,,,149
2009-07-10,False,,,150
2009-07-13,False,,,151
2009-07-14,False,,,152
2009-07-15,False,,,153
2009-07-16,False,,,154
2009-07-17,False,,,155
2009-07-20,False,,,156
2009-07-21,False,,,157
2009-07-22,False,,,158
2009-07-23,False,,,159
2009-07-24,False,,,160
2009-07-27,False,,,161
2009-07-28,False,,,162
2009-07-29,False,,,163
2009-07-30,False,,,164
2009-07-31,False,,,165
2009-08-03,False,,,166
2009-08-04,False,,,167
2009-08-05,False,,,168
2009-08-06,False,,,169
2009-08-07,False,,,170
2009-08-10,False,,,171
2009-08-11,False,,,172
2009-08-12,False,,,173
2009-08-13,False,,,174
2009-08-14,False,,,175
2009-08-17,False,,,176
2009-08-18,False,,,177
2009-08-19,False,,,178
2009-08-20,False,,,179
2009-08-21,False,,,180
2009-08-24,False,,,181
2009-08-25,False,,,182
2009-08-26,False,,,183
2009-08-27,False,,,184
2009-08-28,False,,,185
2009-08-31,False,,,186
2009-09-01,False,,,187
2009-09-02,False,,,188
2009-09-03,False,,,189
2009-09-04,False,,,190
2009-09-08,False,,,191
2009-09-09,False,,,192
2009-09-10,False,,,193
2009-09-11,False,,,194
2009-09-14,False,,,195
2009-09-15,False,,,196
2009-09-16,False,,,197
2009-09-17,False,,,198
2009-09-18,False,,,199
2009-09-21,False,,,200
2009-09-22,False,,,201
2009-09-23,False,,,202
2009-09-24,False,,,203
2009-09-25,False,,,204
2009-09-28,False,,,205
2009-09-29,False,,,206
2009-09-30,False,,,207
2009-10-01,False,,,208
2009-10-02,False,,,209
2009-10-05,False,,,210
2009-10-06,False,,,211
2009-10-07,False,,,212
2009-10-08,False,,,213
2009-10-09,False,,,214
2009-10-12,False,,,215
2009-10-13,False,,,216
2009-10-14,False,,,217
2009-10-15,False,,,218
2009-10-16,False,,,219
2009-10-19,False,,,220
2009-10-20,False,,,221
2009-10-21,False,,,222
2009-10-22,False,,,223
2009-10-23,False,,,224
2009-10-26,False,,,225
2009-10-27,False,,,226
2009-10-28,False,,,227
2009-10-29,False,,,228
2009-10-30,False,,,229
2009-11-02,False,,,230
2009-11-03,False,,,231
2009-11-04,False,,,232
2009-11-05,False,,,233
2009-11-06,False,,,234
2009-11-09,False,,,235
2009-11-10,False,,,236
2009-11-11,False,,,237
2009-11-12,False,,,238
2009-11-13,False,,,239
2009-11-16,False,,,240
2009-11-17,False,,,241
2009-11-18,False,,,242
2009-11-19,False,,,243
2009-11-20,False,,,244
2009-11-23,False,,,245
2009-11-24,False,,,246
2009-11-25,False,,,247
2009-11-27,False,,,248
2009-11-30,False,,,249
2009-12-01,False,,,250
2009-12-02,False,,,251
2009-12-03,False,,,252
2009-12-04,False,,,253
2009-12-07,False,,,254
2009-12-08,False,,,255
2009-12-09,False,,,256
2009-12-10,False,,,257
2009-12-11,False,,,258
2009-12-14,False,,,259
2009-12-15,False,,,260
2009-12-16,False,,,261
2009-12-17,False,,,262
2009-12-18,False,,,263
2009-12-21,False,,,264
2009-12-22,False,,,265
2009-12-23,False,,,266
2009-12-24,False,,,267
2009-12-28,False,,,268
2009-12-29,False,,,269
2009-12-30,False,,,270
2009-12-31,False,,,271
2010-01-04,False,,,272
2010-01-05,False,,,273
2010-01-06,False,,,274
2010-01-07,False,,,275
2010-01-08,False,,,276
2010-01-11,False,,,277
2010-01-12,False,,,278
2010-01-13,False,,,279
2010-01-14,False,,,280
2010-01-15,False,,,281
2010-01-19,False,,,282
2010-01-20,False,,,283
2010-01-21,False,,,284
2010-01-22,False,,,285
2010-01-25,False,,,286
2010-01-26,False,,,287
2010-01-27,False,,,288
2010-01-28,False,,,289
2010-01-29,False,,,290
2010-02-01,False,,,291
2010-02-02,False,,,292
2010-02-03,False,,,293
2010-02-04,False,,,294
2010-02-05,False,,,295
2010-02-08,False,,,296
2010-02-09,False,,,297
2010-02-10,False,,,298
2010-02-11,False,,,299
2010-02-12,False,,,300
2010-02-16,False,,,301
2010-02-17,False,,,302
2010-02-18,False,,,303
2010-02-19,False,,,304
2010-02-22,False,,,305
2010-02-23,False,,,306
2010-02-24,False,,,307
2010-02-25,False,,,308
2010-02-26,False,,,309
2010-03-01,False,,,310
2010-03-02,False,,,311
2010-03-03,False,,,312
2010-03-04,False,,,313
2010-03-05,False,,,314
2010-03-08,False,,,315
2010-03-09,False,,,316
2010-03-10,False,,,317
2010-03-11,False,,,318
2010-03-12,False,,,319
2010-03-15,False,,,320
2010-03-16,False,,,321
2010-03-17,False,,,322
2010-03-18,False,,,323
2010-03-19,False,,,324
2010-03-22,False,,,325
2010-03-23,False,,,326
2010-03-24,False,,,327
2010-03-25,False,,,328
2010-03-26,False,,,329
2010-03-29,False,,,330
2010-03-30,False,,,331
2010-03-31,False,,,332
2010-04-01,False,,,333
2010-04-05,False,,,334
2010-04-06,False,,,335
2010-04-07,False,,,336
2010-04-08,False,,,337
2010-04-09,False,,,338
2010-04-12,False,,,339
2010-04-13,False,,,340
2010-04-14,False,,,341
2010-04-15,False,,,342
2010-04-16,False,,,343
2010-04-19,False,,,344
2010-04-20,False,,,345
2010-04-21,False,,,346
2010-04-22,False,,,347
2010-04-23,False,,,348
2010-04-26,False,,,349
2010-04-27,False,,,350
2010-04-28,False,,,351
2010-04-29,False,,,352
2010-04-30,False,,,353
2010-05-03,False,,,354
2010-05-04,False,,,355
2010-05-05,False,,,356
2010-05-06,False,,,357
2010-05-07,True,2010-04-12,19.0,19
2010-05-10,False,,,20
2010-05-11,False,,,21
2010-05-12,False,,,22
2010-05-13,False,,,23
2010-05-14,False,,,24
2010-05-17,False,,,25
2010-05-18,False,,,26
2010-05-19,False,,,27
2010-05-20,False,,,28
2010-05-21,False,,,29
2010-05-24,False,,,30
2010-05-25,False,,,31
2010-05-26,False,,,32
2010-05-27,False,,,33
2010-05-28,False,,,34
2010-06-01,False,,,35
2010-06-02,False,,,36
2010-06-03,False,,,37
2010-06-04,False,,,38
2010-06-07,False,,,39
2010-06-08,False,,,40
2010-06-09,False,,,41
2010-06-10,False,,,42
2010-06-11,False,,,43
2010-06-14,False,,,44
2010-06-15,False,,,45
2010-06-16,False,,,46
2010-06-17,False,,,47
2010-06-18,False,,,48
2010-06-21,False,,,49
2010-06-22,False,,,50
2010-06-23,False,,,51
2010-06-24,False,,,52
2010-06-25,False,,,53
2010-06-28,False,,,54
2010-06-29,False,,,55
2010-06-30,False,,,56
2010-07-01,False,,,57
2010-07-02,False,,,58
2010-07-06,False,,,59
2010-07-07,False,,,60
2010-07-08,False,,,61
2010-07-09,False,,,62
2010-07-12,False,,,63
2010-07-13,False,,,64
2010-07-14,False,,,65
2010-07-15,False,,,66
2010-07-16,False,,,67
2010-07-19,False,,,68
2010-07-20,False,,,69
2010-07-21,False,,,70
2010-07-22,False,,,71
2010-07-23,False,,,72
2010-07-26,False,,,73
2010-07-27,False,,,74
2010-07-28,False,,,75
2010-07-29,False,,,76
2010-07-30,False,,,77
2010-08-02,True,2010-06-07,39.0,39
2010-08-03,False,,,40
2010-08-04,False,,,41
2010-08-05,False,,,42
2010-08-06,False,,,43
2010-08-09,False,,,44
2010-08-10,False,,,45
2010-08-11,False,,,46
2010-08-12,False,,,47
2010-08-13,False,,,48
2010-08-16,False,,,49
2010-08-17,False,,,50
2010-08-18,False,,,51
2010-08-19,False,,,52
2010-08-20,False,,,53
2010-08-23,False,,,54
2010-08-24,False,,,55
2010-08-25,False,,,56
2010-08-26,False,,,57
2010-08-27,False,,,58
2010-08-30,False,,,59
2010-08-31,False,,,60
2010-09-01,False,,,61
2010-09-02,False,,,62
2010-09-03,False,,,63
2010-09-07,False,,,64
2010-09-08,False,,,65
2010-09-09,False,,,66
2010-09-10,False,,,67
2010-09-13,False,,,68
2010-09-14,False,,,69
2010-09-15,False,,,70
2010-09-16,False,,,71
2010-09-17,False,,,72
2010-09-20,False,,,73
2010-09-21,False,,,74
2010-09-22,False,,,75
2010-09-23,False,,,76
2010-09-24,False,,,77
2010-09-27,False,,,78
2010-09-28,False,,,79
2010-09-29,False,,,80
2010-09-30,False,,,81
2010-10-01,False,,,82
2010-10-04,False,,,83
2010-10-05,False,,,84
2010-10-06,False,,,85
2010-10-07,False,,,86
2010-10-08,False,,,87
2010-10-11,False,,,88
2010-10-12,False,,,89
2010-10-13,False,,,90
2010-10-14,False,,,91
2010-10-15,False,,,92
2010-10-18,False,,,93
2010-10-19,False,,,94
2010-10-20,False,,,95
2010-10-21,False,,,96
2010-10-22,False,,,97
2010-10-25,False,,,98
2010-10-26,False,,,99
2010-10-27,False,,,100
2010-10-28,False,,,101
2010-10-29,False,,,102
2010-11-01,False,,,103
2010-11-02,False,,,104
2010-11-03,False,,,105
2010-11-04,False,,,106
2010-11-05,False,,,107
2010-11-08,False,,,108
2010-11-09,False,,,109
2010-11-10,False,,,110
2010-11-11,False,,,111
2010-11-12,False,,,112
2010-11-15,False,,,113
2010-11-16,False,,,114
2010-11-17,False,,,115
2010-11-18,False,,,116
2010-11-19,False,,,117
2010-11-22,False,,,118
2010-11-23,False,,,119
2010-11-24,False,,,120
2010-11-26,False,,,121
2010-11-29,False,,,122
2010-11-30,False,,,123
2010-12-01,False,,,124
2010-12-02,False,,,125
2010-12-03,False,,,126
2010-12-06,False,,,127
2010-12-07,False,,,128
2010-12-08,False,,,129
2010-12-09,False,,,130
2010-12-10,False,,,131
2010-12-13,False,,,132
2010-12-14,False,,,133
2010-12-15,False,,,134
2010-12-16,False,,,135
2010-12-17,False,,,136
2010-12-20,False,,,137
2010-12-21,False,,,138
2010-12-22,False,,,139
2010-12-23,False,,,140
2010-12-27,False,,,141
2010-12-28,False,,,142
2010-12-29,False,,,143
2010-12-30,False,,,144
2010-12-31,False,,,145
2011-01-03,False,,,146
2011-01-04,False,,,147
2011-01-05,False,,,148
2011-01-06,False,,,149
2011-01-07,False,,,150
2011-01-10,False,,,151
2011-01-11,False,,,152
2011-01-12,False,,,153
2011-01-13,False,,,154
2011-01-14,False,,,155
2011-01-18,False,,,156
2011-01-19,False,,,157
2011-01-20,False,,,158
2011-01-21,False,,,159
2011-01-24,False,,,160
2011-01-25,False,,,161
2011-01-26,False,,,162
2011-01-27,False,,,163
2011-01-28,False,,,164
2011-01-31,False,,,165
2011-02-01,False,,,166
2011-02-02,False,,,167
2011-02-03,False,,,168
2011-02-04,False,,,169
2011-02-07,False,,,170
2011-02-08,False,,,171
2011-02-09,False,,,172
2011-02-10,False,,,173
2011-02-11,False,,,174
2011-02-14,False,,,175
2011-02-15,False,,,176
2011-02-16,False,,,177
2011-02-17,False,,,178
2011-02-18,False,,,179
2011-02-22,False,,,180
2011-02-23,False,,,181
2011-02-24,False,,,182
2011-02-25,False,,,183
2011-02-28,False,,,184
2011-03-01,False,,,185
2011-03-02,False,,,186
2011-03-03,False,,,187
2011-03-04,False,,,188
2011-03-07,False,,,189
2011-03-08,False,,,190
2011-03-09,False,,,191
2011-03-10,False,,,192
2011-03-11,False,,,193
2011-03-14,False,,,194
2011-03-15,False,,,195
2011-03-16,False,,,196
2011-03-17,False,,,197
2011-03-18,True,2011-02-18,19.0,19
2011-03-21,False,,,20
2011-03-22,False,,,21
2011-03-23,False,,,22
2011-03-24,False,,,23
2011-03-25,False,,,24
2011-03-28,False,,,25
2011-03-29,False,,,26
2011-03-30,False,,,27
2011-03-31,False,,,28
2011-04-01,False,,,29
2011-04-04,False,,,30
2011-04-05,False,,,31
2011-04-06,False,,,32
2011-04-07,False,,,33
2011-04-08,False,,,34
2011-04-11,False,,,35
2011-04-12,False,,,36
2011-04-13,False,,,37
2011-04-14,False,,,38
2011-04-15,False,,,39
2011-04-18,False,,,40
2011-04-19,False,,,41
2011-04-20,False,,,42
2011-04-21,False,,,43
2011-04-25,False,,,44
2011-04-26,False,,,45
2011-04-27,False,,,46
2011-04-28,False,,,47
2011-04-29,False,,,48
2011-05-02,False,,,49
2011-05-03,False,,,50
2011-05-04,False,,,51
2011-05-05,False,,,52
2011-05-06,False,,,53
2011-05-09,False,,,54
2011-05-10,False,,,55
2011-05-11,False,,,56
2011-05-12,False,,,57
2011-05-13,False,,,58
2011-05-16,False,,,59
2011-05-17,False,,,60
2011-05-18,False,,,61
2011-05-19,False,,,62
2011-05-20,False,,,63
2011-05-23,False,,,64
2011-05-24,False,,,65
2011-05-25,False,,,66
2011-05-26,False,,,67
2011-05-27,False,,,68
2011-05-31,False,,,69
2011-06-01,False,,,70
2011-06-02,False,,,71
2011-06-03,False,,,72
2011-06-06,False,,,73
2011-06-07,False,,,74
2011-06-08,False,,,75
2011-06-09,False,,,76
2011-06-10,False,,,77
2011-06-13,False,,,78
2011-06-14,False,,,79
2011-06-15,False,,,80
2011-06-16,False,,,81
2011-06-17,False,,,82
2011-06-20,False,,,83
2011-06-21,False,,,84
2011-06-22,False,,,85
2011-06-23,False,,,86
2011-06-24,False,,,87
2011-06-27,False,,,88
2011-06-28,False,,,89
2011-06-29,False,,,90
2011-06-30,False,,,91
2011-07-01,False,,,92
2011-07-05,False,,,93
2011-07-06,False,,,94
2011-07-07,False,,,95
2011-07-08,False,,,96
2011-07-11,False,,,97
2011-07-12,False,,,98
2011-07-13,False,,,99
2011-07-14,False,,,100
2011-07-15,False,,,101
2011-07-18,False,,,102
2011-07-19,False,,,103
2011-07-20,False,,,104
2011-07-21,False,,,105
2011-07-22,False,,,106
2011-07-25,False,,,107
2011-07-26,False,,,108
2011-07-27,False,,,109
2011-07-28,False,,,110
2011-07-29,False,,,111
2011-08-01,False,,,112
2011-08-02,False,,,113
2011-08-03,False,,,114
2011-08-04,False,,,115
2011-08-05,False,,,116
2011-08-08,False,,,117
2011-08-09,False,,,118
2011-08-10,False,,,119
2011-08-11,False,,,120
2011-08-12,False,,,121
2011-08-15,False,,,122
2011-08-16,False,,,123
2011-08-17,False,,,124
2011-08-18,False,,,125
2011-08-19,False,,,126
2011-08-22,False,,,127
2011-08-23,False,,,128
2011-08-24,False,,,129
2011-08-25,False,,,130
2011-08-26,False,,,131
2011-08-29,False,,,132
2011-08-30,False,,,133
2011-08-31,False,,,134
2011-09-01,False,,,135
2011-09-02,False,,,136
2011-09-06,False,,,137
2011-09-07,False,,,138
2011-09-08,False,,,139
2011-09-09,False,,,140
2011-09-12,False,,,141
2011-09-13,False,,,142
2011-09-14,False,,,143
2011-09-15,False,,,144
2011-09-16,False,,,145
2011-09-19,False,,,146
2011-09-20,False,,,147
2011-09-21,False,,,148
2011-09-22,False,,,149
2011-09-23,False,,,150
2011-09-26,False,,,151
2011-09-27,False,,,152
2011-09-28,False,,,153
2011-09-29,False,,,154
2011-09-30,False,,,155
2011-10-03,False,,,156
2011-10-04,False,,,157
2011-10-05,False,,,158
2011-10-06,False,,,159
2011-10-07,False,,,160
2011-10-10,False,,,161
2011-10-11,False,,,162
2011-10-12,False,,,163
2011-10-13,False,,,164
2011-10-14,False,,,165
2011-10-17,False,,,166
2011-10-18,False,,,167
2011-10-19,False,,,168
2011-10-20,False,,,169
2011-10-21,False,,,170
2011-10-24,False,,,171
2011-10-25,False,,,172
2011-10-26,False,,,173
2011-10-27,False,,,174
2011-10-28,False,,,175
2011-10-31,False,,,176
2011-11-01,False,,,177
2011-11-02,False,,,178
2011-11-03,False,,,179
2011-11-04,False,,,180
2011-11-07,False,,,181
2011-11-08,False,,,182
2011-11-09,False,,,183
2011-11-10,False,,,184
2011-11-11,False,,,185
2011-11-14,False,,,186
2011-11-15,False,,,187
2011-11-16,False,,,188
2011-11-17,False,,,189
2011-11-18,False,,,190
2011-11-21,False,,,191
2011-11-22,False,,,192
2011-11-23,False,,,193
2011-11-25,False,,,194
2011-11-28,False,,,195
2011-11-29,False,,,196
2011-11-30,False,,,197
2011-12-01,False,,,198
2011-12-02,False,,,199
2011-12-05,False,,,200
2011-12-06,False,,,201
2011-12-07,False,,,202
2011-12-08,False,,,203
2011-12-09,False,,,204
2011-12-12,False,,,205
2011-12-13,False,,,206
2011-12-14,False,,,207
2011-12-15,False,,,208
2011-12-16,False,,,209
2011-12-19,False,,,210
2011-12-20,False,,,211
2011-12-21,False,,,212
2011-12-22,False,,,213
2011-12-23,False,,,214
2011-12-27,False,,,215
2011-12-28,False,,,216
2011-12-29,False,,,217
2011-12-30,False,,,218
2012-01-03,False,,,219
2012-01-04,False,,,220
2012-01-05,False,,,221
2012-01-06,False,,,222
2012-01-09,False,,,223
2012-01-10,False,,,224
2012-01-11,False,,,225
2012-01-12,False,,,226
2012-01-13,False,,,227
2012-01-17,False,,,228
2012-01-18,False,,,229
2012-01-19,False,,,230
2012-01-20,False,,,231
2012-01-23,False,,,232
2012-01-24,False,,,233
2012-01-25,False,,,234
2012-01-26,False,,,235
2012-01-27,False,,,236
2012-01-30,False,,,237
2012-01-31,False,,,238
2012-02-01,False,,,239
2012-02-02,False,,,240
2012-02-03,True,2011-12-01,43.0,43
2012-02-06,False,,,44
2012-02-07,False,,,45
2012-02-08,False,,,46
2012-02-09,False,,,47
2012-02-10,False,,,48
2012-02-13,False,,,49
2012-02-14,False,,,50
2012-02-15,False,,,51
2012-02-16,False,,,52
2012-02-17,False,,,53
2012-02-21,False,,,54
2012-02-22,False,,,55
2012-02-23,False,,,56
2012-02-24,False,,,57
2012-02-27,False,,,58
2012-02-28,False,,,59
2012-02-29,False,,,60
2012-03-01,False,,,61
2012-03-02,False,,,62
2012-03-05,False,,,63
2012-03-06,False,,,64
2012-03-07,False,,,65
2012-03-08,False,,,66
2012-03-09,False,,,67
2012-03-12,False,,,68
2012-03-13,False,,,69
2012-03-14,False,,,70
2012-03-15,False,,,71
2012-03-16,False,,,72
2012-03-19,False,,,73
2012-03-20,False,,,74
2012-03-21,False,,,75
2012-03-22,False,,,76
2012-03-23,False,,,77
2012-03-26,False,,,78
2012-03-27,False,,,79
2012-03-28,False,,,80
2012-03-29,False,,,81
2012-03-30,False,,,82
2012-04-02,False,,,83
2012-04-03,False,,,84
2012-04-04,False,,,85
2012-04-05,False,,,86
2012-04-09,False,,,87
2012-04-10,False,,,88
2012-04-11,False,,,89
2012-04-12,False,,,90
2012-04-13,False,,,91
2012-04-16,False,,,92
2012-04-17,False,,,93
2012-04-18,False,,,94
2012-04-19,False,,,95
2012-04-20,False,,,96
2012-04-23,False,,,97
2012-04-24,False,,,98
2012-04-25,False,,,99
2012-04-26,False,,,100
2012-04-27,False,,,101
2012-04-30,False,,,102
2012-05-01,False,,,103
2012-05-02,False,,,104
2012-05-03,False,,,105
2012-05-04,False,,,106
2012-05-07,False,,,107
2012-05-08,False,,,108
2012-05-09,False,,,109
2012-05-10,False,,,110
2012-05-11,False,,,111
2012-05-14,False,,,112
2012-05-15,False,,,113
2012-05-16,False,,,114
2012-05-17,False,,,115
2012-05-18,False,,,116
2012-05-21,False,,,117
2012-05-22,False,,,118
2012-05-23,False,,,119
2012-05-24,False,,,120
2012-05-25,False,,,121
2012-05-29,False,,,122
2012-05-30,False,,,123
2012-05-31,False,,,124
2012-06-01,False,,,125
2012-06-04,False,,,126
2012-06-05,False,,,127
2012-06-06,False,,,128
2012-06-07,False,,,129
2012-06-08,False,,,130
2012-06-11,False,,,131
2012-06-12,False,,,132
2012-06-13,False,,,133
2012-06-14,False,,,134
2012-06-15,False,,,135
2012-06-18,False,,,136
2012-06-19,False,,,137
2012-06-20,False,,,138
2012-06-21,False,,,139
2012-06-22,False,,,140
2012-06-25,False,,,141
2012-06-26,False,,,142
2012-06-27,False,,,143
2012-06-28,False,,,144
2012-06-29,False,,,145
2012-07-02,False,,,146
2012-07-03,False,,,147
2012-07-05,False,,,148
2012-07-06,False,,,149
2012-07-09,False,,,150
2012-07-10,False,,,151
2012-07-11,False,,,152
2012-07-12,False,,,153
2012-07-13,False,,,154
2012-07-16,False,,,155
2012-07-17,False,,,156
2012-07-18,False,,,157
2012-07-19,False,,,158
2012-07-20,False,,,159
2012-07-23,False,,,160
2012-07-24,False,,,161
2012-07-25,False,,,162
2012-07-26,False,,,163
2012-07-27,False,,,164
2012-07-30,False,,,165
2012-07-31,False,,,166
2012-08-01,False,,,167
2012-08-02,False,,,168
2012-08-03,False,,,169
2012-08-06,False,,,170
2012-08-07,False,,,171
2012-08-08,False,,,172
2012-08-09,False,,,173
2012-08-10,False,,,174
2012-08-13,False,,,175
2012-08-14,False,,,176
2012-08-15,False,,,177
2012-08-16,False,,,178
2012-08-17,False,,,179
2012-08-20,False,,,180
2012-08-21,False,,,181
2012-08-22,False,,,182
2012-08-23,False,,,183
2012-08-24,False,,,184
2012-08-27,False,,,185
2012-08-28,False,,,186
2012-08-29,False,,,187
2012-08-30,False,,,188
2012-08-31,False,,,189
2012-09-04,False,,,190
2012-09-05,False,,,191
2012-09-06,False,,,192
2012-09-07,False,,,193
2012-09-10,False,,,194
2012-09-11,False,,,195
2012-09-12,False,,,196
2012-09-13,False,,,197
2012-09-14,False,,,198
2012-09-17,False,,,199
2012-09-18,False,,,200
2012-09-19,False,,,201
2012-09-20,False,,,202
2012-09-21,False,,,203
2012-09-24,False,,,204
2012-09-25,False,,,205
2012-09-26,False,,,206
2012-09-27,False,,,207
2012-09-28,False,,,208
2012-10-01,False,,,209
2012-10-02,False,,,210
2012-10-03,False,,,211
2012-10-04,False,,,212
2012-10-05,False,,,213
2012-10-08,False,,,214
2012-10-09,False,,,215
2012-10-10,False,,,216
2012-10-11,False,,,217
2012-10-12,False,,,218
2012-10-15,False,,,219
2012-10-16,False,,,220
2012-10-17,False,,,221
2012-10-18,False,,,222
2012-10-19,False,,,223
2012-10-22,False,,,224
2012-10-23,False,,,225
2012-10-24,False,,,226
2012-10-25,False,,,227
2012-10-26,False,,,228
2012-10-31,False,,,229
2012-11-01,False,,,230
2012-11-02,False,,,231
2012-11-05,False,,,232
2012-11-06,False,,,233
2012-11-07,False,,,234
2012-11-08,False,,,235
2012-11-09,False,,,236
2012-11-12,False,,,237
2012-11-13,False,,,238
2012-11-14,False,,,239
2012-11-15,False,,,240
2012-11-16,False,,,241
2012-11-19,False,,,242
2012-11-20,False,,,243
2012-11-21,False,,,244
2012-11-23,False,,,245
2012-11-26,False,,,246
2012-11-27,False,,,247
2012-11-28,False,,,248
2012-11-29,False,,,249
2012-11-30,False,,,250
2012-12-03,False,,,251
2012-12-04,False,,,252
2012-12-05,False,,,253
2012-12-06,False,,,254
2012-12-07,False,,,255
2012-12-10,False,,,256
2012-12-11,False,,,257
2012-12-12,False,,,258
2012-12-13,False,,,259
2012-12-14,False,,,260
2012-12-17,False,,,261
2012-12-18,False,,,262
2012-12-19,False,,,263
2012-12-20,False,,,264
2012-12-21,False,,,265
2012-12-24,False,,,266
2012-12-26,False,,,267
2012-12-27,False,,,268
2012-12-28,False,,,269
2012-12-31,False,,,270
2013-01-02,False,,,271
2013-01-03,False,,,272
2013-01-04,False,,,273
2013-01-07,False,,,274
2013-01-08,False,,,275
2013-01-09,False,,,276
2013-01-10,False,,,277
2013-01-11,False,,,278
2013-01-14,False,,,279
2013-01-15,False,,,280
2013-01-16,False,,,281
2013-01-17,False,,,282
2013-01-18,False,,,283
2013-01-22,False,,,284
2013-01-23,False,,,285
2013-01-24,False,,,286
2013-01-25,False,,,287
2013-01-28,False,,,288
2013-01-29,False,,,289
2013-01-30,False,,,290
2013-01-31,False,,,291
2013-02-01,False,,,292
2013-02-04,False,,,293
2013-02-05,False,,,294
2013-02-06,False,,,295
2013-02-07,False,,,296
2013-02-08,False,,,297
2013-02-11,False,,,298
2013-02-12,False,,,299
2013-02-13,False,,,300
2013-02-14,False,,,301
2013-02-15,False,,,302
2013-02-19,False,,,303
2013-02-20,False,,,304
2013-02-21,False,,,305
2013-02-22,False,,,306
2013-02-25,False,,,307
2013-02-26,False,,,308
2013-02-27,False,,,309
2013-02-28,False,,,310
2013-03-01,False,,,311
2013-03-04,False,,,312
2013-03-05,False,,,313
2013-03-06,False,,,314
2013-03-07,False,,,315
2013-03-08,False,,,316
2013-03-11,False,,,317
2013-03-12,False,,,318
2013-03-13,False,,,319
2013-03-14,False,,,320
2013-03-15,False,,,321
2013-03-18,False,,,322
2013-03-19,False,,,323
2013-03-20,False,,,324
2013-03-21,False,,,325
2013-03-22,False,,,326
2013-03-25,False,,,327
2013-03-26,False,,,328
2013-03-27,False,,,329
2013-03-28,False,,,330
2013-04-01,False,,,331
2013-04-02,False,,,332
2013-04-03,False,,,333
2013-04-04,False,,,334
2013-04-05,False,,,335
2013-04-08,False,,,336
2013-04-09,False,,,337
2013-04-10,False,,,338
2013-04-11,False,,,339
2013-04-12,False,,,340
2013-04-15,False,,,341
2013-04-16,False,,,342
2013-04-17,False,,,343
2013-04-18,False,,,344
2013-04-19,False,,,345
2013-04-22,False,,,346
2013-04-23,False,,,347
2013-04-24,False,,,348
2013-04-25,False,,,349
2013-04-26,False,,,350
2013-04-29,False,,,351
2013-04-30,False,,,352
2013-05-01,False,,,353
2013-05-02,False,,,354
2013-05-03,False,,,355
2013-05-06,False,,,356
2013-05-07,False,,,357
2013-05-08,False,,,358
2013-05-09,False,,,359
2013-05-10,False,,,360
2013-05-13,False,,,361
2013-05-14,False,,,362
2013-05-15,False,,,363
2013-05-16,False,,,364
2013-05-17,False,,,365
2013-05-20,False,,,366
2013-05-21,False,,,367
2013-05-22,False,,,368
2013-05-23,False,,,369
2013-05-24,False,,,370
2013-05-28,False,,,371
2013-05-29,False,,,372
2013-05-30,False,,,373
2013-05-31,False,,,374
2013-06-03,False,,,375
2013-06-04,False,,,376
2013-06-05,False,,,377
2013-06-06,False,,,378
2013-06-07,False,,,379
2013-06-10,False,,,380
2013-06-11,False,,,381
2013-06-12,False,,,382
2013-06-13,False,,,383
2013-06-14,False,,,384
2013-06-17,False,,,385
2013-06-18,False,,,386
2013-06-19,False,,,387
2013-06-20,False,,,388
2013-06-21,False,,,389
2013-06-24,False,,,390
2013-06-25,False,,,391
2013-06-26,False,,,392
2013-06-27,False,,,393
2013-06-28,False,,,394
2013-07-01,False,,,395
2013-07-02,False,,,396
2013-07-03,False,,,397
2013-07-05,False,,,398
2013-07-08,False,,,399
2013-07-09,False,,,400
2013-07-10,False,,,401
2013-07-11,False,,,402
2013-07-12,False,,,403
2013-07-15,False,,,404
2013-07-16,False,,,405
2013-07-17,False,,,406
2013-07-18,False,,,407
2013-07-19,False,,,408
2013-07-22,False,,,409
2013-07-23,False,,,410
2013-07-24,False,,,411
2013-07-25,False,,,412
2013-07-26,False,,,413
2013-07-29,False,,,414
2013-07-30,False,,,415
2013-07-31,False,,,416
2013-08-01,False,,,417
2013-08-02,False,,,418
2013-08-05,False,,,419
2013-08-06,False,,,420
2013-08-07,False,,,421
2013-08-08,False,,,422
2013-08-09,False,,,423
2013-08-12,False,,,424
2013-08-13,False,,,425
2013-08-14,False,,,426
2013-08-15,False,,,427
2013-08-16,False,,,428
2013-08-19,False,,,429
2013-08-20,False,,,430
2013-08-21,False,,,431
2013-08-22,False,,,432
2013-08-23,False,,,433
2013-08-26,False,,,434
2013-08-27,False,,,435
2013-08-28,False,,,436
2013-08-29,False,,,437
2013-08-30,False,,,438
2013-09-03,False,,,439
2013-09-04,False,,,440
2013-09-05,False,,,441
2013-09-06,False,,,442
2013-09-09,False,,,443
2013-09-10,False,,,444
2013-09-11,False,,,445
2013-09-12,False,,,446
2013-09-13,False,,,447
2013-09-16,False,,,448
2013-09-17,False,,,449
2013-09-18,False,,,450
2013-09-19,False,,,451
2013-09-20,False,,,452
2013-09-23,False,,,453
2013-09-24,False,,,454
2013-09-25,False,,,455
2013-09-26,False,,,456
2013-09-27,False,,,457
2013-09-30,False,,,458
2013-10-01,False,,,459
2013-10-02,False,,,460
2013-10-03,False,,,461
2013-10-04,False,,,462
2013-10-07,False,,,463
2013-10-08,False,,,464
2013-10-09,False,,,465
2013-10-10,False,,,466
2013-10-11,False,,,467
2013-10-14,False,,,468
2013-10-15,False,,,469
2013-10-16,False,,,470
2013-10-17,False,,,471
2013-10-18,False,,,472
2013-10-21,False,,,473
2013-10-22,False,,,474
2013-10-23,False,,,475
2013-10-24,False,,,476
2013-10-25,False,,,477
2013-10-28,False,,,478
2013-10-29,False,,,479
2013-10-30,False,,,480
2013-10-31,False,,,481
2013-11-01,False,,,482
2013-11-04,False,,,483
2013-11-05,False,,,484
2013-11-06,False,,,485
2013-11-07,False,,,486
2013-11-08,False,,,487
2013-11-11,False,,,488
2013-11-12,False,,,489
2013-11-13,False,,,490
2013-11-14,False,,,491
2013-11-15,False,,,492
2013-11-18,False,,,493
2013-11-19,False,,,494
2013-11-20,False,,,495
2013-11-21,False,,,496
2013-11-22,False,,,497
2013-11-25,False,,,498
2013-11-26,False,,,499
2013-11-27,False,,,500
2013-11-29,False,,,501
2013-12-02,False,,,502
2013-12-03,False,,,503
2013-12-04,False,,,504
2013-12-05,False,,,505
2013-12-06,False,,,506
2013-12-09,False,,,507
2013-12-10,False,,,508
2013-12-11,False,,,509
2013-12-12,False,,,510
2013-12-13,False,,,511
2013-12-16,False,,,512
2013-12-17,False,,,513
2013-12-18,False,,,514
2013-12-19,False,,,515
2013-12-20,False,,,516
2013-12-23,False,,,517
2013-12-24,False,,,518
2013-12-26,False,,,519
2013-12-27,False,,,520
2013-12-30,False,,,521
2013-12-31,False,,,522
2014-01-02,False,,,523
2014-01-03,False,,,524
2014-01-06,False,,,525
2014-01-07,False,,,526
2014-01-08,False,,,527
2014-01-09,False,,,528
2014-01-10,False,,,529
2014-01-13,False,,,530
2014-01-14,False,,,531
2014-01-15,False,,,532
2014-01-16,False,,,533
2014-01-17,False,,,534
2014-01-21,False,,,535
2014-01-22,False,,,536
2014-01-23,False,,,537
2014-01-24,False,,,538
2014-01-27,False,,,539
2014-01-28,False,,,540
2014-01-29,False,,,541
2014-01-30,False,,,542
2014-01-31,False,,,543
2014-02-03,False,,,544
2014-02-04,False,,,545
2014-02-05,False,,,546
2014-02-06,False,,,547
2014-02-07,False,,,548
2014-02-10,False,,,549
2014-02-11,False,,,550
2014-02-12,False,,,551
2014-02-13,False,,,552
2014-02-14,False,,,553
2014-02-18,False,,,554
2014-02-19,False,,,555
2014-02-20,False,,,556
2014-02-21,False,,,557
2014-02-24,False,,,558
2014-02-25,False,,,559
2014-02-26,False,,,560
2014-02-27,False,,,561
2014-02-28,False,,,562
2014-03-03,False,,,563
2014-03-04,False,,,564
2014-03-05,False,,,565
2014-03-06,False,,,566
2014-03-07,False,,,567
2014-03-10,False,,,568
2014-03-11,False,,,569
2014-03-12,False,,,570
2014-03-13,False,,,571
2014-03-14,False,,,572
2014-03-17,False,,,573
2014-03-18,False,,,574
2014-03-19,False,,,575
2014-03-20,False,,,576
2014-03-21,False,,,577
2014-03-24,False,,,578
2014-03-25,False,,,579
2014-03-26,False,,,580
2014-03-27,False,,,581
2014-03-28,False,,,582
2014-03-31,False,,,583
2014-04-01,False,,,584
2014-04-02,False,,,585
2014-04-03,False,,,586
2014-04-04,False,,,587
2014-04-07,False,,,588
2014-04-08,False,,,589
2014-04-09,False,,,590
2014-04-10,False,,,591
2014-04-11,False,,,592
2014-04-14,False,,,593
2014-04-15,False,,,594
2014-04-16,False,,,595
2014-04-17,False,,,596
2014-04-21,False,,,597
2014-04-22,False,,,598
2014-04-23,False,,,599
2014-04-24,False,,,600
2014-04-25,False,,,601
2014-04-28,False,,,602
2014-04-29,False,,,603
2014-04-30,False,,,604
2014-05-01,False,,,605
2014-05-02,False,,,606
2014-05-05,False,,,607
2014-05-06,False,,,608
2014-05-07,False,,,609
2014-05-08,False,,,610
2014-05-09,False,,,611
2014-05-12,False,,,612
2014-05-13,False,,,613
2014-05-14,False,,,614
2014-05-15,False,,,615
2014-05-16,False,,,616
2014-05-19,False,,,617
2014-05-20,False,,,618
2014-05-21,False,,,619
2014-05-22,False,,,620
2014-05-23,False,,,621
2014-05-27,False,,,622
2014-05-28,False,,,623
2014-05-29,False,,,624
2014-05-30,False,,,625
2014-06-02,False,,,626
2014-06-03,False,,,627
2014-06-04,False,,,628
2014-06-05,False,,,629
2014-06-06,False,,,630
2014-06-09,False,,,631
2014-06-10,False,,,632
2014-06-11,False,,,633
2014-06-12,False,,,634
2014-06-13,False,,,635
2014-06-16,False,,,636
2014-06-17,False,,,637
2014-06-18,False,,,638
2014-06-19,False,,,639
2014-06-20,False,,,640
2014-06-23,False,,,641
2014-06-24,False,,,642
2014-06-25,False,,,643
2014-06-26,False,,,644
2014-06-27,False,,,645
2014-06-30,False,,,646
2014-07-01,False,,,647
2014-07-02,False,,,648
2014-07-03,False,,,649
2014-07-07,False,,,650
2014-07-08,False,,,651
2014-07-09,False,,,652
2014-07-10,False,,,653
2014-07-11,False,,,654
2014-07-14,False,,,655
2014-07-15,False,,,656
2014-07-16,False,,,657
2014-07-17,False,,,658
2014-07-18,False,,,659
2014-07-21,False,,,660
2014-07-22,False,,,661
2014-07-23,False,,,662
2014-07-24,False,,,663
2014-07-25,False,,,664
2014-07-28,False,,,665
2014-07-29,False,,,666
2014-07-30,False,,,667
2014-07-31,False,,,668
2014-08-01,False,,,669
2014-08-04,False,,,670
2014-08-05,False,,,671
2014-08-06,False,,,672
2014-08-07,False,,,673
2014-08-08,False,,,674
2014-08-11,False,,,675
2014-08-12,False,,,676
2014-08-13,False,,,677
2014-08-14,False,,,678
2014-08-15,False,,,679
2014-08-18,False,,,680
2014-08-19,False,,,681
2014-08-20,False,,,682
2014-08-21,False,,,683
2014-08-22,False,,,684
2014-08-25,False,,,685
2014-08-26,False,,,686
2014-08-27,False,,,687
2014-08-28,False,,,688
2014-08-29,False,,,689
2014-09-02,False,,,690
2014-09-03,False,,,691
2014-09-04,False,,,692
2014-09-05,False,,,693
2014-09-08,False,,,694
2014-09-09,False,,,695
2014-09-10,False,,,696
2014-09-11,False,,,697
2014-09-12,False,,,698
2014-09-15,False,,,699
2014-09-16,False,,,700
2014-09-17,False,,,701
2014-09-18,False,,,702
2014-09-19,False,,,703
2014-09-22,False,,,704
2014-09-23,False,,,705
2014-09-24,False,,,706
2014-09-25,False,,,707
2014-09-26,False,,,708
2014-09-29,False,,,709
2014-09-30,False,,,710
2014-10-01,False,,,711
2014-10-02,False,,,712
2014-10-03,False,,,713
2014-10-06,False,,,714
2014-10-07,False,,,715
2014-10-08,False,,,716
2014-10-09,False,,,717
2014-10-10,False,,,718
2014-10-13,True,2014-09-15,20.0,20
2014-10-14,False,,,21
2014-10-15,False,,,22
2014-10-16,False,,,23
2014-10-17,False,,,24
2014-10-20,False,,,25
2014-10-21,False,,,26
2014-10-22,False,,,27
2014-10-23,False,,,28
2014-10-24,False,,,29
2014-10-27,False,,,30
2014-10-28,False,,,31
2014-10-29,False,,,32
2014-10-30,False,,,33
2014-10-31,False,,,34
2014-11-03,False,,,35
2014-11-04,False,,,36
2014-11-05,False,,,37
2014-11-06,False,,,38
2014-11-07,False,,,39
2014-11-10,False,,,40
2014-11-11,False,,,41
2014-11-12,False,,,42
2014-11-13,False,,,43
2014-11-14,False,,,44
2014-11-17,False,,,45
2014-11-18,False,,,46
2014-11-19,True,2014-10-23,19.0,19
2014-11-20,False,,,20
2014-11-21,False,,,21
2014-11-24,False,,,22
2014-11-25,False,,,23
2014-11-26,False,,,24
2014-11-28,False,,,25
2014-12-01,False,,,26
2014-12-02,False,,,27
2014-12-03,False,,,28
2014-12-04,False,,,29
2014-12-05,False,,,30
2014-12-08,False,,,31
2014-12-09,False,,,32
2014-12-10,False,,,33
2014-12-11,False,,,34
2014-12-12,False,,,35
2014-12-15,False,,,36
2014-12-16,False,,,37
2014-12-17,False,,,38
2014-12-18,False,,,39
2014-12-19,False,,,40
2014-12-22,False,,,41
2014-12-23,False,,,42
2014-12-24,False,,,43
2014-12-26,False,,,44
2014-12-29,False,,,45
2014-12-30,False,,,46
2014-12-31,False,,,47
2015-01-02,False,,,48
2015-01-05,False,,,49
2015-01-06,False,,,50
2015-01-07,False,,,51
2015-01-08,False,,,52
2015-01-09,False,,,53
2015-01-12,False,,,54
2015-01-13,False,,,55
2015-01-14,False,,,56
2015-01-15,False,,,57
2015-01-16,False,,,58
2015-01-20,False,,,59
2015-01-21,False,,,60
2015-01-22,False,,,61
2015-01-23,False,,,62
2015-01-26,False,,,63
2015-01-27,False,,,64
2015-01-28,False,,,65
2015-01-29,False,,,66
2015-01-30,False,,,67
2015-02-02,False,,,68
2015-02-03,False,,,69
2015-02-04,False,,,70
2015-02-05,True,2014-12-08,40.0,40
2015-02-06,False,,,41
2015-02-09,False,,,42
2015-02-10,False,,,43
2015-02-11,False,,,44
2015-02-12,False,,,45
2015-02-13,False,,,46
2015-02-17,False,,,47
2015-02-18,False,,,48
2015-02-19,False,,,49
2015-02-20,False,,,50
2015-02-23,False,,,51
2015-02-24,False,,,52
2015-02-25,False,,,53
2015-02-26,False,,,54
2015-02-27,False,,,55
2015-03-02,False,,,56
2015-03-03,False,,,57
2015-03-04,False,,,58
2015-03-05,False,,,59
2015-03-06,False,,,60
2015-03-09,False,,,61
2015-03-10,False,,,62
2015-03-11,False,,,63
2015-03-12,False,,,64
2015-03-13,False,,,65
2015-03-16,False,,,66
2015-03-17,False,,,67
2015-03-18,False,,,68
2015-03-19,False,,,69
2015-03-20,False,,,70
2015-03-23,False,,,71
2015-03-24,False,,,72
2015-03-25,False,,,73
2015-03-26,False,,,74
2015-03-27,False,,,75
2015-03-30,False,,,76
2015-03-31,False,,,77
2015-04-01,False,,,78
2015-04-02,False,,,79
2015-04-06,False,,,80
2015-04-07,True,2015-02-06,40.0,40
2015-04-08,False,,,41
2015-04-09,False,,,42
2015-04-10,False,,,43
2015-04-13,False,,,44
2015-04-14,False,,,45
2015-04-15,False,,,46
2015-04-16,False,,,47
2015-04-17,False,,,48
2015-04-20,False,,,49
2015-04-21,False,,,50
2015-04-22,False,,,51
2015-04-23,False,,,52
2015-04-24,False,,,53
2015-04-27,False,,,54
2015-04-28,False,,,55
2015-04-29,False,,,56
2015-04-30,False,,,57
2015-05-01,False,,,58
2015-05-04,False,,,59
2015-05-05,False,,,60
2015-05-06,False,,,61
2015-05-07,False,,,62
2015-05-08,False,,,63
2015-05-11,False,,,64
2015-05-12,False,,,65
2015-05-13,False,,,66
2015-05-14,False,,,67
2015-05-15,False,,,68
2015-05-18,False,,,69
2015-05-19,False,,,70
2015-05-20,False,,,71
2015-05-21,False,,,72
2015-05-22,False,,,73
2015-05-26,False,,,74
2015-05-27,False,,,75
2015-05-28,False,,,76
2015-05-29,False,,,77
2015-06-01,False,,,78
2015-06-02,False,,,79
2015-06-03,False,,,80
2015-06-04,False,,,81
2015-06-05,False,,,82
2015-06-08,False,,,83
2015-06-09,False,,,84
2015-06-10,False,,,85
2015-06-11,False,,,86
2015-06-12,False,,,87
2015-06-15,False,,,88
2015-06-16,False,,,89
2015-06-17,False,,,90
2015-06-18,False,,,91
2015-06-19,False,,,92
2015-06-22,False,,,93
2015-06-23,False,,,94
2015-06-24,False,,,95
2015-06-25,False,,,96
2015-06-26,False,,,97
2015-06-29,False,,,98
2015-06-30,False,,,99
2015-07-01,False,,,100
2015-07-02,False,,,101
2015-07-06,False,,,102
2015-07-07,False,,,103
2015-07-08,False,,,104
2015-07-09,False,,,105
2015-07-10,False,,,106
2015-07-13,False,,,107
2015-07-14,False,,,108
2015-07-15,False,,,109
2015-07-16,False,,,110
2015-07-17,False,,,111
2015-07-20,False,,,112
2015-07-21,False,,,113
2015-07-22,False,,,114
2015-07-23,False,,,115
2015-07-24,False,,,116
2015-07-27,False,,,117
2015-07-28,False,,,118
2015-07-29,False,,,119
2015-07-30,False,,,120
2015-07-31,False,,,121
2015-08-03,False,,,122
2015-08-04,False,,,123
2015-08-05,False,,,124
2015-08-06,False,,,125
2015-08-07,False,,,126
2015-08-10,False,,,127
2015-08-11,False,,,128
2015-08-12,False,,,129
2015-08-13,False,,,130
2015-08-14,False,,,131
2015-08-17,False,,,132
2015-08-18,False,,,133
2015-08-19,False,,,134
2015-08-20,False,,,135
2015-08-21,False,,,136
2015-08-24,False,,,137
2015-08-25,False,,,138
2015-08-26,False,,,139
2015-08-27,False,,,140
2015-08-28,False,,,141
2015-08-31,False,,,142
2015-09-01,False,,,143
2015-09-02,False,,,144
2015-09-03,False,,,145
2015-09-04,False,,,146
2015-09-08,False,,,147
2015-09-09,False,,,148
2015-09-10,False,,,149
2015-09-11,False,,,150
2015-09-14,False,,,151
2015-09-15,True,2015-08-18,19.0,19
2015-09-16,False,,,20
2015-09-17,False,,,21
2015-09-18,False,,,22
2015-09-21,False,,,23
2015-09-22,False,,,24
2015-09-23,False,,,25
2015-09-24,False,,,26
2015-09-25,False,,,27
2015-09-28,False,,,28
2015-09-29,False,,,29
2015-09-30,False,,,30
2015-10-01,False,,,31
2015-10-02,False,,,32
2015-10-05,False,,,33
2015-10-06,False,,,34
2015-10-07,False,,,35
2015-10-08,False,,,36
2015-10-09,False,,,37
2015-10-12,False,,,38
2015-10-13,False,,,39
2015-10-14,False,,,40
2015-10-15,False,,,41
2015-10-16,False,,,42
2015-10-19,False,,,43
2015-10-20,False,,,44
2015-10-21,False,,,45
2015-10-22,False,,,46
2015-10-23,False,,,47
2015-10-26,False,,,48
2015-10-27,False,,,49
2015-10-28,False,,,50
2015-10-29,False,,,51
2015-10-30,False,,,52
2015-11-02,False,,,53
2015-11-03,False,,,54
2015-11-04,False,,,55
2015-11-05,False,,,56
2015-11-06,False,,,57
2015-11-09,False,,,58
2015-11-10,False,,,59
2015-11-11,False,,,60
2015-11-12,False,,,61
2015-11-13,False,,,62
2015-11-16,False,,,63
2015-11-17,False,,,64
2015-11-18,False,,,65
2015-11-19,False,,,66
2015-11-20,False,,,67
2015-11-23,False,,,68
2015-11-24,False,,,69
2015-11-25,False,,,70
2015-11-27,False,,,71
2015-11-30,False,,,72
2015-12-01,False,,,73
2015-12-02,False,,,74
2015-12-03,False,,,75
2015-12-04,False,,,76
2015-12-07,False,,,77
2015-12-08,False,,,78
2015-12-09,False,,,79
2015-12-10,False,,,80
2015-12-11,False,,,81
2015-12-14,False,,,82
2015-12-15,False,,,83
2015-12-16,False,,,84
2015-12-17,False,,,85
2015-12-18,False,,,86
2015-12-21,False,,,87
2015-12-22,False,,,88
2015-12-23,False,,,89
2015-12-24,False,,,90
2015-12-28,False,,,91
2015-12-29,False,,,92
2015-12-30,False,,,93
2015-12-31,False,,,94
2016-01-04,False,,,95
2016-01-05,False,,,96
2016-01-06,False,,,97
2016-01-07,False,,,98
2016-01-08,False,,,99
2016-01-11,False,,,100
2016-01-12,False,,,101
2016-01-13,False,,,102
2016-01-14,False,,,103
2016-01-15,False,,,104
2016-01-19,False,,,105
2016-01-20,False,,,106
2016-01-21,False,,,107
2016-01-22,False,,,108
2016-01-25,False,,,109
2016-01-26,False,,,110
2016-01-27,False,,,111
2016-01-28,False,,,112
2016-01-29,False,,,113
2016-02-01,False,,,114
2016-02-02,False,,,115
2016-02-03,False,,,116
2016-02-04,False,,,117
2016-02-05,False,,,118
2016-02-08,False,,,119
2016-02-09,False,,,120
2016-02-10,False,,,121
2016-02-11,False,,,122
2016-02-12,False,,,123
2016-02-16,False,,,124
2016-02-17,False,,,125
2016-02-18,False,,,126
2016-02-19,False,,,127
2016-02-22,False,,,128
2016-02-23,False,,,129
2016-02-24,False,,,130
2016-02-25,False,,,131
2016-02-26,False,,,132
2016-02-29,False,,,133
2016-03-01,False,,,134
2016-03-02,False,,,135
2016-03-03,False,,,136
2016-03-04,False,,,137
2016-03-07,False,,,138
2016-03-08,False,,,139
2016-03-09,False,,,140
2016-03-10,False,,,141
2016-03-11,False,,,142
2016-03-14,False,,,143
2016-03-15,False,,,144
2016-03-16,False,,,145
2016-03-17,False,,,146
2016-03-18,False,,,147
2016-03-21,False,,,148
2016-03-22,False,,,149
2016-03-23,False,,,150
2016-03-24,False,,,151
2016-03-28,False,,,152
2016-03-29,False,,,153
2016-03-30,False,,,154
2016-03-31,False,,,155
2016-04-01,False,,,156
2016-04-04,False,,,157
2016-04-05,False,,,158
2016-04-06,False,,,159
2016-04-07,False,,,160
2016-04-08,False,,,161
2016-04-11,False,,,162
2016-04-12,False,,,163
2016-04-13,False,,,164
2016-04-14,False,,,165
2016-04-15,False,,,166
2016-04-18,False,,,167
2016-04-19,False,,,168
2016-04-20,False,,,169
2016-04-21,False,,,170
2016-04-22,False,,,171
2016-04-25,False,,,172
2016-04-26,False,,,173
2016-04-27,False,,,174
2016-04-28,False,,,175
2016-04-29,False,,,176
2016-05-02,False,,,177
2016-05-03,False,,,178
2016-05-04,False,,,179
2016-05-05,False,,,180
2016-05-06,False,,,181
2016-05-09,False,,,182
2016-05-10,False,,,183
2016-05-11,False,,,184
2016-05-12,False,,,185
2016-05-13,True,2016-01-27,75.0,75
2016-05-16,False,,,76
2016-05-17,False,,,77
2016-05-18,False,,,78
2016-05-19,False,,,79
2016-05-20,False,,,80
2016-05-23,False,,,81
2016-05-24,False,,,82
2016-05-25,False,,,83
2016-05-26,False,,,84
2016-05-27,False,,,85
2016-05-31,False,,,86
2016-06-01,False,,,87
2016-06-02,False,,,88
2016-06-03,False,,,89
2016-06-06,False,,,90
2016-06-07,False,,,91
2016-06-08,False,,,92
2016-06-09,False,,,93
2016-06-10,False,,,94
2016-06-13,False,,,95
2016-06-14,False,,,96
2016-06-15,False,,,97
2016-06-16,False,,,98
2016-06-17,False,,,99
2016-06-20,False,,,100
2016-06-21,False,,,101
2016-06-22,False,,,102
2016-06-23,False,,,103
2016-06-24,False,,,104
2016-06-27,False,,,105
2016-06-28,False,,,106
2016-06-29,False,,,107
2016-06-30,False,,,108
2016-07-01,False,,,109
2016-07-05,False,,,110
2016-07-06,False,,,111
2016-07-07,False,,,112
2016-07-08,False,,,113
2016-07-11,False,,,114
2016-07-12,False,,,115
2016-07-13,False,,,116
2016-07-14,False,,,117
2016-07-15,False,,,118
2016-07-18,False,,,119
2016-07-19,False,,,120
2016-07-20,False,,,121
2016-07-21,False,,,122
2016-07-22,False,,,123
2016-07-25,False,,,124
2016-07-26,False,,,125
2016-07-27,False,,,126
2016-07-28,False,,,127
2016-07-29,False,,,128
2016-08-01,False,,,129
2016-08-02,False,,,130
2016-08-03,False,,,131
2016-08-04,False,,,132
2016-08-05,False,,,133
2016-08-08,False,,,134
2016-08-09,False,,,135
2016-08-10,False,,,136
2016-08-11,False,,,137
2016-08-12,False,,,138
2016-08-15,False,,,139
2016-08-16,False,,,140
2016-08-17,False,,,141
2016-08-18,False,,,142
2016-08-19,False,,,143
2016-08-22,False,,,144
2016-08-23,False,,,145
2016-08-24,False,,,146
2016-08-25,False,,,147
2016-08-26,False,,,148
2016-08-29,False,,,149
2016-08-30,False,,,150
2016-08-31,False,,,151
2016-09-01,False,,,152
2016-09-02,False,,,153
2016-09-06,False,,,154
2016-09-07,False,,,155
2016-09-08,False,,,156
2016-09-09,False,,,157
2016-09-12,False,,,158
2016-09-13,False,,,159
2016-09-14,False,,,160
2016-09-15,False,,,161
2016-09-16,False,,,162
2016-09-19,False,,,163
2016-09-20,False,,,164
2016-09-21,False,,,165
2016-09-22,False,,,166
2016-09-23,False,,,167
2016-09-26,False,,,168
2016-09-27,False,,,169
2016-09-28,False,,,170
2016-09-29,False,,,171
2016-09-30,False,,,172
2016-10-03,False,,,173
2016-10-04,False,,,174
2016-10-05,False,,,175
2016-10-06,False,,,176
2016-10-07,False,,,177
2016-10-10,False,,,178
2016-10-11,False,,,179
2016-10-12,False,,,180
2016-10-13,False,,,181
2016-10-14,False,,,182
2016-10-17,False,,,183
2016-10-18,False,,,184
2016-10-19,False,,,185
2016-10-20,False,,,186
2016-10-21,False,,,187
2016-10-24,False,,,188
2016-10-25,False,,,189
2016-10-26,False,,,190
2016-10-27,False,,,191
2016-10-28,False,,,192
2016-10-31,False,,,193
2016-11-01,False,,,194
2016-11-02,False,,,195
2016-11-03,False,,,196
2016-11-04,False,,,197
2016-11-07,False,,,198
2016-11-08,False,,,199
2016-11-09,False,,,200
2016-11-10,False,,,201
2016-11-11,False,,,202
2016-11-14,False,,,203
2016-11-15,False,,,204
2016-11-16,False,,,205
2016-11-17,False,,,206
2016-11-18,False,,,207
2016-11-21,False,,,208
2016-11-22,False,,,209
2016-11-23,False,,,210
2016-11-25,False,,,211
2016-11-28,False,,,212
2016-11-29,False,,,213
2016-11-30,False,,,214
2016-12-01,False,,,215
2016-12-02,False,,,216
2016-12-05,False,,,217
2016-12-06,False,,,218
2016-12-07,False,,,219
2016-12-08,False,,,220
2016-12-09,False,,,221
2016-12-12,False,,,222
2016-12-13,False,,,223
2016-12-14,False,,,224
2016-12-15,False,,,225
2016-12-16,False,,,226
2016-12-19,False,,,227
2016-12-20,False,,,228
2016-12-21,False,,,229
2016-12-22,False,,,230
2016-12-23,False,,,231
2016-12-27,False,,,232
2016-12-28,False,,,233
2016-12-29,False,,,234
2016-12-30,False,,,235
2017-01-03,False,,,236
2017-01-04,False,,,237
2017-01-05,False,,,238
2017-01-06,False,,,239
2017-01-09,False,,,240
2017-01-10,False,,,241
2017-01-11,False,,,242
2017-01-12,False,,,243
2017-01-13,False,,,244
2017-01-17,False,,,245
2017-01-18,False,,,246
2017-01-19,False,,,247
2017-01-20,False,,,248
2017-01-23,False,,,249
2017-01-24,False,,,250
2017-01-25,False,,,251
2017-01-26,False,,,252
2017-01-27,False,,,253
2017-01-30,False,,,254
2017-01-31,False,,,255
2017-02-01,False,,,256
2017-02-02,False,,,257
2017-02-03,False,,,258
2017-02-06,False,,,259
2017-02-07,False,,,260
2017-02-08,False,,,261
2017-02-09,False,,,262
2017-02-10,False,,,263
2017-02-13,False,,,264
2017-02-14,False,,,265
2017-02-15,False,,,266
2017-02-16,False,,,267
2017-02-17,False,,,268
2017-02-21,False,,,269
2017-02-22,False,,,270
2017-02-23,False,,,271
2017-02-24,False,,,272
2017-02-27,False,,,273
2017-02-28,False,,,274
2017-03-01,False,,,275
2017-03-02,False,,,276
2017-03-03,False,,,277
2017-03-06,False,,,278
2017-03-07,False,,,279
2017-03-08,False,,,280
2017-03-09,False,,,281
2017-03-10,False,,,282
2017-03-13,False,,,283
2017-03-14,False,,,284
2017-03-15,False,,,285
2017-03-16,False,,,286
2017-03-17,False,,,287
2017-03-20,False,,,288
2017-03-21,False,,,289
2017-03-22,False,,,290
2017-03-23,False,,,291
2017-03-24,False,,,292
2017-03-27,False,,,293
2017-03-28,False,,,294
2017-03-29,False,,,295
2017-03-30,False,,,296
2017-03-31,False,,,297
2017-04-03,False,,,298
2017-04-04,False,,,299
2017-04-05,False,,,300
2017-04-06,False,,,301
2017-04-07,False,,,302
2017-04-10,False,,,303
2017-04-11,False,,,304
2017-04-12,False,,,305
2017-04-13,False,,,306
2017-04-17,False,,,307
2017-04-18,False,,,308
2017-04-19,False,,,309
2017-04-20,False,,,310
2017-04-21,False,,,311
2017-04-24,False,,,312
2017-04-25,False,,,313
2017-04-26,False,,,314
2017-04-27,False,,,315
2017-04-28,False,,,316
2017-05-01,False,,,317
2017-05-02,False,,,318
2017-05-03,False,,,319
2017-05-04,False,,,320
2017-05-05,False,,,321
2017-05-08,False,,,322
2017-05-09,False,,,323
2017-05-10,False,,,324
2017-05-11,False,,,325
2017-05-12,False,,,326
2017-05-15,False,,,327
2017-05-16,False,,,328
2017-05-17,False,,,329
2017-05-18,False,,,330
2017-05-19,False,,,331
2017-05-22,False,,,332
2017-05-23,False,,,333
2017-05-24,False,,,334
2017-05-25,False,,,335
2017-05-26,False,,,336
2017-05-30,False,,,337
2017-05-31,False,,,338
2017-06-01,False,,,339
2017-06-02,False,,,340
2017-06-05,False,,,341
2017-06-06,False,,,342
2017-06-07,False,,,343
2017-06-08,False,,,344
2017-06-09,False,,,345
2017-06-12,False,,,346
2017-06-13,False,,,347
2017-06-14,False,,,348
2017-06-15,False,,,349
2017-06-16,False,,,350
2017-06-19,False,,,351
2017-06-20,False,,,352
2017-06-21,False,,,353
2017-06-22,False,,,354
2017-06-23,False,,,355
2017-06-26,False,,,356
2017-06-27,False,,,357
2017-06-28,False,,,358
2017-06-29,False,,,359
2017-06-30,False,,,360
2017-07-03,False,,,361
2017-07-05,False,,,362
2017-07-06,False,,,363
2017-07-07,False,,,364
2017-07-10,False,,,365
2017-07-11,False,,,366
2017-07-12,False,,,367
2017-07-13,False,,,368
2017-07-14,False,,,369
2017-07-17,False,,,370
2017-07-18,False,,,371
2017-07-19,False,,,372
2017-07-20,False,,,373
2017-07-21,False,,,374
2017-07-24,False,,,375
2017-07-25,False,,,376
2017-07-26,False,,,377
2017-07-27,False,,,378
2017-07-28,False,,,379
2017-07-31,False,,,380
2017-08-01,False,,,381
2017-08-02,False,,,382
2017-08-03,False,,,383
2017-08-04,False,,,384
2017-08-07,False,,,385
2017-08-08,False,,,386
2017-08-09,False,,,387
2017-08-10,False,,,388
2017-08-11,False,,,389
2017-08-14,False,,,390
2017-08-15,False,,,391
2017-08-16,False,,,392
2017-08-17,False,,,393
2017-08-18,False,,,394
2017-08-21,False,,,395
2017-08-22,False,,,396
2017-08-23,False,,,397
2017-08-24,False,,,398
2017-08-25,False,,,399
2017-08-28,False,,,400
2017-08-29,False,,,401
2017-08-30,False,,,402
2017-08-31,False,,,403
2017-09-01,False,,,404
2017-09-05,False,,,405
2017-09-06,False,,,406
2017-09-07,False,,,407
2017-09-08,False,,,408
2017-09-11,False,,,409
2017-09-12,False,,,410
2017-09-13,False,,,411
2017-09-14,False,,,412
2017-09-15,False,,,413
2017-09-18,False,,,414
2017-09-19,False,,,415
2017-09-20,False,,,416
2017-09-21,False,,,417
2017-09-22,False,,,418
2017-09-25,False,,,419
2017-09-26,False,,,420
2017-09-27,False,,,421
2017-09-28,False,,,422
2017-09-29,False,,,423
2017-10-02,False,,,424
2017-10-03,False,,,425
2017-10-04,False,,,426
2017-10-05,False,,,427
2017-10-06,False,,,428
2017-10-09,False,,,429
2017-10-10,False,,,430
2017-10-11,False,,,431
2017-10-12,False,,,432
2017-10-13,False,,,433
2017-10-16,False,,,434
2017-10-17,False,,,435
2017-10-18,False,,,436
2017-10-19,False,,,437
2017-10-20,False,,,438
2017-10-23,False,,,439
2017-10-24,False,,,440
2017-10-25,False,,,441
2017-10-26,False,,,442
2017-10-27,False,,,443
2017-10-30,False,,,444
2017-10-31,False,,,445
2017-11-01,False,,,446
2017-11-02,False,,,447
2017-11-03,False,,,448
2017-11-06,False,,,449
2017-11-07,False,,,450
2017-11-08,False,,,451
2017-11-09,False,,,452
2017-11-10,False,,,453
2017-11-13,False,,,454
2017-11-14,False,,,455
2017-11-15,False,,,456
2017-11-16,False,,,457
2017-11-17,False,,,458
2017-11-20,False,,,459
2017-11-21,False,,,460
2017-11-22,False,,,461
2017-11-24,False,,,462
2017-11-27,False,,,463
2017-11-28,False,,,464
2017-11-29,False,,,465
2017-11-30,False,,,466
2017-12-01,False,,,467
2017-12-04,False,,,468
2017-12-05,False,,,469
2017-12-06,False,,,470
2017-12-07,False,,,471
2017-12-08,False,,,472
2017-12-11,False,,,473
2017-12-12,False,,,474
2017-12-13,False,,,475
2017-12-14,False,,,476
2017-12-15,False,,,477
2017-12-18,False,,,478
2017-12-19,False,,,479
2017-12-20,False,,,480
2017-12-21,False,,,481
2017-12-22,False,,,482
2017-12-26,False,,,483
2017-12-27,False,,,484
2017-12-28,False,,,485
2017-12-29,False,,,486
2018-01-02,False,,,487
2018-01-03,False,,,488
2018-01-04,False,,,489
2018-01-05,False,,,490
2018-01-08,False,,,491
2018-01-09,False,,,492
2018-01-10,False,,,493
2018-01-11,False,,,494
2018-01-12,False,,,495
2018-01-16,False,,,496
2018-01-17,False,,,497
2018-01-18,False,,,498
2018-01-19,False,,,499
2018-01-22,False,,,500
2018-01-23,False,,,501
2018-01-24,False,,,502
2018-01-25,False,,,503
2018-01-26,False,,,504
2018-01-29,False,,,505
2018-01-30,False,,,506
2018-01-31,False,,,507
2018-02-01,False,,,508
2018-02-02,False,,,509
2018-02-05,False,,,510
2018-02-06,False,,,511
2018-02-07,False,,,512
2018-02-08,False,,,513
2018-02-09,False,,,514
2018-02-12,False,,,515
2018-02-13,False,,,516
2018-02-14,False,,,517
2018-02-15,False,,,518
2018-02-16,False,,,519
2018-02-20,False,,,520
2018-02-21,False,,,521
2018-02-22,False,,,522
2018-02-23,True,2018-01-26,19.0,19
2018-02-26,False,,,20
2018-02-27,False,,,21
2018-02-28,False,,,22
2018-03-01,False,,,23
2018-03-02,False,,,24
2018-03-05,False,,,25
2018-03-06,False,,,26
2018-03-07,False,,,27
2018-03-08,False,,,28
2018-03-09,False,,,29
2018-03-12,False,,,30
2018-03-13,False,,,31
2018-03-14,False,,,32
2018-03-15,False,,,33
2018-03-16,False,,,34
2018-03-19,False,,,35
2018-03-20,False,,,36
2018-03-21,False,,,37
2018-03-22,False,,,38
2018-03-23,False,,,39
2018-03-26,False,,,40
2018-03-27,False,,,41
2018-03-28,False,,,42
2018-03-29,False,,,43
2018-04-02,False,,,44
2018-04-03,False,,,45
2018-04-04,False,,,46
2018-04-05,False,,,47
2018-04-06,False,,,48
2018-04-09,False,,,49
2018-04-10,False,,,50
2018-04-11,False,,,51
2018-04-12,False,,,52
2018-04-13,False,,,53
2018-04-16,False,,,54
2018-04-17,False,,,55
2018-04-18,False,,,56
2018-04-19,False,,,57
2018-04-20,False,,,58
2018-04-23,False,,,59
2018-04-24,False,,,60
2018-04-25,False,,,61
2018-04-26,False,,,62
2018-04-27,False,,,63
2018-04-30,False,,,64
2018-05-01,False,,,65
2018-05-02,False,,,66
2018-05-03,False,,,67
2018-05-04,False,,,68
2018-05-07,False,,,69
2018-05-08,False,,,70
2018-05-09,False,,,71
2018-05-10,False,,,72
2018-05-11,False,,,73
2018-05-14,False,,,74
2018-05-15,False,,,75
2018-05-16,False,,,76
2018-05-17,False,,,77
2018-05-18,False,,,78
2018-05-21,False,,,79
2018-05-22,False,,,80
2018-05-23,False,,,81
2018-05-24,False,,,82
2018-05-25,False,,,83
2018-05-29,False,,,84
2018-05-30,False,,,85
2018-05-31,False,,,86
2018-06-01,False,,,87
2018-06-04,False,,,88
2018-06-05,False,,,89
2018-06-06,False,,,90
2018-06-07,False,,,91
2018-06-08,False,,,92
2018-06-11,False,,,93
2018-06-12,False,,,94
2018-06-13,False,,,95
2018-06-14,False,,,96
2018-06-15,False,,,97
2018-06-18,False,,,98
2018-06-19,False,,,99
2018-06-20,False,,,100
2018-06-21,False,,,101
2018-06-22,False,,,102
2018-06-25,False,,,103
2018-06-26,False,,,104
2018-06-27,False,,,105
2018-06-28,False,,,106
2018-06-29,False,,,107
2018-07-02,False,,,108
2018-07-03,False,,,109
2018-07-05,False,,,110
2018-07-06,False,,,111
2018-07-09,False,,,112
2018-07-10,False,,,113
2018-07-11,False,,,114
2018-07-12,False,,,115
2018-07-13,False,,,116
2018-07-16,False,,,117
2018-07-17,False,,,118
2018-07-18,False,,,119
2018-07-19,False,,,120
2018-07-20,False,,,121
2018-07-23,False,,,122
2018-07-24,False,,,123
2018-07-25,False,,,124
2018-07-26,False,,,125
2018-07-27,False,,,126
2018-07-30,False,,,127
2018-07-31,False,,,128
2018-08-01,False,,,129
2018-08-02,False,,,130
2018-08-03,False,,,131
2018-08-06,False,,,132
2018-08-07,False,,,133
2018-08-08,False,,,134
2018-08-09,False,,,135
2018-08-10,False,,,136
2018-08-13,False,,,137
2018-08-14,False,,,138
2018-08-15,False,,,139
2018-08-16,False,,,140
2018-08-17,False,,,141
2018-08-20,False,,,142
2018-08-21,False,,,143
2018-08-22,False,,,144
2018-08-23,False,,,145
2018-08-24,False,,,146
2018-08-27,False,,,147
2018-08-28,False,,,148
2018-08-29,False,,,149
2018-08-30,False,,,150
2018-08-31,False,,,151
2018-09-04,True,2018-04-09,103.0,103
2018-09-05,False,,,104
2018-09-06,False,,,105
2018-09-07,False,,,106
2018-09-10,False,,,107
2018-09-11,False,,,108
2018-09-12,False,,,109
2018-09-13,False,,,110
2018-09-14,False,,,111
2018-09-17,False,,,112
2018-09-18,False,,,113
2018-09-19,False,,,114
2018-09-20,False,,,115
2018-09-21,False,,,116
2018-09-24,False,,,117
2018-09-25,False,,,118
2018-09-26,False,,,119
2018-09-27,False,,,120
2018-09-28,False,,,121
2018-10-01,False,,,122
2018-10-02,False,,,123
2018-10-03,False,,,124
2018-10-04,False,,,125
2018-10-05,False,,,126
2018-10-08,False,,,127
2018-10-09,False,,,128
2018-10-10,False,,,129
2018-10-11,False,,,130
2018-10-12,False,,,131
2018-10-15,False,,,132
2018-10-16,False,,,133
2018-10-17,False,,,134
2018-10-18,False,,,135
2018-10-19,False,,,136
2018-10-22,False,,,137
2018-10-23,False,,,138
2018-10-24,False,,,139
2018-10-25,False,,,140
2018-10-26,False,,,141
2018-10-29,False,,,142
2018-10-30,False,,,143
2018-10-31,False,,,144
2018-11-01,False,,,145
2018-11-02,False,,,146
2018-11-05,False,,,147
2018-11-06,False,,,148
2018-11-07,False,,,149
2018-11-08,False,,,150
2018-11-09,False,,,151
2018-11-12,False,,,152
2018-11-13,False,,,153
2018-11-14,False,,,154
2018-11-15,False,,,155
2018-11-16,False,,,156
2018-11-19,False,,,157
2018-11-20,False,,,158
2018-11-21,False,,,159
2018-11-23,False,,,160
2018-11-26,False,,,161
2018-11-27,False,,,162
2018-11-28,False,,,163
2018-11-29,False,,,164
2018-11-30,False,,,165
2018-12-03,False,,,166
2018-12-04,False,,,167
2018-12-06,False,,,168
2018-12-07,False,,,169
2018-12-10,False,,,170
2018-12-11,False,,,171
2018-12-12,False,,,172
2018-12-13,False,,,173
2018-12-14,False,,,174
2018-12-17,False,,,175
2018-12-18,False,,,176
2018-12-19,False,,,177
2018-12-20,False,,,178
2018-12-21,False,,,179
2018-12-24,False,,,180
2018-12-26,False,,,181
2018-12-27,False,,,182
2018-12-28,False,,,183
2018-12-31,False,,,184
2019-01-02,False,,,185
2019-01-03,False,,,186
2019-01-04,False,,,187
2019-01-07,False,,,188
2019-01-08,False,,,189
2019-01-09,False,,,190
2019-01-10,False,,,191
2019-01-11,False,,,192
2019-01-14,False,,,193
2019-01-15,False,,,194
2019-01-16,False,,,195
2019-01-17,False,,,196
2019-01-18,False,,,197
2019-01-22,False,,,198
2019-01-23,False,,,199
2019-01-24,False,,,200
2019-01-25,False,,,201
2019-01-28,False,,,202
2019-01-29,False,,,203
2019-01-30,False,,,204
2019-01-31,False,,,205
2019-02-01,False,,,206
2019-02-04,False,,,207
2019-02-05,False,,,208
2019-02-06,False,,,209
2019-02-07,False,,,210
2019-02-08,False,,,211
2019-02-11,False,,,212
2019-02-12,False,,,213
2019-02-13,False,,,214
2019-02-14,False,,,215
2019-02-15,False,,,216
2019-02-19,False,,,217
2019-02-20,False,,,218
2019-02-21,False,,,219
2019-02-22,False,,,220
2019-02-25,False,,,221
2019-02-26,False,,,222
2019-02-27,False,,,223
2019-02-28,False,,,224
2019-03-01,False,,,225
2019-03-04,False,,,226
2019-03-05,False,,,227
2019-03-06,False,,,228
2019-03-07,False,,,229
2019-03-08,False,,,230
2019-03-11,False,,,231
2019-03-12,False,,,232
2019-03-13,False,,,233
2019-03-14,False,,,234
2019-03-15,False,,,235
2019-03-18,False,,,236
2019-03-19,False,,,237
2019-03-20,False,,,238
2019-03-21,False,,,239
2019-03-22,False,,,240
2019-03-25,False,,,241
2019-03-26,False,,,242
2019-03-27,False,,,243
2019-03-28,False,,,244
2019-03-29,False,,,245
2019-04-01,False,,,246
2019-04-02,False,,,247
2019-04-03,False,,,248
2019-04-04,False,,,249
2019-04-05,False,,,250
2019-04-08,False,,,251
2019-04-09,False,,,252
2019-04-10,False,,,253
2019-04-11,False,,,254
2019-04-12,False,,,255
2019-04-15,False,,,256
2019-04-16,False,,,257
2019-04-17,False,,,258
2019-04-18,False,,,259
2019-04-22,False,,,260
2019-04-23,False,,,261
2019-04-24,False,,,262
2019-04-25,False,,,263
2019-04-26,False,,,264
2019-04-29,False,,,265
2019-04-30,False,,,266
2019-05-01,False,,,267
2019-05-02,False,,,268
2019-05-03,False,,,269
2019-05-06,False,,,270
2019-05-07,False,,,271
2019-05-08,False,,,272
2019-05-09,False,,,273
2019-05-10,False,,,274
2019-05-13,False,,,275
2019-05-14,False,,,276
2019-05-15,False,,,277
2019-05-16,False,,,278
2019-05-17,False,,,279
2019-05-20,False,,,280
2019-05-21,False,,,281
2019-05-22,False,,,282
2019-05-23,False,,,283
2019-05-24,False,,,284
2019-05-28,False,,,285
2019-05-29,False,,,286
2019-05-30,False,,,287
2019-05-31,False,,,288
2019-06-03,False,,,289
2019-06-04,False,,,290
2019-06-05,False,,,291
2019-06-06,False,,,292
2019-06-07,False,,,293
2019-06-10,False,,,294
2019-06-11,False,,,295
2019-06-12,False,,,296
2019-06-13,False,,,297
2019-06-14,False,,,298
2019-06-17,False,,,299
2019-06-18,False,,,300
2019-06-19,False,,,301
2019-06-20,False,,,302
2019-06-21,False,,,303
2019-06-24,False,,,304
2019-06-25,False,,,305
2019-06-26,False,,,306
2019-06-27,False,,,307
2019-06-28,False,,,308
2019-07-01,False,,,309
2019-07-02,False,,,310
2019-07-03,False,,,311
2019-07-05,False,,,312
2019-07-08,False,,,313
2019-07-09,False,,,314
2019-07-10,False,,,315
2019-07-11,False,,,316
2019-07-12,False,,,317
2019-07-15,False,,,318
2019-07-16,False,,,319
2019-07-17,False,,,320
2019-07-18,False,,,321
2019-07-19,False,,,322
2019-07-22,False,,,323
2019-07-23,False,,,324
2019-07-24,False,,,325
2019-07-25,False,,,326
2019-07-26,False,,,327
2019-07-29,False,,,328
2019-07-30,False,,,329
2019-07-31,False,,,330
2019-08-01,False,,,331
2019-08-02,False,,,332
2019-08-05,False,,,333
2019-08-06,False,,,334
2019-08-07,False,,,335
2019-08-08,False,,,336
2019-08-09,False,,,337
2019-08-12,False,,,338
2019-08-13,False,,,339
2019-08-14,False,,,340
2019-08-15,False,,,341
2019-08-16,False,,,342
2019-08-19,True,2019-07-19,21.0,21
2019-08-20,False,,,22
2019-08-21,False,,,23
2019-08-22,False,,,24
2019-08-23,False,,,25
2019-08-26,False,,,26
2019-08-27,False,,,27
2019-08-28,False,,,28
2019-08-29,False,,,29
2019-08-30,False,,,30
2019-09-03,False,,,31
2019-09-04,False,,,32
2019-09-05,False,,,33
2019-09-06,False,,,34
2019-09-09,False,,,35
2019-09-10,False,,,36
2019-09-11,False,,,37
2019-09-12,False,,,38
2019-09-13,False,,,39
2019-09-16,False,,,40
2019-09-17,False,,,41
2019-09-18,False,,,42
2019-09-19,False,,,43
2019-09-20,False,,,44
2019-09-23,False,,,45
2019-09-24,False,,,46
2019-09-25,False,,,47
2019-09-26,False,,,48
2019-09-27,False,,,49
2019-09-30,False,,,50
2019-10-01,False,,,51
2019-10-02,False,,,52
2019-10-03,False,,,53
2019-10-04,False,,,54
2019-10-07,False,,,55
2019-10-08,False,,,56
2019-10-09,False,,,57
2019-10-10,False,,,58
2019-10-11,False,,,59
2019-10-14,False,,,60
2019-10-15,False,,,61
2019-10-16,False,,,62
2019-10-17,False,,,63
2019-10-18,False,,,64
2019-10-21,False,,,65
2019-10-22,False,,,66
2019-10-23,False,,,67
2019-10-24,False,,,68
2019-10-25,False,,,69
2019-10-28,False,,,70
2019-10-29,False,,,71
2019-10-30,False,,,72
2019-10-31,False,,,73
2019-11-01,False,,,74
2019-11-04,False,,,75
2019-11-05,False,,,76
2019-11-06,False,,,77
2019-11-07,False,,,78
2019-11-08,False,,,79
2019-11-11,False,,,80
2019-11-12,False,,,81
2019-11-13,False,,,82
2019-11-14,False,,,83
2019-11-15,False,,,84
2019-11-18,False,,,85
2019-11-19,False,,,86
2019-11-20,True,2019-08-26,61.0,61
2019-11-21,False,,,62
2019-11-22,False,,,63
2019-11-25,False,,,64
2019-11-26,False,,,65
2019-11-27,False,,,66
2019-11-29,False,,,67
2019-12-02,False,,,68
2019-12-03,False,,,69
2019-12-04,False,,,70
2019-12-05,False,,,71
2019-12-06,False,,,72
2019-12-09,False,,,73
2019-12-10,False,,,74
2019-12-11,False,,,75
2019-12-12,False,,,76
2019-12-13,False,,,77
2019-12-16,False,,,78
2019-12-17,False,,,79
2019-12-18,False,,,80
2019-12-19,False,,,81
2019-12-20,False,,,82
2019-12-23,False,,,83
2019-12-24,False,,,84
2019-12-26,False,,,85
2019-12-27,False,,,86
2019-12-30,False,,,87
2019-12-31,False,,,88
2020-01-02,False,,,89
2020-01-03,False,,,90
2020-01-06,False,,,91
2020-01-07,False,,,92
2020-01-08,False,,,93
2020-01-09,False,,,94
2020-01-10,False,,,95
2020-01-13,False,,,96
2020-01-14,False,,,97
2020-01-15,False,,,98
2020-01-16,False,,,99
2020-01-17,False,,,100
2020-01-21,False,,,101
2020-01-22,False,,,102
2020-01-23,False,,,103
2020-01-24,False,,,104
2020-01-27,False,,,105
2020-01-28,False,,,106
2020-01-29,False,,,107
2020-01-30,False,,,108
2020-01-31,False,,,109
2020-02-03,False,,,110
2020-02-04,False,,,111
2020-02-05,False,,,112
2020-02-06,False,,,113
2020-02-07,False,,,114
2020-02-10,False,,,115
2020-02-11,False,,,116
2020-02-12,False,,,117
2020-02-13,False,,,118
2020-02-14,False,,,119
2020-02-18,False,,,120
2020-02-19,False,,,121
2020-02-20,False,,,122
2020-02-21,False,,,123
2020-02-24,False,,,124
2020-02-25,False,,,125
2020-02-26,False,,,126
2020-02-27,False,,,127
2020-02-28,False,,,128
2020-03-02,False,,,129
2020-03-03,False,,,130
2020-03-04,False,,,131
2020-03-05,False,,,132
2020-03-06,False,,,133
2020-03-09,False,,,134
2020-03-10,False,,,135
2020-03-11,True,2020-02-12,19.0,19
2020-03-12,False,,,20
2020-03-13,False,,,21
2020-03-16,False,,,22
2020-03-17,False,,,23
2020-03-18,False,,,24
2020-03-19,False,,,25
2020-03-20,False,,,26
2020-03-23,False,,,27
2020-03-24,False,,,28
2020-03-25,False,,,29
2020-03-26,False,,,30
2020-03-27,False,,,31
2020-03-30,False,,,32
2020-03-31,False,,,33
2020-04-01,False,,,34
2020-04-02,False,,,35
2020-04-03,False,,,36
2020-04-06,False,,,37
2020-04-07,False,,,38
2020-04-08,False,,,39
2020-04-09,False,,,40
2020-04-13,False,,,41
2020-04-14,False,,,42
2020-04-15,False,,,43
2020-04-16,False,,,44
2020-04-17,False,,,45
2020-04-20,False,,,46
2020-04-21,False,,,47
2020-04-22,False,,,48
2020-04-23,False,,,49
2020-04-24,False,,,50
2020-04-27,False,,,51
2020-04-28,False,,,52
2020-04-29,False,,,53
2020-04-30,False,,,54
2020-05-01,False,,,55
2020-05-04,False,,,56
2020-05-05,False,,,57
2020-05-06,False,,,58
2020-05-07,False,,,59
2020-05-08,False,,,60
2020-05-11,False,,,61
2020-05-12,False,,,62
2020-05-13,False,,,63
2020-05-14,False,,,64
2020-05-15,False,,,65
2020-05-18,False,,,66
2020-05-19,False,,,67
2020-05-20,False,,,68
2020-05-21,False,,,69
2020-05-22,False,,,70
2020-05-26,True,2020-03-18,47.0,47
2020-05-27,False,,,48
2020-05-28,False,,,49
2020-05-29,False,,,50
2020-06-01,False,,,51
2020-06-02,False,,,52
2020-06-03,False,,,53
2020-06-04,False,,,54
2020-06-05,False,,,55
2020-06-08,False,,,56
2020-06-09,False,,,57
2020-06-10,False,,,58
2020-06-11,False,,,59
2020-06-12,False,,,60
2020-06-15,False,,,61
2020-06-16,False,,,62
2020-06-17,False,,,63
2020-06-18,False,,,64
2020-06-19,False,,,65
2020-06-22,False,,,66
2020-06-23,False,,,67
2020-06-24,False,,,68
2020-06-25,False,,,69
2020-06-26,False,,,70
2020-06-29,False,,,71
2020-06-30,False,,,72
2020-07-01,False,,,73
2020-07-02,False,,,74
2020-07-06,False,,,75
2020-07-07,False,,,76
2020-07-08,False,,,77
2020-07-09,False,,,78
2020-07-10,False,,,79
2020-07-13,False,,,80
2020-07-14,False,,,81
2020-07-15,False,,,82
2020-07-16,False,,,83
2020-07-17,False,,,84
2020-07-20,False,,,85
2020-07-21,False,,,86
2020-07-22,False,,,87
2020-07-23,False,,,88
2020-07-24,False,,,89
2020-07-27,False,,,90
2020-07-28,False,,,91
2020-07-29,False,,,92
2020-07-30,False,,,93
2020-07-31,False,,,94
2020-08-03,False,,,95
2020-08-04,False,,,96
2020-08-05,False,,,97
2020-08-06,False,,,98
2020-08-07,False,,,99
2020-08-10,False,,,100
2020-08-11,False,,,101
2020-08-12,False,,,102
2020-08-13,False,,,103
2020-08-14,False,,,104
2020-08-17,False,,,105
2020-08-18,False,,,106
2020-08-19,False,,,107
2020-08-20,False,,,108
2020-08-21,False,,,109
2020-08-24,False,,,110
2020-08-25,False,,,111
2020-08-26,False,,,112
2020-08-27,False,,,113
2020-08-28,False,,,114
2020-08-31,False,,,115
2020-09-01,False,,,116
2020-09-02,False,,,117
2020-09-03,False,,,118
2020-09-04,False,,,119
2020-09-08,False,,,120
2020-09-09,False,,,121
2020-09-10,False,,,122
2020-09-11,False,,,123
2020-09-14,False,,,124
2020-09-15,False,,,125
2020-09-16,False,,,126
2020-09-17,False,,,127
2020-09-18,False,,,128
2020-09-21,False,,,129
2020-09-22,False,,,130
2020-09-23,False,,,131
2020-09-24,False,,,132
2020-09-25,False,,,133
2020-09-28,False,,,134
2020-09-29,False,,,135
2020-09-30,False,,,136
2020-10-01,False,,,137
2020-10-02,False,,,138
2020-10-05,False,,,139
2020-10-06,False,,,140
2020-10-07,False,,,141
2020-10-08,False,,,142
2020-10-09,False,,,143
2020-10-12,False,,,144
2020-10-13,False,,,145
2020-10-14,False,,,146
2020-10-15,False,,,147
2020-10-16,False,,,148
2020-10-19,False,,,149
2020-10-20,False,,,150
2020-10-21,False,,,151
2020-10-22,False,,,152
2020-10-23,False,,,153
2020-10-26,False,,,154
2020-10-27,False,,,155
2020-10-28,False,,,156
2020-10-29,False,,,157
2020-10-30,False,,,158
2020-11-02,False,,,159
2020-11-03,False,,,160
2020-11-04,False,,,161
2020-11-05,False,,,162
2020-11-06,False,,,163
2020-11-09,False,,,164
2020-11-10,False,,,165
2020-11-11,False,,,166
2020-11-12,False,,,167
2020-11-13,False,,,168
2020-11-16,False,,,169
2020-11-17,False,,,170
2020-11-18,False,,,171
2020-11-19,False,,,172
2020-11-20,False,,,173
2020-11-23,False,,,174
2020-11-24,False,,,175
2020-11-25,False,,,176
2020-11-27,False,,,177
2020-11-30,False,,,178
2020-12-01,False,,,179
2020-12-02,False,,,180
2020-12-03,False,,,181
2020-12-04,False,,,182
2020-12-07,False,,,183
2020-12-08,False,,,184
2020-12-09,False,,,185
2020-12-10,False,,,186
2020-12-11,False,,,187
2020-12-14,False,,,188
2020-12-15,False,,,189
2020-12-16,False,,,190
2020-12-17,False,,,191
2020-12-18,False,,,192
2020-12-21,False,,,193
2020-12-22,False,,,194
2020-12-23,False,,,195
2020-12-24,False,,,196
2020-12-28,False,,,197
2020-12-29,False,,,198
2020-12-30,False,,,199
2020-12-31,False,,,200
2021-01-04,False,,,201
2021-01-05,False,,,202
2021-01-06,False,,,203
2021-01-07,False,,,204
2021-01-08,False,,,205
2021-01-11,False,,,206
2021-01-12,False,,,207
2021-01-13,False,,,208
2021-01-14,False,,,209
2021-01-15,False,,,210
2021-01-19,False,,,211
2021-01-20,False,,,212
2021-01-21,False,,,213
2021-01-22,False,,,214
2021-01-25,False,,,215
2021-01-26,False,,,216
2021-01-27,False,,,217
2021-01-28,False,,,218
2021-01-29,False,,,219
2021-02-01,False,,,220
2021-02-02,False,,,221
2021-02-03,False,,,222
2021-02-04,False,,,223
2021-02-05,False,,,224
2021-02-08,False,,,225
2021-02-09,False,,,226
2021-02-10,False,,,227
2021-02-11,False,,,228
2021-02-12,False,,,229
2021-02-16,False,,,230
2021-02-17,False,,,231
2021-02-18,False,,,232
2021-02-19,False,,,233
2021-02-22,False,,,234
2021-02-23,False,,,235
2021-02-24,False,,,236
2021-02-25,False,,,237
2021-02-26,False,,,238
2021-03-01,False,,,239
2021-03-02,False,,,240
2021-03-03,False,,,241
2021-03-04,False,,,242
2021-03-05,False,,,243
2021-03-08,False,,,244
2021-03-09,False,,,245
2021-03-10,False,,,246
2021-03-11,False,,,247
2021-03-12,False,,,248
2021-03-15,False,,,249
2021-03-16,False,,,250
2021-03-17,False,,,251
2021-03-18,False,,,252
2021-03-19,False,,,253
2021-03-22,False,,,254
2021-03-23,False,,,255
2021-03-24,False,,,256
2021-03-25,False,,,257
2021-03-26,False,,,258
2021-03-29,False,,,259
2021-03-30,False,,,260
2021-03-31,False,,,261
2021-04-01,False,,,262
2021-04-05,False,,,263
2021-04-06,False,,,264
2021-04-07,False,,,265
2021-04-08,False,,,266
2021-04-09,False,,,267
2021-04-12,False,,,268
2021-04-13,False,,,269
2021-04-14,False,,,270
2021-04-15,False,,,271
2021-04-16,False,,,272
2021-04-19,False,,,273
2021-04-20,False,,,274
2021-04-21,False,,,275
2021-04-22,False,,,276
2021-04-23,False,,,277
2021-04-26,False,,,278
2021-04-27,False,,,279
2021-04-28,False,,,280
2021-04-29,False,,,281
2021-04-30,False,,,282
2021-05-03,False,,,283
2021-05-04,False,,,284
2021-05-05,False,,,285
2021-05-06,False,,,286
2021-05-07,False,,,287
2021-05-10,False,,,288
2021-05-11,False,,,289
2021-05-12,False,,,290
2021-05-13,False,,,291
2021-05-14,False,,,292
2021-05-17,False,,,293
2021-05-18,False,,,294
2021-05-19,False,,,295
2021-05-20,False,,,296
2021-05-21,False,,,297
2021-05-24,False,,,298
2021-05-25,False,,,299
2021-05-26,False,,,300
2021-05-27,False,,,301
2021-05-28,False,,,302
2021-06-01,False,,,303
2021-06-02,False,,,304
2021-06-03,False,,,305
2021-06-04,False,,,306
2021-06-07,False,,,307
2021-06-08,False,,,308
2021-06-09,False,,,309
2021-06-10,False,,,310
2021-06-11,False,,,311
2021-06-14,False,,,312
2021-06-15,False,,,313
2021-06-16,False,,,314
2021-06-17,False,,,315
2021-06-18,False,,,316
2021-06-21,False,,,317
2021-06-22,False,,,318
2021-06-23,False,,,319
2021-06-24,False,,,320
2021-06-25,False,,,321
2021-06-28,False,,,322
2021-06-29,False,,,323
2021-06-30,False,,,324
2021-07-01,False,,,325
2021-07-02,False,,,326
2021-07-06,False,,,327
2021-07-07,False,,,328
2021-07-08,False,,,329
2021-07-09,False,,,330
2021-07-12,False,,,331
2021-07-13,False,,,332
2021-07-14,False,,,333
2021-07-15,False,,,334
2021-07-16,False,,,335
2021-07-19,False,,,336
2021-07-20,False,,,337
2021-07-21,False,,,338
2021-07-22,False,,,339
2021-07-23,False,,,340
2021-07-26,False,,,341
2021-07-27,False,,,342
2021-07-28,False,,,343
2021-07-29,False,,,344
2021-07-30,False,,,345
2021-08-02,False,,,346
2021-08-03,False,,,347
2021-08-04,False,,,348
2021-08-05,False,,,349
2021-08-06,False,,,350
2021-08-09,False,,,351
2021-08-10,False,,,352
2021-08-11,False,,,353
2021-08-12,False,,,354
2021-08-13,False,,,355
2021-08-16,False,,,356
2021-08-17,False,,,357
2021-08-18,False,,,358
2021-08-19,False,,,359
2021-08-20,False,,,360
2021-08-23,False,,,361
2021-08-24,False,,,362
2021-08-25,False,,,363
2021-08-26,False,,,364
2021-08-27,False,,,365
2021-08-30,False,,,366
2021-08-31,False,,,367
2021-09-01,False,,,368
2021-09-02,False,,,369
2021-09-03,False,,,370
2021-09-07,False,,,371
2021-09-08,False,,,372
2021-09-09,False,,,373
2021-09-10,False,,,374
2021-09-13,False,,,375
2021-09-14,False,,,376
2021-09-15,False,,,377
2021-09-16,False,,,378
2021-09-17,False,,,379
2021-09-20,False,,,380
2021-09-21,False,,,381
2021-09-22,False,,,382
2021-09-23,False,,,383
2021-09-24,False,,,384
2021-09-27,False,,,385
2021-09-28,False,,,386
2021-09-29,False,,,387
2021-09-30,False,,,388
2021-10-01,False,,,389
2021-10-04,False,,,390
2021-10-05,False,,,391
2021-10-06,False,,,392
2021-10-07,False,,,393
2021-10-08,False,,,394
2021-10-11,False,,,395
2021-10-12,False,,,396
2021-10-13,False,,,397
2021-10-14,False,,,398
2021-10-15,False,,,399
2021-10-18,False,,,400
2021-10-19,False,,,401
2021-10-20,False,,,402
2021-10-21,False,,,403
2021-10-22,False,,,404
2021-10-25,False,,,405
2021-10-26,False,,,406
2021-10-27,False,,,407
2021-10-28,False,,,408
2021-10-29,False,,,409
2021-11-01,False,,,410
2021-11-02,False,,,411
2021-11-03,False,,,412
2021-11-04,False,,,413
2021-11-05,False,,,414
2021-11-08,False,,,415
2021-11-09,False,,,416
2021-11-10,False,,,417
2021-11-11,False,,,418
2021-11-12,False,,,419
2021-11-15,False,,,420
2021-11-16,False,,,421
2021-11-17,False,,,422
2021-11-18,False,,,423
2021-11-19,False,,,424
2021-11-22,False,,,425
2021-11-23,False,,,426
2021-11-24,False,,,427
2021-11-26,False,,,428
2021-11-29,False,,,429
2021-11-30,False,,,430
2021-12-01,False,,,431
2021-12-02,False,,,432
2021-12-03,False,,,433
2021-12-06,False,,,434
2021-12-07,False,,,435
2021-12-08,False,,,436
2021-12-09,False,,,437
2021-12-10,False,,,438
2021-12-13,False,,,439
2021-12-14,False,,,440
2021-12-15,True,2021-11-17,19.0,19
2021-12-16,False,,,20
2021-12-17,False,,,21
2021-12-20,False,,,22
2021-12-21,False,,,23
2021-12-22,False,,,24
2021-12-23,False,,,25
2021-12-27,False,,,26
2021-12-28,False,,,27
2021-12-29,False,,,28
2021-12-30,False,,,29
2021-12-31,False,,,30
2022-01-03,False,,,31
2022-01-04,False,,,32
2022-01-05,False,,,33
2022-01-06,False,,,34
2022-01-07,False,,,35
2022-01-10,False,,,36
2022-01-11,False,,,37
2022-01-12,False,,,38
2022-01-13,False,,,39
2022-01-14,False,,,40
2022-01-18,False,,,41
2022-01-19,False,,,42
2022-01-20,False,,,43
2022-01-21,False,,,44
2022-01-24,False,,,45
2022-01-25,False,,,46
2022-01-26,False,,,47
2022-01-27,False,,,48
2022-01-28,False,,,49
2022-01-31,False,,,50
2022-02-01,False,,,51
2022-02-02,False,,,52
2022-02-03,False,,,53
2022-02-04,False,,,54
2022-02-07,False,,,55
2022-02-08,False,,,56
2022-02-09,False,,,57
2022-02-10,False,,,58
2022-02-11,False,,,59
2022-02-14,False,,,60
2022-02-15,False,,,61
2022-02-16,False,,,62
2022-02-17,False,,,63
2022-02-18,False,,,64
2022-02-22,False,,,65
2022-02-23,False,,,66
2022-02-24,False,,,67
2022-02-25,False,,,68
2022-02-28,False,,,69
2022-03-01,False,,,70
2022-03-02,False,,,71
2022-03-03,False,,,72
2022-03-04,False,,,73
2022-03-07,False,,,74
2022-03-08,False,,,75
2022-03-09,False,,,76
2022-03-10,False,,,77
2022-03-11,False,,,78
2022-03-14,False,,,79
2022-03-15,False,,,80
2022-03-16,False,,,81
2022-03-17,False,,,82
2022-03-18,False,,,83
2022-03-21,False,,,84
2022-03-22,False,,,85
2022-03-23,False,,,86
2022-03-24,False,,,87
2022-03-25,False,,,88
2022-03-28,False,,,89
2022-03-29,False,,,90
2022-03-30,False,,,91
2022-03-31,False,,,92
2022-04-01,False,,,93
2022-04-04,False,,,94
2022-04-05,False,,,95
2022-04-06,False,,,96
2022-04-07,False,,,97
2022-04-08,False,,,98
2022-04-11,False,,,99
2022-04-12,False,,,100
2022-04-13,False,,,101
2022-04-14,False,,,102
2022-04-18,False,,,103
2022-04-19,False,,,104
2022-04-20,False,,,105
2022-04-21,False,,,106
2022-04-22,False,,,107
2022-04-25,False,,,108
2022-04-26,False,,,109
2022-04-27,False,,,110
2022-04-28,False,,,111
2022-04-29,False,,,112
2022-05-02,False,,,113
2022-05-03,False,,,114
2022-05-04,False,,,115
2022-05-05,False,,,116
2022-05-06,False,,,117
2022-05-09,False,,,118
2022-05-10,False,,,119
2022-05-11,False,,,120
2022-05-12,False,,,121
2022-05-13,False,,,122
2022-05-16,False,,,123
2022-05-17,False,,,124
2022-05-18,False,,,125
2022-05-19,False,,,126
2022-05-20,False,,,127
2022-05-23,False,,,128
2022-05-24,False,,,129
2022-05-25,False,,,130
2022-05-26,False,,,131
2022-05-27,False,,,132
2022-05-31,False,,,133
2022-06-01,False,,,134
2022-06-02,False,,,135
2022-06-03,False,,,136
2022-06-06,False,,,137
2022-06-07,False,,,138
2022-06-08,False,,,139
2022-06-09,False,,,140
2022-06-10,False,,,141
2022-06-13,False,,,142
2022-06-14,False,,,143
2022-06-15,False,,,144
2022-06-16,False,,,145
2022-06-17,False,,,146
2022-06-21,False,,,147
2022-06-22,False,,,148
2022-06-23,False,,,149
2022-06-24,False,,,150
2022-06-27,False,,,151
2022-06-28,False,,,152
2022-06-29,False,,,153
2022-06-30,False,,,154
2022-07-01,False,,,155
2022-07-05,False,,,156
2022-07-06,False,,,157
2022-07-07,False,,,158
2022-07-08,False,,,159
2022-07-11,False,,,160
2022-07-12,False,,,161
2022-07-13,False,,,162
2022-07-14,False,,,163
2022-07-15,False,,,164
2022-07-18,False,,,165
2022-07-19,False,,,166
2022-07-20,False,,,167
2022-07-21,False,,,168
2022-07-22,False,,,169
2022-07-25,False,,,170
2022-07-26,False,,,171
2022-07-27,False,,,172
2022-07-28,True,2021-12-23,148.0,148
2022-07-29,False,,,149
2022-08-01,False,,,150
2022-08-02,False,,,151
2022-08-03,False,,,152
2022-08-04,False,,,153
2022-08-05,False,,,154
2022-08-08,False,,,155
2022-08-09,False,,,156
2022-08-10,False,,,157
2022-08-11,False,,,158
2022-08-12,False,,,159
2022-08-15,False,,,160
2022-08-16,False,,,161
2022-08-17,False,,,162
2022-08-18,False,,,163
2022-08-19,False,,,164
2022-08-22,False,,,165
2022-08-23,False,,,166
2022-08-24,False,,,167
2022-08-25,False,,,168
2022-08-26,False,,,169
2022-08-29,False,,,170
2022-08-30,False,,,171
2022-08-31,False,,,172
2022-09-01,False,,,173
2022-09-02,False,,,174
2022-09-06,False,,,175
2022-09-07,False,,,176
2022-09-08,False,,,177
2022-09-09,False,,,178
2022-09-12,False,,,179
2022-09-13,False,,,180
2022-09-14,False,,,181
2022-09-15,False,,,182
2022-09-16,False,,,183
2022-09-19,False,,,184
2022-09-20,False,,,185
2022-09-21,False,,,186
2022-09-22,False,,,187
2022-09-23,False,,,188
2022-09-26,False,,,189
2022-09-27,False,,,190
2022-09-28,False,,,191
2022-09-29,False,,,192
2022-09-30,False,,,193
2022-10-03,False,,,194
2022-10-04,False,,,195
2022-10-05,False,,,196
2022-10-06,False,,,197
2022-10-07,False,,,198
2022-10-10,False,,,199
2022-10-11,False,,,200
2022-10-12,False,,,201
2022-10-13,False,,,202
2022-10-14,False,,,203
2022-10-17,True,2022-05-20,102.0,102
2022-10-18,False,,,103
2022-10-19,False,,,104
2022-10-20,False,,,105
2022-10-21,False,,,106
2022-10-24,False,,,107
2022-10-25,False,,,108
2022-10-26,False,,,109
2022-10-27,False,,,110
2022-10-28,False,,,111
2022-10-31,False,,,112
2022-11-01,False,,,113
2022-11-02,False,,,114
2022-11-03,False,,,115
2022-11-04,False,,,116
2022-11-07,False,,,117
2022-11-08,False,,,118
2022-11-09,False,,,119
2022-11-10,False,,,120
2022-11-11,False,,,121
2022-11-14,False,,,122
2022-11-15,False,,,123
2022-11-16,False,,,124
2022-11-17,False,,,125
2022-11-18,False,,,126
2022-11-21,False,,,127
2022-11-22,False,,,128
2022-11-23,False,,,129
2022-11-25,False,,,130
2022-11-28,False,,,131
2022-11-29,False,,,132
2022-11-30,False,,,133
2022-12-01,False,,,134
2022-12-02,False,,,135
2022-12-05,False,,,136
2022-12-06,False,,,137
2022-12-07,False,,,138
2022-12-08,False,,,139
2022-12-09,False,,,140
2022-12-12,False,,,141
2022-12-13,False,,,142
2022-12-14,False,,,143
2022-12-15,False,,,144
2022-12-16,False,,,145
2022-12-19,False,,,146
2022-12-20,False,,,147
2022-12-21,False,,,148
2022-12-22,False,,,149
2022-12-23,False,,,150
2022-12-27,False,,,151
2022-12-28,False,,,152
2022-12-29,False,,,153
2022-12-30,False,,,154
2023-01-03,False,,,155
2023-01-04,False,,,156
2023-01-05,False,,,157
2023-01-06,False,,,158
2023-01-09,False,,,159
2023-01-10,False,,,160
2023-01-11,False,,,161
2023-01-12,False,,,162
2023-01-13,False,,,163
2023-01-17,False,,,164
2023-01-18,False,,,165
2023-01-19,False,,,166
2023-01-20,False,,,167
2023-01-23,False,,,168
2023-01-24,False,,,169
2023-01-25,False,,,170
2023-01-26,False,,,171
2023-01-27,False,,,172
2023-01-30,False,,,173
2023-01-31,False,,,174
2023-02-01,False,,,175
2023-02-02,False,,,176
2023-02-03,False,,,177
2023-02-06,False,,,178
2023-02-07,False,,,179
2023-02-08,False,,,180
2023-02-09,False,,,181
2023-02-10,False,,,182
2023-02-13,False,,,183
2023-02-14,False,,,184
2023-02-15,False,,,185
2023-02-16,False,,,186
2023-02-17,False,,,187
2023-02-21,False,,,188
2023-02-22,False,,,189
2023-02-23,False,,,190
2023-02-24,False,,,191
2023-02-27,False,,,192
2023-02-28,False,,,193
2023-03-01,False,,,194
2023-03-02,False,,,195
2023-03-03,False,,,196
2023-03-06,False,,,197
2023-03-07,False,,,198
2023-03-08,False,,,199
2023-03-09,False,,,200
2023-03-10,False,,,201
2023-03-13,False,,,202
2023-03-14,False,,,203
2023-03-15,False,,,204
2023-03-16,False,,,205
2023-03-17,False,,,206
2023-03-20,False,,,207
2023-03-21,False,,,208
2023-03-22,False,,,209
2023-03-23,False,,,210
2023-03-24,False,,,211
2023-03-27,False,,,212
2023-03-28,False,,,213
2023-03-29,False,,,214
2023-03-30,False,,,215
2023-03-31,False,,,216
2023-04-03,False,,,217
2023-04-04,False,,,218
2023-04-05,False,,,219
2023-04-06,False,,,220
2023-04-10,False,,,221
2023-04-11,False,,,222
2023-04-12,False,,,223
2023-04-13,False,,,224
2023-04-14,False,,,225
2023-04-17,False,,,226
2023-04-18,False,,,227
2023-04-19,False,,,228
2023-04-20,False,,,229
2023-04-21,False,,,230
2023-04-24,False,,,231
2023-04-25,False,,,232
2023-04-26,False,,,233
2023-04-27,False,,,234
2023-04-28,False,,,235
2023-05-01,False,,,236
2023-05-02,False,,,237
2023-05-03,False,,,238
2023-05-04,False,,,239
2023-05-05,False,,,240
2023-05-08,False,,,241
2023-05-09,False,,,242
2023-05-10,False,,,243
2023-05-11,False,,,244
2023-05-12,False,,,245
2023-05-15,False,,,246
2023-05-16,False,,,247
2023-05-17,False,,,248
2023-05-18,False,,,249
2023-05-19,False,,,250
2023-05-22,False,,,251
2023-05-23,False,,,252
2023-05-24,False,,,253
2023-05-25,False,,,254
2023-05-26,False,,,255
2023-05-30,False,,,256
2023-05-31,False,,,257
2023-06-01,False,,,258
2023-06-02,False,,,259
2023-06-05,False,,,260
2023-06-06,False,,,261
2023-06-07,False,,,262
2023-06-08,False,,,263
2023-06-09,False,,,264
2023-06-12,False,,,265
2023-06-13,False,,,266
2023-06-14,False,,,267
2023-06-15,False,,,268
2023-06-16,False,,,269
2023-06-20,False,,,270
2023-06-21,False,,,271
2023-06-22,False,,,272
2023-06-23,False,,,273
2023-06-26,False,,,274
2023-06-27,False,,,275
2023-06-28,False,,,276
2023-06-29,False,,,277
2023-06-30,False,,,278
2023-07-03,False,,,279
2023-07-05,False,,,280
2023-07-06,False,,,281
2023-07-07,False,,,282
2023-07-10,False,,,283
2023-07-11,False,,,284
2023-07-12,False,,,285
2023-07-13,False,,,286
2023-07-14,False,,,287
2023-07-17,False,,,288
2023-07-18,False,,,289
2023-07-19,False,,,290
2023-07-20,False,,,291
2023-07-21,False,,,292
2023-07-24,False,,,293
2023-07-25,False,,,294
2023-07-26,False,,,295
2023-07-27,False,,,296
2023-07-28,False,,,297
2023-07-31,False,,,298
2023-08-01,False,,,299
2023-08-02,False,,,300
2023-08-03,False,,,301
2023-08-04,False,,,302
2023-08-07,False,,,303
2023-08-08,False,,,304
2023-08-09,False,,,305
2023-08-10,False,,,306
2023-08-11,False,,,307
2023-08-14,False,,,308
2023-08-15,False,,,309
2023-08-16,False,,,310
2023-08-17,False,,,311
2023-08-18,False,,,312
2023-08-21,False,,,313
2023-08-22,False,,,314
2023-08-23,False,,,315
2023-08-24,False,,,316
2023-08-25,False,,,317
2023-08-28,False,,,318
2023-08-29,False,,,319
2023-08-30,False,,,320
2023-08-31,False,,,321
2023-09-01,False,,,322
2023-09-05,False,,,323
2023-09-06,False,,,324
2023-09-07,False,,,325
2023-09-08,False,,,326
2023-09-11,False,,,327
2023-09-12,False,,,328
2023-09-13,False,,,329
2023-09-14,False,,,330
2023-09-15,False,,,331
2023-09-18,False,,,332
2023-09-19,False,,,333
2023-09-20,False,,,334
2023-09-21,False,,,335
2023-09-22,False,,,336
2023-09-25,False,,,337
2023-09-26,False,,,338
2023-09-27,False,,,339
2023-09-28,False,,,340
2023-09-29,False,,,341
2023-10-02,False,,,342
2023-10-03,False,,,343
2023-10-04,False,,,344
2023-10-05,False,,,345
2023-10-06,False,,,346
2023-10-09,False,,,347
2023-10-10,False,,,348
2023-10-11,False,,,349
2023-10-12,False,,,350
2023-10-13,False,,,351
2023-10-16,False,,,352
2023-10-17,False,,,353
2023-10-18,False,,,354
2023-10-19,False,,,355
2023-10-20,False,,,356
2023-10-23,False,,,357
2023-10-24,False,,,358
2023-10-25,False,,,359
2023-10-26,False,,,360
2023-10-27,False,,,361
2023-10-30,False,,,362
2023-10-31,False,,,363
2023-11-01,False,,,364
2023-11-02,False,,,365
2023-11-03,False,,,366
2023-11-06,False,,,367
2023-11-07,False,,,368
2023-11-08,False,,,369
2023-11-09,False,,,370
2023-11-10,False,,,371
2023-11-13,False,,,372
2023-11-14,False,,,373
2023-11-15,False,,,374
2023-11-16,False,,,375
2023-11-17,False,,,376
2023-11-20,False,,,377
2023-11-21,False,,,378
2023-11-22,False,,,379
2023-11-24,False,,,380
2023-11-27,False,,,381
2023-11-28,False,,,382
2023-11-29,False,,,383
2023-11-30,False,,,384
2023-12-01,False,,,385
2023-12-04,False,,,386
2023-12-05,False,,,387
2023-12-06,False,,,388
2023-12-07,False,,,389
2023-12-08,False,,,390
2023-12-11,False,,,391
2023-12-12,False,,,392
2023-12-13,False,,,393
2023-12-14,False,,,394
2023-12-15,False,,,395
2023-12-18,False,,,396
2023-12-19,False,,,397
2023-12-20,False,,,398
2023-12-21,False,,,399
2023-12-22,False,,,400
2023-12-26,False,,,401
2023-12-27,False,,,402
2023-12-28,False,,,403
2023-12-29,False,,,404
2024-01-02,False,,,405
2024-01-03,False,,,406
2024-01-04,False,,,407
2024-01-05,False,,,408
2024-01-08,False,,,409
2024-01-09,False,,,410
2024-01-10,False,,,411
2024-01-11,False,,,412
2024-01-12,False,,,413
2024-01-16,False,,,414
2024-01-17,False,,,415
2024-01-18,False,,,416
2024-01-19,False,,,417
2024-01-22,False,,,418
2024-01-23,False,,,419
2024-01-24,False,,,420
2024-01-25,False,,,421
2024-01-26,False,,,422
2024-01-29,False,,,423
2024-01-30,False,,,424
2024-01-31,False,,,425
2024-02-01,False,,,426
2024-02-02,False,,,427
2024-02-05,False,,,428
2024-02-06,False,,,429
2024-02-07,False,,,430
2024-02-08,False,,,431
2024-02-09,False,,,432
2024-02-12,False,,,433
2024-02-13,False,,,434
2024-02-14,False,,,435
2024-02-15,False,,,436
2024-02-16,False,,,437
2024-02-20,False,,,438
2024-02-21,False,,,439
2024-02-22,False,,,440
2024-02-23,False,,,441
2024-02-26,False,,,442
2024-02-27,False,,,443
2024-02-28,False,,,444
2024-02-29,False,,,445
2024-03-01,False,,,446
2024-03-04,False,,,447
2024-03-05,False,,,448
2024-03-06,False,,,449
2024-03-07,False,,,450
2024-03-08,False,,,451
2024-03-11,False,,,452
2024-03-12,False,,,453
2024-03-13,False,,,454
2024-03-14,False,,,455
2024-03-15,False,,,456
2024-03-18,False,,,457
2024-03-19,False,,,458
2024-03-20,False,,,459
2024-03-21,False,,,460
2024-03-22,False,,,461
2024-03-25,False,,,462
2024-03-26,False,,,463
2024-03-27,False,,,464
2024-03-28,False,,,465
2024-04-01,False,,,466
2024-04-02,False,,,467
2024-04-03,False,,,468
2024-04-04,False,,,469
2024-04-05,False,,,470
2024-04-08,False,,,471
2024-04-09,False,,,472
2024-04-10,False,,,473
2024-04-11,False,,,474
2024-04-12,False,,,475
2024-04-15,False,,,476
2024-04-16,False,,,477
2024-04-17,False,,,478
2024-04-18,False,,,479
2024-04-19,False,,,480
2024-04-22,False,,,481
2024-04-23,False,,,482
2024-04-24,False,,,483
2024-04-25,False,,,484
2024-04-26,False,,,485
2024-04-29,False,,,486
2024-04-30,False,,,487
2024-05-01,False,,,488
2024-05-02,False,,,489
2024-05-03,False,,,490
2024-05-06,False,,,491
2024-05-07,False,,,492
2024-05-08,False,,,493
2024-05-09,False,,,494
2024-05-10,False,,,495
2024-05-13,False,,,496
2024-05-14,False,,,497
2024-05-15,False,,,498
2024-05-16,False,,,499
2024-05-17,False,,,500
2024-05-20,False,,,501
2024-05-21,False,,,502
2024-05-22,False,,,503
2024-05-23,False,,,504
2024-05-24,False,,,505
2024-05-28,False,,,506
2024-05-29,False,,,507
2024-05-30,False,,,508
2024-05-31,False,,,509
2024-06-03,False,,,510
2024-06-04,False,,,511
2024-06-05,False,,,512
2024-06-06,False,,,513
2024-06-07,False,,,514
2024-06-10,False,,,515
2024-06-11,False,,,516
2024-06-12,False,,,517
2024-06-13,False,,,518
2024-06-14,False,,,519
2024-06-17,False,,,520
2024-06-18,False,,,521
2024-06-20,False,,,522
2024-06-21,False,,,523
2024-06-24,False,,,524
2024-06-25,False,,,525
2024-06-26,False,,,526
2024-06-27,False,,,527
2024-06-28,False,,,528
2024-07-01,False,,,529
2024-07-02,False,,,530
2024-07-03,False,,,531
2024-07-05,False,,,532
2024-07-08,False,,,533
2024-07-09,False,,,534
2024-07-10,False,,,535
2024-07-11,False,,,536
2024-07-12,False,,,537
2024-07-15,False,,,538
2024-07-16,False,,,539
2024-07-17,False,,,540
2024-07-18,False,,,541
2024-07-19,False,,,542
2024-07-22,False,,,543
2024-07-23,False,,,544
2024-07-24,False,,,545
2024-07-25,False,,,546
2024-07-26,False,,,547
2024-07-29,False,,,548
2024-07-30,False,,,549
2024-07-31,False,,,550
2024-08-01,False,,,551
2024-08-02,False,,,552
2024-08-05,False,,,553
2024-08-06,False,,,554
2024-08-07,False,,,555
2024-08-08,True,2024-07-12,19.0,19
2024-08-09,False,,,20
2024-08-12,False,,,21
2024-08-13,False,,,22
2024-08-14,False,,,23
2024-08-15,False,,,24
2024-08-16,False,,,25
2024-08-19,False,,,26
2024-08-20,False,,,27
2024-08-21,False,,,28
2024-08-22,False,,,29
2024-08-23,False,,,30
2024-08-26,False,,,31
2024-08-27,False,,,32
2024-08-28,False,,,33
2024-08-29,False,,,34
2024-08-30,False,,,35
2024-09-03,False,,,36
2024-09-04,False,,,37
2024-09-05,False,,,38
2024-09-06,False,,,39
2024-09-09,False,,,40
2024-09-10,False,,,41
2024-09-11,False,,,42
2024-09-12,False,,,43
2024-09-13,False,,,44
2024-09-16,False,,,45
2024-09-17,False,,,46
2024-09-18,False,,,47
2024-09-19,False,,,48
2024-09-20,False,,,49
2024-09-23,False,,,50
2024-09-24,False,,,51
2024-09-25,False,,,52
2024-09-26,False,,,53
2024-09-27,False,,,54
2024-09-30,False,,,55
2024-10-01,False,,,56
2024-10-02,False,,,57
2024-10-03,False,,,58
2024-10-04,False,,,59
2024-10-07,False,,,60
2024-10-08,False,,,61
2024-10-09,False,,,62
2024-10-10,False,,,63
2024-10-11,False,,,64
2024-10-14,False,,,65
2024-10-15,False,,,66
2024-10-16,False,,,67
2024-10-17,False,,,68
2024-10-18,False,,,69
2024-10-21,False,,,70
2024-10-22,False,,,71
2024-10-23,False,,,72
2024-10-24,False,,,73
2024-10-25,False,,,74
2024-10-28,False,,,75
2024-10-29,False,,,76
2024-10-30,False,,,77
2024-10-31,False,,,78
2024-11-01,False,,,79
2024-11-04,False,,,80
2024-11-05,False,,,81
2024-11-06,False,,,82
2024-11-07,False,,,83
2024-11-08,False,,,84
2024-11-11,False,,,85
2024-11-12,False,,,86
2024-11-13,False,,,87
2024-11-14,False,,,88
2024-11-15,False,,,89
2024-11-18,False,,,90
2024-11-19,False,,,91
2024-11-20,False,,,92
2024-11-21,False,,,93
2024-11-22,False,,,94
2024-11-25,False,,,95
2024-11-26,False,,,96
2024-11-27,False,,,97
2024-11-29,False,,,98
2024-12-02,False,,,99
2024-12-03,False,,,100
2024-12-04,True,2024-09-10,60.0,60
2024-12-05,False,,,61
2024-12-06,False,,,62
2024-12-09,False,,,63
2024-12-10,False,,,64
2024-12-11,False,,,65
2024-12-12,False,,,66
2024-12-13,False,,,67
2024-12-16,False,,,68
2024-12-17,False,,,69
2024-12-18,False,,,70
2024-12-19,False,,,71
2024-12-20,False,,,72
2024-12-23,False,,,73
2024-12-24,False,,,74
2024-12-26,False,,,75
2024-12-27,False,,,76
2024-12-30,False,,,77
2024-12-31,False,,,78
2025-01-02,False,,,79
2025-01-03,False,,,80
2025-01-06,False,,,81
2025-01-07,False,,,82
2025-01-08,False,,,83
2025-01-10,False,,,84
2025-01-13,False,,,85
2025-01-14,False,,,86
2025-01-15,False,,,87
2025-01-16,False,,,88
2025-01-17,False,,,89
2025-01-21,False,,,90
2025-01-22,False,,,91
2025-01-23,False,,,92
2025-01-24,False,,,93
2025-01-27,False,,,94
2025-01-28,False,,,95
2025-01-29,False,,,96
2025-01-30,False,,,97
2025-01-31,False,,,98
2025-02-03,False,,,99
2025-02-04,False,,,100
2025-02-05,False,,,101
2025-02-06,False,,,102
2025-02-07,False,,,103
2025-02-10,False,,,104
2025-02-11,False,,,105
2025-02-12,False,,,106
2025-02-13,False,,,107
2025-02-14,False,,,108
2025-02-18,False,,,109
2025-02-19,False,,,110
2025-02-20,False,,,111
2025-02-21,False,,,112
2025-02-24,False,,,113
2025-02-25,False,,,114
2025-02-26,False,,,115
2025-02-27,False,,,116
2025-02-28,False,,,117
2025-03-03,False,,,118
2025-03-04,False,,,119
2025-03-05,False,,,120
2025-03-06,False,,,121
2025-03-07,False,,,122
2025-03-10,False,,,123
2025-03-11,False,,,124
2025-03-12,False,,,125
2025-03-13,False,,,126
2025-03-14,False,,,127
2025-03-17,False,,,128
2025-03-18,False,,,129
2025-03-19,False,,,130
2025-03-20,False,,,131
2025-03-21,False,,,132
2025-03-24,False,,,133
2025-03-25,False,,,134
2025-03-26,False,,,135
2025-03-27,False,,,136
2025-03-28,False,,,137
2025-03-31,False,,,138
2025-04-01,False,,,139
2025-04-02,False,,,140
2025-04-03,False,,,141
2025-04-04,False,,,142
2025-04-07,False,,,143
2025-04-08,False,,,144
2025-04-09,False,,,145
2025-04-10,False,,,146
2025-04-11,False,,,147
2025-04-14,False,,,148
2025-04-15,False,,,149
2025-04-16,False,,,150
2025-04-17,False,,,151
2025-04-21,False,,,152
2025-04-22,False,,,153
2025-04-23,False,,,154
2025-04-24,False,,,155
2025-04-25,False,,,156
2025-04-28,False,,,157
2025-04-29,False,,,158
2025-04-30,False,,,159
2025-05-01,False,,,160
2025-05-02,False,,,161
2025-05-05,False,,,162
2025-05-06,False,,,163
2025-05-07,False,,,164
2025-05-08,False,,,165
2025-05-09,False,,,166
2025-05-12,False,,,167
2025-05-13,False,,,168
2025-05-14,False,,,169
2025-05-15,False,,,170
2025-05-16,False,,,171
2025-05-19,False,,,172
2025-05-20,False,,,173
2025-05-21,False,,,174
2025-05-22,False,,,175
2025-05-23,False,,,176
2025-05-27,False,,,177
2025-05-28,False,,,178
2025-05-29,False,,,179
2025-05-30,False,,,180
2025-06-02,False,,,181
2025-06-03,False,,,182
2025-06-04,False,,,183
2025-06-05,False,,,184
2025-06-06,False,,,185
2025-06-09,False,,,186
2025-06-10,False,,,187
2025-06-11,False,,,188
2025-06-12,False,,,189
2025-06-13,False,,,190
2025-06-16,False,,,191
2025-06-17,False,,,192
2025-06-18,False,,,193
2025-06-20,False,,,194
2025-06-23,False,,,195
2025-06-24,False,,,196
2025-06-25,False,,,197
2025-06-26,False,,,198
2025-06-27,False,,,199
2025-06-30,False,,,200
2025-07-01,False,,,201
2025-07-02,False,,,202
2025-07-03,False,,,203
2025-07-07,False,,,204
2025-07-08,False,,,205
2025-07-09,False,,,206
2025-07-10,False,,,207
2025-07-11,False,,,208
2025-07-14,False,,,209
2025-07-15,False,,,210
2025-07-16,False,,,211
2025-07-17,False,,,212
2025-07-18,False,,,213
2025-07-21,False,,,214
2025-07-22,False,,,215
2025-07-23,False,,,216
2025-07-24,False,,,217
2025-07-25,False,,,218
2025-07-28,False,,,219
2025-07-29,False,,,220
2025-07-30,False,,,221
2025-07-31,False,,,222
2025-08-01,False,,,223
2025-08-04,False,,,224
2025-08-05,False,,,225
2025-08-06,False,,,226
2025-08-07,False,,,227
2025-08-08,False,,,228
2025-08-11,False,,,229
2025-08-12,False,,,230
2025-08-13,False,,,231
2025-08-14,False,,,232
2025-08-15,False,,,233
2025-08-18,False,,,234
2025-08-19,False,,,235
2025-08-20,False,,,236
2025-08-21,False,,,237
2025-08-22,False,,,238
2025-08-25,False,,,239
2025-08-26,False,,,240
2025-08-27,False,,,241
2025-08-28,False,,,242
2025-08-29,False,,,243
2025-09-02,False,,,244
2025-09-03,False,,,245
2025-09-04,False,,,246
2025-09-05,False,,,247
2025-09-08,False,,,248
2025-09-09,False,,,249
2025-09-10,False,,,250
2025-09-11,False,,,251
2025-09-12,False,,,252
2025-09-15,False,,,253
2025-09-16,False,,,254
2025-09-17,False,,,255
2025-09-18,False,,,256
2025-09-19,False,,,257
2025-09-22,False,,,258
2025-09-23,False,,,259
2025-09-24,False,,,260
2025-09-25,False,,,261
2025-09-26,False,,,262
2025-09-29,False,,,263
2025-09-30,False,,,264
2025-10-01,False,,,265
2025-10-02,False,,,266
2025-10-03,False,,,267
2025-10-06,False,,,268
2025-10-07,False,,,269
2025-10-08,False,,,270
2025-10-09,False,,,271
2025-10-10,False,,,272
2025-10-13,False,,,273
2025-10-14,False,,,274
2025-10-15,False,,,275
2025-10-16,False,,,276
2025-10-17,False,,,277
2025-10-20,False,,,278
2025-10-21,False,,,279
2025-10-22,False,,,280
2025-10-23,False,,,281
2025-10-24,False,,,282
2025-10-27,False,,,283
2025-10-28,False,,,284
2025-10-29,False,,,285
2025-10-30,False,,,286
2025-10-31,False,,,287
2025-11-03,False,,,288
2025-11-04,False,,,289
2025-11-05,False,,,290
2025-11-06,False,,,291
2025-11-07,False,,,292
2025-11-10,False,,,293
2025-11-11,False,,,294
2025-11-12,False,,,295
2025-11-13,False,,,296
2025-11-14,False,,,297
2025-11-17,False,,,298
2025-11-18,False,,,299
2025-11-19,False,,,300
2025-11-20,False,,,301
2025-11-21,False,,,302
2025-11-24,False,,,303
2025-11-25,False,,,304
2025-11-26,False,,,305
2025-11-28,False,,,306
2025-12-01,False,,,307
2025-12-02,False,,,308
2025-12-03,False,,,309
2025-12-04,False,,,310
2025-12-05,False,,,311
2025-12-08,False,,,312
2025-12-09,False,,,313
2025-12-10,False,,,314
2025-12-11,False,,,315
2025-12-12,False,,,316
2025-12-15,False,,,317
2025-12-16,False,,,318
2025-12-17,False,,,319
2025-12-18,False,,,320
2025-12-19,False,,,321
2025-12-22,False,,,322
2025-12-23,False,,,323
2025-12-24,False,,,324
2025-12-26,False,,,325
2025-12-29,False,,,326
2025-12-30,False,,,327
