date,log_return,cumulative_value
1998-01-02,0.004570388683549544,1.0045808488394972
1998-01-05,0.008469381617632811,1.0131251588513044
1998-01-06,-0.009982978587430639,1.0030614684656136
1998-01-07,-0.005585818902871104,0.9974741681059119
1998-01-08,-0.005285834385844886,0.9922155950659681
1998-01-09,-0.032366063085567574,0.960615624373366
1998-01-12,0.019034539920356676,0.9790756323468375
1998-01-13,0.011008654153203689,0.989913482994485
1998-01-14,0.0013293084940666732,0.991230258402286
1998-01-15,-0.008162104889762474,0.9831726612727797
1998-01-16,0.010907368522048346,0.9939551853920207
1998-01-20,0.023827604481260763,1.0179231722935833
1998-01-21,-0.011166426238103804,1.006619834667018
1998-01-22,-0.007218963127988779,0.9993792493999717
1998-01-23,-0.006712074806295737,0.9926938028262448
1998-01-26,0.0004854810810966422,0.9931758538907067
1998-01-27,0.017541218665383194,1.0107510633661514
1998-01-28,0.011296747144854206,1.0222340003557953
1998-01-29,0.0075301134986027266,1.029960592950407
1998-01-30,-0.0028692315897553876,1.0270096329991454
1998-02-02,0.022982062379544223,1.0508857426820322
1998-02-03,0.0035748793643782576,1.0546492554819227
1998-02-04,-0.0010310848323559026,1.0535623830562673
1998-02-05,-0.00680047557369425,1.0464219644443487
1998-02-06,0.007651637932409871,1.0544595174486333
1998-02-09,-0.007251621794518691,1.0468406338488465
1998-02-10,0.010840297221664517,1.0582504285140495
1998-02-11,0.0060000184853166525,1.0646190374268965
1998-02-12,0.002652417475756838,1.0674465998470462
1998-02-13,-0.006744778549246462,1.060271134582222
1998-02-17,-0.0030739381958149407,1.0570169308167754
1998-02-18,0.008013664640883846,1.065521541054295
1998-02-19,-0.001772622889472471,1.0636344462292715
1998-02-20,0.008817474457952158,1.0730544852359227
1998-02-23,0.011847153547447224,1.0858427290571686
1998-02-24,-0.008938838622139575,1.0761798081196887
1998-02-25,0.015958301654651865,1.093491575945205
1998-02-26,0.0016743868550490994,1.0953240375627773
1998-02-27,-0.004459832707191723,1.0904499524759625
1998-03-02,-0.010389999409305078,1.0791788329712497
1998-03-03,0.0018797394950259803,1.0812093158373213
1998-03-04,-0.012170341489014112,1.0681303782451321
1998-03-05,-0.012279415320096274,1.0550945616168699
1998-03-06,0.019875022640729552,1.0762743672825017
1998-03-09,-0.007868213646522992,1.0678392388321734
1998-03-10,0.012705238847735844,1.0814929445404866
1998-03-11,0.005184005605052268,1.0871139671449184
1998-03-12,0.0027483228235654997,1.0901058166736226
1998-03-13,-0.00020662922152742984,1.0898805922271182
1998-03-16,0.011179844413491177,1.1021336537135258
1998-03-17,-0.0013385928724517393,1.1006593324382956
1998-03-18,0.0025867268769995226,1.103510123034672
1998-03-19,0.007490102589286866,1.1118065588552963
1998-03-20,0.011232512807726991,1.1243653415670125
1998-03-23,-0.0007098470897086149,1.123567497308746
1998-03-24,0.010251897626588336,1.1351454428190824
1998-03-25,0.002931048244956279,1.1384774896866092
1998-03-26,-0.001427100497921828,1.1368539266635518
1998-03-27,-0.0043637551721182125,1.1319037829240026
1998-03-30,-0.0008117689779192981,1.1309853113908213
1998-03-31,0.008607307416168502,1.140762065051516
1998-04-01,0.005582780549529588,1.147148499764282
1998-04-02,0.011744783737199766,1.1607009402649793
1998-04-03,0.002393000811995525,1.1634818245596548
1998-04-06,0.011465602176965864,1.1768986130994976
1998-04-07,-0.01347711979658542,1.161143812633877
1998-04-08,-0.008355516085779164,1.1514822765990513
1998-04-09,0.003442429045298137,1.155453003184229
1998-04-13,-0.0026971221312857823,1.1523408041946983
1998-04-14,0.0009791798722883778,1.1534697057248118
1998-04-15,0.0037143343200352072,1.1577620444956536
1998-04-16,-0.004975578567447935,1.1520158157418199
1998-04-17,0.02561810291444013,1.1819095509729547
1998-04-20,0.014191042378540245,1.1988016542907394
1998-04-21,0.01081636483445953,1.2118387100190102
1998-04-22,0.0076410192452466864,1.2211338599091306
1998-04-23,-0.011066629550960274,1.2076945250790259
1998-04-24,-0.010216927728515226,1.1954184162437906
1998-04-27,-0.021872688263194558,1.1695552811271648
1998-04-28,-0.003992524991759725,1.1648951115501274
1998-04-29,0.004455856647856697,1.1700972986697127
1998-04-30,0.014173094884308169,1.1867992784945378
1998-05-01,0.0011909633647127055,1.1882135549650574
1998-05-04,0.000494311972044079,1.1888010483411637
1998-05-05,-0.007137931457971192,1.1803456807581671
1998-05-06,-0.0082910038175145,1.1705998872463146
1998-05-07,-0.011001776535147697,1.1577917939546123
1998-05-08,0.015432305474891078,1.1757977701061493
1998-05-11,-0.00795333801522271,1.1664833424976238
1998-05-12,0.010353392126085888,1.1786231375389598
1998-05-13,0.00434840179928458,1.183759423735654
1998-05-14,-0.0002793411200409409,1.1834287972333073
1998-05-15,-0.006556362063310005,1.1756951894318763
1998-05-18,0.004048473780413495,1.1804646084997863
1998-05-19,0.0028666831929665916,1.1838534816449318
1998-05-20,0.007381095894980177,1.192623945718452
1998-05-21,-0.009848843908473346,1.1809356313077775
1998-05-22,-0.010415412496178299,1.1686995322010123
1998-05-26,-0.016673262712429845,1.1493750466589636
1998-05-27,0.008597726813124203,1.1592996627485816
1998-05-28,0.001566986568417167,1.1611176937919856
1998-05-29,-0.014549358481774358,1.1443464772945444
1998-06-01,-0.0017812020358531173,1.142309979265114
1998-06-02,0.005405800031739444,1.1485017993795126
1998-06-03,-0.012569535763503732,1.134156013748124
1998-06-04,0.020160331019919167,1.1572530137078332
1998-06-05,0.018864314910321842,1.17929101131546
1998-06-08,-0.0018113206969934052,1.1771568704890993
1998-06-09,0.009329478072355474,1.1881905187600095
1998-06-10,-0.00882260587972058,1.177753689815902
1998-06-11,-0.014910811059152873,1.1603227050874614
1998-06-12,0.010905874161728795,1.1730462933124843
1998-06-15,-0.017870436123153824,1.1522696412947246
1998-06-16,0.012854257205523053,1.167176816706304
1998-06-17,0.01627024383265022,1.1863223973919912
1998-06-18,0.0021918537347300525,1.188925494331028
1998-06-19,0.0016702839558626085,1.1909129968936771
1998-06-22,0.0026873072520290234,1.1941176500420225
1998-06-23,0.01808227169385907,1.2159064112915043
1998-06-24,0.017466502362668383,1.237330601663737
1998-06-25,-0.006822718522691786,1.2289173764188481
1998-06-26,0.010004018887409434,1.2412731899116654
1998-06-29,0.004596041307557039,1.2469912629508881
1998-06-30,-0.004520054427464333,1.2413675139723597
1998-07-01,0.007406578161571889,1.2505959328073197
1998-07-02,-0.0037267193047182796,1.2459439864353197
1998-07-06,0.0072633561822554515,1.255026666832631
1998-07-07,0.004026732909854908,1.2600905125494692
1998-07-08,0.017393122239696485,1.2821991324749917
1998-07-09,0.0005081024226353815,1.282850786499978
1998-07-10,0.00758233367561557,1.292614759290121
1998-07-13,0.00842843828712512,1.3035555250343147
1998-07-14,0.004689573324649146,1.3096830006451343
1998-07-15,-0.006894956220055592,1.3006838537075196
1998-07-16,0.00790364981882819,1.3110047360052368
1998-07-17,0.008281028893365938,1.3219062798049208
1998-07-20,0.0028146995287888464,1.3256322901275874
1998-07-21,-0.018985739179214322,1.3007015939359214
1998-07-22,0.005319213805317076,1.307638737529328
1998-07-23,-0.024226356083884806,1.2763400729347072
1998-07-24,0.008278670186383199,1.2869503302556913
1998-07-27,0.012603704640818336,1.3032733211037855
1998-07-28,-0.019585552220138584,1.2779963333014148
1998-07-29,-0.004150481215831931,1.2727030260111427
1998-07-30,0.022582354679801662,1.3017706293382003
1998-07-31,-0.021939044415389547,1.2735220323406677
1998-08-03,-0.005689230848708391,1.2662972427429553
1998-08-04,-0.03934617986290756,1.2174407447702327
1998-08-05,0.013459973873455749,1.2339382442719766
1998-08-06,0.011778516069301607,1.2485581370094856
1998-08-07,-0.010299905733613971,1.235764107651134
1998-08-10,-0.001031371896917457,1.2344902323118174
1998-08-11,-0.012589637374499188,1.2190458713888028
1998-08-12,0.00824778182811257,1.2291418733528392
1998-08-13,-0.008056595181090202,1.219278958962426
1998-08-14,-0.008217462354731907,1.2093006344205823
1998-08-17,0.02572236295316938,1.2408102174096196
1998-08-18,0.02149655230403864,1.2677721148127292
1998-08-19,0.0005180150126196173,1.268429009926859
1998-08-20,-0.012284886708714445,1.2529418271593624
1998-08-21,-0.004836406745975649,1.2468967209337718
1998-08-24,0.0028278515491945186,1.2504277500177214
1998-08-25,0.00797890940433491,1.260444708812735
1998-08-26,0.00269847566634522,1.2638505814537302
1998-08-27,-0.04158959044341576,1.2123655940517766
1998-08-28,-0.022958063951986688,1.184849098531146
1998-08-31,-0.08362404429903737,1.0897969333078725
1998-09-01,0.04239136407261215,1.1369880939347392
1998-09-02,-0.006993754089231111,1.1290640206123672
1998-09-03,-0.008342681617236936,1.119683781542534
1998-09-04,-0.017524061399930072,1.100233297698809
1998-09-08,0.051311825977176984,1.15816177574705
1998-09-09,-0.018096215457976735,1.1373919253558251
1998-09-10,-0.022833720448851586,1.1117152981496898
1998-09-11,0.035098109278411484,1.1514272334915792
1998-09-14,0.01467725809531617,1.1684516584969666
1998-09-15,0.007201707242518862,1.1768968787698757
1998-09-16,0.002008832282833166,1.1792634434334244
1998-09-17,-0.0311561493928282,1.1430885961035162
1998-09-18,0.0005612647390805759,1.1437303515066466
1998-09-21,0.010142187978332043,1.1553893034288212
1998-09-22,0.008589617798487974,1.1653564014527893
1998-09-23,0.03878023410103408,1.2114369273814294
1998-09-24,-0.021998112682171597,1.1850785812091489
1998-09-25,0.005653417338315883,1.191797298970358
1998-09-28,0.00384646671608109,1.196390335431152
1998-09-29,0.0027559011446332215,1.1996920163894749
1998-09-30,-0.023833874011303186,1.1714367616382493
1998-10-01,-0.0351515609136107,1.1309742573591044
1998-10-02,0.011454850077613,1.144003881643495
1998-10-05,-0.022606246642155048,1.118432374633773
1998-10-06,-0.012923763361113292,1.1040710205494002
1998-10-07,-0.017130099767967245,1.0853192422745443
1998-10-08,-0.00868408699440573,1.075935041141877
1998-10-09,0.026680771234894343,1.1050282060335068
1998-10-12,0.010512965328782055,1.116706609013407
1998-10-13,-0.008540890464700163,1.1072095545670804
1998-10-14,0.02100853002481252,1.1307164579059739
1998-10-15,0.04776611445437741,1.1860370977515426
1998-10-16,0.00737332678421893,1.1948144562519858
1998-10-19,-0.002250182442095485,1.1921289283379863
1998-10-20,-0.001896835836349901,1.1898697987415139
1998-10-21,0.01990724651194026,1.2137941742685845
1998-10-22,0.013321994777186406,1.2300725232085243
1998-10-23,-0.0014097005106084332,1.228339711004558
1998-10-26,0.005754747145525072,1.2354288740562398
1998-10-27,-0.010680968731688318,1.2223035174256383
1998-10-28,0.0016152430360936788,1.224279430030092
1998-10-29,0.01911330600585987,1.2479045149325783
1998-10-30,0.005887492837796777,1.2552732141235268
1998-11-02,0.009007725123207284,1.2666314493214945
1998-11-03,-0.0004675198408162856,1.2660394123932237
1998-11-04,-6.583922286557727e-06,1.266031076915561
1998-11-05,0.017138533247015045,1.2879159946297447
1998-11-06,0.011957961006284526,1.3034092933853048
1998-11-09,-0.007817108771439143,1.293260121437962
1998-11-10,0.0039057294547088345,1.2983211226038454
1998-11-11,-0.006735729544473832,1.2896053690921483
1998-11-12,-0.006799948437871337,1.2808658668351585
1998-11-13,0.0066028401018102196,1.2893512021737032
1998-11-16,0.012019609739991785,1.304942211662743
1998-11-17,0.007660985073897445,1.3149777464269496
1998-11-18,0.007681971345242202,1.3251182675226427
1998-11-19,0.008159803055732188,1.3359752066135566
1998-11-20,0.012122455195197182,1.352269067459919
1998-11-23,0.031174020836329766,1.3950886938176195
1998-11-24,-0.0004224664378773672,1.3944994401453334
1998-11-25,0.007179248934335641,1.4045469222974438
1998-11-27,0.006851378375714002,1.414203045813853
1998-11-30,-0.02968980579024559,1.3728328080883148
1998-12-01,0.017854912800449912,1.3975647545020495
1998-12-02,-0.007129081568836105,1.3876368319023489
1998-12-03,-0.027772826977523646,1.3496284770442375
1998-12-04,0.02777294743644027,1.3876369990555883
1998-12-07,0.014458144198925972,1.407845390779004
1998-12-08,-0.0029917808106441138,1.4036397203136073
1998-12-09,0.0021836724765113753,1.4067081587507733
1998-12-10,-0.015968455565415814,1.3844236005422281
1998-12-11,0.009811986330176804,1.398074407231041
1998-12-14,-0.028807812814130467,1.358373534635826
1998-12-15,0.031536010158680225,1.4018938378275163
1998-12-16,-0.0006795865825868371,1.4009414532356665
1998-12-17,0.01279943963011157,1.4189879650380566
1998-12-18,0.01583504888515105,1.4416365563502835
1998-12-21,0.013543759054963118,1.4612945556235817
1998-12-22,-0.0007519568113141722,1.4601961382621098
1998-12-23,0.024642501675020974,1.4966260425386104
1998-12-24,-0.004303349396016709,1.4901993757765055
1998-12-28,0.0016093752282517041,1.4925995966469767
1998-12-29,0.007939917905524225,1.5044978881310698
1998-12-30,-0.008430127986506527,1.4918680885887914
1998-12-31,-0.007967183487081428,1.4800293252115846
1999-01-04,-0.012231562465196908,1.4620365184661896
1999-01-05,0.011403192577081066,1.4788038211404642
1999-01-06,0.01899050718651462,1.5071554091985602
1999-01-07,0.0028100403237805854,1.5113965327459309
1999-01-08,-0.0030499970363949552,1.506793800528119
1999-01-11,-0.021258420243132407,1.4750998202600494
1999-01-12,-0.02329075555184848,1.4411406335985895
1999-01-13,0.0032392853149678016,1.4458164683826693
1999-01-14,-0.010951718471008813,1.4300686835123904
1999-01-15,0.023212123023994634,1.4636518744272062
1999-01-19,0.01673805073288491,1.4883567325628455
1999-01-20,0.013848024449870029,1.5091109034544277
1999-01-21,-0.018895693736738866,1.4808629290281454
1999-01-22,-0.014826698667198566,1.4590685889232033
1999-01-25,0.011271715412075532,1.4756078325367834
1999-01-26,0.02670122004704294,1.5155390963015964
1999-01-27,-0.0035436361306376563,1.5101780815553376
1999-01-28,0.018665192961369502,1.5386305562787488
1999-01-29,0.010081214542660805,1.554220270613103
1999-02-01,-0.00557992947182963,1.5455719819788452
1999-02-02,-0.012824423460370967,1.52587746771103
1999-02-03,0.003654218589614502,1.5314635576998876
1999-02-04,-0.022065170259871827,1.4980416397124592
1999-02-05,-0.010965614752701821,1.4817044296884199
1999-02-08,0.006961557232326761,1.4920553874661648
1999-02-09,-0.022999958660870377,1.4581298141602996
1999-02-10,0.01218029833717481,1.4759988746347836
1999-02-11,0.024753633901769368,1.5129911683890518
1999-02-12,-0.019875354735889163,1.4832168004081296
1999-02-16,0.002886032487621304,1.4875035952193818
1999-02-17,-0.011154079110472474,1.4710040521092058
1999-02-18,0.01059944748746229,1.486678807433969
1999-02-19,-0.0012498559296791807,1.4848218338274437
1999-02-22,0.02616980434656343,1.5241922417395128
1999-02-23,0.002473621979074534,1.5279671841344087
1999-02-24,-0.013571574112128714,1.5073703461498695
1999-02-25,-0.007389963961928311,1.4962719923400503
1999-02-26,-0.005312778807750538,1.4883437094635215
1999-03-01,-0.000616303510833807,1.4874267206108014
1999-03-02,-0.010089734247626572,1.4724944383456218
1999-03-03,-0.005758100414947019,1.464040031530189
1999-03-04,0.018423187920221462,1.4912623067359077
1999-03-05,0.026368357233442358,1.531107460963473
1999-03-08,0.00803207320610195,1.543454949761015
1999-03-09,0.000978483505649865,1.544965934087135
1999-03-10,-0.0006906463144544539,1.5438992774424392
1999-03-11,0.010315066532608679,1.559907120253975
1999-03-12,-0.003891534860589572,1.5538484836600006
1999-03-15,0.015008865975947307,1.5773458808452374
1999-03-16,-0.0013727273004881726,1.575182100572197
1999-03-17,-0.015098468024598681,1.5515779059890307
1999-03-18,0.009500754381110898,1.5663893149445907
1999-03-19,-0.019165850939111207,1.5366539924183666
1999-03-22,-0.0013058865948395353,1.5346486062572022
1999-03-23,-0.024934204961211345,1.4968564796533899
1999-03-24,0.00844507275119058,1.50955106944201
1999-03-25,0.014686348863276855,1.5318844596341175
1999-03-26,-0.009699224606072952,1.5170981917740491
1999-03-29,0.03047739619624425,1.5640472021509098
1999-03-30,0.0010859300397189349,1.5657465705218476
1999-03-31,-0.014961484448230243,1.5424950499174799
1999-04-01,0.01044619607368247,1.5586927103253567
1999-04-05,0.023308180185784483,1.595449706142793
1999-04-06,-0.004575990006418528,1.5881656228883587
1999-04-07,0.009471766057007404,1.6032798222116555
1999-04-08,0.014557665160126312,1.6267905484525833
1999-04-09,0.0048009441035226155,1.6346194569825527
1999-04-12,0.005314717493966713,1.6433301244713887
1999-04-13,-0.014522527109105402,1.6196372746245027
1999-04-14,-0.03008173801083901,1.5716412910448534
1999-04-15,-0.014074637979248704,1.5496759485635563
1999-04-16,-0.005781235430133101,1.5407427543947414
1999-04-19,-0.04154517713305647,1.4780437620727354
1999-04-20,0.019589145839689282,1.5072828260319973
1999-04-21,0.0271367360610079,1.5487456000188906
1999-04-22,0.03083466543788756,1.5972445340699373
1999-04-23,4.192065576699108e-06,1.5972512298378005
1999-04-26,0.005877854064062856,1.6066672854611133
1999-04-27,-0.001628848032550716,1.6040523988188473
1999-04-28,-0.01583443154368838,1.5788531751215025
1999-04-29,-0.0064985457652911105,1.5686261917573852
1999-04-30,-0.0036124238029000394,1.5629698718278642
1999-05-03,0.011927993113041357,1.5817245964446178
1999-05-04,-0.013037303439423413,1.5612370145251715
1999-05-05,0.007029065898968942,1.572249711527964
1999-05-06,-0.015033885872325525,1.5487894798918829
1999-05-07,0.009842781855950269,1.5641091472742903
1999-05-10,-0.01089782908667802,1.547156295534954
1999-05-11,0.009625513533999226,1.5621203723230603
1999-05-12,0.012324666747091156,1.5814921152596075
1999-05-13,0.012136430547693916,1.6008027284100041
1999-05-14,-0.023575428045340744,1.5635045071531082
1999-05-17,0.006016231608134119,1.572939264774407
1999-05-18,-0.008455026112826785,1.559696086817911
1999-05-19,0.006469742630592442,1.569819632135697
1999-05-20,-0.005417741207631412,1.5613377526866417
1999-05-21,-0.012264586743532015,1.5423055400625167
1999-05-24,-0.02151817554526824,1.5094724595888092
1999-05-25,-0.019406422134983715,1.4804614106480527
1999-05-26,0.023191481291627486,1.5151967286580625
1999-05-27,-0.009318722672504318,1.5011426154442726
1999-05-28,0.020713127221903303,1.5325602286663158
1999-06-01,-0.014448567692278654,1.51057613027753
1999-06-02,0.0027581002972972253,1.5147482016023333
1999-06-03,0.0021676482115767647,1.5180352040779919
1999-06-04,0.03493083186646687,1.571998440036324
1999-06-07,-0.0009477989413742251,1.5705092074370406
1999-06-08,-0.013315711217136431,1.5497353764804813
1999-06-09,0.0027718862960143128,1.5540370258201661
1999-06-10,-0.01976384099835009,1.523624806207874
1999-06-11,-0.007351801444623141,1.512464493624536
1999-06-14,-0.0020704979782511347,1.5093361786508044
1999-06-15,0.009520687443151583,1.5237747200109424
1999-06-16,0.01966991204642541,1.5540439553929364
1999-06-17,0.00965468415678311,1.56912042109535
1999-06-18,-0.0013641461147922511,1.5669813708894977
1999-06-21,0.007652774717211443,1.5790191286820485
1999-06-22,-0.009137112987248716,1.5646571658522288
1999-06-23,-0.00280257555315888,1.5602782349386668
1999-06-24,-0.005948248078620375,1.5510248608910708
1999-06-25,0.00012640467467856453,1.5512209300757998
1999-06-28,0.008579567337718624,1.5645869900183242
1999-06-29,0.020803114401706065,1.597476184893209
1999-06-30,0.030728858466257617,1.647326808244591
1999-07-01,0.0063765545172426805,1.6578646392660261
1999-07-02,0.013371742458912018,1.6801820571008086
1999-07-06,-0.005667329448624625,1.670686843515755
1999-07-07,0.010405916499893746,1.6881626394493185
1999-07-08,-0.0030655009495718214,1.6829954992580647
1999-07-09,0.005918230770373417,1.6929853870805784
1999-07-12,-0.00010787589760473427,1.692802764612774
1999-07-13,-0.004106074897782118,1.685866240363877
1999-07-14,0.0025738462759996275,1.6902109898685882
1999-07-15,0.012870528117041698,1.7121054926085546
1999-07-16,0.010100015425058685,1.729485405443144
1999-07-19,-0.013785674952068349,1.705806869109415
1999-07-20,-0.02759475029251703,1.6593790821800192
1999-07-21,0.0011517563252153795,1.661291383575068
1999-07-22,-0.01615346955144078,1.6346713456188904
1999-07-23,-0.0020363763554696003,1.6313459265932082
1999-07-26,-0.01012565777299842,1.614910824563028
1999-07-27,0.007796346858297424,1.6275504368746512
1999-07-28,0.005937142916722212,1.6372421785811566
1999-07-29,-0.02252437539406282,1.60077654565817
1999-07-30,-0.0035357277940977635,1.5951266297019604
1999-08-02,-0.001967975774929954,1.5919905460172734
1999-08-03,-0.004550938702976287,1.584761955538686
1999-08-04,-0.011978938827010156,1.5658914390507221
1999-08-05,0.01128795931900624,1.5836672957396434
1999-08-06,-0.00562726951135236,1.5747806004156442
1999-08-09,-0.0029063993704073585,1.5702103038407778
1999-08-10,-0.012627769935393832,1.550506717380126
1999-08-11,0.015028443702801675,1.5739843948946355
1999-08-12,0.0005948857720945349,1.5749210143798382
1999-08-13,0.02321972855960164,1.6119181219824203
1999-08-16,0.005629114855062273,1.6210173805866173
1999-08-17,0.00965567571148536,1.6367452079418978
1999-08-18,-0.011460863171185826,1.6180937799567514
1999-08-19,-0.009919512926987518,1.6021224227918922
1999-08-20,0.01390843941357245,1.6245611274047163
1999-08-23,0.024317993166689013,1.6645514654632287
1999-08-24,0.00863050859186598,1.678979562538292
1999-08-25,0.023675706010492594,1.7192048916198872
1999-08-26,-0.013854302213696858,1.6955507417051314
1999-08-27,-0.008771417433444516,1.6807433940207566
1999-08-30,-0.00916978908849101,1.6654017787736248
1999-08-31,-0.007026513210098857,1.6537408270674465
1999-09-01,0.011405339273417248,1.6727102731233627
1999-09-02,-0.010690526419702353,1.6549233648636035
1999-09-03,0.029339995304127148,1.7041981346364437
1999-09-07,-0.004886236159992371,1.69589133111634
1999-09-08,-0.008404093120264496,1.681698624396606
1999-09-09,0.007894707677010834,1.6950276887410305
1999-09-10,0.0008631865917030611,1.6964914455712659
1999-09-13,-0.005424770378704382,1.6873132862410356
1999-09-14,-0.002229371818791667,1.6835558274937827
1999-09-15,-0.016727214014617145,1.6556288502842782
1999-09-16,0.0018446220054055685,1.6586856781735213
1999-09-17,0.012886571063029307,1.6801987662948454
1999-09-20,0.00201647902245246,1.6835902701596208
1999-09-21,-0.022831052352303628,1.6455876037435102
1999-09-22,0.0038141408811795128,1.6518760916623676
1999-09-23,-0.027441625737085956,1.6071622424667602
1999-09-24,-0.0002356960059825446,1.6067834853827643
1999-09-27,0.0007577443522134687,1.6080014778992395
1999-09-28,0.0030859050114896906,1.6129712819461046
1999-09-29,-0.02129221433843383,1.57899059747375
1999-09-30,0.018147159428719785,1.6079063675883876
1999-10-01,0.008683530989952875,1.6219294692632207
1999-10-04,0.017198239014972465,1.6500650476516632
1999-10-05,-0.004618417676176743,1.6424619287724609
1999-10-06,0.01704638903073301,1.6706999683027794
1999-10-07,-0.011357980146967848,1.651831547645794
1999-10-08,0.017333274540568124,1.680712777406271
1999-10-11,0.0011094579440004194,1.68257849232349
1999-10-12,-0.018792333599220123,1.6512541664279599
1999-10-13,-0.016828511887713855,1.6236985265723358
1999-10-14,-0.0038707439334860747,1.617425753332178
1999-10-15,-0.027931234803852026,1.5728741419851406
1999-10-18,0.006698954965012761,1.5834461261150559
1999-10-19,0.01420196446410961,1.6060946175903452
1999-10-20,0.020698414429401575,1.6396846606902902
1999-10-21,-0.013427602118945047,1.6178147860483332
1999-10-22,0.006823962002184545,1.6288924464544916
1999-10-25,-0.01388640289020795,1.6064293166800263
1999-10-26,-0.011555855179015268,1.5879724996830427
1999-10-27,0.010539557174353145,1.604797535099486
1999-10-28,0.028146176954307156,1.6506081227005909
1999-10-29,0.016682436246259657,1.6783752552124291
1999-11-01,-0.005409656270854167,1.669320336070488
1999-11-02,-0.011044505983459397,1.6509849566149528
1999-11-03,0.0020502991885039293,1.6543734422493837
1999-11-04,3.0326970463827697e-05,1.654423615144695
1999-11-05,-0.0010542020472407137,1.6526804373748318
1999-11-08,0.008241236432619991,1.6663568454570032
1999-11-09,-0.006634013945375059,1.6553387982544545
1999-11-10,0.009686399271924643,1.6714509793153984
1999-11-11,0.010887245436074448,1.6897478971484876
1999-11-12,0.002260496453761582,1.6935718867068283
1999-11-15,-0.011993921912669483,1.67338064587602
1999-11-16,0.012998230478250833,1.695273609843602
1999-11-17,-0.006372465160372548,1.6845048859281784
1999-11-18,0.008484937926094822,1.6988586144539608
1999-11-19,0.006861983656785353,1.710556243069416
1999-11-22,0.011233352128688366,1.7298798549515197
1999-11-23,-0.0071939851425323375,1.7174797814277878
1999-11-24,0.009659763427423342,1.7341506183472746
1999-11-26,-0.0015383482467634362,1.7314849416791278
1999-11-29,0.002759715790902223,1.7362699476057009
1999-11-30,-0.01282198857997438,1.7141496304465138
1999-12-01,0.006791390026531465,1.725830709635918
1999-12-02,0.0029409356256540425,1.7309137374188455
1999-12-03,0.018197726594123553,1.7627007811314326
1999-12-06,-0.0028896645194988434,1.7576145195597626
1999-12-07,-0.009017412976192182,1.7418366283774123
1999-12-08,-0.004467277923748672,1.7340727147524087
1999-12-09,0.0004089689274091598,1.7347820416470534
1999-12-10,-0.0014263214064183989,1.73230944866092
1999-12-13,0.001981673713729963,1.7357457244235235
1999-12-14,-0.00045613186958091414,1.7349541760200755
1999-12-15,0.015103781215529877,1.7613574369183065
1999-12-16,0.007065490735883431,1.7738463598008134
1999-12-17,0.00028220768364194235,1.7743470235154002
1999-12-20,-0.007546004877291218,1.7610081829949304
1999-12-21,0.002306979103053161,1.7650754818562462
1999-12-22,0.006537694267603958,1.7766528089925464
1999-12-23,0.017302592931145184,1.8076609967536754
1999-12-27,0.005521306562006949,1.8176692511723551
1999-12-28,-0.008525545914122513,1.8022384997697307
1999-12-29,-0.0074589760162750585,1.7888456565664508
1999-12-30,-0.0016610304563897432,1.7858767958157733
1999-12-31,-0.00037859577534942514,1.7852007983785443
2000-01-03,-0.01480287873170515,1.7589693171626053
2000-01-04,-0.04680600687306076,1.6785360511278098
2000-01-05,0.006013415058664769,1.6886601949251763
2000-01-06,-0.008410670624501689,1.6745169905192319
2000-01-07,0.042700386222571,1.7475680680580024
2000-01-10,0.0077608444672483574,1.7611834370722323
2000-01-11,-0.016428188073932138,1.7324867470442367
2000-01-12,-0.014639556056138885,1.7073086578900798
2000-01-13,0.009597404464794176,1.7237732720270338
2000-01-14,0.006935919714288622,1.7357707838398335
2000-01-18,0.00520374742660562,1.74482683886521
2000-01-19,-0.00324934980761549,1.739166487323412
2000-01-20,-0.005358835450030692,1.7298715076746038
2000-01-21,-0.003557992844134223,1.7237275737469977
2000-01-24,-0.03448722421478283,1.6652943851005442
2000-01-25,0.006791899881306795,1.6766433948787716
2000-01-26,-0.019974362351237916,1.6434857658393982
2000-01-27,-0.0097857114837042,1.6274815224752148
2000-01-28,-0.030288539570278487,1.5789265259043606
2000-01-31,0.03559079601753783,1.6361337648036922
2000-02-01,0.026509450228136725,1.6800867826052812
2000-02-02,-0.00506236583240623,1.6716030606516925
2000-02-03,0.006192286278584777,1.681986219916741
2000-02-04,-0.00017374064240523702,1.6816940159349647
2000-02-07,-0.0032146300694626054,1.676296671664242
2000-02-08,0.014352668341640831,1.7005294886338873
2000-02-09,-0.022767860231876665,1.6622495012209202
2000-02-10,0.007975488196620407,1.675559759849412
2000-02-11,-0.02300291695656202,1.637456916223329
2000-02-14,0.0048005230266282084,1.6453364636972923
2000-02-15,0.004021256195306448,1.6519661039525584
2000-02-16,-0.017227991482551323,1.6237497990033682
2000-02-17,-0.0062843599810113,1.6135775672083348
2000-02-18,-0.027997274055194428,1.5690283323636447
2000-02-22,-0.0010697732686512401,1.5673507252855192
2000-02-23,0.020736967648854205,1.6001921656437166
2000-02-24,-0.015434049174186395,1.5756843351005718
2000-02-25,-0.026880353728412777,1.5338935743325401
2000-02-28,0.021720939686964546,1.5675756632024156
2000-02-29,0.00875048310722959,1.5813528983832041
2000-03-01,0.003067624295557711,1.5862113430856801
2000-03-02,0.006192137844808721,1.596063854947984
2000-03-03,0.015437107281934623,1.6208936206998172
2000-03-06,-0.020709596976234496,1.587670770390616
2000-03-07,-0.031410862939731415,1.5385757563422395
2000-03-08,0.013721886923259409,1.5598334330617987
2000-03-09,0.02611979020012074,1.6011127112740526
2000-03-10,-0.010022934099600212,1.5851450193199268
2000-03-13,-0.010186730281457812,1.5690795408245366
2000-03-14,-0.018213108394986282,1.5407603977036552
2000-03-15,0.02424661715051653,1.5785752132775908
2000-03-16,0.037630780410330876,1.6391100741922144
2000-03-17,0.008792006717274712,1.6535846781427381
2000-03-20,-0.008870567811284305,1.6389813089696184
2000-03-21,0.029412704352038216,1.6879041309927891
2000-03-22,0.001077886478410724,1.6897244809214809
2000-03-23,0.03391356506307321,1.7480118417498496
2000-03-24,0.005085408396274327,1.756923837208572
2000-03-27,-0.0029582993919674114,1.751734010804285
2000-03-28,-0.0019945014660586718,1.7482436566668758
2000-03-29,0.019777608113111893,1.7831639159376615
2000-03-30,-0.023946210335472937,1.7409710930183826
2000-03-31,0.0015338623367667044,1.743643552075545
2000-04-03,0.0013617918229321506,1.7460196491144273
2000-04-04,0.003290805154042573,1.7517749241252807
2000-04-05,-0.017167627324384305,1.7219577821859084
2000-04-06,0.008857929810173096,1.737278518182967
2000-04-07,0.015141658386071632,1.763783957776427
2000-04-10,-0.010054127781030923,1.7461394969516801
2000-04-11,-0.0026241975733093757,1.7415632889841794
2000-04-12,-0.02932848765690211,1.6912276141783509
2000-04-13,-0.021175087586249728,1.6557922191628327
2000-04-14,-0.06287920529471361,1.5548831082715338
2000-04-17,0.03904119387066845,1.6167881618976194
2000-04-18,0.01733841706477273,1.6450651399901932
2000-04-19,-0.01794851026364765,1.6158020712702033
2000-04-20,-0.000519191043075603,1.6149633790470017
2000-04-24,-0.007392288118583884,1.6030691215018311
2000-04-25,0.021965245113511764,1.6386704927350777
2000-04-26,-0.01519456118736224,1.6139598229796013
2000-04-27,0.006252253840440589,1.6240823207192392
2000-04-28,-0.009583521925236874,1.608592235531376
2000-05-01,0.009801261680607137,1.6244359865086078
2000-05-02,-0.011891186410148424,1.6052339093853927
2000-05-03,-0.021123577855709567,1.5716812496400117
2000-05-04,-0.01459772299415015,1.5489049277969853
2000-05-05,0.021511944722679557,1.5825858572816185
2000-05-08,-0.011872806131965109,1.5639072255144482
2000-05-09,-0.005024256484722319,1.5560694604536045
2000-05-10,-0.016331036680240645,1.5308636120387307
2000-05-11,0.016612867771655507,1.5565080710121046
2000-05-12,-2.8858879928438734e-05,1.5564631525807266
2000-05-15,0.022564795635285212,1.5919836750451113
2000-05-16,0.006168436072357462,1.6018340741177186
2000-05-17,-0.020316416555243213,1.5696189023186582
2000-05-18,-0.012803702242183784,1.5496500794884769
2000-05-19,-0.01873683781462024,1.520884863417069
2000-05-22,-0.0004435468038551183,1.5202104293794567
2000-05-23,-0.02715808609890951,1.4794800072083034
2000-05-24,0.015799017499776635,1.5030399597212267
2000-05-25,-0.019795558201339564,1.4735790047949076
2000-05-26,-0.00044770547822366966,1.4729194230620604
2000-05-30,0.03315623344671408,1.522574522449097
2000-05-31,-0.005090075298527519,1.514844194149106
2000-06-01,0.013597276946740873,1.5355826237541503
2000-06-02,0.012855458905582482,1.555450675913872
2000-06-05,-0.009884471264301455,1.5401516045835013
2000-06-06,7.826204103465697e-06,1.540163658171476
2000-06-07,0.010560305081330393,1.5565144389405314
2000-06-08,-0.005716490769601468,1.547642022222965
2000-06-09,-0.006654741076091375,1.537377058506896
2000-06-12,-0.010336022157836269,1.5215685345318168
2000-06-13,0.02749230106914148,1.5639802817485347
2000-06-14,0.0018627430179112984,1.566896290142484
2000-06-15,0.0021050154788678148,1.5701981050535427
2000-06-16,-0.0048783486563842345,1.5625567849036281
2000-06-19,0.013139280967341379,1.5832231306695104
2000-06-20,-0.008249164570015162,1.5702165828467913
2000-06-21,0.0035520011823781095,1.575803911229689
2000-06-22,-0.013284100334938051,1.5550091992827235
2000-06-23,-0.002639053248591776,1.550910857453535
2000-06-26,0.002764932675667307,1.5552049552703937
2000-06-27,-0.0020025593321132185,1.5520936813689086
2000-06-28,0.0016643953348765503,1.5546791298588196
2000-06-29,-0.015277045157222717,1.5311087280525342
2000-06-30,0.01938356888576769,1.5610765832526354
2000-07-03,0.00739477114666621,1.5726631746252575
2000-07-05,-0.02090815235190857,1.5401230556574645
2000-07-06,0.012793166443306178,1.5599526776281565
2000-07-07,0.016875065445508458,1.586500348001961
2000-07-10,-0.005176378816016723,1.57830923963885
2000-07-11,-0.0032616105435446874,1.5731697955705113
2000-07-12,0.007065533241637315,1.584324439404342
2000-07-13,-0.008753255610858202,1.570516960969789
2000-07-14,0.0016006957912910295,1.5730328939438267
2000-07-17,0.016122229778366984,1.5985992311122574
2000-07-18,-0.01587829928499306,1.5734166514369143
2000-07-19,-0.0076175747432995385,1.5614765674709257
2000-07-20,0.010408122075028801,1.5778134769969678
2000-07-21,-0.006166513276622088,1.5681138065528464
2000-07-24,-0.0075468829094172685,1.5563239794463466
2000-07-25,0.0029401542498565677,1.5609065454329316
2000-07-26,-0.011170321799554633,1.5435677373430872
2000-07-27,0.011998332887131471,1.5621995285875427
2000-07-28,-0.024295347852391003,1.524702691378402
2000-07-31,0.004941119619350794,1.532255073005232
2000-08-01,-0.00213370904283983,1.5289891719803579
2000-08-02,0.0001567492052922942,1.5292288586028193
2000-08-03,0.011309866747219599,1.546622407173105
2000-08-04,0.000892542313075105,1.548003449341461
2000-08-07,0.004739243017748536,1.555357225782957
2000-08-08,-0.0011005236898024807,1.5536464598517614
2000-08-09,0.0009750874947671443,1.5551621399263036
2000-08-10,-0.01317172682498536,1.534812284632685
2000-08-11,0.006790094600401802,1.545269267012093
2000-08-14,0.013492828126693033,1.5662606175170757
2000-08-15,-0.011741099334443892,1.5479785319347876
2000-08-16,-0.005412106417601782,1.5396233373830717
2000-08-17,0.003803279428076596,1.5454901045547087
2000-08-18,-0.0027561091140987926,1.5412364296804653
2000-08-21,0.00793708547556075,1.5535180305431995
2000-08-22,-0.0037912507614771317,1.5476394048404276
2000-08-23,0.010870999764143833,1.564555573685371
2000-08-24,0.0023991131425136463,1.5683136257178714
2000-08-25,0.001690802048707111,1.570967576629808
2000-08-28,0.0045410540091264835,1.5781176473837029
2000-08-29,-0.0034131177940377243,1.572740527552027
2000-08-30,-0.012426924290661081,1.5533171365516976
2000-08-31,0.00802407870768905,1.5658312153459402
2000-09-01,0.004560233902271311,1.5729880780206174
2000-09-05,-0.007858790698933256,1.5606747412848232
2000-09-06,-0.006826832326233198,1.5500565620139182
2000-09-07,0.012156838150341267,1.5690153547589347
2000-09-08,-0.0012036722733321968,1.5671279106399374
2000-09-11,-0.0033863773187276613,1.5618299996534397
2000-09-12,-0.0027711496284080115,1.5575079263520388
2000-09-13,0.0026370769441024754,1.5616206149496554
2000-09-14,-0.0061133070987541525,1.5521030700373646
2000-09-15,-0.0019308386133965667,1.5491091008635698
2000-09-18,-0.005754714681709622,1.540220021566261
2000-09-19,0.00908247365173275,1.5542727494933584
2000-09-20,-0.006635969859520327,1.543992788852814
2000-09-21,-0.0032929633856267344,1.5389168391764656
2000-09-22,0.0050783405265715335,1.5467518605426833
2000-09-25,-0.01700928925291356,1.5206651974806098
2000-09-26,-0.007666970196031665,1.5090508829282259
2000-09-27,0.011649032125852235,1.5267326529456675
2000-09-28,0.017956892720016274,1.5543956548617084
2000-09-29,-0.01828276959837041,1.526235207132091
2000-10-02,0.0010381666801820761,1.5278205164355187
2000-10-03,-0.0037561668697269884,1.522092531996061
2000-10-04,0.011015632947216998,1.5389520331955038
2000-10-05,0.010260093316895393,1.5548231047759533
2000-10-06,-0.013807827515009969,1.5335019139417636
2000-10-09,-0.00997360920353697,1.5182833831310936
2000-10-10,-0.0034200869194025963,1.5130995915542804
2000-10-11,-0.017306496447947264,1.4871384351541883
2000-10-12,-0.03589672569632678,1.4347018167175674
2000-10-13,0.027965407185714056,1.4753901179647921
2000-10-16,0.0002509881784421044,1.4757604699180285
2000-10-17,-0.0067568027165539595,1.4658226592875248
2000-10-18,-0.009880569252105148,1.4514108128614254
2000-10-19,0.03269208669725325,1.4996445966744787
2000-10-20,-0.004659924342504533,1.492672623363704
2000-10-23,-0.007191546610448287,1.4819765055323622
2000-10-24,0.0030723098350653403,1.4865365979471068
2000-10-25,-0.017413452999734597,1.4608749402434187
2000-10-26,0.014212700320575969,1.48178616847909
2000-10-27,0.004740127786204311,1.488826697590658
2000-10-30,0.003890394431416173,1.4946301021310384
2000-10-31,0.019560595209425963,1.5241537654115749
2000-11-01,-0.004024977536175475,1.5180314101806565
2000-11-02,0.006493636395488981,1.5279210292388967
2000-11-03,-0.0021988061244888825,1.524565117973275
2000-11-06,0.003324843829305522,1.529642494963563
2000-11-07,0.005542022704659706,1.5381433425880158
2000-11-08,-0.0141518229957803,1.5165291113783839
2000-11-09,0.004290911806978577,1.523050385147567
2000-11-10,-0.024021036313823664,1.486901047014801
2000-11-13,-0.0030197716889326953,1.4824177180506841
2000-11-14,0.024877753214884005,1.5197595041808345
2000-11-15,0.007469868111785036,1.5311544134882706
2000-11-16,-0.006631620455732989,1.5210339731086462
2000-11-17,0.0033678220748872673,1.5261651805468337
2000-11-20,-0.014178975899778552,1.504678411403514
2000-11-21,0.010504076613953129,1.520566969945126
2000-11-22,-0.01895938064893531,1.4920095330464092
2000-11-24,0.012123201422514485,1.5102075513779687
2000-11-27,0.010549424053229678,1.5262237032983481
2000-11-28,-0.003715896030369424,1.5205629386179051
2000-11-29,0.0043674144818312555,1.5272183901953538
2000-11-30,-0.025787460760503037,1.4883387638381713
2000-12-01,-0.0009842342994893754,1.4868746104307398
2000-12-04,0.015645645067422286,1.510320658850715
2000-12-05,0.03732253344954749,1.5677547787376105
2000-12-06,-0.016460122864547677,1.5421605622945962
2000-12-07,-0.002471448534898346,1.5383538977576918
2000-12-08,0.011540881990444708,1.5562107019883114
2000-12-11,-0.006628793642667468,1.5459290176111866
2000-12-12,-0.008810970096902584,1.5323677151142903
2000-12-13,-0.0020861074779385817,1.5291743633604062
2000-12-14,-0.015168675570005757,1.5061538502946998
2000-12-15,-0.037723016549244294,1.4503954825656231
2000-12-18,0.007970736564237474,1.4620023992573088
2000-12-19,-0.020738435532160728,1.431994985623778
2000-12-20,-0.03839422704835152,1.3780567296149482
2000-12-21,0.01019750454304557,1.3921813649920212
2000-12-22,0.02440479921856837,1.4265752525912967
2000-12-26,0.001954758560139813,1.4293665900845856
2000-12-27,0.01095398525998291,1.4451099193221029
2000-12-28,-0.004738557283656379,1.4382783817870854
2000-12-29,-0.006064700650775816,1.4295820509254507
2001-01-02,-0.032995147160634945,1.3831824707128006
2001-01-03,0.05254077347007292,1.457798988017991
2001-01-04,-0.020067420495175122,1.428836297904959
2001-01-05,-0.02773334433177576,1.3897543306108195
2001-01-08,-0.006612664325123887,1.3805946699858924
2001-01-09,0.0029836044463754235,1.384719969452572
2001-01-10,-0.0029099308866333603,1.3806963870566746
2001-01-11,0.008569608308414304,1.392579257337254
2001-01-12,-0.006499205848719204,1.3835579455191804
2001-01-16,0.010174341726757354,1.3977065913824804
2001-01-17,-0.004077070962783263,1.392019643347224
2001-01-18,0.021854047587650298,1.4227757555639011
2001-01-19,-0.008955991501314101,1.410090278293609
2001-01-22,-0.0013126048516173764,1.40824060116626
2001-01-23,0.012265955345060121,1.4256203894448813
2001-01-24,-0.0023214860718746844,1.422314670142289
2001-01-25,-0.0031163961790039844,1.4178890736766285
2001-01-26,-0.005458405572949485,1.410170744105061
2001-01-29,-0.005440039141259292,1.4025201885895513
2001-01-30,0.01086003987399282,1.4178346209189414
2001-01-31,0.0005785681831053172,1.4186551722690728
2001-02-01,0.008169547355118194,1.4302924136529485
2001-02-02,-0.020113081748552225,1.4018121979656872
2001-02-05,0.005320303603066503,1.4092901392734096
2001-02-06,-0.0008835872240571909,1.4080454584843591
2001-02-07,-0.00990349312298862,1.3941697125565486
2001-02-08,-0.012740123052779603,1.3765204842532615
2001-02-09,-0.02191134483296452,1.3466871075470321
2001-02-12,0.02434903633863889,1.3798801097467066
2001-02-13,-0.011936449084672016,1.363507152955811
2001-02-14,-0.0009995645839846654,1.3621449204288216
2001-02-15,0.004413889226337141,1.3681705657003433
2001-02-16,-0.012430425854109004,1.3512688880831976
2001-02-20,-0.012980606751357343,1.3338419488511668
2001-02-21,-0.02329379777113074,1.303130782729059
2001-02-22,0.005006755606638068,1.309671600556289
2001-02-23,-0.010125026057327291,1.296478046724787
2001-02-26,0.016878902287332555,1.3185468980416757
2001-02-27,-0.011702161112638736,1.3032069799570296
2001-02-28,-0.022782211694800613,1.273852690113596
2001-03-01,0.006636494925722961,1.2823347213751688
2001-03-02,-0.02379284296153562,1.2521844355579586
2001-03-05,0.005658612838445136,1.2592901477579095
2001-03-06,0.003956677500597988,1.264282623046369
2001-03-07,0.008021881688330568,1.274465336324412
2001-03-08,0.002583082770185951,1.2777616412572772
2001-03-09,-0.026869923386769082,1.243885447389833
2001-03-12,-0.049419278982965165,1.1839077587931521
2001-03-13,0.024647887662028335,1.2134511800322432
2001-03-14,-0.031513832758086426,1.1758069547837076
2001-03-15,0.003335901752252777,1.1797358808766985
2001-03-16,-0.022764909913961403,1.1531826870949669
2001-03-19,0.014361204797541554,1.1698632697768638
2001-03-20,-0.023464459498211288,1.1427326084076506
2001-03-21,-0.013880270850765127,1.1269807432681234
2001-03-22,-0.006161175938423841,1.1200585629123587
2001-03-23,0.016731324013566053,1.138956276683016
2001-03-26,0.01400606925238194,1.1550208150741297
2001-03-27,0.0296226651681589,1.1897474178522647
2001-03-28,-0.023777905587341417,1.1617914009982762
2001-03-29,-0.0034366223080522424,1.1578056154947907
2001-03-30,0.015584772984680488,1.175991093364388
2001-04-02,-0.007598818912831521,1.1670888162349873
2001-04-03,-0.036576973802099615,1.1251715164058234
2001-04-04,0.002879731008651216,1.1284163776329867
2001-04-05,0.03730806768416713,1.171310587032895
2001-04-06,-0.009586596476512456,1.160135356883475
2001-04-09,0.005362755407700089,1.1663735911540336
2001-04-10,0.021123352933215184,1.1912733697357691
2001-04-11,-0.0057365488557764265,1.1844591356300127
2001-04-12,0.01109592311479189,1.197674988581868
2001-04-16,0.0006491490460469972,1.1984527105596097
2001-04-17,0.014332814710354991,1.2157536002470999
2001-04-18,0.03201792060383026,1.2553093700931888
2001-04-19,0.016903452039791773,1.2767087842818117
2001-04-20,-0.005625735739743961,1.2695465234280616
2001-04-23,-0.015216382368680325,1.2503748497645946
2001-04-24,-0.01640462550548072,1.230030247647684
2001-04-25,0.01758745926847585,1.2518547103953164
2001-04-26,0.007808673357002937,1.261668300613892
2001-04-27,0.014987408423061692,1.2807198487806337
2001-04-30,-0.00626798325981084,1.272717423940103
2001-05-01,0.016453094654149826,1.293830777902243
2001-05-02,0.0018124934297921872,1.2961779641737334
2001-05-03,-0.012570075301172502,1.2799868842981268
2001-05-04,0.019143946411845043,1.3047269401924086
2001-05-07,-0.0006846245181795345,1.3038339978396152
2001-05-08,0.003859880136174077,1.308876365996707
2001-05-09,-0.005460172237739772,1.30174915121784
2001-05-10,-0.004688862589450441,1.2956597157415124
2001-05-11,-0.008187770626489605,1.2850944631356278
2001-05-14,0.005457766756251688,1.2921273835371703
2001-05-15,-0.0016980514110518212,1.2899351466025604
2001-05-16,0.02326861466367076,1.3203020785749486
2001-05-17,-0.0036857875035032953,1.315444682836132
2001-05-18,0.0075463975764239865,1.3254091018484861
2001-05-21,0.017158949566928275,1.3483479704063714
2001-05-22,-0.006002622400257617,1.3402785896280698
2001-05-23,-0.01790463566079683,1.3164949439210762
2001-05-24,0.006635298315758269,1.3252593255927558
2001-05-25,-0.01758408522268616,1.3021595421511596
2001-05-29,-0.008021171070709383,1.2917564758663813
2001-05-30,-0.012137381493631584,1.276172699154659
2001-05-31,0.0010729623604079756,1.2775427192848123
2001-06-01,0.004057857785812,1.2827373383396858
2001-06-04,0.011044283328689272,1.296982773451319
2001-06-05,0.013942144110160728,1.3151921380140836
2001-06-06,-0.009743090369906825,1.3024403240724163
2001-06-07,0.008118276925691325,1.3130569312725704
2001-06-08,-0.00970555090579839,1.3003746342769038
2001-06-11,-0.007009841709947931,1.291291088232446
2001-06-12,0.003659740414521632,1.2960255365565843
2001-06-13,-0.013000830339181138,1.2792851834751073
2001-06-14,-0.007844551884735674,1.2692890234370808
2001-06-15,-0.009150472002997833,1.2577274075577725
2001-06-18,0.0020603774866897544,1.26032147225126
2001-06-19,0.011470522643147166,1.2748612482314874
2001-06-20,0.008515568253444088,1.2857637709096057
2001-06-21,0.013431730382650758,1.3031503074585473
2001-06-22,-0.010326612296934759,1.2897624241810746
2001-06-25,-0.008409736250616754,1.2789613431467095
2001-06-26,-0.003362843178786837,1.2746676203226048
2001-06-27,-0.008846935367591957,1.2634404545031024
2001-06-28,0.016212487305449726,1.2840909121541444
2001-06-29,-0.012020165101161124,1.268748322346358
2001-07-02,0.017963072228189988,1.2917448660293145
2001-07-03,-0.003691005483118537,1.2869858168871653
2001-07-05,-0.01870056955539083,1.2631420896062622
2001-07-06,-0.021072517176780707,1.2368029963747247
2001-07-09,0.011377697917490246,1.2509553250408325
2001-07-10,-0.020157035473979918,1.2259922105857988
2001-07-11,-0.0010745405813232843,1.224675539737957
2001-07-12,0.024856089666043836,1.2554976565412916
2001-07-13,0.01141633998277251,1.2699129731482162
2001-07-16,-0.0071319277802586135,1.2608882655708404
2001-07-17,0.007762482851458589,1.270713975724996
2001-07-18,-0.0006225370772804579,1.2699231553435335
2001-07-19,0.008000591300082214,1.2801240436483379
2001-07-20,0.0015225398570930106,1.2820745680255718
2001-07-23,-0.0184665675759906,1.258616314716814
2001-07-24,-0.012858951132176005,1.2425354421926154
2001-07-25,0.017028833871449486,1.263875554749434
2001-07-26,0.006594734529232763,1.2722380223305276
2001-07-27,-0.002445202546940675,1.2691309429453295
2001-07-30,-0.0008502005293609825,1.2680523857057457
2001-07-31,0.0043915970665599074,1.273633406671019
2001-08-01,5.2144197722326244e-05,1.273699820994748
2001-08-02,0.0018844483720326028,1.276102305516939
2001-08-03,-0.005477684767426565,1.2691313291920996
2001-08-06,-0.0141822547127614,1.2512592183912894
2001-08-07,0.007108833517141984,1.260185903427661
2001-08-08,-0.017163586432648644,1.238741154598804
2001-08-09,0.0017275288433441568,1.2408829651599111
2001-08-10,0.003965744282249634,1.2458137603580983
2001-08-13,-0.002753455446151384,1.2423881859222972
2001-08-14,-0.0020278778538515927,1.2398713272376765
2001-08-15,-0.0036252649287597644,1.235384602894983
2001-08-16,0.0010787710551268483,1.2367180191426486
2001-08-17,-0.018335175213157112,1.214249191972042
2001-08-20,0.008418309591496044,1.2245142642475144
2001-08-21,-0.01942431716701095,1.200958429444507
2001-08-22,0.008759185372474304,1.211524052525825
2001-08-23,-0.00359818269107306,1.2071726010038049
2001-08-24,0.025516264559516652,1.238371483197676
2001-08-27,-0.0080889854979673,1.2283947195767633
2001-08-28,-0.017881674352458805,1.2066241920652494
2001-08-29,-0.010781852643097984,1.193684430484022
2001-08-30,-0.02266895531775202,1.1669292531649524
2001-08-31,0.002046760182588183,1.1693201234306003
2001-09-04,0.005755795044857715,1.1760698969247843
2001-09-05,0.002883928879369199,1.1794664942831514
2001-09-06,-0.023070710899133366,1.152566853810465
2001-09-07,-0.01950289010247661,1.1303062477888552
2001-09-10,0.009074768562728692,1.140610197660748
2001-09-17,-0.03799020692753912,1.0980909514320714
2001-09-18,-0.002669626719729253,1.0951633680036255
2001-09-19,-0.015526733911500905,1.078290387911162
2001-09-20,-0.027299643884627987,1.0492516217600727
2001-09-21,-0.02202454599829315,1.0263949589003205
2001-09-24,0.045209020564857025,1.073862158097794
2001-09-25,0.013025966573927067,1.087941751752371
2001-09-26,0.006357451413133032,1.0948803210181748
2001-09-27,0.012400965795362338,1.1085424310245864
2001-09-28,0.020327094913362046,1.1313064576823089
2001-10-01,0.004653143907430389,1.1365828558329971
2001-10-02,0.013822863511320404,1.152402771894863
2001-10-03,0.01950102620560413,1.1750963635373393
2001-10-04,-0.003916751089200408,1.1705028053599926
2001-10-05,0.009082482631311749,1.1811823015148832
2001-10-08,-0.008754145592037374,1.170887187885624
2001-10-09,-0.002835918056979219,1.167571351708939
2001-10-10,0.026778329269333302,1.199259344013036
2001-10-11,0.011630531727841726,1.2132887947034086
2001-10-12,0.0017495046694026245,1.215413306995277
2001-10-15,-0.0015140330857290516,1.213574523376522
2001-10-16,0.005661287754328632,1.2204644023566167
2001-10-17,-0.014449078967861862,1.2029566061935653
2001-10-18,-0.0016439499819978017,1.2009806303502133
2001-10-19,0.004594599079745633,1.2065113508412393
2001-10-22,0.015599475801660259,1.2254798602106083
2001-10-23,-0.007173791396807025,1.2167199816707657
2001-10-24,0.0011346442757005427,1.2181013095427848
2001-10-25,0.008616166646211598,1.2286420184597702
2001-10-26,0.000899904980078847,1.2297481771751346
2001-10-29,-0.023170113766003538,1.2015823349585717
2001-10-30,-0.01278659444602273,1.1863159991695953
2001-10-31,-0.002183127388843229,1.1837289451816952
2001-11-01,0.024015708496252987,1.2125011439765698
2001-11-02,0.0010502738032648895,1.2137752711385859
2001-11-05,0.009111895571360929,1.2248856058902695
2001-11-06,0.017253917612783963,1.2462030571495777
2001-11-07,-0.005535472786304927,1.2393237916000213
2001-11-08,0.005590290879053668,1.246271373496817
2001-11-09,0.00270528865276868,1.249647461889602
2001-11-12,-0.002510958837785195,1.2465135847159161
2001-11-13,0.00897208786458592,1.2577477356562543
2001-11-14,0.001070169807622184,1.259094459791784
2001-11-15,0.0018941400865621133,1.2614816211761646
2001-11-16,-0.005577853881023677,1.2544648484784677
2001-11-19,0.00841790964399229,1.265069391646811
2001-11-20,-0.0027532246042777375,1.2615911618427011
2001-11-21,-0.0066429000570536155,1.2532383121309059
2001-11-23,0.00973742135321887,1.2655012293333834
2001-11-26,0.0020220616739977867,1.2680627397608693
2001-11-27,-0.00976403579495047,1.2557415797908513
2001-11-28,-0.014400396498905592,1.237787982853111
2001-11-29,0.00862454591803277,1.2485095098409154
2001-11-30,0.00015851596496987757,1.2487074342173141
2001-12-03,-0.008505796057592956,1.2381312267425604
2001-12-04,0.009046489452978604,1.2493827846420684
2001-12-05,0.02057675064412312,1.275357342189301
2001-12-06,-0.007234266134789599,1.266164360091038
2001-12-07,-0.0013470023603359782,1.264459981867871
2001-12-10,-0.018026632941610596,1.2418702460689133
2001-12-11,-0.005418374537420748,1.2351595249672145
2001-12-12,0.0014258020224456754,1.2369218739978036
2001-12-13,-0.01811682562828644,1.2147145466324747
2001-12-14,0.008903803221663746,1.2255784190454606
2001-12-17,0.013011024726900003,1.241628638638911
2001-12-18,0.009477862424069063,1.2534525683354902
2001-12-19,0.010322089760209393,1.2664578234907615
2001-12-20,-0.006744701486322805,1.2579446850874916
2001-12-21,0.003936425631022622,1.262906249796721
2001-12-24,-0.002826964165478109,1.259341100732819
2001-12-26,0.003534871912624436,1.2638005874317932
2001-12-27,0.004495962319679037,1.2694953794449089
2001-12-28,-0.0010427876092369442,1.268172255381827
2001-12-31,-0.014402200984968088,1.2500386788262374
2002-01-02,0.0007523476218854132,1.2509794963200418
2002-01-03,0.005774748263969342,1.2582244868592998
2002-01-04,0.0015664716710314657,1.2601970044168478
2002-01-07,-0.006696220253959774,1.2517866379712284
2002-01-08,0.0005329488493634873,1.2524539540264505
2002-01-09,-0.0058850149352612175,1.2451048896882186
2002-01-10,0.005565928942507094,1.2520543772662152
2002-01-11,-0.009398990606931062,1.240341460957564
2002-01-14,-0.003450558132139316,1.236068966127868
2002-01-15,0.009637156387221757,1.2480387407139284
2002-01-16,-0.0118998011995924,1.2332753427744645
2002-01-17,0.008140651218317375,1.243355983013821
2002-01-18,-0.012687877653942548,1.2276800916116024
2002-01-22,-0.00497010089754978,1.2215935356142136
2002-01-23,0.0036831243918095218,1.2261011124496153
2002-01-24,-0.00205530652124865,1.2235836867643948
2002-01-25,-0.003282140502265226,1.2195742964785221
2002-01-28,-0.0005964089464088131,1.2188471483176804
2002-01-29,-0.027352310952990844,1.1859606729688443
2002-01-30,0.011546579575267599,1.1997338256306196
2002-01-31,0.014550015914572835,1.217317583656307
2002-02-01,-0.004457236459479718,1.2119037855916988
2002-02-04,-0.02021521465582632,1.1876508554359309
2002-02-05,-0.0003604985757549055,1.1872227861578706
2002-02-06,-0.0016168692475451135,1.1853047531670804
2002-02-07,-0.00805409260308663,1.1757965403340143
2002-02-08,0.013884235702094235,1.1922354332909575
2002-02-11,0.01040175508938976,1.2047014963458496
2002-02-12,-0.0031120333149860673,1.2009582527250662
2002-02-13,0.013459881131035974,1.2172322856299935
2002-02-14,0.00039027520699456086,1.217707433925497
2002-02-15,-0.014689791308268849,1.1999503093897337
2002-02-19,-0.0129048972514187,1.1845645632003774
2002-02-20,0.012232540514094479,1.199143785880902
2002-02-21,-0.015346000572919504,1.1808822041592713
2002-02-22,0.011283087647142967,1.1942816529930333
2002-02-25,0.010653680762531715,1.2070731658245206
2002-02-26,0.0010055676226614154,1.208287569998686
2002-02-27,0.0033521167006836826,1.2123446871072698
2002-02-28,-0.0006327676876422719,1.211577797220142
2002-03-01,0.02089917606248929,1.237165221638242
2002-03-04,0.011610831680191006,1.251613454471832
2002-03-05,-0.014158629423364152,1.2340171868594683
2002-03-06,0.01177807742746414,1.248637467216311
2002-03-07,-0.004941722133996833,1.2424822689730695
2002-03-08,0.004915053690073498,1.2486041684420512
2002-03-11,0.0006523124835184264,1.2494189142336343
2002-03-12,0.001958860147088365,1.2518687498110226
2002-03-13,-0.004720486241642398,1.2459732463700877
2002-03-14,0.0007718366751694169,1.2469353054463945
2002-03-15,0.012533878845903677,1.2626625975872112
2002-03-18,-0.0048760183122924464,1.2565208175238396
2002-03-19,0.0047836343733626465,1.2625459532310224
2002-03-20,-0.013409769251404791,1.2457285143276915
2002-03-21,0.00015150038722175284,1.2459172569769166
2002-03-22,-0.0027755558585383076,1.242463938690907
2002-03-25,-0.01389336307491638,1.2253212963069617
2002-03-26,0.006898564252297261,1.2338034777972238
2002-03-27,0.004243363968486977,1.2390500787652723
2002-03-28,-0.0018831317571914254,1.2367189797853337
2002-04-01,-0.006023997419678204,1.2292913822179088
2002-04-02,-0.007110853083183783,1.22058107735409
2002-04-03,-0.008228551397181438,1.2105786723143588
2002-04-04,-0.0005130502995167828,1.2099577438613238
2002-04-05,-0.007518761951985848,1.2008944745921954
2002-04-08,-7.418720282062566e-05,1.2008053868948672
2002-04-09,-0.007098130823126442,1.1923120920845165
2002-04-10,0.01084535170917146,1.2053135111142013
2002-04-11,-0.02169566969690065,1.1794450586822014
2002-04-12,0.006473114339244713,1.187104504894476
2002-04-15,-0.010356638981398221,1.1748735372862884
2002-04-16,0.01823737314524008,1.1964967200884884
2002-04-17,-0.011629707308994642,1.1826624138279187
2002-04-18,0.004117634451454649,1.1875422250722556
2002-04-19,-0.0007624861565878113,1.1866370856872528
2002-04-22,-0.018389027795599068,1.1650153935731593
2002-04-23,-0.0077406922441060925,1.1560321809488772
2002-04-24,-0.007817700542792641,1.147029901949987
2002-04-25,0.004922319255935552,1.152689867975321
2002-04-26,-0.014585095016506212,1.1359997858088762
2002-04-29,-0.006715011832582704,1.1283970884746282
2002-04-30,0.005356283246749734,1.13445731856087
2002-05-01,0.013370457213711237,1.1497273880205805
2002-05-02,0.0008040040669289737,1.1506521452208682
2002-05-03,-0.015067395398280135,1.1334447750507213
2002-05-06,-0.026030904326116214,1.1043208876454031
2002-05-07,-0.0028942208820357273,1.1011293597930125
2002-05-08,0.03779246387734903,1.1435401069480646
2002-05-09,-0.01601390462739535,1.1253734128197574
2002-05-10,-0.012566450335011994,1.111319949730211
2002-05-13,0.019715641162570723,1.1334477501990876
2002-05-14,0.020434310962933404,1.1568472359504862
2002-05-15,-0.013837321131403056,1.1409498117860957
2002-05-16,0.013077314891074474,1.1559683588504013
2002-05-17,0.010537604238186222,1.1682139019583007
2002-05-20,-0.014994067063060921,1.1508282906008251
2002-05-21,-0.01764767978540283,1.1306969992048443
2002-05-22,0.00932186716500202,1.1412864866499899
2002-05-23,0.002559428938366547,1.1442112696013418
2002-05-24,-0.01189259538041491,1.1306842232183745
2002-05-28,-0.014117345939855462,1.1148341069203693
2002-05-29,-0.0023576972790147564,1.1122087616807277
2002-05-30,-0.005783339111757439,1.1057950454733836
2002-05-31,0.0005207395151905062,1.1063710266043152
2002-06-03,-0.025283118056246966,1.07874917202129
2002-06-04,0.005685128342112029,1.0848994655520778
2002-06-05,0.011452778099765646,1.097396001826863
2002-06-06,-0.018463044597643842,1.0773206270517093
2002-06-07,0.0015209149613221189,1.0789603867629836
2002-06-10,0.00865947234011838,1.0883441851213262
2002-06-11,-0.015943807820578113,1.0711294336074746
2002-06-12,0.014553410777416986,1.0868320060926295
2002-06-13,-0.008811863493629415,1.0772970628218002
2002-06-14,0.0014881712882842484,1.078901458891629
2002-06-17,0.02615532839610016,1.107492758342563
2002-06-18,-0.0035740693694582817,1.103541567519154
2002-06-19,-0.016537881780154973,1.0854414092084157
2002-06-20,-0.00973662037437364,1.074924162574929
2002-06-21,-0.025572689074809675,1.0477839641539386
2002-06-24,0.01407609899916215,1.062636965881732
2002-06-25,-0.015870807209217595,1.0459051841063876
2002-06-26,0.00805533795337144,1.054364328724198
2002-06-27,0.022505702209293807,1.0783625740776506
2002-06-28,-0.01188099728217009,1.0656263605429876
2002-07-01,-0.024200594712823625,1.0401471187986153
2002-07-02,-0.01639247518130489,1.0232355231207957
2002-07-03,0.01449002143069604,1.038170168136143
2002-07-05,0.034074230407169635,1.074154607092538
2002-07-08,-0.012477101686176427,1.060835535329708
2002-07-09,-0.022758458072437707,1.0369652104598766
2002-07-10,-0.036217363288329835,1.0000810204235828
2002-07-11,0.0033631905322200812,1.003450145772467
2002-07-12,-0.017494995217325907,0.986047464062673
2002-07-15,-0.01209047611729908,0.974197461188322
2002-07-16,-0.01704314248698599,0.9577347616038564
2002-07-17,0.00812329632147987,0.9655464100812462
2002-07-18,-0.0271872985051774,0.939649441047526
2002-07-19,-0.04800175376308158,0.8956100595816537
2002-07-22,-0.03886770755990212,0.8614675680298508
2002-07-23,-0.023407860240580808,0.8415366358838908
2002-07-24,0.0649417410568887,0.8980010972145877
2002-07-25,-0.01240235673658203,0.8869325471886522
2002-07-26,0.027718685374119225,0.9118610479673712
2002-07-29,0.051697122860239045,0.9602414292459643
2002-07-30,-0.00364331971250936,0.9567493280014562
2002-07-31,0.018478515932272774,0.9745929901680379
2002-08-01,-0.03969181213522137,0.9366672774359285
2002-08-02,-0.015926894764417134,0.9218672483855276
2002-08-05,-0.03359186471344596,0.8914143567686639
2002-08-06,0.02983060891806012,0.9184063825359126
2002-08-07,0.02495985542155927,0.941618149177803
2002-08-08,0.03325414915258885,0.973457317758495
2002-08-09,0.0049101167673909416,0.9782488607478435
2002-08-12,-0.008312015058298657,0.9701513414588164
2002-08-13,-0.020212274726721012,0.9507392184749798
2002-08-14,0.04705010212245405,0.9965406273286098
2002-08-15,0.015140789972635441,1.0117438435828385
2002-08-16,-0.004526072708638779,1.0071749647228052
2002-08-19,0.025160831947984724,1.032837820305094
2002-08-20,-0.013952069307391818,1.0185276557907037
2002-08-21,0.013677268479318907,1.032554034610867
2002-08-22,0.01679893147208602,1.050046353850538
2002-08-23,-0.02009259165300288,1.0291587470335675
2002-08-26,0.006726543492118805,1.0361047632557323
2002-08-27,-0.016411827690403603,1.0192391666030378
2002-08-28,-0.018286435547341266,1.0007702948455057
2002-08-29,0.00010152755754047922,1.0008719057672675
2002-08-30,-0.0018589953182544692,0.9990130179474893
2002-09-03,-0.045589967226033916,0.9544906451347877
2002-09-04,0.019586366787908798,0.9733699337976456
2002-09-05,-0.0178281849213903,0.9561702894061984
2002-09-06,0.016618836387117992,0.9721935017964408
2002-09-09,0.006918800099875102,0.9789432374037816
2002-09-10,0.012057269330976346,0.9908180648121048
2002-09-11,-0.004874923288598194,0.9859996569798681
2002-09-12,-0.027034666001995094,0.9597005807015914
2002-09-13,0.008009440045042374,0.9674181102517176
2002-09-16,0.008418765310105792,0.9755969558628617
2002-09-17,-0.019687073675809463,0.9565781334674331
2002-09-18,-0.001075527455049207,0.955549860489021
2002-09-19,-0.027079587425113183,0.930021177607645
2002-09-20,-0.0013498421387296807,0.9287666427347051
2002-09-23,-0.015505279287321792,0.9144769258577239
2002-09-24,-0.01849977422628731,0.8977148346996122
2002-09-25,0.01971745580109111,0.9155911458057989
2002-09-26,0.02552196828671002,0.9392595817988638
2002-09-27,-0.036695401870131525,0.90541779044514
2002-09-30,-0.019404618028313635,0.888017869451748
2002-10-01,0.04729719681417931,0.9310277307910254
2002-10-02,-0.016299690517946396,0.9159752753578299
2002-10-03,-0.00386529814878873,0.9124415915919036
2002-10-04,-0.015162890148189416,0.8987107030245277
2002-10-07,-0.012770154850392372,0.8873069967019622
2002-10-08,0.024120049226880276,0.9089690802040763
2002-10-09,-0.027268402367912288,0.8845178338704943
2002-10-10,0.031974412679322425,0.9132567791328191
2002-10-11,0.038415573936711134,0.9490226472632703
2002-10-14,0.007154868331946043,0.9558371286363285
2002-10-15,0.05197510502775728,1.0068305797677997
2002-10-16,-0.019147403783922254,0.9877357794204951
2002-10-17,0.0236143538058176,1.0113381015903697
2002-10-18,0.009134306866645849,1.0206182936927022
2002-10-21,0.0014432827951225834,1.0220923980352061
2002-10-22,-0.012277930827538258,1.0096199429256336
2002-10-23,0.0015852204449802523,1.0112216823204165
2002-10-24,-0.01247486056287829,0.9986851909057031
2002-10-25,0.018016851739109677,1.0168414218509358
2002-10-28,-0.007318933214020701,1.009426395536244
2002-10-29,-0.010058376532256207,0.9993240963045467
2002-10-30,0.007417395737871911,1.0067640369786441
2002-10-31,-0.005190619758259601,1.0015518466279691
2002-11-01,0.008529246828365354,1.0101308638079651
2002-11-04,0.004171556291233431,1.0143534828909948
2002-11-05,0.018258952914807343,1.0330446365381594
2002-11-06,0.003616376354767353,1.0367872780563905
2002-11-07,-0.017951129569355774,1.0183418289394977
2002-11-08,-0.0008158893807811956,1.0175113135056932
2002-11-11,-0.016217601702277873,1.0011428080030202
2002-11-12,0.010474308504530846,1.0116841971365877
2002-11-13,-0.004027793946570022,1.0076175369839195
2002-11-14,0.020916125546757747,1.0289149450869495
2002-11-15,0.006243175972880419,1.0353587360807184
2002-11-18,-0.011519641856410549,1.0235002083815672
2002-11-19,-0.012288164954889122,1.0110002271949783
2002-11-20,0.017680687746594724,1.0290343647038536
2002-11-21,0.006521356356327393,1.0357669935745653
2002-11-22,-0.009915099945275785,1.0255480051771555
2002-11-25,0.003499257113060056,1.0291429474744802
2002-11-26,-0.021448859671942787,1.0073040517652216
2002-11-27,0.025706199121675093,1.0335336981704142
2002-11-29,-0.004644142981628486,1.0287449483262714
2002-12-02,-0.0055088187053282,1.0230933599921128
2002-12-03,-0.009303779045403464,1.0136188680604867
2002-12-04,-0.0001903040210888813,1.013425990667297
2002-12-05,-0.013154619174094242,1.0001820581247989
2002-12-06,0.0018089078286897284,1.0019929326386108
2002-12-09,-0.01710604088446363,0.984998568114917
2002-12-10,0.01517178236350715,1.00005669246892
2002-12-11,0.001170886871793354,1.0012283315157127
2002-12-12,-0.00968548690682103,0.9915777583124384
2002-12-13,-0.01252130257216647,0.9792393210343562
2002-12-16,0.023699309378548184,1.0027238004554688
2002-12-17,-0.014557800823779134,0.9882320867622565
2002-12-18,-0.0112769151021444,0.9771504780350341
2002-12-19,-0.00928976968897702,0.9681150088364127
2002-12-20,0.013149270384258529,0.980929078048674
2002-12-23,0.0010851078348135866,0.9819940695874938
2002-12-24,-0.0031344862056869234,0.9789208417336687
2002-12-26,-0.011058260151381085,0.9681553141058505
2002-12-27,-0.01543977854613519,0.953322016543174
2002-12-30,0.00854213454988422,0.9615003017547766
2002-12-31,-2.525686158270145e-05,0.9614760175814158
2003-01-02,0.02696330797457441,0.987753260259753
2003-01-03,-7.312191939341079e-05,0.9876810364860783
2003-01-06,0.016220079752512842,1.003831931979717
2003-01-07,-0.0065672402499736635,0.9972611261578571
2003-01-08,-0.011673882380800943,0.9856869065511165
2003-01-09,0.02173658597743958,1.007346929397553
2003-01-10,-0.0018281150965997644,1.0055070655222738
2003-01-13,0.0007813637791380841,1.0062930393486915
2003-01-14,0.0075491643329189334,1.0139184574226088
2003-01-15,-0.013988182939771915,0.999834315979744
2003-01-16,-0.004459804571541593,0.9953851788420158
2003-01-17,-0.01753280187215266,0.9780853877789437
2003-01-21,-0.01084921315203931,0.9675312862970521
2003-01-22,-0.009278053160091776,0.9585959947411876
2003-01-23,0.007990179446425123,0.9662860302246784
2003-01-24,-0.031570433498978735,0.936256478493195
2003-01-27,-0.014050172892888268,0.923193893771981
2003-01-28,0.012303620556857665,0.9346226847220392
2003-01-29,0.005755306664714446,0.9400172336395375
2003-01-30,-0.023788587634166216,0.9179194311351779
2003-01-31,0.016061412389050768,0.9327815474524421
2003-02-03,0.008414662925018445,0.9406637061020255
2003-02-04,-0.015532745369789241,0.926165506192897
2003-02-05,-0.010173189554984485,0.9167912130180987
2003-02-06,-0.005777713308174303,0.911509528946745
2003-02-07,-0.013189668523086456,0.8995659594146237
2003-02-10,0.008418523167746406,0.9071709427343233
2003-02-11,-0.0073622201619762675,0.9005166756752648
2003-02-12,-0.009807334536738472,0.8917281737129378
2003-02-13,0.008302350216484691,0.8991624315119734
2003-02-14,0.019458662176049656,0.9168302682666176
2003-02-18,0.017214795922338127,0.9327499481032633
2003-02-19,-0.005944583877232653,0.9272215859865633
2003-02-20,-0.010684618375291546,0.9173673154983909
2003-02-21,0.014397749357601108,0.9306708810641161
2003-02-24,-0.018505418408723915,0.9136068029261366
2003-02-25,0.006512033568704706,0.9195756546836931
2003-02-26,-0.015037502986367421,0.9058509840430676
2003-02-27,0.007337743721598897,0.9125223328042056
2003-02-28,-0.0010610864309905464,0.9115545812637049
2003-03-03,-0.0053527110196709025,0.9066883284528533
2003-03-04,-0.011909769920094624,0.8959539280737729
2003-03-05,0.014350717089936096,0.9089042100868939
2003-03-06,-0.007288692705382105,0.9023035708380912
2003-03-07,0.013508739600518314,0.9145752556977391
2003-03-10,-0.02474850914722647,0.892218668798727
2003-03-11,-0.002524398254863333,0.8899691940279288
2003-03-12,0.004973013278220865,0.8944060457644102
2003-03-13,0.03423085689594801,0.925552372598483
2003-03-14,0.002703019026520313,0.928057542507326
2003-03-17,0.03368492604061472,0.9598515757516063
2003-03-18,0.0025379186658012302,0.9622906948158022
2003-03-19,0.010107317251091593,0.9720661909562944
2003-03-20,-0.00040001689974012263,0.9716774258137434
2003-03-21,0.02319407899901823,0.9944779856324552
2003-03-24,-0.03425082680817588,0.9609930098597695
2003-03-25,0.00954375411623484,0.9702083955938963
2003-03-26,-0.007141594540949585,0.963304243284548
2003-03-27,-0.0010334288929629417,0.9623092510622316
2003-03-28,-0.004435567771463661,0.9580503155432184
2003-03-31,-0.013771177369544647,0.9449472640192859
2003-04-01,0.012171170153344893,0.956518653786556
2003-04-02,0.02215418844421093,0.9779460249151575
2003-04-03,-0.009877360617649477,0.9683340479906892
2003-04-04,0.004536961492962647,0.972737323471307
2003-04-07,-0.0033967430204534135,0.9694387900637379
2003-04-08,0.0021650759517679386,0.9715399724637744
2003-04-09,-0.013653320142138608,0.958365369384936
2003-04-10,0.004873127720283217,0.9630470040698177
2003-04-11,-0.006065829078742978,0.9572230070909208
2003-04-14,0.012544399801380104,0.9693064263565977
2003-04-15,0.006977269686078817,0.9760931877009316
2003-04-16,-0.01149102217646934,0.9649410765266322
2003-04-17,0.018592868255883292,0.9830499248782041
2003-04-21,-0.003927292512403976,0.9791967714516765
2003-04-22,0.020707528408713614,0.999684913700722
2003-04-23,0.00570832535639963,1.0054077588331096
2003-04-24,-0.009286268996616753,0.9961144886203327
2003-04-25,-0.011642180935147062,0.9845847891633198
2003-04-28,0.018560898081955848,1.0030302194183613
2003-04-29,0.0005447864358875695,1.0035768055495224
2003-04-30,-0.0011789487677373526,1.002394337083122
2003-05-01,0.0023658760219920326,1.0047686854091853
2003-05-02,0.009451374114511897,1.01431014909807
2003-05-05,-0.007869628412982242,1.0063592315465026
2003-05-06,0.004948548195596331,1.0113515909837452
2003-05-07,-0.005026286418341228,1.0062810020091513
2003-05-08,-0.008681676041802248,0.9975826092906934
2003-05-09,0.01236224166728601,1.0099915094691108
2003-05-12,0.005677494177763019,1.015742039236504
2003-05-13,-0.006424813899390631,1.0092370048586108
2003-05-14,-0.005995263511198483,1.0032044644729063
2003-05-15,0.007335038206892217,1.010590061252643
2003-05-16,-0.0019203034629729843,1.0086512837747066
2003-05-19,-0.02103574562337771,0.9876551607291264
2003-05-20,-0.0034835176859435643,0.9842206321028557
2003-05-21,-0.0007557562841144007,0.9834770821818426
2003-05-22,0.0032587657578134832,0.9866872313420693
2003-05-23,-0.003986325878284345,0.9827618037130469
2003-05-27,0.01865428241805746,1.0012665800026517
2003-05-28,-0.0019477760407966163,0.9993182350334716
2003-05-29,-0.004350873950488589,0.9949797722527257
2003-05-30,0.010920081068779059,1.0059045733208536
2003-06-02,-0.0005290190138828509,1.0053725714073862
2003-06-03,0.002463275814198556,1.0078521340163191
2003-06-04,0.011223763411438844,1.0192277470992197
2003-06-05,-0.0074894067672366905,1.011622849545635
2003-06-06,-0.0062278653645943425,1.0053421765322104
2003-06-09,-0.0011203402715664423,1.0042164819033943
2003-06-10,0.009518071374178677,1.0138203185508141
2003-06-11,0.013126325432360869,1.027215778227175
2003-06-12,6.710731709477739e-05,1.0272847142351587
2003-06-13,-0.008660909308170005,1.0184259125064947
2003-06-16,0.02141483079891677,1.0404705295196195
2003-06-17,0.0006121665288535985,1.0411076657488898
2003-06-18,0.0003789127180762066,1.0415022294322067
2003-06-19,-0.012026749318085313,1.0290513649941517
2003-06-20,0.0014611140002236047,1.030556025322944
2003-06-23,-0.010892118676823614,1.01939199712521
2003-06-24,0.0006361438984437728,1.0200406834313456
2003-06-25,-0.010659243826923724,1.0092255639714318
2003-06-26,0.009808043067714572,1.0191727934538903
2003-06-27,-0.010355924553010744,1.0086727794144839
2003-06-30,-0.0037165818593142153,1.004930922226982
2003-07-01,0.009966855355844564,1.0149970036313787
2003-07-02,0.01241671317385375,1.0276784986105518
2003-07-03,-0.008169313691209148,1.0193172698327597
2003-07-07,0.015666043299872964,1.0354116769953223
2003-07-08,0.00041573421587293033,1.0358422225470212
2003-07-09,-0.008240887035311202,1.0273410405559564
2003-07-10,-0.004467858656437209,1.0227612645091866
2003-07-11,0.012415557716589157,1.0355385705789362
2003-07-14,0.0070490224066922435,1.0428638930148035
2003-07-15,-0.00047917435816032075,1.0423642990840793
2003-07-16,9.892853831293152e-05,1.04246742376148
2003-07-17,-0.014182444956279138,1.0277870348780018
2003-07-18,0.011419390818354228,1.0395910055122703
2003-07-21,-0.014016351180809024,1.0251213754914077
2003-07-22,0.007457524268864717,1.032794819913697
2003-07-23,0.00015442032714797695,1.032954316742124
2003-07-24,-0.007066070457194313,1.0256811154993366
2003-07-25,0.018917301305584253,1.0452689243005686
2003-07-28,-0.007024030805111577,1.0379526481314911
2003-07-29,-0.010202370906517669,1.0274169063915466
2003-07-30,0.0008095025280763119,1.028248939695755
2003-07-31,0.0021187976933217598,1.0304299008691784
2003-08-01,-0.012928883334012452,1.0171933442255923
2003-08-04,0.0029753441879417164,1.0202243514391525
2003-08-05,-0.012920577748921764,1.0071272566044496
2003-08-06,0.005829355778137495,1.0130153047872428
2003-08-07,0.008908347018116183,1.022079912044297
2003-08-08,0.00435925737496675,1.0265451469216005
2003-08-11,0.000348589911248626,1.0269030525807854
2003-08-12,0.0068202094800899156,1.0339306842341558
2003-08-13,-0.009178569261941525,1.0244840992240303
2003-08-14,0.004337720531081106,1.0289376771400411
2003-08-15,0.000789191845787786,1.0297500268723936
2003-08-18,0.0041525363140394065,1.0340349918323295
2003-08-19,-7.045665846342025e-05,1.033962139748558
2003-08-20,-0.005091594399949011,1.0287110035801548
2003-08-21,-0.003964451409195485,1.024640802181095
2003-08-22,-0.007685711073867762,1.0167958944846345
2003-08-25,0.0040843694936235,1.0209573573080606
2003-08-26,0.0044869751041568115,1.025548660380964
2003-08-27,-0.0029777499083682157,1.0224993752089742
2003-08-28,0.004695050709947528,1.0273113490176005
2003-08-29,0.0012549015315904404,1.0286013328349504
2003-09-02,0.014524271236973437,1.0436500387828676
2003-09-03,0.008492639245547887,1.0525511254205895
2003-09-04,0.0042457872706399115,1.057029534048191
2003-09-05,-0.008514674195842292,1.0480674805785304
2003-09-08,0.01201389551268741,1.0607347933065894
2003-09-09,-0.0059989169551708955,1.0543905815954366
2003-09-10,-0.005689752232753554,1.0484083951475336
2003-09-11,0.002461434556749566,1.0509921623834027
2003-09-12,0.003212408017243554,1.0543738067345245
2003-09-15,-0.004986211639521491,1.0491295611115934
2003-09-16,0.012768701296497634,1.062611473179355
2003-09-17,-0.00755470746151205,1.0546140016700887
2003-09-18,0.014627743158150304,1.0701540049142277
2003-09-19,-0.000423843954489432,1.0697005227185046
2003-09-22,-0.013463624788587106,1.0553949944721328
2003-09-23,0.005400495095038638,1.0611100681867205
2003-09-24,-0.01651201386964926,1.0437328651501936
2003-09-25,0.00017549487194894441,1.0439160509893295
2003-09-26,-0.003011307727626399,1.040777226872549
2003-09-29,0.010944290659808783,1.052230354214164
2003-09-30,-0.013188725180695467,1.0384438900263995
2003-10-01,0.023064704605022218,1.0626736435151438
2003-10-02,0.0024155819718714062,1.065243721677932
2003-10-03,0.006228703749912683,1.0718995162093103
2003-10-06,0.0038382839399225656,1.0760216768583122
2003-10-07,0.005534870241798092,1.0819938295158016
2003-10-08,-0.0025138388926792795,1.0792772872508984
2003-10-09,0.0007406895955516026,1.0800769928385232
2003-10-10,0.00016625992187868288,1.0802565812837424
2003-10-13,0.006505969640804931,1.0873076098235628
2003-10-14,0.005647860020413089,1.0934659453414188
2003-10-15,-0.0019178692824996168,1.091370830313958
2003-10-16,-0.0004527246636353358,1.0908768516485023
2003-10-17,-0.0068634757212375054,1.0834152803103965
2003-10-20,0.00534236462743807,1.0892187681517946
2003-10-21,-0.0018163959159572575,1.087242111368858
2003-10-22,-0.013473488973200491,1.0726914112399977
2003-10-23,0.004753471822136134,1.07780255785882
2003-10-24,-0.009001888002343972,1.0681438385228132
2003-10-27,-0.00326545133721192,1.0646615555041923
2003-10-28,0.012387913816910364,1.077932521173897
2003-10-29,-0.004539483331111099,1.073050354103844
2003-10-30,-0.005911239481828883,1.0667260072648703
2003-10-31,0.006305478089998836,1.0734734753818338
2003-11-03,0.00495622911670868,1.0788070621977326
2003-11-04,-0.009152479900045644,1.0689783494038656
2003-11-05,-0.004667636270323232,1.0640003740150912
2003-11-06,0.0053545093534700565,1.0697128540854075
2003-11-07,-0.008718050957111317,1.0604275764857443
2003-11-10,0.0015046439625415516,1.0620243434180276
2003-11-11,0.002562964050454058,1.0647497647174295
2003-11-12,0.007005114970202613,1.072234644848783
2003-11-13,-0.0036391419964915362,1.0683397221095632
2003-11-14,-0.00376070482186575,1.064329557015118
2003-11-17,-0.003407093127574558,1.0607094576057745
2003-11-18,-0.00561479190825034,1.0547704833810267
2003-11-19,0.007934382653542542,1.063172725229004
2003-11-20,-0.009981232630368386,1.0526137344652877
2003-11-21,-0.0008455114829574114,1.051724113611001
2003-11-24,0.012874851547982066,1.065352448583725
2003-11-25,-0.0021085995580229023,1.0631084135985425
2003-11-26,0.0019201278831400379,1.065151678743708
2003-11-28,9.59108658497089e-05,1.0652538432627432
2003-12-01,0.006534404853464217,1.0722374351055206
2003-12-02,-0.008283465294826368,1.0633922783748124
2003-12-03,-0.002926696311270558,1.0602846019470746
2003-12-04,0.009166111963832293,1.0700479670129313
2003-12-05,-0.0033799131322813348,1.066437402970664
2003-12-08,0.006653882921691024,1.0735570128507632
2003-12-09,-0.004594473832722136,1.068635896873306
2003-12-10,0.003160774055862323,1.072018957219456
2003-12-11,0.004100511390847636,1.0764238080632695
2003-12-12,0.002299821319023285,1.078902239367528
2003-12-15,-0.0031505235636929184,1.0755084813040001
2003-12-16,0.011953762309976034,1.0884420021607926
2003-12-17,-2.9307022694329762e-05,1.0884101036337614
2003-12-18,0.008682145844808578,1.0979009798600947
2003-12-19,-0.0008559150062406721,1.0969616719772664
2003-12-22,0.0012019412902534933,1.0982809481920934
2003-12-23,7.003153074530393e-05,1.0983578651813595
2003-12-24,-0.002183047714989565,1.0959627128706382
2003-12-26,0.0025322625529015457,1.0987414950259364
2003-12-29,0.010372233062867017,1.110197205836064
2003-12-30,0.000126273372035661,1.1103374030322697
2003-12-31,0.002265915245200326,1.1128561860778705
2004-01-02,-0.010823059718370998,1.100876621826546
2004-01-05,0.00973279733080606,1.1116435420056512
2004-01-06,-0.00085370499929765,1.110694931330855
2004-01-07,-0.0030946476426097842,1.1072630348739876
2004-01-08,0.00139287705176787,1.1088063907485017
2004-01-09,-0.008762733313151435,1.0991326621026793
2004-01-12,0.0038259617850299283,1.1033459564766845
2004-01-13,-0.004308460497291444,1.0986024599298292
2004-01-14,0.005194292515758127,1.1043237686771143
2004-01-15,-0.004261423626715411,1.0996277901611031
2004-01-16,0.001637985494870547,1.1014304404856434
2004-01-20,0.0031131603188366778,1.1048647129736586
2004-01-21,0.012200511662622104,1.1184271941611967
2004-01-22,-0.00047393852660297057,1.117897254014129
2004-01-23,-0.002123414052784367,1.1155260137288296
2004-01-26,0.012572322192600833,1.1296392986715451
2004-01-27,-0.007039331798978848,1.1217153153298547
2004-01-28,-0.010819808862575676,1.1096439924865409
2004-01-29,0.011932474091791987,1.122964103571093
2004-01-30,-0.006947427314702818,1.1151894303445709
2004-02-02,0.002212297852097501,1.1176592925540887
2004-02-03,0.0005538625787508435,1.1182784936723627
2004-02-04,-0.00023523945431833647,1.1180154613887336
2004-02-05,5.263327229133777e-05,1.1180743077495636
2004-02-06,0.008939455940680465,1.128114092006861
2004-02-09,-0.0017844461551737053,1.1261028281824783
2004-02-10,0.0021901616797308297,1.1285718782666767
2004-02-11,0.008481754786158828,1.1381848580353944
2004-02-12,-0.004591504722758657,1.1329708561016965
2004-02-13,-0.0033916270940893157,1.1291347504465354
2004-02-17,0.007973243967065405,1.138173603890133
2004-02-18,-0.006335542288138328,1.1309854513574291
2004-02-19,-0.0007671962493883509,1.130118096319344
2004-02-20,-0.0007211881168402007,1.1293033624011752
2004-02-23,0.0052552034536720495,1.135253702761829
2004-02-24,-0.00018183343284316008,1.1350472944504426
2004-02-25,0.0030258625928815705,1.1384869930030173
2004-02-26,0.0008495963726887957,1.139454658426937
2004-02-27,-0.0005855119338380683,1.138787689404576
2004-03-01,0.006449894453347809,1.1461564882475492
2004-03-02,-0.009587487754191356,1.135220236314322
2004-03-03,0.003695637646330525,1.1394233607852717
2004-03-04,-0.0001606335516562211,1.1392403458635507
2004-03-05,0.0039009105870553055,1.1436930998409964
2004-03-08,-0.0005283588836978319,1.143088979041821
2004-03-09,-0.0032675744564561815,1.139359946456179
2004-03-10,-0.009191268158952723,1.1289357627781293
2004-03-11,-0.014365268299469118,1.1128342259939856
2004-03-12,0.008827247409081355,1.1227009730726827
2004-03-15,-0.00900951416877557,1.1126314117892422
2004-03-16,0.006428673588788424,1.1198071966362377
2004-03-17,0.008871497705600664,1.1297857605698831
2004-03-18,0.0033405693490466955,1.133566199145629
2004-03-19,-0.0129654197293297,1.1189639045775708
2004-03-22,-0.010731452205085002,1.1070199992663812
2004-03-23,-0.000784631474362454,1.1061517372096221
2004-03-24,-0.003441916911976195,1.102350999502017
2004-03-25,0.011115675251976759,1.1146727305358457
2004-03-26,-0.0005843323296827924,1.1140215814846264
2004-03-29,0.010296281642732105,1.125551115250179
2004-03-30,0.005398312255856149,1.1316436214601677
2004-03-31,-0.002275712385147596,1.1290712541494738
2004-04-01,0.0024635836806899515,1.1318562447857081
2004-04-02,0.0016185148606354693,1.133689654237987
2004-04-05,0.0055354505122997165,1.1399825381205255
2004-04-06,0.003046320393025309,1.1434605851071176
2004-04-07,-0.006033291133993408,1.1365825240331524
2004-04-08,-0.002319528290031491,1.133949243879242
2004-04-12,0.008569181385480297,1.143708013248212
2004-04-13,-0.011111309146218202,1.1310702609487553
2004-04-14,0.004386326758615661,1.1360424014447428
2004-04-15,0.004587021266127557,1.1412654219945346
2004-04-16,0.004225886831066105,1.1460984853089498
2004-04-19,-0.0008912175506838177,1.1450775172439362
2004-04-20,-0.012908044727450309,1.1303917913461492
2004-04-21,0.0033707287846248776,1.1342084643662556
2004-04-22,0.009038547376103682,1.1445065309787128
2004-04-23,-0.0006778455213081119,1.1437309952289931
2004-04-26,-0.0015741238896302126,1.1419320372089552
2004-04-27,0.006205081991188662,1.1490398485984108
2004-04-28,-0.011297715387476292,1.1361313788298912
2004-04-29,-0.0030806985745450662,1.1326366863216721
2004-04-30,-0.001366523396111329,1.131089968844023
2004-05-03,0.010352222181844535,1.1428600818061343
2004-05-04,-0.0009146605144938841,1.14181523073057
2004-05-05,0.0014852321135511858,1.1435123513760592
2004-05-06,-0.006504664074404868,1.1360983266764817
2004-05-07,-0.01203656396950366,1.1225055756088087
2004-05-10,-0.00954722110196438,1.1118397621450813
2004-05-11,0.006001799199764467,1.1185328663822727
2004-05-12,0.00811810580783364,1.1276501921768196
2004-05-13,-0.0029763008961003474,1.1242989555175653
2004-05-14,0.0034849874332349372,1.1282239585694245
2004-05-17,-0.004530583868368123,1.123124006905737
2004-05-18,0.0025449481642029347,1.125985939475633
2004-05-19,-0.003914904210126807,1.121586429829135
2004-05-20,0.0036293006154395494,1.125664399762386
2004-05-21,0.002063100082503392,1.1279891553555477
2004-05-24,2.9636400241264738e-05,1.128022585388994
2004-05-25,0.015914884073634953,1.1461185497058481
2004-05-26,-0.0001926609196145229,1.1458977587216546
2004-05-27,0.0025086623405801366,1.1487760380811218
2004-05-28,-0.0012026868594417724,1.147395250729519
2004-06-01,0.0024969753095485533,1.1502638482590382
2004-06-02,0.005159914491654471,1.156214450455397
2004-06-03,-0.003466018996458261,1.1522139261576982
2004-06-04,0.0005237813264175689,1.1528175923770032
2004-06-07,0.014144968694923116,1.169240034782861
2004-06-08,6.900437797407244e-05,1.1693207202479567
2004-06-09,-0.007855966479008637,1.1601705645839275
2004-06-10,0.006233811680541953,1.1674254386663176
2004-06-14,-0.008079749756028777,1.1580309369822945
2004-06-15,0.004727327074648788,1.1635182880164279
2004-06-16,0.001337251189929552,1.1650752450208683
2004-06-17,-0.0011474310553670252,1.1637391681775129
2004-06-18,0.003299596255151811,1.1675853795615625
2004-06-21,-0.0015788401391691154,1.165743403374004
2004-06-22,0.0006715878512498756,1.166526565433011
2004-06-23,0.005051662331703091,1.1724343733041986
2004-06-24,-0.0029449506639089725,1.1689866910369733
2004-06-25,-0.013287168652943191,1.1535569038212252
2004-06-28,0.0009549799162311143,1.1546590536783312
2004-06-29,0.0014934808180706702,1.1563848031925381
2004-06-30,0.0008613258810147809,1.1573812564258152
2004-07-01,-0.006452721092481612,1.1499370415315908
2004-07-02,-8.548454119699259e-05,1.1498387438927142
2004-07-06,-0.0030118844574161217,1.1463807725705555
2004-07-07,0.0023990193416199733,1.1491342637354987
2004-07-08,-0.004197123400090294,1.1443213127672427
2004-07-09,0.0022711203306279492,1.146923157598429
2004-07-12,0.002468583002000039,1.1497579301059213
2004-07-13,0.003771553785327187,1.1541024917033151
2004-07-14,-0.000558705112066158,1.1534578688351664
2004-07-15,-0.004313581379122611,1.1484930502234698
2004-07-16,0.004512179582663077,1.1536869662441906
2004-07-19,0.0009074555164141924,1.154734361006126
2004-07-20,0.0006813088482970009,1.1555213598078933
2004-07-21,-0.011935883782884698,1.1418111755002858
2004-07-22,0.004397408432565524,1.1468432415077388
2004-07-23,-0.007701519809813486,1.1380447300089171
2004-07-26,-0.0006016185086740448,1.1373602671490521
2004-07-27,0.006267095469439158,1.1445105950168175
2004-07-28,0.001443997708800505,1.1461644594946012
2004-07-29,0.0032260036179388887,1.1498679607299844
2004-07-30,-0.002676871630991029,1.146794027903868
2004-08-02,0.007211458775681411,1.1550939771612803
2004-08-03,0.002222022290928925,1.1576634754106274
2004-08-04,-0.0016036275321528964,1.155808502129128
2004-08-05,-0.014409686067508769,1.1392730856550108
2004-08-06,-0.010756825369300178,1.1270838005644597
2004-08-09,0.0032326578980934866,1.1307331723213667
2004-08-10,0.009181026147635399,1.141162264771027
2004-08-11,0.0031348592361030926,1.1447452609967652
2004-08-12,-0.004840891984003568,1.1392170643362807
2004-08-13,0.003213075446789339,1.1428833415727726
2004-08-16,0.011227114185107308,1.1557869227997508
2004-08-17,8.56796034045473e-05,1.1558859544073503
2004-08-18,0.006553559382880787,1.1634859981170194
2004-08-19,-0.0025746878454311994,1.1604942379363272
2004-08-20,0.005668544253067037,1.1670912308879853
2004-08-23,-0.0038428630707027845,1.1626148656347877
2004-08-24,0.002434264323751388,1.1654484249414085
2004-08-25,0.006031006885397805,1.1724984905445546
2004-08-26,0.0007524642199416741,1.1733810857256282
2004-08-27,0.0035158781599638044,1.1775138114811694
2004-08-30,-0.004047038393451745,1.1727579978485643
2004-08-31,0.008266075264086197,1.1824922804547295
2004-09-01,-0.00048421670375169894,1.1819198365451122
2004-09-02,0.008039575856684257,1.1914602698592753
2004-09-03,-0.0016969210837204964,1.1894401702664776
2004-09-07,0.005230736457299324,1.19567811863802
2004-09-08,-0.0023259261734435016,1.192900291369762
2004-09-09,-0.0006628197619561777,1.192109875463178
2004-09-10,0.0027400865883282157,1.1953808390599365
2004-09-13,0.002228845398516846,1.19804812952739
2004-09-14,0.0019998905126723788,1.2004464920472147
2004-09-15,-0.0038355543277074273,1.1958509332012253
2004-09-16,0.00010381843056539816,1.1959750910131235
2004-09-17,0.006946574844892802,1.2043119442585175
2004-09-20,-0.009618477104857692,1.1927838277349183
2004-09-21,0.008821037227862184,1.2033519607052792
2004-09-22,-0.013740459196011896,1.1869304302403116
2004-09-23,-0.008412836234705462,1.1769868643513457
2004-09-24,0.004421682269026591,1.182202649073805
2004-09-27,0.00010964281046251545,1.182332276200997
2004-09-28,0.0064180588916127315,1.1899449575663226
2004-09-29,0.0021054360348040247,1.1924529498416068
2004-09-30,-0.004516188594392229,1.1870797497552832
2004-10-01,0.010923014966005222,1.200117314758343
2004-10-04,0.002080717903948061,1.2026170200309072
2004-10-05,0.0023016471169963557,1.2053882079528755
2004-10-06,0.007850841546257708,1.2148887646601474
2004-10-07,-0.008600945500674629,1.2044843805161285
2004-10-08,-0.004246512001323967,1.1993803679341963
2004-10-11,0.0019263186138340303,1.2016929833639705
2004-10-12,0.000988704754445171,1.2028816904733575
2004-10-13,-0.010574466208603783,1.1902288749717138
2004-10-14,-0.006055940841555177,1.183042700802182
2004-10-15,0.007971183699998163,1.1925106366908467
2004-10-18,0.002828467938182671,1.195888389473493
2004-10-19,-0.00955704196880398,1.184513674835488
2004-10-20,0.0025308861573029445,1.1875153409336183
2004-10-21,-0.0005307828216831085,1.1868851954401614
2004-10-22,-0.008425219817173188,1.1769274338396973
2004-10-25,-0.000364031036587236,1.1764990736988923
2004-10-26,0.011921849376087692,1.190609059890463
2004-10-27,0.0018048936064962752,1.192759923026162
2004-10-28,0.0013618950460765784,1.1943854434993844
2004-10-29,0.0040203672659595195,1.1991969772248374
2004-11-01,-0.00147062195511425,1.1974347079551726
2004-11-02,-0.0015926921207279935,1.1955290810720156
2004-11-03,0.014348819429189972,1.2128071756624403
2004-11-04,0.017105148080747135,1.2337308632200654
2004-11-05,0.0017550331558624044,1.235898002935196
2004-11-08,-0.0011339238853540748,1.2344973829181267
2004-11-09,-0.004302375119200392,1.2291975212648227
2004-11-10,0.0012248470041900832,1.230704022594778
2004-11-11,0.009716101127080257,1.242719946775304
2004-11-12,0.012430535397454411,1.258264031557707
2004-11-15,-0.005120313611042724,1.2518377913333305
2004-11-16,-0.006942708025115637,1.243176747392296
2004-11-17,0.00348204228076875,1.2475130866661617
2004-11-18,0.00037674238832255684,1.2479831662697922
2004-11-19,-0.007263753156818851,1.2389509681480706
2004-11-22,0.0075356442480351065,1.2483225279073011
2004-11-23,-0.0005293931262964094,1.2476618494363767
2004-11-24,0.0010377449996158284,1.2489572763269745
2004-11-26,-2.9544337835843736e-05,1.2489203772563422
2004-11-29,-0.0051397545747245985,1.2425177012205875
2004-11-30,-0.0046360383869352845,1.2367706734752324
2004-12-01,0.0109583367186648,1.2503981538469924
2004-12-02,-0.0014318263065651933,1.2486090820023514
2004-12-03,-0.0004860449887031005,1.24800234927684
2004-12-06,-0.000839966876385884,1.2469545087790588
2004-12-07,-0.009207507122236915,1.2355258616747269
2004-12-08,0.009150262069877842,1.2468831288460078
2004-12-09,0.00602824578558536,1.254422348114887
2004-12-10,-0.0057114876384478565,1.2472781517956641
2004-12-13,0.008130068567579666,1.2574599419356485
2004-12-14,5.118772817027126e-05,1.2575243101007574
2004-12-15,-0.00325075088718757,1.2534430490096133
2004-12-16,0.0015472172758149098,1.2553838988202892
2004-12-17,-0.00862291708325096,1.2446053655386307
2004-12-20,0.004478475360270228,1.2501918000189052
2004-12-21,0.008146422264581012,1.2604179871987093
2004-12-22,0.003037756679180028,1.2642526517980348
2004-12-23,0.002431566817374553,1.2673305070838263
2004-12-27,-0.006975139338969986,1.2585214580956667
2004-12-28,0.004873656791352877,1.2646700305926901
2004-12-29,-0.0006439458735791582,1.2638559136967908
2004-12-30,-0.0015827127583912448,1.2618571749493062
2004-12-31,-0.0007245321301688878,1.2609432500063442
2005-01-03,-0.010213780219111962,1.2481298010505326
2005-01-04,-0.007912966643978543,1.2382923645518065
2005-01-05,0.00042854847504051073,1.2388231465810806
2005-01-06,0.005326056675812765,1.245438790880565
2005-01-07,-0.0031649513407001964,1.2415032688626004
2005-01-10,0.0035546719368792015,1.2459242586208956
2005-01-11,-0.003441360069600661,1.2416439538867186
2005-01-12,-0.00423760782078947,1.2363934863253176
2005-01-13,-0.012814982546824333,1.2206502156972407
2005-01-14,0.004075955173748038,1.2256356846310608
2005-01-18,0.008140171969451227,1.2356532870633101
2005-01-19,-0.005521362384643669,1.228849597585685
2005-01-20,-0.003717649428690981,1.2242896469820421
2005-01-21,-0.007014433098099856,1.2157319977774546
2005-01-24,0.0016832351967384558,1.2177800838876611
2005-01-25,0.009851390347159811,1.229836198091022
2005-01-26,0.0037480934528097785,1.2344543883910903
2005-01-27,-0.002419621460911616,1.23147108674626
2005-01-28,-0.004272625266957069,1.2262206967273253
2005-01-31,0.005448397835758709,1.2329198682211822
2005-02-01,0.007913194809970487,1.2427149072368255
2005-02-02,0.004655524522151173,1.2485138851295283
2005-02-03,-0.00038109309593326225,1.2480381757582646
2005-02-04,0.006427002401136316,1.2560851513771314
2005-02-07,0.0015080430435392945,1.257980810860549
2005-02-08,0.0025338515610765044,1.26117238928734
2005-02-09,-0.006673473797497349,1.2527840093417177
2005-02-10,0.0051440530280537165,1.2592450003113813
2005-02-11,0.005483618817134316,1.2661691873407215
2005-02-14,0.00432694639451304,1.271659703559076
2005-02-15,0.003982205353910873,1.2767338100004475
2005-02-16,0.004219055467656435,1.282131799964599
2005-02-17,-0.007119615727111428,1.27303593220055
2005-02-18,0.005995998783445567,1.2806919840024338
2005-02-22,-0.012887542577987722,1.2642929103835794
2005-02-23,0.009128039862205117,1.2758862582403094
2005-02-24,0.009105884642659571,1.2875573886640308
2005-02-25,0.010023869835210138,1.300528598583396
2005-02-28,-0.0066589326379021575,1.2918972359767062
2005-03-01,0.0016307354747939647,1.2940056973333152
2005-03-02,0.0019186500840177737,1.2964908247558342
2005-03-03,-0.0010567779395512923,1.295121445545713
2005-03-04,0.009997057399114604,1.3081337831464446
2005-03-07,0.0007311131029247895,1.3090905265969008
2005-03-08,-0.002308672207832459,1.306071751702291
2005-03-09,-0.015042566092139692,1.286572111067621
2005-03-10,-0.0006001705341569358,1.2858001800647822
2005-03-11,-0.00609900644220653,1.2779819424590788
2005-03-14,0.005785346585752546,1.2853969394083837
2005-03-15,-0.009276076957593036,1.273528629257738
2005-03-16,-0.005550048240945747,1.2664800619664764
2005-03-17,0.00317426710821985,1.2705065952355152
2005-03-18,0.0022234162931097185,1.2733346030541557
2005-03-21,-0.008179840457154018,1.2629614125133624
2005-03-22,-0.013509835919103366,1.2460137489025045
2005-03-23,0.0028804829711519134,1.2496080444563973
2005-03-24,-0.003826768622014415,1.244835221670788
2005-03-28,0.003547699975284925,1.2492593666852683
2005-03-29,-0.008124704460170386,1.2391506244156911
2005-03-30,0.013051548301429152,1.2554294595632476
2005-03-31,-0.0024864619688298793,1.252311759584971
2005-04-01,-0.002091519911669715,1.2496952617866157
2005-04-04,0.0013218974165451153,1.2513483230726468
2005-04-05,0.0032024005603685348,1.2553620650181987
2005-04-06,0.005052362052023187,1.261720658108289
2005-04-07,0.005905676262570914,1.2691940177494998
2005-04-08,-0.009924757374660012,1.2566598770994724
2005-04-11,0.0043700123715837945,1.2621635130292421
2005-04-12,0.005053625558278611,1.2685581592818125
2005-04-13,-0.011101094988050174,1.2545536511645567
2005-04-14,-0.005250070786712895,1.2479844152560944
2005-04-15,-0.012718776399707116,1.2322120954524338
2005-04-18,0.0045785393507824755,1.237866762198841
2005-04-19,0.0034000867139542825,1.242082779881857
2005-04-20,-0.015929230096544136,1.2224541073499222
2005-04-21,0.017488607307358916,1.2440211664078464
2005-04-22,-0.0029866384326198247,1.2403112678018329
2005-04-25,0.006576557246062809,1.2484951271705589
2005-04-26,-0.0069971621001918526,1.2397896965573523
2005-04-27,0.0010997585592548151,1.2411539159062717
2005-04-28,-0.010055488995532316,1.2287360448795368
2005-04-29,0.013430240096195388,1.2453495771242131
2005-05-02,0.007742294657937274,1.2550288620900862
2005-05-03,-0.002710680536588503,1.2516314864610247
2005-05-04,0.006557792331959328,1.2598663977327786
2005-05-05,0.00033381009964362606,1.260287024061296
2005-05-06,-0.004676510545224984,1.254407038127524
2005-05-09,0.0067091724193485015,1.2628513667834722
2005-05-10,-0.008634127614902887,1.2519946833644633
2005-05-11,0.008247070647360888,1.2623626659466218
2005-05-12,-0.01152053532832137,1.2479030235932984
2005-05-13,-0.0076881515488222895,1.2383457420199224
2005-05-16,0.007610649817837829,1.2478063126965484
2005-05-17,0.008838099804635667,1.2588834276441951
2005-05-18,0.00699544647571085,1.2677207537635815
2005-05-19,0.005732606057705065,1.2750089677065528
2005-05-20,-0.0034759040098651913,1.2705848522776795
2005-05-23,0.003965687342651956,1.2756335988025522
2005-05-24,0.0007383078246282536,1.2765757568284306
2005-05-25,-0.0005193763484995556,1.2759129057227598
2005-05-26,0.0036999377126193476,1.280642448111348
2005-05-27,0.0004943431506591782,1.2812756814383988
2005-05-31,-0.009652882172788601,1.2689671800847107
2005-06-01,0.011278076518581407,1.283359696437269
2005-06-02,0.00033440637135767013,1.2837889318620317
2005-06-03,-0.006897372371080633,1.2749646287889473
2005-06-06,0.000956237736531516,1.2761843811734237
2005-06-07,6.981708831008663e-05,1.2762734837614695
2005-06-08,-0.0031422895948970343,1.2722693572304933
2005-06-09,0.004436400258517599,1.2779261920495588
2005-06-10,-0.0013349017859698542,1.2762214241954335
2005-06-13,-0.002039256818023392,1.2736215327789695
2005-06-14,0.001955326398925394,1.2761143148913663
2005-06-15,0.004162434331780335,1.2814371271700424
2005-06-16,0.004785545618424251,1.2875841998161408
2005-06-17,0.005967708849021748,1.2952911008374615
2005-06-20,-0.00020208749846208478,1.2950293651467593
2005-06-21,-0.0037185947988424535,1.290222618395862
2005-06-22,-0.0008066028819906539,1.289182340715343
2005-06-23,-0.011303912687474698,1.2746915914798478
2005-06-24,-0.007381575863573764,1.2653170009867252
2005-06-27,0.00037806219383418555,1.265795459945937
2005-06-28,0.005962074424250346,1.2733647686531895
2005-06-29,-0.0014544484356564845,1.271514071455474
2005-06-30,-0.012937926201505325,1.2551692780954642
2005-07-01,0.001297614241067037,1.2567990608116157
2005-07-05,0.007548932939168451,1.2663224531394424
2005-07-06,-0.011260317397792409,1.2521432414218179
2005-07-07,0.0017495278373025663,1.2543358183068616
2005-07-08,0.00833513125180819,1.2648345654210944
2005-07-11,0.0037475640519250702,1.269583506893335
2005-07-12,0.0007065399364876136,1.2704808353055121
2005-07-13,0.0019597713534121666,1.2729731286164405
2005-07-14,0.0026029980442565594,1.2762909915025467
2005-07-15,-0.0005736051612844451,1.2755591143268497
2005-07-18,-0.009164524403856497,1.2639226245863107
2005-07-19,0.004049473176684465,1.269051222403298
2005-07-20,0.003972776598051314,1.2741029073650811
2005-07-21,-0.008216436067364259,1.2636772119663275
2005-07-22,0.006197689654801456,1.2715334111448704
2005-07-25,-0.001108101701022827,1.270125203171992
2005-07-26,-0.0015623140585095925,1.2681424179809013
2005-07-27,0.004232174243340041,1.2735207907366901
2005-07-28,0.004307300576602118,1.2790180582655866
2005-07-29,-0.011239825076092218,1.2647226086971826
2005-08-01,0.003364200198521211,1.2689845537469593
2005-08-02,0.0074914148815371315,1.278526741133014
2005-08-03,0.0008294264601472808,1.279587624943848
2005-08-04,-0.006806775429118143,1.2709073352450078
2005-08-05,-0.0064302889746880604,1.262761252720737
2005-08-08,0.0006624806169537591,1.263598084736394
2005-08-09,0.004659819856015399,1.2694999643501692
2005-08-10,0.0003607737165450259,1.2699580491979796
2005-08-11,0.004244725037058552,1.2753601289860075
2005-08-12,-0.004217500796910592,1.2699926233115137
2005-08-15,0.001979645314296878,1.2725092484481368
2005-08-16,-0.008742511019019199,1.2614328108097985
2005-08-17,-0.0022587779280585363,1.2585867297616162
2005-08-18,0.002006214290633758,1.2611142589797313
2005-08-19,0.0016082971299392088,1.2631441373091759
2005-08-22,0.0033780213789437524,1.2674182802183926
2005-08-23,-0.005988017064928534,1.259851635137319
2005-08-24,-0.007598001571718212,1.2503155538897253
2005-08-25,0.0022081129887801232,1.253079442270254
2005-08-26,-0.006865847788728118,1.2445054570724472
2005-08-29,0.007605879984805689,1.25400710460944
2005-08-30,-0.002012556009716225,1.2514858829756994
2005-08-31,0.010901197434501941,1.2652032094721795
2005-09-01,0.0039500173744054495,1.27021066739385
2005-09-02,-0.004331332167318126,1.2647208607415648
2005-09-06,0.011437524562284819,1.2792691764127786
2005-09-07,0.002862598927291264,1.2829364574580018
2005-09-08,-0.004397127605124644,1.2773076066023905
2005-09-09,0.008769107472175266,1.2885577088658937
2005-09-12,-0.002667221761965877,1.285125419077063
2005-09-13,-0.008149238172808508,1.27469518291708
2005-09-14,-0.0007886241516640638,1.2736903237899893
2005-09-15,-0.000435449706729734,1.2731358164508215
2005-09-16,0.01287147286416171,1.28962886678327
2005-09-19,-0.002945918417168134,1.2858353158425997
2005-09-20,-0.004219828448068649,1.2804207437147752
2005-09-21,-0.0025468791657032057,1.2771638160603977
2005-09-22,0.0027541428132703914,1.2806861558927363
2005-09-23,-0.004954612480671392,1.2743565456123385
2005-09-26,0.002036369876612039,1.2769542509406455
2005-09-27,-0.000992858812562498,1.275687044841829
2005-09-28,0.0021883676636157237,1.2784817739517418
2005-09-29,0.010602965160590717,1.2921095916244427
2005-09-30,-0.005450139877205813,1.2850865692249565
2005-10-03,-0.0035931674706223913,1.280477323821913
2005-10-04,-0.012071372711179359,1.2651131248535488
2005-10-05,-0.011804043714913986,1.2502674660032989
2005-10-06,-0.004077199317847389,1.2451802541793657
2005-10-07,0.003126248004329958,1.2490790876487885
2005-10-10,-0.005522525614349202,1.2422000287656276
2005-10-11,0.004114869537198376,1.2473220508221312
2005-10-12,-0.0023887925284123983,1.2443460132099968
2005-10-13,-0.00022555795807920685,1.2440653727156514
2005-10-14,0.00415205624035588,1.249241540543571
2005-10-17,-0.0007396156854167994,1.248317923508238
2005-10-18,-0.014936488143630945,1.2298109959674788
2005-10-19,0.013905129338637074,1.247031123516711
2005-10-20,-0.017180257457218684,1.225789795961088
2005-10-21,-0.002039850246820376,1.2232919168590355
2005-10-24,0.015815449888849656,1.2427926286628372
2005-10-25,0.0016329872402403632,1.244823751114875
2005-10-26,-0.006790498024459878,1.23639941298893
2005-10-27,-0.008285368077343095,1.2261977095555898
2005-10-28,0.016136745881397525,1.24614506021272
2005-10-31,-0.0012973811910031569,1.244529383351349
2005-11-01,-0.0036850573620175664,1.2399516609501213
2005-11-02,0.007689006810623721,1.249522405322864
2005-11-03,0.006279136716465137,1.2573930117832934
2005-11-04,-0.002357572107930055,1.2544321087326578
2005-11-07,0.0022427561237821996,1.2572486512547916
2005-11-08,-0.00010198163894946983,1.2571204415144004
2005-11-09,0.0014700149518317165,1.2589697863089018
2005-11-10,0.005981913203552797,1.266523404315716
2005-11-11,0.0040251810628213385,1.271631664276982
2005-11-14,0.0006443745582887549,1.2724513354282125
2005-11-15,-0.0033604591137648206,1.268182491396392
2005-11-16,0.0020089710366184405,1.2707327941752182
2005-11-17,0.007889046047652601,1.2807973112231834
2005-11-18,0.007269360132971562,1.290141811254087
2005-11-21,0.005495292580996249,1.297251033716139
2005-11-22,0.003806319433146731,1.3021981948002301
2005-11-23,0.003650179442678397,1.3069601375667124
2005-11-25,0.003131356607139105,1.3110591101518565
2005-11-28,-0.008845100336022121,1.2995137957794356
2005-11-29,-0.0002879479372112702,1.2991396573313456
2005-11-30,-0.007795230341348726,1.289051933604081
2005-12-01,0.007935991611200044,1.2993225387502343
2005-12-02,-0.00169218227561513,1.297125707423586
2005-12-05,0.0005772347566187297,1.2978746696083205
2005-12-06,0.00033012639163666584,1.2983032030209976
2005-12-07,-0.006717563278543478,1.2896109970086944
2005-12-08,-0.003326341155154941,1.285328437450971
2005-12-09,-0.0010453190115831685,1.2839855611884978
2005-12-12,0.0007166052939633763,1.284906001795935
2005-12-13,0.010047027947504596,1.2978805570249456
2005-12-14,0.00892527329622836,1.3095163447523734
2005-12-15,-0.004074597203796239,1.3041914488857675
2005-12-16,-0.00589387016751018,1.2965273216839652
2005-12-19,0.0006552868112588937,1.2973771973640522
2005-12-20,-0.0017000576181214696,1.2951734551512355
2005-12-21,0.002720155525454204,1.298701324382881
2005-12-22,0.002019429772208231,1.301326610400738
2005-12-23,0.00018953506673491122,1.3015732808022913
2005-12-27,-0.011683098058120856,1.2864553565877854
2005-12-28,0.00020089522091501993,1.2867138252825379
2005-12-29,-0.002513537227388652,1.2834836834232355
2005-12-30,-0.00334423038686823,1.2791985874558192
2006-01-03,0.01957214478455941,1.3044818642973615
2006-01-04,-0.0003388955923956777,1.3040398560447457
2006-01-05,-0.0038875759715568735,1.2989801434154429
2006-01-06,0.004925854634852004,1.3053945159388993
2006-01-09,0.001398672347886821,1.3072216126083605
2006-01-10,-0.0006968746828924886,1.3063109603037255
2006-01-11,0.002931172590253009,1.3101456004354093
2006-01-12,-0.006662860147934008,1.3014453001548079
2006-01-13,0.003752538176820799,1.306338197979997
2006-01-17,-0.0012877357357652848,1.3046570622610478
2006-01-18,-0.0009713092751682691,1.303390451990293
2006-01-19,0.0008192135012469514,1.3044586445250934
2006-01-20,-0.019620635256944657,1.2791137913899735
2006-01-23,0.002168876422442883,1.2818910418015212
2006-01-24,-0.0019610688700467845,1.279379628516723
2006-01-25,-0.0010347138378554858,1.2780565213479214
2006-01-26,-0.002997205374492501,1.2742316582865991
2006-01-27,0.01051132822839343,1.2876961664461992
2006-01-30,0.002358169710562396,1.2907363557746492
2006-01-31,-0.005281440161184855,1.2839373789463908
2006-02-01,0.0023347083171184712,1.2869385002318643
2006-02-02,-0.0065957689805104585,1.278478083341781
2006-02-03,-0.0062261728223470415,1.2705427867437686
2006-02-06,-0.0007992442534084563,1.269527718420551
2006-02-07,-0.00660429108705242,1.2611710132560134
2006-02-08,0.006356133806417141,1.269212714961074
2006-02-09,-0.0032541507101810406,1.2650892183817857
2006-02-10,0.0009287914692326282,1.2662647682914931
2006-02-13,-0.0031133627083625394,1.2623285573885825
2006-02-14,0.007092361065620847,1.2713132710556454
2006-02-15,0.005845512606557476,1.2787665115911386
2006-02-16,0.006359038179122526,1.2869241465271137
2006-02-17,0.002523180100765102,1.290175387933733
2006-02-21,-0.0004263656949630853,1.2896254186601797
2006-02-22,0.004394454723297237,1.2953050895606855
2006-02-23,-0.001732401598676396,1.29306304357552
2006-02-24,0.0022063785607277656,1.2959191798527943
2006-02-27,0.0016003491693326855,1.29799476342203
2006-02-28,-0.007764086049115824,1.2879560415663338
2006-03-01,0.007396509559097169,1.2975177387397288
2006-03-02,-0.003468368557909077,1.2930252642934605
2006-03-03,-0.0008534200811294246,1.2919222413054354
2006-03-06,-0.0052193164056045654,1.2851968565793666
2006-03-07,0.003635534336937985,1.289877737477159
2006-03-08,0.0037237695927590086,1.2946898991042886
2006-03-09,-0.0059411769886460524,1.2870207217967742
2006-03-10,0.00593688299801722,1.2946843397299306
2006-03-13,0.002609861071433801,1.2980676991165196
2006-03-14,0.005540371991683968,1.3052794364463236
2006-03-15,0.0016193311023180652,1.3073948283326606
2006-03-16,0.002038000901695856,1.3100620171150779
2006-03-17,-0.0005052023286713214,1.3094003378883439
2006-03-20,4.8379450350560967e-05,1.3094636874893768
2006-03-21,-0.0038550308739271123,1.3044253821966767
2006-03-22,0.003096659193927029,1.3084710037719822
2006-03-23,-0.0047065389411335016,1.3023271036333957
2006-03-24,0.002502394673784647,1.3055901210169685
2006-03-27,-0.0012394715134052625,1.3039728817218486
2006-03-28,-0.008961488108338212,1.2923395480934912
2006-03-29,0.0023740498439970077,1.2954112713653962
2006-03-30,-0.0008346430464048567,1.2943305164405485
2006-03-31,-0.003238854511100346,1.29014514976416
2006-04-03,0.0027828979914516733,1.2937404925258444
2006-04-04,0.004883452424102515,1.3000738644438794
2006-04-05,0.003138501658552978,1.3041605581165532
2006-04-06,-0.003814894080636615,1.299194801663037
2006-04-07,-0.00980400463595965,1.2865197245873512
2006-04-10,0.0028071581117977773,1.2901362625903094
2006-04-11,-0.004095172928605166,1.2848637348185852
2006-04-12,-0.0017134126141975855,1.2826641180515126
2006-04-13,0.001231999139494088,1.2842453329689205
2006-04-17,-0.0034630928961520294,1.2798055641824546
2006-04-18,0.014200675566507167,1.2981093230660032
2006-04-19,-0.0025823524988979676,1.2947614717383031
2006-04-20,-0.001818091352277212,1.2924096156956701
2006-04-21,0.0036977832465084335,1.297197513168097
2006-04-24,-0.0014394629321536876,1.2953315887189403
2006-04-25,-0.000806197588928978,1.294287716355482
2006-04-26,0.003549705665330266,1.2988902207299369
2006-04-27,0.007600238917039207,1.308799706262677
2006-04-28,-0.0035590507062767183,1.3041499010981001
2006-05-01,-0.0032809893078596616,1.2998780110617196
2006-05-02,0.00427664243505264,1.3054490286583442
2006-05-03,-0.009166168279319225,1.293537737030757
2006-05-04,0.0037267818481459655,1.298367464068577
2006-05-05,0.008141606573283893,1.308981409804373
2006-05-08,-0.0009960719296614514,1.3076782193091017
2006-05-09,0.0009732488056501403,1.308951535100247
2006-05-10,-0.00100778553167752,1.3076330571645902
2006-05-11,-0.008132159592812925,1.2970422976936318
2006-05-12,-0.0068034409076937535,1.2882478970809723
2006-05-15,0.007842207757377569,1.2983903222555135
2006-05-16,0.0007615302231155965,1.2993794623095325
2006-05-17,-0.01596797168615104,1.2787957849944125
2006-05-18,-0.007031694564189292,1.2698352245076023
2006-05-19,-0.00037484793247612446,1.2693593186008554
2006-05-22,0.0031930966590585767,1.273418983602285
2006-05-23,-0.001052667473201305,1.272079202154384
2006-05-24,0.006647843107625247,1.2805639565209128
2006-05-25,0.010133173916488318,1.2936061013660916
2006-05-26,0.0034475884904208477,1.2980736195293736
2006-05-30,-0.017492117708265715,1.2755649986242121
2006-05-31,0.004193951071820101,1.280925889616806
2006-06-01,0.00885607346959046,1.292320243550605
2006-06-02,0.0029401484193980624,1.2961254480638889
2006-06-05,-0.016115127005750417,1.2754056215756588
2006-06-06,0.0016540930682760705,1.2775170069060673
2006-06-07,-0.005377593636904533,1.2706654784579117
2006-06-08,0.009178082189949905,1.2823814334107284
2006-06-09,-0.0058561341176630154,1.274893582076717
2006-06-12,-0.005110649377518986,1.2683946689634795
2006-06-13,-0.014336732611236108,1.2503397671510152
2006-06-14,0.005938646965819068,1.257787185522049
2006-06-15,0.012182471465351728,1.2732038579364673
2006-06-16,-0.0029187783073436947,1.2694930762440775
2006-06-19,-0.007336991471451752,1.260212902279616
2006-06-20,0.0005744028044165157,1.2609369800410872
2006-06-21,0.008188259195036926,1.2713042458671848
2006-06-22,-0.0018727708612382567,1.268925612332752
2006-06-23,-0.004348692846696379,1.2634194256341131
2006-06-26,0.004149548113272194,1.2686729376402008
2006-06-27,-0.0034477918577028245,1.2643063492851718
2006-06-28,0.008224497216895214,1.2747475111341233
2006-06-29,0.016815560806024463,1.2963643456497083
2006-06-30,-0.00708973373264984,1.2872059711982864
2006-07-03,0.010083319560689303,1.300250938104374
2006-07-05,-0.0014087875918442107,1.2984204504034136
2006-07-06,0.00624281482008559,1.3065516030663127
2006-07-07,-0.001829875757323633,1.3041629620867994
2006-07-10,0.005646350503800926,1.3115475516561679
2006-07-11,0.003890861777838941,1.3166605424145017
2006-07-12,-0.00934295307997911,1.3044163323516058
2006-07-13,-0.0036195013299356996,1.299703529844459
2006-07-14,0.0003294155281935491,1.3001317428953796
2006-07-17,-0.000639717686855855,1.2993002915996117
2006-07-18,0.004321564975734762,1.3049274525458798
2006-07-19,0.015489625318545818,1.3252976459042403
2006-07-20,-0.006297580708986963,1.3169777022710547
2006-07-21,0.005512946177058717,1.3242581794601431
2006-07-24,0.011881227461475083,1.3400858318871445
2006-07-25,0.0034181643913779596,1.344674303166077
2006-07-26,0.006424147803787884,1.3533404962860938
2006-07-27,-0.004688587817536339,1.3470100924460824
2006-07-28,0.00804086830548613,1.3578848860040982
2006-07-31,-0.0010081333090994557,1.356516646820225
2006-08-01,0.0005611339440378705,1.357278047960442
2006-08-02,0.008035429405675218,1.368228295951368
2006-08-03,0.0006177571362696628,1.3690737898733016
2006-08-04,0.0012684627423987399,1.3708115108515102
2006-08-07,-0.00029043049430597364,1.3704134431951045
2006-08-08,6.801207830637253e-05,1.3705066510311086
2006-08-09,-0.003793200740187961,1.3653178914128792
2006-08-10,0.0023062737279545887,1.3684703219827643
2006-08-11,0.0005360825328860732,1.3692041316928625
2006-08-14,-0.0017159457859591558,1.3668566662706692
2006-08-15,0.005241134235875384,1.3740393518072802
2006-08-16,-0.0001309624403776377,1.3738594160432631
2006-08-17,0.0006076807639363826,1.3746945377007296
2006-08-18,0.009338398356796805,1.387592110520771
2006-08-21,0.0018641369140332592,1.3901811846401795
2006-08-22,-0.0017653301043653255,1.3877292208439371
2006-08-23,-0.0018223549000930238,1.3852025886078887
2006-08-24,0.006757007300547091,1.394594106155701
2006-08-25,-0.0012720740221432063,1.39282120709032
2006-08-28,0.0026999889940552213,1.3965868903842413
2006-08-29,-0.0001428254233644761,1.3963874365142377
2006-08-30,-0.003052358447060709,1.3921316599090758
2006-08-31,-0.003522053797037315,1.3872371217832844
2006-09-01,0.004057103950099,1.392876719471134
2006-09-05,0.0018001217952148822,1.3953863253323202
2006-09-06,-0.006032301960953262,1.3869942708171425
2006-09-07,-0.0033255602104474828,1.3823893989911606
2006-09-08,-0.0008940783539366685,1.3811539869127065
2006-09-11,-0.0033859786815888444,1.3764853373913513
2006-09-12,0.0034834543491865802,1.3812886223813707
2006-09-13,0.0011437587111155494,1.382869387110171
2006-09-14,0.0007767035894308348,1.3839438839556142
2006-09-15,0.002324385540004344,1.3871644445699243
2006-09-18,0.0035929754596830694,1.3921574568917514
2006-09-19,-0.000846196630559073,1.3909799162282575
2006-09-20,0.003288826407782056,1.395562138646237
2006-09-21,0.0003947429234067426,1.3961131356685748
2006-09-22,-0.0030282559355544756,1.391891742733851
2006-09-25,0.007757686215722209,1.4027315938386529
2006-09-26,0.008636400300044873,1.4148986093794762
2006-09-27,0.004400370345101273,1.4211384059007373
2006-09-28,-0.0004300742481124857,1.420527342280138
2006-09-29,-0.0011182713157167914,1.4189396951756332
2006-10-02,-0.00362497486135281,1.4138053859440503
2006-10-03,0.00142357955838017,1.4158194836650362
2006-10-04,0.011642480718022107,1.432399463470789
2006-10-05,0.000790148606393736,1.4335317191768748
2006-10-06,-0.003498676755837424,1.4285250185928553
2006-10-09,-0.003674271808072087,1.4232858603298368
2006-10-10,0.0012341545031969287,1.4250434993596675
2006-10-11,-0.004051142243709835,1.4192821233965818
2006-10-12,0.005495788562965078,1.427103670957155
2006-10-13,-1.8438947765100293e-05,1.4270773569097133
2006-10-16,0.0019634102573889657,1.4298820477086969
2006-10-17,0.0002842804870400352,1.4302885930573461
2006-10-18,0.0068428389968530475,1.4401093903649858
2006-10-19,6.944668540223567e-05,1.4402094046615537
2006-10-20,0.003125924755122419,1.4447184346647701
2006-10-23,0.003960543429555882,1.45045165059987
2006-10-24,0.00043745172906741695,1.4510862919847185
2006-10-25,0.005824768316654741,1.4595631974813115
2006-10-26,0.0032378042272610363,1.4642966362108343
2006-10-27,-0.004246660398509358,1.458091450657466
2006-10-30,-0.0012363275802497627,1.4562898858740816
2006-10-31,0.0006861378633951777,1.4572894443831144
2006-11-01,-0.0033986066301356904,1.4523450975195733
2006-11-02,0.0019072649370678169,1.455117747649286
2006-11-03,0.0025459755369654285,1.4588271618734419
2006-11-06,0.008292263247421331,1.4709744353213223
2006-11-07,0.0009104651276092561,1.4723143161130976
2006-11-08,0.0036115101448622616,1.4776412074733718
2006-11-09,-0.0027069943958193854,1.473646650067248
2006-11-10,-0.0011476563645985637,1.4719563802201263
2006-11-13,-0.0027861076544682473,1.4678610589342678
2006-11-14,0.004758789783224961,1.474862948190472
2006-11-15,-0.0022452631898520607,1.4715552074666514
2006-11-16,-0.0017089731195608227,1.4690425068535908
2006-11-17,0.002955863655237469,1.4733912201431059
2006-11-20,0.0007707521321130016,1.4745272773204732
2006-11-21,-6.01329127886266e-05,1.4744386123661692
2006-11-22,-0.0018408989406588417,1.4717268167232966
2006-11-24,-0.004603960468525427,1.4649666184225159
2006-11-27,-0.008176172767279267,1.4530376314353957
2006-11-28,0.006138344035995253,1.4619843071090275
2006-11-29,0.009798008428425934,1.4763792473848825
2006-11-30,-0.0015981817564344146,1.474021609474902
2006-12-01,-0.0016424807102685345,1.4716025445923582
2006-12-04,0.00404394625923638,1.477565675361325
2006-12-05,0.0030746001464657456,1.482115590003058
2006-12-06,-0.0031605392127517567,1.4774387002029497
2006-12-07,-0.0037106692021049974,1.4719665728262108
2006-12-08,-0.00019606550717960898,1.4716779992441456
2006-12-11,0.002488766195674952,1.4753452232382516
2006-12-12,0.001099503921499014,1.4769682632026608
2006-12-13,0.0033693910297921095,1.4819531401037178
2006-12-14,0.008992619242541721,1.495339881148281
2006-12-15,0.0004145250808528634,1.4959598655240756
2006-12-18,-0.004848793149915572,1.4887238227898825
2006-12-19,0.005900421839159042,1.497533887334802
2006-12-20,-0.003903179988332893,1.4917001355318953
2006-12-21,-0.003255072527815076,1.4868524374856675
2006-12-22,-0.0056945146293165,1.47840959628514
2006-12-26,0.004510222231778736,1.4850926117275127
2006-12-27,0.0051480866531220595,1.4927577105481922
2006-12-28,0.0012667752538325114,1.4946498973105296
2006-12-29,-0.006685268151954259,1.4846910877006474
2007-01-03,-0.008368519610293041,1.472318264532492
2007-01-04,-0.0014791619918407487,1.4701420771792895
2007-01-05,-0.005577328074016972,1.4619654356013634
2007-01-08,0.002606233989327834,1.4657806290947852
2007-01-09,-0.0023319899739831125,1.4623664258547933
2007-01-10,-0.0014220017689228657,1.4602884160273997
2007-01-11,0.0025537316723955976,1.4640223665308127
2007-01-12,0.005242222470640121,1.471717248999205
2007-01-16,0.0005267932269717709,1.472492743922798
2007-01-17,0.002679817995221768,1.4764440484996846
2007-01-18,0.00061138395822109,1.4773469987026566
2007-01-19,0.005823115612619428,1.4859748572049085
2007-01-22,-0.003003908858647523,1.4815178217832092
2007-01-23,0.002831486450847849,1.4857186639294648
2007-01-24,0.007936417823849271,1.4975568623220796
2007-01-25,-0.009945620662805433,1.4827365506104875
2007-01-26,-0.003501490987023467,1.477553840843354
2007-01-29,-0.0023645792326989017,1.4740641751375914
2007-01-30,0.007838816212048523,1.485664500299322
2007-01-31,0.005914129077118326,1.4944769452017015
2007-02-01,0.006228687564982904,1.5038146257245837
2007-02-02,-3.1945817056025864e-05,1.5037665859050038
2007-02-05,-0.0020730607543289203,1.5006524154596423
2007-02-06,-0.0011638194238696871,1.4989069429344843
2007-02-07,-0.0017258262950282748,1.4963223208644527
2007-02-08,0.0004071789633307044,1.4969317158938695
2007-02-09,-0.006313918135354878,1.487509986898474
2007-02-12,-0.0018614385516418374,1.4847436539410837
2007-02-13,0.0071754571219065436,1.4954356825883477
2007-02-14,0.0034372560024091116,1.5005847220784472
2007-02-15,-0.002112004200679181,1.497418825212489
2007-02-16,-0.001187219081114655,1.495642115891068
2007-02-20,-0.0004196278534436128,1.4950146344640065
2007-02-21,-0.002243977398034821,1.4916636166248363
2007-02-22,-0.0004411396569317645,1.4910057297694006
2007-02-23,-0.004625205985159228,1.4841254447773813
2007-02-26,0.001323760019496821,1.486091371625696
2007-02-27,-0.036855326161982276,1.4323179937363835
2007-02-28,0.007750754995259352,1.443462673630558
2007-03-01,-0.004495164391694259,1.436988633458213
2007-03-02,-0.011019333095251157,1.42124090115389
2007-03-05,-0.006239473773450733,1.4124007135644774
2007-03-06,0.013814171939618189,1.4320472477396327
2007-03-07,-0.003875486441410577,1.4265081084101179
2007-03-08,0.006046025773084393,1.4351589384175087
2007-03-09,0.0005519386650441718,1.435951276767076
2007-03-12,0.002210940868820017,1.439129592369742
2007-03-13,-0.020291994774201013,1.410221079847284
2007-03-14,0.005458313075645197,1.4179395537673776
2007-03-15,0.004037354156714561,1.4236758498562703
2007-03-16,-0.005619318038678762,1.4156981979459238
2007-03-19,0.010924669571343547,1.4312490221155059
2007-03-20,0.007491710476942939,1.4420117908442558
2007-03-21,0.017778365716243517,1.4678776488887832
2007-03-22,0.001687890039342354,1.4703573570999926
2007-03-23,0.00027597269761557835,1.4707631915833332
2007-03-26,0.001685969264952716,1.4732449446121678
2007-03-27,-0.002878278755449645,1.4690106316762601
2007-03-28,-0.006975511578921847,1.4587991874346835
2007-03-29,0.0075204414497379,1.4698113575999294
2007-03-30,-0.003191595665455456,1.4651277920414203
2007-04-02,0.00011000890461875136,1.4652889780107328
2007-04-03,0.008471096805431384,1.47775430574835
2007-04-04,0.0016215052453692979,1.4801524358713287
2007-04-05,0.0028093658981508873,1.4843165722012313
2007-04-09,0.00084726090709006,1.485574708516198
2007-04-10,0.005756876560199454,1.4941516432234825
2007-04-11,-0.006617025046310932,1.4842974430773785
2007-04-12,0.0024695103159286078,1.4879674606329436
2007-04-13,0.002279184501611539,1.491362680704847
2007-04-16,0.012735339971364444,1.5104771477367651
2007-04-17,0.005332100036728935,1.5185526736144788
2007-04-18,0.005647388560516949,1.5271527918597398
2007-04-19,-0.0014489507679905647,1.5249416249719703
2007-04-20,0.010150323349604928,1.5404990986765765
2007-04-23,-0.007091060188355705,1.5296139660246606
2007-04-24,-0.0036552378372647866,1.524033069146109
2007-04-25,0.00939322141791031,1.5384160949315788
2007-04-26,-0.0018338743839597695,1.5355974184025105
2007-04-27,-0.0017749354153165744,1.5328742496002152
2007-04-30,4.666524683283939e-05,1.5329457832244906
2007-05-01,0.0024195312645915465,1.5366592841280846
2007-05-02,0.0007124918423629237,1.53775453146358
2007-05-03,0.004279207199655883,1.544349001214194
2007-05-04,0.0022893567672646305,1.5478886172271058
2007-05-07,0.0023158750391247215,1.5514774879231101
2007-05-08,-0.0031656004440692664,1.5465738956003128
2007-05-09,0.0036417584031362264,1.5522164121856712
2007-05-10,-0.016885658159780305,1.5262262643700562
2007-05-11,0.008522023155030582,1.539288378702454
2007-05-14,0.0005694027691513546,1.5401651033488428
2007-05-15,0.00039167096411989606,1.540768459450595
2007-05-16,0.013211270179492038,1.5612590230076941
2007-05-17,-0.0010324815867722129,1.55964788369322
2007-05-18,0.0068381748067871785,1.5703495768818614
2007-05-21,-0.0029050370320783457,1.5657942730744456
2007-05-22,-0.003959471568276777,1.5596068127885907
2007-05-23,-0.001702997911334092,1.5569530659479396
2007-05-24,-0.005598840936766679,1.5482602908259937
2007-05-25,0.006095668212522711,1.5577267948870797
2007-05-29,-2.667564213936642e-05,1.5576852420787748
2007-05-30,0.008728582971789769,1.5713411385696194
2007-05-31,-0.003106035333322296,1.5664680693528297
2007-06-01,0.0018121707296842838,1.569309350602899
2007-06-04,0.0005615765123064731,1.570190885376185
2007-06-05,-0.004516636693337302,1.5631148954747494
2007-06-06,-0.008034586422844145,1.550606232017898
2007-06-07,-0.015689314435295688,1.5264681335269292
2007-06-08,0.009546280665552284,1.5411100032611453
2007-06-11,0.0013488058883136772,1.5431900639918132
2007-06-12,-0.01246940112900041,1.5240668831535218
2007-06-13,0.013400485330368764,1.5446275729972168
2007-06-14,0.0048731932174184206,1.552173212355834
2007-06-15,0.004987052287856353,1.5599333152618853
2007-06-18,-0.0016604447125572184,1.557345281474743
2007-06-19,0.002471015332726523,1.561198263972532
2007-06-20,-0.015553796172554568,1.5371035721010469
2007-06-21,0.006659444834741799,1.5473739882233541
2007-06-22,-0.01795155492522948,1.5198440608935486
2007-06-25,0.001861120367442428,1.5226753074587058
2007-06-26,0.0006923086999001428,1.5237298338079468
2007-06-27,0.009776284854533426,1.5386993043824975
2007-06-28,0.0018731460122048634,1.5415842139333766
2007-06-29,-0.001038658312704828,1.5399838659260934
2007-07-02,0.008676268062144563,1.5534033099230404
2007-07-03,0.0053791249076652545,1.561781774560454
2007-07-05,-0.0037388943876172447,1.555953340188947
2007-07-06,0.0030857050072558086,1.5607619683904084
2007-07-09,0.0030322717936565355,1.565501805489171
2007-07-10,-0.013507553888741653,1.5444978806650471
2007-07-11,0.008915478373962175,1.5583293837348289
2007-07-12,0.02037646823067976,1.59040835101849
2007-07-13,0.002588149365885803,1.5945298966708747
2007-07-16,-4.872258201532384e-05,1.5944522089497968
2007-07-17,-0.005004312360825845,1.5864930038363543
2007-07-18,-0.0002600265064632034,1.5860805272327876
2007-07-19,0.0030512298302484623,1.5909274141732876
2007-07-20,-0.012875859348222158,1.5705741704990126
2007-07-23,0.007483871744673559,1.5823722387053738
2007-07-24,-0.01920806487234525,1.5522679779630393
2007-07-25,0.010691111708741725,1.5689524773211938
2007-07-26,-0.024050815528368547,1.5316680483992033
2007-07-27,-0.012451974784280753,1.5127140089969948
2007-07-30,0.009602644605162906,1.5273100320666833
2007-07-31,-0.01185225153258932,1.5093148219340533
2007-08-01,0.012449796652572995,1.528222941448156
2007-08-02,0.001106785251133374,1.5299152924219863
2007-08-03,-0.02309430947792662,1.4949878204655478
2007-08-06,0.02700927483325135,1.5359165975741367
2007-08-07,0.0073689927157882616,1.5472765601286484
2007-08-08,0.015180944572077294,1.5709448789935931
2007-08-09,-0.02787544273811211,1.5277588068224417
2007-08-10,0.0037229703593955198,1.5334572084848959
2007-08-13,-0.007923644444974684,1.521354650297913
2007-08-14,-0.008717593590190269,1.5081497398982728
2007-08-15,-0.005946576881750833,1.4992080241703547
2007-08-16,0.014347881359737451,1.52087353847545
2007-08-17,0.029300588999972385,1.5660953058706995
2007-08-20,-0.002655475935877033,1.5619420942899234
2007-08-21,-0.0042931304123246675,1.5552508466591655
2007-08-22,0.004335777685360067,1.5620087082813265
2007-08-23,0.0007920306407750389,1.5632463571026378
2007-08-24,0.009109162386283553,1.5775512760193093
2007-08-27,-0.008751403911441712,1.563805721787919
2007-08-28,-0.022067036827539105,1.5296751288512294
2007-08-29,0.018329651868123326,1.5579720858658106
2007-08-30,-0.003044983954920668,1.553235301238655
2007-08-31,0.008374708951290116,1.5662978158527483
2007-09-04,0.00909256495086542,1.5806044237906203
2007-09-05,-0.010165718600140556,1.5646178392335641
2007-09-06,0.0031769474811763304,1.56959645214537
2007-09-07,-0.012754051003192463,1.5497048577842591
2007-09-10,-0.0004359366288738902,1.5490294319049442
2007-09-11,0.01726385085806724,1.5760038159116634
2007-09-12,0.002017818561374279,1.579187116245365
2007-09-13,0.009562621715224812,1.5943607193414073
2007-09-14,0.0013057220876833066,1.5964438710610267
2007-09-17,-0.004121344766471643,1.5898779150461182
2007-09-18,0.0275478879939102,1.6342845398751586
2007-09-19,0.004338171477713988,1.6413897471130343
2007-09-20,-0.0034941419729443723,1.635664506530366
2007-09-21,0.004365079919063516,1.6428199184329992
2007-09-24,-0.0050949042958775915,1.634471194208389
2007-09-25,-0.002686469497095701,1.6300861300091671
2007-09-26,0.004521144731982158,1.6374726705557774
2007-09-27,0.002917277338901134,1.6422566071127038
2007-09-28,-0.0032500390706975573,1.6369278729630763
2007-10-01,0.011868604725147064,1.656471672247875
2007-10-02,-0.0016888068973615839,1.6536765723188362
2007-10-03,-0.0034388553725278833,1.647999584518234
2007-10-04,0.0030768293649652335,1.6530780067462496
2007-10-05,0.005512539036277148,1.6622158269436609
2007-10-08,-0.005465362625164317,1.6531559948734829
2007-10-09,0.0064733446543277055,1.6638921553383264
2007-10-10,-0.004255428598939832,1.6568266251668051
2007-10-11,-0.0035042162522521867,1.6510309070352904
2007-10-12,0.002512318185916286,1.6551840368158262
2007-10-15,-0.003141913595363706,1.6499917527130865
2007-10-16,-0.00941786471639479,1.6345252984077892
2007-10-17,0.004357947520343709,1.6416640176628274
2007-10-18,-0.00557893510133524,1.6325307812057708
2007-10-19,-0.01939862627265035,1.6011671162338348
2007-10-22,0.0027344680215277825,1.6055514481861386
2007-10-23,0.005710813833074406,1.614746684757615
2007-10-24,0.0018083659036390515,1.617669379459588
2007-10-25,-0.0008094980652805485,1.616360409102617
2007-10-26,0.012582224375593809,1.6368263016683091
2007-10-29,0.0036463810230943612,1.6428056889698004
2007-10-30,-0.012470680714586384,1.6224459972115544
2007-10-31,0.007651272157112422,1.6349073850385119
2007-11-01,-0.03262891661590866,1.582423038339136
2007-11-02,-0.003900831866177243,1.5762622959476003
2007-11-05,-0.005181732457387055,1.568115651541549
2007-11-06,0.01603276570408936,1.59345950553292
2007-11-07,-0.03163864499277856,1.5438337906730806
2007-11-08,0.012567168411327994,1.563357833931358
2007-11-09,-0.008174784210464926,1.550629816275405
2007-11-12,-0.003695316424351992,1.544910322625124
2007-11-13,0.03069508951147063,1.5930667857590006
2007-11-14,-0.004856224674052315,1.585349249737838
2007-11-15,-0.01505016126920837,1.56166813713693
2007-11-16,0.005894708332595948,1.5709009008074593
2007-11-19,-0.018533848430640827,1.5420542074736967
2007-11-20,0.010771782568258923,1.5587546654752553
2007-11-21,-0.015477262565191777,1.5348151472298215
2007-11-23,0.013572556585587507,1.5557885218556733
2007-11-26,-0.023671217275038146,1.5193935695383922
2007-11-27,0.015041451605300939,1.542420197199654
2007-11-28,0.02185083465870855,1.576494283781523
2007-11-29,0.0011997984710692823,1.5783868943614565
2007-11-30,0.012553831022221922,1.5983265946632326
2007-12-03,-0.005289922153114798,1.5898938952285235
2007-12-04,-0.005857908509122129,1.5806076677413678
2007-12-05,0.016106414513967608,1.6062717130940514
2007-12-06,0.012199810618434183,1.6259879464130318
2007-12-07,-0.005704319530291638,1.616739195608159
2007-12-10,0.009128795872261192,1.6315656485715668
2007-12-11,-0.016919378160285534,1.6041927912210903
2007-12-12,0.009455717589414285,1.6194335277071104
2007-12-13,0.0014202910009414036,1.6217352287288385
2007-12-14,-0.01205335452343764,1.6023052127469246
2007-12-17,-0.012814074825095476,1.5819041434272731
2007-12-18,0.002812638488012912,1.5863597309465738
2007-12-19,0.00029674524090324294,1.5868305454996268
2007-12-20,0.0002800974728382267,1.5872750749781293
2007-12-21,0.014544162581955658,1.6105293588550045
2007-12-24,0.006430641491831802,1.6209194675004654
2007-12-26,0.002728543180620935,1.6253482555819343
2007-12-27,-0.014006739942328972,1.6027411209821443
2007-12-28,0.0024586364610664265,1.6066865269118147
2007-12-31,-0.008940573117217531,1.5923858519155971
2008-01-02,-0.01315034257214002,1.5715825177365614
2008-01-03,0.00356524083596443,1.5771955879338084
2008-01-04,-0.021357869209577787,1.5438672291214663
2008-01-07,0.0025310576170470165,1.5477797954080539
2008-01-08,-0.016802562766031093,1.5219903989726884
2008-01-09,0.017398731272889503,1.5487028080858352
2008-01-10,0.0011503744323611968,1.550485421339351
2008-01-11,-0.019387629010825285,1.5207147094747235
2008-01-14,0.011212937133243376,1.5378623459305172
2008-01-15,-0.022450305900751696,1.5037215355971496
2008-01-16,-0.015276416745148753,1.4809246296079395
2008-01-17,-0.020047682040554994,1.4515311435920346
2008-01-18,-0.006083035066859365,1.4427282301053728
2008-01-22,-0.020995616770423744,1.4127530360462324
2008-01-23,-0.004529329153684672,1.4063686818683516
2008-01-24,0.007097863233207866,1.416386404583167
2008-01-25,-0.02077846915995722,1.3872597152982709
2008-01-28,0.011348356528323751,1.4030925012762416
2008-01-29,0.0029035538580778142,1.4071723761234147
2008-01-30,-0.0026350449181155853,1.4034692947403713
2008-01-31,0.015892974510523985,1.4259527880101983
2008-02-01,-0.00455898567114843,1.4194666859392415
2008-02-04,-0.011251718912548931,1.4035847628062625
2008-02-05,-0.023315628358557133,1.3712378616215102
2008-02-06,-0.00939820363818708,1.3584110578304247
2008-02-07,0.007099632178742682,1.3680895930549524
2008-02-08,-0.0005243380392427794,1.3673724396720515
2008-02-11,0.009103320352716427,1.3798768987261139
2008-02-12,0.007891275282914442,1.3908089644301571
2008-02-13,0.014445220422333652,1.4110453138682224
2008-02-14,-0.010035134298907827,1.396956096472497
2008-02-15,-0.0013256886147669763,1.395105394678266
2008-02-19,-0.007905745252689843,1.3841195297706828
2008-02-20,0.0004277684162872824,1.3847117390450663
2008-02-21,-0.00835712408942407,1.3731877519797286
2008-02-22,0.004725876407323759,1.3796926260885771
2008-02-25,0.008267168821645571,1.3911460564385612
2008-02-26,0.0018306569351180756,1.3936951001148994
2008-02-27,0.002551306772905159,1.3972553836196906
2008-02-28,0.002578280429975928,1.4008625479733585
2008-02-29,-0.02253618767411161,1.3696455242360623
2008-03-03,-0.00029769043958018836,1.3692378545405794
2008-03-04,-0.00240930862599599,1.3659429088310209
2008-03-05,0.007662607967577893,1.3764497975222143
2008-03-06,-0.017530237468383295,1.352530573097181
2008-03-07,-0.009951572263415838,1.3391375188642667
2008-03-10,-0.011120718350086748,1.3243278474036844
2008-03-11,0.037810304379160484,1.3753597731955696
2008-03-12,-0.004190838546256266,1.3696079233983827
2008-03-13,0.004603180222890903,1.3759270082897226
2008-03-14,-0.015035266303014463,1.3553943232987482
2008-03-17,0.0030223646919654333,1.3594970160389488
2008-03-18,0.03437910762490276,1.4070480072153286
2008-03-19,-0.020337678619725498,1.3787209467506416
2008-03-20,0.022497386879011594,1.4100901042563283
2008-03-24,0.015179517856127788,1.4316578722004702
2008-03-25,-0.0031245392131699218,1.4271915822216283
2008-03-26,0.0011578782854372313,1.4288450534383186
2008-03-27,-0.009164274867926737,1.4158105417727713
2008-03-28,-0.0036425291570412483,1.4106627917000865
2008-03-31,0.006891129934169449,1.4204174239079583
2008-04-01,0.029028607904569816,1.4622544620296087
2008-04-02,-0.005593207058137079,1.4540986000265501
2008-04-03,0.000990692514403326,1.4555398784387867
2008-04-04,0.0017069904593323933,1.4580265929195875
2008-04-07,0.004557398596349537,1.4646865658159307
2008-04-08,-0.002116546069325646,1.461589767636344
2008-04-09,-0.00445500409790228,1.4550928618483971
2008-04-10,0.004348245382521226,1.4614337385192193
2008-04-11,-0.02740927679127648,1.4219208798080345
2008-04-14,-0.0001635885173266895,1.42168828890467
2008-04-15,0.0035334686252827974,1.4267206655049252
2008-04-16,0.013661125636779962,1.446345015922478
2008-04-17,-0.0032032945617159127,1.4417193594241196
2008-04-18,0.02323199967910008,1.475605480205722
2008-04-21,0.003258915670678011,1.4804221984051051
2008-04-22,-0.0007777011654671547,1.4792713199138001
2008-04-23,0.0036317369301496843,1.4846534114507444
2008-04-24,0.001977082102222705,1.4875915966981825
2008-04-25,-7.836233386494522e-06,1.4875799396289209
2008-04-28,-0.0003962465928465068,1.4869906079143091
2008-04-29,0.00311177141422249,1.4916249896098694
2008-04-30,0.0057119998479878975,1.5001695313023573
2008-05-01,0.01026850725137583,1.5156533950421722
2008-05-02,0.0002954846037604048,1.5161013134582833
2008-05-05,-6.107661560808443e-05,1.5160087179488773
2008-05-06,0.0005126841603673267,1.5167861508772937
2008-05-07,-0.016455742561937922,1.4920305529612747
2008-05-08,0.004288852098355463,1.4984433933612087
2008-05-09,-0.008010623786926241,1.4864878765767071
2008-05-12,0.008297964976239948,1.4988740197333605
2008-05-13,0.0011444263223574893,1.5005903525363349
2008-05-14,-0.00011021387528372463,1.500424975771943
2008-05-15,0.009278120710000112,1.514410880942135
2008-05-16,0.002203825336720772,1.51775205834517
2008-05-19,0.003451107213516773,1.5229990321489446
2008-05-20,-0.007563538004251254,1.5115232246500157
2008-05-21,-0.017303151111954306,1.4855940847245697
2008-05-22,0.0023066370415148986,1.4890247662164546
2008-05-23,-0.007550885142743358,1.4778236536094815
2008-05-27,0.004969429541194403,1.4851858719921975
2008-05-28,0.0023580746720913413,1.4886921836278788
2008-05-29,0.006519363578834308,1.4984292143646956
2008-05-30,0.0007160227438441231,1.499502507967681
2008-06-02,-0.009390530394083694,1.4854872922359925
2008-06-03,-0.008205860201897747,1.473347468154519
2008-06-04,-0.000766355465593206,1.4722187928080803
2008-06-05,0.020974428868482182,1.503423851310229
2008-06-06,-0.024925211971761337,1.4664138502622126
2008-06-09,-0.0007039294223849948,1.4653819616386115
2008-06-10,0.002335518072933435,1.4688083873758921
2008-06-11,-0.011949836491783397,1.4513608227049675
2008-06-12,-0.0047615306190840175,1.444466550378382
2008-06-13,0.00656528307949643,1.4539810807979365
2008-06-16,-0.0031203422642020907,1.4494512331930565
2008-06-17,-0.0006402891515574552,1.4485234623452323
2008-06-18,-0.013770550046329363,1.4287132095994661
2008-06-19,-0.0034254081094352265,1.4238276560696073
2008-06-20,-0.016373697024574498,1.4007041585960263
2008-06-23,0.00291195514370853,1.4047888906673793
2008-06-24,-0.00016169962192266244,1.4045617551992318
2008-06-25,0.011207578480206273,1.4203920351505173
2008-06-26,-0.029127900359891712,1.3796157443075272
2008-06-27,-0.008838226675113574,1.3674761130642026
2008-06-30,0.006759611076165807,1.3767510318503056
2008-07-01,0.006852261813278853,1.3862172859585713
2008-07-02,-0.01082065936076761,1.3712983627671156
2008-07-03,0.008372063923764427,1.3828271528635208
2008-07-07,-0.0015508133332727352,1.3806843080828426
2008-07-08,0.013365552038298222,1.3992617886397354
2008-07-09,-0.01916995629647792,1.3726934716632737
2008-07-10,0.010382570617166785,1.3870198019411288
2008-07-11,-0.013240059602756264,1.368776614041336
2008-07-14,-0.0023298189160880878,1.3655913244088904
2008-07-15,-0.011027643053862708,1.3506148003793743
2008-07-16,0.010224761289643615,1.36449535606252
2008-07-17,-0.0013637668976298719,1.3626357707725971
2008-07-18,-0.00982010841837629,1.3493200277966453
2008-07-21,-0.0022769818667160054,1.3462511457812278
2008-07-22,0.008933998318836277,1.3583324380197197
2008-07-23,0.010070420167499839,1.3720805247160432
2008-07-24,-0.019015171653586755,1.3462366693953296
2008-07-25,0.006354838274273529,1.3548190265717162
2008-07-28,-0.021502383956916418,1.3259981568155499
2008-07-29,0.014332043859096857,1.3451392584676385
2008-07-30,0.016025815401548196,1.3668698722340056
2008-07-31,-0.014504782698194593,1.3471868160766163
2008-08-01,-0.0031995672690611266,1.3428832896171363
2008-08-04,-0.005338575227502491,1.335733308491244
2008-08-05,0.0267710463336176,1.3719752394993208
2008-08-06,0.006549568138102714,1.3809905758666918
2008-08-07,-0.014445902352592629,1.3611843248780129
2008-08-08,0.02415833142556955,1.3944686955755794
2008-08-11,0.006858475970953464,1.4040654977164826
2008-08-12,-0.0038236584688143694,1.3987070816902758
2008-08-13,7.191619768663512e-05,1.3988076750023692
2008-08-14,0.002001575391173247,1.4016102979164862
2008-08-15,0.0026901361906289533,1.4053858966645385
2008-08-18,-0.010893726359600162,1.3901590961598733
2008-08-19,-0.005255888457708588,1.3828717425465609
2008-08-20,0.0036175840056046973,1.3878834569274374
2008-08-21,0.0018833946410719777,1.3904998522717311
2008-08-22,0.011646461847513726,1.4067889266714297
2008-08-25,-0.020488653994872676,1.3782589832088301
2008-08-26,0.0007225952275469946,1.3792552664838402
2008-08-27,0.005780815920567378,1.3872515776199472
2008-08-28,0.009927695111573914,1.4010923782721763
2008-08-29,-0.01668854289943093,1.3779042145146874
2008-09-02,-0.003012786454335115,1.3737591306234953
2008-09-03,0.003811009100957201,1.3790045279527183
2008-09-04,-0.024711467645293785,1.3453449043821768
2008-09-05,-0.0002764535102889785,1.344973030466104
2008-09-08,0.01603202595078244,1.3667094468227685
2008-09-09,-0.019850791902037895,1.3398466876335102
2008-09-10,0.002330431327812326,1.3429727494502521
2008-09-11,0.01087814840047683,1.3576615549710975
2008-09-12,-0.0023577977379587605,1.3544642344266613
2008-09-15,-0.040361340174288315,1.3008847852752716
2008-09-16,0.011758758046621229,1.3162718638839148
2008-09-17,-0.038562327385197666,1.2664795806654077
2008-09-18,0.03314873555136048,1.3091653584861178
2008-09-19,0.027699740914804635,1.3459358147268465
2008-09-22,-0.030684965502373866,1.3052630334251167
2008-09-23,-0.015994420192652754,1.2845521785855794
2008-09-24,0.003127447274373342,1.2885758364045354
2008-09-25,0.023542104214454095,1.3192715258992886
2008-09-26,0.000550636430606531,1.3199981649019044
2008-09-29,-0.08203757607185869,1.2160316003054623
2008-09-30,0.051258203954050764,1.2799883473453924
2008-10-01,0.0027351716796604943,1.283494127493025
2008-10-02,-0.02573886795176346,1.2508799679263356
2008-10-03,-0.013462762383772437,1.234152519626186
2008-10-06,-0.02742779560058711,1.2007624379545438
2008-10-07,-0.049708220335600684,1.142533882340035
2008-10-08,-0.00867353845374826,1.132666923358676
2008-10-09,-0.08223149814067755,1.0432527360077328
2008-10-10,-0.015384676369603252,1.0273254624160393
2008-10-13,0.11463589571644672,1.1521095836133821
2008-10-14,-0.010812427192541349,1.1397195863025025
2008-10-15,-0.07627590876676339,1.0560191783703623
2008-10-16,0.04714416861730322,1.1069965255149525
2008-10-17,-0.01214903522762922,1.093628951711832
2008-10-20,0.0491475814699713,1.148720898655938
2008-10-21,-0.029887782120864768,1.1148961696584998
2008-10-22,-0.048775589138275524,1.0618213518317419
2008-10-23,0.02437011536287466,1.0880159469158435
2008-10-24,-0.03240335775504471,1.053325653226073
2008-10-27,-0.02346469300377535,1.0288974115580172
2008-10-28,0.10265575968250815,1.140131394777949
2008-10-29,-0.01743645776731938,1.1204238560019764
2008-10-30,0.017838878199590635,1.140590299276762
2008-10-31,0.0015750089113187656,1.1423881546097174
2008-11-03,0.0011662382716246076,1.143721228586525
2008-11-04,0.03781994714272487,1.1878050748864715
2008-11-05,-0.050138794016334864,1.129718328777282
2008-11-06,-0.03894046165100181,1.0865720946199702
2008-11-07,0.0308516592642499,1.1206171190299985
2008-11-10,-0.004446494232985283,1.1156453631063765
2008-11-11,-0.016761606239110348,1.0971012039398154
2008-11-12,-0.04825341667813779,1.0454192650697758
2008-11-13,0.07280414078409049,1.1243691876797157
2008-11-14,-0.035792700483750516,1.0848366859991776
2008-11-17,-0.0196508272785994,1.0637268399283288
2008-11-18,0.0155618281584534,1.0804098465838912
2008-11-19,-0.04805024449280632,1.029723389441102
2008-11-20,-0.05968266296770203,0.9700647562097151
2008-11-21,0.060416192759811374,1.0304789993221877
2008-11-24,0.04503031686581571,1.0779424216822493
2008-11-25,0.005642708670085678,1.084042129984758
2008-11-26,0.025093015445973667,1.111588177220413
2008-11-28,0.007764742775269244,1.120252969897522
2008-12-01,-0.0728754878357337,1.0415177642134048
2008-12-02,0.03651059949363689,1.080246912229751
2008-12-03,0.022902068232081907,1.1052722731658597
2008-12-04,-0.030483077075310526,1.0720885143515397
2008-12-05,0.02463243507848291,1.098824600690212
2008-12-08,0.034735065064974,1.1376629663944728
2008-12-09,-0.024583398558303264,1.1100363140870912
2008-12-10,0.0025755244893640285,1.112898924577431
2008-12-11,-0.013011570086947775,1.0985121623767624
2008-12-12,0.007372762182824428,1.1066411610692586
2008-12-15,-0.009074391314198288,1.0966444915722777
2008-12-16,0.03406241409794064,1.1346423255011284
2008-12-17,-0.022575764335759564,1.1093138879168443
2008-12-18,-0.023186062210206138,1.0838891558150343
2008-12-19,-0.005569958391165465,1.077868720668184
2008-12-22,-0.00943185473972234,1.0677502126270286
2008-12-23,-0.005095295940298126,1.0623235462794887
2008-12-24,0.004515058532027025,1.0671308437188551
2008-12-26,0.004933178201945353,1.072408196694468
2008-12-29,-0.0007483613393667862,1.0716059480834057
2008-12-30,0.014287255193924315,1.0870261496041247
2008-12-31,0.01054965189805031,1.0985546007381888
2009-01-02,0.02297140943916884,1.124082026206064
2009-01-05,-0.01092445021607409,1.1118688804863597
2009-01-06,0.00010420303407457588,1.1119847466338966
2009-01-07,-0.02476734012076731,1.0847821013313563
2009-01-08,-0.006524894379400388,1.077727054443655
2009-01-09,-0.014455554953099593,1.0622599737377068
2009-01-12,-0.014526625268172767,1.046940460968795
2009-01-13,0.007142318094389019,1.0544448100897734
2009-01-14,-0.028413431505482343,1.0249060507103045
2009-01-15,-0.0027794259614246273,1.0220613553663067
2009-01-16,0.0074111767303553944,1.029664170805597
2009-01-20,-0.029090825290590674,1.0001418860891484
2009-01-21,0.025638626106776665,1.0261156935448248
2009-01-22,-0.008107652041730702,1.0178299389425614
2009-01-23,0.006802048055638545,1.0247768669839687
2009-01-26,0.009372629194490176,1.0344268728859147
2009-01-27,0.004637899174740236,1.0392355829625963
2009-01-28,0.02062615077116327,1.060893605765186
2009-01-29,-0.022403798224403637,1.0373898295107407
2009-01-30,-0.01981821233861157,1.0170330018355063
2009-02-02,0.0013280722596100995,1.0183845924586998
2009-02-03,0.015620879151144762,1.0344175535627358
2009-02-04,-0.010351650616317027,1.0237648560835448
2009-02-05,0.02067044954132135,1.0451467613699055
2009-02-06,0.025203383270449246,1.0718227462488354
2009-02-09,-0.0062255590372785104,1.0651707780594089
2009-02-10,-0.04241634904049082,1.0209349164571364
2009-02-11,0.003808997483598087,1.0248310704947023
2009-02-12,0.003934031565266767,1.028870729137386
2009-02-13,-0.00841779172810864,1.0202462600435265
2009-02-17,-0.030478644104579962,0.9896196371945837
2009-02-18,0.008197974172932512,0.9977658590561514
2009-02-19,-0.0026256087029208693,0.9951495525347512
2009-02-20,-0.0069177979951906745,0.9882890660447126
2009-02-23,-0.032175793551860975,0.956996216909047
2009-02-24,0.030637654271899607,0.9867701082960335
2009-02-25,-0.007612018133982437,0.9792873120590946
2009-02-26,-0.013051403031899292,0.9665892824634562
2009-02-27,-0.018172023909298313,0.9491830313100673
2009-03-02,-0.035407049381253386,0.9161632764484919
2009-03-03,-0.003654381330269953,0.9128213764830971
2009-03-04,0.011337279806086068,0.9232291744206096
2009-03-05,-0.030351918147017185,0.8956283854096738
2009-03-06,0.007632810605957952,0.9024907033188797
2009-03-09,-0.02652729852010065,0.8788648139705852
2009-03-10,0.04581471313340333,0.9200663653906472
2009-03-11,0.003193627964267797,0.9230094120608063
2009-03-12,0.02759758057910683,0.9488369887738484
2009-03-13,0.00677212258391512,0.9552844359845512
2009-03-16,-0.0034612651864172487,0.9519836589508422
2009-03-17,0.0276337925944113,0.9786574292757888
2009-03-18,0.009443179791634903,0.9879428402363705
2009-03-19,-0.005897140628148304,0.982133947138961
2009-03-20,-0.009083330057872025,0.9732532943457812
2009-03-23,0.05312314925029668,1.0263535126515038
2009-03-24,-0.012282534243255549,1.0138243926714723
2009-03-25,0.006756931888702918,1.0206979309031163
2009-03-26,0.015368974484316598,1.036506178471255
2009-03-27,-0.013505634363571273,1.0226016113602123
2009-03-30,-0.020586692106642185,1.0017648428093706
2009-03-31,0.0045864682323058775,1.0063699579717105
2009-04-01,0.01931499381538155,1.0259969246755831
2009-04-02,0.01927927915150256,1.045969313802352
2009-04-03,0.005703532877188883,1.0519520794038921
2009-04-06,-0.004380598763441049,1.0473539779973164
2009-04-07,-0.020654988417300794,1.025942778960667
2009-04-08,0.002102623117042525,1.0281022194136025
2009-04-09,0.013527450007722512,1.042104313582145
2009-04-13,-0.004833701966574055,1.037079246534527
2009-04-14,-0.015858881472237966,1.0207620578523042
2009-04-15,0.01246739087526342,1.0335679596354674
2009-04-16,0.009507187091316113,1.043441142329999
2009-04-17,0.0027681957890042658,1.0463335932945121
2009-04-20,-0.02819678314678727,1.0172424180519213
2009-04-21,0.009587023490643633,1.0270416426530729
2009-04-22,-0.011595249014799415,1.0152016157452508
2009-04-23,0.0053239837033983205,1.0206209460153484
2009-04-24,0.004344629231249284,1.0250648120965438
2009-04-27,-0.001950521793314654,1.0230673495214162
2009-04-28,0.003854964575375863,1.0270188494646748
2009-04-29,0.013366781567032726,1.040838945422569
2009-04-30,-0.004133823374404154,1.0365451820052751
2009-05-01,0.003963743949862486,1.0406619351870172
2009-05-04,0.014103416085215887,1.0554428088688397
2009-05-05,-0.004481946242821991,1.050722955901722
2009-05-06,0.007748435802390938,1.0588960386838175
2009-05-07,-0.010322907407112484,1.0480213785465677
2009-05-08,0.012335987906357546,1.0610298286749327
2009-05-11,-0.008421231753612347,1.0521321678052857
2009-05-12,0.005492319692767485,1.0579267122087792
2009-05-13,-0.012452197361287174,1.0448348801974092
2009-05-14,0.0014517844876905414,1.046352856889568
2009-05-15,-0.006560996471810268,1.0395102113200438
2009-05-18,0.01790874417733139,1.0582942308278669
2009-05-19,0.000520104256542556,1.0588447973255732
2009-05-20,-0.003653747010362854,1.0549831054316015
2009-05-21,-0.011550164423531606,1.0428679776446903
2009-05-22,-0.0014741877531232927,1.0413317270830227
2009-05-26,0.01847810404243013,1.060752439469382
2009-05-27,-0.017661244801272187,1.042182696041012
2009-05-28,0.01425854624810151,1.057149152604506
2009-05-29,0.009502152536090557,1.0672422221063527
2009-06-01,0.01855750154738487,1.0872324822510142
2009-06-02,0.00811077381834886,1.0960866374888507
2009-06-03,-0.003130788934012146,1.0926603878044092
2009-06-04,0.0074363059030700205,1.1008160310422992
2009-06-05,0.0011049164039586548,1.1020330129405582
2009-06-08,-0.003336261827451767,1.0983624686199702
2009-06-09,-0.0025629518796089854,1.0955510228056629
2009-06-10,-0.002629611441437159,1.0926739337724227
2009-06-11,0.0036043890268084022,1.0966194620470344
2009-06-12,0.003665096165606206,1.1006460522452526
2009-06-15,-0.019861633840668424,1.0790010870990845
2009-06-16,-0.011474537124348752,1.0666908114942484
2009-06-17,0.0010551562549875567,1.067816930987667
2009-06-18,0.0072736063682968454,1.0756121262407277
2009-06-19,-0.0005822891922834123,1.0749859912380426
2009-06-22,-0.015763045181664017,1.0581737923281924
2009-06-23,0.000729204394381952,1.058945698712137
2009-06-24,0.006396865315449987,1.065741343963807
2009-06-25,0.01604293911410172,1.0829768518931164
2009-06-26,7.746060655754683e-05,1.083060743186045
2009-06-29,0.008419553472019352,1.0922181274737526
2009-06-30,-0.00861650727259172,1.082847451261441
2009-07-01,0.0077952380404645236,1.0913214905714341
2009-07-02,-0.021340914499674773,1.0682784463115655
2009-07-06,0.0037267108457742153,1.0722670387328053
2009-07-07,-0.017196787162376423,1.0539851362189654
2009-07-08,0.0018590466394796678,1.0559463661886639
2009-07-09,-6.139938263244854e-05,1.055881533724044
2009-07-10,-0.0030848966606215403,1.0526292673387085
2009-07-13,0.01716415873918569,1.0708527108191455
2009-07-14,0.003431363178558191,1.0745335068431303
2009-07-15,0.024851441532186654,1.1015717921025436
2009-07-16,0.00401848048358666,1.1060073429688324
2009-07-17,-0.001645128330941261,1.104189314809534
2009-07-20,0.0023918290921091166,1.106833507904291
2009-07-21,0.0064178658288067125,1.1139598603792695
2009-07-22,-0.0026513112753024913,1.1110103178467037
2009-07-23,0.017659683839544447,1.1308046754236543
2009-07-24,0.00735508356660706,1.1391525001503047
2009-07-27,-0.000406750386606846,1.1386892436517313
2009-07-28,-0.004063256457623506,1.134071844420649
2009-07-29,0.000622878696240227,1.1347784536556182
2009-07-30,0.009187294051851773,1.1452520352603992
2009-07-31,-0.002257957808945539,1.1426690217493667
2009-08-03,0.005982673184191032,1.149525727327017
2009-08-04,0.004201000215209076,1.1543650430208612
2009-08-05,-0.011734832554760759,1.1408979342091767
2009-08-06,-0.009717730250897375,1.129864691704178
2009-08-07,0.005627141228566348,1.1362405219180358
2009-08-10,-0.0003926494145328441,1.135794465319998
2009-08-11,-0.008290870187220814,1.126416669610031
2009-08-12,0.010280310671715727,1.1380563099680192
2009-08-13,0.002444708948080032,1.1408419300401968
2009-08-14,-0.0023077904611306247,1.1382121415839144
2009-08-17,-0.01730508621318339,1.1186847314170085
2009-08-18,0.002749136613629439,1.121764379818743
2009-08-19,0.008044486996909166,1.1308247931131845
2009-08-20,0.011152260431257615,1.1435066298416015
2009-08-21,0.012050909280276653,1.157370291586098
2009-08-24,0.004864427031375483,1.163013950372322
2009-08-25,0.00019791442788656298,1.1632441503921354
2009-08-26,0.0018556485742110278,1.1654047267565117
2009-08-27,-0.004031218530017764,1.1607161822501384
2009-08-28,-0.004610277532820549,1.1553772748918358
2009-08-31,-0.003554862187738117,1.1512773595393477
2009-09-01,-0.013951994696545006,1.135326277381485
2009-09-02,-0.0025703256311635464,1.132411866248338
2009-09-03,0.0033772822939147685,1.1362428062352117
2009-09-04,0.01006620814742739,1.1477382233920514
2009-09-08,0.008183749558554658,1.1571695648014821
2009-09-09,0.0033594932792096028,1.1610636055167367
2009-09-10,0.010741373974027059,1.1736022444604672
2009-09-11,-0.0010151974651868647,1.1724114110045816
2009-09-14,-0.00024162894849136216,1.1721281566907404
2009-09-15,-0.00019849960283397494,1.17189551280779
2009-09-16,0.005124265932361122,1.1779160292500694
2009-09-17,-0.002244488392361278,1.1752751751870452
2009-09-18,0.008678162494919778,1.1855187877130267
2009-09-21,-0.0011755782475962413,1.1841259364772903
2009-09-22,0.0014539322722805594,1.185848827570756
2009-09-23,-0.0035419833085489163,1.1816560006619772
2009-09-24,-0.0005644922230868629,1.18098915327203
2009-09-25,-0.005421947273932213,1.1746032200926049
2009-09-28,0.010970203642059164,1.1875597948088241
2009-09-29,-0.005626683356826863,1.1808965354809664
2009-09-30,-0.0035588649444613625,1.176701353668397
2009-10-01,-0.01687802586855272,1.1570076209536277
2009-10-02,0.0011665203433981477,1.1583580813975884
2009-10-05,0.0068170759168546735,1.1662816735562644
2009-10-06,0.012043342848045735,1.180412524150567
2009-10-07,0.00563860113455373,1.1870871997808294
2009-10-08,0.0007158700509219412,1.187937304200828
2009-10-09,0.00445369686294014,1.1932398159711446
2009-10-12,0.005898205049986604,1.200298585651192
2009-10-13,0.0006175498015568511,1.2010400587292815
2009-10-14,0.009658282489381992,1.212696241641605
2009-10-15,0.006003249170583074,1.2199982553224358
2009-10-16,0.003396082514390379,1.2241485133854688
2009-10-19,0.007545722094959331,1.2334205359290196
2009-10-20,-0.004350262898936078,1.2280664865376794
2009-10-21,-0.0037509595606875037,1.223468687279187
2009-10-22,0.005775127325591439,1.230554816682111
2009-10-23,-0.006589391984680407,1.2224728654519152
2009-10-26,-0.008249072009293335,1.2124300775442667
2009-10-27,0.004417229721418252,1.2177975055718435
2009-10-28,-0.005563516290613464,1.21104108147615
2009-10-29,0.014323306878885661,1.2285120166223102
2009-10-30,-0.021323290627020677,1.2025934148465023
2009-11-02,0.0031927397947425318,1.2064391185978884
2009-11-03,-0.00494647795739232,1.2004862291467946
2009-11-04,0.003781979347746518,1.2050350396043443
2009-11-05,0.01561927233222727,1.2240045695331747
2009-11-06,0.004401259722085184,1.229403604105983
2009-11-09,0.013892300681435384,1.2466020349176066
2009-11-10,0.0027825722975423485,1.2500756257235532
2009-11-11,0.004935339460481595,1.2562604227703495
2009-11-12,-0.007282422678536677,1.2471450347169395
2009-11-13,0.005194719842763644,1.2536404601265758
2009-11-16,0.010602407557003929,1.2670027784145386
2009-11-17,0.003320082042200625,1.2712163223719133
2009-11-18,0.0010715839118049342,1.2725792674559817
2009-11-19,-0.007279275900941848,1.263349445827098
2009-11-20,-0.0027505145951146636,1.2598793591872908
2009-11-23,0.01643521730797383,1.2807568432876488
2009-11-24,0.0021777047587052396,1.2835489926950896
2009-11-25,0.004807974430232208,1.2897351228929617
2009-11-27,-0.01206030687510247,1.2742739422182991
2009-11-30,0.0008171244564969852,1.2753156081481565
2009-12-01,0.013453890836109407,1.2925895051264045
2009-12-02,0.0007523989863808843,1.2935624141218418
2009-12-03,-0.004343253642969724,1.2879563275948602
2009-12-04,0.0025344819679385066,1.291224769837008
2009-12-07,0.0019394022447876398,1.2937314039543928
2009-12-08,-0.008830757279184963,1.2823570718409267
2009-12-09,-0.0010797722630297426,1.2809731655297365
2009-12-10,0.005407032413430769,1.2879181880169597
2009-12-11,0.0012731254305440546,1.2895589136177137
2009-12-14,-0.0011082142552228107,1.2881305976329414
2009-12-15,-0.006391245515571994,1.2799240915598586
2009-12-16,-0.0012287979542156865,1.2783522893660364
2009-12-17,-0.008557723715786085,1.2674591802506319
2009-12-18,0.005042917539417092,1.2738670158947836
2009-12-21,0.006243665918151753,1.281845497534141
2009-12-22,0.002916824112272358,1.2855898735780018
2009-12-23,0.003260966732331612,1.2897889822429172
2009-12-24,0.0052830818906766976,1.2966210744181788
2009-12-28,0.004365144415610346,1.3022933838784112
2009-12-29,-0.0011460435089015006,1.3008017538988208
2009-12-30,0.0013592394368083158,1.302571057123145
2009-12-31,-0.009379185677584452,1.290411115636143
2010-01-04,0.009605081196617566,1.3028653353249835
2010-01-05,-0.0022715272467805606,1.299909199959019
2010-01-06,-0.006825280944165325,1.2910671634840216
2010-01-07,-0.005009932440129548,1.2846151797157723
2010-01-08,0.0017889153099964336,1.2869153042287895
2010-01-11,0.0014575539636332913,1.2887924203980627
2010-01-12,-0.0024959572683272173,1.2855796607123544
2010-01-13,0.004504524632778827,1.291383648249917
2010-01-14,0.0045272831620786986,1.2972433619795434
2010-01-15,-0.011639542593341155,1.282231577249095
2010-01-19,0.014676384514490692,1.3011888729173848
2010-01-20,-0.013364401117319761,1.2839149478254324
2010-01-21,-0.014201554210540585,1.265810222000122
2010-01-22,-0.023781996958534675,1.2360618668806378
2010-01-25,0.002746702685229481,1.2394616282589392
2010-01-26,-0.0022524154137288526,1.236672987550366
2010-01-27,0.004411610092307913,1.2421407585520456
2010-01-28,-0.011024636142697792,1.2285218185200835
2010-01-29,-0.010673839170049482,1.2154785091416127
2010-02-01,0.00907454214714061,1.2265586175223495
2010-02-02,0.011964176976141622,1.2413215187773765
2010-02-03,-0.0016542443219600654,1.2392697672202828
2010-02-04,-0.026655458165829482,1.2066728368642836
2010-02-05,0.004927712780429236,1.2126336485463773
2010-02-08,-0.008749622504045273,1.2020698439305637
2010-02-09,0.012063304738738397,1.2166585961404348
2010-02-10,-0.004950938958407871,1.2106498803639318
2010-02-11,0.00846057713685607,1.220936129506061
2010-02-12,-0.0009648072389281349,1.2197587295633707
2010-02-16,0.016245718477816713,1.239736423107545
2010-02-17,0.002716954608911493,1.243109310612425
2010-02-18,0.006884604469308452,1.251697154562158
2010-02-19,-0.002429675041537402,1.2486596288206866
2010-02-22,-0.0010931786958687717,1.2472953665431594
2010-02-23,-0.01059297141628153,1.234152536088704
2010-02-24,0.007870418660440524,1.2439041575730128
2010-02-25,-0.005876246383508697,1.2366161044351158
2010-02-26,-4.4498760840362826e-05,1.2365610777751515
2010-03-01,0.008891377009576025,1.2476048328513087
2010-03-02,0.00025223757731035115,1.2479195653638024
2010-03-03,0.00038006388678864055,1.2483939446657246
2010-03-04,0.0049801025743105905,1.254626581266583
2010-03-05,0.011014558708131318,1.2685221255626895
2010-03-08,-0.0014266367041034507,1.2667136956313765
2010-03-09,0.0016732905855452469,1.2688350500590886
2010-03-10,0.0025229484845511563,1.272040297162253
2010-03-11,0.005324185465515882,1.2788309368954862
2010-03-12,-0.0003875639929071611,1.2783354041028663
2010-03-15,8.65175694397076e-05,1.2784460073594515
2010-03-16,0.002782669854371339,1.2820084547833557
2010-03-17,0.0034749475473423723,1.2864711161854752
2010-03-18,0.0015830964809912182,1.2885093370068286
2010-03-19,-0.002147123978724347,1.28574571569305
2010-03-22,0.0030464168830343676,1.2896686054935704
2010-03-23,0.008346448675152603,1.300477804780596
2010-03-24,-0.005987954576911381,1.292713870997067
2010-03-25,0.000646174537193901,1.2935494597233874
2010-03-26,0.0008388562557700823,1.2946350170294358
2010-03-29,0.003254419250272968,1.2988551654924143
2010-03-30,0.00016682792204083662,1.2990718688762903
2010-03-31,-0.0008355159419347755,1.2979869269263882
2010-04-01,0.003773829361096651,1.3028945625668218
2010-04-05,0.004425094964342969,1.3086727698639018
2010-04-06,-0.0008047561367047484,1.3076200310772306
2010-04-07,-0.004139651062498105,1.302218129135029
2010-04-08,0.0012605817457873242,1.3038607166280396
2010-04-09,0.00929640276530829,1.3160384478437668
2010-04-12,0.002504921286808749,1.3193391528432448
2010-04-13,0.0034238466102576113,1.3238641096881634
2010-04-14,0.00538832729009092,1.3310167759462557
2010-04-15,0.0014028671774420451,1.3328853260512135
2010-04-16,-0.012986125316314144,1.3156882137776524
2010-04-19,0.0069744533806158845,1.3248964939218606
2010-04-20,-0.0009586775063161326,1.323626954091812
2010-04-21,0.002347059254650725,1.326737233561429
2010-04-22,-0.0005716216912712883,1.3259790584954092
2010-04-23,0.007010325424130191,1.3353072618690938
2010-04-26,-0.0036168852046726038,1.3304863324197054
2010-04-27,-0.017349563845417228,1.307602064904963
2010-04-28,0.0036590776429215833,1.3123954467164507
2010-04-29,0.008959735991542933,1.3242069986127591
2010-04-30,-0.01042469037626377,1.310474254825126
2010-05-03,0.010684553763739715,1.3245511562441852
2010-05-04,-0.020998223324010305,1.297027916133021
2010-05-05,-0.001137788710925137,1.2955530116362461
2010-05-06,-0.03129933651180316,1.2556310859176911
2010-05-07,-0.01240103068245539,1.2401561173935063
2010-05-10,0.03892676338234447,1.289383292454793
2010-05-11,-0.00410348788469286,1.2841031646149565
2010-05-12,0.012764507867302464,1.3005991672623722
2010-05-13,-0.008716153050677229,1.289312206757569
2010-05-14,-0.011376792424026868,1.274727092633439
2010-05-17,0.0031205830340992977,1.2787111975037366
2010-05-18,-0.009818707855176346,1.2662173429526657
2010-05-19,-0.005024771332660436,1.259870848541661
2010-05-20,-0.0348320342463581,1.2167424690399353
2010-05-21,0.006081954026920572,1.2241651902431685
2010-05-24,-0.003955413004951919,1.2193326749269433
2010-05-25,-0.004891235549962374,1.213383193618719
2010-05-26,-0.008675635779992068,1.2029018548493386
2010-05-27,0.026907907949574813,1.235708831356532
2010-05-28,-0.0034002979632695852,1.2315141886930754
2010-06-01,-0.004138291123205395,1.2264283550461215
2010-06-02,0.019293249915579125,1.2503198752492108
2010-06-03,0.00352129541926988,1.2547303816892634
2010-06-04,-0.02667681760971143,1.2217006904541983
2010-06-07,-0.009400742341651511,1.2102696115424043
2010-06-08,0.007770303403970723,1.2197104050386127
2010-06-09,-0.00955783864586613,1.208108144384478
2010-06-10,0.025276044097388994,1.2390335283550378
2010-06-11,0.002938513653281452,1.2426797999807062
2010-06-14,-0.0009217010996721793,1.2415349483290858
2010-06-15,0.017642485641210258,1.2636330705495142
2010-06-16,0.0032819064092574905,1.2677870087123668
2010-06-17,0.003282619635205315,1.2719555092981893
2010-06-18,-0.0001816409263365864,1.271724491103036
2010-06-21,-0.0050796823260704106,1.2652809141991945
2010-06-22,-0.004862111849443607,1.2591439083677425
2010-06-23,-0.003519346151225345,1.2547203337110018
2010-06-24,-0.011974099904297271,1.2397857794470313
2010-06-25,-0.007706570131726817,1.230268005192774
2010-06-28,0.005214293724868079,1.2366997378311084
2010-06-29,-0.025077567190930457,1.2060719572673735
2010-06-30,-0.011484519161785951,1.1923000340908287
2010-07-01,-0.005265954103403881,1.1860379392566067
2010-07-02,-0.002048011691456253,1.1836114053235756
2010-07-06,0.007610117371903402,1.1926531879171838
2010-07-07,0.0284469159357673,1.227067665034032
2010-07-08,0.009853228512172523,1.2392180048726968
2010-07-09,0.006393909219509075,1.2471668372750464
2010-07-12,0.00202095342209609,1.2496898519516153
2010-07-13,0.008039299305695954,1.2597769750839567
2010-07-14,0.0024641960073121826,1.2628851404676273
2010-07-15,-5.5106039051080895e-05,1.2628155497872107
2010-07-16,-0.021391354609941546,1.236089091269596
2010-07-19,0.002919968638792237,1.2397037073654273
2010-07-20,0.007508754873690581,1.2490473743719155
2010-07-21,-0.005305692751208695,1.24243786229696
2010-07-22,0.015539753654191552,1.261895835095554
2010-07-23,0.005404460960539082,1.2687341639687126
2010-07-26,0.006397259133038048,1.2768766020607472
2010-07-27,0.006052401591085837,1.284628206286787
2010-07-28,-0.005944227490063876,1.277014734510333
2010-07-29,-0.005524657833983235,1.2699791176361401
2010-07-30,-0.0021994651536930906,1.2671889124253835
2010-08-02,0.019911538091757646,1.292673469103549
2010-08-03,-0.0026918003194642175,1.2891985292667578
2010-08-04,0.005807951295531643,1.296707917506523
2010-08-05,-0.0005839538026077779,1.2959509210342193
2010-08-06,-0.0030349109247588503,1.2920237876902638
2010-08-09,0.006987471215694566,1.3010833816818559
2010-08-10,-0.0017122993185205977,1.29885744377391
2010-08-11,-0.02177037211055517,1.2708864085554246
2010-08-12,-0.004977000227631592,1.2645769207958664
2010-08-13,-0.004044178821628089,1.259473072987352
2010-08-16,-0.00014090465143151693,1.2592956198752934
2010-08-17,0.010694395367495935,1.2728352953961304
2010-08-18,0.0005577574935464536,1.273545426842346
2010-08-19,-0.012726855935587538,1.2574399014060782
2010-08-20,-0.006231908958233174,1.2496280171780103
2010-08-23,-0.001541780670129123,1.247702849330918
2010-08-24,-0.01218219459271625,1.2325952988234956
2010-08-25,0.003380173497108161,1.2367687342795424
2010-08-26,-0.008413799336591931,1.2264064644833401
2010-08-27,0.01242122659662832,1.2417349392259778
2010-08-30,-0.01084298553783586,1.2283435577183122
2010-08-31,0.0024591836250994308,1.2313679973834866
2010-09-01,0.022920463245867547,1.2599174558615889
2010-09-02,0.0023920715454575515,1.2629348760610726
2010-09-03,0.011594337257917664,1.277662985292084
2010-09-07,-0.0010137008441640201,1.276368473480047
2010-09-08,0.005721107557974736,1.2836916431465095
2010-09-09,0.006375012578309509,1.2919013341559586
2010-09-10,0.007959794356321279,1.302225638262449
2010-09-13,0.00715120391728718,1.3115714965886407
2010-09-14,0.0010152944800588092,1.3129038041171215
2010-09-15,0.004111070273954247,1.3183123537651869
2010-09-16,0.002230924782014309,1.3212566925436404
2010-09-17,0.008544699127081584,1.332594804845553
2010-09-20,0.014121556765514373,1.3515466176337438
2010-09-21,-0.0011200028775274161,1.3500337289108912
2010-09-22,0.0037802819401976753,1.3551468955515509
2010-09-23,-0.005092370029614433,1.3482635273190497
2010-09-24,0.011884110287241147,1.3643820270847604
2010-09-27,-0.0007233387554687387,1.3633954735365281
2010-09-28,0.0006460527538085977,1.3642765835278579
2010-09-29,-0.0017207039505634989,1.3619310859531084
2010-09-30,-0.006530404382300504,1.3530661026885735
2010-10-01,0.005465909687067184,1.3604820888985045
2010-10-04,-0.005841852016907324,1.3525575234697191
2010-10-05,0.020540627559120502,1.3806272012937357
2010-10-06,0.001751939243058772,1.383048096278978
2010-10-07,-0.0027615863497183384,1.3792339584947089
2010-10-08,0.006728567476111962,1.3885455188502214
2010-10-11,0.0017582795356324103,1.3909891176556546
2010-10-12,0.0027751747276699265,1.3948547168771301
2010-10-13,0.00617060560552491,1.4034884254221487
2010-10-14,-3.290376177707133e-05,1.403442246133082
2010-10-15,0.013849303278377852,1.4230141592853254
2010-10-18,0.010982218727465909,1.4387281412914583
2010-10-19,-0.014751977827728689,1.4176598373014606
2010-10-20,0.00672931378020308,1.4272318857174844
2010-10-21,0.0017638168952378293,1.4297514828316986
2010-10-22,-0.00016371764274166172,1.4295174264493253
2010-10-25,0.0008226727575923485,1.4306939353671324
2010-10-26,-0.0007934436086849989,1.4295592106377037
2010-10-27,-0.0013473291070187961,1.427634420856825
2010-10-28,0.0032361152106295285,1.4322618938007574
2010-10-29,-0.002877797221598531,1.4281460596107884
2010-11-01,0.0007874933880076459,1.429271158135522
2010-11-02,0.007405036874321428,1.439894247406136
2010-11-03,0.0036594513790187437,1.4451731233994227
2010-11-04,0.014185450447868524,1.4658196490445117
2010-11-05,-0.0020378014193813063,1.4628356411235446
2010-11-08,-0.001290351564893916,1.4609492861571125
2010-11-09,-0.005096681965586977,1.453522235013715
2010-11-10,0.0015584583623708217,1.4557892549650209
2010-11-11,-0.003633077609713572,1.4505098556590608
2010-11-12,-0.011281969109029042,1.434237214594029
2010-11-15,-0.001511782282500733,1.432070598322796
2010-11-16,-0.016611638804526783,1.4084780567116026
2010-11-17,-0.0001491330485993058,1.4082680217470867
2010-11-18,0.01775994015551652,1.433502192954313
2010-11-19,-0.001066480344280916,1.4319742059709109
2010-11-22,0.000730311246459055,1.4330203748061054
2010-11-23,-0.016119378665690152,1.41010615440306
2010-11-24,0.013300197859236924,1.4289861205881722
2010-11-26,-0.007766527187531354,1.417930847143054
2010-11-29,-0.0038071088322862504,1.412542892863272
2010-11-30,-0.011745702064341935,1.3960486427946805
2010-12-01,0.018945815251897355,1.4227500638711281
2010-12-02,0.009503926929969517,1.4363362352440943
2010-12-03,0.0025105853738096075,1.439946810420319
2010-12-06,-0.0008191352374074684,1.438767782205615
2010-12-07,0.0037948296435217567,1.4442380336071272
2010-12-08,0.005315504437289743,1.4519353266573054
2010-12-09,0.0026879442645513,1.455843297742387
2010-12-10,0.005177333245789416,1.463400229144391
2010-12-13,0.004018986565216865,1.4692934494590963
2010-12-14,0.002834853768161308,1.4734645910256121
2010-12-15,-0.0014503873842716998,1.471329045630033
2010-12-16,0.004129360388289454,1.4774172550634834
2010-12-17,0.0037912585766201163,1.4830291572672156
2010-12-20,0.0014121152089008303,1.4851248446231848
2010-12-21,0.0038416115534968646,1.49084109015209
2010-12-22,0.002334220070772088,1.4943251059949962
2010-12-23,0.0004406310928171573,1.4949836971866974
2010-12-27,-0.0018081871180807207,1.4922829294063142
2010-12-28,0.00182387611539075,1.4950071521658932
2010-12-29,0.0005572703110845755,1.4958405074471661
2010-12-30,-0.0019324049239407835,1.4929527289624525
2010-12-31,-0.0006248649420529182,1.4920201265476036
2011-01-03,0.006501121273111211,1.5017515285701228
2011-01-04,-0.0003266682571400301,1.5012610341344705
2011-01-05,-0.0005905075060772062,1.5003747899179167
2011-01-06,-0.0025198467076782893,1.4965988348552173
2011-01-07,-0.0023594561624991615,1.4930718380449508
2011-01-10,-0.0019677219302396912,1.4901367764853344
2011-01-11,-0.00018387453953560732,1.4898628034608168
2011-01-12,0.009105320233176789,1.503490429186112
2011-01-13,0.0014424971500557437,1.5056607748277129
2011-01-14,0.005990786732470217,1.5147079401820474
2011-01-18,-0.00021653265086424593,1.5143799919635046
2011-01-19,0.000297284737912948,1.5148302609482485
2011-01-20,0.0015278072759699606,1.5171463984981588
2011-01-21,-2.2499380331012692e-05,1.5171122640283248
2011-01-24,0.011831821571305981,1.5351690774871467
2011-01-25,0.0050343010927637166,1.5429170673445516
2011-01-26,0.0008647004376047947,1.5442518053989962
2011-01-27,-0.0030573917204180473,1.539537632923077
2011-01-28,-0.01580003860414873,1.5154040368249648
2011-01-31,0.004034393020454647,1.521530121501754
2011-02-01,0.01436018019209371,1.5435372028603116
2011-02-02,-0.004057971913535931,1.5372862638889158
2011-02-03,0.002092777273169669,1.540506830433143
2011-02-04,0.000920112393646293,1.5419249221621618
2011-02-07,0.007333179508939583,1.5532736948421837
2011-02-08,0.004195208018998495,1.5598036888669367
2011-02-09,-0.0024520703206077892,1.555983625980962
2011-02-10,0.0004217819189597741,1.5566400501647928
2011-02-11,0.003372117950274409,1.561898084393369
2011-02-14,-0.0003860742454925163,1.5612951921569718
2011-02-15,-0.004434295662126005,1.5543872748521432
2011-02-16,0.0028092122011615143,1.5587600176555183
2011-02-17,0.0025867414424079467,1.5627973463033966
2011-02-18,0.003595998926981027,1.568427280435522
2011-02-22,-0.018015332057898813,1.5404245388721993
2011-02-23,-0.00111538954924602,1.538707323300322
2011-02-24,-0.0025826728434539745,1.5347384730094282
2011-02-25,0.007960249806317037,1.5470041287153835
2011-02-28,0.007110946474531955,1.5580439977095866
2011-03-01,-0.011277767493031717,1.5405714506125319
2011-03-02,0.0016706222914420993,1.5431473146683417
2011-03-03,0.013679587192862084,1.5644019789779147
2011-03-04,-0.006840432743893306,1.553737309518033
2011-03-07,-0.007376595810245821,1.5423181862987925
2011-03-08,0.011136117006456057,1.5595896119009012
2011-03-09,0.0014972513606408538,1.5619264585562238
2011-03-10,-0.016029228528575166,1.537089572259314
2011-03-11,0.0035529628187993675,1.5425605076184579
2011-03-14,-0.00504575436323846,1.534796729736551
2011-03-15,-0.012381276816862645,1.5159111416714097
2011-03-16,-0.0246389154827095,1.4790171160006855
2011-03-17,0.013516555606066254,1.4991440500761695
2011-03-18,0.004793584851758065,1.5063475758474063
2011-03-21,0.015514955218174432,1.529900731646106
2011-03-22,-0.0018010723672801292,1.527147749617777
2011-03-23,0.0018840216470972658,1.5300276410734377
2011-03-24,0.009377991309108201,1.544443718263682
2011-03-25,0.007557850708952419,1.5561606148187102
2011-03-28,-0.0023915445116189154,1.5524434341143956
2011-03-29,0.009254117119389185,1.5668766076108693
2011-03-30,0.005422611034132432,1.5753962484652217
2011-03-31,-0.0033913131453847437,1.5700626355462388
2011-04-01,0.004870146888346134,1.5777277211012883
2011-04-04,0.0010189016551390554,1.5793360897332624
2011-04-05,-0.002778390521799034,1.5749541674752836
2011-04-06,0.0009755961675254897,1.576491436480046
2011-04-07,0.0012505630593882201,1.5784641716917427
2011-04-08,-0.0023334454522626266,1.5747852056513578
2011-04-11,-0.0009675179160358654,1.5732623095843938
2011-04-12,-0.005647487506705758,1.564402372087716
2011-04-13,0.0003485243097010416,1.5649476993689297
2011-04-14,0.0023563001218871,1.5686395336503487
2011-04-15,0.0033315539734658024,1.5738742559597811
2011-04-18,-0.0070058065543999294,1.5628865312594096
2011-04-19,0.0034857250017783837,1.5683438297115513
2011-04-20,0.008215727919802858,1.581281991333878
2011-04-21,0.008101100649960748,1.5941441443568938
2011-04-25,-0.0006414738982683853,1.5931218704142915
2011-04-26,0.004877410829985718,1.6009111606210422
2011-04-27,0.006883780013445657,1.6119694987875601
2011-04-28,0.0015549397804168886,1.6144779640368236
2011-04-29,0.003694223852009789,1.6204532372429907
2011-05-02,-0.0011722330812711423,1.618554801273756
2011-05-03,0.0027304816825053997,1.6229802745981692
2011-05-04,-0.006304419093059957,1.6127805123383359
2011-05-05,-0.013758514254575154,1.5907429980318462
2011-05-06,0.0019283840294610057,1.593813521046479
2011-05-09,0.0032316703570269053,1.598972532579468
2011-05-10,0.007304118055273593,1.6106943734659562
2011-05-11,-0.008221878479648092,1.5975057320580943
2011-05-12,0.009656410447116591,1.6130066241367387
2011-05-13,-0.008528588905605582,1.599308449816272
2011-05-16,-0.008287004340272205,1.5861097381759606
2011-05-17,0.0009782015310612411,1.587662032254718
2011-05-18,0.004799790080106375,1.5953007942896809
2011-05-19,0.004023233575346169,1.6017319904353466
2011-05-20,-0.006882129375163743,1.5907465087652746
2011-05-23,-0.01078119701287486,1.5736884754923475
2011-05-24,-0.0012141710207648818,1.5717789080550075
2011-05-25,0.0003768608255196111,1.572371361581082
2011-05-26,0.0009289821973702975,1.5738327452782659
2011-05-27,0.0025485692915520664,1.577848882611257
2011-05-31,0.012971083925670068,1.598448604427121
2011-06-01,-0.017595018593707462,1.5705698543069553
2011-06-02,-0.005551655985203606,1.5618747492237577
2011-06-03,-0.0071110501509347055,1.5508075758013058
2011-06-06,-0.007062886722978307,1.539892987188029
2011-06-07,-0.005747629893227923,1.5310676389358295
2011-06-08,-0.0020261540407807113,1.5279686006771431
2011-06-09,0.00514875994553963,1.5358560320271915
2011-06-10,-0.01085566915299125,1.5192734573970594
2011-06-13,0.003045153996332814,1.5239069302761004
2011-06-14,0.00923805652549394,1.538050095735238
2011-06-15,-0.01659971827421608,1.5127296351304795
2011-06-16,0.004169436783358026,1.5190500328074945
2011-06-17,0.003380277905363018,1.5241935324019649
2011-06-20,0.004603145243488555,1.5312257894439019
2011-06-21,0.010206220837269216,1.5469338415724165
2011-06-22,-0.005748188881643621,1.5380672814087475
2011-06-23,-0.002010014783648814,1.5349788483727131
2011-06-24,-0.01323025383199306,1.514804439135441
2011-06-27,0.00894618115681769,1.5284169532851695
2011-06-28,0.010889610451031468,1.5451517709633338
2011-06-29,0.004905363278929638,1.552749922331418
2011-06-30,0.009275798339430824,1.567219924141624
2011-07-01,0.011986566430850325,1.586118548406218
2011-07-05,0.0022195794447106296,1.5896429744580107
2011-07-06,0.0034807342501252687,1.595185740055587
2011-07-07,0.009508639903564826,1.610426129696783
2011-07-08,-0.0035752187546292907,1.6046787841257537
2011-07-11,-0.012737000534597188,1.5843696031832095
2011-07-12,-0.0029386219210960243,1.5797205741510465
2011-07-13,0.0043300797760080735,1.5865757212168272
2011-07-14,-0.005336422723871666,1.5781316331355442
2011-07-15,0.0038326180329049816,1.5841916142695835
2011-07-18,-0.0026270108351144333,1.5800353873508153
2011-07-19,0.020165850801919766,1.612221585535778
2011-07-20,-0.00110641517164498,1.6104387855538302
2011-07-21,0.009785868707164178,1.626275690624501
2011-07-22,0.0020386151320171907,1.6295944225153918
2011-07-25,-0.007404664395920163,1.617572387213272
2011-07-26,-0.0016298220332451943,1.6149381793243596
2011-07-27,-0.015915485723874048,1.5894391070927718
2011-07-28,-0.0035704030638884295,1.5837742876970275
2011-07-29,-0.005670367841411903,1.574819118454529
2011-08-01,0.0021287936325999905,1.5781751542528146
2011-08-02,-0.01704789890088644,1.5514986192929543
2011-08-03,0.006408308122612915,1.5614730258982237
2011-08-04,-0.038648327032927164,1.5022760069460053
2011-08-05,0.0034170527972013937,1.5074181438509506
2011-08-08,-0.05236933850952011,1.4305071194126735
2011-08-09,0.04325046773330859,1.4937346762968888
2011-08-10,-0.0421578554205062,1.4320709632868547
2011-08-11,0.03542113773518563,1.4837056268525879
2011-08-12,0.0037800638545991087,1.4893247424805534
2011-08-15,0.01854433778879134,1.5172009576941314
2011-08-16,-0.002690299969874153,1.513124717616188
2011-08-17,0.0036201864390072017,1.5186124384923871
2011-08-18,-0.03523881186994541,1.4660302485713081
2011-08-19,-0.013821367855513323,1.445907090347846
2011-08-22,0.003593922570459852,1.4511129175412338
2011-08-23,0.031161087540375044,1.4970430745104812
2011-08-24,0.010560572385877908,1.5129364802847167
2011-08-25,-0.014635379082464203,1.490955324990083
2011-08-26,0.012118974370560592,1.50913410595973
2011-08-29,0.020687606464328493,1.5406796543347305
2011-08-30,9.515309194931112e-05,1.5408262617425073
2011-08-31,-0.0014531712157324179,1.538588803469216
2011-09-01,-0.00912757103311879,1.5246091221984754
2011-09-02,-0.01886275148501694,1.4961203323914405
2011-09-06,-0.006511458089404419,1.4864100558884907
2011-09-07,0.02134594059662615,1.5184799398539681
2011-09-08,-0.008245782401703436,1.5060103660382327
2011-09-09,-0.022703468214082832,1.4722039214410267
2011-09-12,0.009536245370302423,1.4863103736626482
2011-09-13,0.0062782119245310035,1.495671098735219
2011-09-14,0.01194626418145422,1.5136459330991967
2011-09-15,0.015441227389422446,1.5371998669654998
2011-09-16,0.010612998417112605,1.5536010456156375
2011-09-19,-0.00507442695343565,1.5457373792690954
2011-09-20,-0.00018335937177420064,1.5454539798170714
2011-09-21,-0.014976645537953628,1.5224807239279503
2011-09-22,-0.027625692573176677,1.480996788988538
2011-09-23,0.005219614035312332,1.4887472301740747
2011-09-26,0.024587516889912776,1.525805546899074
2011-09-27,0.009015978739813692,1.5396243788098705
2011-09-28,-0.012880392795407902,1.5199205807940894
2011-09-29,0.011447229337226836,1.53741942581727
2011-09-30,-0.019302409158328385,1.508028101251739
2011-10-03,-0.01835047096383725,1.4806074358935608
2011-10-04,0.01358383902377351,1.500856990937297
2011-10-05,0.01291309867014077,1.520363378249377
2011-10-06,0.007931618574179762,1.5324702708158846
2011-10-07,-0.0026654346035079064,1.528391010443188
2011-10-10,0.029593411897042447,1.5742972256982586
2011-10-11,-0.0009233922449024218,1.5728442028071559
2011-10-12,0.007924191347529919,1.5853572335778416
2011-10-13,0.0001554352630302314,1.5856036731486434
2011-10-14,0.015641505462814172,1.6105998812044275
2011-10-17,-0.01489212091811202,1.5867923453659905
2011-10-18,0.010495480810776935,1.6035341971866215
2011-10-19,-0.010684408945347886,1.5864925839658017
2011-10-20,0.0031183645246548,1.5914475678660065
2011-10-21,0.013488368880267896,1.6130590237014995
2011-10-24,0.005578133434331558,1.622082024528146
2011-10-25,-0.014547500653282777,1.598655596348952
2011-10-26,0.01155946298062069,1.6172424163972328
2011-10-27,0.02119517262258666,1.65188598992922
2011-10-28,0.0005772225945419939,1.6528397710917508
2011-10-31,-0.01881507832818529,1.622032193662522
2011-11-01,-0.023076540545516708,1.5850298866436376
2011-11-02,0.013537667574250192,1.6066333949655498
2011-11-03,0.015248557022428768,1.631319974925249
2011-11-04,-0.00806542141737654,1.6182156090152517
2011-11-07,0.006453770260889765,1.6286929736744813
2011-11-08,0.012345567174692394,1.6489247415478352
2011-11-09,-0.03239118376573838,1.596369869407323
2011-11-10,0.003002676376091814,1.6011704551976034
2011-11-11,0.013582329996950464,1.62306644335714
2011-11-14,-0.007914207806291797,1.6102718545403558
2011-11-15,0.0019992992700083568,1.6134944903168718
2011-11-16,-0.014929400645698967,1.5895849066015553
2011-11-17,-0.01079366492701084,1.5725197233602963
2011-11-18,-0.0003581376288829826,1.571956645710866
2011-11-21,-0.018636070006197967,1.54293283648504
2011-11-22,0.001187939409809126,1.5447668363328593
2011-11-23,-0.0195144430858891,1.5149138018591997
2011-11-25,-0.00438550729624496,1.5082846829772132
2011-11-28,0.0253455557747367,1.5470015744873644
2011-11-29,0.004094783419933977,1.553349198087777
2011-11-30,0.035548435305502515,1.6095615425453547
2011-12-01,-0.0010598694083512733,1.607856521215134
2011-12-02,-0.0010372305221559163,1.6061896679610577
2011-12-05,0.008423494265501017,1.6197765415560959
2011-12-06,0.003733006785639436,1.625834478501858
2011-12-07,0.002844837400614704,1.630466298497072
2011-12-08,-0.014242136431251547,1.607409553413442
2011-12-09,0.013362266784218068,1.629032331634983
2011-12-12,-0.010290890419970165,1.6123541025221222
2011-12-13,-0.004042191914328459,1.6058498124565304
2011-12-14,-0.012464865803828403,1.585957346066998
2011-12-15,-0.0027802547028193997,1.5815541045998762
2011-12-16,0.0023897875728733486,1.585338202739288
2011-12-19,-0.007414614816144158,1.5736270012899174
2011-12-20,0.024093814271390325,1.6120021231036854
2011-12-21,-0.00825357644109845,1.5987520956323136
2011-12-22,0.004517262166434458,1.6059904143705634
2011-12-23,0.011239656351516157,1.6241430181451286
2011-12-27,-0.00026471930195393935,1.6237131330410446
2011-12-28,-0.007543429983966224,1.6115108481114135
2011-12-29,0.008963472883580315,1.6260205132483294
2011-12-30,-0.004971865873955309,1.6179562212493177
2012-01-03,0.006969935383054168,1.6292726631858767
2012-01-04,-0.003193324437955647,1.6240781652472003
2012-01-05,-0.002192762540326595,1.6205208490840566
2012-01-06,-0.005120028479935501,1.6122449407069022
2012-01-09,0.001033333497392727,1.6139117884666305
2012-01-10,0.0017776978960682961,1.6167833877191642
2012-01-11,-0.0026633594219801055,1.6124830416757934
2012-01-12,-0.0037886192864318067,1.6063855152216893
2012-01-13,-0.0003608748063982137,1.6058059157475968
2012-01-17,0.0022240770104828113,1.6093813262884824
2012-01-18,0.001162279094151457,1.6112529640305564
2012-01-19,0.001361938518977434,1.6134488865223688
2012-01-20,0.005809808772463639,1.6228499989061556
2012-01-23,-7.026270089429743e-05,1.6227359770878735
2012-01-24,-0.004684976194016409,1.6151512786050002
2012-01-25,0.012425864990307957,1.6353461397977611
2012-01-26,-0.005355152786619729,1.6266120185099495
2012-01-27,-0.0058069616329990996,1.6171937172497621
2012-01-30,0.001955612230542427,1.62035941549256
2012-01-31,0.0002536451848454818,1.6207704639840503
2012-02-01,0.004000536114826286,1.6272674017111652
2012-02-02,-0.0009846693984132341,1.6256658699167394
2012-02-03,0.007089260871224099,1.637231587112462
2012-02-06,0.002635074951198909,1.6415515042099862
2012-02-07,0.002899392317538687,1.646317912534919
2012-02-08,0.0021769243067888376,1.649905725797481
2012-02-09,0.006339887491582433,1.6603991709536767
2012-02-10,-0.0031771781755586858,1.6551321584941623
2012-02-13,0.007795857027662755,1.6680857587665892
2012-02-14,0.0025195056464333847,1.6722938091318382
2012-02-15,-0.006336081890389254,1.661731515726442
2012-02-16,0.007971076427799026,1.675030236787261
2012-02-17,0.0024288880330502528,1.6791036426051262
2012-02-21,0.0009441451242658635,1.6806897087429147
2012-02-22,-0.004125383769702039,1.6737705007038768
2012-02-23,0.005979276674733411,1.6838084174522578
2012-02-24,0.0038120732702149975,1.6902394685436242
2012-02-27,0.0009607742389808285,1.6918641874517661
2012-02-28,0.006827288839644696,1.7034545533039784
2012-02-29,0.0012701860571732561,1.7056196322620762
2012-03-01,0.0018828760088323239,1.7088341278464891
2012-03-02,0.0011140081901148387,1.7107388437980613
2012-03-05,0.0007468274969726874,1.7120169478089533
2012-03-06,-0.009054668429682633,1.6965851722397072
2012-03-07,0.0033595539121549166,1.7022945266644725
2012-03-08,0.008608741527607013,1.7170124005388452
2012-03-09,0.00147830932572698,1.7195525530859463
2012-03-12,0.005924175267372737,1.729769718048213
2012-03-13,0.012732580211588363,1.7519349606464538
2012-03-14,0.004127223952099621,1.7591805303378734
2012-03-15,0.0011558847899654895,1.7612151160024772
2012-03-16,-0.0013313868777318878,1.758871817572701
2012-03-19,0.005109916837534833,1.7678825086226462
2012-03-20,-0.001104613367750352,1.765930760133201
2012-03-21,-0.0018089308839178617,1.7627392009676
2012-03-22,-0.0021740975276902694,1.7589109969811223
2012-03-23,-4.02109469927878e-05,1.758840270926248
2012-03-26,0.010190995679617953,1.7768562489830613
2012-03-27,-0.001157410305393467,1.7748008869273444
2012-03-28,-0.0003425344136362641,1.7741930606528709
2012-03-29,-0.001090514077112614,1.772259332715118
2012-03-30,0.0027668813557774753,1.7771697541644906
2012-04-02,0.008956838748632298,1.793159077079925
2012-04-03,-0.00248032210391078,1.7887169761830526
2012-04-04,-0.006436596929064717,1.777240699691804
2012-04-05,0.00018513964695740363,1.7775697678683464
2012-04-09,-0.005671697195605442,1.7675164669897931
2012-04-10,-0.012788370226161087,1.7450567298384945
2012-04-11,0.002072166353815784,1.7486765267950504
2012-04-12,0.004100802180213267,1.7558622268058501
2012-04-13,-0.011080843748077012,1.73651319162591
2012-04-16,-0.0014854372263840906,1.7339356251675024
2012-04-17,0.01833800635963012,1.766025884097577
2012-04-18,-0.005913784906802546,1.7556128075744637
2012-04-19,-0.007972275945888913,1.7416722207561166
2012-04-20,0.00343656671041449,1.7476678898881617
2012-04-23,-0.009615718390927121,1.7309433457367769
2012-04-24,-0.00014007353354914453,1.7307009033662424
2012-04-25,0.018206419756296586,1.7624993601535879
2012-04-26,0.009947785164201363,1.780119822117965
2012-04-27,-0.00023868912124539352,1.7796949775868132
2012-04-30,-0.0054180854123369255,1.7700785131280272
2012-05-01,0.0046398531785535,1.778310500381222
2012-05-02,0.000789955847137545,1.7797158421649226
2012-05-03,-0.002014479801699046,1.776134249282591
2012-05-04,-0.012863440474820985,1.7534333708128549
2012-05-07,0.0009964853098320182,1.75518151226262
2012-05-08,-0.0027714769124872253,1.7503238018496614
2012-05-09,-0.006294292646371037,1.7393413512525735
2012-05-10,0.0052326995802814275,1.7484666561791034
2012-05-11,-0.0010228630254697807,1.7466791286389947
2012-05-14,-0.00867184974081309,1.7315976762460807
2012-05-15,-0.0032593786021893785,1.7259629317038327
2012-05-16,-0.0006174873207544796,1.7248975004564098
2012-05-17,-0.004259817181166585,1.7175653802813726
2012-05-18,-0.004176044593976562,1.7104077064449068
2012-05-21,0.011657152720280279,1.730462856158376
2012-05-22,-0.0006534653441082768,1.7293324280406352
2012-05-23,0.0015564715367646432,1.732026180573232
2012-05-24,0.00411937871355183,1.7391757681720053
2012-05-25,-0.003891744980525483,1.7324204930361216
2012-05-29,0.008033741407481435,1.7463943673754074
2012-05-30,-0.0068464602315721,1.734478584801305
2012-05-31,-3.7028110253238565e-05,1.7344143615260756
2012-06-01,-0.01809883083169276,1.7033058524006712
2012-06-04,0.0021365868434688466,1.706949003844119
2012-06-05,-0.0015829141591691392,1.7042491874494792
2012-06-06,0.0169978326084727,1.7334653319886852
2012-06-07,0.0015706736546693286,1.7361901796799766
2012-06-08,0.011352512579723608,1.7560126048092748
2012-06-11,-0.00817704723361736,1.7417121542090748
2012-06-12,0.00854063611425826,1.7566511875504058
2012-06-13,-0.0006119115651281287,1.755576601182291
2012-06-14,0.011849034397505863,1.776502218065802
2012-06-15,0.007092316937004925,1.7891465205342258
2012-06-18,0.002158203053039232,1.7930120317958695
2012-06-19,0.0026515430966801367,1.7977725890932985
2012-06-20,-0.002307151076461932,1.793629637174853
2012-06-21,-0.017309327732655064,1.7628502675395255
2012-06-22,0.004690058156521748,1.7711375565582135
2012-06-25,-0.007955144322820976,1.7571037959852722
2012-06-26,0.003516926556247361,1.7632942803461553
2012-06-27,0.007767237842077484,1.7770435341450972
2012-06-28,-0.00012037935875022983,1.7768296276592066
2012-06-29,0.019029235731729134,1.8109650933456716
2012-07-02,0.006550182601634368,1.8228661799863928
2012-07-03,0.006307636066426821,1.834400495337039
2012-07-05,-0.0016173829261251272,1.8314359653325616
2012-07-06,-0.004307519345725822,1.8235639860049175
2012-07-09,0.0034190175715274017,1.8298094539141754
2012-07-10,-0.0033204413620327076,1.823743754890751
2012-07-11,-0.0009339624219052982,1.8220412419218228
2012-07-12,-0.002923275956607604,1.8167226901521134
2012-07-13,0.012498712704774319,1.8395718803993395
2012-07-16,-0.0008735704204220464,1.8379655865259399
2012-07-17,0.00396649832502065,1.845270351538214
2012-07-18,0.003131857026626873,1.8510585336029124
2012-07-19,0.0015768148479056185,1.8539796125781558
2012-07-20,-0.0059953102611076834,1.8428976825811128
2012-07-23,-0.005636563966698986,1.832539292198715
2012-07-24,-0.006060142572909413,1.8214674252484737
2012-07-25,-0.005612213567880445,1.8112735927896566
2012-07-26,0.015747558099750508,1.8400224973419865
2012-07-27,0.013608640072469695,1.865233858318383
2012-07-30,0.005276941569758516,1.8751026038990564
2012-07-31,0.0012079686447096904,1.877369037665046
2012-08-01,-0.0024695977380611565,1.8727384115814552
2012-08-02,-0.006899961232814496,1.8598610668224007
2012-08-03,0.014309812230921917,1.886666663577149
2012-08-06,0.002025911425120088,1.890492757481335
2012-08-07,-0.0022244230960966364,1.8862921753965536
2012-08-08,0.0012717770553800163,1.8886926446122545
2012-08-09,-0.00019330896646784044,1.8883275786755453
2012-08-10,0.0028292083075906276,1.8936776153640482
2012-08-13,-0.00035988662094078237,1.8929962287442221
2012-08-14,0.002666338414462495,1.898050332288284
2012-08-15,-0.0004886286083192109,1.8971231171462688
2012-08-16,0.001299570469709683,1.8995901650307918
2012-08-17,0.0011781100880178313,1.901829410146949
2012-08-20,0.0018098063835768135,1.9052744696589268
2012-08-21,-0.008519131509785678,1.88911212819507
2012-08-22,-0.00021250822646109383,1.8887107189800119
2012-08-23,-0.008964760510147956,1.871854548367477
2012-08-24,0.008299587480203834,1.8874548172906527
2012-08-27,0.0004597800129834844,1.8883228308233977
2012-08-28,-0.00011574889025970662,1.8881042722004808
2012-08-29,-0.0008845270699828485,1.886434931258235
2012-08-30,-0.007223323394107548,1.8728576970985982
2012-08-31,0.0035907625373861715,1.8795947727358522
2012-09-04,0.0036591325910330787,1.8864850577719958
2012-09-05,-0.0005553674633903414,1.8854376562240287
2012-09-06,0.014211736521109209,1.9124243088052049
2012-09-07,-0.0014641217178027958,1.9096263356275003
2012-09-10,-0.0041754045302169664,1.901669496246259
2012-09-11,0.0019345452487541865,1.905351922696774
2012-09-12,0.0019695269231005076,1.9091082624984443
2012-09-13,0.018223485696841204,1.9442178071180034
2012-09-14,-0.002168270519627774,1.940006783931618
2012-09-17,0.002668319029194861,1.9451902534496328
2012-09-18,0.0030341120088611907,1.9511011411702979
2012-09-19,0.0008135269243653589,1.9526890603007059
2012-09-20,0.003038904344018324,1.9586321211917
2012-09-21,-0.0012875140103840584,1.956111977602702
2012-09-24,-0.0012664675101983272,1.9536361934177922
2012-09-25,-0.008246736737350959,1.937591319906466
2012-09-26,-0.003510497602835445,1.9308013353080704
2012-09-27,0.007561344212543963,1.9454561239383883
2012-09-28,-0.005701104044837975,1.9343964323430924
2012-10-01,0.004049715651191818,1.9422460715261236
2012-10-02,0.0006102013229058872,1.9434315943153795
2012-10-03,0.004365499911698229,1.9519341903065348
2012-10-04,0.004762131889828942,1.9612517264204663
2012-10-05,0.0005314872525116185,1.9622943837670253
2012-10-08,-0.005879988937058866,1.9507899705567957
2012-10-09,-0.009457119627160032,1.9324280785948862
2012-10-10,-0.006029956431807545,1.9208106828694456
2012-10-11,-0.00444371836394508,1.912294077875839
2012-10-12,0.0008583713625763438,1.9139362410412
2012-10-15,0.006318526177456921,1.9260677836556073
2012-10-16,0.006182030644129079,1.9380116744274343
2012-10-17,-0.0008910022592780921,1.9362856706978109
2012-10-18,-0.0066447160921409305,1.9234622533085461
2012-10-19,-0.014214049250169546,1.8963154561234803
2012-10-22,0.004408974300313516,1.904694720642031
2012-10-23,-0.018154005650776902,1.8704288543579233
2012-10-24,0.0020915782788214024,1.8743450968579543
2012-10-25,0.004529694014858382,1.882854564717931
2012-10-26,-0.00011469534343470385,1.8826386224510159
2012-10-31,-0.002143784679569252,1.8786069736525624
2012-11-01,0.003110384523154901,1.88445926042144
2012-11-02,-0.013871334171379493,1.8584997589934982
2012-11-05,0.0009089769018965051,1.8601898603617872
2012-11-06,0.005803049920620395,1.8710160169656738
2012-11-07,-0.020436180177332657,1.833167651765701
2012-11-08,-0.014073182322584617,1.8075498340928062
2012-11-09,0.002157682411058087,1.8114541632133272
2012-11-12,-0.002383682825147698,1.8071413732397132
2012-11-13,-0.004140678109784749,1.799674053067905
2012-11-14,-0.010936426647744286,1.7800992839138434
2012-11-15,-0.006012683812087837,1.7694282227724936
2012-11-16,0.002560641923573462,1.7739649007855625
2012-11-19,0.023981077990626994,1.8170206901446315
2012-11-20,0.00014358348902942118,1.8172816030459051
2012-11-21,0.0031762744480648137,1.8230629649020234
2012-11-23,0.01524776178125973,1.8510736017717118
2012-11-26,-0.001591148734086364,1.848130610343006
2012-11-27,-0.006692280333247538,1.8358036957967265
2012-11-28,0.008887161126413209,1.852191491667846
2012-11-29,0.0044023979193435975,1.860363550766351
2012-11-30,0.0009681096805238204,1.8621654588107177
2012-12-03,-0.0043345211115850876,1.854111331319186
2012-12-04,-0.004391592008396793,1.8459866839398504
2012-12-05,-0.005709478478429998,1.8354770933863824
2012-12-06,0.005575811671646919,1.845739953284661
2012-12-07,0.002381632906868655,1.8501410671333867
2012-12-10,-0.002109267441768044,1.8462427375729225
2012-12-11,0.005200383473742754,1.855868916009364
2012-12-12,-0.00273086088777284,1.8508077100438796
2012-12-13,-0.005445736160578375,1.8407560936374028
2012-12-14,-0.006641448010665364,1.8285713148167209
2012-12-17,0.005177538953804153,1.8380633655558507
2012-12-18,0.004809693765425242,1.8469251816930607
2012-12-19,-0.009940193050341623,1.8286573322290072
2012-12-20,0.004287317907479484,1.8365141979618804
2012-12-21,-0.007248089302943942,1.8232511031611531
2012-12-24,-0.004165076417704274,1.8156729158079823
2012-12-26,-0.005313772862706725,1.8060504308320213
2012-12-27,0.0016061831573182842,1.8089536095094976
2012-12-28,-0.012348457791855698,1.7867531748809942
2012-12-31,0.014382263280337522,1.8126364130725252
2013-01-02,0.025663484920963982,1.8597570338316396
2013-01-03,-0.005798252046863214,1.8490048957305787
2013-01-04,0.0013886181821872075,1.851574241054696
2013-01-07,-0.0033633241940050455,1.8453572573391486
2013-01-08,-0.0031269948974938636,1.8395958472559968
2013-01-09,-0.0004976271419693907,1.8386806421664807
2013-01-10,0.00814540856001179,1.8537186092568152
2013-01-11,0.0012094044767568459,1.8559618610674629
2013-01-14,-0.005305150548818908,1.8461417755295966
2013-01-15,-0.003677809583811217,1.8393644880402107
2013-01-16,0.002378393783897084,1.8437444276507706
2013-01-17,0.0033168022124564437,1.8498699161488776
2013-01-18,0.0037930546992251363,1.8568998980517122
2013-01-22,0.001350265420312797,1.8594088993006423
2013-01-23,0.004432530562829897,1.867669079301544
2013-01-24,-0.00841698417963121,1.8520149110704487
2013-01-25,0.000758798549628212,1.853420750605905
2013-01-28,0.0011360612404844191,1.8555275465810104
2013-01-29,0.010247010527452218,1.8746389068134917
2013-01-30,-0.003496700149333909,1.8680953038441666
2013-01-31,-0.0013748384662652365,1.8655287392719149
2013-02-01,0.009686434096621073,1.8836868622141878
2013-02-04,-0.011626540435058277,1.8619129238077314
2013-02-05,0.011039559136813138,1.8825814977002042
2013-02-06,0.00014190800240785316,1.8828486700364107
2013-02-07,0.001328837239146355,1.8853523325764252
2013-02-08,0.0041957208818020385,1.8932793629021056
2013-02-11,0.0006676393586533206,1.8945438127729874
2013-02-12,-0.0038077566610471574,1.8873435680398774
2013-02-13,-0.0001306460035324572,1.8870970102516658
2013-02-14,-0.0031135623443950427,1.8812305535888565
2013-02-15,-3.919980336114264e-05,1.8811568111664325
2013-02-19,0.006800795404181518,1.8939937750682763
2013-02-20,-0.0031083087070788292,1.8881157977426755
2013-02-21,-0.0005750986714258737,1.8870302570323247
2013-02-22,0.0074154138350846195,1.9010753781404441
2013-02-25,-0.013334961855379248,1.8758928874292393
2013-02-26,0.006447117960787024,1.8880260601275278
2013-02-27,0.007740724237592637,1.9026974595833852
2013-02-28,-0.00276441665100641,1.897444874556061
2013-03-01,0.0026239196952299836,1.9024301551607188
2013-03-04,0.007115093288844265,1.9160143924400017
2013-03-05,0.008178778154570453,1.9317493075747119
2013-03-06,-0.00012713515173433585,1.9315037299444862
2013-03-07,0.003938766213342259,1.9391264738251028
2013-03-08,0.0010781754754157686,1.9412183199188477
2013-03-11,0.002178208942386848,1.9454513075144866
2013-03-12,-0.0033732531703051477,1.938899863775237
2013-03-13,-1.4749306652624292e-05,1.9388712665574726
2013-03-14,0.008749037378754602,1.9559089467115411
2013-03-15,-0.0012019551403035585,1.9535594441802575
2013-03-18,-0.0006299576028568292,1.9523291721060725
2013-03-19,0.0017573553066680457,1.955763124590591
2013-03-20,0.004895581743196347,1.965361197743682
2013-03-21,-0.011206452234285694,1.9434594211744893
2013-03-22,0.00582529867905925,1.9548136916738676
2013-03-25,-0.0018903458653360202,1.951121908167507
2013-03-26,0.00747541822709888,1.9657620127190056
2013-03-27,-0.0031905867112353315,1.9595000735059223
2013-03-28,0.0033412189016080282,1.9660581420594785
2013-04-01,-0.000695398424054646,1.9646914235879025
2013-04-02,0.009022564145832948,1.9824981885244806
2013-04-03,-0.006746467426072234,1.969168344311993
2013-04-04,0.002207930971342926,1.973520935429329
2013-04-05,-0.006012543769648538,1.9616906551032474
2013-04-08,0.006709970502145237,1.974897801762724
2013-04-09,0.0033898756517198704,1.9816038195971295
2013-04-10,0.011155210121517782,2.0038327804353426
2013-04-11,0.005389172829889137,2.0146609327965685
2013-04-12,0.0008524682758641117,2.0163790995656825
2013-04-15,-0.01406581756898121,1.9882156145597973
2013-04-16,0.015696641207742588,2.0196701410907156
2013-04-17,-0.011650066512276154,1.9962773778176182
2013-04-18,-0.009095574202412563,1.9782024144949735
2013-04-19,0.0032029492279021196,1.9845486543076245
2013-04-22,0.0017475949131301094,1.9880198736999772
2013-04-23,0.008098883861893107,2.004185991162328
2013-04-24,-0.006577120829034535,1.9910474719116138
2013-04-25,0.006018719454031567,2.003067163355666
2013-04-26,0.002716667137803566,2.008516228389821
2013-04-29,0.0065673777387705145,2.021750322236768
2013-04-30,-0.00015061464772051698,2.0214458399545268
2013-05-01,-0.006893297339346182,2.0075593296343572
2013-05-02,0.00651352085491686,2.020678288118259
2013-05-03,0.0027264907717580262,2.026195166264591
2013-05-06,-0.0034469908380562993,2.019222913639366
2013-05-07,0.005927821564154969,2.0312280537798766
2013-05-08,0.0035622422423897816,2.0384766831787364
2013-05-09,-0.004843473760211655,2.028627246851175
2013-05-10,0.0029450159143410417,2.0346103922822967
2013-05-13,0.0009416919473436825,2.0365272709176234
2013-05-14,0.004769677870831642,2.046264052170936
2013-05-15,0.0055684728298643115,2.0576904020821223
2013-05-16,-0.002411095925876912,2.0527350894046443
2013-05-17,0.003507597975878107,2.0599479012763346
2013-05-20,-0.003897173470670532,2.0519355498671294
2013-05-21,-0.0005644550619428035,2.050777651280829
2013-05-22,-0.0041918161658052455,2.0421991606588334
2013-05-23,-0.002420351589007203,2.037262297557543
2013-05-24,0.00029076749383220434,2.0378547533393503
2013-05-28,0.0019181013607049901,2.0417673164614105
2013-05-29,-0.013336751691904042,2.0147175516887414
2013-05-30,-0.0004968230583606759,2.0137168421613465
2013-05-31,-0.016011121798352245,1.981731718683309
2013-06-03,0.010573180165638857,2.002796087633362
2013-06-04,-0.0022619464350355093,1.99827098985658
2013-06-05,-0.010740853593644198,1.9769227083355625
2013-06-06,0.007862961038241432,1.9925284478241143
2013-06-07,0.00878427669713979,2.0101084698812204
2013-06-10,-0.0008614074791260291,2.008377692970521
2013-06-11,-0.00644655420141331,1.9954722199254558
2013-06-12,-0.005269337280494686,1.9849850582263242
2013-06-13,0.011823933319321151,2.0085946935090466
2013-06-14,-0.004009665107627663,2.00055702639654
2013-06-17,0.004902549381324054,2.0103889370298185
2013-06-18,0.007395132780904915,2.0253111379837674
2013-06-19,-0.016774334318192058,1.9916212445877046
2013-06-20,-0.024537008747799256,1.9433474854816408
2013-06-21,-0.004215227571148105,1.935173074186125
2013-06-24,-0.006623850646775995,1.9223971364312455
2013-06-25,0.007646093605405246,1.9371523026887862
2013-06-26,0.007516928860735338,1.9517686047684806
2013-06-27,0.0023707872166286725,1.9564013222502752
2013-06-28,-0.007665823576502439,1.9414612320794116
2013-07-01,0.0035254886210038315,1.948317911031195
2013-07-02,0.0016746391368951798,1.951583373928963
2013-07-03,0.004350704655964107,1.9600926340167766
2013-07-05,0.006608098947964651,1.9730880101662411
2013-07-08,0.007449995472422542,1.9878423987306977
2013-07-09,0.00259046569545352,1.9929985117561884
2013-07-10,-0.002333255492482775,1.9883537578381199
2013-07-11,0.011725784761629636,2.011805995265365
2013-07-12,-0.0033658717463890936,2.0050458974998677
2013-07-15,0.001832984319101162,2.008724485556222
2013-07-16,-0.0006477319866481098,2.0074237917505315
2013-07-17,0.0028281377971285096,2.013109098476828
2013-07-18,-0.00026704202133788973,2.0125715855264636
2013-07-19,0.001456467127515662,2.015504965549796
2013-07-22,0.0025856650809985226,2.020723129664926
2013-07-23,0.0008173532507469268,2.0223754494563053
2013-07-24,0.0029877229135700043,2.028426782277923
2013-07-25,0.0006894375957177884,2.0298257381527605
2013-07-26,0.0015089860675807881,2.0328910290702447
2013-07-29,0.0007479951516132233,2.034412190543527
2013-07-30,-0.00039434179808011576,2.033610094942577
2013-07-31,-0.0038289897146098007,2.0258383113405327
2013-08-01,0.006510261666079419,2.0390700732225997
2013-08-02,0.002117085624793632,2.0433915319976084
2013-08-05,-0.0002664217777347332,2.042847200507147
2013-08-06,-0.004146338637852908,2.034394400424374
2013-08-07,-0.0033929016665035566,2.027503596792862
2013-08-08,2.5702547552799254e-06,2.02750880800032
2013-08-09,-0.0050302383685490795,2.0173355637748402
2013-08-12,0.002562293899325566,2.0225111982995227
2013-08-13,0.003202749855187017,2.0289991798921143
2013-08-14,-0.0039908172968063284,2.020917950949471
2013-08-15,-0.012341713635825324,1.9961296400756605
2013-08-16,-0.006103113252867762,1.9839841352103407
2013-08-19,-0.0023474611906920645,1.979332271620809
2013-08-20,-0.0020643668875098575,1.975250418290928
2013-08-21,-0.0045730704283607196,1.9662380817455316
2013-08-22,0.0004379402480941725,1.9670993651204254
2013-08-23,0.004278332530428046,1.975533299047096
2013-08-26,-0.00618334875813704,1.9633555760300512
2013-08-27,-0.009346155754663141,1.9450912326635785
2013-08-28,-0.0009059173950983685,1.9433299385947784
2013-08-29,0.0034513810874346657,1.9500486986226302
2013-08-30,-0.0011061398820343023,1.9478928645320213
2013-09-03,-0.003650902605674911,1.9407942634327733
2013-09-04,0.008744069022106522,1.9578391145048752
2013-09-05,-0.0014355504372623182,1.9550305541053379
2013-09-06,-0.00045619346933311813,1.9541388853364068
2013-09-09,0.006561363711949486,1.9670028577566079
2013-09-10,0.003870674445490294,1.974631239419205
2013-09-11,0.0032139405912167233,1.9809877962386253
2013-09-12,-0.000821041259579133,1.9793619910410951
2013-09-13,0.002769300251950508,1.984851035599859
2013-09-16,0.003544687882475235,1.9918991974012328
2013-09-17,0.002504027202053223,1.99689321714648
2013-09-18,0.014008898819364948,2.025064354774688
2013-09-19,-0.000879528240019714,2.023284036521663
2013-09-20,-0.004856841389581627,2.0134810918140587
2013-09-23,0.00019565558748044343,2.0138750791816165
2013-09-24,-0.008031001773808086,1.9977664157805861
2013-09-25,-0.006515525532127128,1.9847922304077588
2013-09-26,0.004691411022138526,1.9941255827317297
2013-09-27,-0.004844693984746323,1.984488018890338
2013-09-30,-0.008409387590842856,1.9678696630023458
2013-10-01,0.007013877467594406,1.9817205772160682
2013-10-02,-0.0006530601291344025,1.9804268170175854
2013-10-03,-0.0067181904393476335,1.9671665249675294
2013-10-04,0.001804593285878674,1.970719665493209
2013-10-07,-0.006322344938070024,1.9582993999650926
2013-10-08,-0.008154507315020064,1.9423953660927944
2013-10-09,0.0007680093385690201,1.9438877168694595
2013-10-10,0.018890252521554254,1.9809572710104775
2013-10-11,0.0037930798356351977,1.9884854685916595
2013-10-14,0.005741272819941557,1.9999347414153381
2013-10-15,-0.006657030406608879,1.9866653314672083
2013-10-16,0.01301450120417235,2.0126897700314608
2013-10-17,0.004120001365655315,2.0209991602281963
2013-10-18,0.0057228140442254416,2.0325981202954453
2013-10-21,0.001489421268956484,2.0356277708199433
2013-10-22,0.007762938135855606,2.0514917190290958
2013-10-23,-0.0014110220731312869,2.0485990602133555
2013-10-24,0.0023979280859350726,2.0535173479300832
2013-10-25,0.00035202354017813603,2.0542403616281733
2013-10-28,0.005961273359735132,2.066522823152539
2013-10-29,0.006871362789506795,2.0807715492027055
2013-10-30,-0.004773900582536889,2.070861825529962
2013-10-31,-0.0033764270760175295,2.063881502498849
2013-11-01,0.003823738790918818,2.0717883534924204
2013-11-04,0.0040660821109527335,2.0802295647533953
2013-11-05,-0.0045003340180457966,2.070888870764003
2013-11-06,0.00814731245647584,2.087829967952266
2013-11-07,-0.006751414884930253,2.073781638043333
2013-11-08,0.007882233742920228,2.090192260863257
2013-11-11,0.0017735652166164361,2.093902642482461
2013-11-12,0.0002759838980575072,2.0944806056464813
2013-11-13,0.004961897142802552,2.1048990291767766
2013-11-14,0.0019797464554166025,2.109070323258723
2013-11-15,0.004211133552293468,2.1179706270922947
2013-11-18,-0.0001732314973740978,2.117603759646585
2013-11-19,-0.00036636690315097336,2.1168280818150813
2013-11-20,-0.003437051567336341,2.109564923613506
2013-11-21,0.000303206298041511,2.1102046539647077
2013-11-22,0.0013671847970360828,2.1130916667765565
2013-11-25,-0.0003302625563870279,2.112393906949121
2013-11-26,-0.0013498403581468624,2.1095444359993225
2013-11-27,0.004242371443837568,2.1185129174378763
2013-11-29,0.0004015695744473474,2.1193638186051684
2013-12-02,-0.004164564623574902,2.110555944232747
2013-12-03,0.0012159804461278013,2.1131238999669555
2013-12-04,-0.0012002789370575198,2.1105890834062153
2013-12-05,-0.005765073973691187,2.098456387759847
2013-12-06,0.009045378524359134,2.117523826196888
2013-12-09,0.002681632623621658,2.1232098677002784
2013-12-10,-0.008031595120391796,2.106225403159182
2013-12-11,-0.00768615557556463,2.0900986826676986
2013-12-12,-0.012066693082037814,2.0650296576488754
2013-12-13,-0.0034575039331184465,2.057902138299035
2013-12-16,0.004304141782976649,2.0667787302291676
2013-12-17,-0.005989183235995813,2.0544374078167897
2013-12-18,0.01629584807523019,2.0881904782111165
2013-12-19,0.002048134566050563,2.092471756130073
2013-12-20,-0.001264803842443053,2.0898268628009316
2013-12-23,0.00925869172972324,2.1092657760810085
2013-12-24,0.0025539491250030767,2.114659618431858
2013-12-26,0.0056779795540662335,2.1267007648507312
2013-12-27,0.0013560385995540624,2.129586609393649
2013-12-30,0.0004672712535881063,2.130581936524013
2013-12-31,0.002699841534033213,2.1363419421803624
2014-01-02,-0.008763560555046089,2.1177017766105406
2014-01-03,-0.003179479965524506,2.110979278925401
2014-01-06,0.0006196560487793725,2.112287765368336
2014-01-07,0.009229879203171885,2.1318741773452095
2014-01-08,-0.0013360237105791782,2.1290278447036357
2014-01-09,-0.004329817865330323,2.119829469919991
2014-01-10,-0.0010420657907241173,2.1176216187101193
2014-01-13,-0.009456489897789036,2.097690737878763
2014-01-14,0.0105970496106407,2.120038270521351
2014-01-15,0.006673798072940038,2.1342342958586062
2014-01-16,-0.0010135145509729635,2.1320723141296063
2014-01-17,-0.0038601548674208237,2.1238580491758685
2014-01-21,0.0025455005900809164,2.1292712177823163
2014-01-22,-0.004643025422629342,2.1194078729860344
2014-01-23,-0.005238923817335871,2.1083334908530023
2014-01-24,-0.019051203781957942,2.068547389789048
2014-01-27,-0.005755746851566939,2.0566755530811105
2014-01-28,-0.00048574591742062584,2.05567677392383
2014-01-29,-0.011132623464409868,2.0329186125006244
2014-01-30,0.01281140399942523,2.05913070246099
2014-01-31,-0.011475182630334771,2.0356368574763315
2014-02-03,-0.021402844900719753,1.9925313730145517
2014-02-04,0.006840556674604544,2.0062081217534757
2014-02-05,0.0006953976758288206,2.0076037194100156
2014-02-06,0.010049925021024668,2.027881711738764
2014-02-07,0.011289884805954963,2.0509059888238603
2014-02-10,0.004897500543421821,2.060974938235506
2014-02-11,0.011332581790886339,2.0844639494770325
2014-02-12,-0.004560782845670663,2.074978808329846
2014-02-13,0.0073108007233328495,2.0902041518153927
2014-02-14,0.0022738080288114385,2.0949622822852363
2014-02-18,-0.0066748848060262924,2.0810252162791407
2014-02-19,-0.007215531131460618,2.06606355711791
2014-02-20,0.00399778407150343,2.074339765321215
2014-02-21,-0.006057724984459169,2.0618119687816323
2014-02-24,0.0037423988638045674,2.0695425479838088
2014-02-25,0.0014515466177254033,2.072548766775094
2014-02-26,0.0024510237344026503,2.0776348635188495
2014-02-27,0.006795068479713167,2.091800608790742
2014-02-28,0.0014740110956356055,2.094886219651602
2014-03-03,-0.005728250177129584,2.0829204913545545
2014-03-04,0.013038999206663132,2.1102575264695798
2014-03-05,0.0013160070196898887,2.1130364683402068
2014-03-06,0.0007350128866323465,2.1145901482918066
2014-03-07,-8.89601063379184e-05,2.1144020424944334
2014-03-10,-0.0011631251570705203,2.111944157977402
2014-03-11,-0.0006354760536440312,2.110602494381068
2014-03-12,-0.00020458576544645114,2.1101707393211777
2014-03-13,-0.010886749813017623,2.0873224359677147
2014-03-14,-0.003911632076558921,2.079173546691821
2014-03-17,0.008920817728583332,2.0978044528315154
2014-03-18,0.007904042526853216,2.1144512904299098
2014-03-19,-0.0069809197139853955,2.099741878082001
2014-03-20,0.006609908639784131,2.113666951093588
2014-03-21,-0.0006640406523881543,2.112263856220028
2014-03-24,-0.003976614075127217,2.103880877022524
2014-03-25,0.010271677006025763,2.125602630283826
2014-03-26,-0.008539831627817232,2.107527630290621
2014-03-27,-0.003249652045004425,2.1006900147698104
2014-03-28,0.0004301284960738419,2.1015937757593246
2014-03-31,0.0030647902523201977,2.1080446000399466
2014-04-01,0.005214459639955946,2.1190656228931806
2014-04-02,0.0012004542697243272,2.1216109917617962
2014-04-03,-0.002316390817031209,2.1167021990792247
2014-04-04,-0.01094514226637422,2.0936609174484024
2014-04-07,-0.005594646537243241,2.0819803294938337
2014-04-08,0.00756490958838848,2.097790046595222
2014-04-09,0.008489760381050808,2.1156755960084808
2014-04-10,-0.018840720095243034,2.076187900680211
2014-04-11,-0.008981835276080112,2.0576234193156755
2014-04-14,0.007503745584462468,2.073121375604205
2014-04-15,0.005292870732619151,2.084123229068154
2014-04-16,0.007398798464236468,2.099600422527668
2014-04-17,-0.0028116485307400165,2.0937053753684114
2014-04-21,0.00689809503884385,2.1081978819075404
2014-04-22,0.0014203501674968282,2.111194388662899
2014-04-23,-0.004716774715298021,2.101259808358643
2014-04-24,0.006531711122041249,2.115029551456135
2014-04-25,-0.010146486315693653,2.093677938161894
2014-04-28,0.012723265446098203,2.120486543176266
2014-04-29,0.0025458498546184574,2.1258918611784763
2014-04-30,0.0006066515854824605,2.1271819281176367
2014-05-01,-0.0003588882393497591,2.1264186445156246
2014-05-02,-0.005001031171614144,2.115810905515763
2014-05-05,-0.0004150875361270353,2.114932841029501
2014-05-06,-0.012055357145996978,2.0895896379035666
2014-05-07,0.002985507324411781,2.09583744486858
2014-05-08,0.00015559543103841892,2.096163572970564
2014-05-09,0.00323569727360252,2.1029571087139813
2014-05-12,0.007513644888041483,2.1188174916700633
2014-05-13,0.002097461896727166,2.1232662945912817
2014-05-14,-0.006608969252032738,2.1092799614676694
2014-05-15,-0.00877392403565579,2.0908542504138268
2014-05-16,0.005892680496771905,2.103211358966108
2014-05-19,0.003074240489659397,2.1096870853541354
2014-05-20,-0.0034963195689185467,2.1023238247702127
2014-05-21,0.008454573818513066,2.1201734257981855
2014-05-22,0.0012825759447078076,2.1228944538222594
2014-05-23,0.005282030877030466,2.1341373143046343
2014-05-27,0.0039238580294827935,2.142527816946494
2014-05-28,-0.0032415220141640802,2.135594009977263
2014-05-29,0.004923565147418637,2.146134673742752
2014-05-30,0.003048141772477135,2.152686376678101
2014-06-02,-0.0013044636336303774,2.1498801063218607
2014-06-03,-0.003046913743508251,2.143339576354354
2014-06-04,0.0013672787501785042,2.1462721233592674
2014-06-05,0.01030818640945977,2.1685107193688347
2014-06-06,0.0017613821961199867,2.172333661384649
2014-06-09,0.002220408371240849,2.177162488231364
2014-06-10,0.0017617986992105334,2.1810015911413294
2014-06-11,-0.004102613739882223,2.17207211366995
2014-06-12,-0.009279838825179893,2.1520088703499116
2014-06-13,-0.00019820004718391419,2.1515823843564363
2014-06-16,0.0009508054774166519,2.1536290935295512
2014-06-17,-0.0014589247441842534,2.1504894015992218
2014-06-18,0.009896065235527787,2.171876434201191
2014-06-19,-0.0003136188620133478,2.1711953995836963
2014-06-20,-0.0009474161322911382,2.1691393481577115
2014-06-23,0.0022021244294910653,2.1739213262301695
2014-06-24,-0.004312941311119116,2.164565521156882
2014-06-25,0.005932159813877405,2.1774442312719398
2014-06-26,-0.0025742965396087585,2.1718460528993866
2014-06-27,0.002902464193361035,2.1781589152981686
2014-06-30,-0.0006745636391939974,2.1766901039525823
2014-07-01,0.010596797112080272,2.199878692754577
2014-07-02,0.003179782811233189,2.206884962513295
2014-07-03,0.0031238170663460594,2.213789646292378
2014-07-07,0.0015986888960929939,2.217331637734999
2014-07-08,-0.008969061526516445,2.19753317339609
2014-07-09,0.004363423221561966,2.207142891060661
2014-07-10,-0.0008045204924837851,2.2053679134736224
2014-07-11,0.005648664297190284,2.217860546596702
2014-07-14,0.008532419604351997,2.2368652260556225
2014-07-15,-0.003509815100156897,2.229028004353164
2014-07-16,0.003006929578586598,2.235740621717055
2014-07-17,-0.01051979837151915,2.212344358913392
2014-07-18,0.012391647637968059,2.2399295104208172
2014-07-21,-0.004613447014219908,2.2296195149043165
2014-07-22,0.003377479674941767,2.2371627408742625
2014-07-23,0.0014129619832170218,2.2403260010342847
2014-07-24,0.00030057417437326687,2.2409994863834535
2014-07-25,-0.009721469291511853,2.219319231405108
2014-07-28,0.0007959642380826761,2.221086433367675
2014-07-29,-0.004526706174586418,2.211054949614828
2014-07-30,-0.0024959775964495576,2.2055430875996533
2014-07-31,-0.0208500806126845,2.1600334251672924
2014-08-01,-0.004874950010421754,2.1495289952872985
2014-08-04,0.004687421999944017,2.159628396374814
2014-08-05,-0.008342226796619126,2.1416872252031216
2014-08-06,0.004189729262593048,2.1506791385295316
2014-08-07,-0.006681159728156679,2.1363580018538877
2014-08-08,0.008418870384923484,2.1544196456060964
2014-08-11,0.0020509688592465864,2.15884282756271
2014-08-12,-0.0013873442222529112,2.1558498460669866
2014-08-13,0.008582096092374617,2.1744311759394623
2014-08-14,0.005531236485448356,2.186491793309223
2014-08-15,-0.0005016523826013812,2.1853952095664915
2014-08-18,0.009330030410758078,2.2058804285874216
2014-08-19,0.004200676287678639,2.2151661076087428
2014-08-20,0.00043522372832890743,2.2161304102894466
2014-08-21,0.002702304480777402,2.2221271683109434
2014-08-22,-0.0012611997244647926,2.2193263886810417
2014-08-25,0.0032942998796570257,2.226649571092814
2014-08-26,0.0033647178296164026,2.2341542370664516
2014-08-27,0.0016955608635306312,2.2379455948845575
2014-08-28,-0.002207533745536368,2.2330107034369373
2014-08-29,0.0025170992610896634,2.2386384929095517
2014-09-02,0.0016291183487603985,2.2422884722715057
2014-09-03,-0.003932879809982977,2.2334871398466287
2014-09-04,0.0012052755342126047,2.2361807301854526
2014-09-05,0.00540087373732849,2.2482907328238197
2014-09-08,-0.005044622967864711,2.236977513210097
2014-09-09,-0.007318074180799182,2.2206668997590002
2014-09-10,0.007330925473642769,2.2370062614479296
2014-09-11,0.0006698051234413704,2.2385051216190917
2014-09-12,-0.00442945639836381,2.2286116882271134
2014-09-15,0.0002142962525747498,2.2290893225361383
2014-09-16,0.00586220737335822,2.2421950832098916
2014-09-17,0.0022855029498542114,2.2473254872302455
2014-09-18,0.005840906451416394,2.2604903150029854
2014-09-19,0.004607091375256745,2.2709286271029
2014-09-22,-0.005260032760537147,2.259014829080626
2014-09-23,-0.0037841694527510528,2.250482488264726
2014-09-24,0.007227866822791295,2.266807602782323
2014-09-25,-0.0179374503544036,2.22650935832214
2014-09-26,0.006689265968184988,2.2414529968643366
2014-09-29,-0.002792149966612673,2.235203253125167
2014-09-30,0.0023119616847313423,2.2403769357774936
2014-10-01,-0.012264075620433816,2.2130685817592464
2014-10-02,0.0001788240441384524,2.213464367019898
2014-10-03,0.008907014854423075,2.2332677907864396
2014-10-06,0.0020936744816124394,2.2379484247227452
2014-10-07,-0.011989619526526468,2.2112764872902444
2014-10-08,0.018002151704601847,2.251444694358901
2014-10-09,-0.015656691514359073,2.2164690353377394
2014-10-10,-0.00402512314266698,2.2075654056526424
2014-10-13,-0.013544481233715903,2.1778666585306725
2014-10-14,-0.003111234244688123,2.171101334912781
2014-10-15,-0.011140034088494153,2.1470494103989584
2014-10-16,-0.011267933286108396,2.1229923918559956
2014-10-17,0.006693248402203147,2.1372497681442133
2014-10-20,0.0026766305098191332,2.1429780589197045
2014-10-21,0.0030783296154766188,2.1495850157218346
2014-10-22,-0.0008253053512550824,2.147811683576292
2014-10-23,0.008742004436287264,2.166670173241436
2014-10-24,-0.0018380587713632938,2.162691363887762
2014-10-27,0.0020696030380435502,2.1671719113828907
2014-10-28,0.008560115003339865,2.18580277959812
2014-10-29,0.0030242215268990753,2.192423137085783
2014-10-30,0.005478444359437203,2.2044671664034303
2014-10-31,0.008295493704356342,2.2228303705203283
2014-11-03,0.0014613142407848589,2.2260809987117924
2014-11-04,6.315838922181294e-05,2.2262215988419407
2014-11-05,-6.886917309801449e-05,2.2260682860806176
2014-11-06,0.0011604889827970136,2.2286531133432588
2014-11-07,0.0028813859907501054,2.235083983662815
2014-11-10,0.005398703642850894,2.247183170282037
2014-11-11,0.0029284578069947755,2.2537735965635615
2014-11-12,0.0013380225990712788,2.25679121493954
2014-11-13,0.009025004859753006,2.2772509523651707
2014-11-14,0.004043185339511834,2.28647693864804
2014-11-17,-0.0016443214302888937,2.282720325004545
2014-11-18,0.0034420632743451134,2.290591130935886
2014-11-19,0.0006695511990520498,2.292125312523389
2014-11-20,0.000328960382596875,2.292879454977851
2014-11-21,0.0027877326717527136,2.299280307734735
2014-11-24,0.0014619240968170835,2.302644139256024
2014-11-25,-0.0016705227435893097,2.29880073099526
2014-11-26,0.005493260351019902,2.3114633897039893
2014-11-28,0.0073255590643636435,2.328458323986805
2014-12-01,-0.012672557120041096,2.299136983456639
2014-12-02,0.0009222984188920706,2.3012584520244674
2014-12-03,-0.0036460606782657136,2.2928832016856906
2014-12-04,-0.001131081079745014,2.290291231019024
2014-12-05,-0.0030244692697875674,2.2833747801408144
2014-12-08,-0.005858229045506074,2.270037352678234
2014-12-09,-0.0032450614258737053,2.2626828813391975
2014-12-10,-0.014225929044187749,2.2307219909102445
2014-12-11,0.002552086382368223,2.2364222568177072
2014-12-12,-0.01681362045413408,2.199134253417072
2014-12-15,-0.006748145298613019,2.1843441350032093
2014-12-16,-0.01310610226597729,2.1559026827907384
2014-12-17,0.017555261023808683,2.1940842805012113
2014-12-18,0.02274046912332146,2.2445504234454563
2014-12-19,-0.0019039653811161125,2.240280942904388
2014-12-22,0.011858596844517604,2.267005677166761
2014-12-23,-0.00032963410979583235,2.2662585179198182
2014-12-24,-0.0022092345268635303,2.261257347768226
2014-12-26,0.006813101772136669,2.2767161255270936
2014-12-29,-0.002699693014139184,2.270577980189948
2014-12-30,-0.003407914442345486,2.2628532148446863
2014-12-31,-0.009438832253849458,2.241595007090186
2015-01-02,-0.00478873225782513,2.2308862698727805
2015-01-05,-0.011694117217635993,2.2049499709636953
2015-01-06,-0.001728138410495457,2.2011428028298927
2015-01-07,0.010392768496041184,2.224138055600337
2015-01-08,0.018418814371398185,2.265483641037497
2015-01-09,-0.006934266091951355,2.249828515775811
2015-01-12,-0.004916622954549981,2.238794105496838
2015-01-13,0.0002829411763171595,2.2394276421571564
2015-01-14,-0.007562075210711979,2.22255679161508
2015-01-15,-0.00820133808759737,2.204403394773248
2015-01-16,0.008998420317917045,2.2243290583668878
2015-01-20,0.0027410059879914486,2.23043432109352
2015-01-21,0.0013115029886626678,2.2333614614287325
2015-01-22,0.012951664855614858,2.262475340202863
2015-01-23,-0.00703723622012831,2.2466096575458567
2015-01-26,-0.0005373486277484814,2.2454027692182215
2015-01-27,-0.017843051502055757,2.205693254954033
2015-01-28,-0.004332125440662416,2.196158582699745
2015-01-29,0.010226322710150875,2.2187324361176133
2015-01-30,-0.01972316128759701,2.1754007420922425
2015-02-02,0.010825031078204725,2.199077442034207
2015-02-03,0.010693756989805719,2.222720030542722
2015-02-04,0.0078807365484027,2.240305905331766
2015-02-05,0.008701625685849245,2.2598852713560627
2015-02-06,-0.0019198659035597017,2.2555507568523083
2015-02-09,-0.004811713679090016,2.2447237615118776
2015-02-10,0.01214426250696001,2.272150477667009
2015-02-11,0.003612567304149706,2.280373618574623
2015-02-12,0.0027551686871742243,2.286665095624
2015-02-13,0.0004223254704945471,2.287631016488508
2015-02-17,0.0005247962355797503,2.2888318717089455
2015-02-18,0.0006329882249170909,2.290281133967134
2015-02-19,-0.0006165389316284796,2.2888695216853483
2015-02-20,0.0038859026125417965,2.297781149384138
2015-02-23,0.0010224120232086725,2.3001316298329546
2015-02-24,0.0017605549621451575,2.3041847047711475
2015-02-25,-0.0008573270462661985,2.302210111461225
2015-02-26,0.0036256701659491616,2.310572316115631
2015-02-27,-0.003441842472563771,2.3026333603369435
2015-03-02,0.005809288826309365,2.3160489523838113
2015-03-03,-0.0025597096797314654,2.310128120499835
2015-03-04,-0.0046681204451638125,2.299369295472555
2015-03-05,-0.00031026216348701966,2.298655998840486
2015-03-06,-0.013663634459659606,2.2674616032511414
2015-03-09,0.0026967848136355732,2.273584711910579
2015-03-10,-0.01738453445226487,2.2344010815833353
2015-03-11,-0.005195475041069948,2.2228224109246426
2015-03-12,0.01760029440044177,2.262291050751101
2015-03-13,-0.005468806427247251,2.249952787450159
2015-03-16,0.011582858177700576,2.276165185679667
2015-03-17,-0.0010050261373590345,2.273878729341761
2015-03-18,0.010041404202617912,2.2968266868095935
2015-03-19,-0.00416225079009773,2.287286586036678
2015-03-20,0.008325778425467514,2.306409523553412
2015-03-23,0.00368858888227163,2.314932629533379
2015-03-24,-0.005520334905478666,2.302188634059722
2015-03-25,-0.015992346159027872,2.26566407166507
2015-03-26,-0.0008395984459274962,2.263762621970309
2015-03-27,0.0001254150497700478,2.2640465496762423
2015-03-30,0.011053687974455667,2.289211439990299
2015-03-31,-0.008952690282358582,2.268808306720584
2015-04-01,-0.003697584975178601,2.260434685841905
2015-04-02,0.003349361296800757,2.2680183914880594
2015-04-06,0.005247262696193207,2.2799505580160377
2015-04-07,-0.0028749581587761315,2.2734052088684487
2015-04-08,0.002442637449916481,2.278965101206673
2015-04-09,0.0033697555747189607,2.2866576102194216
2015-04-10,0.002790967102479235,2.29304851063209
2015-04-13,-0.0026371032251411783,2.287009471294135
2015-04-14,-2.7802771431625887e-05,2.286945886976457
2015-04-15,0.0011554665543944721,2.289589903702847
2015-04-16,-0.0012716643536871547,2.286680164335781
2015-04-17,-0.010953905238944897,2.2617687740964736
2015-04-20,0.011436014218313405,2.287782859164132
2015-04-21,-0.001618720699974832,2.284082573365539
2015-04-22,0.006706934189687476,2.299453252316818
2015-04-23,-0.0001117635128967924,2.2991962717043926
2015-04-24,0.001824339380277909,2.30339461444243
2015-04-27,0.0002412495261288996,2.3039503743373624
2015-04-28,-0.0018551549937259719,2.2996801514824403
2015-04-29,-0.0051080391363204575,2.287963245950166
2015-04-30,-0.009667944816844184,2.265949926786406
2015-05-01,0.01025569507278909,2.2893083921998687
2015-05-04,0.0032002897951436933,2.29664657838349
2015-05-05,-0.009884581689459259,2.2740570157817914
2015-05-06,-0.004262191297038283,2.2643851760175626
2015-05-07,0.0026494412171393796,2.270392485927578
2015-05-08,0.010977956824868495,2.295454067401299
2015-05-11,-0.007210981046170091,2.2789611282317206
2015-05-12,-0.0023937510202938265,2.273512386772813
2015-05-13,0.0008873435400107038,2.2755306686246026
2015-05-14,0.013563634555586238,2.3066054017903963
2015-05-15,-0.00018639520132757853,2.30617550167905
2015-05-18,0.00287729451983503,2.3128206031844134
2015-05-19,-0.0027200218860546246,2.3065382284969123
2015-05-20,-0.0015364519742459286,2.3029970643929847
2015-05-21,0.0012510778367085201,2.3058800960507138
2015-05-22,-0.0022327532823532186,2.300737378044249
2015-05-26,-0.010101684774830642,2.2776130482878156
2015-05-27,0.007957177169866462,2.2958087159056006
2015-05-28,-0.0008940875309068294,2.2937569793120933
2015-05-29,-0.006484917756525113,2.2789302808681278
2015-06-01,0.002593326757288653,2.284847961666941
2015-06-02,-0.0014948362534611933,2.281435039615525
2015-06-03,0.003557773576365911,2.2895663249747797
2015-06-04,-0.008625140729774364,2.2699034128025617
2015-06-05,-0.006142878053232573,2.2560024127319935
2015-06-08,-0.005467875572006175,2.2437005354658925
2015-06-09,0.00045504338625487186,2.244721748885878
2015-06-10,0.009752398391341382,2.2667202644476485
2015-06-11,0.0014244798852090514,2.269951462711836
2015-06-12,-0.007239980129383934,2.25357640828942
2015-06-15,-0.005796096725804987,2.240552242572049
2015-06-16,0.007270720699971122,2.256902037512353
2015-06-17,0.002987019404965476,2.26365352608731
2015-06-18,0.010248292426685988,2.286971389432134
2015-06-19,-0.006436923889425408,2.272297606339613
2015-06-22,0.006341175083379591,2.286752425135087
2015-06-23,0.003924655942763944,2.2957447760293395
2015-06-24,-0.0025919787733503443,2.28980195945521
2015-06-25,-0.002972344718503768,2.283005983689383
2015-06-26,0.0006392729602202019,2.2844659142801325
2015-06-29,-0.017558286258829763,2.2447046987159336
2015-06-30,0.00028396074188146255,2.2453421972354786
2015-07-01,0.010517134754275036,2.2690813789641138
2015-07-02,8.891334604151288e-05,2.2692831395514297
2015-07-06,-4.9886117393531876e-05,2.269169936649981
2015-07-07,0.008125085695992131,2.2876822420340486
2015-07-08,-0.013228857597258307,2.2576181148953616
2015-07-09,-0.00048670807667378313,2.256519581279074
2015-07-10,0.01320897371102523,2.2865236140971286
2015-07-13,0.012860965812698678,2.3161204299940583
2015-07-14,0.0014613476265515261,2.3195075613726597
2015-07-15,0.0026273542177645223,2.3256097421320727
2015-07-16,0.008322957774546183,2.345046467135652
2015-07-17,0.00459110394836058,2.3558375718168816
2015-07-20,0.007823821693018089,2.3743415163088395
2015-07-21,-0.005071643869127134,2.362330186055005
2015-07-22,-0.008212002189202617,2.343010162008934
2015-07-23,-0.005170280017763802,2.330927405919202
2015-07-24,-0.005259376421086637,2.3187003627768283
2015-07-27,-0.008035871812887077,2.3001422490665977
2015-07-28,0.007919129428220222,2.3184296879670687
2015-07-29,0.0075391206325067335,2.335974662801331
2015-07-30,-0.005776063939032431,2.3225208163326854
2015-07-31,-0.00237114317931852,2.317020310760481
2015-08-03,-0.00039435693984292446,2.316106757865977
2015-08-04,-0.003501020924157169,2.3080121975246866
2015-08-05,-0.004280395557231785,2.2981541056861023
2015-08-06,-0.007854505830930602,2.280173945935213
2015-08-07,-0.003374325219066785,2.2724928640079236
2015-08-10,0.010726668283793508,2.297000347974555
2015-08-11,-0.010741948076536702,2.2724581410532316
2015-08-12,0.0019929069773834776,2.276991454473917
2015-08-13,-0.0027190776323931898,2.2708085476521105
2015-08-14,0.002516567633834218,2.2765303876246517
2015-08-17,0.0035733128195150616,2.284679694182319
2015-08-18,-0.00567606093214938,2.271748447018976
2015-08-19,-0.00695823345997789,2.2559959592632812
2015-08-20,-0.02231280559755367,2.2062157928674413
2015-08-21,-0.03235705035274751,2.1359717312507556
2015-08-24,-0.03604959503505578,2.060342212427211
2015-08-25,-0.009253986260595143,2.0413637824032533
2015-08-26,0.03987617634868733,2.124410350238262
2015-08-27,0.021902976216250248,2.1714545832348753
2015-08-28,-0.0013516515161465237,2.1685215160441103
2015-08-31,-0.007569560911175044,2.1521687301278476
2015-09-01,-0.026303875119936856,2.0962964034053546
2015-09-02,0.01912187936950309,2.136767236387212
2015-09-03,-0.0026084953292515633,2.13120075226163
2015-09-04,-0.013395313584013292,2.1028430043658175
2015-09-08,0.02457049820719456,2.1551508884841866
2015-09-09,-0.014110667445215814,2.124953822426516
2015-09-10,0.006776336848009361,2.139402123303281
2015-09-11,0.006687367313283218,2.153757035922356
2015-09-14,-0.0011136331705907754,2.1513598756720866
2015-09-15,0.009541230230385549,2.171984732342057
2015-09-16,0.00478948254173696,2.1824123668518376
2015-09-17,-0.0034330702894431807,2.1749328380161224
2015-09-18,-0.011542734249249712,2.1499724986702136
2015-09-21,0.006537432351559337,2.16407384150348
2015-09-22,-0.010608496557850192,2.1412376147869385
2015-09-23,0.0005776614626898358,2.142474882566015
2015-09-24,0.0019752234316548624,2.146710931349951
2015-09-25,-0.0020024822125793277,2.142416482108521
2015-09-28,-0.015596900579704615,2.1092606613866325
2015-09-29,-0.0026576427851854817,2.103662442336106
2015-09-30,0.014190047023844866,2.1337263107044935
2015-10-01,-0.0007855725630849979,2.132050772072428
2015-10-02,0.009550125913409922,2.1525096623931157
2015-10-05,0.014541045351634871,2.1840380755224595
2015-10-06,-0.00376635308392764,2.1758276882955703
2015-10-07,0.005410701419388114,2.1876323492056273
2015-10-08,0.0041961524392246305,2.1968312745727796
2015-10-09,0.004199095062122188,2.2060753727707367
2015-10-12,0.0027113456397542114,2.212064921813213
2015-10-13,-0.0024395482974095433,2.206675059687031
2015-10-14,-0.012508314117837193,2.179245183273853
2015-10-15,0.015093959989152226,2.2123881227404723
2015-10-16,0.00424532080623032,2.2218003849695043
2015-10-19,0.002965335497537896,2.2283985465659777
2015-10-20,-3.7892681313012466e-05,2.228314108169823
2015-10-21,-0.003246608280544901,2.221091376169589
2015-10-22,0.019574912541030925,2.2649973716420293
2015-10-23,0.012392408894368916,2.2932407857357
2015-10-26,-0.0012875864942461358,2.29028994001416
2015-10-27,-0.0008189520685545606,2.2884150701492594
2015-10-28,0.00968136436705166,2.310677642416587
2015-10-29,0.002478638587350827,2.31641208104858
2015-10-30,-0.010793357465908981,2.2915446603137193
2015-11-02,0.010720849893863285,2.316244129721671
2015-11-03,0.0014987796966586158,2.3197182722325898
2015-11-04,-0.0032579170116972863,2.3121731200247058
2015-11-05,0.005804864252157465,2.3256340026133664
2015-11-06,-0.0012281727753875211,2.322779475530882
2015-11-09,-0.006461147802055496,2.307820033652309
2015-11-10,0.0013721967511561594,2.3109889905236596
2015-11-11,-0.00037723038288291845,2.31011737967131
2015-11-12,-0.01069977691136445,2.2855314058477414
2015-11-13,-0.015048465859051122,2.251395157793759
2015-11-16,0.012438482378679295,2.279573984402223
2015-11-17,0.0020560108035995272,2.2842656345307297
2015-11-18,0.017310347386301703,2.324151287474348
2015-11-19,0.0010187507168480663,2.3265202247379095
2015-11-20,0.0004538407833766355,2.3275763341338767
2015-11-23,-0.0036538001277371572,2.319087353390532
2015-11-24,-0.00010850228735099624,2.3188357407586424
2015-11-25,-5.668683217195031e-05,2.318704297031771
2015-11-27,-0.0032456487443796108,2.3111907970281957
2015-11-30,-0.006981560684147557,2.2951112736228585
2015-12-01,0.011817635617908969,2.322394959156105
2015-12-02,-0.008950108225824241,2.301702013114722
2015-12-03,-0.010679674563387684,2.2772513794714095
2015-12-04,0.021892060329213585,2.327654808487438
2015-12-07,-0.0009492969494412372,2.325446221346765
2015-12-08,-0.0061416407400201045,2.3112079340729696
2015-12-09,-0.00958769989318998,2.2891546550559463
2015-12-10,0.0030210234131120123,2.296080701471702
2015-12-11,-0.01627677487615849,2.259010423506823
2015-12-14,0.00988638616833433,2.281454636179773
2015-12-15,0.008411853503494052,2.300726842200569
2015-12-16,0.014649116856869732,2.334678532549734
2015-12-17,-0.013015539213199066,2.304488329638589
2015-12-18,-0.021908450047497374,2.254549599719347
2015-12-21,0.005858674739683403,2.2677970408407653
2015-12-22,0.007541220223828014,2.2849636449644626
2015-12-23,0.004640916547513151,2.2955926155602864
2015-12-24,-0.001130704679413951,2.292998445144544
2015-12-28,0.0003076923265594005,2.29370409172638
2015-12-29,0.009098395381439134,2.3146683443509604
2015-12-30,-0.0063806342186878305,2.2999463102130013
2015-12-31,-0.01222897773002634,2.2719915951788185
2016-01-04,-0.024325083015787428,2.217391973414713
2016-01-05,-0.001204859770086952,2.214721935864851
2016-01-06,-0.009201148835381067,2.1944374132687376
2016-01-07,-0.02499946552208963,2.140257704406974
2016-01-08,-0.006862655206432709,2.1256201374637844
2016-01-11,0.005664976523803997,2.137695897795886
2016-01-12,0.009460149001006118,2.1580147777887033
2016-01-13,-0.027369206199705093,2.0997525585441887
2016-01-14,0.018512485884309576,2.138986234095543
2016-01-15,-0.028292187656770808,2.079317691050593
2016-01-19,0.000875700637922322,2.081139348375918
2016-01-20,-0.008436756790136632,2.0636551405605066
2016-01-21,0.004391339597097421,2.072737277873722
2016-01-22,0.02557557915737817,2.126432449909526
2016-01-25,-0.010555355635798094,2.1041052422731337
2016-01-26,0.011296956349655869,2.128009998615672
2016-01-27,-0.01833512616177147,2.0893481845314894
2016-01-28,0.02592997607305413,2.144233444500154
2016-01-29,0.01974559876669241,2.1869933888167985
2016-02-01,-0.0016581105759826858,2.1833701166722594
2016-02-02,-0.01477483328997525,2.1513483279988694
2016-02-03,-0.0026709571161325067,2.14560983591759
2016-02-04,-0.00541020659146282,2.1340329882475584
2016-02-05,-0.028468609836675797,2.0741366635281056
2016-02-08,-0.014230969695609223,2.0448287223561166
2016-02-09,0.0009352990616945735,2.0467421434124358
2016-02-10,0.0018578190260566522,2.0505481542528745
2016-02-11,-0.001990685044322459,2.046470218998581
2016-02-12,0.010851534594490293,2.0687984902741996
2016-02-16,0.013098894282231799,2.0960757237682612
2016-02-17,0.01570962268074593,2.129264289870402
2016-02-18,-0.007417367681265863,2.1135291824224844
2016-02-19,0.003368984329136419,2.1206616369348334
2016-02-22,0.016647775632831336,2.156261442650002
2016-02-23,-0.013383169296579145,2.127596075298792
2016-02-24,0.00472337304608119,2.1376692762688165
2016-02-25,0.010666834352404462,2.160593487358271
2016-02-26,-0.00567387618864423,2.14836925958884
2016-02-29,-0.00676576380930394,2.133882961299467
2016-03-01,0.027349153063284976,2.1930482251510712
2016-03-02,0.000579828887278146,2.194320186587564
2016-03-03,-0.0007702090040984474,2.1926307521143182
2016-03-04,-0.001064285161380272,2.190298409099642
2016-03-07,-0.009205277559516237,2.1702286200164176
2016-03-08,-0.006259013076350961,2.1566875517728588
2016-03-09,0.007216829024218384,2.172308295413325
2016-03-10,-0.0016977186544844915,2.168623455892359
2016-03-11,0.015155898136788415,2.201741222908345
2016-03-14,0.0010905854478836083,2.204143719671936
2016-03-15,0.0024671939391870848,2.2095884835805886
2016-03-16,0.002733742305568962,2.215637193135645
2016-03-17,0.0012976236948941773,2.218514122639005
2016-03-18,-0.0004832955783951787,2.217442183625484
2016-03-21,0.003088494914725643,2.2243013292992413
2016-03-22,0.0008291601301505922,2.226146396101144
2016-03-23,0.0009072762090109449,2.2281670422675908
2016-03-24,0.002654380672565635,2.2340893022888793
2016-03-28,-0.0013105608118434856,2.231163310163248
2016-03-29,0.013949548289792366,2.262505124344268
2016-03-30,0.004834777273864504,2.2734703184778087
2016-03-31,-0.004820509655051405,2.2625374051352294
2016-04-01,0.008831588991827457,2.2826077014282427
2016-04-04,-0.0023828870314551564,2.2771749804893955
2016-04-05,-0.006237192829855107,2.263016003066684
2016-04-06,0.014807027145331953,2.2967738523736343
2016-04-07,-0.010419171434576158,2.2729676078955663
2016-04-08,-0.0015210798234080957,2.269512870859434
2016-04-11,-0.0046825259692827755,2.258910659840271
2016-04-12,0.009433641515459687,2.2803212443264944
2016-04-13,0.010584817439017758,2.3045862220293074
2016-04-14,0.0020530247548838556,2.309322454730822
2016-04-15,-0.002266975605832021,2.3040932065884383
2016-04-18,0.008223458135838685,2.323118942065243
2016-04-19,0.0031127788947651926,2.3303615641707
2016-04-20,0.0009713547011770132,2.3326262715705206
2016-04-21,-0.0024557231401766072,2.326905015044268
2016-04-22,-0.013390924391851012,2.2959533044412703
2016-04-25,0.0003671321669844457,2.2967963775033757
2016-04-26,-0.0061991535572007645,2.2826022253900495
2016-04-27,-0.007175520016748007,2.2662819905421507
2016-04-28,-0.0032270776830909532,2.2589803103880772
2016-04-29,0.005710079911207243,2.2719161657142615
2016-05-02,0.01076589602389947,2.296507515365825
2016-05-03,-0.004137793968564168,2.2870246729739185
2016-05-04,-0.002080958861491163,2.2822704171353014
2016-05-05,0.0007862838704630925,2.284065635235358
2016-05-06,0.006770519895172814,2.299582416123476
2016-05-09,0.0022802863773567074,2.3048321057036523
2016-05-10,0.0122890111723105,2.33333096595016
2016-05-11,-0.009865483484295605,2.3104247042994857
2016-05-12,0.000614018302171136,2.31184378297927
2016-05-13,-0.00754473578169421,2.294467165887914
2016-05-16,0.00735004856661631,2.3113937403616602
2016-05-17,-0.0110252587495929,2.286049993708137
2016-05-18,0.002291208506174763,2.291293815950312
2016-05-19,-0.0033036142464407565,2.2837367547377605
2016-05-20,0.006991253440879195,2.2997588792888526
2016-05-23,-0.004445700012226814,2.2895575340731757
2016-05-24,0.014056261928550322,2.3219674016437555
2016-05-25,0.005945152493430142,2.3358129681526765
2016-05-26,0.0025192836814756734,2.341704962332446
2016-05-27,0.003634087137245803,2.3502304039314454
2016-05-31,-0.0010855835916330357,2.3476804167309404
2016-06-01,-0.0018355478048263816,2.3433750896212437
2016-06-02,0.0031110730016577575,2.3506768528652255
2016-06-03,-0.0028704923121573855,2.343938928237685
2016-06-06,0.004256465153337864,2.3539370859170337
2016-06-07,-0.0010401720845385728,2.3514898592605786
2016-06-08,0.00464230790429898,2.3624315769820083
2016-06-09,0.0010105431427721153,2.364820122673366
2016-06-10,-0.007050849871701891,2.348204776007495
2016-06-13,-0.011010907579887026,2.3224907374882093
2016-06-14,0.003220707044629581,2.3299828582543056
2016-06-15,-0.003763507967631277,2.3212304294513646
2016-06-16,0.0022634357672137125,2.326490335913936
2016-06-17,-0.011720873178546157,2.2993810205126746
2016-06-20,0.0048638762505795055,2.3105921679641876
2016-06-21,0.004231556853389095,2.3203902861144474
2016-06-22,-0.0037609628896706064,2.31167977458153
2016-06-23,0.010286813173965724,2.3355823222846634
2016-06-24,-0.029729000767718866,2.2671697509143374
2016-06-27,-0.012429886188902442,2.239163506737695
2016-06-28,0.019609386812154794,2.283505468532491
2016-06-29,0.012894227732647862,2.3131401556847684
2016-06-30,0.005357526593687082,2.3255661220845383
2016-07-01,0.0035378560173276335,2.3338082112488316
2016-07-05,0.0002385495178778395,2.334365006481421
2016-07-06,0.005912172195710315,2.3482070523273757
2016-07-07,-0.000704504952085103,2.3465533114332144
2016-07-08,0.01188336748574454,2.3746046085909533
2016-07-11,0.004325965319301811,2.3848993169959662
2016-07-12,0.0029794415968064742,2.392015581207724
2016-07-13,-0.001804475658051276,2.387703139336104
2016-07-14,0.0061286634098922255,2.4023815016269072
2016-07-15,-0.0019355670205022184,2.3977360284843225
2016-07-18,0.005598708853365468,2.4111979038111904
2016-07-19,0.0024740667034095685,2.4171707538283624
2016-07-20,0.005202708405151458,2.4297793594341908
2016-07-21,-0.0035635308385349885,2.4211361750295652
2016-07-22,0.0028911348245687983,2.4281461346265494
2016-07-25,-0.003813820795814092,2.4189032569459026
2016-07-26,-0.0034938150813477787,2.4104668025540588
2016-07-27,0.005350102766673888,2.423397607386901
2016-07-28,0.00488005066558,2.4352528139706524
2016-07-29,0.0026799632654741458,2.441787955111941
2016-08-01,0.004007505124135075,2.451593066749084
2016-08-02,-0.007388571770600747,2.4335460483686884
2016-08-03,-0.001032136007985013,2.431035593653298
2016-08-04,0.0030013084709952505,2.438342841541097
2016-08-05,0.007827724458854268,2.457504415360002
2016-08-08,-0.0012801533242839801,2.4543604457241863
2016-08-09,0.0022754834013103942,2.4599516611256567
2016-08-10,-0.0006940316025033786,2.45824496924976
2016-08-11,0.002003378261261045,2.463174700191111
2016-08-12,-0.0017083741054014277,2.4589702687097272
2016-08-15,0.0010368135367741678,2.461521084502516
2016-08-16,-0.005889042975034691,2.4470676811798855
2016-08-17,0.0042571510587828465,2.4575074239638486
2016-08-18,-0.0015653686208991506,2.453663528298494
2016-08-19,-0.002770076970108255,2.446876096660574
2016-08-22,-0.0012768832094122412,2.4437537155394846
2016-08-23,0.0020103602175859632,2.448671482375904
2016-08-24,-0.00450477503676686,2.4376655763860304
2016-08-25,-0.0004199169710481002,2.4366421741277926
2016-08-26,0.0017135330485498796,2.4408210202936638
2016-08-29,0.004752604334012041,2.4524488862896403
2016-08-30,-0.0032387603139899216,2.444518840854753
2016-08-31,-0.0011263635699235754,2.4417669739786616
2016-09-01,0.0008721204442915431,2.443897417743612
2016-09-02,0.004132960139246029,2.454018849685623
2016-09-06,0.006933745739473636,2.471093519731615
2016-09-07,0.001581358758691876,2.47500429646814
2016-09-08,-0.004204561070830313,2.4646198361002996
2016-09-09,-0.021331144919433335,2.4126034303009565
2016-09-12,0.014820778226956637,2.448626375346857
2016-09-13,-0.01002881545475531,2.4241922806165537
2016-09-14,0.0022921919744308284,2.4297553681031334
2016-09-15,0.010340722451468614,2.455011150456656
2016-09-16,-0.0007383330106531874,2.4531992036751262
2016-09-19,-0.0037031164505368884,2.444131521052044
2016-09-20,0.002189286539737705,2.4494882869005457
2016-09-21,0.00744815433516776,2.467800565385696
2016-09-22,0.00623898358202668,2.483245262102883
2016-09-23,-0.005874178379657128,2.468700996101278
2016-09-26,-0.009640448425168863,2.445015962082496
2016-09-27,0.009061130210341849,2.4672712468271603
2016-09-28,0.005345410601911014,2.480495136780893
2016-09-29,-0.010638565269936442,2.4542461009764858
2016-09-30,0.008041069671397241,2.4740604222701257
2016-10-03,-0.0014060179391086577,2.4705842932565103
2016-10-04,-0.001032988553393438,2.4680335256450747
2016-10-05,0.004137626650141633,2.478266482412567
2016-10-06,-0.00025432878881220995,2.4776362680439665
2016-10-07,-0.0009117820854873337,2.475378233254679
2016-10-10,0.006050725521661512,2.490401472419743
2016-10-11,-0.009902385558252829,2.4658622557576715
2016-10-12,0.0017789529209487126,2.47025281275942
2016-10-13,-0.004901395677863808,2.4581747501615863
2016-10-14,0.0004815164906598859,2.4593586868603596
2016-10-17,-0.0023428064624798953,2.4536036295602797
2016-10-18,0.0014502062762272035,2.4571644422756544
2016-10-19,0.0029027734152230595,2.464307396068112
2016-10-20,-0.0029490476817591953,2.4570507414240614
2016-10-21,0.003597448517373214,2.465905773181461
2016-10-24,0.009141143391701096,2.488550312251674
2016-10-25,-0.002440931405237253,2.482483339185857
2016-10-26,-0.004635857754516862,2.471001534118081
2016-10-27,-0.0019704503539692214,2.466137342168733
2016-10-28,-0.006657884012578303,2.4497726234355324
2016-10-31,-0.00021071211035081098,2.4492564810568034
2016-11-01,-0.008569955948455629,2.42835614629888
2016-11-02,-0.011052936616780808,2.4016634677204904
2016-11-03,-0.0089529133747677,2.3802575483911967
2016-11-04,-0.004207887946956802,2.3702627346184824
2016-11-07,0.02087091526267847,2.4202521349909283
2016-11-08,0.005179174680200714,2.4328195599204556
2016-11-09,0.007194394725241456,2.450385335926955
2016-11-10,-0.010829959196441202,2.423990945785731
2016-11-11,-0.0029590567520413344,2.416828820803833
2016-11-14,-0.017140164759941165,2.375756971273026
2016-11-15,0.010745950712325567,2.4014244020678572
2016-11-16,0.0054552738303433115,2.4145606280410585
2016-11-17,0.005239350552198779,2.427244556359009
2016-11-18,-0.004141242870530925,2.417213531935054
2016-11-21,0.011573274166980176,2.4453511147773863
2016-11-22,-0.0031528911119546358,2.43765333049661
2016-11-23,-0.002158338074514345,2.4323977242287254
2016-11-25,0.004402948834123016,2.4431310587744948
2016-11-28,-0.004450045993664771,2.4322831679026984
2016-11-29,0.001498347620702654,2.4359303052576573
2016-11-30,-0.010331170522825594,2.4108938445492485
2016-12-01,-0.010696174690811511,2.3852439253812507
2016-12-02,0.0011059323328488995,2.387883302977557
2016-12-05,0.010311031479600647,2.412632217030548
2016-12-06,0.0020587190043846507,2.4176042650951644
2016-12-07,0.009897977197373365,2.4416524749666437
2016-12-08,0.002255354307039873,2.447165480946363
2016-12-09,0.01108059567304482,2.4744323196092894
2016-12-12,0.00035565186879036166,2.475312512599817
2016-12-13,0.01016335897238864,2.50059827873829
2016-12-14,-0.003427987988675756,2.492040933492482
2016-12-15,0.001900072546679557,2.496780493383302
2016-12-16,-0.0031088284583136823,2.4890304840978845
2016-12-19,0.0041509102098974265,2.4993836989140807
2016-12-20,0.001890569715696888,2.5041134275752683
2016-12-21,-0.00252771177281681,2.4977917436473036
2016-12-22,-0.0032046567567881263,2.4897999907109885
2016-12-23,-0.00016231456374656627,2.4893958927080626
2016-12-27,0.003292390832460169,2.497605464066451
2016-12-28,-0.005189954635876688,2.4846765841802925
2016-12-29,-0.0007450047337396829,2.4828261777296348
2016-12-30,-0.007045987191696866,2.465393702900226
2017-01-03,0.00693475325800599,2.4825500185666347
2017-01-04,0.0029953420973222377,2.4899972530853924
2017-01-05,0.004101761800485243,2.500231603786852
2017-01-06,0.0031150668062140435,2.5080321355446347
2017-01-09,-0.0033619179248200173,2.4996144949888155
2017-01-10,0.00020020150224989974,2.5001149716621773
2017-01-11,0.0024975753021613534,2.506367001275388
2017-01-12,-0.00040322730827124364,2.5053565693864797
2017-01-13,0.001794181767931189,2.5098556693600953
2017-01-17,-0.007687471303624997,2.4906351989891213
2017-01-18,0.0019854723170606046,2.4955851986461393
2017-01-19,-0.002050404632903578,2.4904734815281326
2017-01-20,0.0038752452171847717,2.5001434015300497
2017-01-23,0.0021438427877674437,2.5055090654446697
2017-01-24,0.0013859577776325145,2.5089840027227805
2017-01-25,0.010414588645283128,2.5352505794107465
2017-01-26,0.0013753397259223736,2.5387398091358975
2017-01-27,0.0035206315499423223,2.5476935287305533
2017-01-30,-0.006142315317164956,2.532092753235587
2017-01-31,-0.005220084661572148,2.51890945359913
2017-02-01,0.002781955032345613,2.5259267027396723
2017-02-02,-0.0037862417556848217,2.5163810161281916
2017-02-03,0.007552773057629049,2.5354586246040736
2017-02-06,-0.0024738501954203107,2.52919403181707
2017-02-07,-0.00044228029195929515,2.5280756664759614
2017-02-08,0.0002637616769054978,2.52874256390022
2017-02-09,0.007061851063587112,2.5466633698203776
2017-02-10,0.0018077328270164428,2.5512712204199257
2017-02-13,0.0053009583583492,2.564831311907001
2017-02-14,0.006257574013805974,2.5809312544294305
2017-02-15,0.006944946409968533,2.598918070119412
2017-02-16,0.001821378649467296,2.6036559974740974
2017-02-17,0.0023680127653841823,2.6098287938586155
2017-02-21,0.00597571747508291,2.625471083793933
2017-02-22,0.0007687759483409573,2.6274902588633857
2017-02-23,0.002896360791839684,2.6351114501621433
2017-02-24,0.000380204751975221,2.6361135225417485
2017-02-27,-0.00044779999438725247,2.6349333351848174
2017-02-28,-0.0010096978064477288,2.6322741914678485
2017-03-01,0.01704952463675102,2.6775379817413794
2017-03-02,-0.005856909779535675,2.661901718141684
2017-03-03,0.002258635469624561,2.6679207786518946
2017-03-06,-0.0022195446503130403,2.662005776094615
2017-03-07,-0.0011830076269311483,2.6588584649721483
2017-03-08,0.0005903025528559285,2.66042845925193
2017-03-09,0.00338903929688382,2.6694600514128295
2017-03-10,0.0023242319580182276,2.675671711648282
2017-03-13,0.0012584522368878628,2.679041036321402
2017-03-14,-0.002238839763169689,2.673049801931554
2017-03-15,0.005016876573592077,2.686493858250677
2017-03-16,-0.0008302162709210088,2.684264412926775
2017-03-17,-0.0024607251707941123,2.6776672960954278
2017-03-20,-0.0032350903099822646,2.6690187974523445
2017-03-21,-0.016301290106898868,2.6258630505604645
2017-03-22,0.0009429427162492873,2.6283402567460747
2017-03-23,-9.52819122250499e-05,2.628089835390936
2017-03-24,-0.0004430287651347549,2.626925773871908
2017-03-27,-0.0016632275982057015,2.6225602298793675
2017-03-28,0.007030773890141825,2.641063828957471
2017-03-29,0.0006737992008899167,2.64284397531817
2017-03-30,0.0040895636675468815,2.653674184339112
2017-03-31,-0.0023101798307373334,2.6475507955490842
2017-04-03,0.0014832341722060844,2.6514806470862724
2017-04-04,0.0016749489063988634,2.655925463077145
2017-04-05,-0.0029918601462296927,2.647991180583062
2017-04-06,-0.0009924182465080175,2.6453645693828776
2017-04-07,-0.0018755252084574625,2.6404077712004126
2017-04-10,-0.0002264497973545421,2.6398099190899904
2017-04-11,-0.002792763783343179,2.6324478386139707
2017-04-12,-0.0013987544655560448,2.6287682644546875
2017-04-13,-0.007299392063129226,2.6096497160277154
2017-04-17,0.010419085962637686,2.6369820223159826
2017-04-18,-0.0044504607328073684,2.6252723134996403
2017-04-19,-0.002474905796194599,2.618783045310414
2017-04-20,0.007936996026861173,2.6396510209063138
2017-04-21,-0.004606339054784121,2.627519854899869
2017-04-24,0.013435831853748598,2.6630609976110478
2017-04-25,0.004922349260760093,2.676201829292559
2017-04-26,0.0008805711149620285,2.6785594531966543
2017-04-27,-0.001659266483406814,2.6741186944920377
2017-04-28,-0.0021039547539593987,2.668498384264571
2017-05-01,0.006363449033821424,2.6855333809123287
2017-05-02,0.0014200817397446277,2.689349766976764
2017-05-03,-0.0008672278374380821,2.6870184990105814
2017-05-04,-0.0016644955306568373,2.6825496889171534
2017-05-05,0.0011427460984101301,2.6856169143040938
2017-05-08,0.003253004568607552,2.694367463467505
2017-05-09,-0.001581264872617258,2.690110321565121
2017-05-10,0.0013718511369406928,2.6938032849871183
2017-05-11,-0.0023207514572478635,2.6875588857399073
2017-05-12,0.002736784035539546,2.694924228071435
2017-05-15,0.0036319252128458267,2.7047297870718956
2017-05-16,0.001813531581023807,2.7096393504374054
2017-05-17,-0.024143110389074882,2.645003621845415
2017-05-18,0.007066574989301087,2.663760935210784
2017-05-19,0.0057740392828085855,2.679186085346535
2017-05-22,0.005172179177447888,2.693079213732597
2017-05-23,0.0037510462202494303,2.703200048330314
2017-05-24,0.0019272790183611406,2.708414892681775
2017-05-25,0.005001648430191191,2.721995365842898
2017-05-26,-0.0002770747896818393,2.7212412740241323
2017-05-30,0.0003679962779653303,2.7222428649639845
2017-05-31,-0.002498071407785235,2.71545099471838
2017-06-01,0.00461020485100599,2.727998681546216
2017-06-02,0.005862886188653219,2.7440396044431288
2017-06-05,0.00154813562058035,2.748291039949297
2017-06-06,-0.002542945853338801,2.741311163131219
2017-06-07,0.0036647542532975727,2.751375825869317
2017-06-08,0.0010215301417066725,2.7541878752586744
2017-06-09,-0.004052446615202109,2.7430492604903
2017-06-12,-0.00313138911612527,2.7344731404832605
2017-06-13,0.00575616176270011,2.750258598454968
2017-06-14,-0.0007990703852741998,2.748061826061867
2017-06-15,-0.005296342878782648,2.7335456237045577
2017-06-16,0.0031183884290429853,2.7420831855462926
2017-06-19,0.008641800300377268,2.7658824067897356
2017-06-20,-0.0067262419938677485,2.74734083983349
2017-06-21,-0.0005538710266187246,2.745819588669422
2017-06-22,-0.0021651056647744795,2.7398810302466257
2017-06-23,0.003492153300672748,2.749465840903268
2017-06-26,-0.0021922007547766392,2.743445061601266
2017-06-27,-0.007960753985704212,2.7216918711726517
2017-06-28,0.010874052033598097,2.7514491882859344
2017-06-29,-0.007951722873811623,2.7296571836555494
2017-06-30,-0.0009704420731300352,2.727009494401623
2017-07-03,0.0013533782688775963,2.730702668357345
2017-07-05,0.007019945280878803,2.749939493398574
2017-07-06,-0.00815281621494759,2.7276108863004573
2017-07-07,0.006392657515300726,2.745103420851925
2017-07-10,0.0030943464194881335,2.7536108775141677
2017-07-11,-0.0020497448160343365,2.7479724585267817
2017-07-12,0.006950799632123672,2.7671396007938722
2017-07-13,0.0008446194124009172,2.769477767909193
2017-07-14,0.002563199617197534,2.7765855977655867
2017-07-17,0.0006626127288944432,2.77842600839795
2017-07-18,0.0042450026432035385,2.790245503292095
2017-07-19,0.005162289937063511,2.8046868025919167
2017-07-20,0.002774689162137982,2.812479743160373
2017-07-21,-0.0012814519590593598,2.8088779937110044
2017-07-24,0.0010733614620563282,2.811894553741098
2017-07-25,0.0038673403131578637,2.822790161837496
2017-07-26,0.0048029512955577135,2.8363804962339505
2017-07-27,0.003424978056311319,2.8461116922466765
2017-07-28,-0.0031074866773445732,2.8372811655587813
2017-07-31,-0.002909570768888871,2.82903789322382
2017-08-01,0.005999242951792538,2.8460609906573695
2017-08-02,0.0013134818586053032,2.8498016962737656
2017-08-03,-0.001916138555120591,2.844346309676544
2017-08-04,0.005670715415598729,2.8605216075518856
2017-08-07,0.0015731569754878665,2.8650251985713537
2017-08-08,-0.002093539544378161,2.8590334292139974
2017-08-09,-0.0006317378320120995,2.857227840023326
2017-08-10,-0.0145539671900829,2.8159449831588357
2017-08-11,0.00204290039601923,2.8217035583751375
2017-08-14,0.013185636552704582,2.8591558897466585
2017-08-15,0.0008433999459626881,2.861568318847855
2017-08-16,0.00020448556539002626,2.8621535280948196
2017-08-17,-0.014797395871631336,2.8201129221470302
2017-08-18,-0.0006273516744064795,2.8183442744233687
2017-08-21,0.0006692110743357917,2.820230972852433
2017-08-22,0.01141789766387119,2.852616617639998
2017-08-23,-0.005059864541084568,2.8382192191273137
2017-08-24,-0.00252143569817121,2.8310718464759463
2017-08-25,0.00048137507405985957,2.8324349819591124
2017-08-28,0.0003157033459733233,2.8333293323274424
2017-08-29,0.0014304037362229706,2.837385037146501
2017-08-30,0.00476220355247039,2.8509294673195056
2017-08-31,0.0044480014962159226,2.863638650133877
2017-09-01,-0.000850259340782899,2.8612048494504805
2017-09-05,-0.012519866915745397,2.825606255343699
2017-09-06,0.0009594825973026769,2.8283186764248534
2017-09-07,-0.0009976975089789545,2.8254982771134216
2017-09-08,-0.005031371376901441,2.8113178493700235
2017-09-11,0.013215242396928787,2.848716669154559
2017-09-12,0.0052835089039185625,2.8638077207874852
2017-09-13,0.004770469205729722,2.8775020655851042
2017-09-14,-0.002188901080265752,2.8712103866487917
2017-09-15,0.004126201960941448,2.883082056186056
2017-09-18,0.0012733058088366942,2.886755439489393
2017-09-19,0.006547284958427127,2.9057178583987113
2017-09-20,-0.0006612404424741061,2.9037971153427984
2017-09-21,-0.004946926155251229,2.8894677179013617
2017-09-22,-0.0012039494669386025,2.8859910380760216
2017-09-25,-0.009865790977951056,2.8576584452590335
2017-09-26,-0.0006893225701885264,2.8556892755693557
2017-09-27,0.00814291467759797,2.879037843369338
2017-09-28,0.00233563146887951,2.885770073700458
2017-09-29,0.00396297558178898,2.89722900076423
2017-10-02,0.003378826888738889,2.907034792722653
2017-10-03,0.0034764786518358235,2.9171586245660337
2017-10-04,-0.00018214835148949406,2.916627317321374
2017-10-05,0.009668793206926332,2.9449643554367264
2017-10-06,0.0014068689139870585,2.9491104500631558
2017-10-09,-0.00044265126298713865,2.9478053114796787
2017-10-10,0.0019756533017632146,2.953634909512383
2017-10-11,0.003689918456706138,2.964553713839426
2017-10-12,-0.006680398366478589,2.944815317633624
2017-10-13,0.003002749435189874,2.9536711494333017
2017-10-16,0.0051642723585261395,2.9689641663704758
2017-10-17,0.0035057351605284307,2.979390834328304
2017-10-18,-0.0008985507504067292,2.9767149028685185
2017-10-19,-0.001631356882151936,2.971862777375768
2017-10-20,0.005873043509939811,2.9893680109553173
2017-10-23,-0.0035054972494544777,2.9789071356125563
2017-10-24,0.0031242446808786234,2.9882285239526976
2017-10-25,-0.003554979577610884,2.977624292657571
2017-10-26,0.0018471893287465109,2.9831296115937844
2017-10-27,0.026493466827353037,3.06321929919126
2017-10-30,-0.0014210543497336007,3.058869389542985
2017-10-31,-0.002185626134763669,3.0521911453933215
2017-11-01,0.00287848293322007,3.060989482370672
2017-11-02,0.0004255676544593039,3.0622924177089126
2017-11-03,0.003059385172393576,3.0716754956312453
2017-11-06,-0.0008087970624159095,3.0691921379152713
2017-11-07,-0.0021917210125153084,3.062472691281163
2017-11-08,0.00106833104748171,3.0657461742097025
2017-11-09,-0.002694955551717815,3.057495247471494
2017-11-10,-0.002220924400069629,3.0507123166496406
2017-11-13,0.00010903449259615713,3.0510449676540303
2017-11-14,-0.0022471974734983055,3.0441963650744563
2017-11-15,-0.003631121106509648,3.0331625640581756
2017-11-16,0.007157561160281473,3.0549504918147816
2017-11-17,-0.0058998399271564615,3.0369798370479573
2017-11-20,0.0017463085257110509,3.0422879743035076
2017-11-21,0.007459641264185821,3.065067208038651
2017-11-22,0.0008167098491919635,3.067571501117103
2017-11-24,0.005305177355107256,3.0838887566767297
2017-11-27,0.0035105660672526203,3.0947339771945654
2017-11-28,0.013201259892133874,3.13585921998283
2017-11-29,-0.005287891738463342,3.119320900877726
2017-11-30,0.009652878311693284,3.1495771208193633
2017-12-01,-0.0026656900771674205,3.1411925047001388
2017-12-04,-0.005178946506883877,3.1249664898490765
2017-12-05,-0.00018101905971645922,3.124400862549644
2017-12-06,0.003286514099387538,3.134686142136985
2017-12-07,0.0032761104797356883,3.1449725607796224
2017-12-08,0.007003342154981217,3.167075185473905
2017-12-11,0.004064472128569053,3.1799738697085176
2017-12-12,0.0076985086566508255,3.204549402170633
2017-12-13,-0.002843625314878916,3.1954498084171807
2017-12-14,-0.0033101468543239657,3.184889887372562
2017-12-15,0.010317973095810671,3.2179216127228254
2017-12-18,0.004983589550858663,3.233998440128126
2017-12-19,-0.0054762830182990985,3.2163365542715376
2017-12-20,-0.0017741468257028788,3.210635359856793
2017-12-21,0.003338977449893009,3.2213735161776538
2017-12-22,-0.001244354558263605,3.217367478341568
2017-12-26,-0.0010804569592363,3.213893128539877
2017-12-27,0.00296535720325816,3.223437614089589
2017-12-28,0.00256874464486639,3.231728446155192
2017-12-29,-0.007144619869816761,3.208721261546955
2018-01-02,0.0033372082110320993,3.2194473200785674
2018-01-03,0.007060525312032899,3.2422587449297047
2018-01-04,0.0033695994274471194,3.253202285459613
2018-01-05,0.011515328556835592,3.290880500800949
2018-01-08,0.0018863388528232166,3.2970940751605062
2018-01-09,0.0009706964257841619,3.300296106443473
2018-01-10,-0.0023002195055827563,3.292713425224192
2018-01-11,0.007531402172715914,3.317605793826539
2018-01-12,0.005036731189295028,3.3343578347508727
2018-01-16,0.00020861637163635275,3.335053508946086
2018-01-17,0.010875100052812368,3.3715204811178436
2018-01-18,0.004031723969795212,3.385140959611194
2018-01-19,0.0028248917145678363,3.3947171357227544
2018-01-22,0.012947120141968131,3.4389547029230654
2018-01-23,0.0021959272282184162,3.4465146947498555
2018-01-24,-0.0015617172606455427,3.441136414032029
2018-01-25,0.004254423824527626,3.4558076534813984
2018-01-26,0.015198976598852415,3.508733584269102
2018-01-29,-0.005739374531185592,3.488653327277589
2018-01-30,-0.010804641408487184,3.4511625808361774
2018-01-31,-0.0002072876153802372,3.4504472717144288
2018-02-01,-0.0007293805826652953,3.4479315000619586
2018-02-02,-0.01902825470111143,3.382943644875749
2018-02-05,-0.045945404280157316,3.2310295321506186
2018-02-06,0.026486338694233457,3.3177510729953235
2018-02-07,-0.00677930240128987,3.29533510334883
2018-02-08,-0.04506198793441609,3.1501367840729952
2018-02-09,0.017360394194653562,3.205301858652825
2018-02-12,0.013963402502102065,3.250372717607051
2018-02-13,0.0025747361710967286,3.2587523528583753
2018-02-14,0.015476790232318113,3.309579686879715
2018-02-15,0.008767074487077317,3.3387225808125764
2018-02-16,0.00044215851258510837,3.3401991518380107
2018-02-20,-0.007780005189531869,3.314313212045189
2018-02-21,-0.006567330908426421,3.292618337133442
2018-02-22,0.0039054633709642277,3.305502680732987
2018-02-23,0.01712831975897561,3.3626080510126353
2018-02-26,0.012958308291808858,3.406465307025021
2018-02-27,-0.009776113126360437,3.373325569669769
2018-02-28,-0.011564377198111583,3.334539858913654
2018-03-01,-0.015101572970513316,3.2845613884969938
2018-03-02,0.003676939241037326,3.2966607518360536
2018-03-05,0.012596969293007234,3.3384513509208777
2018-03-06,-0.0018792564683725028,3.3321834359798106
2018-03-07,0.0029822047709435937,3.342135521522967
2018-03-08,0.0026089555747728674,3.350866388893712
2018-03-09,0.017674936052783984,3.410619246432101
2018-03-12,-0.0028016801751095124,3.4010771552899657
2018-03-13,-0.005120029102367988,3.3837080443959286
2018-03-14,-0.004254545121147954,3.369342486969809
2018-03-15,0.002306438435076198,3.377122636751958
2018-03-16,0.002357625471818015,3.3850940201777795
2018-03-19,-0.020154107953579782,3.31755336683989
2018-03-20,0.005545229312251124,3.3360010620933487
2018-03-21,-0.004242215210498661,3.321879003230785
2018-03-22,-0.025815208509537856,3.2372214319869186
2018-03-23,-0.024731478551180294,3.1581420650835077
2018-03-26,0.03339517771170024,3.265389588616257
2018-03-27,-0.02404045844116791,3.1878242151507608
2018-03-28,-0.005839384384792002,3.1692635284402173
2018-03-29,0.01574097647237846,3.219545536803046
2018-04-02,-0.025776009139930858,3.137618908354013
2018-04-03,0.01507482068310211,3.185276261285627
2018-04-04,0.012735879979627638,3.226102987746663
2018-04-05,0.01050607939020342,3.26017535193663
2018-04-06,-0.023814136769605546,3.183454239506432
2018-04-09,0.0030834755386002425,3.1932854922063285
2018-04-10,0.018538062936798747,3.2530349279225406
2018-04-11,-0.007439626338372907,3.228923365311792
2018-04-12,0.009128737983729313,3.258534310329956
2018-04-13,-0.004217027385885193,3.2448219149997515
2018-04-16,0.009554838794669507,3.275974256109766
2018-04-17,0.01676896692736408,3.331372144602323
2018-04-18,0.0008495583620597968,3.334203542213365
2018-04-19,2.5836833222040095e-05,3.3342896885870834
2018-04-20,-0.00841974023587834,3.3063336918080446
2018-04-23,-0.0013842736402244582,3.3017599875921304
2018-04-24,-0.015876027578228338,3.2497550630881773
2018-04-25,0.0008334773353831445,3.252464789369661
2018-04-26,0.028563395636595334,3.3467057414851498
2018-04-27,0.005753933443471596,3.3660179709359825
2018-04-30,-0.008416606789492668,3.337806410573823
2018-05-01,0.005864829875431716,3.3574395936928267
2018-05-02,-0.006458302882527064,3.335826100254722
2018-05-03,-0.0017511870646421946,3.3299895566694304
2018-05-04,0.011317701241439727,3.367891460248008
2018-05-07,0.0025707271072594228,3.376560528249
2018-05-08,0.0004959068911187443,3.378235403139914
2018-05-09,0.007163006050122846,3.40252059743153
2018-05-10,0.008913920428200139,3.4329859765487964
2018-05-11,0.005464864125886785,3.4517981345821664
2018-05-14,0.0020799228116779303,3.458985079818322
2018-05-15,-0.009794438524729096,3.4252716347420646
2018-05-16,0.0028924477298472315,3.4351933960767784
2018-05-17,-0.004232346789286455,3.4206851898731143
2018-05-18,-0.002290678078209266,3.412858468967586
2018-05-21,0.009008296830754277,3.4437414035743217
2018-05-22,-0.004179119803310096,3.4293796263733354
2018-05-23,0.005666599368731589,3.4488677102337317
2018-05-24,-0.003931216338543142,3.435336080450832
2018-05-25,3.276760541308266e-05,3.4354486500322854
2018-05-29,-0.008342934825686944,3.406906155491058
2018-05-30,0.01185705923026695,3.447542481141941
2018-05-31,-0.0029947587605734308,3.4372333674532
2018-06-01,0.01044293274622464,3.4733162419412853
2018-06-04,0.008678252803522114,3.503589728845384
2018-06-05,0.0021799912502485294,3.511235855014705
2018-06-06,0.007714792157043971,3.538429069977543
2018-06-07,-0.0038831369560813353,3.524715508340383
2018-06-08,0.002860353610174153,3.5348118737734393
2018-06-11,0.0006286378489688831,3.537034688905938
2018-06-12,0.0027128773302368763,3.546643257670904
2018-06-13,-0.0019559353216667325,3.539713032595284
2018-06-14,0.0045410866474008965,3.555823728530823
2018-06-15,-0.002269609973485039,3.5477625468621
2018-06-18,0.00039634721669787657,3.5491689713708623
2018-06-19,-0.0017824742633094318,3.5428483039103047
2018-06-20,0.00464563383700297,3.5593453698643787
2018-06-21,-0.004800600899679897,3.5422993216533203
2018-06-22,-0.0001527910877521788,3.5417581312324105
2018-06-25,-0.017315509101652374,3.480958691799777
2018-06-26,0.004364168859745692,3.496183380717154
2018-06-27,-0.009979907559542006,3.461465323422828
2018-06-28,0.0066662695773778554,3.484617467881232
2018-06-29,-0.0016749103343018962,3.478785931087089
2018-07-02,0.005146031540280691,3.4967340143036347
2018-07-03,-0.007704326138621929,3.4698975462320623
2018-07-05,0.011522290675480731,3.510109938919753
2018-07-06,0.007542742146165616,3.5366858948866793
2018-07-09,0.01079742716757138,3.5750799085229468
2018-07-10,0.004489034564666212,3.591164641253489
2018-07-11,-0.0023684299928146395,3.582669283509247
2018-07-12,0.013117741310198439,3.6299754087784293
2018-07-13,0.003202529685091871,3.6416191475390045
2018-07-16,-0.00023671570986077747,3.6407572210972416
2018-07-17,0.006173416586012187,3.6633026516766467
2018-07-18,0.002563968150628502,3.672707294451807
2018-07-19,-0.006859364555088066,3.647601061057883
2018-07-20,0.0038371353261750164,3.6616242872473252
2018-07-23,0.0024645101590924415,3.670659526648479
2018-07-24,0.00738652519302527,3.697873329704332
2018-07-25,0.009667722572477307,3.733796712013704
2018-07-26,-0.024654917873905384,3.642865813731511
2018-07-27,-0.007843846148901865,3.614403507653121
2018-07-30,-0.010190771141320831,3.5777569939613563
2018-07-31,0.0012213174849320853,3.582129240542042
2018-08-01,0.00440834609431734,3.597955363873655
2018-08-02,0.009182448043563921,3.631145552447816
2018-08-03,0.003839685155668092,3.6451148097359383
2018-08-06,0.007044035787809547,3.670881774072899
2018-08-07,0.002897641026302762,3.6815340975555726
2018-08-08,0.0048054103946613014,3.6992679548816385
2018-08-09,0.00017458589947797585,3.699913851285513
2018-08-10,-0.006404455297959928,3.676293636459544
2018-08-13,-0.0027264714787749085,3.6662839784363794
2018-08-14,0.005403666456554203,3.686148977768636
2018-08-15,-0.007756564512266063,3.6576677265480435
2018-08-16,0.008245541134278701,3.6879518591915326
2018-08-17,0.001339702597948986,3.69289592893047
2018-08-20,-0.0011408004825752365,3.68868547357403
2018-08-21,-7.905732646707451e-05,3.6883938674892622
2018-08-22,0.0016614088292409345,3.694526890945349
2018-08-23,0.0012759119529952387,3.6992437905005233
2018-08-24,0.006715153926588364,3.7241683745139214
2018-08-27,0.008505421584692679,3.755979086578886
2018-08-28,0.0014772075212248102,3.761531547193746
2018-08-29,0.00914081696072197,3.7960726449797564
2018-08-30,-0.0008708908904142085,3.7927681190435205
2018-08-31,0.0005373281151191543,3.794806627612947
2018-09-04,0.0008009739431945316,3.797847386462861
2018-09-05,-0.01088774898718685,3.756721666946229
2018-09-06,-0.002578880908223574,3.7470460107068377
2018-09-07,-0.002901562209169083,3.7361894816701566
2018-09-10,-1.827830297441417e-05,3.7361211910909606
2018-09-11,0.010458366626922505,3.775399954105264
2018-09-12,-0.001722354177767732,3.768902974877334
2018-09-13,0.0030636718917319084,3.7804673626837046
2018-09-14,-0.001260203646754886,3.7757062045713257
2018-09-17,-0.009412018398020286,3.7403359023851874
2018-09-18,0.007367311878846139,3.7679938808866
2018-09-19,0.001530720487590613,3.773766042973506
2018-09-20,0.009406635356265224,3.8094319692505714
2018-09-21,-0.0021568315234749055,3.801224520516538
2018-09-24,-0.0016828578454176546,3.794832979545835
2018-09-25,-0.0007088481320668745,3.7921439724382053
2018-09-26,-0.0022138466183132892,3.7837580333451557
2018-09-27,0.005770338117520537,3.8056547114130805
2018-09-28,-0.002256209538144336,3.797078035981048
2018-10-01,0.0038357833717143756,3.8116707741716223
2018-10-02,-0.002883045737767371,3.800697378993334
2018-10-03,-0.00013627286432518987,3.8001794823634953
2018-10-04,-0.012699719699916834,3.752223426898428
2018-10-05,-0.007134371540189738,3.725548936872922
2018-10-08,-0.0032650007836242784,3.7134048526850223
2018-10-09,0.0032303320828739146,3.725419779170577
2018-10-10,-0.03679737154705875,3.590825665081721
2018-10-11,-0.01676417433415949,3.531130208200593
2018-10-12,0.019738752954248727,3.6015227601212128
2018-10-15,-0.00945681160449477,3.5676243758373456
2018-10-16,0.027694009355662064,3.667807025386397
2018-10-17,-0.0015227967723273103,3.662225951186009
2018-10-18,-0.017552420821699978,3.598505876864293
2018-10-19,0.0001669972804766372,3.5991068677400326
2018-10-22,0.0009349098368580381,3.6024732815560787
2018-10-23,-0.003973552949802338,3.5881870655367005
2018-10-24,-0.03409453573277839,3.467911513803621
2018-10-25,0.03341254020043323,3.585740772264145
2018-10-26,-0.025774623789165802,3.4945005452054425
2018-10-29,-0.01568578963505608,3.4401142062246746
2018-10-30,0.010484649051417818,3.4763723411359653
2018-10-31,0.017017769575401173,3.53603869879531
2018-11-01,0.01140362152425604,3.5765931400785136
2018-11-02,-0.0046493926258042075,3.560002751807959
2018-11-05,0.002845888661621131,3.5701485533377983
2018-11-06,0.004941149661419566,3.5878328460417004
2018-11-07,0.030155046996426415,3.69767189174868
2018-11-08,0.000506915735500934,3.6995467749790847
2018-11-09,-0.010688496924616138,3.660214755191632
2018-11-12,-0.024578149468887613,3.5713499890501854
2018-11-13,-0.0021943545731675554,3.563521772951426
2018-11-14,-0.00843160931896503,3.5336018633121395
2018-11-15,0.0074844199187841815,3.560148040934609
2018-11-16,-0.0005609250148874494,3.558151624813963
2018-11-19,-0.023881671352530814,3.474183655589558
2018-11-20,-0.017548182338709074,3.4137498498619636
2018-11-21,0.0014458609161888546,3.418689227313442
2018-11-23,-0.00647316337053886,3.396630963826989
2018-11-26,0.021443612193859526,3.4702535469159526
2018-11-27,0.006553198119503853,3.493069482957041
2018-11-28,0.03155733421071676,3.6050591987614027
2018-11-29,-0.004285636929703197,3.5896422831732786
2018-11-30,0.010469097899960098,3.6274200039480538
2018-12-03,0.015487093749342049,3.6840354705393588
2018-12-04,-0.035191093428246924,3.5566448876305623
2018-12-06,0.0037402453836170545,3.5699725210251585
2018-12-07,-0.025892800623366786,3.4787223930583226
2018-12-10,0.005334195680279855,3.49732815829976
2018-12-11,0.0012690396543002481,3.501769223764821
2018-12-12,0.0070452349567249025,3.52652712090621
2018-12-13,0.0019925698578339888,3.533560977948695
2018-12-14,-0.02880743962735037,3.433220350719246
2018-12-17,-0.026132981886502604,3.344662248993914
2018-12-18,0.006545396718618542,3.36662619325242
2018-12-19,-0.02102885168720576,3.296569102096392
2018-12-20,-0.01673315775132152,3.24186604510611
2018-12-21,-0.02790043672521526,3.1526667031849906
2018-12-24,-0.025549932901131937,3.0731366012276173
2018-12-26,0.05980956682941893,3.2625473993026994
2018-12-27,0.006886389668448409,3.2850921087396077
2018-12-28,-0.00042937116975227507,3.283681887673934
2018-12-31,0.008835866545764563,3.312824623671492
2019-01-02,-0.003974712663577536,3.2996832316172924
2019-01-03,-0.029641470110045386,3.2033111311771596
2019-01-04,0.0293138669437487,3.2986024219908328
2019-01-07,0.005142985379413421,3.3156107854121566
2019-01-08,0.013128711197099541,3.359427480862753
2019-01-09,0.0008897531089171454,3.3624178720656857
2019-01-10,0.0004181101640642965,3.3638240270971984
2019-01-11,0.0005296601157348805,3.365606182447343
2019-01-14,-0.006505619768375301,3.3437818955628886
2019-01-15,0.01577399986264942,3.396944905050084
2019-01-16,-0.0008380100498850964,3.394099423518329
2019-01-17,0.003372725639074607,3.405566115799391
2019-01-18,0.009982736838302617,3.4397332430956324
2019-01-22,-0.011953085948868819,3.3988625679656583
2019-01-23,0.0034205127673392075,3.41050832665243
2019-01-24,-0.004957793207625002,3.3936415771124646
2019-01-25,0.004203246352429735,3.407935908946831
2019-01-28,-0.01268468484311465,3.3649803309265924
2019-01-29,-0.005764559147807474,3.3456385048888073
2019-01-30,0.023825837375426723,3.4263083408989408
2019-01-31,0.008688009427655083,3.456205826827824
2019-02-01,-0.0009421140798980518,3.4529512200015287
2019-02-04,0.0063170936838152095,3.4748328778183075
2019-02-05,0.0047703633924940465,3.4914486936037448
2019-02-06,-0.0022041667789245325,3.483761433496942
2019-02-07,-0.009245777867065789,3.4516997949322814
2019-02-08,-0.001964934211996289,3.4449240910019734
2019-02-11,-0.0034789298341691686,3.43296026452823
2019-02-12,0.013022392857636442,3.477957974786885
2019-02-13,0.0014144259056485227,3.4828807692885038
2019-02-14,-0.009140829571031843,3.451189413066608
2019-02-15,0.00829215658318104,3.4799261963701515
2019-02-19,0.0008199942481209999,3.4827808860896803
2019-02-20,0.000238977415179922,3.483613291522564
2019-02-21,0.00018880305850606563,3.4842710704600393
2019-02-22,0.008046611817366113,3.5124207501169664
2019-02-25,0.0011747267682033359,3.5165493092830267
2019-02-26,0.00011735879388853982,3.51696203148643
2019-02-27,-0.004154893688458492,3.5023797430463635
2019-02-28,-0.0015187002697139402,3.4970647149748117
2019-03-01,0.008066830730574456,3.5253890342315546
2019-03-04,-0.0031842829382089668,3.5141810522426353
2019-03-05,0.0013537848401244529,3.5189417190087764
2019-03-06,-0.00631561512868559,3.496787469945335
2019-03-07,-0.008897620728018286,3.4658123878891325
2019-03-08,-0.0009315516331183405,3.4625853080282383
2019-03-11,0.020865152936606516,3.5355916759331354
2019-03-12,0.00439443813218417,3.551162802932873
2019-03-13,0.007848584041317972,3.5791440656444466
2019-03-14,-0.0008420542777882879,3.5761315006227883
2019-03-15,0.0050377915487527505,3.594192761910027
2019-03-18,0.004575472690569651,3.610675572305646
2019-03-19,0.0024211961172077474,3.6194283177626123
2019-03-20,-0.0013090085542398727,3.614693554731944
2019-03-21,0.01137591056778785,3.656048765947533
2019-03-22,-0.013579053545770606,3.6067386341406555
2019-03-25,0.0001211820556414703,3.6071757326262137
2019-03-26,0.005753881658106395,3.6279908212627663
2019-03-27,-0.00412889222721419,3.6130421201850984
2019-03-28,-0.0004225081869618405,3.611515902751867
2019-03-29,0.007027652052371129,3.636985771761443
2019-04-01,0.005710182987570197,3.6578130331868857
2019-04-02,0.0004422038009995485,3.6594308896982923
2019-04-03,0.0023945759376973494,3.6682041748089773
2019-04-04,0.00027075830008122366,3.6691975060059643
2019-04-05,0.003724327548757251,3.682888277994104
2019-04-08,0.0030832451416403805,3.6942610488952394
2019-04-09,-0.003235066632874504,3.6823291788463974
2019-04-10,0.0021059967842070185,3.690092323965495
2019-04-11,-0.005944952296159163,3.6682199805686397
2019-04-12,-0.00224748615863776,3.6599849644442397
2019-04-15,0.005023413848665238,3.678416840310576
2019-04-16,-0.0033231345808579023,3.6662132544154544
2019-04-17,-2.6319011984557162e-05,3.6661167645746375
2019-04-18,0.002044108223365665,3.673618368433947
2019-04-22,0.005000696541536072,3.692035028790056
2019-04-23,0.009632652342901572,3.7277709582307668
2019-04-24,-0.003888699314707604,3.7133029270037716
2019-04-25,0.00267171172852227,3.7232370666549204
2019-04-26,0.007397034658496611,3.750880092445537
2019-04-29,0.00034819362658059454,3.7521863523902907
2019-04-30,0.0007723268714483669,3.7550853860936355
2019-05-01,-0.002319188131421071,3.74638672744559
2019-05-02,-0.003713567831889186,3.7325000666958204
2019-05-03,0.011526552357275859,3.7757718321787563
2019-05-06,-0.0008141164745287923,3.772699165050293
2019-05-07,-0.015380733171287159,3.715116254726568
2019-05-08,-0.0007838006574486499,3.7122054850442283
2019-05-09,-0.005560610201977258,3.691620642535797
2019-05-10,0.003918597345776341,3.7061149976106935
2019-05-13,-0.021262871818863282,3.6281442282970398
2019-05-14,0.005733592161012859,3.6490062776931773
2019-05-15,0.009905566747961085,3.6853313662166745
2019-05-16,0.010350114845696107,3.7236730472239863
2019-05-17,-0.003311788883890129,3.7113614262165098
2019-05-20,-0.004204932818776211,3.6957881659561456
2019-05-21,0.005213743485303724,3.715107376370164
2019-05-22,0.001311615653783465,3.7199833663738775
2019-05-23,-0.009715101131507574,3.6840183365868935
2019-05-24,0.002182909721180456,3.692068999765446
2019-05-28,-0.004793950377056902,3.6744117619692775
2019-05-29,-0.00954737644844814,3.6394977036879674
2019-05-30,0.0015159660402527338,3.6450192427857724
2019-05-31,-0.015423219181451798,3.589232622571503
2019-06-03,-0.009955941275455108,3.5536757282349436
2019-06-04,0.017545302419777094,3.6165762342014354
2019-06-05,0.011299448707769307,3.6576733016971894
2019-06-06,0.009620645879484503,3.693032296734673
2019-06-07,0.015146704008134096,3.7493953434427296
2019-06-10,0.006752171051055756,3.7747975657035355
2019-06-11,0.000796130711287404,3.7778039945708657
2019-06-12,0.0010394601559206465,3.7817329129233825
2019-06-13,-0.00038509090643678006,3.7802768823381054
2019-06-14,0.0020317473803370192,3.787965257764261
2019-06-17,0.001206348990565954,3.792537623208978
2019-06-18,0.006076696739341179,3.8156538883512434
2019-06-19,0.004914285035572593,3.834451249120077
2019-06-20,0.006370375323132147,3.858956112452903
2019-06-21,0.0017937102727196275,3.8658841732831983
2019-06-24,0.0022560430829144202,3.8746156200883743
2019-06-25,-0.011006500088432656,3.8322034956094346
2019-06-26,-0.003458918489205757,3.818971114141341
2019-06-27,0.0022764291192059654,3.8276746339053305
2019-06-28,-0.0007138898840948636,3.824943070838209
2019-07-01,0.0069284858321464575,3.8515361532296466
2019-07-02,0.007552419925595067,3.880734692644948
2019-07-03,0.006145025156973466,3.904655326133197
2019-07-05,-0.00154103042994779,3.898642767415014
2019-07-08,-0.0035447720060084523,3.8848474327750084
2019-07-09,0.0015435710017401205,3.8908486010415433
2019-07-10,0.008643832332870529,3.924626217699045
2019-07-11,0.0022318394474847326,3.933395135076286
2019-07-12,0.0004011422081029167,3.9349733023997118
2019-07-15,0.002715988175727303,3.9456751698549573
2019-07-16,-0.005865096163514114,3.9226011374076375
2019-07-17,-0.003086798259681239,3.9105115277357863
2019-07-18,5.2210893383762764e-05,3.9107157043663126
2019-07-19,-0.008470239497522162,3.877730897557892
2019-07-22,0.003749890969543877,3.8922992634535154
2019-07-23,0.009069616584995192,3.927761496749516
2019-07-24,0.0026865862290051164,3.938327954191527
2019-07-25,-0.0063096080209264615,3.9135568786116735
2019-07-26,0.007031547350425756,3.9411722146023163
2019-07-29,-0.003260875339765223,3.928341474409527
2019-07-30,-0.009492780101157464,3.891227030962821
2019-07-31,-0.01425614063669659,3.836146700491629
2019-08-01,-0.0044826972551208185,3.8189889015477556
2019-08-02,-0.005897988120228757,3.796530844155614
2019-08-05,-0.029247916350022298,3.687098364580805
2019-08-06,0.011832925830326952,3.730986677538589
2019-08-07,0.003201799975934834,3.742951695167888
2019-08-08,0.01723605208191449,3.8080245944785234
2019-08-09,-0.006426458731033465,3.7836309479102974
2019-08-12,-0.011297183900746043,3.741127112153589
2019-08-13,0.016606238010966785,3.8037718666518407
2019-08-14,-0.026115767419513502,3.705719376142683
2019-08-15,0.006681993565668746,3.7305638821446605
2019-08-16,0.0113512348841755,3.7731516435759054
2019-08-19,0.010206923705202075,3.811861130855258
2019-08-20,-0.010276406184025345,3.772889484754561
2019-08-21,0.0076113546969298704,3.8017158495331453
2019-08-22,-0.003972621977926897,3.7866430287279784
2019-08-23,-0.02585687608820414,3.689987262331598
2019-08-26,0.012625947076560949,3.7368722067891875
2019-08-27,-0.002558742425276415,3.727322735864198
2019-08-28,0.006034964243058496,3.7498850080725408
2019-08-29,0.010264157770276318,3.788572627677557
2019-08-30,0.0011915510428318161,3.793089595907582
2019-09-03,-0.00411626320788411,3.777508331053615
2019-09-04,0.007085698510508196,3.804369669495504
2019-09-05,0.011692617469687316,3.849113786905213
2019-09-06,-0.00016054364765902846,3.8484958857389895
2019-09-09,-0.003597981466931377,3.8346739493130406
2019-09-10,0.0007142111090934985,3.837413694309086
2019-09-11,0.006686441613620694,3.863158310944527
2019-09-12,0.0034024239767897185,3.876324799694519
2019-09-13,-0.002924232716144261,3.8650060812459053
2019-09-16,-0.005318884966898203,3.8445031332509254
2019-09-17,0.0022676067605998432,3.853230846317756
2019-09-18,0.0007175904969045,3.8559968804766718
2019-09-19,0.0034861764840023574,3.8694630251639315
2019-09-20,-0.0057169909630000295,3.8474044544223345
2019-09-23,-0.0018282092803576103,3.8403770196615388
2019-09-24,-0.007974424439512379,3.8098740069281685
2019-09-25,0.0044866159513779315,3.827005851686112
2019-09-26,-0.006010697243893448,3.8040718718132718
2019-09-27,-0.003847595276440609,3.789463464489438
2019-09-30,0.0040550900802673075,3.804861278856154
2019-10-01,-0.00303537995753609,3.793329589572337
2019-10-02,-0.016543932189190168,3.731089271472466
2019-10-03,0.00858346267116364,3.7632527766072723
2019-10-04,0.016184842746545757,3.824655991328633
2019-10-07,-0.00350032154228309,3.8112918685787864
2019-10-08,-0.011170478796015437,3.7689548163797806
2019-10-09,0.007846127955860946,3.798642833817101
2019-10-10,0.004433528088731669,3.8155216121411195
2019-10-11,0.008227074798835781,3.847041675012777
2019-10-14,-0.0011547135616081247,3.84260200758397
2019-10-15,0.015762140445591932,3.9036494957380268
2019-10-16,-0.0014585365106769773,3.897960030578551
2019-10-17,0.004358742526869159,3.914987316551688
2019-10-18,-0.007275905597626298,3.8866056149191066
2019-10-21,0.005207186490997165,3.9068966790013593
2019-10-22,-0.005396952138903882,3.8858681406622866
2019-10-23,0.005386196240164998,3.906854657042289
2019-10-24,0.003056861211635796,3.9188156417239455
2019-10-25,0.0038205421735933495,3.9338162791912774
2019-10-28,0.008421451891367346,3.9670846109456823
2019-10-29,-0.0031696211637224445,3.9545303622212953
2019-10-30,0.008545198943521603,3.9884674037726295
2019-10-31,8.44128780400473e-05,3.9888040959955307
2019-11-01,0.005211282358901803,4.009645137524339
2019-11-04,-0.0012704358410296492,4.004554375060075
2019-11-05,-0.004460019260889014,3.986733755110437
2019-11-06,0.001545362291094449,3.992899466021737
2019-11-07,0.004251448036469215,4.009911207259657
2019-11-08,0.0013958509548691953,4.015512353920769
2019-11-11,-0.0019174375211491327,4.0078202368004305
2019-11-12,0.0010796972696095755,4.012149806258753
2019-11-13,-0.0005492771728059595,4.0099466290891534
2019-11-14,0.0009927507282317092,4.013929483188896
2019-11-15,0.011398497438302931,4.059943998080853
2019-11-18,0.003518684937722118,4.0742548247546635
2019-11-19,0.0029523856929140903,4.086301370683089
2019-11-20,-0.003261571963866586,4.0729953158199566
2019-11-21,-0.00025260704487652943,4.071966578448055
2019-11-22,0.0029198799773889903,4.083873607216865
2019-11-25,0.009015448251089228,4.120858023429727
2019-11-26,0.0025930002937086007,4.131557275081314
2019-11-27,0.005576543044039398,4.154661442883746
2019-11-29,-0.00296381772303987,4.142366013372519
2019-12-02,-0.006443168271449157,4.115761851689609
2019-12-03,-0.005462465285022809,4.093340937935412
2019-12-04,0.004720628525893162,4.1127097604728995
2019-12-05,0.002764896993885297,4.124096713948961
2019-12-06,0.007705393233517033,4.155997246099354
2019-12-09,-0.003506425458530476,4.141450070747864
2019-12-10,-0.00019396277558525476,4.1406468614960605
2019-12-11,0.00256503291863102,4.151281390127502
2019-12-12,0.005650941179037857,4.174806443825726
2019-12-13,0.0037544927133288646,4.190510185543614
2019-12-16,0.009386918361592805,4.230031363385941
2019-12-17,0.0006931397657334009,4.2329643827129395
2019-12-18,-0.0022997316679653377,4.223240885475347
2019-12-19,0.005802063754196698,4.2478156214945955
2019-12-20,0.0051641116534555795,4.26980855375047
2019-12-23,0.0020956784371738008,4.27876608223872
2019-12-24,-0.0008547724186519928,4.2751102736705135
2019-12-26,0.010370537186827367,4.319676150368501
2019-12-27,0.0011715140452715131,4.324739677066887
2019-12-30,-0.005764430900460244,4.299881728831417
2019-12-31,0.002715602146861053,4.3115743659751375
2020-01-02,0.005824206111705766,4.336759133194312
2020-01-03,-0.009518869822634998,4.295673940078916
2020-01-06,0.003558680283864115,4.310988103178722
2020-01-07,-0.006238348076508856,4.284178370007198
2020-01-08,0.009327812687368564,4.324327343306464
2020-01-09,0.0077696225038192375,4.358056596451291
2020-01-10,-0.0011133874037828556,4.353207091321759
2020-01-13,0.0036123251134864316,4.368960727118435
2020-01-14,-0.0028678254736959332,4.356449259179827
2020-01-15,0.006556794300293817,4.385107451115101
2020-01-16,0.010857638646807223,4.432978777741504
2020-01-17,0.005255286222774585,4.456336672491021
2020-01-21,0.0020477890108340415,4.465471659828616
2020-01-22,0.0016453470367855465,4.472824958096839
2020-01-23,0.0001724092560161888,4.473596181001229
2020-01-24,-0.008542651999660214,4.4355425764098415
2020-01-27,-0.014914495740831772,4.369879577981442
2020-01-28,0.0112547416272639,4.419339249401596
2020-01-29,0.00037347014146320886,4.420990048899217
2020-01-30,0.008249648782152154,4.457612517624139
2020-01-31,-0.01243703854938953,4.40251634569878
2020-02-03,0.007114866572434639,4.433951357431761
2020-02-04,0.016243919061351364,4.506564266856076
2020-02-05,0.009310074392656737,4.548716631791171
2020-02-06,0.003908300534309818,4.566529169134641
2020-02-07,-0.0014576167433204444,4.559877768532947
2020-02-10,0.010624218220665655,4.608581164648159
2020-02-11,-0.004019243514537667,4.590095329113717
2020-02-12,0.007372444061748824,4.624060599852455
2020-02-13,0.0003664752412692787,4.625755514129519
2020-02-14,0.003332533869399187,4.641196715925351
2020-02-18,-0.0005214414033790465,4.6387772346601155
2020-02-19,0.006679567965381296,4.669865976568073
2020-02-20,-0.003888518470856125,4.651742376275614
2020-02-21,-0.01158743267828478,4.598151713380285
2020-02-24,-0.038554098765654195,4.4242480089877025
2020-02-25,-0.03111265563423218,4.288717198572069
2020-02-26,-0.002105877413790885,4.279695188846887
2020-02-27,-0.047683688426870305,4.0804125604917765
2020-02-28,-0.005057451818962126,4.059828166730742
2020-03-02,0.054400033897082326,4.28680063998937
2020-03-03,-0.030881681996966365,4.156440259735462
2020-03-04,0.04680639447171876,4.355613163229831
2020-03-05,-0.030452103445371463,4.224974782613379
2020-03-06,-0.01688989579138259,4.154214646604468
2020-03-09,-0.06743110639227085,3.8833271147696773
2020-03-10,0.050754407286300325,4.085510530141131
2020-03-11,-0.03996950710850096,3.9254350669458424
2020-03-12,-0.09481065419080241,3.570360374669361
2020-03-13,0.09239566758755076,3.9159666315213713
2020-03-16,-0.12790011302875132,3.4458206487602125
2020-03-17,0.05697474037880127,3.647845907021227
2020-03-18,-0.04786402461731606,3.477357986971816
2020-03-19,0.0030082081597464067,3.4878343532875733
2020-03-20,-0.04817825201253466,3.323780242522883
2020-03-23,-0.017839445968517,3.2650116030242775
2020-03-24,0.082571342112176,3.5460512434091336
2020-03-25,0.015234457302525789,3.6004870065006895
2020-03-26,0.05604486320175014,3.808037555323837
2020-03-27,-0.03753274562073036,3.6677604107013795
2020-03-30,0.03723620502939516,3.8069084850312147
2020-03-31,-0.02289453564512326,3.7207412264606075
2020-04-01,-0.03899177789524106,3.5784549354090087
2020-04-02,0.02656209767738032,3.6747798372669953
2020-04-03,-0.015490634450226692,3.6182937979430156
2020-04-06,0.06876758541138447,3.8758700770149024
2020-04-07,-0.00410890653253378,3.859977162745983
2020-04-08,0.02879092286093794,3.9727247326852524
2020-04-09,0.008292591970400021,4.0058058926103595
2020-04-13,-0.004334856531731688,3.9884788809593643
2020-04-14,0.03368026078693091,4.1250996874893655
2020-04-15,-0.017209693032274008,4.054715371531828
2020-04-16,0.009864393658019003,4.094910604994064
2020-04-17,0.018267400726775726,4.170401388908101
2020-04-20,-0.019620454759746542,4.089373716384777
2020-04-21,-0.027544933949690643,3.978269392797285
2020-04-22,0.021975132913855118,4.066660032493294
2020-04-23,0.0009358558857788819,4.070467621619613
2020-04-24,0.014488070015624308,4.129870116202626
2020-04-27,0.009583251866022319,4.169637949931783
2020-04-28,-0.009870250967891705,4.128685017257739
2020-04-29,0.027729388220039532,4.244773013064717
2020-04-30,-0.0003862153600640408,4.243133933066396
2020-05-01,-0.026232013020822502,4.13327519597627
2020-05-04,0.005774896158869183,4.157213485068615
2020-05-05,0.009503387565142848,4.1969094201772945
2020-05-06,-0.003874716771919717,4.180679049208133
2020-05-07,0.00785290573179364,4.2136387730985785
2020-05-08,0.015608610232535633,4.279923781056509
2020-05-11,0.0005123460469535789,4.2821171449196695
2020-05-12,-0.01888063804923976,4.202026501449103
2020-05-13,-0.014014491898163544,4.143547965696165
2020-05-14,0.01553540143803386,4.2084222660988075
2020-05-15,0.005707035991670229,4.2325085487057805
2020-05-18,0.023154581431288918,4.331653917749958
2020-05-19,-0.010998096940096387,4.284274984672373
2020-05-20,0.015029090951236,4.34915002841834
2020-05-21,-0.009681457529473123,4.307247085209976
2020-05-22,0.0016481512660945809,4.314351933270708
2020-05-26,0.009363987280333873,4.35494121205557
2020-05-27,0.010009454077947802,4.398750684813726
2020-05-28,-2.8709041272728947e-05,4.398624402711495
2020-05-29,0.0061647245352541265,4.425824464791136
2020-06-01,0.0006329844156077119,4.428626829536601
2020-06-02,0.00744094524847756,4.461702905323651
2020-06-03,0.007466202729716828,4.4951395507966865
2020-06-04,-0.008284252801427396,4.458054501433994
2020-06-05,0.025362442814045483,4.572567682439582
2020-06-08,0.005933395410713964,4.599779183005934
2020-06-09,0.0026626054362415166,4.612042899538002
2020-06-10,0.003689614647151058,4.629090991678661
2020-06-11,-0.055811769429532365,4.37781065647744
2020-06-12,0.008833049106759956,4.416651361375143
2020-06-15,0.0041887799958351185,4.435190543416509
2020-06-16,0.01905152548049826,4.520497724788361
2020-06-17,-0.0006363225922451437,4.517622144953121
2020-06-18,0.002184119516363554,4.527499954879448
2020-06-19,-0.007425345532704822,4.4940062085268675
2020-06-22,0.01020890109592528,4.540120058797998
2020-06-23,0.008163607498921338,4.577335516467128
2020-06-24,-0.023247959342499454,4.472149227210555
2020-06-25,0.010924529743500328,4.521273194020074
2020-06-26,-0.027066581177762075,4.400539086572782
2020-06-29,0.012744529671689434,4.456980785032807
2020-06-30,0.016147019784746575,4.5295319078316005
2020-07-01,0.008047660031825747,4.566131112177914
2020-07-02,0.0037761036147482786,4.583405891527705
2020-07-06,0.019721152539601244,4.674693124357828
2020-07-07,-0.012077348547632726,4.61857478861974
2020-07-08,0.011135035245583902,4.670290173649062
2020-07-09,-0.00347004495372851,4.654112142281186
2020-07-10,0.008660568561834784,4.694594446436757
2020-07-13,-0.009353373515893298,4.650888867011733
2020-07-14,0.01523851301333739,4.722304247683796
2020-07-15,-0.0004965833201898746,4.719959812313462
2020-07-16,-0.0047638886014696276,4.697527923497518
2020-07-17,0.0010789831996668657,4.702599212632824
2020-07-20,0.018784717973712003,4.791771125072211
2020-07-21,-0.0031500295990898597,4.7767006528745455
2020-07-22,0.005640231500055869,4.803718472116124
2020-07-23,-0.017078461975550772,4.722374937221644
2020-07-24,-0.00203792233074934,4.712760903537235
2020-07-27,0.0057877823014667405,4.740116425224042
2020-07-28,-0.0050472134912558034,4.716252319929848
2020-07-29,0.008606476527669913,4.7570178067932645
2020-07-30,-0.0016371402692714734,4.7492362728494335
2020-07-31,0.008837573925916428,4.791394011181125
2020-08-03,0.00578894804306969,4.8192115817160115
2020-08-04,0.004260176452324247,4.839786067768342
2020-08-05,0.012530616099942764,4.900813123776348
2020-08-06,0.009288809899023257,4.946547927341441
2020-08-07,-0.0029225696264597876,4.932112401303117
2020-08-10,-0.00024711478028267603,4.93089375400982
2020-08-11,-0.006292104984713217,4.899965456926295
2020-08-12,0.015484358541515275,4.976428743611013
2020-08-13,-0.0009491223199671576,4.971707744773813
2020-08-14,-0.00017621707289545922,4.970831722175073
2020-08-17,0.00483352625038511,4.994916528170417
2020-08-18,0.005509568620197579,5.022512314166215
2020-08-19,-0.0051434910456136535,4.996745389830494
2020-08-20,0.006716858160512818,5.030420789711734
2020-08-21,0.0029595318242060884,5.045330532174033
2020-08-24,0.008799535913501012,5.089923008195102
2020-08-25,0.005678489664460922,5.1189083018488075
2020-08-26,0.011382530231869185,5.177507300101126
2020-08-27,0.00305319658251505,5.193339404660591
2020-08-28,0.008353060553504751,5.236901367751023
2020-08-31,-0.004161788765155727,5.215151780461278
2020-09-01,0.006212675124340751,5.247652678420283
2020-09-02,0.014315790396011446,5.323317281300643
2020-09-03,-0.03669307585007684,5.13152857324927
2020-09-04,-0.011529625769402863,5.072703735002007
2020-09-08,-0.02810037559042828,4.932143008531488
2020-09-09,0.023619349753353912,5.050023671427596
2020-09-10,-0.019350905476683663,4.953240581001742
2020-09-11,-0.0019162144419545086,4.9437581979071785
2020-09-14,0.011521131895014226,5.001045260391521
2020-09-15,0.005986664644496896,5.031074639460344
2020-09-16,-0.009439061100591893,4.983809439021618
2020-09-17,-0.008507319601634075,4.9415904192687234
2020-09-18,-0.010237742366531341,4.891257775613188
2020-09-21,-0.010402745189312772,4.840639010857882
2020-09-22,0.015299562818205662,4.915268112057377
2020-09-23,-0.02718075264669836,4.7834667695518895
2020-09-24,0.0053453821780335455,4.809104688763055
2020-09-25,0.015989358772598532,4.886617225491299
2020-09-28,0.013894344952710181,4.954987450702384
2020-09-29,-0.005160580016286101,4.929482707719441
2020-09-30,0.010379292980363941,4.980913699933011
2020-10-01,0.008560097706474078,5.023733818600749
2020-10-02,-0.012478731412836851,4.961433516399502
2020-10-05,0.015423143341061261,5.038547558554388
2020-10-06,-0.017260868868483235,4.952324136207777
2020-10-07,0.018088446917609954,5.042719075803298
2020-10-08,0.004779510994152072,5.066878496183266
2020-10-09,0.014819149347999397,5.142524445293984
2020-10-12,0.01721568576500251,5.231822992534114
2020-10-13,-0.0038141145096653143,5.211906227103169
2020-10-14,-0.01289523436990271,5.1451289544287615
2020-10-15,-0.0030816450254832835,5.129297898756204
2020-10-16,-0.001713282141606714,5.120517488075479
2020-10-19,-0.01827535793779651,5.0277881103052575
2020-10-20,0.004055190479698466,5.048218144627531
2020-10-21,-0.002347951069855864,5.036379079645571
2020-10-22,0.0022291071017290793,5.047618230000077
2020-10-23,0.0037132410545244153,5.066396095032946
2020-10-26,-0.01759565007402074,4.978029277907448
2020-10-27,0.0031422128923904715,4.993695906734355
2020-10-28,-0.041785418440936334,4.789331690341982
2020-10-29,0.008658211314092158,4.83097877060988
2020-10-30,-0.01636396297197409,4.752568117125586
2020-11-02,0.007560090071062683,4.788634119494035
2020-11-03,0.01810807116645064,4.87613690927523
2020-11-04,0.03336597909892492,5.041578706833025
2020-11-05,0.01956857151733314,5.141206810971273
2020-11-06,-0.003163549460233443,5.124968048546714
2020-11-09,0.01007987046227453,5.176888297685113
2020-11-10,-0.004282113778626396,5.154767668302352
2020-11-11,0.007825991353225337,5.195267102912277
2020-11-12,-0.0067384381567261765,5.160376801919962
2020-11-13,0.007604330383215058,5.199767592499503
2020-11-16,0.005697178540629715,5.229476143948398
2020-11-17,-0.007836265945393304,5.188656722931926
2020-11-18,-0.011678750205591266,5.128412172434556
2020-11-19,5.473558646397247e-06,5.128440243176168
2020-11-20,-0.010109808199666325,5.076853899353384
2020-11-23,0.005339239713485118,5.104032932431649
2020-11-24,0.01354698052041429,5.173647637024805
2020-11-25,0.0015457413995430117,5.181650942290608
2020-11-27,0.002633388893929766,5.195314226809169
2020-11-30,-0.004450156940233542,5.172245630653345
2020-12-01,0.010263603815394321,5.225604871283807
2020-12-02,0.001900854988014262,5.235547435061006
2020-12-03,-0.0037781822940605855,5.215803903259296
2020-12-04,0.003909424357951472,5.236234604203744
2020-12-07,-0.0034262816104154437,5.218324489940282
2020-12-08,0.002510209584482117,5.231440032583373
2020-12-09,-0.0095940979904612,5.181489084575639
2020-12-10,-0.006128226357709963,5.149832843970586
2020-12-11,0.00017666166446296934,5.150742702378691
2020-12-14,0.0010877455706862394,5.156348448198819
2020-12-15,0.009729854074556302,5.206763835603619
2020-12-16,0.004574542588671763,5.230636961202018
2020-12-17,0.005361413142097466,5.258755878156893
2020-12-18,-0.003773150603569796,5.238951186778871
2020-12-21,-0.0009762196577637981,5.233839315205001
2020-12-22,-0.0024708122533489366,5.220923443810441
2020-12-23,-0.0009709414428521646,5.215856693026092
2020-12-24,0.005799073488315075,5.246191701753984
2020-12-28,0.01567323464654483,5.3290642391939365
2020-12-29,0.0003971504526316357,5.3311810997968845
2020-12-30,-0.0012378728764366317,5.324585858191596
2020-12-31,0.0037009801861914494,5.344328556084242
2021-01-04,-0.0077287992587312246,5.303182523035475
2021-01-05,0.005101595059203761,5.330306341334127
2021-01-06,-0.005040399194789075,5.303507065804357
2021-01-07,0.023219355628091097,5.428091874610427
2021-01-08,0.011540240231832467,5.49109620215516
2021-01-11,-0.015372517878287285,5.407329728021597
2021-01-12,0.0033424348849547033,5.425433614214851
2021-01-13,0.00532564858266225,5.4544046433385365
2021-01-14,-0.011377623535687918,5.3926981827928655
2021-01-15,-0.010160173259755531,5.338184836386611
2021-01-19,0.006942239077863965,5.375372726018186
2021-01-20,0.011190255658284125,5.435862336969549
2021-01-21,0.010080947844768677,5.490938123320123
2021-01-22,0.00043278307907590257,5.493315022731972
2021-01-25,0.00858134243695963,5.540657882175772
2021-01-26,-0.005467319120580701,5.51044799619132
2021-01-27,-0.02867274370913316,5.354691980019784
2021-01-28,0.0016193752740459454,5.363370260612391
2021-01-29,-0.02130363550498695,5.250319447752799
2021-02-01,0.018152954100036204,5.346498582262839
2021-02-02,0.016267321492210458,5.4341830556955015
2021-02-03,-0.002522623878352794,5.420491931798334
2021-02-04,0.012175091499561785,5.486890299944815
2021-02-05,0.0006819127898840068,5.49063315662292
2021-02-08,0.012762423616297668,5.561156006910066
2021-02-09,-0.0022453422583072666,5.548683316292523
2021-02-10,-0.004065763100447952,5.526169483378228
2021-02-11,0.004045588831387274,5.548571376791521
2021-02-12,0.0027988921213504088,5.564122982984454
2021-02-16,0.0013084128023265595,5.571407917540646
2021-02-17,0.00041042992226885007,5.573695059382788
2021-02-18,-0.010453873228750033,5.515731855675388
2021-02-19,-0.007864555530533763,5.472523207320874
2021-02-22,-0.023526419737184407,5.3452770220026755
2021-02-23,-0.005939632591850853,5.313622142630196
2021-02-24,0.008652451555594225,5.359797477653014
2021-02-25,-0.03579422664501241,5.171340626487117
2021-02-26,0.0002683886694808845,5.172728741986196
2021-03-01,0.02485120241621585,5.302887877918649
2021-03-02,-0.01602277621722932,5.218597974575037
2021-03-03,-0.02376306459110135,5.096049919189832
2021-03-04,-0.020878585406704536,4.990754638923943
2021-03-05,0.011236475194386333,5.047149375295918
2021-03-08,-0.020588602984417403,4.944298036413314
2021-03-09,0.03834368820626967,5.137562211229581
2021-03-10,0.003300254512464453,5.154545483245618
2021-03-11,0.01601408960360955,5.237755323132712
2021-03-12,-0.0014130512023953603,5.230359333362265
2021-03-15,0.005767674527167192,5.2606135079034075
2021-03-16,-0.0016811425044956213,5.251777096649971
2021-03-17,0.0041776080411326634,5.273762854843922
2021-03-18,-0.022408830456735845,5.156898286618234
2021-03-19,0.004310355651092069,5.1791743266283605
2021-03-22,0.012916173853161322,5.246503323134027
2021-03-23,0.001033645747075832,5.251929152690736
2021-03-24,-0.015661239772383793,5.170318163680275
2021-03-25,0.002274573128303248,5.1820918153799544
2021-03-26,0.00993059968622241,5.233809463346653
2021-03-29,0.0028167127236365,5.2485723827460165
2021-03-30,-0.0026586534463640707,5.234636780868694
2021-03-31,0.012795451889432832,5.3020466742675865
2021-04-01,0.007377687472413824,5.341308169029182
2021-04-05,0.01901484287173549,5.443844067164362
2021-04-06,-0.0006694224007794464,5.440201055492306
2021-04-07,0.004007661268632983,5.462047285460849
2021-04-08,0.008322952892282662,5.5076973558853926
2021-04-09,0.007490765474565263,5.5491091344037935
2021-04-12,0.009477459783462016,5.601950598959107
2021-04-13,0.014512281623739317,5.683840450784415
2021-04-14,-0.01345394177823079,5.607882504923091
2021-04-15,0.018814164870577604,5.714388903740287
2021-04-16,-0.0006256260025591829,5.710814951548655
2021-04-19,-0.009934043450011547,5.654364323417434
2021-04-20,-0.0025185620854320714,5.640141374023995
2021-04-21,0.006725518964884001,5.6782020973926715
2021-04-22,-0.015722619810997835,5.589624048802145
2021-04-23,0.010563270762493375,5.6489817146988965
2021-04-26,0.0024937610438593933,5.663086504915049
2021-04-27,-0.007157883257885053,5.622695522256339
2021-04-28,-0.0001594311564149714,5.621799160862921
2021-04-29,0.0040977055474311795,5.6448829013563895
2021-04-30,-0.002028810786858688,5.6334421115587
2021-05-03,-0.0026839631900304473,5.6183424328534315
2021-05-04,-0.01315535351520406,5.544915191598446
2021-05-05,-0.002407050419780384,5.531584351597326
2021-05-06,0.008724441867937483,5.580055471995055
2021-05-07,0.003670529687514205,5.600574866749013
2021-05-10,-0.016329673895900527,5.509861977266528
2021-05-11,-0.005620981376880103,5.478978026076313
2021-05-12,-0.02386596278776221,5.349764970463948
2021-05-13,0.00557409810577672,5.3796683500115945
2021-05-14,0.01539158937899522,5.463110502637431
2021-05-17,-0.005144846802017521,5.435075814964012
2021-05-18,-0.004512036872117273,5.410607794300807
2021-05-19,-0.0018714767605389395,5.400491436770041
2021-05-20,0.01450910167334474,5.479418914907783
2021-05-21,-0.00035911233588393403,5.477451541257181
2021-05-24,0.014601622030231175,5.558017987306734
2021-05-25,0.001016033512703665,5.563667989655861
2021-05-26,0.0029580095615923067,5.580149737332706
2021-05-27,-0.005079413714370758,5.551877711671967
2021-05-28,0.0043706710627547185,5.576196248380067
2021-06-01,-0.0037776349712391783,5.5551711519986355
2021-06-02,0.004011884344602307,5.577502621859611
2021-06-03,-0.004712186526117273,5.55128221539653
2021-06-04,0.013447267572092043,5.626435966520612
2021-06-07,-0.0018446273191540612,5.616066855540196
2021-06-08,0.0003189571566857018,5.617858425958111
2021-06-09,-0.0016593520416433,5.608544151077052
2021-06-10,0.007502079380590335,5.65077811771178
2021-06-11,0.0036515185375632915,5.671449757228789
2021-06-14,0.0069362620867758126,5.710925166781162
2021-06-15,-0.006602200591795765,5.6733446867072574
2021-06-16,-0.004639818175158217,5.6470823722123775
2021-06-17,0.015262888494969875,5.733934280227324
2021-06-18,-0.005510885498287452,5.70242213461899
2021-06-21,0.0046217600687612,5.728838359239722
2021-06-22,0.009047269747673468,5.7809038754583435
2021-06-23,0.003674913334806561,5.802187279577633
2021-06-24,0.0069649894387227435,5.842740515190291
2021-06-25,-0.0008089205519683652,5.838016113398207
2021-06-28,0.01157537984916776,5.905985997152326
2021-06-29,-0.002502246949746167,5.891226235690956
2021-06-30,0.003033054574351292,5.909121771723325
2021-07-01,0.0018583490479876855,5.9201131923270545
2021-07-02,0.009459886937692789,5.97638252492162
2021-07-06,0.005078897792562942,6.006813172595907
2021-07-07,0.001079626067853708,6.013301786689972
2021-07-08,-0.005196919924824516,5.9821322018911385
2021-07-09,0.007658569348728913,6.028122661984313
2021-07-12,0.009121886892823087,6.083362075892504
2021-07-13,-0.004320055093244303,6.057138301431948
2021-07-14,-0.0015295335588936438,6.047880786773527
2021-07-15,-0.007375579829541317,6.003438255419625
2021-07-16,-0.010507308955675736,5.940688517629576
2021-07-19,-0.005169553770368466,5.910057052624357
2021-07-20,0.007280144717827943,5.953240122028514
2021-07-21,0.0074419323246144005,5.9977089940645625
2021-07-22,0.0036604497892328168,6.019703537089418
2021-07-23,0.006809191844471485,6.060832722664709
2021-07-26,0.0006199150932427771,6.064591089160807
2021-07-27,-0.007169172464591584,6.021268468937742
2021-07-28,-0.0019512912096203308,6.0095306763536245
2021-07-29,-0.0009436272517179888,6.0038625941363915
2021-07-30,-0.00905437914529752,5.949746708455403
2021-08-02,0.0021213982083437295,5.962381887847742
2021-08-03,0.007773045912185311,6.008908347901598
2021-08-04,0.0009131925464169535,6.014398144456147
2021-08-05,0.006048964943028132,6.050889283528439
2021-08-06,-0.004793385080561381,6.021954444427526
2021-08-09,0.0003407526890071177,6.024006791249033
2021-08-10,-0.0022037337512707295,6.010746101047203
2021-08-11,-0.0011127288868006669,6.0040614899989695
2021-08-12,0.004737280995140001,6.03257189396785
2021-08-13,0.0031443861019545467,6.051570482986406
2021-08-16,0.000928487326304773,6.0571918987869156
2021-08-17,-0.010565540617604872,5.993531288339534
2021-08-18,-0.009570458905303076,5.936444054693815
2021-08-19,0.007657773535370359,5.982078505007195
2021-08-20,0.01250388079477114,6.057347296870802
2021-08-23,0.01388591113918308,6.142045780031015
2021-08-24,-0.0014345622427699126,6.1332409501099034
2021-08-25,0.0005933798113133652,6.136881371437063
2021-08-26,-0.00690686464776522,6.094640805304556
2021-08-27,0.009735579901247193,6.154265437075338
2021-08-30,0.012245099629199886,6.230088312408144
2021-08-31,-0.0013940038877742868,6.221409595567386
2021-09-01,0.0011569711024793771,6.22861175222632
2021-09-02,0.0011602912301216573,6.235842950154765
2021-09-03,0.005629014129867887,6.271043577701121
2021-09-07,0.002471337281423869,6.286560607497713
2021-09-08,-0.005868580397021277,6.249775465008943
2021-09-09,-0.004260016691742738,6.223207946423039
2021-09-10,-0.008510725604507125,6.170468674283964
2021-09-13,0.0014251719001455512,6.179268922292844
2021-09-14,-0.0019275837912240109,6.167369336085853
2021-09-15,0.005325182211495876,6.200299302784777
2021-09-16,-0.0007848141553047917,6.195435129110669
2021-09-17,-0.007388221587896321,6.149830557330944
2021-09-20,-0.022246993475075767,6.014525957785771
2021-09-21,0.0015759759235597214,6.024012178951537
2021-09-22,0.009980436007533294,6.084435470852932
2021-09-23,0.010598091168183851,6.149261783495056
2021-09-24,0.00018304971807856104,6.150387507159472
2021-09-27,-0.005586538599790567,6.11612392646725
2021-09-28,-0.023229017417861847,5.975689765683098
2021-09-29,-0.00011392994457255091,5.975008994460161
2021-09-30,-0.006779621853798735,5.934637698597478
2021-10-01,0.004018389719252014,5.958533364607813
2021-10-04,-0.019230596021562806,5.845041967749133
2021-10-05,0.012972815253450391,5.921362593680317
2021-10-06,0.008062457967598132,5.9692963028067645
2021-10-07,0.010812618417817544,6.034190230347418
2021-10-08,-0.004872189342494684,6.004862017336597
2021-10-11,-0.006724157021427656,5.964619831255766
2021-10-12,-0.0017932266840899153,5.953933500184558
2021-10-13,0.0027699539609709113,5.970448484179952
2021-10-14,0.021288006382507496,6.098909922273456
2021-10-15,0.012575091004852016,6.17608851646223
2021-10-18,0.006924693818481444,6.2190044568182605
2021-10-19,0.003977010090170077,6.243786747339261
2021-10-20,-0.0008829373268305812,6.238276308003538
2021-10-21,0.003653378580167448,6.261108775472416
2021-10-22,0.00016683535292172383,6.26215343690546
2021-10-25,0.01953845808005993,6.385709374969432
2021-10-26,0.011758704074621653,6.461240244101228
2021-10-27,-0.005165537031910536,6.427950522016167
2021-10-28,0.013935806191907029,6.518156279805684
2021-10-29,0.005860648012610777,6.556469058647089
2021-11-01,0.00829465719931149,6.611078893755308
2021-11-02,-0.0006543654168104001,6.606754247463232
2021-11-03,0.01179680727827801,6.685154380476818
2021-11-04,0.021580379615835747,6.830990489325538
2021-11-05,0.00026340054170819946,6.832790012908169
2021-11-08,0.00045355341896865923,6.835889751074903
2021-11-09,-0.02221487507131144,6.685705651042232
2021-11-10,-0.007199140414382744,6.63774715439791
2021-11-11,0.0022907959972725566,6.652970308923567
2021-11-12,0.002220304307676572,6.667758338447033
2021-11-15,-0.004236188225143199,6.63957220212569
2021-11-16,0.005108266128293234,6.673575679376093
2021-11-17,-0.005607236667400987,6.636260077599549
2021-11-18,0.019785454920490726,6.768869040591342
2021-11-19,0.007682558116470754,6.821071537982057
2021-11-22,-0.005797405957694445,6.781641423836071
2021-11-23,-0.00225259593479017,6.766382318684946
2021-11-24,0.007896936963501482,6.820027551052438
2021-11-26,-0.02246035728772272,6.668554730090735
2021-11-29,0.02326074297560568,6.825488388591848
2021-11-30,-0.011949921324701157,6.7444097458839884
2021-12-01,-0.019566020112225704,6.61373108870813
2021-12-02,0.008107030824621246,6.667566739292111
2021-12-03,-0.016435197952844406,6.558879554267316
2021-12-06,0.004599447346958906,6.589116258191478
2021-12-07,0.029053969180573708,6.78336441477857
2021-12-08,0.00290883654727139,6.803124839090666
2021-12-09,-0.01631572677450155,6.693027514280138
2021-12-10,0.005067178075979383,6.727028347950644
2021-12-13,-0.02056458245915495,6.590102555145155
2021-12-14,0.0007590861494099222,6.595106909845829
2021-12-15,0.026093860713655558,6.769463638005058
2021-12-16,-0.02254618125775267,6.618545787367971
2021-12-17,-0.011245115820708754,6.54453637551715
2021-12-20,-0.00959933116173051,6.4820137712462715
2021-12-21,0.021262372886949238,6.621312427187653
2021-12-22,0.016081607957950952,6.72865458165606
2021-12-23,0.009310565863326325,6.79159471275647
2021-12-27,0.016183150191849932,6.902398267091127
2021-12-28,-0.00253571212448191,6.88491794401714
2021-12-29,-0.0019248179271841518,6.871678476401212
2021-12-30,-0.005548399659091386,6.833657233949143
2021-12-31,-0.005046905598917053,6.799255295683153
2022-01-03,0.01320887503529702,6.889661577394508
2022-01-04,-0.016658070284374875,6.775843735351854
2022-01-05,-0.018959712630390382,6.648585883550822
2022-01-06,-0.007471058804445258,6.599098997349595
2022-01-07,-0.007149938959590918,6.552084119373692
2022-01-10,0.0015583363279340282,6.562302429794906
2022-01-11,0.006515117142378972,6.605196176014478
2022-01-12,0.006354626007494048,6.647303373470121
2022-01-13,-0.02370242245079095,6.491598758598644
2022-01-14,0.0028391985071470455,6.510055885427877
2022-01-18,-0.02083525109146218,6.3758205063653035
2022-01-19,-0.00845330447598024,6.322150916627054
2022-01-20,-0.0107977657301103,6.254253044470473
2022-01-21,-0.023280197155398377,6.110334526148087
2022-01-24,-0.001951356308794938,6.098422712198099
2022-01-25,-0.015339492441375545,6.005589828053564
2022-01-26,0.005358675907592159,6.037858218282055
2022-01-27,-0.011195501910331317,5.970638347268101
2022-01-28,0.027642750500321566,6.137985525579921
2022-01-31,0.02361427158927063,6.2846545078133085
2022-02-01,0.0024544654151459123,6.300098921084382
2022-02-02,0.008046703554691986,6.350998461581551
2022-02-03,-0.02402801361463571,6.20021534786025
2022-02-04,0.013807421968133613,6.28641808675176
2022-02-07,-0.004528158705084596,6.25801653985363
2022-02-08,0.007450168758227921,6.304813926925616
2022-02-09,0.011106013885815594,6.37522555044636
2022-02-10,-0.02067229446866647,6.24478787865457
2022-02-11,-0.02417950213063689,6.095602894483657
2022-02-14,0.001264646604161696,6.1033165544833885
2022-02-15,0.020911294789622847,6.232288592571621
2022-02-16,0.0006693605590876884,6.236461637228284
2022-02-17,-0.019775680940281096,6.11434283275225
2022-02-18,-0.010945633018715087,6.047782417425861
2022-02-22,-0.018710366077235384,5.9356782201388425
2022-02-23,-0.026370996908172416,5.781194367364583
2022-02-24,0.0164546872367298,5.877109071644922
2022-02-25,0.02063236710638562,5.999627318004896
2022-02-28,0.002562293764854847,6.01501983732998
2022-03-01,-0.013870581257658792,5.932163973806955
2022-03-02,0.016634920945301373,6.031670398689022
2022-03-03,-0.008458845211882907,5.980864614487489
2022-03-04,-0.004173948085905949,5.955952822508443
2022-03-07,-0.03118874169047819,5.7730610556776885
2022-03-08,-0.010928549151398867,5.710313369275945
2022-03-09,0.029971808889405684,5.884052421355063
2022-03-10,-0.0016284248181644408,5.874478481696877
2022-03-11,-0.013859129676213236,5.793624896958504
2022-03-14,-0.004968342265291491,5.764911573387536
2022-03-15,0.030856935534661987,5.945572058201029
2022-03-16,0.02277521083700747,6.082537503422394
2022-03-17,0.013629527036938571,6.166007146523238
2022-03-18,0.0181761059114872,6.279105879046836
2022-03-21,0.00040254555053011225,6.281634013990351
2022-03-22,0.01199271030021952,6.357421370496136
2022-03-23,-0.011423874555892005,6.285208248430068
2022-03-24,0.01858206071238223,6.40309224142638
2022-03-25,0.000945716616409963,6.409150616456929
2022-03-28,0.019408355096525484,6.534756647925712
2022-03-29,0.008362999676627634,6.589635973697447
2022-03-30,-0.007169131308254163,6.5425629461017145
2022-03-31,-0.015815466045111665,6.439903209606897
2022-04-01,0.002815110915328339,6.458057793019524
2022-04-04,0.014487281001638857,6.552298488435672
2022-04-05,-0.015658380731200454,6.45049919008742
2022-04-06,-0.012938057495595878,6.36757982512232
2022-04-07,0.007892084029775898,6.418032125196183
2022-04-08,-0.008206239903828731,6.36557972670454
2022-04-11,-0.025735763256106207,6.203846761137592
2022-04-12,-0.004164588190553235,6.178064018696706
2022-04-13,0.01735810763246677,6.286239665017832
2022-04-14,-0.018501116050870264,6.171006473698945
2022-04-18,0.0002748834169246285,6.172703014209043
2022-04-19,0.013711730828202097,6.2579243874750485
2022-04-20,-0.00587038433997715,6.221295583917417
2022-04-21,-0.011799906614897045,6.148316298169455
2022-04-22,-0.021791467258559846,6.015784737981971
2022-04-25,0.009366162936012234,6.07239425114935
2022-04-26,-0.037298403423662724,5.850075481226398
2022-04-27,0.0033254591394078904,5.869562051139702
2022-04-28,0.02754754940652561,6.033501803707151
2022-04-29,-0.04156849804798967,5.787839475883323
2022-05-02,0.007323202946310734,5.830380577425335
2022-05-03,0.0015844886845402448,5.839626072233467
2022-05-04,0.024477690020836534,5.984330418145757
2022-05-05,-0.04463558389140328,5.723090016433057
2022-05-06,-0.0044040085861520445,5.697940897976035
2022-05-09,-0.03128499566442329,5.522440421546871
2022-05-10,0.006446219120925361,5.558154268557916
2022-05-11,-0.028765643963981884,5.400548071265911
2022-05-12,-0.00417018576441661,5.378073676349918
2022-05-13,0.02575082712852113,5.518362040505702
2022-05-16,-0.0070963013463382265,5.479340697882454
2022-05-17,0.006447569249513573,5.514783262887593
2022-05-18,-0.05408693024138704,5.2244285430833655
2022-05-19,-0.00738702333289385,5.185977760796263
2022-05-20,-0.002246579470819057,5.174340126952085
2022-05-23,0.01957633536362833,5.276632734958971
2022-05-24,-0.010313080069958793,5.222494047221009
2022-05-25,0.010256564019725016,5.276334528945049
2022-05-26,0.02452452462840261,5.407333908039883
2022-05-27,0.02764379656188874,5.558898403829436
2022-05-31,-0.0025524426249212188,5.544727727208863
2022-06-01,-0.010426300735108519,5.487217061167468
2022-06-02,0.021201514670108917,5.604796399890846
2022-06-03,-0.024393073365326402,5.469732202661249
2022-06-06,0.003441862161528874,5.488590702524705
2022-06-07,0.00535382915387884,5.518054481082051
2022-06-08,-0.008011890357092533,5.474021064590898
2022-06-09,-0.023150107173420417,5.3487524754314295
2022-06-10,-0.03066785419254228,5.187207494485543
2022-06-13,-0.04215318637264257,4.973094643339619
2022-06-14,-0.0026636789341118136,4.959865542760984
2022-06-15,0.019446820819377125,5.057263126482608
2022-06-16,-0.027821936997374924,4.918499556874688
2022-06-17,0.0011168761423455773,4.923995980526763
2022-06-21,0.03451748563176919,5.09692734937469
2022-06-22,0.0017419888161948037,5.105813877683524
2022-06-23,0.01703715920910029,5.193547686887966
2022-06-24,0.02611273478317616,5.330951608701767
2022-06-27,-0.004275652379963783,5.308206971499576
2022-06-28,-0.029445141876162068,5.1541847946915444
2022-06-29,0.00326285739370222,5.171029630862025
2022-06-30,-0.00579900068298443,5.1411296054256965
2022-07-01,0.00817015291932193,5.183305477534451
2022-07-05,0.009059439933563045,5.230476671841404
2022-07-06,0.008863066291964615,5.2770407788905205
2022-07-07,0.016407763606019407,5.364339445977927
2022-07-08,0.0008821086911213923,5.369073464077636
2022-07-11,-0.015835111122980083,5.284723199618934
2022-07-12,-0.010450753293325742,5.229781452610466
2022-07-13,0.0007216136192452382,5.233556696102083
2022-07-14,0.004942667567390947,5.259488460298289
2022-07-15,0.015125275309531078,5.33964433294282
2022-07-18,-0.007251528078274569,5.301063805086842
2022-07-19,0.02198233480862155,5.418883799366351
2022-07-20,0.007267809265005223,5.458410676162624
2022-07-21,0.017347232913481787,5.553925057386349
2022-07-22,-0.006802460939307991,5.5162729079527395
2022-07-25,-0.002110927952126267,5.5046407349387945
2022-07-26,-0.023431061579800485,5.377160489962329
2022-07-27,0.03225847189699028,5.553447559356048
2022-07-28,0.011141171939026773,5.615665419841521
2022-07-29,0.016151656657647173,5.707104175460481
2022-08-01,0.002787514473258521,5.723035004342486
2022-08-02,-0.005846003715278157,5.68967572468734
2022-08-03,0.01839446606025664,5.795302769966744
2022-08-04,-0.0007892209938739354,5.790730799739586
2022-08-05,-0.009007214275771934,5.738806643662652
2022-08-08,-0.0043185934436492995,5.71407650905081
2022-08-09,-0.005941591315410415,5.6802264628419
2022-08-10,0.021322093627448722,5.8026412149437165
2022-08-11,-0.009434639224650678,5.748152831826913
2022-08-12,0.023390138639010474,5.884187658224275
2022-08-15,0.007101345432472159,5.926122026365734
2022-08-16,0.008145411233559385,5.97458985450944
2022-08-17,-0.007142424962549455,5.932068827179764
2022-08-18,-0.00026032360935346923,5.930524770597651
2022-08-19,-0.013911471152709685,5.848593658813218
2022-08-22,-0.021492937779094813,5.724231441263834
2022-08-23,-0.004495281740418623,5.698557157990921
2022-08-24,0.00020569911312079715,5.699729466711687
2022-08-25,0.011972866016922223,5.768381725996672
2022-08-26,-0.037394164791402285,5.5566611370341015
2022-08-29,-0.007901442422635909,5.5129285019756535
2022-08-30,-0.011428507397529184,5.4502826141558405
2022-08-31,-0.010204000612871238,5.394950710513173
2022-09-01,0.004638020631633044,5.420030719055226
2022-09-02,-0.014577568694088314,5.3415929539121025
2022-09-06,-0.004517022265589806,5.317519271218184
2022-09-07,0.018503131059898325,5.416825936073066
2022-09-08,0.007231870448018528,5.456141711428238
2022-09-09,0.0170434219492614,5.549930003269846
2022-09-12,0.012289091431441903,5.618554402631218
2022-09-13,-0.04682605260856549,5.36152449031656
2022-09-14,0.0057140041809638055,5.3922479570863695
2022-09-15,-0.009489531196324846,5.341320074918422
2022-09-16,-0.0019609287980617497,5.33085638918814
2022-09-19,0.007284062369673753,5.369828444739037
2022-09-20,-0.006744517903846393,5.3337333993187
2022-09-21,-0.015204636928084408,5.253249335521246
2022-09-22,-0.00825605689661915,5.21005675565598
2022-09-23,-0.017010200153191483,5.122182148603568
2022-09-26,-0.002045486936641868,5.111715500277096
2022-09-27,-8.078059357334938e-05,5.111302589542618
2022-09-28,0.014053273560205406,5.183640222837346
2022-09-29,-0.02613665446233503,5.049912420796744
2022-09-30,-0.01576409414201197,4.970929310227381
2022-10-03,0.012102014057501918,5.031453057554886
2022-10-04,0.02460165229365219,5.156770301303411
2022-10-05,-0.005141087496579333,5.130326926080739
2022-10-06,-0.01145554689517239,5.071891568914394
2022-10-07,-0.03648394482150057,4.890183819677193
2022-10-10,-0.007898165308000587,4.851712466028211
2022-10-11,-0.00402791596297238,4.832209480500114
2022-10-12,-0.0014635482611457143,4.825142481425983
2022-10-13,0.0209451782276071,4.927271775149051
2022-10-14,-0.025870712405148374,4.801434512359515
2022-10-17,0.03112935992781084,4.953250808084218
2022-10-18,0.01073290237318389,5.0066998842065225
2022-10-19,-0.005209626028889624,4.980684673767795
2022-10-20,-0.008448642589625613,4.9387819090983935
2022-10-21,0.026936643532461887,5.073624061197269
2022-10-24,0.011058190877642938,5.130040521601871
2022-10-25,0.015548698421068426,5.210429325621725
2022-10-26,-0.011291143002511302,5.151928515031325
2022-10-27,-0.009978639911251535,5.100774921635759
2022-10-28,0.02311592414996864,5.22005739871491
2022-10-31,-0.00929507608090288,5.1717613733866905
2022-11-01,-0.005865391293598598,5.141515757152868
2022-11-02,-0.026534837513628944,5.006880632142297
2022-11-03,-0.012599238579267884,4.944193482942887
2022-11-04,0.01019480845141659,4.99485639901098
2022-11-07,0.005685848751463975,5.023337289318781
2022-11-08,0.002421537915702695,5.0355162309614245
2022-11-09,-0.027857653756263243,4.897174448601402
2022-11-10,0.05752463197959367,5.187142811807608
2022-11-11,0.010644805282506147,5.242653865017249
2022-11-14,-0.009643716876190834,5.192338200426175
2022-11-15,0.011530001193757616,5.252552333513256
2022-11-16,-0.006467705506230938,5.218689995720136
2022-11-17,-0.0037952278906376344,5.198921414759175
2022-11-18,0.003180615508724893,5.215483509705343
2022-11-21,-0.007304422231874704,5.1775262128348025
2022-11-22,0.014217583603045305,5.251663905199138
2022-11-23,0.011204545128309455,5.310837296832093
2022-11-25,-0.00042264846363588345,5.308593153883158
2022-11-28,-0.008960514352052255,5.261237909261969
2022-11-29,-0.008296325961954874,5.217769527857494
2022-11-30,0.03564431227903635,5.407107702802538
2022-12-01,0.0020984256694990227,5.418466029538108
2022-12-02,-0.0017310724177649792,5.4090943862846155
2022-12-05,-0.0170607776718916,5.3175937846779675
2022-12-06,-0.01637413474805403,5.23123176870674
2022-12-07,-0.0014573148889475231,5.223613769023088
2022-12-08,0.014562018713911669,5.300236668529154
2022-12-09,-0.006032379034535487,5.268359875087312
2022-12-12,0.012168203130153642,5.33285796531709
2022-12-13,0.0056408994498401525,5.363025085733735
2022-12-14,-0.002652979636139981,5.348815946006363
2022-12-15,-0.022924201579438596,5.227593384945275
2022-12-16,-0.01771418410012164,5.135806201024331
2022-12-19,-0.00922311894100252,5.08865582059815
2022-12-20,-0.0039317159112678204,5.068687951258722
2022-12-21,0.012572226036318551,5.132814906516482
2022-12-22,-0.020413583372618047,5.029097980216768
2022-12-23,0.002438611554317672,5.041376962407964
2022-12-27,-0.014784471656896014,4.967391135923483
2022-12-28,-0.01099778579692946,4.91306014018358
2022-12-29,0.019082080135288434,5.007711750218331
2022-12-30,-0.002062796002518455,4.99739250934177
2023-01-03,-0.02040366721444902,4.896460568065747
2023-01-04,-0.0013849905357058339,4.889683710545563
2023-01-05,-0.014456874114525703,4.819502690093564
2023-01-06,0.020224648218791236,4.917967791312588
2023-01-09,-0.0051311240233673765,4.892797719237208
2023-01-10,0.0002295629764419161,4.893921053377796
2023-01-11,0.014425730750952739,4.965031114938294
2023-01-12,0.0016178706197803284,4.973070394408906
2023-01-13,0.0016008610383861188,4.981037964829417
2023-01-17,0.0019500899834979696,4.990760914304
2023-01-18,-0.018704232085905485,4.89828015087963
2023-01-19,-0.0059308020729567645,4.86931539781709
2023-01-20,0.015455131411822646,4.945155859723257
2023-01-23,0.012288537661062844,5.006299507322894
2023-01-24,0.0036697596149463693,5.0247051746064715
2023-01-25,0.0007569546921470116,5.028510088657138
2023-01-26,0.017414935435688002,5.116848236168529
2023-01-27,0.012382003744612312,5.1805989364063345
2023-01-30,-0.019314556873197757,5.081498088885542
2023-01-31,0.01713749992559271,5.169332745518396
2023-02-01,0.01119369447883679,5.227521744285267
2023-02-02,0.0101523400617775,5.28086363706947
2023-02-03,8.419550268275198e-05,5.281308280756229
2023-02-06,-0.0016350602945940172,5.272680079020126
2023-02-07,0.010688801091617005,5.329340986730351
2023-02-08,-0.001149646579209122,5.323217648607309
2023-02-09,0.00013802299429190753,5.323952425753341
2023-02-10,-0.00240593181118938,5.311158755771113
2023-02-13,0.009747101985511635,5.363180279511116
2023-02-14,0.008846933363633406,5.410838481687358
2023-02-15,2.732173369981967e-05,5.410986317194999
2023-02-16,-0.021792546826780765,5.294342741075505
2023-02-17,0.0070221807611917245,5.331651413625738
2023-02-21,-0.019042594071175974,5.231083515833329
2023-02-22,-0.00022272780736999265,5.229918537812994
2023-02-23,0.0032537146910793795,5.246962914324838
2023-02-24,-0.013937713465534364,5.174339526294266
2023-02-27,0.005998121658572625,5.205469110462015
2023-02-28,-0.006328554327151188,5.172630037927417
2023-03-01,-0.007625560880763865,5.1333358432068295
2023-03-02,-0.0026176818688248187,5.11991597517912
2023-03-03,0.017649685364113897,5.211083049702604
2023-03-06,0.0009208510590610593,5.215883891138492
2023-03-07,-0.018144611783352728,5.122097138019293
2023-03-08,-0.005125698202086041,5.095909984983742
2023-03-09,-0.01548865914287313,5.017589279306394
2023-03-10,-0.005617802723749883,4.989480481352715
2023-03-13,0.009501961385078887,5.037116290619843
2023-03-14,0.01818717718337289,5.1295653626232
2023-03-15,0.0020086247299505294,5.13987908919997
2023-03-16,0.013333408288452434,5.208870116318201
2023-03-17,-0.0044926767631199346,5.185520836242282
2023-03-20,0.009075289898649959,5.232795130607441
2023-03-21,0.015122001129854123,5.3125267962737075
2023-03-22,-0.012095099645609304,5.248658281941495
2023-03-23,0.005337531022718924,5.27674805668307
2023-03-24,0.005465968638666454,5.30566956609993
2023-03-27,5.255157272122373e-05,5.305948394706344
2023-03-28,-0.004913646657982852,5.2799407875324205
2023-03-29,0.01035335972160443,5.334889876817099
2023-03-30,0.007755607525700191,5.376426049824558
2023-03-31,0.018838909236492375,5.478672130563022
2023-04-03,0.0017395115911522394,5.488210638005174
2023-04-04,-0.002925225591400215,5.4721798420743575
2023-04-05,0.0015879992259707305,5.480876562793256
2023-04-06,0.006443824755764687,5.516308406565303
2023-04-10,-0.003759341006720398,5.495609653379942
2023-04-11,-0.0016052324351107222,5.4867949991908125
2023-04-12,-0.005679623772176337,5.455720397437754
2023-04-13,0.01643543195663745,5.54612843124681
2023-04-14,-0.00497388593076533,5.518611111806886
2023-04-17,0.0011003831264533262,5.524687040667492
2023-04-18,-0.0032652469429902482,5.506676992825485
2023-04-19,-0.004950664226603278,5.479482654590696
2023-04-20,-0.013363488944220049,5.406744747301236
2023-04-21,0.006818768154780354,5.443738067305916
2023-04-24,-0.0017654177642298504,5.43413607367702
2023-04-25,-0.008682757455205801,5.387157037107216
2023-04-26,-0.005013487530437061,5.3602161827258925
2023-04-27,0.023221871932343253,5.486146951524458
2023-04-28,0.008083237632793996,5.530672493855149
2023-05-01,0.0015322398596387306,5.539153306361081
2023-05-02,-0.005958598014384942,5.5062458569642985
2023-05-03,0.0015414647810392489,5.51474008612416
2023-05-04,-0.0033012776198632645,5.496564416072052
2023-05-05,0.0197160180413805,5.6060101510055125
2023-05-08,0.002520672811080978,5.620158893054981
2023-05-09,-0.007103778337387508,5.580376001777522
2023-05-10,0.004709726360535228,5.606720033629544
2023-05-11,0.001736689718313979,5.6164656267516335
2023-05-12,-0.003736283469705822,5.595520072702241
2023-05-15,-0.0023403227272276944,5.5824400615991205
2023-05-16,-0.002152779826957464,5.57043522377199
2023-05-17,0.009997024631951831,5.626402287859936
2023-05-18,0.006370345346879637,5.66235881965978
2023-05-19,0.0021872045751313803,5.674757110632902
2023-05-22,0.00451356318294247,5.700428376257509
2023-05-23,-0.01023404849571738,5.6423874193716514
2023-05-24,-0.00505046222134827,5.613962594543583
2023-05-25,0.007205560667530854,5.6545604320408325
2023-05-26,0.01295738335330556,5.728305478899473
2023-05-30,0.0036452014263869824,5.749224409897152
2023-05-31,0.0021858981258304736,5.761805374103286
2023-06-01,0.013054833440159905,5.837517915590079
2023-06-02,0.013307854084810219,5.915721962096759
2023-06-05,0.0024279158690474712,5.93010228737131
2023-06-06,-0.0005123822245289655,5.927064586668003
2023-06-07,-0.005700919644870367,5.893371001195886
2023-06-08,0.016210515173860483,5.98968411473634
2023-06-09,0.008184172044846607,6.038905864919699
2023-06-12,0.010012581436308114,6.099674620052673
2023-06-13,0.008200624105819338,6.149901422864434
2023-06-14,-0.0027072437337702505,6.133274657282576
2023-06-15,0.011147852983545436,6.2020300268011
2023-06-16,-0.0028672692757064464,6.184272606476756
2023-06-20,0.0075558105927324825,6.231176775305517
2023-06-21,-0.011027328518595664,6.162841014865627
2023-06-22,0.010580008733991017,6.228390069973235
2023-06-23,-0.0091734361237689,6.171515597523293
2023-06-26,-0.019128199541977906,6.054587492949904
2023-06-27,0.01477482115584922,6.14470705112401
2023-06-28,0.002240937680874257,6.158492396974349
2023-06-29,0.0023985814587031834,6.173281772321533
2023-06-30,0.015613220779557681,6.270422953566302
2023-07-03,0.008416810554379213,6.323422646965279
2023-07-05,0.0010126062667062787,6.329829027387699
2023-07-06,-0.007427305637263019,6.282989613216114
2023-07-07,-0.011581559669417955,6.2106425487033246
2023-07-10,-0.004185579162540713,6.184701739192923
2023-07-11,-0.0013997105725840674,6.176051002456501
2023-07-12,0.005708517043597786,6.211407916624636
2023-07-13,0.005822803944134642,6.2476812308514535
2023-07-14,0.011776108769364775,6.32168951411207
2023-07-17,0.007472169915075063,6.369103173165261
2023-07-18,0.010021676088883756,6.433253170488082
2023-07-19,0.00025956819611164516,6.434923255149729
2023-07-20,-0.016740371461064673,6.328096900702854
2023-07-21,-0.0015582859964388101,6.318243595046354
2023-07-24,0.009097691822061882,6.375987297056585
2023-07-25,9.308355117102793e-05,6.376580824219796
2023-07-26,-0.004181644944888269,6.349971900560049
2023-07-27,-0.010613541151717424,6.282932603962699
2023-07-28,0.015813247369505536,6.383075879831759
2023-07-31,-0.00092478255948465,6.377175651216985
2023-08-01,-0.005900442457508956,6.339658286618918
2023-08-02,-0.012547264646304162,6.260609874077528
2023-08-03,0.0018205607553519125,6.272018076230422
2023-08-04,-0.010240504609391765,6.208117193282275
2023-08-07,0.005943172917730614,6.245122964178908
2023-08-08,0.010944509973668987,6.313848170596798
2023-08-09,-0.008174400320594487,6.262446622725734
2023-08-10,0.0009090913747480514,6.268142347510143
2023-08-11,0.0010014102547788936,6.274422473501818
2023-08-14,0.004274893168571719,6.301302372684028
2023-08-15,-0.00936619217437273,6.242558695440535
2023-08-16,-0.008441701802759454,6.19008268150799
2023-08-17,-0.011730205152863602,6.117895952039213
2023-08-18,0.0016987407261190878,6.128297503319158
2023-08-21,0.014999324467960071,6.220910657045284
2023-08-22,0.000701975011032376,6.225279113966806
2023-08-23,0.008601005970704637,6.279053703068455
2023-08-24,-0.014621760926983874,6.187910839381053
2023-08-25,0.011739840202765068,6.260984018279066
2023-08-28,0.0032947809260950108,6.281646609665035
2023-08-29,0.01937507660463151,6.404540690599868
2023-08-30,0.0015609947003934908,6.414545951724489
2023-08-31,-0.00043208832397035056,6.411774900027832
2023-09-01,-0.0059754206467036945,6.3735760885509665
2023-09-05,0.007071703035343547,6.418807870287001
2023-09-06,-0.00987781635783777,6.355716181957347
2023-09-07,0.0016157456706223496,6.36599370355666
2023-09-08,0.0024274081351797518,6.381465338850893
2023-09-11,0.021341381002079423,6.519118249086613
2023-09-12,-0.007601849588769264,6.469748780091604
2023-09-13,0.0037851472645704493,6.49428413766597
2023-09-14,0.005788471308774244,6.531985125341975
2023-09-15,-0.01132267959938235,6.458442685059493
2023-09-18,-0.0054188191687281,6.423540202563327
2023-09-19,0.0007197475204298126,6.42816519390987
2023-09-20,-0.009204082828654718,6.369271277039953
2023-09-21,-0.015193602075131814,6.273230553556496
2023-09-22,-0.006802634063012665,6.230700882609735
2023-09-25,0.00481686805930781,6.260785745917239
2023-09-26,-0.01180988523700466,6.187281477573401
2023-09-27,-0.004652754916157827,6.158560441045958
2023-09-28,0.005322067957690044,6.191424091956237
2023-09-29,-0.0004661002716178292,6.1885389399425765
2023-10-02,0.008285741022247568,6.240028591284796
2023-10-03,-0.013694676382368771,6.155155897591371
2023-10-04,0.014761258969348236,6.2466876477080495
2023-10-05,0.001624136258361148,6.256841362887868
2023-10-06,0.011109066307685343,6.326736544749694
2023-10-09,0.0030597176499311744,6.346124217498973
2023-10-10,0.00592565251229264,6.383840781675481
2023-10-11,0.006542282926103901,6.425742591517152
2023-10-12,-0.0012537755517537713,6.417691200927085
2023-10-13,-0.0064414134040158225,6.37648505419191
2023-10-16,0.009891013758417125,6.439867899149853
2023-10-17,-0.00407860868674865,6.413655689005636
2023-10-18,-0.013050981622717705,6.330495030963774
2023-10-19,-0.021119881927622878,6.198197693004205
2023-10-20,-0.014813356391725116,6.107058288427873
2023-10-23,0.0003333187732965822,6.109094224894096
2023-10-24,0.009975720675397213,6.170341829036352
2023-10-25,-0.004521505482474248,6.142505572943604
2023-10-26,-0.02144339794338591,6.012191562534892
2023-10-27,-0.0041974084818029115,5.987008826763387
2023-10-30,0.005647739514579878,6.020917556793604
2023-10-31,0.0025032440700634836,6.036008262944177
2023-11-01,0.01056428408217877,6.100112379817974
2023-11-02,0.02232664649016586,6.2378392003750855
2023-11-03,6.118887380030448e-05,6.2382208984084215
2023-11-06,0.009567180529018246,6.298189491687916
2023-11-07,0.007168157902104606,6.343498104100156
2023-11-08,0.0038487000903767244,6.3679593676660105
2023-11-09,-0.016914953801370113,6.26115150082438
2023-11-10,0.014729079825717886,6.3540550131258895
2023-11-13,0.00800763428233327,6.405140224752381
2023-11-14,0.013692836354777861,6.493447973698509
2023-11-15,0.0006075282703267432,6.497394125492439
2023-11-16,-0.009168145673115585,6.438097305942486
2023-11-17,-0.001673875722949868,6.427329745453229
2023-11-20,0.006824404725493891,6.471342454394825
2023-11-21,0.0017072264563343577,6.482399937569177
2023-11-22,-0.0009476784755449184,6.476259616662996
2023-11-24,0.0027393571725836782,6.4940247262764075
2023-11-27,-0.0027878267621181565,6.475945722624877
2023-11-28,0.00890694493593497,6.53388425922276
2023-11-29,-0.006220301339021307,6.493367673541585
2023-11-30,0.0018887816910184185,6.505643817344656
2023-12-01,-0.006202907614777857,6.4654148071755175
2023-12-04,-0.005935894024001961,6.427150468940322
2023-12-05,0.004282090906383392,6.454731120802677
2023-12-06,-0.004332956256557293,6.42682355799539
2023-12-07,0.0045803208276282105,6.456327990094054
2023-12-08,0.004469601866914592,6.485249792053632
2023-12-11,-0.009063430909399773,6.426736743668275
2023-12-12,0.0023138387877496753,6.441624393593172
2023-12-13,0.00796901275743349,6.493162863178831
2023-12-14,-0.006064693046237384,6.453902993377183
2023-12-15,0.002942655923940306,6.472922579577613
2023-12-18,0.005425532357091799,6.508137072781934
2023-12-19,0.006717091410112097,6.55199997504948
2023-12-20,-0.017485350748671365,6.43843174107377
2023-12-21,0.010337686466849466,6.50533544870797
2023-12-22,-5.503307221879773e-06,6.505299647946925
2023-12-26,0.003116638124982321,6.525605940089303
2023-12-27,0.006899175716124472,6.570782904836578
2023-12-28,-0.0042966072504471145,6.542611395660948
2023-12-29,-0.0026806694024129954,6.525096304054399
2024-01-02,-0.009200646337940169,6.465336536447482
2024-01-03,-0.0055154682083993775,6.42977533680589
2024-01-04,-0.0023726714821497453,6.414537676357277
2024-01-05,0.0017777510996072365,6.42595127002328
2024-01-08,0.018038344856916376,6.542916553611686
2024-01-09,0.002202508966451327,6.557343267639206
2024-01-10,0.0077066556018303865,6.608073683704684
2024-01-11,0.0012255755128115445,6.616177341806422
2024-01-12,-0.00045375102928263075,6.61317592552702
2024-01-16,0.0006968633603385353,6.617786011638481
2024-01-17,-0.004796918950811679,6.5861170459639915
2024-01-18,0.008262347855724125,6.640759261661219
2024-01-19,0.014110041344569507,6.735124834848187
2024-01-22,0.0015120138086570246,6.745316139356477
2024-01-23,0.005670865537229378,6.783676585854052
2024-01-24,0.0031661259893255226,6.805188597494942
2024-01-25,-0.009996684648760606,6.737498176717504
2024-01-26,0.0011628577144722763,6.7453374855655435
2024-01-29,0.010552120631525871,6.816891962199887
2024-01-30,0.000534067270688513,6.820533613441529
2024-01-31,-0.012253489856154666,6.737468233728729
2024-02-01,0.015160452697335701,6.840389497388671
2024-02-02,0.013346620781391254,6.932297548648902
2024-02-05,0.009759084368501996,7.00028161685792
2024-02-06,0.00030368971748281415,7.002407853246166
2024-02-07,0.014456120029329892,7.104370719713014
2024-02-08,0.0026559107966344577,7.123264373434146
2024-02-09,0.00790517135100445,7.179798159108534
2024-02-12,-0.004987071125389354,7.144081130729702
2024-02-13,-0.0076061997753927146,7.089947957289629
2024-02-14,0.009628004496954617,7.158539678946381
2024-02-15,0.004699238837050921,7.192258531041247
2024-02-16,0.0012147091239144451,7.201000341403966
2024-02-20,-0.010811937353242044,7.123562955270627
2024-02-21,-0.004118351307547631,7.094285948339431
2024-02-22,0.03812601943650669,7.3699850923610875
2024-02-23,-0.002143263345160339,7.354206188671339
2024-02-26,0.004980164725015921,7.390922698158341
2024-02-27,-0.003311460414810025,7.3664884291002215
2024-02-28,-0.003245060115372059,7.342622475478901
2024-02-29,0.00042106190538455793,7.3457148250785655
2024-03-01,0.018818934275994577,7.485262298550643
2024-03-04,0.0007770461256339105,7.491080953007761
2024-03-05,-0.011873690271414578,7.402660157371969
2024-03-06,0.006860831903185831,7.453623188837548
2024-03-07,0.015850519723009493,7.57270827724718
2024-03-08,-0.028688907876601062,7.3585423296421775
2024-03-11,-0.006447804619749365,7.311248520883802
2024-03-12,0.021052055118888337,7.46679688941225
2024-03-13,-0.007878642270927957,7.408199803657067
2024-03-14,-0.00541615311913044,7.368184321991446
2024-03-15,-0.006357344211160534,7.321490818644804
2024-03-18,0.008489186018868758,7.383908880556299
2024-03-19,0.005513366252157842,7.424731506222938
2024-03-20,0.011170247466658099,7.5081325323803725
2024-03-21,0.0040704129158025786,7.538756014841523
2024-03-22,0.0024495073702243218,7.5572448883335746
2024-03-25,-0.0020091627034189755,7.542076396849607
2024-03-26,-0.004159749108348749,7.510768413106272
2024-03-27,0.0002926247050781782,7.5129665711000495
2024-03-28,-0.002486197969929458,7.4943110491326825
2024-04-01,-0.004212352485799733,7.4628087652984565
2024-04-02,-0.010912470885581631,7.381813813202738
2024-04-03,0.0008954210969187081,7.388426605199505
2024-04-04,-0.011699757376897272,7.302487520051588
2024-04-05,0.010726747592945587,7.381241090179751
2024-04-08,-0.0010332017970905475,7.3736187170235175
2024-04-09,-0.0027464461280703165,7.353395254485546
2024-04-10,0.0006663049050672339,7.358296490489973
2024-04-11,0.014852428952959436,7.468400699776901
2024-04-12,-0.012101020637309,7.378570046268255
2024-04-15,-0.015729889193427108,7.263414027150589
2024-04-16,0.0014182410077130205,7.273722607077388
2024-04-17,-0.01011929802789266,7.200488802519743
2024-04-18,-0.004178790891597678,7.170462246540404
2024-04-19,-0.024934256892130618,6.993882687345746
2024-04-22,0.011000191918519496,7.071241439663464
2024-04-23,0.012534036453484918,7.160430418953722
2024-04-24,0.0029560581445570947,7.181628383383763
2024-04-25,0.008397935940073773,7.242193192239666
2024-04-26,0.015814331379821488,7.357634039300499
2024-04-29,0.009623901124295522,7.428785007582382
2024-04-30,-0.008515189116142172,7.365796060340746
2024-05-01,-0.012519119057921664,7.274157595787906
2024-05-02,0.008002077551014647,7.332599485402511
2024-05-03,0.014159930715858186,7.437167174521804
2024-05-06,0.017326545897440246,7.567150421433988
2024-05-07,0.0005224214861694166,7.571104696212339
2024-05-08,-0.001325827258725986,7.561073370599339
2024-05-09,-0.0004964538057922338,7.557320578569652
2024-05-10,0.002921334918809074,7.57943032232763
2024-05-13,0.0007384573866594146,7.585029475749481
2024-05-14,0.00844695015244544,7.649371204754855
2024-05-15,0.016834694253033546,7.779236080921087
2024-05-16,0.003684161000119231,7.8079488979447955
2024-05-17,-0.0017297654144055406,7.7944546522880644
2024-05-20,0.004602767915460186,7.830413409503538
2024-05-21,0.01116436325162239,7.918324813515203
2024-05-22,-0.004408631900758235,7.883492671604317
2024-05-23,0.007144824542913477,7.940020543921215
2024-05-24,0.011020637261133396,8.028008581762844
2024-05-28,0.009962648638885857,8.108388544357947
2024-05-29,-0.0033544559687066003,8.081234880355805
2024-05-30,-0.007726383028997929,8.019036757005003
2024-05-31,0.0004346706871787348,8.02252315488527
2024-06-03,0.01059444569900309,8.107969168172902
2024-06-04,0.0073789826403439125,8.168019012821055
2024-06-05,0.01841148709122838,8.319797334242782
2024-06-06,0.0008341889339617861,8.326740512670488
2024-06-07,-0.0004518271180945996,8.32297911531618
2024-06-10,0.006313266957107928,8.375690519855963
2024-06-11,0.005220641068614119,8.419531332762354
2024-06-12,0.012127822713067204,8.522263616367214
2024-06-13,0.024310440571897924,8.731982449660268
2024-06-14,0.006336943026416117,8.787492220320484
2024-06-17,0.012939817841339171,8.90193963638389
2024-06-18,0.004606684763776961,8.943042667739903
2024-06-20,-0.014892652895787077,8.810843876182357
2024-06-21,-0.013084282482187477,8.696311228735876
2024-06-24,-0.014019749248429457,8.57524179054921
2024-06-25,0.012948667686891489,8.687001756617345
2024-06-26,0.0072979827644020865,8.750631246761092
2024-06-27,-0.0037652518561210008,8.71774486781951
2024-06-28,-0.0021624794515054183,8.69891329246529
2024-07-01,0.008985902962858795,8.777433140712994
2024-07-02,0.009590048776052625,8.862014072054956
2024-07-03,0.01698056963884277,9.013781017049066
2024-07-05,0.007344980731417691,9.080230802393064
2024-07-08,0.006564299939516882,9.140032223395197
2024-07-09,0.008532282095578918,9.21835120136111
2024-07-10,0.0110006997782166,9.32031934755148
2024-07-11,-0.02927127410781141,9.051455909595067
2024-07-12,0.006891368058121536,9.114048249441733
2024-07-15,0.0036571028958627453,9.147440283523538
2024-07-16,-0.0002826013610753534,9.144855569688085
2024-07-17,-0.026932048591694617,8.901852843758386
2024-07-18,-0.004309492171929496,8.863572921369137
2024-07-19,-0.009581337684574536,8.779053586846349
2024-07-22,0.016755347523512498,8.927388915301213
2024-07-23,0.0005515163521412251,8.932313874242785
2024-07-24,-0.0397910251655745,8.583866462221179
2024-07-25,-0.01314849464307898,8.471740300530712
2024-07-26,0.004443539384679339,8.509468573667855
2024-07-29,0.0011010479005361257,8.518843066111119
2024-07-30,-0.0268801376985038,8.292905610363867
2024-07-31,0.038961283787510875,8.62238464481475
2024-08-01,-0.020796702405850694,8.44491922127352
2024-08-02,-0.011779574095406432,8.346025277374206
2024-08-05,-0.03381807143699237,8.0684979668175
2024-08-06,0.013124218881654645,8.17508862980367
2024-08-07,-0.02031457674245912,8.010690655722733
2024-08-08,0.03765367459269809,8.318073321998122
2024-08-09,0.011708801164947581,8.416040407926833
2024-08-12,0.00616792771828567,8.468110353591591
2024-08-13,0.025419342740513176,8.686123286937093
2024-08-14,0.007422483262557557,8.750835758166719
2024-08-15,0.02702192645458033,8.990524033367619
2024-08-16,0.0017236568450234573,9.006033974726382
2024-08-19,0.012610786185555948,9.120326286843675
2024-08-20,0.000982475493720252,9.129291187091509
2024-08-21,0.0038688778139510886,9.164679712019916
2024-08-22,-0.014193171608734971,9.035522582953062
2024-08-23,0.015091637784903075,9.172917566919415
2024-08-26,-0.008307500857328088,9.097029204137197
2024-08-27,0.004856612535168945,9.141317408476024
2024-08-28,-0.011191187929210202,9.039585519543307
2024-08-29,-0.010448934085219056,8.945623244004
2024-08-30,0.014644549900350483,9.077591821679826
2024-09-03,-0.028468839723743505,8.822807233640324
2024-09-04,0.0009700909623704531,8.831370312011341
2024-09-05,-0.0019337347974403252,8.814309284997133
2024-09-06,-0.028655151347575906,8.56531839161418
2024-09-09,0.015557629357084725,8.699616411103401
2024-09-10,0.0126747579317734,8.810583699406347
2024-09-11,0.02299424029616413,9.015523566587444
2024-09-12,0.013223372706032577,9.135530896999622
2024-09-13,0.0031905376131905914,9.164724699139937
2024-09-16,-0.007740378186633242,9.09406010215773
2024-09-17,-0.008604555830196413,9.016145445514418
2024-09-18,-0.004080373898607417,8.979431155926347
2024-09-19,0.019657408589222835,9.157689814605764
2024-09-20,0.001533825801668318,9.171746893326185
2024-09-23,0.0066189072948088295,9.232655186552208
2024-09-24,0.007732995824614591,9.304328036319202
2024-09-25,0.005675990976536462,9.357289480447971
2024-09-26,-0.0022770288788677385,9.336006901791773
2024-09-27,-0.010332855197467936,9.240035975080414
2024-09-30,0.005237548678896672,9.28855807079268
2024-10-01,-0.01443290313091395,9.155460018031032
2024-10-02,0.0016825694065343917,9.170877681967616
2024-10-03,0.0017617576957275859,9.18704878690204
2024-10-04,0.011167617613918917,9.2902212578399
2024-10-07,-0.006736909966077324,9.227844223811925
2024-10-08,0.019092569892594558,9.405720135413539
2024-10-09,0.008567621103915134,9.4866509790911
2024-10-10,-0.0018123692614768782,9.469473235371538
2024-10-11,-0.004223633761626477,9.42956199307666
2024-10-14,0.008448306043793973,9.5095632805002
2024-10-15,-0.014076891580936297,9.376635985829195
2024-10-16,0.005401775667202536,9.427423517870231
2024-10-17,0.003715461385821994,9.462515897740005
2024-10-18,0.003032617734905607,9.491255647579777
2024-10-21,0.004471615586120664,9.533791926331595
2024-10-22,0.002603614346530286,9.558646585701272
2024-10-23,-0.012064537424827942,9.444018792254855
2024-10-24,0.010193467137494753,9.540778407609103
2024-10-25,0.004206827473929033,9.58099935831998
2024-10-28,-0.0015503291172675987,9.566157164157934
2024-10-29,0.003161992711226317,9.596453155996027
2024-10-30,-0.013701438213770492,9.46586461436121
2024-10-31,-0.023517911046562406,9.245844598810576
2024-11-01,0.0025218320719962444,9.269190491089883
2024-11-04,-0.0028661502007095332,9.242661634907472
2024-11-05,0.015753398473816776,9.389417886431533
2024-11-06,0.021543453439060032,9.593893015335434
2024-11-07,0.017770976523522015,9.765909788909255
2024-11-08,0.015100141849077509,9.914495420772877
2024-11-11,-0.0015167088871145275,9.899469415375389
2024-11-12,-0.0041327725814225575,9.858641583787316
2024-11-13,-0.0032416067099574164,9.826735486526868
2024-11-14,-0.01137068027454389,9.715631679172711
2024-11-15,-0.01573968363816887,9.563907884754798
2024-11-18,0.0036739908885445355,9.599110222118263
2024-11-19,0.015246117939917396,9.746580708353052
2024-11-20,0.00040780066938436444,9.750556181035245
2024-11-21,0.005217880046267754,9.801566380388216
2024-11-22,0.0028996204296576826,9.830028447160636
2024-11-25,-0.008706066138979259,9.744819026982967
2024-11-26,0.0113827348660396,9.856375422223005
2024-11-27,-0.007354939638566453,9.784148314540456
2024-11-29,0.012393478927255272,9.90616247872395
2024-12-02,0.009163343665894443,9.99735321788523
2024-12-03,0.003929166673559562,10.036711757467874
2024-12-04,0.013941220638589172,10.177615674725729
2024-12-05,0.001809202983346548,10.196045714181857
2024-12-06,0.00677694311324061,10.265378402455942
2024-12-09,-0.00992554781612725,10.163992884021432
2024-12-10,-0.0036165204959512877,10.1273009839318
2024-12-11,0.01688266086833342,10.299728191515111
2024-12-12,-0.009724279475874743,10.200056160824204
2024-12-13,0.026813929600934833,10.477259596751775
2024-12-16,0.018286002998641707,10.67060920529324
2024-12-17,-0.0037752867683211117,10.630400542923205
2024-12-18,-0.0320697986250939,10.29489430141351
2024-12-19,-0.003543990520869555,10.258473868550011
2024-12-20,0.004538160856748924,10.3051342692317
2024-12-23,0.016998118181503343,10.481799393020028
2024-12-24,0.018660787696160686,10.67923444366376
2024-12-26,0.0012851088441885872,10.692967244478384
2024-12-27,-0.01795465174970133,10.502692015717683
2024-12-30,-0.01408224617727644,10.355827042634969
2024-12-31,-0.011516067515367616,10.23725270471435
2025-01-02,-0.007647489332200231,10.159262020427889
2025-01-03,0.015790880939425777,10.320959026570062
2025-01-06,0.002476699438715763,10.346552620735652
2025-01-07,-0.016044447546158375,10.181872533148445
2025-01-08,0.004163313310937798,10.224351223286476
2025-01-10,-0.01048567710229712,10.117702099084125
2025-01-13,-0.0010696549986953083,10.106885434539514
2025-01-14,-0.008742492493019926,10.018911181952229
2025-01-15,0.01999083965317698,10.221212983151991
2025-01-16,-0.0036201408369291826,10.184277648523086
2025-01-17,0.012091743995208288,10.308170859585935
2025-01-21,0.014444068787731888,10.458143287187154
2025-01-22,0.010592155562145305,10.569506313842911
2025-01-23,0.004260400844238271,10.614632707470877
2025-01-24,-0.002052376526204227,10.592869824921651
2025-01-27,-0.03876808332326166,10.190063037552127
2025-01-28,0.010072873068442074,10.293224945233314
2025-01-29,-0.00704048875909874,10.221010122832215
2025-01-30,0.019612940439736035,10.423452945730768
2025-01-31,-0.004857976042103893,10.372938858501229
2025-02-03,-0.004905076073863571,10.322183385781885
2025-02-04,0.012522366593355616,10.452254247999472
2025-02-05,0.013816292293593966,10.597667873232568
2025-02-06,0.006709207378412766,10.669008877910503
2025-02-07,-0.007236209828843637,10.592084347689571
2025-02-10,0.010624290667873865,10.705217646942502
2025-02-11,-0.006217341673637045,10.638866129903363
2025-02-12,-0.0008760193951955144,10.629550357824941
2025-02-13,0.013864654063934284,10.777951786383444
2025-02-14,-0.007390459264096377,10.698591388862706
2025-02-18,0.0028889267146544693,10.72954352303186
2025-02-19,0.0052087177912220365,10.785576490544752
2025-02-20,-0.014284885711375336,10.632600983179348
2025-02-21,-0.020494346891277708,10.416910537125682
2025-02-24,-0.006042724563205962,10.354153817696117
2025-02-25,-0.003132551016946392,10.321769651632854
2025-02-26,0.0029673350680550752,10.352443287655474
2025-02-27,-0.022270915148675935,10.124433321136921
2025-02-28,0.01942003380739846,10.322971730167632
2025-03-03,-0.021143364156647484,10.107000603405831
2025-03-04,-0.01555148871066726,9.951037569579897
2025-03-05,0.01297446048236446,10.080988109408949
2025-03-06,-0.027585274268178264,9.806701811789418
2025-03-07,-0.004235027971547371,9.765257975154409
2025-03-10,-0.03879916095314999,9.393630200898409
2025-03-11,-0.0027053795301915933,9.368251211417261
2025-03-12,0.010812088223543116,9.470091129003006
2025-03-13,-0.014869587606378978,9.330316549885692
2025-03-14,0.019670090337207943,9.515661620449663
2025-03-17,0.00679039131947207,9.580496564712641
2025-03-18,-0.0191703049807434,9.39858474723474
2025-03-19,0.0162233008731627,9.552304363653642
2025-03-20,-0.0015215488267357152,9.537781117872202
2025-03-21,0.0032005189541262956,9.568355868555887
2025-03-24,0.02192384854484797,9.78044749056471
2025-03-25,-0.004340451324472939,9.738087930607197
2025-03-26,-0.01803112734607855,9.564072786284115
2025-03-27,-0.004296406898136865,9.523069783855313
2025-03-28,-0.01448679815299952,9.386105476589076
2025-03-31,0.005656122973336844,9.439344865736471
2025-04-01,0.00574423963295356,9.49372275491414
2025-04-02,0.012575642240006176,9.613866273403717
2025-04-03,-0.040051402311558196,9.236426399039104
2025-04-04,-0.06387271600068023,8.664916975194549
2025-04-07,-0.001725433594526834,8.649979127190132
2025-04-08,-0.010576846750091075,8.558971757483862
2025-04-09,0.09390749022196399,9.401672052387731
2025-04-10,-0.031095760767904483,9.113818612803788
2025-04-11,0.017963027859629298,9.279009613901062
2025-04-14,0.008935931070311468,9.362297778642601
2025-04-15,-0.0006776436455596342,9.355955626147429
2025-04-16,-0.026624155900789842,9.110147935894483
2025-04-17,0.017447712342913306,9.270493944270118
2025-04-21,-0.030003809498344743,8.996475169882881
2025-04-22,0.023935952087731246,9.214412228888591
2025-04-23,0.013803423027585955,9.342484543493198
2025-04-24,0.019511288556347452,9.526558374513172
2025-04-25,0.016665132605016262,9.686650002069555
2025-04-28,-0.0006115263955882054,9.680728170771086
2025-04-29,0.0060335501148390544,9.73931389155063
2025-04-30,5.5948052076671575e-05,9.739858802434634
2025-05-01,-0.007060885640568706,9.671328998548324
2025-05-02,0.0200294162975689,9.866993050293296
2025-05-05,-0.009901498438107482,9.769777119958375
2025-05-06,-0.010355711770008345,9.669126179599456
2025-05-07,0.00694186569370093,9.736481470119363
2025-05-08,-4.006125761637146e-05,9.736091422239868
2025-05-09,0.0004218293668180744,9.740199257861732
2025-05-12,0.030454945482291187,10.04139973731692
2025-05-13,0.010855182455951313,10.15099472419317
2025-05-14,0.002347954188840912,10.174856797341631
2025-05-15,0.002995465553083558,10.205380924547478
2025-05-16,0.009895888877227357,10.306873591954139
2025-05-19,-0.0008849800742117428,10.297756249126257
2025-05-20,-0.0020282619288690363,10.27689086955397
2025-05-21,-0.015111234953634568,10.122761830024624
2025-05-22,-0.000866958656738013,10.113989617148379
2025-05-23,-0.004684361775476367,10.066722824598582
2025-05-27,0.02340188759117859,10.305081281507006
2025-05-28,-0.0027444458566454263,10.27683831725182
2025-05-29,0.005431454976262635,10.332808363667624
2025-05-30,0.003349391671899686,10.367475009627105
2025-06-02,0.007923899102935481,10.449952174372681
2025-06-03,0.007986543364155375,10.533745334024035
2025-06-04,-0.002047802420678176,10.512196376364495
2025-06-05,-0.01985303555690642,10.305555380572772
2025-06-06,0.0044015304984380745,10.351015570696905
2025-06-09,0.0037927262526122776,10.390348681905014
2025-06-10,0.011558755903755063,10.511144968558781
2025-06-11,-0.0005386439566724116,10.505484728407689
2025-06-12,0.016029708702391537,10.675241529493293
2025-06-13,0.001899254987319757,10.695535801106908
2025-06-16,0.001533872898170373,10.711953982086046
2025-06-17,-0.010527978756165578,10.599770327875335
2025-06-18,0.0028647764087570285,10.630179837274014
2025-06-20,-0.0053020871925657884,10.573966851668478
2025-06-23,0.01523791128986472,10.736325885258491
2025-06-24,0.010197009349390888,10.846364378990545
2025-06-25,-0.0029269742031127364,10.814663766325488
2025-06-26,0.0036955495753559736,10.854703831869148
2025-06-27,2.633080668209772e-05,10.854989648740215
2025-06-30,0.007025932893067954,10.9315246275423
2025-07-01,-0.00952255374311721,10.827922657322969
2025-07-02,0.013564661713118618,10.975800453915015
2025-07-03,0.010943108829737709,11.096569421566159
2025-07-07,-0.010605465998796247,10.979506979957884
2025-07-08,-0.0003554182119444114,10.975605356614105
2025-07-09,0.005773557460847097,11.039156927596101
2025-07-10,0.0011247858870699278,11.051580601189963
2025-07-11,-0.0027936823293242424,11.020749082540195
2025-07-14,0.0011358739786114047,11.033274376879127
2025-07-15,0.0009668178690821802,11.043946701967164
2025-07-16,0.006934418187244742,11.120796192137941
2025-07-17,0.004889911904409309,11.175309078808615
2025-07-18,-0.0018617005778792533,11.154523353840197
2025-07-21,-1.0302519799503666e-05,11.154408434734469
2025-07-22,-0.005333368113096158,11.0950762293554
2025-07-23,0.011202724660012663,11.220070142394594
2025-07-24,-0.00020586042497856052,11.21776061171543
2025-07-25,0.006354263872594802,11.28926817104939
2025-07-28,0.006592560366254942,11.3639392192092
2025-07-29,-0.0048722247731813875,11.308706216090174
2025-07-30,0.00022029905822378004,11.311197787854688
2025-07-31,-0.006629286811588207,11.236460614324583
2025-08-01,-0.009847142695541244,11.126356578037079
2025-08-04,0.014834829617701637,11.292644559472196
2025-08-05,-0.003200088158990325,11.256564861231004
2025-08-06,0.013493869440592117,11.409488926082453
2025-08-07,-0.014669296720358516,11.243341360970621
2025-08-08,0.005140111476718821,11.301282172482026
2025-08-11,0.0046805218909677145,11.354302054652472
2025-08-12,0.007788217285070603,11.443077077026173
2025-08-13,-0.007345049184086552,11.35933503427767
2025-08-14,0.002877711759834254,11.39207100604401
2025-08-15,-0.0006053248873604098,11.385177188655593
2025-08-18,0.0038293215453648567,11.42885827404542
2025-08-19,-0.01442875174874734,11.265138094534318
2025-08-20,0.0012065582686677993,11.278738343146255
2025-08-21,-0.0097788143394631,11.168983167261215
2025-08-22,0.01098574635272297,11.292359231611504
2025-08-25,-0.0037101133876220696,11.250540921752963
2025-08-26,0.00858562280882636,11.3475496668506
2025-08-27,0.0034148319059597904,11.386365879207743
2025-08-28,0.003946490639468855,11.431390852447466
2025-08-29,-0.016641259738347056,11.242732220522663
2025-09-02,-0.002875206180188854,11.210453473623149
2025-09-03,0.0046476868716335065,11.262677417318928
2025-09-04,0.008102510465880317,11.35430408068722
2025-09-05,0.011812318282046095,11.489220000511658
2025-09-08,0.010279205258245383,11.607929123622926
2025-09-09,0.0034941814377810873,11.648560279072516
2025-09-10,0.05652356357546702,12.325942095236227
2025-09-11,-0.004618265283313481,12.269148868808864
2025-09-12,-0.0013357333944694241,12.252771497279133
2025-09-15,0.008464895137795844,12.356930147223894
2025-09-16,0.0038658624010751916,12.404792794468465
2025-09-17,-0.006650885835223182,12.322563685104127
2025-09-18,-0.004633407147293469,12.265600299640909
2025-09-19,0.005429320816158961,12.332375286052267
2025-09-22,0.012017653507925793,12.48147562279431
2025-09-23,-0.013236938173035097,12.317347773251296
2025-09-24,0.0002277715694671881,12.320153634420853
2025-09-25,-0.016590197644200427,12.117445979970888
2025-09-26,-0.0003656861601278867,12.113015607792182
2025-09-29,-0.000690733615960706,12.104651629694187
2025-09-30,0.0075449432223109025,12.196325942821293
2025-10-01,0.012467413805873576,12.349334413301625
2025-10-02,-0.003962363155578158,12.3004986819724
2025-10-03,0.00043831691802802183,12.305891380414032
2025-10-06,0.006099024489539563,12.381174657217136
2025-10-07,-0.006164367035648176,12.30508730840944
2025-10-08,0.007923580948968176,12.402974962014754
2025-10-09,0.006928785131252942,12.489210920727615
2025-10-10,-0.02754341698197718,12.149909585988826
2025-10-13,0.027394937214750045,12.48735666326052
2025-10-14,-0.009290705184081035,12.371877585657552
2025-10-15,0.009300427084637306,12.487478064690338
2025-10-16,-0.0015103669628416525,12.468631626473766
2025-10-17,-0.00659628043135655,12.386655701003855
2025-10-20,-0.003899360382167333,12.338449713835121
2025-10-21,-0.007367434624380308,12.247881031291191
2025-10-22,0.0002858657554343232,12.251382781546065
2025-10-23,0.009435143021480508,12.367523370246406
2025-10-24,0.004941305775596798,12.428786319736508
2025-10-27,0.007887828940769382,12.527210124928262
2025-10-28,0.0075580015178312076,12.622249499521558
2025-10-29,0.001971525705685186,12.647159135799091
2025-10-30,-0.017044032236019354,12.433427149281435
2025-10-31,0.004121913515467542,12.484782428991174
2025-11-03,0.004010078487579829,12.534947902950993
2025-11-04,-0.014906458469594088,12.349481976915827
2025-11-05,0.005344869820104314,12.415665062859729
2025-11-06,-0.011721155898980871,12.27098866076648
2025-11-07,-0.006402618420719325,12.192673182324498
2025-11-10,0.01840308150640129,12.419133331673114
2025-11-11,-0.0036526661567955567,12.373853130728474
2025-11-12,-0.0024560963556270812,12.343499046685645
2025-11-13,-0.0198867396717273,12.100451813060289
2025-11-14,0.005582625942649641,12.168193020246482
2025-11-17,-0.006334155610932283,12.091361380815767
2025-11-18,-0.007965843417002107,11.995426099367425
2025-11-19,0.011718982059563112,12.136827202852606
2025-11-20,-0.01076092807669767,12.006923871982064
2025-11-21,-0.007005995121345701,11.923097408686703
2025-11-24,0.020886753873616007,12.174751176091132
2025-11-25,0.007831731938994262,12.270474915785332
2025-11-26,0.014584663550871232,12.450747072922079
2025-11-28,-0.0005297215253759573,12.444153390752414
2025-12-01,-0.007098358055341472,12.356133103633558
2025-12-02,-0.0015373814447811095,12.337151608508616
2025-12-03,0.007366829269083887,12.428372891334247
2025-12-04,0.002140641668938387,12.455006080109166
2025-12-05,0.003596448062655509,12.499880508503082
2025-12-08,-0.0031885751201430595,12.460087176238444
2025-12-09,0.0033012196926287974,12.501288631506304
2025-12-10,0.0029837476365987157,12.538645025226188
2025-12-11,-0.010174838440791666,12.411713188368951
2025-12-12,-0.018326525816568538,12.186321240211589
2025-12-15,-0.0032660955676951874,12.146584477778177
2025-12-16,0.0017051351567016191,12.16731371405736
2025-12-17,-0.018606047928794816,11.943021161443736
2025-12-18,0.007315221384505928,12.030707336104616
2025-12-19,0.013775719749963345,12.197585785091817
2025-12-22,0.006433980662832706,12.276317824776973
2025-12-23,0.003862950928685939,12.323832352177067
2025-12-24,0.004737234257868341,12.382351733555161
2025-12-26,8.220255132995749e-05,12.383369636295653
2025-12-29,-0.006042702672987138,12.308766245555276
2025-12-30,-0.0006790494780972169,12.300410821454461
