date,log_return,cumulative_value
1998-01-02,0.003906637068258137,1.0039142779216232
1998-01-05,0.005840267714004174,1.009794560564962
1998-01-06,-0.00974845719415404,0.9999984475893132
1998-01-07,-0.0018038210822351323,0.9981962552123111
1998-01-08,-0.003682058474396619,0.9945275964845107
1998-01-09,-0.030091887701932878,0.9650461840487791
1998-01-12,0.02211985346316335,0.9866307073918039
1998-01-13,0.007893377183497452,0.9944493729488412
1998-01-14,0.0020817710170366473,0.9965217451851532
1998-01-15,-0.008016622862955507,0.9885649421366606
1998-01-16,0.011559050870950773,1.0000581116896552
1998-01-20,0.02507614289277594,1.025452781287105
1998-01-21,-0.010623319504185089,1.0146167280909693
1998-01-22,-0.0069189974709065365,1.0076208277330727
1998-01-23,-0.005222783730873457,1.002371960846701
1998-01-26,0.001595471621264853,1.003972493326742
1998-01-27,0.01450884953298712,1.0186451635596079
1998-01-28,0.010827651205594134,1.0297346261674662
1998-01-29,0.007217062549326651,1.0371931673791852
1998-01-30,-0.003767019189822858,1.0332933906925477
1998-02-02,0.020905545340431913,1.0551223304591342
1998-02-03,0.003326954516038863,1.058638520320015
1998-02-04,-0.00032762401098053884,1.0582917417314073
1998-02-05,-0.005582840524917415,1.0523999295354756
1998-02-06,0.00761326947735954,1.0604427108799939
1998-02-09,-0.005362418493559662,1.0547713928562779
1998-02-10,0.010884153693682798,1.0663143907363104
1998-02-11,0.004235950714767893,1.0708408260521174
1998-02-12,0.004056883404387394,1.0751939264681007
1998-02-13,-0.005133415887137216,1.0696886514070065
1998-02-17,-0.0009270723760906629,1.068697432144261
1998-02-18,0.011713120264903447,1.0812888119083386
1998-02-19,-0.0031901884041544586,1.0778447933340074
1998-02-20,0.007824167173042755,1.0863111089273403
1998-02-23,0.012294860184667376,1.0997495949986027
1998-02-24,-0.006628002820320873,1.0924845545319943
1998-02-25,0.012032564527670271,1.1057093499724877
1998-02-26,0.00034053436785803524,1.1060859461253425
1998-02-27,-0.0017705152608296609,1.1041293366924878
1998-03-02,-0.008019162382372809,1.0953105511461256
1998-03-03,0.0036062557703261788,1.0992676520118771
1998-03-04,-0.010605882713966437,1.0876705556531185
1998-03-05,-0.014124610007635083,1.0724156218513405
1998-03-06,0.02145341489527009,1.095671162570795
1998-03-09,-0.0011459561077323264,1.094416290661372
1998-03-10,0.010339218080516237,1.105790397724471
1998-03-11,0.0031598294193927183,1.1092900329682347
1998-03-12,0.0023785139419649167,1.1119316350756858
1998-03-13,-0.0018330313926276098,1.1098952963886815
1998-03-16,0.009920167539614833,1.1209604369614832
1998-03-17,-0.000487143083615314,1.1204145018226708
1998-03-18,0.003571622533148657,1.1244233542961883
1998-03-19,0.004103776297455813,1.1290472173664932
1998-03-20,0.011606132736036587,1.1422274269172035
1998-03-23,-0.003749533270489441,1.1379526264391042
1998-03-24,0.00929115394092537,1.1485747891296496
1998-03-25,0.0002562983161043204,1.1488692046415117
1998-03-26,-0.0006755111619394076,1.1480933927344705
1998-03-27,-0.006285985792366363,1.1408991291879178
1998-03-30,0.0033515911648391407,1.1447293717473597
1998-03-31,0.008252320474979112,1.1542151313118263
1998-04-01,0.010142271939198528,1.1659810608192474
1998-04-02,0.011226971285589332,1.1791452554531907
1998-04-03,0.00209630949093256,1.1816197015396277
1998-04-06,-0.005722655182636894,1.174877010878766
1998-04-07,-0.008696546668389406,1.1647039375432022
1998-04-08,-0.011537758032438717,1.151343090657482
1998-04-09,0.004558978464047387,1.1566040221371225
1998-04-13,-0.0019413014179168603,1.154360883117926
1998-04-14,0.0012705149950112,1.155828448013772
1998-04-15,0.0026245513832881644,1.1588659634799576
1998-04-16,-0.0066182758817679484,1.1512215930029717
1998-04-17,0.022038449673636877,1.1768743675608675
1998-04-20,0.008644747508606526,1.1870922511966298
1998-04-21,0.006708983913739508,1.1950832096468411
1998-04-22,0.009994547234266574,1.2070874136004446
1998-04-23,-0.008402003195882,1.1969879485754844
1998-04-24,-0.012332195771734172,1.1823171066364402
1998-04-27,-0.01929465101128825,1.1597233806432972
1998-04-28,-0.003883916859221859,1.1552278472433521
1998-04-29,0.004876542487076718,1.1608751233222279
1998-04-30,0.01602661462966971,1.1796299079774168
1998-05-01,0.00236142335753299,1.1824188051828788
1998-05-04,0.0015658950724936334,1.1842717993821488
1998-05-05,-0.0054548683009985515,1.1778293400424715
1998-05-06,-0.008794091738958633,1.167516811893366
1998-05-07,-0.011938096161064216,1.1536617500033177
1998-05-08,0.015359034117800584,1.1715176538846541
1998-05-11,-0.004490432472569845,1.1662688265416032
1998-05-12,0.009680012790398573,1.1776131416748044
1998-05-13,0.0043237071235325995,1.1827158192967135
1998-05-14,0.0013280506600100495,1.1842875692719204
1998-05-15,-0.011074534027379769,1.1712444925918095
1998-05-18,0.002364231914049886,1.174016862171301
1998-05-19,0.0027169399754039068,1.177210932599926
1998-05-20,0.008437254022548966,1.1871853795767773
1998-05-21,-0.007783925162247039,1.1779802897711125
1998-05-22,-0.006649101416778379,1.1701737613180454
1998-05-26,-0.01658659465968714,1.1509246434239564
1998-05-27,0.010157552193939736,1.162674795926988
1998-05-28,0.0026874748976112996,1.1658036577407294
1998-05-29,-0.012506393730520553,1.151314450901435
1998-06-01,-0.00015700436058285684,1.151133703701662
1998-06-02,0.002820272674871706,1.1543847969611614
1998-06-03,-0.012346617401396018,1.1402196751513891
1998-06-04,0.018468329604130477,1.161473283158646
1998-06-05,0.020679630972418782,1.1857421932194425
1998-06-08,-0.0022690073974384974,1.1830547854386262
1998-06-09,0.008574726629305189,1.193242773996272
1998-06-10,-0.003648118327460915,1.188897613811658
1998-06-11,-0.012520171233080411,1.1741052070718878
1998-06-12,0.009298664216918731,1.185073734441428
1998-06-15,-0.017276614254206853,1.1647755197653116
1998-06-16,0.013856172480436281,1.1810271831768306
1998-06-17,0.01520021516608049,1.1991161805219863
1998-06-18,0.001612770335581285,1.2010516398330136
1998-06-19,-0.0019726481187443694,1.1986847228898496
1998-06-22,0.0015643446494097788,1.2005613463826896
1998-06-23,0.020112458804346343,1.2249520432604295
1998-06-24,0.01689701243282765,1.245825929686358
1998-06-25,-0.006397577941069984,1.2378811021247649
1998-06-26,0.007821938864335262,1.247601699826368
1998-06-29,0.007754165266063206,1.2573134140502287
1998-06-30,-0.008147247356867292,1.247111386314753
1998-07-01,0.0070468865405663465,1.255930676530209
1998-07-02,-0.002102666294010572,1.2532926478479902
1998-07-06,0.00658703341981011,1.261575377765288
1998-07-07,0.0012516082876328442,1.2631553645195734
1998-07-08,0.012447876637788353,1.278977236729283
1998-07-09,-0.001417886042146922,1.2771650777781396
1998-07-10,0.008622185198219405,1.288224641896632
1998-07-13,0.006766599853839243,1.296971101092233
1998-07-14,0.008194761929020437,1.307643138173552
1998-07-15,-0.005301143618103526,1.300729475447096
1998-07-16,0.008120772240964559,1.3113354091646958
1998-07-17,0.0049877396273972615,1.3178923473065258
1998-07-20,-0.0014552715768579871,1.3159758508817512
1998-07-21,-0.02023726022659803,1.2896117732559234
1998-07-22,0.0031087706947924057,1.2936271187045674
1998-07-23,-0.02437482387777025,1.262476374760597
1998-07-24,0.009867879069543204,1.2749960084791696
1998-07-27,0.011830232661087238,1.290169081431923
1998-07-28,-0.017590605318012997,1.2676726691661822
1998-07-29,-0.00596098397870198,1.260138570325574
1998-07-30,0.019461766891470486,1.284903294422886
1998-07-31,-0.023193688002465764,1.2554445968094643
1998-08-03,-0.006486946193291989,1.247326953086495
1998-08-04,-0.0380384674439972,1.2007716077557553
1998-08-05,0.014386621759598213,1.2181715175456078
1998-08-06,0.011301570350306624,1.2320168583297368
1998-08-07,-0.0058937843721122846,1.224776972743658
1998-08-10,-0.0018365800025187827,1.2225296361863551
1998-08-11,-0.008915705765748173,1.2116783669026183
1998-08-12,0.008215388765924115,1.2216737776204758
1998-08-13,-0.00580287295127458,1.2146050890873006
1998-08-14,-0.008465180667016806,1.2043666338955308
1998-08-17,0.02375473849241452,1.2333185596233784
1998-08-18,0.01737406480899768,1.2549335425467043
1998-08-19,-0.0009867901981180805,1.2536957972255434
1998-08-20,-0.007189213262715819,1.2447150317724833
1998-08-21,-0.003694544144415502,1.2401248616546336
1998-08-24,0.006074705321322034,1.2476811827257805
1998-08-25,0.00821510953719543,1.2579732376059996
1998-08-26,0.0012062864527077144,1.259491629303939
1998-08-27,-0.03609566793455599,1.2148401481240012
1998-08-28,-0.020778147367139062,1.189858455915157
1998-08-31,-0.08412284524314206,1.0938586711090397
1998-09-01,0.04818869857357618,1.1478609980980854
1998-09-02,-0.014566254327236055,1.1312621478927298
1998-09-03,-0.003689234733952873,1.1270963453201612
1998-09-04,-0.011397463972090916,1.1143232341395009
1998-09-08,0.04623984792569019,1.1670592271710012
1998-09-09,-0.017465823576026905,1.1468525533824656
1998-09-10,-0.023977287985575423,1.1196811889932028
1998-09-11,0.02908899413452508,1.1527299355590666
1998-09-14,0.01471873429264606,1.1698221404309515
1998-09-15,0.00587629164718526,1.176716593572924
1998-09-16,0.0007416047588738405,1.1775895758624637
1998-09-17,-0.026663864412848116,1.1466054016789584
1998-09-18,0.00149028762730246,1.148315447436001
1998-09-21,0.00915279142456761,1.158873985554112
1998-09-22,0.004941096238884051,1.1646142633993122
1998-09-23,0.032787522869457415,1.203431971005159
1998-09-24,-0.01861812745567064,1.1812336083802226
1998-09-25,0.00018248282625502632,1.1814491828962725
1998-09-28,0.003103709376484259,1.1851217541518284
1998-09-29,0.004739505979352499,1.1907519774912168
1998-09-30,-0.023874071188340694,1.1626605427327694
1998-10-01,-0.030921228358077105,1.1272597885659383
1998-10-02,0.015311360541947499,1.1446524827279698
1998-10-05,-0.007394384558204406,1.1362196981344574
1998-10-06,-0.004091104934581098,1.1315807997009433
1998-10-07,-0.013230621489005627,1.1167078883433295
1998-10-08,-0.010195127243645918,1.1053807482572546
1998-10-09,0.01926868370060348,1.1268865087242466
1998-10-12,0.011410792798131956,1.1398188208272582
1998-10-13,-0.0028334989857470784,1.136593716676965
1998-10-14,0.015533037305167037,1.1543862979522628
1998-10-15,0.04315960644112916,1.2052999600145693
1998-10-16,0.008714881889951327,1.2158499108241048
1998-10-19,-0.0026355227948517547,1.2126497295966618
1998-10-20,-0.006577253826902281,1.204699996885871
1998-10-21,0.016691802820886077,1.2249773738830645
1998-10-22,0.013596407490719688,1.2417464063955634
1998-10-23,-0.0018820215830013982,1.2394116106152926
1998-10-26,0.0009549680070061529,1.2405957743802045
1998-10-27,-0.012164465403222722,1.2255960070432337
1998-10-28,0.0006281547366450566,1.226366112827747
1998-10-29,0.020387956241847277,1.2516258335459014
1998-10-30,0.00287270934178785,1.255226560214684
1998-11-02,0.01329936179994514,1.2720317739905935
1998-11-03,0.0015842147976453565,1.2740485426255854
1998-11-04,-0.0008479003614433344,1.2729687342554432
1998-11-05,0.01606616812441073,1.2935856378057229
1998-11-06,0.010464707863214314,1.3071937116753096
1998-11-09,-0.007184994924219361,1.2978351922098146
1998-11-10,0.005809080192158733,1.305396361373691
1998-11-11,-0.00508151879657679,1.2987797905784795
1998-11-12,-0.0038068625376218006,1.2938449136080075
1998-11-13,0.006111325562858472,1.3017762318517905
1998-11-16,0.009390594716937149,1.3140582623871138
1998-11-17,0.004961045137620562,1.320593562295318
1998-11-18,0.008665794870215557,1.3320872844045195
1998-11-19,0.00680662477782916,1.3411852307485506
1998-11-20,0.012931174678432541,1.3586409494796239
1998-11-23,0.025160008745985535,1.3932580244997583
1998-11-24,-0.0028787231896489768,1.3892529877773374
1998-11-25,0.00464925809883507,1.3957270215473876
1998-11-27,0.0061614783678906986,1.4043533114569127
1998-11-30,-0.02393186590108507,1.3711434878700846
1998-12-01,0.015285308766770467,1.3922628361320155
1998-12-02,-0.005356966645508724,1.3848244718799492
1998-12-03,-0.024126484613663533,1.3518133480165164
1998-12-04,0.02542299186650128,1.3866210712520435
1998-12-07,0.013001357607274012,1.4047667311679308
1998-12-08,-0.0012124252510165216,1.403064588580111
1998-12-09,-0.0014384622272165426,1.4010477840634117
1998-12-10,-0.017728972677887547,1.3764275368997052
1998-12-11,0.006238213708935559,1.3850408238597696
1998-12-14,-0.023857169251132057,1.3523887126640757
1998-12-15,0.02720470523823091,1.3896850669096652
1998-12-16,-0.0017213107905891852,1.3872950445842007
1998-12-17,0.010077488704436954,1.4013461758698638
1998-12-18,0.01335367384976207,1.4201847981196476
1998-12-21,0.009868223362207704,1.4342688770471925
1998-12-22,0.0017026075096582612,1.4367129540696462
1998-12-23,0.025438901071251917,1.4737301954978501
1998-12-24,-0.003938731445582246,1.4679369844752155
1998-12-28,-0.0005843029526647514,1.4670795150962015
1998-12-29,0.010590769485786446,1.4826995843331925
1998-12-30,-0.01130482781074943,1.4660323086827889
1998-12-31,-0.0063984701696097705,1.4566818907738448
1999-01-04,-0.0027685477055380226,1.4526545749478383
1999-01-05,0.0160033186999081,1.4760888822788056
1999-01-06,0.023924995270810108,1.5118301518003883
1999-01-07,0.004857213393691748,1.5191912963152407
1999-01-08,-0.001817259561846685,1.5164330384001028
1999-01-11,-0.015069993170660649,1.4937517356572694
1999-01-12,-0.024007026763178816,1.458318226155449
1999-01-13,-0.001229115033422851,1.4565268864069925
1999-01-14,-0.015928506004548378,1.4335103850296003
1999-01-15,0.02397628709161491,1.4682959900003674
1999-01-19,0.014349434358243696,1.4895170982485775
1999-01-20,0.010651675763422973,1.5054677512042036
1999-01-21,-0.016885220915172493,1.4802610052711405
1999-01-22,-0.013964580204418467,1.45973344471051
1999-01-25,0.011084592034782065,1.4760040040869244
1999-01-26,0.027814333682015833,1.5176343482506998
1999-01-27,-0.006495797640073954,1.5078080520008397
1999-01-28,0.020463152410140257,1.5389804126036617
1999-01-29,0.014154979664995541,1.5609195568032386
1999-02-01,-0.009752654754905445,1.5457704393960991
1999-02-02,-0.011849202070325143,1.5275623816225175
1999-02-03,0.006192600394537398,1.537051315293143
1999-02-04,-0.02480164979574007,1.4993987596585083
1999-02-05,-0.01122772029193008,1.482658085445565
1999-02-08,0.008530539410024431,1.4953600589911078
1999-02-09,-0.02527424731956911,1.4580395693058403
1999-02-10,0.013355451640048937,1.4776429609534558
1999-02-11,0.027086296086845926,1.5182138123217697
1999-02-12,-0.021283844119881334,1.4862418364137393
1999-02-16,0.010002862529456005,1.5011831123719057
1999-02-17,-0.012932981900485207,1.4818933443304738
1999-02-18,0.008112405833816394,1.493963959207059
1999-02-19,0.0022325816756999526,1.4973030818115447
1999-02-22,0.02381568294651944,1.5333903935998061
1999-02-23,0.0033318518555206567,1.5385079439535194
1999-02-24,-0.018024324705882507,1.5110257948197614
1999-02-25,-0.003124838663578952,1.5063114526099934
1999-02-26,-0.0048235018408549,1.499063251454388
1999-03-01,0.00012091330421120167,1.4992445191039574
1999-03-02,-0.013777934013779193,1.4787296776443648
1999-03-03,0.0003307555678679261,1.4792188566134914
1999-03-04,0.017972608043416105,1.5060446197076511
1999-03-05,0.025365033737637387,1.5447340979270385
1999-03-08,0.009567202163550831,1.559583803129072
1999-03-09,0.0019341604997502764,1.5626032075822542
1999-03-10,0.002018086927526067,1.5657598608173655
1999-03-11,0.01168564717570096,1.584164101412703
1999-03-12,-0.00032155774243600686,1.583654783072621
1999-03-15,0.013069647063627416,1.6044884398699482
1999-03-16,0.0004411325687688692,1.6051963881150215
1999-03-17,-0.0125079136668331,1.5852437731946465
1999-03-18,0.015126772628299099,1.6094056804266368
1999-03-19,-0.014192740829693138,1.5867251329982364
1999-03-22,-0.001087224334104219,1.585000944281911
1999-03-23,-0.02851888329354755,1.540436965173332
1999-03-24,0.006151978538728501,1.5499429105284361
1999-03-25,0.02042577210057567,1.5819272313993267
1999-03-26,-0.00870493747983312,1.5682164162258372
1999-03-29,0.027982352028582423,1.6127185332237626
1999-03-30,0.0006990548863279812,1.6138463061363404
1999-03-31,-0.01859988701291165,1.5841063841667928
1999-04-01,0.008326913105016676,1.597352172103721
1999-04-05,0.023087518478331747,1.6346600862900038
1999-04-06,-0.003147367074312682,1.6295232988748933
1999-04-07,0.012178710870100785,1.6494901303305407
1999-04-08,0.01461579112400618,1.6737757781885625
1999-04-09,0.0033029908017953237,1.6793133844850276
1999-04-12,0.004684920045773353,1.6871992914212481
1999-04-13,-0.010998587024657697,1.6687441594153882
1999-04-14,-0.03266757598148852,1.6151111328268635
1999-04-15,-0.006461059393282435,1.6047094430238247
1999-04-16,-0.006236656587929111,1.5947325648241253
1999-04-19,-0.038697624652846443,1.5341990089468482
1999-04-20,0.021730098369825607,1.5679021645729132
1999-04-21,0.022663675094580005,1.6038423194556826
1999-04-22,0.023376292343909616,1.6417758516723895
1999-04-23,0.00041198042137349165,1.6424523705262548
1999-04-26,0.004617976695128205,1.6500547175163691
1999-04-27,-0.0038937005093824663,1.6436423905640143
1999-04-28,-0.01766944873787693,1.614855211359318
1999-04-29,-0.008048546040521192,1.6019101392272044
1999-04-30,-0.005905671565380361,1.5924776640326028
1999-05-03,0.01044525566409246,1.6091986759688177
1999-05-04,-0.019302307911972696,1.5784352849999328
1999-05-05,0.013434477962712927,1.5997838211809972
1999-05-06,-0.01936599490769107,1.5691004815017349
1999-05-07,0.011061281385381629,1.5865530896077977
1999-05-10,-0.007708825235033605,1.574369649453716
1999-05-11,0.012652050032514201,1.5944151942486642
1999-05-12,0.005897989238418842,1.6038468243915303
1999-05-13,0.0050202097909651635,1.611918716265205
1999-05-14,-0.024082005163925772,1.5735641623028227
1999-05-17,0.008317283281301024,1.5867065197945815
1999-05-18,-0.006725992338828312,1.576070154053875
1999-05-19,0.00792042271226913,1.5886028625548028
1999-05-20,-0.008126942564140496,1.5757446978868574
1999-05-21,-0.010829110355630315,1.5587728455486771
1999-05-24,-0.020496423423342066,1.527148774567262
1999-05-25,-0.019223937374669254,1.498071348949432
1999-05-26,0.019562667822037715,1.5276661539760017
1999-05-27,-0.013327518594090959,1.5074412283061476
1999-05-28,0.020358432031908357,1.5384448902445897
1999-06-01,-0.011486133166471587,1.5208752044070415
1999-06-02,0.0022978399369562386,1.5243739504305576
1999-06-03,0.0023084353442118016,1.5278969338608
1999-06-04,0.029854342176787056,1.5741990118091014
1999-06-07,0.00018300400925767764,1.5744871229015704
1999-06-08,-0.016016440273433814,1.5494703187975616
1999-06-09,0.003950282477608207,1.5556032697165048
1999-06-10,-0.017602628439364828,1.528460159264442
1999-06-11,-0.007893328848903541,1.516443010641486
1999-06-14,-0.0005024126857761823,1.5156813217927751
1999-06-15,0.008291723562877601,1.5283011802071778
1999-06-16,0.02539564394531453,1.5676104016696948
1999-06-17,0.010190788652556144,1.583667265051795
1999-06-18,-0.0022231384229718203,1.580150464121729
1999-06-21,0.0083083140599966,1.5933335391701455
1999-06-22,-0.007959907174904003,1.580701095339195
1999-06-23,-0.003675491202182636,1.5749019063326313
1999-06-24,-0.008928772599171974,1.5609025568546953
1999-06-25,0.0001836030529846724,1.5611891696402314
1999-06-28,0.013151743161750605,1.5818571406415132
1999-06-29,0.019833725606362897,1.6135444611802663
1999-06-30,0.025324422223025445,1.6549283421372696
1999-07-01,0.009305395475842774,1.6703999780493666
1999-07-02,0.010705580417828526,1.6883786436594703
1999-07-06,-0.004549480019308934,1.6807148451228935
1999-07-07,0.008912249677584713,1.6957607422665306
1999-07-08,-0.003127894586584713,1.6904648682063348
1999-07-09,0.0065668591141044,1.7016024422486287
1999-07-12,-0.002047631350298543,1.698121752542968
1999-07-13,-0.003968525125854825,1.6913960680521911
1999-07-14,0.003914109205008513,1.6980293501981962
1999-07-15,0.009334189786107226,1.7139532812958376
1999-07-16,0.010645017856452211,1.732295799589046
1999-07-19,-0.008754990677219403,1.7171957628052792
1999-07-20,-0.02722435807157753,1.6710768379863865
1999-07-21,-0.001753867054101126,1.6681485600311134
1999-07-22,-0.013462991179135794,1.645840792265441
1999-07-23,-0.002660644125172131,1.6414676159432955
1999-07-26,-0.008829334199286342,1.627038343955754
1999-07-27,0.01007303018223452,1.6435103726442275
1999-07-28,0.0039893216438509575,1.650079959530548
1999-07-29,-0.019859701871923922,1.6176331221612121
1999-07-30,-0.009161012910547392,1.6028816366860297
1999-08-02,-0.002820460370786398,1.5983671420200773
1999-08-03,-0.0006945832977106763,1.5972573283732507
1999-08-04,-0.011789444125294625,1.5785371196022016
1999-08-05,0.008973514931601966,1.5927658915843204
1999-08-06,-0.011509911689189687,1.5745383964882325
1999-08-09,-0.00464341374159644,1.5672441115589244
1999-08-10,-0.0046697386459211695,1.5599425526179902
1999-08-11,0.015960444398849354,1.5850396768634514
1999-08-12,-0.0005744626151183064,1.5841293923128692
1999-08-13,0.025450668473893375,1.6249639738477957
1999-08-16,0.005887304473276877,1.634558847778589
1999-08-17,0.01183427024731932,1.6540175717183165
1999-08-18,-0.008315615986764282,1.640320425788487
1999-08-19,-0.010473805762464242,1.6232296870379963
1999-08-20,0.015502794772688207,1.6485903564488513
1999-08-23,0.0263350160260608,1.692582737450834
1999-08-24,0.010492608966957629,1.710435845304614
1999-08-25,0.020202892713583602,1.7453430228701194
1999-08-26,-0.014378983863559703,1.7204263313635475
1999-08-27,-0.00863219666265563,1.7056391875161563
1999-08-30,-0.015511110126184004,1.6793869572039302
1999-08-31,-0.0055550238932758275,1.6700837861227436
1999-09-01,0.009567196394412947,1.6861384824574706
1999-09-02,-0.0057267092887096,1.6765100534686332
1999-09-03,0.03049372904819659,1.7284205466143037
1999-09-07,-0.007853860836522914,1.714898940086698
1999-09-08,-0.005596376507403382,1.7053285247479264
1999-09-09,0.004410607069121756,1.7128666704735231
1999-09-10,0.0023849928234584016,1.7169567206215202
1999-09-13,-0.006252940861524058,1.7062541878097928
1999-09-14,-0.004475046990329028,1.6986356794474027
1999-09-15,-0.017337279431734062,1.669439778078325
1999-09-16,0.003982107704861652,1.6761009209733921
1999-09-17,0.014977481016564672,1.7013936284081985
1999-09-20,0.0029679055623789944,1.7064507047721935
1999-09-21,-0.021073928334045797,1.670865363357039
1999-09-22,0.004550149518768111,1.6784853735318948
1999-09-23,-0.02667951384364806,1.634296292477116
1999-09-24,-0.0012641236583357414,1.6322316451287886
1999-09-27,0.001993226218599758,1.6354882965820086
1999-09-28,0.0016597424191516494,1.638205039807197
1999-09-29,-0.022353334618170635,1.6019919439788277
1999-09-30,0.015257202103483958,1.6266212683555712
1999-10-01,0.004763787538721449,1.6343886328318704
1999-10-04,0.020334040511917808,1.667962547354925
1999-10-05,-0.0008134238105847128,1.666606338564783
1999-10-06,0.019118101177101714,1.6987752112400594
1999-10-07,-0.009361790775119682,1.6829458443599852
1999-10-08,0.019843243290928632,1.716674484273079
1999-10-11,-0.0037930627133481564,1.7101753638735329
1999-10-12,-0.014983856312838892,1.6847413674848772
1999-10-13,-0.024128703994485527,1.644577244431322
1999-10-14,0.000974559923320999,1.6461807647409512
1999-10-15,-0.02891966936774094,1.5992555624081903
1999-10-18,0.010919752781085505,1.6168147342102686
1999-10-19,0.01185354482218783,1.6360937567752782
1999-10-20,0.028079287487099418,1.6826851693662261
1999-10-21,-0.00020476279874068895,1.6823406533147864
1999-10-22,0.012629043502534217,1.703721733732441
1999-10-25,-0.010873512952595058,1.685296647637084
1999-10-26,-0.011132221688692307,1.66663959166066
1999-10-27,0.009118773095193346,1.6819068032561666
1999-10-28,0.03003734170438562,1.7331932102827143
1999-10-29,0.018357735637968272,1.7653045570481853
1999-11-01,-0.00742776364412357,1.7522408690938311
1999-11-02,-0.006719798932565619,1.7405056361344065
1999-11-03,0.0013955047972919832,1.7429362156475818
1999-11-04,0.0017077214187811362,1.7459152080752274
1999-11-05,0.006300313408686602,1.7569497450915164
1999-11-08,0.006568394235508817,1.7685280675347421
1999-11-09,-0.010134192286571623,1.7506959735841268
1999-11-10,0.002270028609589509,1.7546746176402674
1999-11-11,0.006642010952808664,1.766367976388736
1999-11-12,0.005125361048163222,1.7754444903477078
1999-11-15,-0.008403594999462888,1.760586889972289
1999-11-16,0.01751441909108025,1.7916941643412894
1999-11-17,-0.006105185113047391,1.7807888631163775
1999-11-18,0.00850470706557876,1.7959985359726842
1999-11-19,0.003451826907142542,1.8022087241253708
1999-11-22,0.009525285180857272,1.8194572945392817
1999-11-23,-0.008715542125036058,1.803668641123927
1999-11-24,0.01144378739031139,1.8244279978541593
1999-11-26,-0.002772702315260776,1.8193764086333797
1999-11-29,-0.004161202221421992,1.8118213454547163
1999-11-30,-0.010459178825263071,1.7929699389718452
1999-12-01,0.011070745109675002,1.812929733194714
1999-12-02,0.0014795676855217333,1.8156140707839528
1999-12-03,0.018798388446949924,1.850067509328173
1999-12-06,-0.005389247515527653,1.8401238560712074
1999-12-07,-0.01211886861651252,1.8179582193238153
1999-12-08,-0.004342857061853153,1.810080205558603
1999-12-09,0.006121911182554143,1.8211953440413988
1999-12-10,0.005585269032786872,1.831395669262643
1999-12-13,0.008340004548816527,1.8467333868903615
1999-12-14,-0.00313760213326837,1.840948152903409
1999-12-15,0.015631635142208382,1.8699512752900014
1999-12-16,0.010358624503034592,1.8894220696104431
1999-12-17,-0.0012176962922575132,1.8871227275960107
1999-12-20,-0.005290471081617703,1.8771653222854994
1999-12-21,0.007871748420365957,1.8920002070836097
1999-12-22,0.005725640396269454,1.9028641918546256
1999-12-23,0.013650806515604783,1.9290179264156877
1999-12-27,0.006845664877107424,1.9422686399063827
1999-12-28,-0.007164878753520126,1.9284022553963212
1999-12-29,-0.00496448376584057,1.9188524582256687
1999-12-30,-0.0013933940866454153,1.9161806024635362
1999-12-31,-0.0003550734559509948,1.915500338373801
2000-01-03,-0.007067525959462301,1.9020102170508055
2000-01-04,-0.044563531388460365,1.8191107894323921
2000-01-05,0.0081214545897872,1.8339447703187195
2000-01-06,-0.005899080949665781,1.8231580288726532
2000-01-07,0.04197566186486869,1.901315167172827
2000-01-10,0.008236654042910097,1.9170403148292396
2000-01-11,-0.008653675739468987,1.9005224427992393
2000-01-12,-0.008353136687374163,1.8847132392000894
2000-01-13,0.008402920714487505,1.9006170608152746
2000-01-14,0.01887426559836556,1.9368304878991671
2000-01-18,0.0036883071718135157,1.9439873038328312
2000-01-19,-0.00799181521243401,1.928513231846743
2000-01-20,-0.008443691510924818,1.9122980155242886
2000-01-21,-0.003978399762247547,1.904705243110615
2000-01-24,-0.030835725827654314,1.8468685749937266
2000-01-25,0.009843935633765448,1.8651388083339282
2000-01-26,-0.013551881507669736,1.8400331667748748
2000-01-27,-0.010379319704256203,1.8210336458895635
2000-01-28,-0.027039228007892917,1.7724540392158383
2000-01-31,0.027531361931773468,1.8219300588827632
2000-02-01,0.026931411465486853,1.871663902296363
2000-02-02,-0.008754991863506006,1.8553490225910787
2000-02-03,0.009840816122019534,1.8736973041239922
2000-02-04,0.001714713710349993,1.8769129147183163
2000-02-07,0.0013241953491974542,1.8793999603745624
2000-02-08,0.015065406157129028,1.9079282395877757
2000-02-09,-0.02341774259936853,1.8637679523670088
2000-02-10,0.007573657766816336,1.8779370813331016
2000-02-11,-0.024828458915097176,1.8318848661557927
2000-02-14,0.008797880362914843,1.8480726748340381
2000-02-15,0.0053844411687368875,1.858050351427314
2000-02-16,-0.021143615013868005,1.8191768613709935
2000-02-17,-0.004805035154973639,1.8104566199103822
2000-02-18,-0.03214492208042584,1.7531850593144493
2000-02-22,-0.00038704638474287904,1.7525066266763758
2000-02-23,0.015437396355100962,1.779770667543609
2000-02-24,-0.0077325896524231925,1.7660615032761586
2000-02-25,-0.02012917919256496,1.7308675359763468
2000-02-28,0.011774119070498967,1.7513674236753431
2000-02-29,0.011968490822601518,1.7724545876586761
2000-03-01,0.004579863926750012,1.780590805650607
2000-03-02,0.007397609794273085,1.7938117630835657
2000-03-03,0.02174513802146174,1.833245641166926
2000-03-06,-0.02629892465496485,1.7856616979665794
2000-03-07,-0.025493784234982265,1.7407138042741293
2000-03-08,0.01814617658498687,1.7725894401364282
2000-03-09,0.025788761654925187,1.818896865895879
2000-03-10,-0.0100793866403463,1.8006555860154725
2000-03-13,-0.007106584359809159,1.7879044374119113
2000-03-14,-0.017853151348472204,1.7562679546517153
2000-03-15,0.027064492773595517,1.804449519836249
2000-03-16,0.03949528193079223,1.8771428346924746
2000-03-17,0.008703067466107247,1.8935510326858178
2000-03-20,-0.005255755815808296,1.8836250978268196
2000-03-21,0.03175966478512409,1.9444085209385669
2000-03-22,0.004472925419941436,1.9531251952226998
2000-03-23,0.029048430980706065,2.0106924895023917
2000-03-24,0.0004333466293009183,2.011564005135821
2000-03-27,-0.006978112003087663,1.9975759480822295
2000-03-28,-0.008011487718325994,1.9816363281977516
2000-03-29,0.012008340321846497,2.005575941458353
2000-03-30,-0.018438735339844567,1.968934506459347
2000-03-31,0.002706898858995384,1.9742714330297684
2000-04-03,0.004245988633248019,1.982671988804801
2000-04-04,0.0006815722564966425,1.9840237836467034
2000-04-05,-0.015928021275613196,1.952672554947612
2000-04-06,0.005603694388994441,1.9636454508512509
2000-04-07,0.0151666433222916,1.993654352936853
2000-04-10,-0.005698620941350955,1.9823255823338801
2000-04-11,-0.0016454322836752238,1.9790664818738293
2000-04-12,-0.029202725529017596,1.922108064892231
2000-04-13,-0.018771375783612588,1.8863639844650297
2000-04-14,-0.06322009111555367,1.7707993721144435
2000-04-17,0.04183724567674527,1.8464563449439406
2000-04-18,0.02679695892255012,1.8966046702509618
2000-04-19,-0.02285646984590008,1.853746640232871
2000-04-20,0.0012643837600908858,1.8560919697659415
2000-04-24,-0.0028170745261334273,1.8508705783371855
2000-04-25,0.02832185894187673,1.9040400488877742
2000-04-26,-0.01609627152958509,1.8736374439643322
2000-04-27,0.00612591531743059,1.8851504160238046
2000-04-28,-0.01011183693701171,1.8661841359877895
2000-05-01,0.011787367070494997,1.8883116900173391
2000-05-02,-0.013582408954310586,1.862837262088878
2000-05-03,-0.01886594540216411,1.8280225151769782
2000-05-04,-0.011551244085000254,1.8070280703320905
2000-05-05,0.022246720355408166,1.847679017054008
2000-05-08,-0.01055603779653756,1.8282774296187223
2000-05-09,-0.00664619521361754,1.8161666308629147
2000-05-10,-0.021885598415048356,1.7768505347578802
2000-05-11,0.022629226956366724,1.8175176864849159
2000-05-12,0.0030496187850275816,1.8230688827777297
2000-05-15,0.02068943754363061,1.8611800423373106
2000-05-16,0.00706231635856051,1.8743708084526762
2000-05-17,-0.01627156107565178,1.844118661661194
2000-05-18,-0.009273088429017383,1.8270970297611584
2000-05-19,-0.017631398753001112,1.7951650831204549
2000-05-22,0.0007405850785980637,1.7964950480099235
2000-05-23,-0.025576855283314697,1.7511289878148684
2000-05-24,0.022534968571953723,1.791038616726659
2000-05-25,-0.01722061193363896,1.7604598836694172
2000-05-26,0.0012531964193789808,1.7626674686719845
2000-05-30,0.03256910249591009,1.8210210702337808
2000-05-31,-0.002684871548322233,1.8161384201506217
2000-06-01,0.017946361036876815,1.8490257169141724
2000-06-02,0.015099799784962028,1.8771574926161947
2000-06-05,-0.006391183748060088,1.8651984909530195
2000-06-06,-0.0041207311812992,1.8575283235745341
2000-06-07,0.012621961562791066,1.8811225642357825
2000-06-08,-0.007186875953294296,1.867651634646053
2000-06-09,-0.003007886988566679,1.862042389811385
2000-06-12,-0.012914144661874098,1.838150309960031
2000-06-13,0.02865438408589978,1.8915832631481837
2000-06-14,0.001584241509879203,1.8945823628949443
2000-06-15,0.008660642612826834,1.9110619224219212
2000-06-16,-0.009353467126035547,1.8932702043919127
2000-06-19,0.01854264369899187,1.9287039415410505
2000-06-20,-0.0063752554304503245,1.9164470731113827
2000-06-21,0.006734258786157684,1.9293964770320744
2000-06-22,-0.017543368224544803,1.8958435404886385
2000-06-23,-0.0017276582341227988,1.8925709985163384
2000-06-26,0.009881858318429445,1.9113658279576384
2000-06-27,-0.002652440637023879,1.9063027612736638
2000-06-28,0.004510147170202916,1.9149198849188394
2000-06-29,-0.013302853856307854,1.889614674480248
2000-06-30,0.016067978618714233,1.9202222047201196
2000-07-03,0.005578810130184017,1.9309646971090535
2000-07-05,-0.020433599695746058,1.8919085254741146
2000-07-06,0.011965558205148632,1.9146822454730825
2000-07-07,0.01589309841872045,1.9453555803591542
2000-07-10,-0.006145730172406464,1.933436612767185
2000-07-11,-0.0001175564972865819,1.9332093380903317
2000-07-12,0.005777884349342164,1.9444115293873427
2000-07-13,-0.006271295766316376,1.9322557058173895
2000-07-14,0.003108887620049948,1.938272219145987
2000-07-17,0.007238633224903391,1.952353564190532
2000-07-18,-0.01282700794434871,1.9274706374312414
2000-07-19,-0.006545750382381288,1.9148950988393376
2000-07-20,0.017117281758769115,1.947955038724359
2000-07-21,-0.012332997288900222,1.9240784520925547
2000-07-24,-0.005119571547814719,1.9142531668788345
2000-07-25,0.002680037505763174,1.9193903179655465
2000-07-26,-0.010089103274899387,1.9001227504986367
2000-07-27,0.011377059072183919,1.9218640005077559
2000-07-28,-0.02205852764234067,1.8799346602298415
2000-07-31,0.007796937301195831,1.8946496844199758
2000-08-01,-0.0023507724959472075,1.8902010249941534
2000-08-02,-0.00026673908822920757,1.889696901733855
2000-08-03,0.012165067790180669,1.9128255884354977
2000-08-04,0.0013392899491422071,1.915389132801968
2000-08-07,0.0036584590008391198,1.9224093391534771
2000-08-08,0.0034967716134459096,1.9291433323165137
2000-08-09,-0.0010169657853842501,1.927182456793102
2000-08-10,-0.014157568130082832,1.9000904706989987
2000-08-11,0.010342868930870367,1.919844839717467
2000-08-14,0.013524486250656569,1.945986130156005
2000-08-15,-0.008154646787998206,1.9301818274432105
2000-08-16,-0.003791788765285811,1.9228768439045887
2000-08-17,0.007552581606890037,1.937454508394284
2000-08-18,-0.005259816332977319,1.927290607086267
2000-08-21,0.010160313906369867,1.9469723014246758
2000-08-22,-0.0022005584925752137,1.9426925856014956
2000-08-23,0.009431031450860194,1.961100848486382
2000-08-24,0.0012077519449653074,1.963470802720752
2000-08-25,-0.0013251009333227447,1.9608707287881662
2000-08-28,0.008017118352590146,1.9766544469227751
2000-08-29,-0.0032905376780475283,1.9701608805103328
2000-08-30,-0.010931876440137512,1.9487406203364075
2000-08-31,0.008670775001470413,1.965711179417564
2000-09-01,0.003041024338303233,1.9716980534572817
2000-09-05,-0.01248068673993153,1.947242834115521
2000-09-06,-0.015228898712020215,1.9178131299929757
2000-09-07,0.010970688018700927,1.9389686928776202
2000-09-08,-0.0024647788965810043,1.9341954486745825
2000-09-11,-0.003974647185282023,1.92652296199323
2000-09-12,-0.00541043997077531,1.9161277717894039
2000-09-13,-0.0006453780461752994,1.914891543951886
2000-09-14,-0.007039331746124186,1.901459319524378
2000-09-15,-0.012394321296806074,1.8780374705823377
2000-09-18,-0.009871737739520442,1.859589185341637
2000-09-19,0.014172596785066072,1.8861320393478516
2000-09-20,-0.0038277040158254502,1.8789262837141667
2000-09-21,-0.002987380784344441,1.8733215912824652
2000-09-22,-0.006545210235099856,1.8611003465671532
2000-09-25,-0.014469389562593828,1.8343652473642178
2000-09-26,-0.010145159848303447,1.815849400632504
2000-09-27,0.0063408521806051455,1.8274000149323921
2000-09-28,0.014741304678437026,1.854537807121249
2000-09-29,-0.016427698633063786,1.824320895628347
2000-10-02,0.0018831851958765206,1.8277596666365825
2000-10-03,-0.009347134565403512,1.8107549475847466
2000-10-04,0.0036573369183626444,1.8173896137138414
2000-10-05,0.008418532115439015,1.832753948374295
2000-10-06,-0.012351786865504994,1.8102553969264994
2000-10-09,-0.012633624743779371,1.7875291691422368
2000-10-10,-0.005988826150813321,1.7768559596073836
2000-10-11,-0.013587184456756992,1.7528767637119593
2000-10-12,-0.02534511074943809,1.7090081833331063
2000-10-13,0.030664303828974622,1.7622254954748273
2000-10-16,-0.006980330635405996,1.7499674113751618
2000-10-17,-0.005332412767565992,1.7406606984779902
2000-10-18,-0.007533603146205773,1.7275965235065311
2000-10-19,0.03758517778445019,1.7937642191764256
2000-10-20,-0.0018509536620911807,1.7904471155755828
2000-10-23,-0.0051013063230929915,1.7813367535143463
2000-10-24,0.003686686196852856,1.7879161036831803
2000-10-25,-0.0112910692270958,1.767842160590342
2000-10-26,0.009470756629636201,1.7846644978438404
2000-10-27,0.0073063755090242025,1.7977516785314442
2000-10-30,0.0038937209566412795,1.8047652675351018
2000-10-31,0.016743253964684096,1.8352372993746657
2000-11-01,-0.0034541286213258123,1.8289090892097213
2000-11-02,0.00628460896337323,1.8404392610256237
2000-11-03,-0.004635679693797848,1.8319273186778955
2000-11-06,0.006905146816884691,1.844620820581774
2000-11-07,0.0023047863677271114,1.8488771806188085
2000-11-08,-0.015875419991628795,1.819757236124577
2000-11-09,0.0035876096176892442,1.8262975396997738
2000-11-10,-0.03043851858632128,1.7715452644496101
2000-11-13,-0.006016059257918415,1.7609195377094906
2000-11-14,0.027005144953958102,1.809121344121975
2000-11-15,0.007633444108261703,1.8229840134289335
2000-11-16,-0.008272319332064395,1.807965910446637
2000-11-17,0.004595592714721552,1.8162937063356597
2000-11-20,-0.01775201929739872,1.7843353275499116
2000-11-21,0.006813687102766249,1.7965347444652857
2000-11-22,-0.016240831190411333,1.7675931806229568
2000-11-24,0.011776048873676984,1.7885314876015856
2000-11-27,0.00777738974667847,1.8024958267195426
2000-11-28,-0.005391097348564848,1.7928045430463946
2000-11-29,0.008555685355924278,1.8082090185773616
2000-11-30,-0.027362555572485632,1.759402578401249
2000-12-01,-0.009888530851850926,1.7420904087552191
2000-12-04,0.009583233951631985,1.7588655202330943
2000-12-05,0.03746834391939103,1.8260174788881165
2000-12-06,-0.02321373533719831,1.7841170072268486
2000-12-07,-0.005532214204993158,1.774274141301164
2000-12-08,0.015254706604557649,1.801547668701141
2000-12-11,0.004053220703597067,1.8088645574757884
2000-12-12,-0.005714797131733042,1.798556745072884
2000-12-13,-0.00780394292694935,1.784575536118162
2000-12-14,-0.01447500880919911,1.758929848077043
2000-12-15,-0.03697978918390811,1.695072976806982
2000-12-18,0.009291550476374977,1.7108962303729305
2000-12-19,-0.016656537502007202,1.6826346466198694
2000-12-20,-0.036024755669581965,1.6230969979899241
2000-12-21,0.014470681074395357,1.6467550784358604
2000-12-22,0.02401933497763179,1.6867878964700171
2000-12-26,0.002035839099993043,1.6902254231613925
2000-12-27,0.006008200078790837,1.7004112041461568
2000-12-28,-0.0033155628135169675,1.6947827199426024
2000-12-29,-0.008451556177919485,1.680519526565824
2001-01-02,-0.01926509165253752,1.648454027983522
2001-01-03,0.046008957618415544,1.7260694917430537
2001-01-04,-0.015137832544512309,1.7001373144984093
2001-01-05,-0.02263862974216859,1.6620809328263506
2001-01-08,-0.004474944008415664,1.6546598306069904
2001-01-09,0.007334797693208423,1.6668410444736168
2001-01-10,0.0009612751207252513,1.6684441076688137
2001-01-11,0.008027196665275354,1.6818909346034818
2001-01-12,-0.010716762388593842,1.663962746744348
2001-01-16,0.005944445515671511,1.6738835402268712
2001-01-17,-0.007244515928412584,1.6618008836010523
2001-01-18,0.021996674785205776,1.6987599755374638
2001-01-19,0.0005531853620881198,1.699699964659773
2001-01-22,-0.0026279982753190058,1.6952390203285044
2001-01-23,0.012759148485337928,1.7170074044133088
2001-01-24,0.0013632688998480936,1.719349743464775
2001-01-25,-0.005584575264670752,1.7097746666698144
2001-01-26,-0.00022629380695786836,1.7093877990259805
2001-01-29,-0.001523944392880517,1.706784771013143
2001-01-30,0.008602478457079817,1.7215306850041112
2001-01-31,0.00037245326612899186,1.722171994151912
2001-02-01,0.011001346539064007,1.7412228052042433
2001-02-02,-0.021217632343034434,1.704667361272179
2001-02-05,0.005009423971177251,1.7132281873158766
2001-02-06,0.0016952226156262682,1.7161349535965944
2001-02-07,-0.009117191770319527,1.7005597311542018
2001-02-08,-0.011124708653032079,1.6817463403706798
2001-02-09,-0.02179987458235477,1.6454812049653837
2001-02-12,0.020580075074075055,1.6796961976473899
2001-02-13,-0.014072040347605218,1.6562249762869026
2001-02-14,-0.0017196363329376415,1.6533793190911659
2001-02-15,0.005509883598920215,1.6625143901625379
2001-02-16,-0.01257187155046382,1.6417443057770915
2001-02-20,-0.016954050970508002,1.6141447126891226
2001-02-21,-0.02117407288266757,1.5803259983782088
2001-02-22,0.00012761320703424565,1.5805276817154765
2001-02-23,-0.004976201150682879,1.5726821945975835
2001-02-26,0.01795168846005998,1.6011694273373702
2001-02-27,-0.010331627057769547,1.5847119048430263
2001-02-28,-0.01762786273199956,1.55702159841538
2001-03-01,0.0028704436892054127,1.5614973618768482
2001-03-02,-0.019027538607912543,1.5320667941024655
2001-03-05,0.004297814696423506,1.5386655031432321
2001-03-06,0.006207532025886988,1.548246525015375
2001-03-07,0.007952741949054917,1.5606084204310555
2001-03-08,0.003446810505169535,1.565996822995593
2001-03-09,-0.03048669424081176,1.518975166031995
2001-03-12,-0.04777212567632835,1.4481165034504733
2001-03-13,0.02460682354983829,1.4841920831601492
2001-03-14,-0.029537545409580316,1.4409938181720232
2001-03-15,0.002987541117596254,1.4453052835873204
2001-03-16,-0.01771641408276747,1.4199251430846487
2001-03-19,0.0112868868945548,1.4360424636570006
2001-03-20,-0.029471553463572327,1.394337633080639
2001-03-21,-0.018918934120134328,1.3682062199226777
2001-03-22,0.007319783261300356,1.3782579362214045
2001-03-23,0.016813716547169264,1.4016274884562938
2001-03-26,0.008894560551482513,1.4141499573944885
2001-03-27,0.03236371054042462,1.4606657490646355
2001-03-28,-0.028130616769765086,1.4201488748019455
2001-03-29,-0.003927962699259687,1.414581524325
2001-03-30,0.01229995323974606,1.4320882562058765
2001-04-02,-0.0062084562752443085,1.423224741726254
2001-04-03,-0.03462546701159293,1.3747883263307834
2001-04-04,-0.0021709875997031744,1.3718069153961825
2001-04-05,0.042371188798806914,1.4311809977515593
2001-04-06,-0.012977654439610915,1.4127276250608274
2001-04-09,0.0055035300740811895,1.4205240482779475
2001-04-10,0.023389498705244694,1.4541410029738868
2001-04-11,8.754658486546515e-05,1.4542683136253352
2001-04-12,0.015541155069945266,1.4770458592364617
2001-04-16,-0.003680058938690614,1.4716202328549493
2001-04-17,0.012887881785813128,1.4907090434002248
2001-04-18,0.03611846588530891,1.545535327623877
2001-04-19,0.01611093807135135,1.5706370144835498
2001-04-20,-0.006097515016146699,1.5610891703464576
2001-04-23,-0.01476986665528107,1.5382015312270725
2001-04-24,-0.01491840270403324,1.5154243434113666
2001-04-25,0.01905826384119699,1.5445826713708026
2001-04-26,0.004152672136896993,1.5510101531689688
2001-04-27,0.01214218300591962,1.5699576011947634
2001-04-30,-0.004428233291448837,1.5630208328286948
2001-05-01,0.019292417774389548,1.5934680394827538
2001-05-02,0.002528394991673613,1.5975020537348423
2001-05-03,-0.013974737561812403,1.575332648383784
2001-05-04,0.01764805368859952,1.6033809747486076
2001-05-07,0.0023649874987384497,1.6071774382344242
2001-05-08,0.0021497880985771062,1.6106362456828873
2001-05-09,-0.009880116314217187,1.5948013264699727
2001-05-10,-0.005514511160977277,1.5860309810648079
2001-05-11,-0.008590360901339984,1.5724647553499767
2001-05-14,0.003985349464812559,1.5787440812640183
2001-05-15,-0.0012589225817846788,1.5767578152291724
2001-05-16,0.02492810180457537,1.6165573976214687
2001-05-17,-0.005265499483625614,1.6080677861164134
2001-05-18,0.005821901624326911,1.6174571038941086
2001-05-21,0.014318054122582172,1.6407825311257271
2001-05-22,-0.0036565603360159613,1.634793866431863
2001-05-23,-0.015554694658626916,1.6095618935610416
2001-05-24,0.007873142613018861,1.6222842205232908
2001-05-25,-0.014860195999198557,1.5983549958709422
2001-05-29,-0.006657363239847344,1.5877495075412815
2001-05-30,-0.014086263886821174,1.5655408348285156
2001-05-31,0.002181895684808773,1.5689604108428723
2001-06-01,0.007893746806662062,1.5813943978837974
2001-06-04,0.009144621661856709,1.5959219747096658
2001-06-05,0.015151124592387984,1.6202860932088516
2001-06-06,-0.009691803718301016,1.6046584507740667
2001-06-07,0.008747517983640712,1.618756802322386
2001-06-08,-0.009199366412857575,1.6039335521581386
2001-06-11,-0.0075469985500320755,1.5918742310438319
2001-06-12,0.003056582730426514,1.5967473701097858
2001-06-13,-0.013589807938133998,1.575194660317937
2001-06-14,-0.011595951621638347,1.5570342762058944
2001-06-15,-0.009338144218342777,1.542562142184253
2001-06-18,-0.0010014230195524608,1.5410181581655804
2001-06-19,0.007482577695204753,1.552592194073763
2001-06-20,0.010536437944384008,1.5690374705559509
2001-06-21,0.01106352656742109,1.5864929397726593
2001-06-22,-0.011809445586704326,1.567867532058629
2001-06-25,-0.005377935241942953,1.5594582744924186
2001-06-26,-0.0002721326867250194,1.559033952660884
2001-06-27,-0.006894930511471376,1.5483214951565243
2001-06-28,0.016783611705262266,1.5745272201284928
2001-06-29,-0.008816082200201547,1.56070706804001
2001-07-02,0.013173778783515291,1.5814035035128464
2001-07-03,-0.0016907706197719643,1.5787319720409905
2001-07-05,-0.018199152789798445,1.5502602540771988
2001-07-06,-0.022191545576268606,1.5162364991281294
2001-07-09,0.010478936527906864,1.5322085842417439
2001-07-10,-0.018076969764429792,1.5047597394269825
2001-07-11,0.002565475818707556,1.5086251203019758
2001-07-12,0.02639223247155125,1.548971174517559
2001-07-13,0.008382162783721569,1.5620094712727222
2001-07-16,-0.004794224609280331,1.5545387694461361
2001-07-17,0.010539437261636676,1.571009376278908
2001-07-18,-0.0027086666162144607,1.5667597935772408
2001-07-19,0.01028001637312004,1.58294918091885
2001-07-20,-0.00455389316991655,1.5757569881236315
2001-07-23,-0.01975668901151018,1.5449307621170862
2001-07-24,-0.013471553422997402,1.5242577065559033
2001-07-25,0.01795011062856562,1.551865339774398
2001-07-26,0.005551904735545854,1.5605051097005818
2001-07-27,-0.0035674041789598666,1.5549480752383356
2001-07-30,-0.0009514382288145988,1.5534693417690586
2001-07-31,0.006200710234429905,1.5631318813600983
2001-08-01,0.003124836921518157,1.56802405321495
2001-08-02,0.003368658084507586,1.5733150969736818
2001-08-03,-0.005409837902128337,1.5648266984621049
2001-08-06,-0.014193302755398981,1.5427735133538953
2001-08-07,0.0073394639016274394,1.5541382985627186
2001-08-08,-0.01779574941939538,1.5267258785470141
2001-08-09,0.002123556794616565,1.5299714124780925
2001-08-10,0.00726439922860524,1.5411262029979715
2001-08-13,-0.0004274543715226586,1.5404675826405358
2001-08-14,-0.0031603982649068595,1.5356067766524764
2001-08-15,-0.00620713729745355,1.5261045757963834
2001-08-16,0.004070642151181812,1.5323294624571506
2001-08-17,-0.022406572843342912,1.4983770102697607
2001-08-20,0.01144860290904893,1.515629905999434
2001-08-21,-0.019106117210529093,1.4869469855258912
2001-08-22,0.0072716539529618165,1.497798957525355
2001-08-23,-0.005221113308412197,1.4899991589894128
2001-08-24,0.025915677505926746,1.5291182055646146
2001-08-27,-0.006994167738904562,1.5184606102927865
2001-08-28,-0.01886250429342914,1.490087079689318
2001-08-29,-0.010632462847542648,1.4743277130800279
2001-08-30,-0.0220375333092393,1.4421925573108267
2001-08-31,0.0023105326774907186,1.4455286429249825
2001-09-04,0.004263794721154542,1.4517052388329654
2001-09-05,0.007680548197193598,1.4628980593639642
2001-09-06,-0.024353160683800657,1.4277021728702297
2001-09-07,-0.01683054234508452,1.4038742518798086
2001-09-10,0.012120833123730877,1.4209939201410284
2001-09-17,-0.03810572079010049,1.367864616474977
2001-09-18,0.0002967911546533808,1.3682706468440406
2001-09-19,-0.01394760025475425,1.349319026860726
2001-09-20,-0.031620841451987736,1.3073199464129106
2001-09-21,-0.025200303088050737,1.2747867326349323
2001-09-24,0.04166101102249764,1.329017446414783
2001-09-25,0.01079191432143614,1.3434377602686034
2001-09-26,0.001426694399675475,1.3453558033027777
2001-09-27,0.01029520894729007,1.3592780657369128
2001-09-28,0.0176359224449572,1.383462821688611
2001-10-01,0.005576974676881506,1.391199913540582
2001-10-02,0.011434912776363371,1.4071994656098765
2001-10-03,0.019117578459832245,1.4343605112791606
2001-10-04,-0.003137170819587451,1.4298677283369503
2001-10-05,0.009657292076270661,1.4437432708636542
2001-10-08,-0.0037812968858404123,1.438294357401809
2001-10-09,-0.008371622585453445,1.4263037602807564
2001-10-10,0.024308311724754898,1.4613996292164535
2001-10-11,0.009919830205481492,1.4759686068235989
2001-10-12,0.0001824429102950494,1.47623791139734
2001-10-15,-0.0009310747195102234,1.4748640632749321
2001-10-16,0.00596196917274529,1.4836834216016859
2001-10-17,-0.014158655053051791,1.4628244755984987
2001-10-18,-0.0003371210591407457,1.4623314097780535
2001-10-19,0.006174757487609627,1.4713888866832914
2001-10-22,0.015487857226418808,1.4943549360541615
2001-10-23,-0.00785264443043376,1.4826662516937503
2001-10-24,0.002815010527129752,1.4868458528510882
2001-10-25,0.010181930921739663,1.5020621487951193
2001-10-26,0.0005227620951737853,1.502847575228802
2001-10-29,-0.02506824082948025,1.4656421163419688
2001-10-30,-0.01380456225754231,1.4455485788386762
2001-10-31,-0.0008210031331381805,1.4443622659762705
2001-11-01,0.028213195657038243,1.4856926305259293
2001-11-02,0.0010634401795113421,1.487273416150132
2001-11-05,0.010912262778360732,1.5035918078505193
2001-11-06,0.016651055174231887,1.5288378009132635
2001-11-07,-0.00481706684285008,1.521490996265271
2001-11-08,0.004330530102413839,1.5280941460753217
2001-11-09,0.002998753504817754,1.5326834013351227
2001-11-12,-0.0016711206080131248,1.5301242414455758
2001-11-13,0.014083118100278503,1.5518256146711058
2001-11-14,0.0012856260761213835,1.553821965152068
2001-11-15,0.0018855946197114189,1.5567546075079626
2001-11-16,-0.005248456441276002,1.548605452709275
2001-11-19,0.008028822332794627,1.561088977695444
2001-11-20,-0.0065665109328318675,1.5508716526579978
2001-11-21,-0.005020383972715055,1.5431051930861472
2001-11-23,0.009283575427708775,1.5574974288765024
2001-11-26,0.0032840277999885478,1.562620701611917
2001-11-27,-0.01035834735431666,1.5465180758747537
2001-11-28,-0.01661493553069161,1.521035063278442
2001-11-29,0.011268092029320881,1.5382711529016784
2001-11-30,-0.0006878671004278584,1.5372133906257026
2001-12-03,-0.006181688823473749,1.5277401263425678
2001-12-04,0.009417592434259277,1.5421957218111844
2001-12-05,0.01974581374186719,1.5729502688132633
2001-12-06,-0.004955241618601796,1.5651751997594827
2001-12-07,-0.00415456261375204,1.5586860704712977
2001-12-10,-0.01438485495324504,1.536425091764501
2001-12-11,-0.005648234647036445,1.5277714641942097
2001-12-12,0.002032332381159995,1.5308795608848775
2001-12-13,-0.016947933996183245,1.505152937479118
2001-12-14,0.008441303749278718,1.517912167116185
2001-12-17,0.013172903957137981,1.5380397566577797
2001-12-18,0.008087451236614227,1.5505290132430092
2001-12-19,0.009128205460266865,1.5647473558970668
2001-12-20,-0.009655748719231276,1.549711257833886
2001-12-21,0.004746860999220323,1.5570850090038084
2001-12-24,-0.00305318111625194,1.5523381965843877
2001-12-26,0.0036575474170243093,1.5580263431373498
2001-12-27,0.004892891579595883,1.565668277444587
2001-12-28,-0.0021220774489506323,1.5623493308768106
2001-12-31,-0.01513541832310659,1.5388805729402262
2002-01-02,0.010876040325022544,1.5557088467170848
2002-01-03,0.011423763544785082,1.5735827962306246
2002-01-04,0.002446081282648551,1.5774366191156426
2002-01-07,-0.010664926087896785,1.5607027654304384
2002-01-08,-0.0009483120061611661,1.5592234338047657
2002-01-09,-0.006326372990654949,1.549390341487368
2002-01-10,0.00357021332706713,1.5549318818878368
2002-01-11,-0.009975165011904867,1.5394982841011327
2002-01-14,-0.002768109762603658,1.535242676583117
2002-01-15,0.008621105812940814,1.5485353827297008
2002-01-16,-0.015406837884246466,1.524860197316072
2002-01-17,0.012909904629420614,1.5446736165289179
2002-01-18,-0.014546455109565898,1.5223667275291095
2002-01-22,-0.008373294410037667,1.5096727222081778
2002-01-23,0.004888176716961813,1.5170703349482453
2002-01-24,-0.0006589638582192375,1.516070969736079
2002-01-25,-0.0008510559009305958,1.5147812574775141
2002-01-28,0.0007368971851422489,1.5158979068996334
2002-01-29,-0.029152782631085946,1.4723432195568382
2002-01-30,0.012754534536760238,1.4912425418217092
2002-01-31,0.01463617518920883,1.5132291362457142
2002-02-01,-0.006279893712043091,1.5037559944027927
2002-02-04,-0.023671030885707815,1.4685785258185795
2002-02-05,0.0035410711060159354,1.4737880850695062
2002-02-06,-0.004365457947280415,1.4673683479024437
2002-02-07,-0.008738375408817795,1.4546017931265043
2002-02-08,0.011881350532000158,1.4719875052623341
2002-02-11,0.01190729107728282,1.4896196561977368
2002-02-12,-0.004104369328785839,1.483518236773951
2002-02-13,0.012222191271536233,1.5017613386603081
2002-02-14,6.309467058201856e-05,1.5018560947865356
2002-02-15,-0.014299618540211678,1.4805329453241027
2002-02-19,-0.01589745560494865,1.4571823379555608
2002-02-20,0.014075281924882149,1.4778376135857176
2002-02-21,-0.019809562823852146,1.4488503568996043
2002-02-22,0.011403399186749158,1.465466737428959
2002-02-25,0.014874513306074182,1.4874277668193123
2002-02-26,-0.0023545743173382983,1.4839296275312728
2002-02-27,0.0020149558931307223,1.486922694715773
2002-02-28,-0.001877138687218552,1.4841341526595264
2002-03-01,0.02722278168922141,1.5250913680116396
2002-03-04,0.0155914793818711,1.549056136253659
2002-03-05,-0.008047906011055943,1.5366395090051974
2002-03-06,0.012685277328439272,1.5562563669169802
2002-03-07,-0.004748159429226853,1.5488845287553947
2002-03-08,0.005874151550290192,1.5580096862511148
2002-03-11,0.0007806029074173275,1.5592263479450343
2002-03-12,5.4978067741120094e-06,1.559234920293777
2002-03-13,-0.009409924621269335,1.5446314537438994
2002-03-14,0.0003131058136494775,1.545115162554081
2002-03-15,0.010945017492799863,1.5621193609119646
2002-03-18,-0.005157051216206801,1.5540841681203992
2002-03-19,0.0042131087129561335,1.560645505778738
2002-03-20,-0.01911234564270554,1.5311011398426893
2002-03-21,0.0017404881539281826,1.5337683236666684
2002-03-22,-0.0033498371766892037,1.528639045435552
2002-03-25,-0.013548247160874816,1.5080683290569739
2002-03-26,0.007442178485237666,1.5193335094770155
2002-03-27,0.002448971371453083,1.523058873538488
2002-03-28,0.0003990125927324256,1.523666714468531
2002-04-01,-0.0018271349187768111,1.5208853115829066
2002-04-02,-0.011039006054860684,1.5041885766531058
2002-04-03,-0.007599330218091126,1.4928010744457854
2002-04-04,-0.0013105523426305023,1.4908459619190733
2002-04-05,-0.008788468557793788,1.477801115133299
2002-04-08,0.00023682739240552057,1.4781511403640353
2002-04-09,-0.01339906695863736,1.4584773935278605
2002-04-10,0.0134071960352828,1.4781631564167885
2002-04-11,-0.027932808586618594,1.4374452382663803
2002-04-12,0.00627740480082527,1.4464970451094004
2002-04-15,-0.01250794399261219,1.428517022056296
2002-04-16,0.024374239059135657,1.4637638497492897
2002-04-17,-0.005651096572368907,1.4555153074810312
2002-04-18,0.00012043217435356468,1.4556906089100703
2002-04-19,-0.0006360047365306342,1.4547650771403733
2002-04-22,-0.017797835429790132,1.4291024546844215
2002-04-23,-0.009840494016747426,1.4151083479185347
2002-04-24,-0.0072062793249027726,1.4049473374005659
2002-04-25,0.002529343761424701,1.4085054301064126
2002-04-26,-0.01712843486322037,1.3845853779292527
2002-04-29,-0.005717168189522205,1.3766920556764153
2002-04-30,0.009152402037974348,1.3893499314779252
2002-05-01,0.012797462302308094,1.4072443421529253
2002-05-02,-0.0004945888591995881,1.4065485068694987
2002-05-03,-0.016661075693888788,1.38330803893754
2002-05-06,-0.02225264386768635,1.3528657447446564
2002-05-07,-0.002136793883217466,1.349978035814607
2002-05-08,0.04751485476570555,1.4156703681496041
2002-05-09,-0.018481061211086586,1.3897475557851786
2002-05-10,-0.016188395916867184,1.3674308949623906
2002-05-13,0.02307872244616833,1.399356436383905
2002-05-14,0.023021960301061937,1.4319460638730728
2002-05-15,-0.00890879277203171,1.419245809096161
2002-05-16,0.014763615878160465,1.440354445549031
2002-05-17,0.010856827159754749,1.4560773206432682
2002-05-20,-0.017885037023003644,1.4302668227171509
2002-05-21,-0.015343747559336837,1.4084886761073108
2002-05-22,0.009420486173464035,1.4218200194827162
2002-05-23,0.007381295887382211,1.432353722106987
2002-05-24,-0.014802610276314979,1.411307303448778
2002-05-28,-0.012726355189731225,1.3934603098872396
2002-05-29,-0.006439613973592059,1.384515793928733
2002-05-30,-0.0030854451593417902,1.3802505298772494
2002-05-31,-0.00044243840263271777,1.3796399891108777
2002-06-03,-0.025690862445199362,1.3446472691423341
2002-06-04,0.006618112975656906,1.3535758091364056
2002-06-05,0.011036725291697042,1.3685975966921697
2002-06-06,-0.02113196836020811,1.3399798749295286
2002-06-07,-0.005907544057812856,1.332087220836542
2002-06-10,0.0047629560633712514,1.3384470274586433
2002-06-11,-0.017012648777374264,1.3158690980237937
2002-06-12,0.02103267650067973,1.3438384511909103
2002-06-13,-0.011174811244634113,1.3289049053372723
2002-06-14,0.0018769805747668813,1.3314015763988523
2002-06-17,0.02689372228590927,1.367693749051218
2002-06-18,-0.0011655167875930903,1.3661006076232998
2002-06-19,-0.021138079668377087,1.3375269244691934
2002-06-20,-0.011502496682341105,1.3222301695501204
2002-06-21,-0.022718133508235056,1.2925302092299769
2002-06-24,0.011906286350075047,1.3080114230155189
2002-06-25,-0.019722256156920116,1.282467209420027
2002-06-26,0.0061312099789826435,1.2903544395964492
2002-06-27,0.021825665405573028,1.318826868451654
2002-06-28,-0.010443437678835214,1.3051254517166684
2002-07-01,-0.022313021184044192,1.2763266488445713
2002-07-02,-0.017686178912063564,1.2539517538187677
2002-07-03,0.009876881928496799,1.2663982523510835
2002-07-05,0.0386041877946377,1.316242435399973
2002-07-08,-0.012428993264514672,1.2999841136199521
2002-07-09,-0.023488367624685935,1.269805420434231
2002-07-10,-0.03245212652759169,1.2292590013860734
2002-07-11,0.007828985362839018,1.2389206231134982
2002-07-12,-0.012323587977478815,1.2237463684917471
2002-07-15,-0.005764478457627622,1.2167124019649869
2002-07-16,-0.01996339506622845,1.1926635387727764
2002-07-17,0.009495179078433724,1.2040420275593195
2002-07-18,-0.02581061576644722,1.1733625921490929
2002-07-19,-0.043638040767147016,1.1232604770356487
2002-07-22,-0.040671915846942894,1.0784919044432626
2002-07-23,-0.03298471011961008,1.043498458598111
2002-07-24,0.061014017271089425,1.1091489257321503
2002-07-25,-0.010799426236337176,1.0972352002124515
2002-07-26,0.02700541500663433,1.1272702209162215
2002-07-29,0.05477943544861173,1.190744107206162
2002-07-30,5.369136304952103e-05,1.190808041596668
2002-07-31,0.017773007213743374,1.212161476798841
2002-08-01,-0.03826555034213894,1.1666536937384104
2002-08-02,-0.018485415413732314,1.145285721951581
2002-08-05,-0.03512874232076957,1.1057517300708983
2002-08-06,0.030497074224851876,1.139993404203193
2002-08-07,0.027289655149164527,1.171531809921182
2002-08-08,0.035661779648168364,1.2140646092975043
2002-08-09,0.0031692627082129687,1.2179184026051224
2002-08-12,-0.004914097743757415,1.2119481138364674
2002-08-13,-0.022370387682622863,1.185137366163835
2002-08-14,0.04723012923754495,1.2424544494568095
2002-08-15,0.009675803177745392,1.2545345422211611
2002-08-16,-0.003623988616517762,1.2499963514637271
2002-08-19,0.02591090557907216,1.2828081448093018
2002-08-20,-0.016975962443219143,1.261215042331318
2002-08-21,0.014613154778089608,1.279780693942399
2002-08-22,0.012711394786829705,1.2961523242690518
2002-08-23,-0.02154550787541129,1.2685247578720766
2002-08-26,0.006399309174833386,1.2766684692659689
2002-08-27,-0.015137494283551167,1.2574884426294266
2002-08-28,-0.01961528626645167,1.2330627881150402
2002-08-29,-0.0018089999116270685,1.2308341940113303
2002-08-30,-0.004267174323758472,1.2255932000120253
2002-09-03,-0.048406824564350207,1.1676791509398277
2002-09-04,0.01975946805832686,1.190981331002833
2002-09-05,-0.020601391200208565,1.1666964685699195
2002-09-06,0.018608510082853857,1.1886102102627873
2002-09-09,0.00780842607324988,1.1979277154027494
2002-09-10,0.013070851906699588,1.2136884297585397
2002-09-11,-0.0032161886747519666,1.2097912491694367
2002-09-12,-0.028125832937322817,1.1762389180396267
2002-09-13,0.005786642154478461,1.1830651231014007
2002-09-16,0.007790531595076091,1.1923178242549672
2002-09-17,-0.018259626816613875,1.1707441091422828
2002-09-18,-0.003750038404809436,1.1663619954535018
2002-09-19,-0.027872962267082888,1.134300925723505
2002-09-20,0.0003464146286614479,1.1346939322251504
2002-09-23,-0.01406531974319612,1.1188458149489582
2002-09-24,-0.014843510919312209,1.1023608648223986
2002-09-25,0.02539722507874383,1.1307163226623085
2002-09-26,0.017429541446566832,1.1505969414166568
2002-09-27,-0.036741006253620374,1.1090900240348156
2002-09-30,-0.01706453798208019,1.0903244832087182
2002-10-01,0.04676575434107747,1.1425254249202423
2002-10-02,-0.02015843489920863,1.1197244882354334
2002-10-03,-0.005878064205929323,1.1131619821122403
2002-10-04,-0.016826635065447893,1.0945879194041477
2002-10-07,-0.014581217331150089,1.078743292764233
2002-10-08,0.019376934074474564,1.099849860320452
2002-10-09,-0.02212343284679723,1.0757845905308843
2002-10-10,0.031045870926201004,1.109707112562698
2002-10-11,0.04034099027382049,1.1553890282108508
2002-10-14,0.007827974065658846,1.1644688755987973
2002-10-15,0.051499387556105634,1.2260093572745339
2002-10-16,-0.02760299851993862,1.1926306187511169
2002-10-17,0.023607741694960015,1.221120906832375
2002-10-18,0.008769500989460144,1.2318766200219968
2002-10-21,0.007064995333383267,1.2406106391667677
2002-10-22,-0.008040346822187256,1.2306756930847782
2002-10-23,0.003855391136859692,1.2354295874167773
2002-10-24,-0.01537188745489909,1.2165839206678473
2002-10-25,0.017813354553392946,1.2384495331559442
2002-10-28,-0.00604080341025788,1.23099085388162
2002-10-29,-0.008679817673855181,1.220352314793079
2002-10-30,0.010000988647342189,1.2326182780824828
2002-10-31,-0.0025265990567036748,1.229507876926773
2002-11-01,0.013806115922775598,1.2466003238587064
2002-11-04,0.007545929102578669,1.2560426623254355
2002-11-05,0.01432192712181742,1.2741610492064526
2002-11-06,0.004507518174065258,1.27991731678662
2002-11-07,-0.019799127761203437,1.25482529010772
2002-11-08,-0.0018250889716185945,1.2525372109186064
2002-11-11,-0.02034286012500992,1.2273144430808478
2002-11-12,0.009062489266300511,1.2384875185166617
2002-11-13,-0.003807471889749112,1.2337809778006716
2002-11-14,0.021404722952958536,1.2604743811152639
2002-11-15,0.004881939551252006,1.2666429859762638
2002-11-18,-0.010854757344194676,1.2529682360374792
2002-11-19,-0.0048508051696473506,1.2469050487997553
2002-11-20,0.021619641837638752,1.2741562080672353
2002-11-21,0.017016877051964332,1.2960238998253835
2002-11-22,-0.008363789252947505,1.2852294333073315
2002-11-25,0.005064825064118421,1.2917554080639477
2002-11-26,-0.021222341942686906,1.2646301815686207
2002-11-27,0.026563921730023074,1.2986738839873246
2002-11-29,-0.004898975617938808,1.2923272709385092
2002-12-02,-0.004106219346624169,1.2870315717884764
2002-12-03,-0.011903693493187695,1.271801966551422
2002-12-04,-0.0015593454247704653,1.2698203334004976
2002-12-05,-0.014563142096309776,1.2514617631458533
2002-12-06,0.003857142854696263,1.2562981512673068
2002-12-09,-0.020424060524826232,1.2308996944891422
2002-12-10,0.014703092384481902,1.2491314294097526
2002-12-11,0.0003862307678475301,1.2496139755819666
2002-12-12,-0.008231008374247631,1.2393706069427586
2002-12-13,-0.013410632253193685,1.2228608143193316
2002-12-16,0.025203359325101597,1.2540726846638686
2002-12-17,-0.012345328253543775,1.238685918478128
2002-12-18,-0.012159500829661494,1.2237153179933469
2002-12-19,-0.008528248038483658,1.2133235450253295
2002-12-20,0.013897599512008538,1.2303035470697619
2002-12-23,0.001298774358058961,1.2319024718658305
2002-12-24,-0.0059740865655805945,1.224564919268663
2002-12-26,-0.0082899904169323,1.2144552502506119
2002-12-27,-0.01504555412997377,1.1963198685834118
2002-12-30,0.0043928827336391875,1.2015867213415732
2002-12-31,-0.0019704085809802443,1.1992214356099713
2003-01-02,0.03057818917067125,1.23645786545055
2003-01-03,0.0006107130287499872,1.2372132170065224
2003-01-06,0.020477770463630796,1.26280977099419
2003-01-07,-0.005447750178469133,1.2559490036798666
2003-01-08,-0.014480413634085657,1.23789338451456
2003-01-09,0.01885656373846013,1.2614572687502037
2003-01-10,-0.00019668841015320912,1.261209179124514
2003-01-13,0.0002172107961683751,1.2614831571288594
2003-01-14,0.008551587711380502,1.2723170986707024
2003-01-15,-0.014817335249935705,1.2536037331613792
2003-01-16,-0.006180178516068487,1.2458801295100261
2003-01-17,-0.019321753604866026,1.222038612312043
2003-01-21,-0.012102112421732047,1.2073384942984327
2003-01-22,-0.008946214334514955,1.1965855561162784
2003-01-23,0.009534730933051483,1.2080492421653237
2003-01-24,-0.033038571945741,1.1687891403364847
2003-01-27,-0.014262376547169615,1.1522377412225198
2003-01-28,0.01310126313481667,1.1674328311561974
2003-01-29,0.009845193359990002,1.1789831976134582
2003-01-30,-0.02403941028651766,1.1509790865652818
2003-01-31,0.012289466062934198,1.165211278886331
2003-02-03,0.00926163007702207,1.1760531639781764
2003-02-04,-0.016088436810090555,1.157283697504073
2003-02-05,-0.00713133670347494,1.1490600753566127
2003-02-06,-0.004219283136638867,1.1442220791728386
2003-02-07,-0.013176882215787807,1.1292437004969829
2003-02-10,0.008676289998028438,1.139083973120814
2003-02-11,-0.007917492122643992,1.1301008933946568
2003-02-12,-0.010541406824784902,1.1182506091923843
2003-02-13,0.005755950892845682,1.1247057647418437
2003-02-14,0.019094807679474725,1.1463881567680254
2003-02-18,0.019181643813641132,1.168590019440682
2003-02-19,-0.004513127210414711,1.1633279072486786
2003-02-20,-0.011931908868822094,1.1495296680459264
2003-02-21,0.01465386530896199,1.1664987486261202
2003-02-24,-0.017340948587002438,1.1464449324241515
2003-02-25,0.006327745628459833,1.1537223448584226
2003-02-26,-0.015173492873832527,1.136348491438512
2003-02-27,0.010258036489283622,1.1480651881364996
2003-02-28,0.003043822060835647,1.1515650180110006
2003-03-03,-0.007048164004133916,1.1434771347480057
2003-03-04,-0.013802628490057799,1.1278025686260098
2003-03-05,0.015248217079259356,1.1451313275990977
2003-03-06,-0.0075682959806903614,1.136497348242874
2003-03-07,0.01020665978406585,1.1481565897601425
2003-03-10,-0.023735633221421696,1.1212252466760777
2003-03-11,-0.00539631144263492,1.115191061860988
2003-03-12,0.006976721428458952,1.1229986432299768
2003-03-13,0.03454801495962778,1.1624739882726052
2003-03-14,0.001777372316511193,1.1645419746044474
2003-03-17,0.03143293565498219,1.2017283239052046
2003-03-18,0.0051119820666555085,1.2078872663353233
2003-03-19,0.012687568918986938,1.2233100512073998
2003-03-20,0.00037781241375325686,1.223772320250608
2003-03-21,0.02391560773615147,1.2533923578531794
2003-03-24,-0.03549621078424654,1.209682043211818
2003-03-25,0.011513133625917231,1.2236897558246018
2003-03-26,-0.006771349901636353,1.21543171491251
2003-03-27,-0.0012824624302929357,1.2138739684906825
2003-03-28,-0.005499319947489033,1.2072168088648179
2003-03-31,-0.018444410067806623,1.1851544956336688
2003-04-01,0.014127845836962334,1.2020170106741024
2003-04-02,0.0273809600476558,1.2353841174982554
2003-04-03,-0.00692698313445871,1.2268562030112957
2003-04-04,0.004863045445584955,1.2328369911171784
2003-04-07,-0.004176578961583157,1.2276986878110576
2003-04-08,0.0015486910169370983,1.2296014867839011
2003-04-09,-0.016338451861422163,1.2096749299011493
2003-04-10,0.004123304693015832,1.2146730855946457
2003-04-11,-0.0051903293311962055,1.2083848653344937
2003-04-14,0.01476835887994442,1.2263631548457699
2003-04-15,0.007159416397587097,1.235174704464437
2003-04-16,-0.011607253951442898,1.220920603515693
2003-04-17,0.015178602010550707,1.2395938296680078
2003-04-21,-0.0025434906173953478,1.236444940675274
2003-04-22,0.021116302831227254,1.262831701415064
2003-04-23,0.004705102563226691,1.268787454317076
2003-04-24,-0.009118624703541987,1.2572704471282234
2003-04-25,-0.012552243771420822,1.2415875158920393
2003-04-28,0.01876358334389384,1.2651040843144876
2003-04-29,0.0006536159059140056,1.2659312467604502
2003-04-30,-0.001596822736712196,1.2639113920666514
2003-05-01,0.0018925808165775172,1.2663057115279943
2003-05-02,0.012027498821199951,1.2816281626494443
2003-05-05,-0.005978158028913373,1.2739892430433077
2003-05-06,0.007639646376075637,1.2837593428823748
2003-05-07,-0.004119632001392487,1.2784816054435737
2003-05-08,-0.00948727150099423,1.266409658809171
2003-05-09,0.014370303056547738,1.2847397383615042
2003-05-12,0.008309217143362094,1.2954593941175039
2003-05-13,-0.00601002955454347,1.287696994363219
2003-05-14,-0.005875132651064168,1.280153784084977
2003-05-15,0.006431241954684979,1.2884132937939576
2003-05-16,-0.005802702363607989,1.2809586643439976
2003-05-19,-0.024510105211385885,1.2499438732560035
2003-05-20,-0.003184201460301469,1.2459701301063841
2003-05-21,-0.0001684528032275087,1.2457602606222777
2003-05-22,0.004136867758765262,1.250924480562185
2003-05-23,-0.0019201275215232488,1.2485248505747648
2003-05-27,0.019963321149393868,1.2737000069040207
2003-05-28,-0.0009941300199673322,1.2724344126775633
2003-05-29,-0.0027916820668816844,1.2688871340872276
2003-05-30,0.008906653136174437,1.2802391508526154
2003-06-02,0.0012706571503533976,1.2818669298392995
2003-06-03,0.009241426461666586,1.29376811607316
2003-06-04,0.012727233023048191,1.3103394341898287
2003-06-05,-1.7751762292875266e-05,1.3103161735621291
2003-06-06,-0.002365838750832454,1.3072198409389568
2003-06-09,-0.0036120110076309562,1.302506665628893
2003-06-10,0.010235961233047505,1.3159075417823678
2003-06-11,0.012640926796056549,1.3326474135260855
2003-06-12,0.0019547618428815048,1.3352549695852953
2003-06-13,-0.009276521857615306,1.3229257223549717
2003-06-16,0.02290748586208397,1.3535803948761078
2003-06-17,0.003717332270281942,1.3586214668230865
2003-06-18,0.00041388901102136266,1.3591839017031215
2003-06-19,-0.014196147616351313,1.3400250391741064
2003-06-20,0.001743017238328636,1.3423627626715011
2003-06-23,-0.011952474025706043,1.3264137118008998
2003-06-24,0.0010275277893479322,1.3277773392124992
2003-06-25,-0.0100233636141186,1.3145350212954867
2003-06-26,0.010772046407769182,1.3287717954798632
2003-06-27,-0.011993645152788487,1.312930167406514
2003-06-30,-0.004325124836876346,1.3072638431434669
2003-07-01,0.012072432988822908,1.3231413454934913
2003-07-02,0.012763773316857588,1.3401378607809156
2003-07-03,-0.009397444393876474,1.3276029799252012
2003-07-07,0.0173903208470184,1.3508923394870658
2003-07-08,0.0004107523956119434,1.3514473357269383
2003-07-09,-0.00512342311897812,1.3445410063341134
2003-07-10,-0.010679626638952224,1.3302582135837235
2003-07-11,0.01200589026291853,1.3463254051918339
2003-07-14,0.004746202578193753,1.352730526278441
2003-07-15,-0.0025651403803385476,1.3492650292252137
2003-07-16,-0.0036366376140643175,1.3443671525677539
2003-07-17,-0.01175404890828288,1.3286578998306666
2003-07-18,0.012350565425153582,1.3451693290109612
2003-07-21,-0.017343343790220973,1.3220407381705577
2003-07-22,0.008297073896912775,1.3330554395767322
2003-07-23,0.0021142526877653642,1.3358768371455085
2003-07-24,-0.011095126403260214,1.3211370359645538
2003-07-25,0.01996148726416562,1.3477738669915675
2003-07-28,-0.004999422400409914,1.3410525913775915
2003-07-29,-0.008910357022610704,1.329156412311121
2003-07-30,0.0015909638339885808,1.3312727351429683
2003-07-31,0.003201473061231469,1.3355415986212769
2003-08-01,-0.013665780528270615,1.3174145226760017
2003-08-04,0.005765677092069985,1.3250322489821684
2003-08-05,-0.015771375620925926,1.3042985965497484
2003-08-06,0.0020734207121628438,1.3070057618511246
2003-08-07,0.009349559477961419,1.3192829938815014
2003-08-08,0.0019402464121020496,1.3218452128411977
2003-08-11,0.0015442977432774164,1.3238881124369666
2003-08-12,0.0070377058173066364,1.3332381101825495
2003-08-13,-0.009303018055376481,1.320892486788788
2003-08-14,0.004814044160762323,1.327266651998098
2003-08-15,0.0005336381057677994,1.327975121076355
2003-08-18,0.007106244389824749,1.3374456469117968
2003-08-19,0.0015160373679212911,1.3394748022390839
2003-08-20,-0.0033724183610127057,1.3349651413276364
2003-08-21,-0.0017957978622841384,1.3325699650505172
2003-08-22,-0.007945088121754795,1.3220245269401567
2003-08-25,0.0035395291913403793,1.326712162462319
2003-08-26,0.00484593636415959,1.3331569280251503
2003-08-27,-0.0017944594689344295,1.3307667771079268
2003-08-28,0.0038062619992082825,1.3358416761922718
2003-08-29,0.0020731258307818638,1.3386139166858195
2003-09-02,0.014706978363754697,1.3584463628032732
2003-09-03,0.007638749553855912,1.3688629284683065
2003-09-04,0.0038216929518279153,1.374104311372759
2003-09-05,-0.006222749311725175,1.3655801540683747
2003-09-08,0.012218391468343057,1.3823676965056022
2003-09-09,-0.007085505157446658,1.3726075417096082
2003-09-10,-0.006378558105578386,1.3638801484314353
2003-09-11,0.004115565248012628,1.3695048526521745
2003-09-12,0.0026006064062743636,1.373071030848453
2003-09-15,-0.004822458766899805,1.3664653929281927
2003-09-16,0.013314800840828173,1.3847812730471316
2003-09-17,-0.006166208745469798,1.3762686947901326
2003-09-18,0.014686213014383605,1.3966300194143988
2003-09-19,-0.0030321265119852723,1.3924016741834793
2003-09-22,-0.013995895900435859,1.3730495066601447
2003-09-23,0.006951890548375025,1.382628052472406
2003-09-24,-0.01913985094632236,1.3564164013613416
2003-09-25,-0.0035138719521477938,1.351658492050812
2003-09-26,-0.004530741476648464,1.3455483290952333
2003-09-29,0.011965546490945342,1.3617452594964756
2003-09-30,-0.015262769799883596,1.3411190619354956
2003-10-01,0.02423498505917825,1.374018106072769
2003-10-02,0.002266476387254774,1.3771358174408244
2003-10-03,0.006868823561423401,1.3866276820431518
2003-10-06,0.0035760567670621666,1.3915952181506626
2003-10-07,0.004346324740750823,1.397656705931514
2003-10-08,-0.00576229756725049,1.3896261515376778
2003-10-09,0.0009877902876661302,1.3909994889266537
2003-10-10,-0.00038077643302162365,1.3904699299311165
2003-10-13,0.005247747976973804,1.3977859452055819
2003-10-14,0.005476689658942361,1.4054621860446785
2003-10-15,-0.0007940561385776297,1.4043466131406837
2003-10-16,0.002725047843080736,1.4081787438481064
2003-10-17,-0.009151170274422714,1.3953510441384926
2003-10-20,0.006440724165336314,1.404367119186076
2003-10-21,-0.0007968491607105854,1.403248496171919
2003-10-22,-0.01610829389973191,1.380825638818846
2003-10-23,0.005042315487242312,1.3878057805719386
2003-10-24,-0.010387700479390085,1.3734642863319553
2003-10-27,-0.005119290664056054,1.3664510900449698
2003-10-28,0.013831594227880455,1.3854826017145316
2003-10-29,-0.0025535693363004813,1.381949189153831
2003-10-30,-0.005786324378796924,1.373975873213144
2003-10-31,0.006827468191686951,1.383388746264799
2003-11-03,0.0075177950805242946,1.3938279701827285
2003-11-04,-0.008051082159421269,1.3826511996008568
2003-11-05,-0.0016560091839486642,1.3803634113381367
2003-11-06,0.007003225385072747,1.3900643366556749
2003-11-07,-0.009003069427855764,1.377605658250246
2003-11-10,-0.0014349574655455298,1.37563027036412
2003-11-11,0.0009082488445934371,1.376880252529267
2003-11-12,0.009302148877241151,1.3897479534726844
2003-11-13,-0.002364166058987487,1.3864662393176823
2003-11-14,-0.004580845786423665,1.3801295760067853
2003-11-17,-0.005342765319352237,1.3727755305349498
2003-11-18,-0.004566519156951463,1.3665210163248755
2003-11-19,0.00988038091564914,1.3800896859243594
2003-11-20,-0.010817070578617935,1.3652416095117672
2003-11-21,-0.0020995782774244857,1.3623781849289127
2003-11-24,0.014339916439031507,1.382055321316706
2003-11-25,-0.0018541597629472314,1.3794951441719485
2003-11-26,0.001374368014884056,1.381392381627385
2003-11-28,-0.0005820407361231659,1.3805885889314458
2003-12-01,0.00900641575544623,1.393078905814199
2003-12-02,-0.004998309114481947,1.3861332395758548
2003-12-03,-0.001292373036788614,1.3843429954324369
2003-12-04,0.008604175364380273,1.3963055153386095
2003-12-05,-0.006735964970101613,1.3869316567348127
2003-12-08,0.008125484262668023,1.3982470573831653
2003-12-09,-0.006554645098572199,1.3891120153471435
2003-12-10,0.004664835724312727,1.3956071322499053
2003-12-11,0.006487268792501364,1.4046902412754647
2003-12-12,0.001354168304651125,1.4065937168002867
2003-12-15,-0.0027495627064281526,1.4027315112948073
2003-12-16,0.01009410731897515,1.416962537628806
2003-12-17,-0.0008182055335705489,1.4158036452104035
2003-12-18,0.010570906377767633,1.430849356289348
2003-12-19,-0.0016218965441199404,1.428530547605433
2003-12-22,0.000886306441620498,1.4297972246809345
2003-12-23,0.0011637790888317516,1.4314621614136513
2003-12-24,-0.0018932713700650274,1.4287545789890308
2003-12-26,0.0019847589138316515,1.4315931283616248
2003-12-29,0.012029139512270774,1.4489179542932664
2003-12-30,0.00022706421373731162,1.449246989063925
2003-12-31,0.0030966973272831336,1.4537418243217497
2004-01-02,-0.0023890256247002532,1.450272943124651
2004-01-05,0.015131849789789466,1.4723851326970787
2004-01-06,0.0011105612069373706,1.4740212148236393
2004-01-07,0.0035097352044786987,1.4792037282784611
2004-01-08,0.003680014530583053,1.4846572478533318
2004-01-09,-0.010365596779207165,1.4693473745348307
2004-01-12,0.0037934270945162887,1.4749318220772318
2004-01-13,-0.007285604408221911,1.4642251021149342
2004-01-14,0.005648478787272309,1.4725191488655867
2004-01-15,-0.002985448902298628,1.468129573875232
2004-01-16,0.008192688709796121,1.4802069078257596
2004-01-20,0.0005901810297515964,1.481080755701721
2004-01-21,0.00992290937023981,1.4958505442561771
2004-01-22,-0.002506846451468253,1.4921053728734854
2004-01-23,-0.0010766185562851294,1.4904998089861394
2004-01-26,0.015214788672264794,1.5133508446215547
2004-01-27,-0.011395122117704081,1.4962039081994352
2004-01-28,-0.012534585779640846,1.4775666610712779
2004-01-29,0.008939374131393384,1.4908343965296285
2004-01-30,-0.00655419590189077,1.4810951272414412
2004-02-02,0.004417928585067685,1.4876529751267131
2004-02-03,0.0021203006319836662,1.4908105930367033
2004-02-04,-0.006863109165806952,1.4806140272864967
2004-02-05,0.0009557612117355338,1.4820298172141024
2004-02-06,0.011044482780862445,1.4984887931431952
2004-02-09,-0.003553806793528815,1.4931729049047324
2004-02-10,0.002618459847442198,1.4970878415168343
2004-02-11,0.007266094880828044,1.5080054399373526
2004-02-12,-0.005285432220831855,1.500056005999192
2004-02-13,-0.0049801087311494244,1.4926041349519832
2004-02-17,0.009814243474589559,1.5073250344306084
2004-02-18,-0.007591802344862841,1.4959250486726208
2004-02-19,-0.005101905084299317,1.488312417035795
2004-02-20,-0.0003258291182167408,1.4878275605077984
2004-02-23,0.0004509720552255376,1.4884986804773837
2004-02-24,0.002604867044725217,1.4923810760030776
2004-02-25,0.0026703326556643684,1.496371555507656
2004-02-26,-0.0015595376594392549,1.494039726474539
2004-02-27,-0.0025463547375792006,1.490240210849186
2004-03-01,0.007449694394794418,1.5013835005103504
2004-03-02,-0.008594673653879713,1.4885348931796925
2004-03-03,0.001338283226333527,1.4905283080383638
2004-03-04,0.003176945650450785,1.495271165374321
2004-03-05,0.00010857157214259035,1.4954335181288125
2004-03-08,-0.007373625331112245,1.4844473055432246
2004-03-09,-0.0029167140899985,1.4801239052975028
2004-03-10,-0.013459983327072765,1.4603349405429167
2004-03-11,-0.01619888502046637,1.4368697111379323
2004-03-12,0.010812661113550975,1.4524903947791272
2004-03-15,-0.011089639958297752,1.4364717837365697
2004-03-16,0.007072251280822825,1.446666881802885
2004-03-17,0.00787791507680473,1.4581086099492717
2004-03-18,-0.00026767466695976105,1.457718363444594
2004-03-19,-0.015156160143012461,1.43579153348919
2004-03-22,-0.01131072435448264,1.4196431881228
2004-03-23,-0.0013971799521837562,1.4176610761271142
2004-03-24,-6.937264046945144e-05,1.4175627326461855
2004-03-25,0.016259824012422982,1.4408004619326202
2004-03-26,-0.0013146662719211585,1.438907534717168
2004-03-29,0.012385274376021518,1.4568396169921602
2004-03-30,0.0030887484388414255,1.461346384637534
2004-03-31,-0.003956369134199797,1.4555761809615195
2004-04-01,0.004843718307961725,1.4626436846384407
2004-04-02,0.009596688332631782,1.4767477883206024
2004-04-05,0.007369972095241485,1.487671582897703
2004-04-06,-0.000967705608958873,1.4862326511061181
2004-04-07,-0.007419488166927909,1.4752463722194473
2004-04-08,-0.002697410990178269,1.4712723885849344
2004-04-12,0.006879868713931534,1.4814294490186801
2004-04-13,-0.01059782171244412,1.4658124232329452
2004-04-14,0.0024390611215276393,1.469391992945987
2004-04-15,0.0030131453879871806,1.4738261616954016
2004-04-16,0.0025873579518197447,1.4776444149984043
2004-04-19,0.0019796686948338124,1.480572558809887
2004-04-20,-0.015073904957992415,1.4584219165387937
2004-04-21,0.0037360383308810076,1.4638808277226796
2004-04-22,0.00740728926253893,1.4747644758609402
2004-04-23,0.006040322865679146,1.4836994874568843
2004-04-26,-0.004599493451497662,1.476890891429932
2004-04-27,0.002805968295695051,1.4810408200086387
2004-04-28,-0.013371930202716856,1.4613682686619718
2004-04-29,-0.004518987694915985,1.4547792624700737
2004-04-30,-0.005499495147812828,1.4468006701987213
2004-05-03,0.008996718022777425,1.459875856552995
2004-05-04,0.0016986748246668633,1.462357818343858
2004-05-05,0.0006118301424906863,1.4632528066987351
2004-05-06,-0.005817554422229502,1.4547649670353504
2004-05-07,-0.009405900845076412,1.4411457429468897
2004-05-10,-0.007289214114543417,1.4306791161414618
2004-05-11,0.006894162053876152,1.440576527793629
2004-05-12,0.004081709620432713,1.4464685594670013
2004-05-13,-0.003096072543734801,1.441997113407163
2004-05-14,-0.0009587827439369908,1.4406152140345183
2004-05-17,-0.0073591515870442435,1.4300524225584772
2004-05-18,0.005282347519550768,1.437626443118359
2004-05-19,-0.0037144622411424684,1.4322963393415256
2004-05-20,0.003062800034278192,1.4366899014853267
2004-05-21,0.0025242061712421665,1.4403209838731144
2004-05-24,-0.0009791144457711543,1.438911434958716
2004-05-25,0.01603083689482073,1.4621642727310973
2004-05-26,-3.5507957808385296e-05,1.4621123551855406
2004-05-27,0.005314609116661305,1.469903596199584
2004-05-28,-0.0013778024657370655,1.4678797539479285
2004-06-01,0.0007252651925321785,1.468944742193059
2004-06-02,0.004637365146931556,1.4757725947297997
2004-06-03,-0.005237651546544844,1.4680632192521241
2004-06-04,0.003932523236499404,1.4738477784765418
2004-06-07,0.015415044693343918,1.4967432216195935
2004-06-08,0.0013209713662852604,1.498721683015766
2004-06-09,-0.008461567750005039,1.4860936497811146
2004-06-10,0.005677200364259905,1.4945544954241246
2004-06-14,-0.008094998429729812,1.482504915595089
2004-06-15,0.0059867279947171835,1.4914068895359984
2004-06-16,0.0011137405938822205,1.4930688552584213
2004-06-17,-0.0006772336517952544,1.4920580411025077
2004-06-18,0.004110262178129864,1.4982034117268639
2004-06-21,-0.004440895218034507,1.4915647989622312
2004-06-22,0.0005146349887690617,1.492332607949532
2004-06-23,0.006512349942104545,1.502082914366474
2004-06-24,-0.003767637043196114,1.496434258860149
2004-06-25,-0.012518066886350893,1.4778185541277422
2004-06-28,-0.000798807625413652,1.4766385327655054
2004-06-29,0.002748891850267161,1.4807032365500226
2004-06-30,0.0007701952390843139,1.4818441064231853
2004-07-01,-0.00715633137820998,1.4712773934925485
2004-07-02,-0.002612083739318282,1.4674393086187894
2004-07-06,-0.00500386931369946,1.4601147748805459
2004-07-07,0.002066409615752535,1.4631350896204312
2004-07-08,-0.0063879006844430345,1.4538185163328754
2004-07-09,0.003536747701864469,1.458969408964085
2004-07-12,0.001036549995266548,1.4604824877534712
2004-07-13,0.0022960925465931297,1.463839743518035
2004-07-14,-0.004227206607030443,1.457664850950999
2004-07-15,-0.00837609551025459,1.4455063026044594
2004-07-16,-0.002567007983673485,1.4418004349161881
2004-07-19,0.0014728655137223538,1.443925577695023
2004-07-20,0.004974871285807405,1.4511268193633786
2004-07-21,-0.011109219502361788,1.4350951475602343
2004-07-22,0.00741890443132282,1.4457815730795047
2004-07-23,-0.012051694700801838,1.4284620295109578
2004-07-26,7.93681080421811e-05,1.4285754083389222
2004-07-27,0.007935343967318629,1.439956743267886
2004-07-28,0.0021379126160521356,1.4430385380860764
2004-07-29,0.0035693843498611722,1.448198500726739
2004-07-30,4.5268464788994e-07,1.4481991563041159
2004-08-02,0.00559896524049245,1.4563303148370041
2004-08-03,-0.003575630094946134,1.4511323149356221
2004-08-04,-0.0001247501057285535,1.4509512973171261
2004-08-05,-0.015826050856191626,1.4281692189665585
2004-08-06,-0.015052577770781861,1.4068325793120804
2004-08-09,0.002722773545871186,1.4106682853523036
2004-08-10,0.010249949568496293,1.4252019214098235
2004-08-11,-0.0035014570667927783,1.4202203645138682
2004-08-12,-0.010787769716199642,1.4049816976738347
2004-08-13,0.004288130118641579,1.411019377935292
2004-08-16,0.009765150015180794,1.4248656894600369
2004-08-17,0.0013933516521353934,1.4268524122028017
2004-08-18,0.011628896994435345,1.4435419845103123
2004-08-19,-0.003314721715624721,1.4387649661639732
2004-08-20,0.003514588274671518,1.443830529113844
2004-08-23,-0.0019708946020858225,1.4409876937024022
2004-08-24,-4.320377147429781e-05,1.440925438944216
2004-08-25,0.007256466300923086,1.4514194946667718
2004-08-26,-0.0008955159684565585,1.4501203071407798
2004-08-27,0.0038525917527101675,1.4557178041886036
2004-08-30,-0.006485798281419822,1.4463068638759164
2004-08-31,0.004917828585530664,1.4534370713131568
2004-09-01,0.00014746339674845347,1.4536514158842537
2004-09-02,0.010086003216888321,1.4683871360830223
2004-09-03,-0.007114182906214589,1.4579778321683714
2004-09-07,0.00616817596097866,1.4669986884980688
2004-09-08,-0.002271032709959747,1.4636708667173748
2004-09-09,0.0010143116209851298,1.46515623827425
2004-09-10,0.0035080407574192393,1.4703050919881457
2004-09-13,-0.0002490980292212566,1.4699388874996793
2004-09-14,0.0026803114767353538,1.473884066362166
2004-09-15,-0.008188285495182045,1.4618647587568783
2004-09-16,-0.000775098522278118,1.4607321085570493
2004-09-17,0.005068491552639085,1.4681546114664958
2004-09-20,-0.006935570729588247,1.4580073505151012
2004-09-21,0.006044799413564179,1.4668474037491186
2004-09-22,-0.014923020664695526,1.4451201311144897
2004-09-23,-0.006323356677613798,1.4360109517309967
2004-09-24,4.346830902609826e-05,1.436073374055498
2004-09-27,-0.0038037158170546683,1.430621334625915
2004-09-28,0.006071616497182869,1.4393339417615654
2004-09-29,0.004255193587463513,1.4454716355973956
2004-09-30,-0.008629206262552917,1.4330520254628296
2004-10-01,0.014009990665827367,1.4532703696666331
2004-10-04,0.003787164820144669,1.458784579104108
2004-10-05,0.001059839010233955,1.4603314754943428
2004-10-06,0.005893691335557342,1.4689636311019523
2004-10-07,-0.010980787974978227,1.4529214917844933
2004-10-08,-0.006992582340257126,1.4427972571444603
2004-10-11,0.004665981844925602,1.4495450532568797
2004-10-12,-0.0013163172886292366,1.4476382472987805
2004-10-13,-0.008082753300274382,1.4359845050852122
2004-10-14,-0.01141953783874745,1.4196795006894696
2004-10-15,0.002552040012684186,1.4233072066368733
2004-10-18,0.0073704210998718316,1.4338363344927902
2004-10-19,-0.006519827496238782,1.4245183776769887
2004-10-20,0.0014965639698003264,1.4266518566009858
2004-10-21,-0.0009924759060973545,1.425236641406578
2004-10-22,-0.013604430856035982,1.4059784037723921
2004-10-25,3.23922367091068e-07,1.4059788592003186
2004-10-26,0.014171068406160855,1.4260449247825544
2004-10-27,0.008906226046402718,1.4388023290709242
2004-10-28,0.002279752226970063,1.4420861836499317
2004-10-29,0.00286816951594841,1.4462282685425218
2004-11-01,-0.0015190169377229405,1.444033090984836
2004-11-02,0.0003423252197687912,1.4445275045503487
2004-11-03,0.011882917457611953,1.46179509715408
2004-11-04,0.013374472161892232,1.4814771602021735
2004-11-05,0.003606856606945669,1.4868302840571437
2004-11-08,-0.0014758943792995347,1.4846374981561634
2004-11-09,-0.001958474571513841,1.4817327187648652
2004-11-10,-0.0036266376841367657,1.4763687435256831
2004-11-11,0.007737069267242593,1.4878358143151729
2004-11-12,0.010835689715771075,1.5040452029017242
2004-11-15,0.0018213632272049089,1.5067871117743474
2004-11-16,-0.00695899846670857,1.496337783174383
2004-11-17,0.004476251393584884,1.503050780584671
2004-11-18,0.0007759124785372398,1.5042174690067216
2004-11-19,-0.010532534010300373,1.4884573898346036
2004-11-22,0.00374906007653534,1.494048179565323
2004-11-23,-0.0019013412920405354,1.4912101829242874
2004-11-24,0.0016652735290700058,1.4936955245806773
2004-11-26,-0.0007992580285959084,1.4925021534096516
2004-11-29,-0.004163879750417889,1.4863004743987756
2004-11-30,-0.005062295940112892,1.4787953940379768
2004-12-01,0.014420107702097477,1.5002742745837374
2004-12-02,-0.0008386798807124426,1.499016552221036
2004-12-03,0.0024914113592726782,1.5027558752487054
2004-12-06,-0.001242055050364057,1.500890528395934
2004-12-07,-0.009075511377389716,1.487330803120099
2004-12-08,0.007061758373284141,1.4978711467503225
2004-12-09,0.0029699697381891576,1.5023263914239344
2004-12-10,-0.0047365832052806344,1.4952273234050664
2004-12-13,0.007328376973525423,1.5062251618250466
2004-12-14,0.0027973444694308087,1.5104444911585815
2004-12-15,0.0004419757911884847,1.5111122186064214
2004-12-16,0.0012441273203585147,1.5129934045764974
2004-12-17,-0.014089739140572844,1.4918251996203935
2004-12-20,0.0005175804944576431,1.492597539101541
2004-12-21,0.010044911738783857,1.507666104144665
2004-12-22,0.004391631196335239,1.5143017776918988
2004-12-23,0.0025637417303777266,1.518189037187273
2004-12-27,-0.0053108158271486456,1.510147587050896
2004-12-28,0.0049050496704668555,1.5175731324216426
2004-12-29,-0.0004908503333536913,1.5168284139313168
2004-12-30,-0.001599615437941639,1.5144040113565342
2004-12-31,-0.0007605096321853529,1.5132527303545125
2005-01-03,-0.005460210574227198,1.505012568776047
2005-01-04,-0.008286822685713523,1.4925923297144554
2005-01-05,-0.0006725597057344089,1.491588809757772
2005-01-06,0.004929493596434596,1.4989597397941232
2005-01-07,-0.002862039665625731,1.4946757909017327
2005-01-10,0.001849701358618839,1.4974430532583372
2005-01-11,-0.005430599382674854,1.4893330808744325
2005-01-12,0.0025764231632211046,1.4931751804335915
2005-01-13,-0.012649056240548058,1.474406874519082
2005-01-14,0.0033656006019717986,1.479377499060023
2005-01-18,0.008913845813496713,1.4926233901961667
2005-01-19,-0.010777042211947667,1.476623694467877
2005-01-20,-0.0038976147663775727,1.470879585585489
2005-01-21,-0.00722142446864629,1.4602960000311056
2005-01-24,0.0004516305863763111,1.4609556633207292
2005-01-25,0.007499500664532759,1.47195328809134
2005-01-26,0.00290373956075032,1.4762336686331299
2005-01-27,-0.0007280790340695507,1.4751592450297228
2005-01-28,-0.00362119624191785,1.4698270641787872
2005-01-31,0.005631784452263506,1.478128166455223
2005-02-01,0.007292924786506077,1.4889474481483178
2005-02-02,0.004472265402845465,1.495621328866471
2005-02-03,-0.002730099648071543,1.4915437022990092
2005-02-04,0.010123483770120734,1.5067200097008246
2005-02-07,0.0015052252081542272,1.5089896703877652
2005-02-08,0.0029217705109238555,1.5134050391139906
2005-02-09,-0.007010377022138065,1.5028326008904374
2005-02-10,0.004757654518852951,1.5099995947265465
2005-02-11,0.004646469174016341,1.517032086772544
2005-02-14,0.002678660469465523,1.5211011480380376
2005-02-15,0.0028416281064633066,1.5254296989663656
2005-02-16,9.348847190077762e-05,1.5255723157243215
2005-02-17,-0.007564390337790269,1.514075828018949
2005-02-18,0.0040305396817844705,1.5201906855348295
2005-02-22,-0.012763969453969456,1.5009103267761348
2005-02-23,0.004272009453074551,1.5073359452594646
2005-02-24,0.007694837560880816,1.518979390265748
2005-02-25,0.00941714743166237,1.5333514086251765
2005-02-28,-0.006434394875749045,1.5235168936852945
2005-03-01,0.0034977496527574307,1.5288551047917567
2005-03-02,0.0014299756902648036,1.5310428942956442
2005-03-03,6.843960300567714e-05,1.5311476818492828
2005-03-04,0.00832072026441452,1.543941084744956
2005-03-07,0.0016322211157645396,1.5464631957464503
2005-03-08,-0.0029267582613354487,1.5419436887907498
2005-03-09,-0.010204273096447954,1.5262892810540598
2005-03-10,0.0011679984885181907,1.5280730261303639
2005-03-11,-0.008056557018183275,1.5158114779212915
2005-03-14,0.0036688968226812413,1.5213830483451167
2005-03-15,-0.009559221531072573,1.5069091008052429
2005-03-16,-0.005676476465488698,1.4983793989886334
2005-03-17,0.0008203737228095372,1.4996091344267135
2005-03-18,-0.0006123419194023095,1.4986911419822975
2005-03-21,-0.006923201614184043,1.488351234979289
2005-03-22,-0.013294873881954826,1.46869474780599
2005-03-23,0.003093297986297719,1.47324489215988
2005-03-24,-0.002527088655131011,1.4695265719479056
2005-03-28,0.0036997696463887233,1.4749735518254468
2005-03-29,-0.007704641814801663,1.46365307503175
2005-03-30,0.011262028529305763,1.4802299471150344
2005-03-31,-0.0036659649834511524,1.4748134104445412
2005-04-01,-0.007366937442984185,1.4639884745797147
2005-04-04,0.0027950037155265567,1.468086051509487
2005-04-05,0.005243656432315307,1.475804408898584
2005-04-06,0.0029449915918396256,1.4801570465688012
2005-04-07,0.0048680848949713956,1.4873801437900689
2005-04-08,-0.008328542754285788,1.4750438775393766
2005-04-11,0.0017620344924812075,1.4776452469077481
2005-04-12,0.007438802766729347,1.4886781433528704
2005-04-13,-0.011299518652058757,1.4719514765172228
2005-04-14,-0.006382017777814729,1.4625873687605362
2005-04-15,-0.015455326607685898,1.4401563888446194
2005-04-18,0.0054011449807045255,1.4479559265517208
2005-04-19,0.004434100250840805,1.4543905636591115
2005-04-20,-0.014724680656367206,1.4331320237634904
2005-04-21,0.01956540846443622,1.461447940142629
2005-04-22,-0.004903550149014373,1.4542991983091762
2005-04-25,0.0061949844034928725,1.4633365233016764
2005-04-26,-0.0056906821849926565,1.4550327895815525
2005-04-27,0.003827463048557749,1.46061254516056
2005-04-28,-0.014088466278325166,1.4401790309875733
2005-04-29,0.014220324485266405,1.4608051516098923
2005-05-02,0.006235373726162635,1.4699422747559099
2005-05-03,-0.0007813331957482348,1.468794208630303
2005-05-04,0.006836382527288163,1.4788698489186387
2005-05-05,-0.00022152612837107713,1.4785422768908643
2005-05-06,-0.0015969517271746559,1.476183000574673
2005-05-09,0.005956560618417559,1.4850022141155943
2005-05-10,-0.010583746065133733,1.4693682068939982
2005-05-11,0.0055416301877187655,1.4775335057433718
2005-05-12,-0.010400625548167421,1.4622458713047937
2005-05-13,-0.004248208949356171,1.4560471214230635
2005-05-16,0.008959882760084014,1.4691517532371838
2005-05-17,0.006720820259631443,1.479058912932915
2005-05-18,0.008923607793776578,1.4923165194401877
2005-05-19,0.005747361034518044,1.500918095760101
2005-05-20,-0.0028612326235941898,1.496629757830955
2005-05-23,0.004252954866707158,1.5030084110908388
2005-05-24,0.0015160485208314592,1.5052887729020799
2005-05-25,-0.0012871427392943668,1.5033524977860508
2005-05-26,0.005985313967471758,1.5123775163312008
2005-05-27,0.000750136174780422,1.5135124310331936
2005-05-31,-0.00997624466843896,1.4984883273859628
2005-06-01,0.010301860975907087,1.5140053356068222
2005-06-02,0.0016315104035111295,1.5164774671686516
2005-06-03,-0.009245620411131587,1.5025213082350959
2005-06-06,0.00028949593143962673,1.502956345008381
2005-06-07,0.0005594304013549116,1.5037973797079434
2005-06-08,-0.002940544303538029,1.499381892039576
2005-06-09,0.005535848289112087,1.507705259916041
2005-06-10,-0.002879471239670441,1.503370110446676
2005-06-13,0.00015074038140506854,1.5035967461116617
2005-06-14,0.0025578212200360172,1.5074476005743718
2005-06-15,0.003742946999893497,1.5131004696435406
2005-06-16,0.0024024751577367627,1.5167400261544781
2005-06-17,0.003873417277191745,1.5226263859811224
2005-06-20,-0.0007275776141609675,1.521518960025972
2005-06-21,-0.002850441976613492,1.5171881338308275
2005-06-22,-0.00039213265386705317,1.5165933114537535
2005-06-23,-0.010349484781552681,1.5009782951231694
2005-06-24,-0.009847043879084118,1.486270628352556
2005-06-27,0.0001485225448981641,1.48649138944228
2005-06-28,0.007238286091277614,1.4972900742285067
2005-06-29,-5.7772312792288336e-05,1.4972035748166572
2005-06-30,-0.011937226146865158,1.4794373677413024
2005-07-01,0.0018163064239378136,1.4821269211232913
2005-07-05,0.009664420547493844,1.496520258597809
2005-07-06,-0.00948405176771341,1.4823942746579246
2005-07-07,0.001314858372152555,1.4843446951631558
2005-07-08,0.011836314789822024,1.5020182548034955
2005-07-11,0.004198582774202573,1.508337860184248
2005-07-12,0.003211948931164869,1.5131903531701574
2005-07-13,0.002061620989044187,1.5163131961158733
2005-07-14,0.0041071616176513205,1.5225537461766052
2005-07-15,-0.0003690189163477604,1.5219919986972077
2005-07-18,-0.008524865301582243,1.509072369211396
2005-07-19,0.007147574510421533,1.5198972160267605
2005-07-20,-0.0003103435595422935,1.5194255989000545
2005-07-21,-0.00766223149695693,1.5078278970983974
2005-07-22,0.0020224905481909957,1.5108805507095502
2005-07-25,-0.003034935018901508,1.5063020776152825
2005-07-26,-0.0007112803903736642,1.5052310554291892
2005-07-27,0.004200868183220716,1.5115676329231122
2005-07-28,0.003804000870492184,1.5173285879064926
2005-07-29,-0.01049856619831793,1.5014821413152315
2005-08-01,0.0027338454561936605,1.5055925775334253
2005-08-02,0.008951160577038512,1.5191298753341214
2005-08-03,0.0015390166801059482,1.5214696415593065
2005-08-04,-0.007305963477333497,1.5103943470387202
2005-08-05,-0.004367747071494214,1.5038117126585162
2005-08-08,-0.002344901978770378,1.5002895527715514
2005-08-09,0.006973187140860417,1.5107879135652538
2005-08-10,-0.004570955352169418,1.5038979283695009
2005-08-11,0.005587376339806122,1.5123242907792211
2005-08-12,-0.0060484353637253975,1.5032047024798787
2005-08-15,0.001931049222298532,1.506110269244886
2005-08-16,-0.010750400882456882,1.4900057004641554
2005-08-17,-0.0007254319698458366,1.4889251946578987
2005-08-18,-0.0003191025989704582,1.4884501505565455
2005-08-19,0.0004093953290106434,1.4890596398481704
2005-08-22,0.0024423362088172975,1.4927008688664019
2005-08-23,-0.00496470744162319,1.4853084116326416
2005-08-24,-0.00874590509327171,1.4723746862401954
2005-08-25,0.0016294731679536638,1.4747758370587223
2005-08-26,-0.005420458050371791,1.4668035028715851
2005-08-29,0.007331489797375681,1.4775968751912252
2005-08-30,-0.003973412305231708,1.4717374223053552
2005-08-31,0.009518234011522056,1.4858126428518583
2005-09-01,0.0012833160273039129,1.4877206340459848
2005-09-02,-0.0036561635241659585,1.482291215598638
2005-09-06,0.013093899808825788,1.501827814267274
2005-09-07,0.0030918911837077476,1.5064784884299196
2005-09-08,-0.0035452093913684556,1.5011471626618345
2005-09-09,0.006406471938025305,1.5107950914285142
2005-09-12,-0.0017329576756157858,1.508179214734992
2005-09-13,-0.008082640216682818,1.4960382762750246
2005-09-14,-0.0026566767483027277,1.4920690609674194
2005-09-15,-0.0001984577837660906,1.4917729776293471
2005-09-16,0.00886402468275919,1.5050548686650127
2005-09-19,-0.0036989669091940154,1.49949800417415
2005-09-20,-0.00601054803465861,1.4905122311545362
2005-09-21,-0.006160960456888297,1.4813574742431181
2005-09-22,0.0028321545526145808,1.4855588542282647
2005-09-23,-0.004189538081859233,1.479348068082596
2005-09-26,0.0008277103937979576,1.4805730467484433
2005-09-27,-0.0010105092505886914,1.479077669661969
2005-09-28,0.003409595079906089,1.4841293327761569
2005-09-29,0.009338562958584764,1.4980538844450935
2005-09-30,-0.004124534536039706,1.4918878342466395
2005-10-03,-0.0047695883185595095,1.4847890859706732
2005-10-04,-0.010251534116309148,1.4696454752462398
2005-10-05,-0.011252059195569642,1.453201624447929
2005-10-06,0.000410415073257103,1.453798162704857
2005-10-07,0.0027580359884057716,1.457813324793046
2005-10-10,-0.005030955724535428,1.45049754860492
2005-10-11,0.0016407596741693912,1.452879419995064
2005-10-12,-0.0017324858210451743,1.4503645061555626
2005-10-13,0.0010962679476808825,1.4519553661211846
2005-10-14,0.004146711705976415,1.4579887070517843
2005-10-17,-0.0012961676516951837,1.4561001334715664
2005-10-18,-0.009474900031689904,1.4423688841036317
2005-10-19,0.01341933468753267,1.4618549676226296
2005-10-20,-0.016004583426375285,1.4386448176582507
2005-10-21,-0.0014915552243561017,1.436500598972298
2005-10-24,0.013478790738792133,1.4559939683401022
2005-10-25,-0.0007481191486884485,1.4549051187174227
2005-10-26,-0.003550432537192158,1.4497487353576237
2005-10-27,-0.007989377878456147,1.4382122907540527
2005-10-28,0.016166132998625807,1.4616515727277257
2005-10-31,0.003544705281150743,1.466841890415369
2005-11-01,-0.0034521110519283005,1.4617869194945623
2005-11-02,0.00946939882436057,1.4756949090547515
2005-11-03,0.005060925937767972,1.4831822220835538
2005-11-04,0.001384877301356042,1.4852376704200554
2005-11-07,0.0037647526739447274,1.490839761538267
2005-11-08,-0.0017138659067148308,1.488286850397172
2005-11-09,0.0031938258071445708,1.4930477780882718
2005-11-10,0.006664581546717988,1.503031548631177
2005-11-11,0.0036840154259234013,1.5085789521279138
2005-11-14,0.0007727794168208934,1.5097452014594674
2005-11-15,-0.003171868232439057,1.5049640751756432
2005-11-16,0.002206305794026486,1.5082881517508013
2005-11-17,0.00649531974883753,1.5181168512875367
2005-11-18,0.007201188870644605,1.529088554702256
2005-11-21,0.004556620618411169,1.5360719293495824
2005-11-22,0.004273696821043186,1.542650682856787
2005-11-23,0.005360051912053031,1.5509415705433964
2005-11-25,0.0023151430745629734,1.5545363818250648
2005-11-28,-0.0066892383684571234,1.5441724195669724
2005-11-29,-0.0019745145085876374,1.541126436878898
2005-11-30,-0.006826371743812996,1.5306419610952795
2005-12-01,0.007067072105342374,1.5414974312168617
2005-12-02,-0.001210628443123253,1.5396323797515932
2005-12-05,-0.0021917758304847695,1.5362615461190876
2005-12-06,-2.877259141457334e-05,1.5362173445292153
2005-12-07,-0.005630041114447028,1.527592679110825
2005-12-08,-0.0033631622964544086,1.5224637665251817
2005-12-09,-0.00041662725381100236,1.5218295987420716
2005-12-12,0.000867619386706639,1.523150540559706
2005-12-13,0.006440999266817957,1.5329928150894727
2005-12-14,0.005916073738501966,1.5420889939260518
2005-12-15,-0.0029670534177696464,1.5375203146155612
2005-12-16,-0.004462170110989583,1.530674921435261
2005-12-19,-0.0006585207439553281,1.529667272062665
2005-12-20,-0.0024593205158362445,1.525909952078908
2005-12-21,0.0009817724515059677,1.5274087840689257
2005-12-22,0.0018678770312291983,1.530264462051362
2005-12-23,0.0001145979902029382,1.5304398373318273
2005-12-27,-0.01091788501802516,1.5138215544863953
2005-12-28,0.0002521519677758288,1.5142033156991184
2005-12-29,-0.002654520538500882,1.510189162081877
2005-12-30,-0.004573279960977357,1.503298412922101
2006-01-03,0.018286362680867276,1.5310411567835542
2006-01-04,0.0011299056858162719,1.5327720665900861
2006-01-05,-0.0005387629803660198,1.531946488158786
2006-01-06,0.00698972353869924,1.5426918804997374
2006-01-09,0.000893430115806964,1.5440707837703191
2006-01-10,0.00013809505946140184,1.5442840270405986
2006-01-11,0.006092103855259062,1.5537206810677702
2006-01-12,-0.007988907258748481,1.5413576001478058
2006-01-13,0.0013222030682718696,1.5433969358068573
2006-01-17,-0.004804813564468745,1.535998988385948
2006-01-18,-0.007315783227234943,1.5248029565554984
2006-01-19,0.002557874462540134,1.5287082035349917
2006-01-20,-0.02319939030928391,1.493651326658061
2006-01-23,0.0014484052231506384,1.4958163065467593
2006-01-24,-0.0018681409454120376,1.4930245193955616
2006-01-25,-0.0003213160049906245,1.4925448637862753
2006-01-26,0.0039249448546789,1.4984145315957262
2006-01-27,0.010118936009433439,1.5136538652445257
2006-01-30,0.003797401038085717,1.519412743468408
2006-01-31,-0.005809625190242448,1.5106111167515641
2006-02-01,0.0020359274727701454,1.5136897442926158
2006-02-02,-0.007133051163769536,1.5029309350864557
2006-02-03,-0.008142974998539785,1.4907422992861155
2006-02-06,-0.0019244519774788418,1.4878761960439237
2006-02-07,-0.005905006104029981,1.4791161674897944
2006-02-08,0.012062129160410691,1.4970654936631171
2006-02-09,0.0001200459924589742,1.4972452211636473
2006-02-10,0.0014734973849604282,1.4994530342856414
2006-02-13,-0.003672984715462883,1.4939556682601776
2006-02-14,0.00812856385374561,1.506148871783727
2006-02-15,0.00465925306374549,1.5131827741699644
2006-02-16,0.0038645109286493218,1.5190417993794927
2006-02-17,-0.0012520200002962502,1.5171411187587442
2006-02-21,-0.0022583986140522825,1.5137186754340906
2006-02-22,0.004902292425887811,1.521157585991092
2006-02-23,-0.002682420842971896,1.5170826689415797
2006-02-24,0.0023404127184063514,1.520637426692362
2006-02-27,0.0033175331798370087,1.5256905691592297
2006-02-28,-0.007878400330844977,1.5137177931638934
2006-03-01,0.006955332905776919,1.524282903679131
2006-03-02,-0.003706470567486456,1.518643651277613
2006-03-03,0.0004491786116301299,1.5193259467492493
2006-03-06,-0.00368697282577942,1.513734547273061
2006-03-07,0.0023678421991468893,1.5173230786737981
2006-03-08,0.003481884008847232,1.5226154299675323
2006-03-09,-0.006677665716295997,1.5124817853134152
2006-03-10,0.0070690749555184125,1.5232115123630727
2006-03-13,0.0011557870397487515,1.524973038266169
2006-03-14,0.00715884190951581,1.5359292492634047
2006-03-15,0.0028591482447785314,1.5403269825704171
2006-03-16,0.003146335983074049,1.5451810009634104
2006-03-17,0.0016489029184147091,1.5477309561619101
2006-03-20,0.001923614287522387,1.5507110589075963
2006-03-21,-0.003096187060897418,1.5459171925749207
2006-03-22,0.00389339885293195,1.551947796955373
2006-03-23,-0.004162502814645627,1.5455012361041947
2006-03-24,-5.591021293033146e-05,1.5454148292165362
2006-03-27,-0.0013953442154919298,1.5432599473246718
2006-03-28,-0.008374877805424364,1.530389304103247
2006-03-29,0.0035642847745676128,1.5358537800881857
2006-03-30,-9.870356318982731e-05,1.5357021933287522
2006-03-31,-0.0037933883321802273,1.529887713808689
2006-04-03,0.0018795824483999832,1.532765968014265
2006-04-04,0.0049858609412862685,1.540427209056787
2006-04-05,0.002876000295634812,1.54486385500487
2006-04-06,-0.005042064426491406,1.5370941560395244
2006-04-07,-0.010967569753243174,1.5203280782917006
2006-04-10,0.0018399027695468872,1.5231279090519123
2006-04-11,-0.00485688907243636,1.5157481815204399
2006-04-12,0.00019994000189041796,1.5160512705135156
2006-04-13,0.0017623951025178967,1.5187255076868935
2006-04-17,-0.004135707382631187,1.5124574737038463
2006-04-18,0.014659616104181367,1.5347928335469465
2006-04-19,-0.001305985980360215,1.5327897239248272
2006-04-20,-0.000599674815757602,1.5318708240776229
2006-04-21,8.066035055365074e-05,1.5319943902986763
2006-04-24,-0.002369777981395918,1.5283682020524656
2006-04-25,-0.0017185407415982587,1.5257438946645394
2006-04-26,0.004548818279302333,1.5327000354978562
2006-04-27,0.0077181882889077865,1.5445754724393925
2006-04-28,-0.0023076748735407363,1.5410152039823644
2006-05-01,-0.002606278549467031,1.5370041183855023
2006-05-02,0.005653210839771068,1.5457177334735943
2006-05-03,-0.006176727478344264,1.5361996817423285
2006-05-04,0.0022151477359033723,1.5396063627470784
2006-05-05,0.010743203811599834,1.5562358346521374
2006-05-08,-6.59584842197382e-05,1.5561331910805398
2006-05-09,0.0015205789832725026,1.5585012144330697
2006-05-10,-0.0031903888909679363,1.5535369127093128
2006-05-11,-0.012074312494689751,1.534891812457056
2006-05-12,-0.008553472130548129,1.5218191461608621
2006-05-15,0.008668169575906671,1.5350678707233705
2006-05-16,-0.001212448850067134,1.5332078072924835
2006-05-17,-0.017000458359105117,1.5073628820588827
2006-05-18,-0.004682007439624889,1.5003218936731053
2006-05-19,0.0005039427158895449,1.501078160504487
2006-05-22,0.0002863299566309216,1.5015080256877866
2006-05-23,-0.002448751971498083,1.4978357030883214
2006-05-24,0.004803117428183277,1.505047289041237
2006-05-25,0.010926231754767125,1.5215819508008719
2006-05-26,0.003805771626122364,1.5273837774268726
2006-05-30,-0.017929125927746422,1.5002431522185942
2006-05-31,0.0038381354134468626,1.5060123529944989
2006-06-01,0.008798433733959386,1.5193213662636842
2006-06-02,0.002032426947018744,1.5224124160520702
2006-06-05,-0.015145428291416156,1.4995285583188493
2006-06-06,0.0005569023078225532,1.5003638818088236
2006-06-07,-0.005689736595556471,1.4918514462463965
2006-06-08,0.004413689050028688,1.498450567159894
2006-06-09,-0.005748245174848022,1.489861814694276
2006-06-12,-0.00805429044967061,1.4779102302847307
2006-06-13,-0.011318798391983704,1.4612763775465645
2006-06-14,0.0059933863840534105,1.4700606690227596
2006-06-15,0.014798701725324603,1.4919774281903446
2006-06-16,-0.004190107263580741,1.4857389617804875
2006-06-19,-0.007071727084120482,1.475269284307161
2006-06-20,0.000878524849800045,1.4765659145111036
2006-06-21,0.007766221642156105,1.488077897115397
2006-06-22,-0.004576325583801712,1.4812835266475695
2006-06-23,-0.004633766676922098,1.4744354827747772
2006-06-26,0.005966395075351193,1.4832588430303288
2006-06-27,-0.0053207596120169376,1.4753877379826426
2006-06-28,0.00773191917796771,1.4868395318497811
2006-06-29,0.017787387420691483,1.513523134893471
2006-06-30,-0.00912265675931833,1.4997785716247511
2006-07-03,0.010913462437318404,1.516235989089565
2006-07-05,-0.0039136715266588394,1.5103135362982274
2006-07-06,0.004963231570629952,1.5178282052179968
2006-07-07,-0.005640976805499819,1.5092902752901465
2006-07-10,0.0037157923830545402,1.5149089169871313
2006-07-11,0.0011965928200922539,1.516722731102342
2006-07-12,-0.012129916902508198,1.4984361420285865
2006-07-13,-0.009085436942995179,1.4848838524063486
2006-07-14,-0.003831324921549605,1.4792056643346176
2006-07-17,-0.002563777083218124,1.4754181679738025
2006-07-18,0.005098543951066671,1.482959861840961
2006-07-19,0.018149863131109084,1.510121121321159
2006-07-20,-0.007123682414649225,1.4994017241669804
2006-07-21,0.0015966661587157862,1.5017976804204023
2006-07-24,0.015093524316473145,1.5246370297727738
2006-07-25,0.0043935088516630135,1.5313502726057966
2006-07-26,0.002586164550508763,1.5353157218371778
2006-07-27,-0.0026704349496595894,1.5312212305443738
2006-07-28,0.012542824535606869,1.5505480226679873
2006-07-31,-0.0013339250979594562,1.5484810866203786
2006-08-01,-0.0022923693693768002,1.5449354615022344
2006-08-02,0.004355602220110487,1.5516792618225694
2006-08-03,0.0007911490681323829,1.552907357163786
2006-08-04,0.0016787780373028751,1.5555165334300785
2006-08-07,-0.00048619814403351956,1.5547604280019338
2006-08-08,-0.0008215618413104455,1.5534836207217946
2006-08-09,-0.00024064115917892695,1.5531098335986258
2006-08-10,0.004613955454839746,1.560292370397579
2006-08-11,-0.0011323987122480509,1.5585264973514943
2006-08-14,0.002872193785594685,1.5630093221608978
2006-08-15,0.007937755258610273,1.575465479187089
2006-08-16,0.003653089786638161,1.5812313211954578
2006-08-17,0.0018854672111479223,1.5842154934001766
2006-08-18,0.007522140237216008,1.5961771166095402
2006-08-21,-0.0004692348694932728,1.595428310345284
2006-08-22,-0.000503396896640741,1.5946253787986235
2006-08-23,-0.0019975363623142843,1.5914432359013804
2006-08-24,0.0054222374113645395,1.600095856034059
2006-08-25,-5.789574033895377e-05,1.6000032199815029
2006-08-28,0.005181653910471488,1.6083153997442998
2006-08-29,0.001580760117652532,1.610859771075361
2006-08-30,-0.0016311036321776061,1.6082344335326908
2006-08-31,-0.003089557801642924,1.6032733679873445
2006-09-01,0.005849306927769352,1.6126788870728
2006-09-05,0.00020782722367951835,1.6130140804785378
2006-09-06,-0.0074107061408184224,1.6011046901270507
2006-09-07,-0.0035503538053197965,1.595430281038192
2006-09-08,0.0022878958540371763,1.599084638163792
2006-09-11,0.0006765251717332527,1.6001668251953503
2006-09-12,0.006988599202104972,1.6113889174713447
2006-09-13,0.0029229852658388673,1.6161058739734162
2006-09-14,0.0006136272104460234,1.6170978648378145
2006-09-15,0.0013705068085052953,1.6193156278541174
2006-09-18,0.003387850174752884,1.624810929960985
2006-09-19,-0.0009852675397751547,1.6232108448788092
2006-09-20,0.0038345754855000237,1.6294471184818227
2006-09-21,-0.003904797820436419,1.6230968632252634
2006-09-22,-0.002846511920832962,1.6184832680973782
2006-09-25,0.009079344013808534,1.633244946240259
2006-09-26,0.009292825990729293,1.6484931470324655
2006-09-27,0.0026316254187868514,1.6528370767919054
2006-09-28,0.0019738755065659436,1.6561027934128343
2006-09-29,-0.0036922013789292708,1.649999402802589
2006-10-02,-0.0026213156538041865,1.6456798974061941
2006-10-03,0.003707196690754341,1.6517920790054674
2006-10-04,0.011466048609171837,1.6708406042412924
2006-10-05,-0.0012246529653260232,1.6687956567717925
2006-10-06,-0.0022964673601920792,1.6649677190644894
2006-10-09,-0.002266270951520049,1.661198723483281
2006-10-10,0.0016381600372097703,1.6639222630337138
2006-10-11,-0.0035020527513726476,1.6581053110757955
2006-10-12,0.006982184137725677,1.6697230189675802
2006-10-13,0.0011906752166357326,1.6717123008442076
2006-10-16,0.0011211032077442318,1.6735875138243446
2006-10-17,-0.001716187288012604,1.6707177874060923
2006-10-18,0.004266495600043355,1.677861125168706
2006-10-19,-0.0016091249825796326,1.6751634079790567
2006-10-20,0.005446555434731187,1.6843121703470803
2006-10-23,0.006705063336680838,1.6956435364388553
2006-10-24,-0.0018395552209716046,1.6925271737579173
2006-10-25,0.004931573670441601,1.7008946115642236
2006-10-26,0.0037860410518599607,1.7073464741900688
2006-10-27,-0.007594469148719986,1.6944291960853257
2006-10-30,-0.0016523013157304825,1.6916318002021018
2006-10-31,0.0004144938115513043,1.6923331164502906
2006-11-01,-0.004305489416499099,1.685062457232871
2006-11-02,-0.00018711190850879947,1.68474719147645
2006-11-03,1.396076174724803e-05,1.6847707119947763
2006-11-06,0.010645020539405572,1.7028009265707058
2006-11-07,0.002203611346961198,1.7065573753706338
2006-11-08,0.0024257749190912184,1.7107021245316372
2006-11-09,-0.0016321172611667093,1.7079123353163295
2006-11-10,0.00015576983341037515,1.7081783972579554
2006-11-13,0.000743398078780971,1.709448725918132
2006-11-14,0.007585240375966781,1.7224646073025003
2006-11-15,0.0003570200199654661,1.7230796714395613
2006-11-16,0.0008525178998789881,1.7245492540361096
2006-11-17,0.002089824509989134,1.728157027829889
2006-11-20,0.00011535029903704716,1.7283563827574364
2006-11-21,-0.0016483977060224567,1.7255097109291504
2006-11-22,0.000347555491222429,1.7261095255327332
2006-11-24,-0.005552462517050483,1.7165519257540776
2006-11-27,-0.010419323879395563,1.6987594689345122
2006-11-28,0.004703403109500175,1.7067682389757868
2006-11-29,0.008640585436741482,1.7215796130861236
2006-11-30,-0.0005270156570459103,1.7206725527136797
2006-12-01,-0.0019402315773159814,1.7173372861337528
2006-12-04,0.0015244807711238119,1.7199573304001252
2006-12-05,0.002733294495649114,1.724664910975275
2006-12-06,-0.003538141203742946,1.7185735853307194
2006-12-07,-0.003522785794824962,1.7125300699719939
2006-12-08,0.0027578814350602767,1.7172595435249447
2006-12-11,0.0033895747870657114,1.723090199315984
2006-12-12,0.0010902124541332717,1.7249697580838972
2006-12-13,0.00410028056507156,1.7320571382522911
2006-12-14,0.010898988016712768,1.7510380567563808
2006-12-15,0.0029896478116268367,1.756280877038906
2006-12-18,-0.0007065533961361463,1.7550404091006877
2006-12-19,0.0035824590980027254,1.761339045148243
2006-12-20,-0.003320774067577887,1.7554997370005365
2006-12-21,-0.0032571604182266693,1.749791094771685
2006-12-22,-0.0064604497699494645,1.738523094661769
2006-12-26,0.006035190018269743,1.7490471372440395
2006-12-27,0.007543910594232996,1.7622916875111778
2006-12-28,-0.0007859622357248872,1.7609071369699556
2006-12-29,-0.00527573128586535,1.7516415270211476
2007-01-03,-0.0011811409026719968,1.7495738129379914
2007-01-04,0.0014982983965971274,1.7521971613652534
2007-01-05,-0.004209684820423577,1.7448364675433647
2007-01-08,0.0012887538149403853,1.7470865818075973
2007-01-09,-0.001342299091554892,1.7447430422933257
2007-01-10,-0.0020021843849566917,1.7412532397981253
2007-01-11,0.006454612700229211,1.7525287053089518
2007-01-12,0.007432405293899981,1.7656027344930967
2007-01-16,-0.00047460677969653756,1.7647649662860168
2007-01-17,-0.002709764386694827,1.7599893423595214
2007-01-18,-0.0016954012706705307,1.7570079822071454
2007-01-19,0.0027874765535341275,1.761912433107224
2007-01-22,-0.004918066810301545,1.7532685031825668
2007-01-23,-0.00047776830632354373,1.7524310471301807
2007-01-24,0.010196567791551928,1.7703912396527428
2007-01-25,-0.013186238441245217,1.7471996793928088
2007-01-26,-0.0006666444043737754,1.7460353066576242
2007-01-29,-0.0022839787018732486,1.74205194988713
2007-01-30,0.0051416056838111505,1.751031960147025
2007-01-31,0.00608728186722745,1.7617234934207349
2007-02-01,0.002745623934996976,1.7665671700255092
2007-02-02,0.0011289051090708842,1.7685625828332072
2007-02-05,-0.0010823480025488866,1.766649418196026
2007-02-06,-0.000999123938933225,1.7648851979547031
2007-02-07,-0.00037109400046120934,1.764230381153047
2007-02-08,-0.0008468059190309301,1.7627370527926363
2007-02-09,-0.008206447276687649,1.74833043851843
2007-02-12,-0.0031657227885435128,1.7428044604796313
2007-02-13,0.005795992166666336,1.7529350715916978
2007-02-14,0.00666962011325484,1.7646655580619484
2007-02-15,-0.0014900378624592852,1.7620380975598002
2007-02-16,-0.002220716925697557,1.7581294513375543
2007-02-20,0.0021722375456941895,1.76195267711587
2007-02-21,-0.0020673736545215723,1.7583138252999233
2007-02-22,-0.0010360356701022617,1.7564930927924503
2007-02-23,-0.005093532880152778,1.7475690841300788
2007-02-26,-0.00016371079205006463,1.7472830116283706
2007-02-27,-0.03775092606110815,1.6825509941108994
2007-02-28,0.004883833640651466,1.6907883919252498
2007-03-01,-0.0033421419918009724,1.6851469695099028
2007-03-02,-0.010665919418223988,1.6672688405537215
2007-03-05,-0.005071342970272182,1.6588349520857086
2007-03-06,0.014986612463807811,1.6838824887147334
2007-03-07,-0.004021353394364612,1.677124599190993
2007-03-08,0.0033525350825995876,1.6827566538028902
2007-03-09,-0.0020296566219616874,1.6793446993366343
2007-03-12,0.0019505466549940077,1.6826235362451254
2007-03-13,-0.020726484240535265,1.648107598681125
2007-03-14,0.007280247971241101,1.660150013376084
2007-03-15,0.0028712045656824506,1.664923493213452
2007-03-16,-0.004600813297537919,1.6572810851935875
2007-03-19,0.011849049367743246,1.6770350925712905
2007-03-20,0.006499052519329634,1.6879697256040795
2007-03-21,0.017558683974086584,1.7178699890096785
2007-03-22,0.0014068885369095232,1.7202885415230933
2007-03-23,-0.00034268315277285593,1.7196991286187093
2007-03-26,0.0018146763317230964,1.7228226591664149
2007-03-27,-0.005001415240935221,1.7142276192596881
2007-03-28,-0.007074080032989407,1.7021438271345795
2007-03-29,0.005526809997341179,1.7115772971408758
2007-03-30,-0.002283066100103988,1.7076741103482014
2007-04-02,0.0004372071573217325,1.708420880926444
2007-04-03,0.009171961600474194,1.724162532199028
2007-04-04,0.0026764054743019586,1.728783270965805
2007-04-05,0.002307392052994539,1.732776857359495
2007-04-09,0.0007966931594909642,1.7341578988887993
2007-04-10,0.003358577971574388,1.7399919950566038
2007-04-11,-0.007286069757621732,1.7273603653515401
2007-04-12,0.00447448317542383,1.7351067278042767
2007-04-13,0.0026230073079830506,1.7396638995660134
2007-04-16,0.011190636929132377,1.7592411834775068
2007-04-17,0.0031416369316468865,1.7647767714019587
2007-04-18,0.0017424655723109318,1.767854514821198
2007-04-19,-0.0007729501856967294,1.7664885793137408
2007-04-20,0.011815524297151414,1.7874843618707914
2007-04-23,-0.008196275299546122,1.7728935248886184
2007-04-24,-0.0023566683677648595,1.7687203221579895
2007-04-25,0.010950040795586199,1.7881943077271285
2007-04-26,0.0003472656840196596,1.7888153940813087
2007-04-27,0.0027509542627908922,1.7937431182792987
2007-04-30,-0.0026216381762162117,1.7890467316451877
2007-05-01,0.004652971882572796,1.7973905124191412
2007-05-02,0.0029800696609863916,1.802754850434658
2007-05-03,0.006049933327303567,1.8136944556590588
2007-05-04,0.0001146975030575229,1.8139024938149326
2007-05-07,0.002414061369508914,1.8182866554417891
2007-05-08,-0.0004464181797860902,1.817475120378218
2007-05-09,0.001235544335709693,1.8197220792913285
2007-05-10,-0.013466426587515802,1.7953811857684996
2007-05-11,0.008916033449539286,1.8114604395386245
2007-05-14,-0.001038335372958705,1.8095805122539375
2007-05-15,-0.0008219187718800497,1.8080937951257416
2007-05-16,0.011629215307281513,1.8292432445642177
2007-05-17,-0.0018027968419242991,1.8259484614244836
2007-05-18,0.006862057588299539,1.8385213134015443
2007-05-21,-0.0010379556396141831,1.836613999860409
2007-05-22,-0.0019764198242986915,1.8329876643026866
2007-05-23,-0.00220437255213131,1.8289515268168337
2007-05-24,-0.006947856380434242,1.8162882764449229
2007-05-25,0.007280019139965031,1.8295591373102318
2007-05-29,0.001129669724326554,1.8316271027155506
2007-05-30,0.008666804468439095,1.8475704457958386
2007-05-31,-0.002995224799562964,1.8420448363299278
2007-06-01,0.003795521243668238,1.8490496416724942
2007-06-04,0.0024738908727023907,1.8536296515907114
2007-06-05,-0.0034307944959767024,1.8472811256554031
2007-06-06,-0.008702712820157981,1.8312745199913967
2007-06-07,-0.015870396395075762,1.802440873342279
2007-06-08,0.01069976724359762,1.821830116369966
2007-06-11,0.0006418413327176107,1.822999817580978
2007-06-12,-0.01087031797635498,1.8032905469887435
2007-06-13,0.013211104672843095,1.8272720695662379
2007-06-14,0.005135764589742897,1.8366806481993263
2007-06-15,0.006885548795318523,1.849370841759784
2007-06-18,-0.0010332931086626728,1.8474608865553448
2007-06-19,0.0030636534829929832,1.853129545504678
2007-06-20,-0.01449011277201621,1.8264710978057257
2007-06-21,0.006187355888759849,1.8378071584640217
2007-06-22,-0.017189070879918927,1.8064869150591398
2007-06-25,-6.0963801803234964e-05,1.806376788105803
2007-06-26,-0.0006122798947215619,1.8052711184403492
2007-06-27,0.008095007242378589,1.8199441100797493
2007-06-28,0.0015833324123931988,1.8228279690291842
2007-06-29,-0.0023851924813591144,1.818485354507211
2007-07-02,0.007842393798227768,1.83280270052631
2007-07-03,0.00667092602131371,1.8450700635962234
2007-07-05,-0.0012973881730789915,1.8426778436716822
2007-07-06,0.003189054152295225,1.8485636231468934
2007-07-09,0.0031432926210177735,1.8543833412898534
2007-07-10,-0.012749465456207965,1.83089102042418
2007-07-11,0.006233290549449749,1.8423391387758372
2007-07-12,0.02142271967126926,1.8822328438155609
2007-07-13,0.0023350185107388743,1.8866330276034244
2007-07-16,0.0015531235138453207,1.8895654783602347
2007-07-17,-0.00021968121339818733,1.8891504219148743
2007-07-18,-0.0032699712157390633,1.882983043483484
2007-07-19,0.006663115978997829,1.8955714703888142
2007-07-20,-0.012981822474978996,1.8711225372854876
2007-07-23,0.007278757311308001,1.8847916709378405
2007-07-24,-0.015818988061353262,1.8552107608875512
2007-07-25,0.006747374735697367,1.8677708893997442
2007-07-26,-0.024092449628353985,1.8233094563490844
2007-07-27,-0.015070842482617555,1.7960366748367818
2007-07-30,0.006295353968609015,1.8073790260438347
2007-07-31,-0.011676157235347574,1.7863985086222736
2007-08-01,0.010363194756848,1.8050075623603046
2007-08-02,0.0031879771059637315,1.8107710672246768
2007-08-03,-0.022810902382146926,1.7699332892269648
2007-08-06,0.02493594141762777,1.8146231178562402
2007-08-07,0.007626296209554425,1.828514875261029
2007-08-08,0.01895950380818861,1.8635133383683489
2007-08-09,-0.03043834894901804,1.8076456426652205
2007-08-10,0.0005619004641209166,1.808661645010163
2007-08-13,-0.006339925017720435,1.7972311383629753
2007-08-14,-0.011800021374071023,1.7761484054956709
2007-08-15,-0.008726851078573726,1.760715660445061
2007-08-16,0.005463602260796085,1.7703618379510846
2007-08-17,0.026008975775821657,1.8170111569155192
2007-08-20,-0.0016551276654372335,1.8140062589121888
2007-08-21,-0.0025703312196860045,1.809349649070725
2007-08-22,0.007158617717530352,1.8223485631424545
2007-08-23,0.001114073056887578,1.8243799239089553
2007-08-24,0.011348464563738676,1.845201759290937
2007-08-27,-0.007055882497444173,1.8322280567786648
2007-08-28,-0.021391717513204223,1.793449797305483
2007-08-29,0.01939945355654546,1.8285814086097845
2007-08-30,-0.003197534322602372,1.8227437947531724
2007-08-31,0.008866440639289232,1.8389769030100127
2007-09-04,0.009442157766304955,1.856423048067406
2007-09-05,-0.009221782245753537,1.8393822131608732
2007-09-06,0.002374647779051653,1.8437552882497432
2007-09-07,-0.01421254574585474,1.8177361688133136
2007-09-10,-0.0009680664872852557,1.8159773308189768
2007-09-11,0.015449863972506235,1.8442517894069705
2007-09-12,0.000563928009405727,1.8452921079522273
2007-09-13,0.008073459124573452,1.860250299283075
2007-09-14,0.00023232742566513124,1.8606825366545539
2007-09-17,-0.0034890098024412636,1.8542019091056146
2007-09-18,0.025547363620443433,1.9021821543204842
2007-09-19,0.004275562748427024,1.910332464645895
2007-09-20,-0.003659402984006586,1.9033545635871916
2007-09-21,0.004385161553269838,1.9117194080344
2007-09-24,-0.0043103262545952535,1.9034970070242734
2007-09-25,-0.00023187708271109802,1.9030556808600245
2007-09-26,0.0049668480134211785,1.9125313818912335
2007-09-27,0.0031800066868869566,1.9186229249149391
2007-09-28,-0.0026441565060690408,1.9135564868048378
2007-10-01,0.013522403046315405,1.9396081121884075
2007-10-02,-0.0013399625095564282,1.9370108505400767
2007-10-03,-0.005315074195261443,1.9267428060343124
2007-10-04,0.0006805119472898652,1.9280544237683255
2007-10-05,0.006850311295310527,1.9413075389205408
2007-10-08,-0.0024256960678812616,1.9366042235698018
2007-10-09,0.007986179402869123,1.952132214462131
2007-10-10,-0.0010824877821274885,1.9500201985128434
2007-10-11,-0.002121211715798374,1.945888176817479
2007-10-12,0.0020402808526160557,1.9498623880809083
2007-10-15,-0.0058145111445388935,1.938557788703941
2007-10-16,-0.0071596843696834995,1.9247278947202155
2007-10-17,0.005404717810619852,1.935158668155814
2007-10-18,-0.0033302988461787228,1.9287247308895157
2007-10-19,-0.021827818097474316,1.8870810273247767
2007-10-22,0.002350057513370467,1.891520991313337
2007-10-23,0.0061276093195013264,1.9031470766445466
2007-10-24,-0.0013428956998615764,1.9005930638893087
2007-10-25,-0.0012933105549853786,1.8981365956496012
2007-10-26,0.017999432412746666,1.9326113088951327
2007-10-29,0.005352188585453971,1.9429827392500465
2007-10-30,-0.005695290723469826,1.9319483395626984
2007-10-31,0.011359020582730006,1.9540184908640952
2007-11-01,-0.028111364224515507,1.899853261564189
2007-11-02,-0.0018378945128041445,1.8963647384303672
2007-11-05,-0.003793227041799272,1.8891850221791764
2007-11-06,0.012877262240596155,1.9136698636463418
2007-11-07,-0.028514153255149575,1.859873807261383
2007-11-08,-0.00714107307968734,1.8466396218669021
2007-11-09,-0.01651251429763486,1.8163973339738062
2007-11-12,-0.004793123506483791,1.807711948905077
2007-11-13,0.03351775241481053,1.8693292588115857
2007-11-14,-0.0065191500921493615,1.8571824572322657
2007-11-15,-0.015734911938698627,1.828188561221801
2007-11-16,0.006543979306122827,1.8401914197291345
2007-11-19,-0.017811702377033237,1.807704658983394
2007-11-20,0.011005409693140436,1.827709065796888
2007-11-21,-0.01575309277096728,1.7991425912390644
2007-11-23,0.01500955604206197,1.8263506020731368
2007-11-26,-0.025205136254032513,1.7808924819549343
2007-11-27,0.013391864682504818,1.8049023627943093
2007-11-28,0.02584049826319511,1.8521497582676594
2007-11-29,0.0016314065251903445,1.8551738335462866
2007-11-30,0.007093389176255503,1.868380086709901
2007-12-03,-0.008725608092691333,1.8521482535980216
2007-12-04,-0.00582694450818931,1.8413872707757857
2007-12-05,0.02092509771545589,1.8803244406498156
2007-12-06,0.014698846597402147,1.9081671678468053
2007-12-07,-0.002905451993378792,1.9026311259916506
2007-12-10,0.007198666031450672,1.9163769484815234
2007-12-11,-0.018770894052001406,1.880740351573278
2007-12-12,0.005657788470131031,1.8914113412856421
2007-12-13,0.0019517792019694451,1.895106563559862
2007-12-14,-0.013388032412012914,1.8699038989494814
2007-12-17,-0.014349034211431664,1.8432641682154383
2007-12-18,0.007246121496514924,1.8566691928932963
2007-12-19,0.00024192154579597626,1.8571184155105969
2007-12-20,0.00436466022007754,1.8652418214400273
2007-12-21,0.014085723572044774,1.8917010130876277
2007-12-24,0.008137674572780433,1.9071578664441755
2007-12-26,0.0017097245376030044,1.9104213700966763
2007-12-27,-0.015141739622457706,1.8817121692798242
2007-12-28,0.002925917874634133,1.88722596707697
2007-12-31,-0.009988562926364531,1.8684691246484275
2008-01-02,-0.013932053146565997,1.8426180111893549
2008-01-03,0.0013613519828859914,1.8451281710904994
2008-01-04,-0.023443434906731037,1.80237512608324
2008-01-07,0.003479508321253314,1.8086574286561992
2008-01-08,-0.02031657752651341,1.7722824584186192
2008-01-09,0.017595682616859076,1.8037429507861034
2008-01-10,0.005609934565122211,1.8138902669897932
2008-01-11,-0.015776577920684834,1.785497842407185
2008-01-14,0.013428950967378414,1.8096369238935874
2008-01-15,-0.02341214757311904,1.7677615461793827
2008-01-16,-0.014303854136681473,1.7426557259231463
2008-01-17,-0.023497968088125067,1.7021842185741842
2008-01-18,-0.006199447368082906,1.6916642597587535
2008-01-22,-0.014833795390048435,1.6667556595424728
2008-01-23,0.016876381011556002,1.6951231601997192
2008-01-24,0.011286749333321204,1.7143639692343453
2008-01-25,-0.020879456328978828,1.6789400842523634
2008-01-28,0.013329247494368628,1.7014689047206752
2008-01-29,0.00628133808747936,1.712190042451574
2008-01-30,-0.0024744863078593597,1.7079584892544768
2008-01-31,0.015608267535469955,1.7348258936658252
2008-02-01,0.0007259541333401484,1.736085754939377
2008-02-04,-0.014216934359765145,1.7115785590997523
2008-02-05,-0.03140460231916871,1.6586623700238963
2008-02-06,-0.008938917063080932,1.6439017947277004
2008-02-07,0.006512152261316191,1.6546420667046309
2008-02-08,-0.005104510796558278,1.646217448480706
2008-02-11,0.0033477647387033203,1.65173783252467
2008-02-12,0.010230364724044903,1.6687224442317545
2008-02-13,0.014145645999961279,1.6924953463182657
2008-02-14,-0.013630146588559773,1.669582891430506
2008-02-15,-0.001817001417395987,1.6665520113408954
2008-02-19,-0.0049995220011023744,1.65824084114496
2008-02-20,0.004595413982845902,1.6658786803686565
2008-02-21,-0.007589184962520329,1.6532838715555853
2008-02-22,0.004639109023738895,1.6609714536614337
2008-02-25,0.009275108227514114,1.6764488097769454
2008-02-26,0.007397494404417863,1.688896313873917
2008-02-27,0.0043660541190754295,1.6962862472671938
2008-02-28,-0.0069049667124534385,1.6846137925278561
2008-02-29,-0.025750040978555995,1.6417886591006061
2008-03-03,-0.001826693659249895,1.638792351668268
2008-03-04,-0.0038468762835924143,1.6325002305022183
2008-03-05,0.0038841840391285617,1.6388534924732048
2008-03-06,-0.020195825988927243,1.6060874746013751
2008-03-07,-0.0059425667501661495,1.5965714952521923
2008-03-10,-0.01208887811740734,1.5773869306092254
2008-03-11,0.04207184196382981,1.645166308518935
2008-03-12,-0.006314214717816838,1.634811102103359
2008-03-13,0.0021660101270298956,1.6383559572164126
2008-03-14,-0.020054429223711343,1.6058269293758594
2008-03-17,0.004482132294142486,1.6130406123789836
2008-03-18,0.039448340466974624,1.6779441393237413
2008-03-19,-0.022111498218397956,1.6412494626615588
2008-03-20,0.02944542788102351,1.6902952995290066
2008-03-24,0.013976887302254782,1.714086240788317
2008-03-25,-0.0047798766141529565,1.7059126699433416
2008-03-26,-0.008672146408703037,1.6911827080175013
2008-03-27,-0.01231703765912571,1.6704801060096515
2008-03-28,-0.006950509173085864,1.6589096754813162
2008-03-31,0.007787118025802792,1.6718782292142047
2008-04-01,0.03811563282490627,1.7368329575445556
2008-04-02,-0.0029311545586817467,1.7317494855640394
2008-04-03,-0.00012415550089280491,1.7315344926857887
2008-04-04,-0.0010712411533996037,1.729680594841813
2008-04-07,0.002784392858501533,1.7345034163365618
2008-04-08,-0.006947003762739303,1.7224955721385702
2008-04-09,-0.004946156459767734,1.7139968748072005
2008-04-10,0.004843171800840928,1.7223181906535132
2008-04-11,-0.025308663544706653,1.6792755918511577
2008-04-14,-0.004341777289754816,1.6720003563780994
2008-04-15,0.005907042722595743,1.6819061621205647
2008-04-16,0.021811395829814298,1.7189938803003821
2008-04-17,0.0006511417516714285,1.7201135534801308
2008-04-18,0.021050826814245166,1.7567071776948333
2008-04-21,0.00011705760524327022,1.7569128256662627
2008-04-22,-0.0025721390378674216,1.7523996084006432
2008-04-23,0.0046048420960346425,1.760487739878527
2008-04-24,0.008238398484213498,1.7750512470236695
2008-04-25,-0.001657337964118429,1.7721118236854934
2008-04-28,-0.0031842205186863193,1.7664780032786067
2008-04-29,0.0005315116648878548,1.7674171565064554
2008-04-30,0.00046845007301640144,1.7682452971586013
2008-05-01,0.015268825726439493,1.7954515012747403
2008-05-02,0.000896344399434645,1.7970615656506592
2008-05-05,-0.0059308053059716525,1.7864350863203022
2008-05-06,0.003160822080325554,1.7920906231504472
2008-05-07,-0.017468430787536227,1.7610574516725148
2008-05-08,0.0022922386638981264,1.765098845802948
2008-05-09,-0.008776114032248896,1.749675912753195
2008-05-12,0.008708781414823997,1.7649800010787544
2008-05-13,-0.0026340660101664875,1.7603370448603897
2008-05-14,0.0034636590414841317,1.7664448237073762
2008-05-15,0.01112782587106967,1.7862112890380146
2008-05-16,-0.0012802301921041206,1.783925990582483
2008-05-19,5.624297526741899e-05,1.784026326709425
2008-05-20,-0.013818577121952641,1.7595431720995087
2008-05-21,-0.018020185812023717,1.7281198545336363
2008-05-22,0.004072198457829639,1.735171449542777
2008-05-23,-0.012142633640305314,1.7142293020549064
2008-05-27,0.00679654495523202,1.7259198211374789
2008-05-28,0.0013731601008857906,1.7282914132884015
2008-05-29,0.007032801400257435,1.74048898483437
2008-05-30,-0.00030785995974227416,1.739953240436923
2008-06-02,-0.01129762238240072,1.7204065293491106
2008-06-03,-0.007846495509203338,1.7069601895530284
2008-06-04,-0.00046052890002924577,1.706174266038676
2008-06-05,0.021974264934036467,1.7440811540603511
2008-06-06,-0.030282556481356086,1.6920575967114675
2008-06-09,-0.0004883915214915119,1.6912314118946103
2008-06-10,0.0016551709178762473,1.6940330068626326
2008-06-11,-0.01696908165281371,1.6655293468786112
2008-06-12,0.0033599382242006127,1.6711348343671077
2008-06-13,0.01324251210003073,1.6934120351314654
2008-06-16,-0.0015496544627960315,1.690789863868318
2008-06-17,-0.0059099437098356815,1.6808268603412047
2008-06-18,-0.013071727406632445,1.6589985276290427
2008-06-19,-0.0004915142223365806,1.6581833066206497
2008-06-20,-0.02079372740918136,1.6240595049889968
2008-06-23,0.0002991251642688701,1.6245453747195178
2008-06-24,0.0011574127739292425,1.6264267328319788
2008-06-25,0.010384777009690215,1.643404815997718
2008-06-26,-0.031626831578920475,1.592242445063833
2008-06-27,-0.00816207385015292,1.5792993377937123
2008-06-30,0.0019012141060624661,1.5823047800617454
2008-07-01,0.005007472147933411,1.5902479983016349
2008-07-02,-0.012822194016815686,1.5699876982615053
2008-07-03,0.006517136832494355,1.5802529365647366
2008-07-07,-0.005526998441530257,1.5715429731965436
2008-07-08,0.017768592544582126,1.5997166419215165
2008-07-09,-0.025921537417392147,1.5587823589467145
2008-07-10,0.0100111093243781,1.5744658732569332
2008-07-11,-0.012907359254982395,1.5542742670794216
2008-07-14,-0.008621068364470219,1.5409323557645092
2008-07-15,-0.010874354292832721,1.524266490876414
2008-07-16,0.02490734485951471,1.5627086811037987
2008-07-17,0.01597253687297067,1.5878695093418445
2008-07-18,-0.004021339749425224,1.5814969682310844
2008-07-21,-0.0006042148207057415,1.580541692948782
2008-07-22,0.016393813312654947,1.6066663547133246
2008-07-23,0.010129336263642754,1.6230235222505998
2008-07-24,-0.02611926298581784,1.581180181474056
2008-07-25,0.00524941248850458,1.5895022723987613
2008-07-28,-0.025733849710457855,1.5491200829077094
2008-07-29,0.02405616178707191,1.5868378193174972
2008-07-30,0.017309489416792518,1.6145442722572494
2008-07-31,-0.015779201084357746,1.5892679976804165
2008-08-01,-0.0035028529481587207,1.5837107643571524
2008-08-04,-0.005811352254386624,1.5745339539019203
2008-08-05,0.030239790318299948,1.6228747546625424
2008-08-06,0.005805676919277959,1.6323240443888252
2008-08-07,-0.019360830400314853,1.6010248621669785
2008-08-08,0.023892880073922585,1.6397386069333693
2008-08-11,0.006474444766937264,1.65038944590498
2008-08-12,-0.011687647769093007,1.6312125600213339
2008-08-13,-0.007197700587808944,1.6195137332519969
2008-08-14,0.005730304889022928,1.6288206810725865
2008-08-15,0.004710352440530567,1.6365110986121714
2008-08-18,-0.01433993996902211,1.6132110873520797
2008-08-19,-0.009513326133145816,1.5979368537367007
2008-08-20,0.005683261516790328,1.6070442019711502
2008-08-21,0.000832016046144162,1.6083818449270895
2008-08-22,0.01558179317380663,1.6336395876105072
2008-08-25,-0.021059995653488636,1.5995948938397555
2008-08-26,0.0016612471463012472,1.6022544247498174
2008-08-27,0.007270660709881704,1.6139463254594164
2008-08-28,0.015717173734139455,1.6395133949746534
2008-08-29,-0.016563132819427822,1.612581570247152
2008-09-02,-0.0021183665640897797,1.609169147024599
2008-09-03,0.0030137170384395675,1.6140260424789523
2008-09-04,-0.0298161381976789,1.5666123776517975
2008-09-05,0.0036223470991071562,1.5722974819475615
2008-09-08,0.024193647921849804,1.6108009856658987
2008-09-09,-0.02782557658714122,1.566597367123528
2008-09-10,0.004240494809189688,1.5732546201746314
2008-09-11,0.013124390351002565,1.594038718906843
2008-09-12,-0.003079870058338047,1.5891368392356364
2008-09-15,-0.05640117772793169,1.501988388609486
2008-09-16,0.015793832035465936,1.5258988629187533
2008-09-17,-0.04706908397916285,1.4557403033015697
2008-09-18,0.044469763188070714,1.5219377126596594
2008-09-19,0.041276686205340446,1.5860727942008526
2008-09-22,-0.03262406949728099,1.5351635930617993
2008-09-23,-0.012702070255689408,1.5157871581869409
2008-09-24,0.0011805502105873234,1.5175776777269003
2008-09-25,0.027028429490104235,1.5591547696342223
2008-09-26,0.012716760238230094,1.5791087732477624
2008-09-29,-0.08742072749306373,1.4469239551821307
2008-09-30,0.06022364894276707,1.5367403876172163
2008-10-01,0.009777396064868297,1.5518394012687204
2008-10-02,-0.023767749422898415,1.5153905407583776
2008-10-03,-0.018741478992061612,1.4872543611319506
2008-10-06,-0.031143237936206252,1.4416502602702523
2008-10-07,-0.0665137430449601,1.3488801483215953
2008-10-08,-0.012103556313002119,1.3326523068922898
2008-10-09,-0.07799256590870736,1.2326651405376776
2008-10-10,-0.007417730341708723,1.223555391524603
2008-10-13,0.10628598251666953,1.3607647507021194
2008-10-14,-0.0010651496575794404,1.3593161042434654
2008-10-15,-0.08494513801453564,1.2486170398632137
2008-10-16,0.0527672182447515,1.3162723823719749
2008-10-17,-0.01505920578104038,1.2965988712229888
2008-10-20,0.0455223931689469,1.3569872381639831
2008-10-21,-0.033191213186341446,1.31268645083588
2008-10-22,-0.05670576949608979,1.2403207229056703
2008-10-23,0.025409746271444714,1.2722407806262719
2008-10-24,-0.03525939608792366,1.228163966305398
2008-10-27,-0.024065833724634864,1.1989599949431484
2008-10-28,0.10605391709829991,1.3331018264785097
2008-10-29,-0.01886641406934504,1.3081867435806078
2008-10-30,0.016093455601876125,1.3294103110556827
2008-10-31,0.007972351321168386,1.3400511971869704
2008-11-03,-6.310407135724864e-05,1.3399666371686696
2008-11-04,0.037044762017307345,1.390536269361414
2008-11-05,-0.05673442662293693,1.3138411881911196
2008-11-06,-0.043313407377588514,1.2581490639119501
2008-11-07,0.029933854957215913,1.296379655373672
2008-11-10,-0.007477002237113773,1.2867227690600094
2008-11-11,-0.01564563069898793,1.266747847390197
2008-11-12,-0.0494889913504569,1.2055837321952607
2008-11-13,0.06371110790827866,1.2848924040867897
2008-11-14,-0.038872668183117146,1.2359035406319019
2008-11-17,-0.023865179952121698,1.2067576495154253
2008-11-18,0.015274579233313806,1.2253318603438754
2008-11-19,-0.05834762979178489,1.1558824565781722
2008-11-20,-0.0629008757610689,1.085415874646073
2008-11-21,0.0615726639931404,1.1543482190187453
2008-11-24,0.054302301798398865,1.2187651499124152
2008-11-25,0.003929077414291795,1.2235631923037187
2008-11-26,0.03126760154925037,1.2624254777665826
2008-11-28,0.007110585227833401,1.2714340518806293
2008-12-01,-0.08234330677608612,1.1709344805769692
2008-12-02,0.040408431615014236,1.2192190892005192
2008-12-03,0.02634158041854512,1.2517619807705813
2008-12-04,-0.028205085864211152,1.2169491834360935
2008-12-05,0.029768784191984154,1.2537208900591188
2008-12-08,0.040069865686613755,1.3049773801594189
2008-12-09,-0.024522258555652147,1.273365568056554
2008-12-10,0.0014835979770246126,1.275256132709512
2008-12-11,-0.02101342458507799,1.2487382259275837
2008-12-12,0.00872350332134126,1.2596792506378511
2008-12-15,-0.011790126628591004,1.2449146818604173
2008-12-16,0.04046816286705731,1.2963273641259847
2008-12-17,-0.019322169271783998,1.271519945741506
2008-12-18,-0.02617190447813613,1.2386735484402742
2008-12-19,-0.0053809939161833025,1.2320261544449564
2008-12-22,-0.007481853163912735,1.2228427130824864
2008-12-23,-0.007386197159194242,1.2138438303817098
2008-12-24,0.00593527230824012,1.22106974673277
2008-12-26,0.004137739823275992,1.226132682983802
2008-12-29,-0.0016384419213369779,1.2241253806680603
2008-12-30,0.01526404577157957,1.2429538200186208
2008-12-31,0.011464467984736734,1.2572856205554293
2009-01-02,0.025167175222325304,1.2893294835006766
2009-01-05,-0.012374679728601245,1.2734727573794484
2009-01-06,-4.888961170190579e-05,1.273410499312726
2009-01-07,-0.0280746574054279,1.238157114645909
2009-01-08,-0.0029684711873452646,1.2344871307413519
2009-01-09,-0.017722957614645554,1.21280110553475
2009-01-12,-0.014017802689488459,1.1959189010847358
2009-01-13,0.008038677389008809,1.2055712514009735
2009-01-14,-0.030493019908918118,1.1693645741394447
2009-01-15,-0.0031067571456193555,1.1657372798716308
2009-01-16,0.006309175335145097,1.1731153711265856
2009-01-20,-0.04193735474806172,1.1249353481493394
2009-01-21,0.03563509717895415,1.1657453441972878
2009-01-22,-0.016415407840148968,1.146765367168745
2009-01-23,0.0018753103958039855,1.148917925910396
2009-01-26,0.006750348920138081,1.1566997582830925
2009-01-27,0.007296618227108932,1.1651706215675803
2009-01-28,0.023953480224791247,1.1934174675585978
2009-01-29,-0.02983882460248328,1.1583333308415693
2009-01-30,-0.02135881855807647,1.1338550436200763
2009-02-02,0.004164758754434864,1.1385871234848648
2009-02-03,0.014821861982464993,1.1555887916199654
2009-02-04,-0.010303292740059285,1.1437435493009624
2009-02-05,0.016548362417278948,1.1628281056237353
2009-02-06,0.029432313466327492,1.1975614611294396
2009-02-09,-0.004081099654165663,1.1926840528288332
2009-02-10,-0.0460848924939337,1.13896662426575
2009-02-11,0.007884559876771214,1.1479823707024845
2009-02-12,0.003847135651430119,1.1524073208421424
2009-02-13,-0.012411035164126926,1.1381931418522675
2009-02-17,-0.038342203803656306,1.095378360109913
2009-02-18,0.006652043739832271,1.1026891537743035
2009-02-19,-0.007614587721761693,1.0943245175277356
2009-02-20,-0.010325146864354926,1.0830835881551844
2009-02-23,-0.03228911391708745,1.048670355044417
2009-02-24,0.03101266233975254,1.0817019663749414
2009-02-25,-0.0057374086276641015,1.0755135698360678
2009-02-26,-0.010319042255680052,1.064472365165684
2009-02-27,-0.0198015252695246,1.0436015080816181
2009-03-02,-0.038372830714681304,1.0043141679848442
2009-03-03,-0.006748517094312227,0.9975593547762365
2009-03-04,0.014279064625470609,1.0119057520795136
2009-03-05,-0.03562090936750216,0.9764951716784528
2009-03-06,0.006464256127539726,0.982827932818455
2009-03-09,-0.014193785674240369,0.9689764190414301
2009-03-10,0.054738126649808524,1.023494880249396
2009-03-11,0.0018185796676023923,1.0253578807224553
2009-03-12,0.034466333846879145,1.0613142911763525
2009-03-13,0.007188042798165256,1.0689705475074902
2009-03-16,-0.005199043582567501,1.0634273452037823
2009-03-17,0.030149516204801836,1.0959773835245934
2009-03-18,0.013159928142188785,1.1104956875287555
2009-03-19,-0.011333361234536758,1.0979810889387875
2009-03-20,-0.015033306868518786,1.0815982549211642
2009-03-23,0.06247267975032187,1.1513238942528785
2009-03-24,-0.016890645156192815,1.1320406029588113
2009-03-25,0.009790013212672071,1.1431777227416051
2009-03-26,0.01773790043725951,1.1636362042166113
2009-03-27,-0.018545990451152947,1.1422543053921717
2009-03-30,-0.028156783559657422,1.1105406703226886
2009-03-31,0.009989653626602799,1.1216901841276774
2009-04-01,0.02209816095130399,1.1467533797040506
2009-04-02,0.01799575310733326,1.1675768756803309
2009-04-03,0.004891336686341486,1.1733018773274622
2009-04-06,-0.0055730613142946795,1.1667811810222897
2009-04-07,-0.020835877626310315,1.142721790783125
2009-04-08,0.005729186200559492,1.1492874466715002
2009-04-09,0.025694670606848078,1.1792006684892358
2009-04-13,-0.0038226941292593504,1.1747015498725415
2009-04-14,-0.017726409921319703,1.1540617836021818
2009-04-15,0.010918088440195092,1.1667309680070017
2009-04-16,0.011607885869899004,1.1803531573766932
2009-04-17,-0.0009738096462809126,1.1792042775719305
2009-04-20,-0.034369283201164696,1.139364427007612
2009-04-21,0.016451791806256763,1.158264053430317
2009-04-22,-0.012748273690287307,1.1435919072465255
2009-04-23,0.009810419047368216,1.15486623559455
2009-04-24,0.012483725378232202,1.1693736333064406
2009-04-27,-0.00589664801053168,1.162498538525854
2009-04-28,0.0008374931955341375,1.1634725309407683
2009-04-29,0.016960249940055887,1.1833736023937627
2009-04-30,-0.0057466193585043596,1.1765927070150364
2009-05-01,0.004765251835387886,1.1822128476293328
2009-05-04,0.02271196340451581,1.2093704564803898
2009-05-05,-0.00804326724752075,1.1996821816207612
2009-05-06,0.013889608376512437,1.216461557019031
2009-05-07,-0.01088763236333122,1.203289009850657
2009-05-08,0.017432646584964216,1.2244494270564688
2009-05-11,-0.013427891986253288,1.208117549150553
2009-05-12,0.009762928624153254,1.2199700781063239
2009-05-13,-0.015267292605684801,1.2014858986803618
2009-05-14,0.006761483237412803,1.2096372520086829
2009-05-15,-0.007278662719524588,1.2008646754813108
2009-05-18,0.024115259799759117,1.23017584184255
2009-05-19,-0.00292452286472855,1.2265834200856771
2009-05-20,-0.005529295260275917,1.219819993916365
2009-05-21,-0.01286776357198637,1.2042241953531558
2009-05-22,-0.002311370842581983,1.201444000928001
2009-05-26,0.02068045714506598,1.2265491099243064
2009-05-27,-0.020604034780737464,1.201535821627693
2009-05-28,0.015909696493714535,1.22080476697012
2009-05-29,0.011031162769022987,1.2343462147034086
2009-06-01,0.018176253602999043,1.256987144847886
2009-06-02,0.0022601762592417193,1.2598313703655528
2009-06-03,-0.00453148849115175,1.2541353744269492
2009-06-04,0.008839529950588922,1.2652704836917033
2009-06-05,-0.0009001922628943956,1.2641320094915285
2009-06-08,0.00046555120716922196,1.2647206646885054
2009-06-09,-0.00043713672974815033,1.2641679296522934
2009-06-10,-0.0019030239192711935,1.2617644754849167
2009-06-11,0.005773509264581812,1.26907035435939
2009-06-12,0.0035388947650314855,1.2735694169519804
2009-06-15,-0.019075479434967187,1.2495057127523024
2009-06-16,-0.010935861596188484,1.2359157357066812
2009-06-17,-0.0010047882551680663,1.234674525772075
2009-06-18,0.006663172175380878,1.2429288441506388
2009-06-19,0.0015317791976359383,1.2448341956145674
2009-06-22,-0.021646511586970146,1.2181774316257328
2009-06-23,0.0023511976696150494,1.2210449773265197
2009-06-24,0.004223795979250297,1.2262133295410773
2009-06-25,0.017856117287800528,1.2483053908071242
2009-06-26,-0.004111737293984841,1.2431832246946157
2009-06-29,0.010454694821572505,1.2562485036648927
2009-06-30,-0.008587573773772644,1.2455065665650105
2009-07-01,0.007574432553003006,1.2549763910459795
2009-07-02,-0.02435248982112603,1.2247837167704387
2009-07-06,0.002237501236915712,1.2275272400254045
2009-07-07,-0.014896448711012238,1.209376966396991
2009-07-08,-0.0005527733517680425,1.208708639771317
2009-07-09,-0.0002919401428835435,1.208355820701848
2009-07-10,-0.0064042969327000165,1.200641878778621
2009-07-13,0.0232853363937907,1.228927268185264
2009-07-14,0.003290251093327707,1.232977406805727
2009-07-15,0.030679748408394252,1.2713910915145092
2009-07-16,0.005469925118715498,1.2783645603707054
2009-07-17,0.0024140507235262234,1.2814543251865902
2009-07-20,0.006164304993768955,1.2893779973578667
2009-07-21,0.007134690658627566,1.298610205823957
2009-07-22,-0.0037296354737681122,1.2937758838669065
2009-07-23,0.018991074153150527,1.3185808687574985
2009-07-24,-0.0005550803716346462,1.317849153498015
2009-07-27,0.0007974510262964726,1.3189004927980632
2009-07-28,-0.002587157926488038,1.3154926990849365
2009-07-29,-0.0005957626343883283,1.3147092110986183
2009-07-30,0.007918680503260712,1.3251613020635638
2009-07-31,-0.002467791970339392,1.3218951114400148
2009-08-03,0.009425260828874928,1.33441321819344
2009-08-04,0.0020135233071794886,1.3371027971659635
2009-08-05,-0.005214875619551924,1.3301481220320703
2009-08-06,-0.007781007909927748,1.319838391038418
2009-08-07,0.007056448819534396,1.3291847001888581
2009-08-10,-0.001188384868088179,1.3276060554088316
2009-08-11,-0.012450072519600485,1.3111797303891046
2009-08-12,0.01074030341541542,1.3253380949895877
2009-08-13,0.0034471970501191657,1.3299146802245807
2009-08-14,-0.003509968038894091,1.325254904817896
2009-08-17,-0.01917712107873,1.3000824699146472
2009-08-18,0.006455243651446113,1.3085019647333633
2009-08-19,0.008142424667468909,1.319199837615601
2009-08-20,0.009859063795019265,1.3322702380576117
2009-08-21,0.014888250641777047,1.3522538023126802
2009-08-24,0.0026130634827573685,1.3557919480293734
2009-08-25,-0.00013817860324784908,1.355604619534393
2009-08-26,0.0018758453571925383,1.3581499107060855
2009-08-27,-0.002095750458482331,1.3553065479381587
2009-08-28,-0.0041873776790310804,1.3496432330453703
2009-08-31,-0.0030656764271241362,1.3455119993492461
2009-09-01,-0.017656986270521074,1.3219628279700548
2009-09-02,-0.002494408999896788,1.3186694212537662
2009-09-03,0.004857564031022838,1.32509052523915
2009-09-04,0.010898682215202366,1.3396112504325806
2009-09-08,0.009293194007342102,1.3521185440158627
2009-09-09,0.0033711855443505348,1.3566844784875625
2009-09-10,0.008184895678292944,1.3678343675050337
2009-09-11,-0.00252258678890574,1.3643882350117436
2009-09-14,0.00333588419807091,1.3689472761538082
2009-09-15,0.0007561929878472469,1.3699828559845237
2009-09-16,0.009798796477890245,1.3834730249389036
2009-09-17,-0.0026286526851817577,1.3798411304429405
2009-09-18,0.005435066815262115,1.3873610763740756
2009-09-21,-0.0008011837889080224,1.3862499903218226
2009-09-22,0.0063443313214186356,1.3950727773031564
2009-09-23,-0.006904353955499428,1.3854738762917438
2009-09-24,-0.002368886660245573,1.3821957300195418
2009-09-25,-0.006465621536969835,1.3732878042101182
2009-09-28,0.01217674690494344,1.3901122075971173
2009-09-29,-0.004420857599865772,1.38398028364764
2009-09-30,-0.003611027039380591,1.3789917057869094
2009-10-01,-0.021473151293302205,1.3496960687465294
2009-10-02,-0.0013738496139486809,1.347843062490955
2009-10-05,0.010298985539083401,1.361796206984275
2009-10-06,0.014723755578754986,1.3819952998265417
2009-10-07,0.0045788706275338206,1.3883377871453437
2009-10-08,0.003173066492443535,1.3927500717921766
2009-10-09,0.005781311892147509,1.4008253146017222
2009-10-12,0.006362253945013933,1.4097661327043907
2009-10-13,-0.0004693349971116285,1.4091046353646384
2009-10-14,0.013115881891646095,1.4277080185346842
2009-10-15,0.006873945078784405,1.437555812864738
2009-10-16,-0.005744606526541957,1.4293212950375709
2009-10-19,0.00609958457500003,1.43806620420524
2009-10-20,-0.0041153337570485225,1.432160242646952
2009-10-21,-0.007669472554685238,1.4212183419099944
2009-10-22,0.00720728492519316,1.4314984688429637
2009-10-23,-0.005053569921573943,1.424282539696321
2009-10-26,-0.007187634629120885,1.414082019911944
2009-10-27,0.004408543479155214,1.4203298237182131
2009-10-28,-0.010002364494257631,1.4061939808996782
2009-10-29,0.014611692635536305,1.42689170125021
2009-10-30,-0.02458675708891384,1.39223683276243
2009-11-02,0.005755266129439422,1.4002726281398137
2009-11-03,-0.0061538712424759855,1.3916819906311344
2009-11-04,0.0027283013921918123,1.395484102839218
2009-11-05,0.017453335270413865,1.4200537421317267
2009-11-06,0.003671388185322759,1.4252768929031863
2009-11-09,0.01655027635729981,1.4490619006789218
2009-11-10,0.0010207535881468748,1.4505417909866614
2009-11-11,0.005110804777855655,1.4579742035292027
2009-11-12,-0.006620464356070171,1.4483536187914379
2009-11-13,0.004071168097993072,1.4542621289470639
2009-11-16,0.011114862549747782,1.4705162162590724
2009-11-17,0.005075593990350135,1.4779989330813732
2009-11-18,0.0019193092343718463,1.4808383941122618
2009-11-19,-0.00903562296706326,1.4675183647129255
2009-11-20,-0.0030892793857074615,1.4629917860138075
2009-11-23,0.014814976724154837,1.4848273223757806
2009-11-24,-0.00011936891965313907,1.4846500907206233
2009-11-25,0.0024931022906818055,1.4883560930645534
2009-11-27,-0.01399506989459115,1.4676715241171066
2009-11-30,0.0021009370957707604,1.4707582510406951
2009-12-01,0.013829449441417159,1.4912393224625748
2009-12-02,-0.001796013213696094,1.4885634406135195
2009-12-03,-0.004516783109926079,1.4818550839079803
2009-12-04,0.003074969418215392,1.4864187559532525
2009-12-07,-0.0018648229424155895,1.4836494311079094
2009-12-08,-0.00979160998495495,1.469193005864365
2009-12-09,0.0016777337763496554,1.4716599894864844
2009-12-10,0.003859378419226835,1.4773506564455299
2009-12-11,0.0011368921156549561,1.4790311998761767
2009-12-14,-0.0008093540404399897,1.477834624290581
2009-12-15,-0.007154519163697261,1.4672991611766766
2009-12-16,-0.0018784802637116143,1.464545455861736
2009-12-17,-0.010119313507594792,1.4497999940515311
2009-12-18,0.0071126747311469896,1.460148709730146
2009-12-21,0.007917474340251796,1.4717552864278316
2009-12-22,0.0027680656695057092,1.475834845348742
2009-12-23,0.000491223441294567,1.4765599881092364
2009-12-24,0.004864642143057788,1.4837604236254767
2009-12-28,0.003232154210199025,1.488563924772076
2009-12-29,-5.450378076340923e-05,1.488482794621238
2009-12-30,-0.0002680665115050952,1.4880838357071997
2009-12-31,-0.009906186655208088,1.4734153736876907
2010-01-04,0.015417216550391992,1.4963073494139365
2010-01-05,0.000891195518543557,1.4976414462003385
2010-01-06,-0.003395197522375892,1.4925652798427467
2010-01-07,-0.000646423076397638,1.4916007629793917
2010-01-08,0.0011455801173165699,1.4933104902842578
2010-01-11,0.002034763948481556,1.4963521180816424
2010-01-12,-0.006386037411771484,1.486826804350651
2010-01-13,0.007520871853519088,1.4980511939047587
2010-01-14,0.005593034503071486,1.5064533207092365
2010-01-15,-0.01332737986322877,1.486509440094598
2010-01-19,0.01186214763199913,1.5042476330658208
2010-01-20,-0.010836474977074519,1.4880348943532178
2010-01-21,-0.019510582143578037,1.4592838541124686
2010-01-22,-0.02407556989083504,1.4245703145594641
2010-01-25,0.003411337415742664,1.4294383030296596
2010-01-26,-0.0030942021981062804,1.4250221676216828
2010-01-27,0.006849150759200378,1.4348158602356738
2010-01-28,-0.010289455585819555,1.4201280803834253
2010-01-29,-0.010048952790028457,1.405928744066938
2010-02-01,0.011074524599290904,1.4215852708071959
2010-02-02,0.010531391129336404,1.4366356529450905
2010-02-03,-0.0026383642520597253,1.432850280586502
2010-02-04,-0.02819102938900163,1.393020810877014
2010-02-05,0.006048247069714269,1.4014716756114378
2010-02-08,-0.009991501081531094,1.3875385919705256
2010-02-09,0.010819390921281372,1.402632420190398
2010-02-10,-0.001479264106407382,1.400559090276064
2010-02-11,0.0062618529635322506,1.4093567012926558
2010-02-12,-0.0026040378136947245,1.4056914574374753
2010-02-16,0.01733962431559199,1.4302781653299363
2010-02-17,0.0024375182756219173,1.4337687469471205
2010-02-18,0.005902429651588776,1.4422564906258064
2010-02-19,-0.0016747739017541647,1.4398430586362387
2010-02-22,0.0011608043846036632,1.441515405217681
2010-02-23,-0.011947533022170293,1.4243953273078607
2010-02-24,0.009843906053659951,1.4384861818308354
2010-02-25,-0.0036253568056085084,1.4332805979128098
2010-02-26,0.001212671062289946,1.4350197501146855
2010-03-01,0.007377316041594686,1.445645490869139
2010-03-02,-0.0016302343706260393,1.443290669878768
2010-03-03,-0.000248578072947704,1.4429319440528805
2010-03-04,0.004392052695516695,1.4492833147547184
2010-03-05,0.011410044282670612,1.465914401842464
2010-03-08,0.00036483674491314256,1.4664493188539107
2010-03-09,0.0018561618090476057,1.4691738138440125
2010-03-10,0.004223095601374388,1.4753913947936546
2010-03-11,0.004724390703528509,1.4823782114136301
2010-03-12,-0.0019003659016196177,1.479563825435916
2010-03-15,0.001614334568794154,1.4819542654318756
2010-03-16,0.005094765218390761,1.4895237404545107
2010-03-17,0.005322145647334104,1.4974723357752227
2010-03-18,0.00031881609321543486,1.4979498301674166
2010-03-19,-0.004386780310020981,1.4913930454488962
2010-03-22,0.0035148941003197705,1.4966443575621504
2010-03-23,0.00924089338051985,1.5105387880994574
2010-03-24,-0.004190601174930124,1.504221967361684
2010-03-25,0.0006670946196997384,1.5052257605182269
2010-03-26,2.480478849491693e-05,1.5052630977879233
2010-03-29,0.0034526229049602337,1.5104691857950445
2010-03-30,0.00033646157951683776,1.5109774861500835
2010-03-31,-0.0026961228508979866,1.5069091919972921
2010-04-01,0.0037785390236351325,1.5126138780865128
2010-04-05,0.004182734141175746,1.5189539900547036
2010-04-06,0.0013121965341928315,1.520948464501096
2010-04-07,-0.003663171880776466,1.5153871610778322
2010-04-08,0.0032598143697727695,1.5203351022245466
2010-04-09,0.007314425816764365,1.5314962494773585
2010-04-12,0.001399544195822192,1.5336411467533995
2010-04-13,0.001552991022844075,1.5360247280476915
2010-04-14,0.00968660637210749,1.5509758910757618
2010-04-15,0.001790640603303041,1.5537556194856026
2010-04-16,-0.015287080936106142,1.5301838623035746
2010-04-19,0.005933481134129915,1.539290168714428
2010-04-20,0.0036000656799915903,1.5448417013675806
2010-04-21,-0.001853251233826709,1.54198137285079
2010-04-22,-0.00019713259181537387,1.5416774280259289
2010-04-23,0.004584866169345849,1.5487620413011276
2010-04-26,-0.005645930283930838,1.5400424769781214
2010-04-27,-0.01721222247773566,1.5137617469508038
2010-04-28,0.006071040055856623,1.5229798084489665
2010-04-29,0.008832564017633554,1.5364912074128605
2010-04-30,-0.01313915620424685,1.5164350584055402
2010-05-03,0.011579209674466347,1.5340962317884432
2010-05-04,-0.019566175742028357,1.5043715824658819
2010-05-05,-0.0011261379901653364,1.502678406029635
2010-05-06,-0.03403270677634495,1.4523986238485525
2010-05-07,-0.012638714544779111,1.4341576860516596
2010-05-10,0.037123890314027935,1.4883998084947703
2010-05-11,-0.004475959849836233,1.4817526779536538
2010-05-12,0.012077035197332161,1.4997563538866874
2010-05-13,-0.010669036543147239,1.4838404531774891
2010-05-14,-0.014952242866558602,1.4618187574976422
2010-05-17,0.0015154421365419887,1.4640357386677953
2010-05-18,-0.01183756416913408,1.446807294255255
2010-05-19,-0.0044409527266925115,1.4403963373714972
2010-05-20,-0.03716224554886092,1.3878503849540424
2010-05-21,0.010992850555964951,1.403190980785567
2010-05-24,-0.01115053885318301,1.3876315544440043
2010-05-25,-0.0038036562259379635,1.3823635063160866
2010-05-26,-0.010983988781875058,1.3672627262923753
2010-05-27,0.02984808853331146,1.4086880632887873
2010-05-28,-0.008791249715962422,1.3963582115656308
2010-06-01,-0.006533515347647347,1.3872648220069779
2010-06-02,0.020666679648569823,1.416233289634488
2010-06-03,0.0037023766574956814,1.4214864372725298
2010-06-04,-0.02989240473189256,1.379623597036232
2010-06-07,-0.011291265873879425,1.3641335160797796
2010-06-08,0.010197298077062876,1.378115158491379
2010-06-09,-0.01119321263347703,1.3627756319347506
2010-06-10,0.022748210694058055,1.3941316334365834
2010-06-11,0.004290240687873566,1.4001256423712218
2010-06-14,-0.0031458964881423378,1.395727913057434
2010-06-15,0.019814602470015822,1.423659519786736
2010-06-16,0.001317465484900175,1.4255363781428825
2010-06-17,0.0019251689868653298,1.4282834199791647
2010-06-18,0.0017982151818514184,1.4308540915265544
2010-06-21,-0.006408551388659267,1.4217137091390344
2010-06-22,-0.007651285786196023,1.4108772804164114
2010-06-23,-0.004299915418812111,1.4048236518170372
2010-06-24,-0.01386188936335768,1.3854844901110166
2010-06-25,-0.006854994679925238,1.3760194796644403
2010-06-28,0.0018695232671511004,1.3785943862716659
2010-06-29,-0.02643425027549255,1.3426297209455313
2010-06-30,-0.011546968406381393,1.327215582527693
2010-07-01,-0.00560961201762773,1.3197912612956442
2010-07-02,-0.002822998866858979,1.3160707460365284
2010-07-06,0.009843622371304936,1.329089620793957
2010-07-07,0.028824472132429838,1.3679574081855002
2010-07-08,0.0076158909773649565,1.3784153955653287
2010-07-09,0.004899746612213029,1.3851858549525407
2010-07-12,0.00511621288550018,1.3922909206886036
2010-07-13,0.010974693256086788,1.407655040508258
2010-07-14,0.0027181071706234303,1.4114864024349152
2010-07-15,0.00037435979263037865,1.4120149051107351
2010-07-16,-0.02684500393812611,1.3746136242769609
2010-07-19,0.0027902322675855224,1.3784544715029374
2010-07-20,0.007615965990520964,1.3889928127638582
2010-07-21,-0.010151462102210192,1.3749638326709281
2010-07-22,0.01874409132746926,1.400979337130003
2010-07-23,0.005576532657835481,1.408813768334462
2010-07-26,0.008057360793831571,1.4202109430720375
2010-07-27,0.005372857701017467,1.4278620701773888
2010-07-28,-0.005508205355388447,1.4200187338600072
2010-07-29,-0.004479526721152734,1.4136719479087396
2010-07-30,-0.0032849796556397434,1.409035683506426
2010-08-02,0.02215519591654569,1.4406015276878632
2010-08-03,-0.0008303651724375496,1.4394057988664006
2010-08-04,0.003279552861603658,1.444134155482845
2010-08-05,-0.002097428977336935,1.4411083609617856
2010-08-06,-0.0034193724796508225,1.4361890898952239
2010-08-09,0.006524441713696983,1.4455900565830915
2010-08-10,-0.006823533727587071,1.4357596014394853
2010-08-11,-0.022918745464285236,1.4032280082122506
2010-08-12,-0.0074275057196129006,1.392844135031997
2010-08-13,-0.0043823494003602,1.3867535606320258
2010-08-16,0.0010765357036609873,1.3882472542152045
2010-08-17,0.00957033568493753,1.4015970254543269
2010-08-18,0.0003653158122443054,1.4021091445470257
2010-08-19,-0.015522712617768978,1.3805126589035595
2010-08-20,-0.004618379291365204,1.374151627961424
2010-08-23,-0.00027555213267790353,1.3737730297138893
2010-08-24,-0.012789108474468827,1.3563155680494747
2010-08-25,0.0031244021541170816,1.3605598703328494
2010-08-26,-0.009590470222804206,1.3475738320515178
2010-08-27,0.012451788590463211,1.3644584401449928
2010-08-30,-0.01319285676098676,1.3465755579174332
2010-08-31,0.000854935627489651,1.347727285593364
2010-09-01,0.02545103180375152,1.382468560954463
2010-09-02,0.0046138548980836835,1.3888618077108672
2010-09-03,0.0121390923075781,1.4058240743647912
2010-09-07,-0.00825726559841321,1.3942636062111091
2010-09-08,0.005921921038930937,1.4025448213443594
2010-09-09,0.007419951214431277,1.4129903401911998
2010-09-10,0.004028564722949792,1.4186941445880763
2010-09-13,0.012932852172076964,1.4371610638103083
2010-09-14,3.2887295098708326e-05,1.4372083289275248
2010-09-15,0.004390844625176845,1.4435327620344152
2010-09-16,0.002613288734490963,1.4473100633791474
2010-09-17,0.0011209498998322486,1.4489333350828713
2010-09-20,0.014009610778963438,1.4693751839843967
2010-09-21,-0.0020234608395656795,1.4664049669133752
2010-09-22,-0.0011436296203768887,1.4647289013395388
2010-09-23,-0.007239939425757066,1.4541626484879748
2010-09-24,0.014255898709303853,1.4750415138053241
2010-09-27,-0.0036493033965431846,1.4696684497323802
2010-09-28,0.0009033876515919172,1.4709967299474396
2010-09-29,-0.004393210886063715,1.4645485056756566
2010-09-30,-0.004048629946583134,1.4586310775586062
2010-10-01,0.005290012158277833,1.466367699062302
2010-10-04,-0.006424303900678984,1.4569775023677571
2010-10-05,0.01964580282097941,1.4858840111620448
2010-10-06,0.0037147505838133633,1.491413964499527
2010-10-07,-0.002367012191075692,1.4878879441764445
2010-10-08,0.004520888085565557,1.4946297470414012
2010-10-11,0.0016020152867407451,1.4970260857172668
2010-10-12,0.003893854016901339,1.5028666505283184
2010-10-13,0.00383237533388033,1.5086372500988627
2010-10-14,-0.0045516271951250515,1.5017860995334633
2010-10-15,0.005250174769652428,1.5096914731603732
2010-10-18,0.012504724981629021,1.528688277203792
2010-10-19,-0.016293563692380948,1.5039823180292717
2010-10-20,0.009740309673929892,1.518703147887028
2010-10-21,0.0015719980503539255,1.5210924237510457
2010-10-22,-0.00028155267413537574,1.5206642163958233
2010-10-25,-0.001085967437137268,1.5190137209283698
2010-10-26,0.0028381469261954152,1.5233310287301844
2010-10-27,-0.0022150134675024778,1.51996056417631
2010-10-28,0.003867964199987427,1.525851102074693
2010-10-29,-0.001505864221412492,1.523555106655425
2010-11-01,0.002902510887849912,1.527983665802244
2010-11-02,0.006218119559342473,1.5375144519959723
2010-11-03,0.005226809434825331,1.545571785770397
2010-11-04,0.016868438650569414,1.571864302021717
2010-11-05,0.0027168453751295323,1.5761406206989255
2010-11-08,-0.0010403955166172689,1.5745016637931373
2010-11-09,-0.004189332777971444,1.5679193497429516
2010-11-10,0.002305056230025622,1.571537660611166
2010-11-11,-0.008760551415869712,1.557830254020561
2010-11-12,-0.011082170205447751,1.540661423659201
2010-11-15,-0.0019932719448587455,1.537593525060762
2010-11-16,-0.014793609778104734,1.5150143916849355
2010-11-17,-0.0030183861757946445,1.5104483876372985
2010-11-18,0.015351690845651054,1.533815225647188
2010-11-19,-0.0006131916791539939,1.5328749912148876
2010-11-22,-0.002486586450039657,1.5290681000756259
2010-11-23,-0.015339204809415585,1.5057923831943505
2010-11-24,0.011983696914230678,1.5239458985933934
2010-11-26,-0.00792732471247453,1.5119128425976018
2010-11-29,-4.159390083148903e-05,1.5118499575525872
2010-11-30,-0.009284566758345126,1.4978780476267575
2010-12-01,0.019123228153788908,1.5267979509088891
2010-12-02,0.011555748979478123,1.5445435793137092
2010-12-03,0.001879879888799051,1.547449866605461
2010-12-06,-0.0005678785652107094,1.5465713524637619
2010-12-07,0.001298399243014154,1.5485807237378488
2010-12-08,0.007428212234866528,1.560126740055652
2010-12-09,0.004687699506813893,1.5674573137450933
2010-12-10,0.00553444783579315,1.5761563745274851
2010-12-13,0.0010828398492209593,1.5778640238469355
2010-12-14,0.001423328533335836,1.5801114417614093
2010-12-15,-0.0023410532331088335,1.5764166433093867
2010-12-16,0.004830133103839289,1.5840493642132396
2010-12-17,9.439772585642801e-05,1.5841989019287648
2010-12-20,0.0007634619817808848,1.5854088393738162
2010-12-21,0.006256144387662712,1.5953584767184978
2010-12-22,0.004144084228046535,1.601983494454513
2010-12-23,0.0006245238505650586,1.6029842838309007
2010-12-27,-0.00018817893164434714,1.6026826643410335
2010-12-28,0.0022152045699842813,1.6062368694956544
2010-12-29,-0.00011558021697448154,1.6060512310180401
2010-12-30,-0.0020920770236827306,1.6026947603605544
2010-12-31,-8.493228957577237e-05,1.6025586456054166
2011-01-03,0.012416047270617318,1.6225801261217774
2011-01-04,0.0032204364471937613,1.6278139653983779
2011-01-05,0.002691972953144569,1.6322019000167942
2011-01-06,0.0004403113020398739,1.6329207352045978
2011-01-07,-0.003094539625199484,1.6278754077937392
2011-01-10,-0.0024992034483082254,1.6238120955980502
2011-01-11,0.0027211119908611705,1.6282366873369662
2011-01-12,0.0112904744567334,1.6467244233273675
2011-01-13,-0.0011395786446016948,1.6448489201856304
2011-01-14,0.008684584187040606,1.6591959579632394
2011-01-18,-0.001680268936757955,1.6564104034308278
2011-01-19,-0.005646388257789879,1.6470840221421077
2011-01-20,0.0008147567940944534,1.648426541878864
2011-01-21,0.0020759434482006895,1.6518521365985464
2011-01-24,0.007012293633645665,1.6634761165687015
2011-01-25,0.0023406194997068358,1.6673742414383237
2011-01-26,0.0014398543146021616,1.669776746647592
2011-01-27,0.00037069805207691465,1.670395844377049
2011-01-28,-0.016642578846972105,1.6428262011518087
2011-01-31,0.006143975535983989,1.6529507558007754
2011-02-01,0.02023268627578998,1.686735010495203
2011-02-02,-0.004598187501635785,1.6789968909477957
2011-02-03,0.001227788028620738,1.6810596092618963
2011-02-04,5.900482322163313e-05,1.6811588028133861
2011-02-07,0.009053712254448072,1.6964486413254227
2011-02-08,0.003966606872849223,1.7031911497651653
2011-02-09,-0.004753898087501727,1.695113567828775
2011-02-10,-0.0006258210297460943,1.6940530619882608
2011-02-11,0.004089099107822563,1.7009943950801063
2011-02-14,0.0039501264502456515,1.7077268262549397
2011-02-15,-0.005482984863336187,1.6983890088652238
2011-02-16,0.003909826764575227,1.7050424140237874
2011-02-17,0.001719148842694233,1.70797615676427
2011-02-18,0.001254940518116232,1.7101209107352229
2011-02-22,-0.019252112690137435,1.677512369080663
2011-02-23,0.00036410642818366653,1.6781232733279354
2011-02-24,-0.002308603205636559,1.674253621024191
2011-02-25,0.006494628810359052,1.6851626635727146
2011-02-28,0.00612396161125961,1.6955141988845612
2011-03-01,-0.013575835164413875,1.6726517173766031
2011-03-02,0.001063814075085625,1.674432054622274
2011-03-03,0.014651471705225367,1.6991455509456954
2011-03-04,-0.008761189845975228,1.6843240360570397
2011-03-07,-0.0074542857863058335,1.6718152831670816
2011-03-08,0.01043797120122936,1.6893570338246406
2011-03-09,7.55768415112714e-05,1.6894847149182481
2011-03-10,-0.019677073449109243,1.6565655387653462
2011-03-11,0.005374952328116995,1.665493471677435
2011-03-14,-0.004048845641297344,1.6587637786316063
2011-03-15,-0.012246452659094402,1.6385736873768024
2011-03-16,-0.024368140306839793,1.59912726379374
2011-03-17,0.013693295737424987,1.6211751962589374
2011-03-18,0.0046091268796665,1.6286646450837614
2011-03-21,0.013714675091362975,1.651155123805291
2011-03-22,-0.0025162376885651504,1.647005647776441
2011-03-23,0.0010480052826973903,1.6487326231775512
2011-03-24,0.007620683372260977,1.6613450892306445
2011-03-25,0.004782771656505522,1.6693099553200246
2011-03-28,-0.0030172431549617203,1.664280832142892
2011-03-29,0.005064776603032257,1.6727314248800769
2011-03-30,0.005790376003113996,1.6824452650350008
2011-03-31,-0.004099981714781094,1.675561391732641
2011-04-01,0.004267534711224174,1.6827271873983176
2011-04-04,0.0007833977555288216,1.6840459485899266
2011-04-05,-0.0015085296960533946,1.68150743046335
2011-04-06,0.0042338186423901865,1.6886417199567192
2011-04-07,0.0008515826696699322,1.6900803504501738
2011-04-08,-0.003338986387537131,1.6844466058984986
2011-04-11,-0.0017998759334950285,1.6814175377824216
2011-04-12,-0.007361755567463038,1.6690848038468946
2011-04-13,-0.0014426854530438518,1.6666785756130715
2011-04-14,-0.0016644440405555018,1.6639067897714905
2011-04-15,-0.002076229138137202,1.6604557218550233
2011-04-18,-0.008176337659414263,1.6469346270494536
2011-04-19,0.007357056376647153,1.659095898676145
2011-04-20,0.010093711328526015,1.6759271356662848
2011-04-21,0.0026636405179033045,1.6803971537075937
2011-04-25,0.0011427064295869238,1.682318451870211
2011-04-26,0.00749917781425333,1.6949818803853198
2011-04-27,0.007718990370974802,1.70811605526953
2011-04-28,0.0020668963238591803,1.7116502051674323
2011-04-29,0.0018496356061850254,1.7148190640459213
2011-05-02,-0.004101759639793194,1.7077996941449547
2011-05-03,0.001219483482103552,1.709883598047645
2011-05-04,-0.004574987174050088,1.7020787696256685
2011-05-05,-0.013502614323497693,1.6792507224438324
2011-05-06,0.001677075498935284,1.6820693155230826
2011-05-09,0.0010972448178320682,1.6839159702936906
2011-05-10,0.006059045337733309,1.6941498660128
2011-05-11,-0.00918454103484992,1.6786611144666386
2011-05-12,0.005408339431979932,1.6877644784165051
2011-05-13,-0.009535286959885609,1.6717476437079688
2011-05-16,-0.007861849036691848,1.6586561452286523
2011-05-17,0.00434538970278277,1.6658793349838448
2011-05-18,0.0056087332547352315,1.675249059388139
2011-05-19,0.001779716331904417,1.6782331821574974
2011-05-20,-0.010059442658703418,1.661435719895571
2011-05-23,-0.0107581675750608,1.643657517911522
2011-05-24,-0.0006366796171869388,1.6426113677388166
2011-05-25,0.002436917292850845,1.6466191571285511
2011-05-26,0.0022672129124144693,1.6503566285642086
2011-05-27,0.004572350254288539,1.6579199149349266
2011-05-31,0.012710957863199136,1.6791281681729056
2011-06-01,-0.02029075724907006,1.6454007210101784
2011-06-02,-0.003413316106809663,1.6397940223878633
2011-06-03,-0.006982462260997911,1.6283841035319382
2011-06-06,-0.009704935663214162,1.6126571784079415
2011-06-07,-0.005163504003107446,1.604351677807664
2011-06-08,-0.0017726434784051616,1.6015102534291692
2011-06-09,0.006044866474253599,1.6112204880361343
2011-06-10,-0.011185555836289385,1.5932985117966876
2011-06-13,0.004762883331729339,1.6009053074811355
2011-06-14,0.008314018759099222,1.6142707475105547
2011-06-15,-0.017600164377822546,1.5861078795441628
2011-06-16,0.003760817850033929,1.5920841732016315
2011-06-17,0.001585464840122878,1.5946103687486939
2011-06-20,0.002330976505872435,1.5983317035412794
2011-06-21,0.012000390857628745,1.6176278578323051
2011-06-22,-0.006401835515824914,1.6073051477616613
2011-06-23,-0.003206160185234168,1.602160122286642
2011-06-24,-0.013877414088532755,1.5800798457591412
2011-06-27,0.011722760950563939,1.5987117393203198
2011-06-28,0.011485901053950053,1.617180244846378
2011-06-29,0.0067089592251670565,1.628066317445458
2011-06-30,0.00948859059406813,1.6435878946827862
2011-07-01,0.013270121797943716,1.665543863223399
2011-07-05,0.0007583430190511982,1.666807395820007
2011-07-06,0.0012880686532117395,1.6689557414888299
2011-07-07,0.010656050402159703,1.6868353116020431
2011-07-08,-0.005232335288180731,1.6780322739816222
2011-07-11,-0.014215387023322092,1.6543471412841653
2011-07-12,-0.003262266486114126,1.648959013581511
2011-07-13,0.005192438019185329,1.6575433987123185
2011-07-14,-0.004519214340156037,1.650069505598021
2011-07-15,0.008313799207523438,1.663845036298016
2011-07-18,-0.003651481064571959,1.657780616448948
2011-07-19,0.018013461078206613,1.687913567628583
2011-07-20,0.0003721038959872454,1.6885417637130442
2011-07-21,0.013005848796486755,1.7106461139144495
2011-07-22,0.003185310521929118,1.7161037404835513
2011-07-25,-0.00531190017980001,1.7070121369387685
2011-07-26,-0.0016772522248877748,1.704151446754301
2011-07-27,-0.018118310189125117,1.67355313413821
2011-07-28,-0.002968152126450032,1.6685931384966286
2011-07-29,-0.008130045184127745,1.6550823967759793
2011-08-01,0.0010877594564706026,1.656883707823261
2011-08-02,-0.02113947196498287,1.6222256780048951
2011-08-03,0.005616268279893076,1.6313621650888006
2011-08-04,-0.042812927728487396,1.5629927645222215
2011-08-05,-0.0004026641508614509,1.5623635300614744
2011-08-08,-0.06142739001440418,1.4692798283232484
2011-08-09,0.046319426547573886,1.5389368095414249
2011-08-10,-0.04684855264200201,1.4685025996701804
2011-08-11,0.04090876639991216,1.5298229478433714
2011-08-12,0.0017429353467300996,1.5324916553501398
2011-08-15,0.02113059532740666,1.565218669291711
2011-08-16,-0.008261981637061601,1.5523401357495294
2011-08-17,0.0031217384708502535,1.557193707520397
2011-08-18,-0.038056626649938786,1.499045645367781
2011-08-19,-0.016025854714135604,1.4752136318965285
2011-08-22,-0.0004912937704618716,1.474489046635764
2011-08-23,0.033537913220411025,1.5247789274407422
2011-08-24,0.011528945044384278,1.5424597446459545
2011-08-25,-0.010775620555866783,1.5259280135093543
2011-08-26,0.012510076851700023,1.5451373951237164
2011-08-29,0.024649105651706686,1.5836969266978809
2011-08-30,-0.0009170848618371084,1.582245207997037
2011-08-31,0.0022346883470031917,1.5857849866033626
2011-09-01,-0.012037598416807542,1.5668103772468285
2011-09-02,-0.022631822687686886,1.531748852240527
2011-09-06,-0.007831868533251275,1.5197992515351808
2011-09-07,0.02479909228104832,1.5579601151029996
2011-09-08,-0.009418165927982855,1.543355868789111
2011-09-09,-0.024075496791456794,1.5066425287991525
2011-09-12,0.009140335377078831,1.5204768757747016
2011-09-13,0.0053474051321955075,1.528629259245945
2011-09-14,0.011804370417226413,1.5467806875718477
2011-09-15,0.017175794709244564,1.573577343284942
2011-09-16,0.007470267688523946,1.5853764034664954
2011-09-19,-0.006333014054574672,1.5753679178126014
2011-09-20,-1.532065453786086e-05,1.5753437823298488
2011-09-21,-0.022264464500797405,1.540657168901075
2011-09-22,-0.029419186593418595,1.4959925085112642
2011-09-23,0.006616723888570813,1.5059238982775598
2011-09-26,0.025394933182391024,1.5446564589082006
2011-09-27,0.008518982611321044,1.5578715701518864
2011-09-28,-0.014078349352496687,1.5360929729990254
2011-09-29,0.012122537573213904,1.5548276442277644
2011-09-30,-0.021887487525906184,1.5211661006870805
2011-10-03,-0.024373841139363042,1.4845376412753775
2011-10-04,0.01860127515854767,1.5124103648480887
2011-10-05,0.01382708496369146,1.5334678377018491
2011-10-06,0.011980653899356772,1.5519502799286893
2011-10-07,-0.0064753116618471345,1.5419333844429324
2011-10-10,0.033910472076651516,1.5951177301741444
2011-10-11,0.002023207140170133,1.5983482506593252
2011-10-12,0.00994683670107428,1.6143260924551677
2011-10-13,-0.003565620286065274,1.6085802683925348
2011-10-14,0.017598249921239442,1.6371390209604513
2011-10-17,-0.01674424119312161,1.6099545967422948
2011-10-18,0.017154661095814663,1.6378110733005231
2011-10-19,-0.012615237448663455,1.6172794754952409
2011-10-20,0.003185238872145305,1.6224391099194169
2011-10-21,0.012176667590559683,1.6423157818660976
2011-10-24,0.009477234465901482,1.6579543818853388
2011-10-25,-0.016171026024284406,1.6313591738851385
2011-10-26,0.01127357555603818,1.6498544830378261
2011-10-27,0.025609529386516453,1.6926521549849831
2011-10-28,-0.0013301288099161718,1.6904022062809922
2011-10-31,-0.02452444748359958,1.6494502408309328
2011-11-01,-0.026420027090171827,1.6064423571700326
2011-11-02,0.013255579995621068,1.6278784423370418
2011-11-03,0.01729303642170253,1.6562742205026824
2011-11-04,-0.009155650827298854,1.6411791600631285
2011-11-07,0.008180864097529189,1.6546604930195263
2011-11-08,0.01398616546851091,1.6779654420111854
2011-11-09,-0.03502517906206362,1.6202117231738888
2011-11-10,0.003733105626232611,1.6262714484331884
2011-11-11,0.015414830052825117,1.6515343579193469
2011-11-14,-0.009218668178612104,1.6363793724067146
2011-11-15,0.004191799043806853,1.6432531425618384
2011-11-16,-0.015680919341115325,1.6176864014630916
2011-11-17,-0.012582770266973062,1.5974589506697763
2011-11-18,-0.0010604765039979316,1.5957657809285335
2011-11-21,-0.019782417349473634,1.5645078741135416
2011-11-22,-0.0026247189806373255,1.560406864953662
2011-11-23,-0.02055481247626859,1.528660383676237
2011-11-25,-0.003971679548999781,1.5226010752737347
2011-11-28,0.026751642421961066,1.5638828707918735
2011-11-29,0.0031548058949511845,1.5688244083891212
2011-11-30,0.04006552000291865,1.6329563348662643
2011-12-01,-0.0015857364779747643,1.6303689484378263
2011-12-02,0.002403129391093769,1.6342916474649973
2011-12-05,0.011077779118754497,1.6524966185037282
2011-12-06,0.0034159944467958333,1.6581511902701551
2011-12-07,0.004525989815125939,1.6656729745888184
2011-12-08,-0.017464763196011947,1.6368349481826632
2011-12-09,0.01577441558466892,1.6628597865576156
2011-12-12,-0.01428548474968319,1.6392738974716168
2011-12-13,-0.003078634010871181,1.634234933640378
2011-12-14,-0.010104329964232184,1.6178052299909573
2011-12-15,0.0006262471765533036,1.6188186932545838
2011-12-16,0.0038688102999688,1.6250937263182084
2011-12-19,-0.009984488110950356,1.6089487312087927
2011-12-20,0.026061753810803227,1.6514319459010847
2011-12-21,-0.0013726515583845258,1.6491666603465331
2011-12-22,0.008808653460557606,1.6637577676135569
2011-12-23,0.010776794101025385,1.6817847043324559
2011-12-27,-0.0007445867506332681,1.6805329358071543
2011-12-28,-0.009648559950913157,1.66439618641049
2011-12-29,0.010516699313929486,1.6819925060631011
2011-12-30,-0.004585874495775952,1.6742967588797764
2012-01-03,0.015571418812877833,1.7005719752198618
2012-01-04,0.0011019250854733685,1.7024469109686589
2012-01-05,0.0010099233218467518,1.704167120301804
2012-01-06,-0.0029596650518950948,1.6991308130009557
2012-01-09,-0.0004664641776637492,1.6983384141707285
2012-01-10,0.002921790584018894,1.7033078596619642
2012-01-11,-0.0004958926976217405,1.7024634111277916
2012-01-12,-0.0006438305835075031,1.701367665891403
2012-01-13,-0.0022815665626862566,1.697490307221996
2012-01-17,0.0032369195136566675,1.7029938491775138
2012-01-18,0.00693093776682757,1.7148381923514255
2012-01-19,0.0026467088805875874,1.7193828814053445
2012-01-20,0.003855595056895683,1.7260249218247414
2012-01-23,0.0005253757118189846,1.7269319716467717
2012-01-24,-0.005142599518330912,1.7180738485330815
2012-01-25,0.009501382705851082,1.7344757225344127
2012-01-26,-0.006510143893048002,1.7232207116227614
2012-01-27,-0.0034172136258669873,1.717342148200643
2012-01-30,0.001114827385595167,1.7192577558454256
2012-01-31,-0.0028328634115425545,1.7143942255649038
2012-02-01,0.005561579151323854,1.7239555280721266
2012-02-02,-0.0009012674852916548,1.72240248296824
2012-02-03,0.010679414391690055,1.7408953033206953
2012-02-06,0.0023445891947194205,1.7449817763162352
2012-02-07,0.0029023178385556144,1.7500536245511917
2012-02-08,0.0028030882963327557,1.7549660611643725
2012-02-09,0.00419286002423854,1.7623398360063822
2012-02-10,-0.005832542962079869,1.7520908311343877
2012-02-13,0.008050488224227142,1.7662529472250488
2012-02-14,0.0009011507018149332,1.7678453246862962
2012-02-15,-0.008298057554417305,1.7532363393636545
2012-02-16,0.011828161646416018,1.7740970307954458
2012-02-17,0.0031120132812179862,1.7796266439695836
2012-02-21,0.004087297076620141,1.78691539224156
2012-02-22,-0.004345297722206657,1.7791675583712734
2012-02-23,0.004444138414907091,1.7870920209256331
2012-02-24,0.003616297972800583,1.7935663777240387
2012-02-27,0.0023039457183917905,1.7977034212324772
2012-02-28,0.006768420005923348,1.8099123038472242
2012-02-29,-0.0009896169134967533,1.8081220699883482
2012-03-01,0.005314733361086375,1.8177573384358434
2012-03-02,-0.0007301968266345773,1.8164305022804552
2012-03-05,-0.001543472276939934,1.8136290546917004
2012-03-06,-0.01066862633236825,1.794382971186403
2012-03-07,0.004800754368295278,1.8030180739928776
2012-03-08,0.006488172030240841,1.8147543979034808
2012-03-09,0.001612912131505478,1.8176837990858485
2012-03-12,0.004970838377279961,1.8267417055154003
2012-03-13,0.018919155402658584,1.8616311141237079
2012-03-14,0.0034185335887200767,1.868006052879954
2012-03-15,0.0037131492096802218,1.8749551315777337
2012-03-16,-0.001226146060674019,1.8726575715891263
2012-03-19,0.005545030433121774,1.8830703577419974
2012-03-20,-0.000447341177999814,1.8822281712163091
2012-03-21,-0.003060584036770113,1.8764762603151968
2012-03-22,-0.004022219371193572,1.8689438198704451
2012-03-23,0.0003599350752817887,1.8696166393833549
2012-03-26,0.013633068540033027,1.8952797874203724
2012-03-27,-0.0006484471421631043,1.894051197039631
2012-03-28,-0.0005442813915637974,1.893020580716499
2012-03-29,-0.002889825572646699,1.8875579782185512
2012-03-30,0.0010387966113994671,1.8895197858332806
2012-04-02,0.008805686478712896,1.9062317769524326
2012-04-03,-0.0033213700683314036,1.8999109784512913
2012-04-04,-0.009131629454053524,1.8826406684454349
2012-04-05,0.0014231853245767823,1.8853219225243825
2012-04-09,-0.007548294594917457,1.871144532121659
2012-04-10,-0.014191704272377023,1.8447773424874736
2012-04-11,0.003969293196609869,1.8521143563888887
2012-04-12,0.008480081001125163,1.867887219210488
2012-04-13,-0.015239090480142358,1.8396381089324978
2012-04-16,-0.0016127588899044112,1.836673607373785
2012-04-17,0.018719569561402406,1.8713791698632496
2012-04-18,-0.005692728678530094,1.8607561815779878
2012-04-19,-0.009199673919214457,1.8437163321724381
2012-04-20,0.0017800503081362188,1.8470011627120908
2012-04-23,-0.006718225752744587,1.8346341805392883
2012-04-24,0.0022144155947923148,1.838701324591038
2012-04-25,0.01775091102340101,1.871631352531492
2012-04-26,0.006730397003098346,1.8842706606467023
2012-04-27,-0.0008430791054397623,1.8826827408887579
2012-04-30,-0.0061013117855899576,1.8712308777126994
2012-05-01,0.005578889235555312,1.881699441841518
2012-05-02,-0.001236660098162025,1.8793738575001206
2012-05-03,-0.003196980442584339,1.8733751300498152
2012-05-04,-0.01591513142877918,1.8437961198965203
2012-05-07,0.0019085686511405798,1.8473184916449719
2012-05-08,-0.003295816976959166,1.8412400901499506
2012-05-09,-0.005376612719482701,1.8313670208807187
2012-05-10,0.004274000932245922,1.8392110359585216
2012-05-11,-0.0032040844288164995,1.8333274792565657
2012-05-14,-0.011152032708001044,1.812995732115492
2012-05-15,-0.0035276736990307,1.8066113423975665
2012-05-16,-0.0002665198184022626,1.8061299088293106
2012-05-17,-0.008141686804761773,1.7914846641795679
2012-05-18,-0.007010351601988926,1.778969645389316
2012-05-21,0.013320881902005997,1.8028256285488162
2012-05-22,-0.0008045686549418288,1.8013757149135061
2012-05-23,0.0013469557139017523,1.803803723068229
2012-05-24,0.0013825451805984262,1.8062992879303805
2012-05-25,-0.004429055211788324,1.7983167791901817
2012-05-29,0.00829664631831983,1.8132988419735037
2012-05-30,-0.00864729749499658,1.7976863078397418
2012-05-31,-0.0013636191036428928,1.7952366190488218
2012-06-01,-0.019586570161465863,1.7604162104248262
2012-06-04,0.001041849861230069,1.7622512555641388
2012-06-05,0.000482289782967672,1.7631013763255197
2012-06-06,0.02046901314707768,1.7995622071675508
2012-06-07,0.0004171216909748403,1.8003130001735572
2012-06-08,0.010375525542184062,1.8190894329272564
2012-06-11,-0.011075557106685136,1.7990531652610044
2012-06-12,0.009772477257626193,1.8167205578954315
2012-06-13,-0.0021817621563593043,1.8127612264638393
2012-06-14,0.010930582143905682,1.8326844498070947
2012-06-15,0.009917809564765855,1.8509510980118635
2012-06-18,0.0007018541849730958,1.852250651781463
2012-06-19,0.008231767308712461,1.8675608767950345
2012-06-20,0.0005093125989369219,1.8685122913420094
2012-06-21,-0.019677147628560154,1.8321046728959662
2012-06-22,0.006370082632851298,1.8438125816371957
2012-06-25,-0.012583639868347343,1.8207560797285625
2012-06-26,0.005213528088926448,1.8302734306239394
2012-06-27,0.00871262932382491,1.8462895947213602
2012-06-28,-0.002843612038074006,1.8410469210018345
2012-06-29,0.021907206119333895,1.8818241420455255
2012-07-02,0.004311191884575775,1.889954560318636
2012-07-03,0.005739982213390435,1.9008340600756133
2012-07-05,-0.0028857981185701816,1.8953565440254074
2012-07-06,-0.007404921976830456,1.8813734125917965
2012-07-09,0.001690821014191326,1.8845571691160683
2012-07-10,-0.005692120302387389,1.8738605151943688
2012-07-11,-9.510407494121882e-05,1.8736823118975665
2012-07-12,-0.005791801838816898,1.862861680961363
2012-07-13,0.01589599051762204,1.8927103209098894
2012-07-16,-0.0015067802696779335,1.8898605698556274
2012-07-17,0.00581105494313411,1.9008746241052557
2012-07-18,0.0055789062691902185,1.9115090621468047
2012-07-19,0.0029332321920134347,1.91712419327894
2012-07-20,-0.0068432035304727525,1.9040497089323778
2012-07-23,-0.00549291802187822,1.8936195920849381
2012-07-24,-0.006413013261285384,1.8815146406225984
2012-07-25,-0.004364300377661377,1.873321038242307
2012-07-26,0.014424889289241398,1.9005393252529112
2012-07-27,0.01579919926980503,1.9308047801935695
2012-07-30,0.0020644701745558976,1.934794986488912
2012-07-31,0.0011716728051603866,1.937063261736859
2012-08-01,-0.001529115187037015,1.9341035323453684
2012-08-02,-0.007082227672345171,1.9204541618142423
2012-08-03,0.016778964371511555,1.9529492483539908
2012-08-06,0.0019443158626102914,1.9567500923797223
2012-08-07,0.000135746886260226,1.9570157331414975
2012-08-08,0.0012397250015959626,1.959443398982482
2012-08-09,0.0011266171165480556,1.9616521854493747
2012-08-10,0.0024653943732672,1.966494398239123
2012-08-13,0.0008527863476578638,1.9681721130791667
2012-08-14,0.001972803901384327,1.972058763241191
2012-08-15,-0.0005417734804233197,1.9709906434670403
2012-08-16,0.00470203758792537,1.9802801382195856
2012-08-17,0.0015981289825956208,1.9834474114836267
2012-08-20,0.0018573088087083728,1.9871347089976878
2012-08-21,-0.006152247620284071,1.9749468938838672
2012-08-22,0.0012513036605912577,1.9774196989540238
2012-08-23,-0.007518894038430289,1.9626074454330733
2012-08-24,0.006566178855407415,1.9755366783172266
2012-08-27,0.0006140569725315904,1.9767501429191092
2012-08-28,-4.218589581300703e-05,1.9766667537024685
2012-08-29,-0.00029507472589683357,1.9760835753467585
2012-08-30,-0.008294427478700496,1.9597608807225806
2012-08-31,0.0049915763704905265,1.9695676320387365
2012-09-04,0.00029062855101154365,1.9701401278135342
2012-09-05,0.0008396544351364693,1.9717950593977855
2012-09-06,0.018396101168525743,2.0084041001834736
2012-09-07,0.0005558508850695418,2.009520783706148
2012-09-10,-0.00749750035179268,1.9945107401394588
2012-09-11,0.001203498070494028,1.9969125749786907
2012-09-12,0.002291897471530882,2.001494542554426
2012-09-13,0.017348410333785,2.0365202327207763
2012-09-14,0.00188172315855351,2.04035600780712
2012-09-17,0.0010894309148626203,2.042580045967346
2012-09-18,0.0020791043812526827,2.0468312008559897
2012-09-19,-0.0003292025790617092,2.0461574896455823
2012-09-20,0.003062369855061954,2.052433185006216
2012-09-21,2.542198169639282e-05,2.052485362588304
2012-09-24,-0.0016910917429766126,2.049017354725263
2012-09-25,-0.008936351703058848,2.0307881874353337
2012-09-26,-0.004485530416232995,2.021699424451878
2012-09-27,0.008486258936462798,2.038929093574545
2012-09-28,-0.0063114554613453,2.0261010079404795
2012-10-01,0.0029082059059127798,2.0320019032080006
2012-10-02,0.0005564393725846742,2.033132903709535
2012-10-03,0.005347720499593087,2.0440346539930565
2012-10-04,0.0045645728091033184,2.0533861254950696
2012-10-05,-0.0012389222097707652,2.050843715068532
2012-10-08,-0.005948117463791758,2.038681263455888
2012-10-09,-0.01040467364157463,2.0175794195187313
2012-10-10,-0.0046752320818870905,2.008168783084833
2012-10-11,-0.0031090567758445464,2.0019349679867373
2012-10-12,-0.0014979815825886813,1.9989383512738303
2012-10-15,0.006295941250689321,2.011563250807037
2012-10-16,0.008209275884211437,2.028144696199764
2012-10-17,0.0014899333538308513,2.031168748888084
2012-10-18,-0.008500585766718178,2.0139758033156965
2012-10-19,-0.017557560525039078,1.978923914525636
2012-10-22,0.002916535738337233,1.984703941576369
2012-10-23,-0.016434466463664303,1.9523529549517087
2012-10-24,0.0004563342854067402,1.9532440838531393
2012-10-25,0.003465835019523177,1.9600254503612424
2012-10-26,-0.0009621578088247238,1.9581405035222577
2012-10-31,-0.0017871941020154293,1.954644051713128
2012-11-01,0.007667944821356792,1.9696897655782777
2012-11-02,-0.01203777888690881,1.9461212167993702
2012-11-05,0.0021134476325289824,1.950238591472931
2012-11-06,0.005602172657431375,1.9611948254883649
2012-11-07,-0.025658478545704487,1.9115136474893906
2012-11-08,-0.01416825993144457,1.8846217806029895
2012-11-09,0.0039383791748072204,1.892058771007348
2012-11-12,-0.0022850474428994924,1.887740262827948
2012-11-13,-0.006832040784093822,1.8748871010206805
2012-11-14,-0.011297969366284761,1.8538238937722855
2012-11-15,-0.004814988754743264,1.8449192077559475
2012-11-16,0.0028457635376817328,1.8501768890780272
2012-11-19,0.022583596646720158,1.8924359220841203
2012-11-20,-0.0008786231230205674,1.890773914370266
2012-11-21,0.00268868938842498,1.895864458509098
2012-11-23,0.01472098121963904,1.9239798791545641
2012-11-26,-0.0008377076552777144,1.9223688213731283
2012-11-27,-0.006269156883546885,1.910354887609615
2012-11-28,0.00834222694636397,1.9263581602872248
2012-11-29,0.0029342702238129427,1.9320189167102984
2012-11-30,0.0005770860844832254,1.9331341797125186
2012-12-03,-0.004069102679720662,1.925284040584289
2012-12-04,-0.0038200938695117904,1.9179433049004917
2012-12-05,-0.004650172888480808,1.909045241742812
2012-12-06,0.004840364161969988,1.9183081156709436
2012-12-07,0.0001393374600175222,1.918575426474084
2012-12-10,-0.0012276396519879797,1.9162215523554433
2012-12-11,0.00827156238685467,1.9321374323245666
2012-12-12,0.00010918774521756311,1.932348409572108
2012-12-13,-0.005815711913843472,1.9211430430793477
2012-12-14,-0.006940565568430549,1.9078553890798593
2012-12-17,0.010069110239497107,1.9271628365955535
2012-12-18,0.00842426059084762,1.9434663345707752
2012-12-19,-0.008116090071830066,1.9277568228869695
2012-12-20,0.004580847027664014,1.9366078390972103
2012-12-21,-0.009647352791713519,1.9180145323576405
2012-12-24,-0.0037361737018434984,1.9108618670224864
2012-12-26,-0.003688077985350621,1.9038274391704
2012-12-27,-0.0006131615856589036,1.90266044313411
2012-12-28,-0.012194485312100557,1.8795993730216816
2012-12-31,0.015513212392115377,1.9089853433744888
2013-01-02,0.02675064749245529,1.9607411010589129
2013-01-03,-0.00536073844322444,1.9502582040002425
2013-01-04,0.0007829983642893574,1.951785850978411
2013-01-07,-0.004460529069883465,1.9430992412920722
2013-01-08,-0.0015742770678007702,1.9400426712913446
2013-01-09,-0.002305862376268515,1.9355743535300014
2013-01-10,0.008790839179656096,1.9526646855121783
2013-01-11,0.00069925477853358,1.95403057312046
2013-01-14,-0.005966466850907012,1.942406625911251
2013-01-15,-0.0017287900225010791,1.9390515136946205
2013-01-16,0.00351576977202613,1.9458807704055288
2013-01-17,0.0008489759220717607,1.9475334777819429
2013-01-18,0.002319299497881743,1.9520556332884555
2013-01-22,0.0025792169203094698,1.9570969066813393
2013-01-23,0.00735617699894038,1.9715467405380211
2013-01-24,-0.009963307813114103,1.9520011445751906
2013-01-25,0.0029329541047632426,1.9577346783302634
2013-01-28,0.0008987030006379147,1.9594948911959515
2013-01-29,0.008895407859338164,1.9770031535690478
2013-01-30,-0.004342284590198872,1.9684370549194017
2013-01-31,-0.0026027622345112826,1.9633203429726966
2013-02-01,0.010695944225432465,1.9844326144211242
2013-02-04,-0.013135969791475459,1.9585356309252764
2013-02-05,0.011749192308315524,1.9816825552553927
2013-02-06,0.0004740028703046683,1.9826221011307459
2013-02-07,-0.00034311763178292864,1.9819419452241003
2013-02-08,0.0050794946539168,1.9920348203912295
2013-02-11,0.001484826150427151,1.9949948428006152
2013-02-12,-0.0003118935632370651,1.9943727137745173
2013-02-13,0.0007250579640382612,1.9958192739505156
2013-02-14,0.00013019447362169843,1.9960791355062337
2013-02-15,-0.0018611730925276757,1.9923675417592823
2013-02-19,0.008261214004156574,2.008895091211081
2013-02-20,-0.00794805539738814,1.992991566507091
2013-02-21,-0.0022290089417966864,1.988554117878039
2013-02-22,0.007480461090803124,2.0034851956317064
2013-02-25,-0.01696244631154084,1.9697877887528397
2013-02-26,0.0059102115390321,1.981464122082937
2013-02-27,0.010754770407164185,2.0028893188099643
2013-02-28,-0.0021303984300443043,1.9986269084778725
2013-03-01,0.0010570240893014605,2.000740622192012
2013-03-04,0.004245046668825119,2.009251912135527
2013-03-05,0.009422257277762915,2.02827307099076
2013-03-06,0.0001624304029377287,2.0286025509610064
2013-03-07,0.0033107743978783065,2.0353299266167184
2013-03-08,0.0005792182058675957,2.036509168251305
2013-03-11,0.0031875784445708037,2.0430110581148946
2013-03-12,-0.0050565020420222035,2.032706642632076
2013-03-13,0.0004515109257227239,2.0336246391171398
2013-03-14,0.007490239744150851,2.048914164837179
2013-03-15,-0.0006629303617025735,2.0475563275542945
2013-03-18,-0.0018879442774632474,2.0436943020944667
2013-03-19,0.0010541761687695287,2.045849851888977
2013-03-20,0.003684968767855811,2.053402652066675
2013-03-21,-0.007987237996981263,2.037066961750031
2013-03-22,0.006590355585104949,2.0505362924672474
2013-03-25,-0.0026457821307182662,2.0451181909050287
2013-03-26,0.005654032525036887,2.0567141066246846
2013-03-27,-0.004431639067415236,2.0476196585790296
2013-03-28,-0.0007698375328661157,2.046043930717867
2013-04-01,1.6157520406438328e-05,2.046076989981507
2013-04-02,0.007183357548872136,2.0608276086285944
2013-04-03,-0.008051911905734451,2.0443006324405957
2013-04-04,0.0024588167320299024,2.049333377804622
2013-04-05,-0.005430270641795558,2.038235103516396
2013-04-08,0.004185866217512306,2.0467847643642574
2013-04-09,0.00458994705073449,2.0562009915175175
2013-04-10,0.010977419717395367,2.0788971173608473
2013-04-11,0.0014727455729606745,2.0819610595369165
2013-04-12,-0.0016742025824432942,2.0784783511476723
2013-04-15,-0.016671970633716917,2.044113283801703
2013-04-16,0.012878545549703855,2.0706087350703926
2013-04-17,-0.015675408955845897,2.0384041656935925
2013-04-18,-0.008098709195022036,2.021962391573994
2013-04-19,0.008381905762601147,2.0389815165046814
2013-04-22,0.00447096972292768,2.048118150718275
2013-04-23,0.010245260975016667,2.0692095144547036
2013-04-24,-0.0029277993273467357,2.0631601442224627
2013-04-25,0.0026426483682470284,2.0686195614939025
2013-04-26,0.002380238181402849,2.0735492333260903
2013-04-29,0.008289357240042578,2.0908090612841317
2013-04-30,0.0032729295156522964,2.097663342643661
2013-05-01,-0.007978657919916643,2.080993394740057
2013-05-02,0.00847969341726964,2.0987146097789053
2013-05-03,0.006720132117659884,2.112865744726509
2013-05-06,0.0041437930821265805,2.121639188296276
2013-05-07,0.0032549815989904272,2.128556336301405
2013-05-08,0.00587684251186058,2.1411023560498172
2013-05-09,-0.005378620787941951,2.129617093532941
2013-05-10,0.0019118583698347368,2.1336925143701
2013-05-13,0.0008481832521939329,2.1355030443481793
2013-05-14,0.00717858532485564,2.150888090528315
2013-05-15,0.005196091731988208,2.1620933890200438
2013-05-16,-0.002572549016992361,2.1565384460425774
2013-05-17,0.006909815829251821,2.1714913308791663
2013-05-20,0.0012229201866929332,2.1741485158943656
2013-05-21,0.0003329185504909103,2.174872450765817
2013-05-22,-0.004857268528755223,2.1643341257132347
2013-05-23,-0.0036174715421561556,2.156518852891881
2013-05-24,0.002057063364168623,2.160959514613682
2013-05-28,0.004562610551017366,2.170841658338608
2013-05-29,-0.007047211998935955,2.15559705601962
2013-05-30,0.0035814318235950085,2.1633310209822767
2013-05-31,-0.013793105147164668,2.1336968124424893
2013-06-03,0.00776583864711712,2.150331264244653
2013-06-04,-0.0049238340945859105,2.1397694135898644
2013-06-05,-0.01099926321831874,2.116362492016739
2013-06-06,0.005704889440775676,2.1284706109512475
2013-06-07,0.011445013089805625,2.1529709207004495
2013-06-10,-9.671183003105595e-05,2.1527627130109406
2013-06-11,-0.00861350186645672,2.1342995178994366
2013-06-12,-0.006208970033999712,2.1210887711554864
2013-06-13,0.011423363280834996,2.145457661083142
2013-06-14,-0.007582270511395905,2.129251737216307
2013-06-17,0.007850954777016915,2.146034189247786
2013-06-18,0.006241888365918721,2.159471388207055
2013-06-19,-0.013341606164447113,2.1308519108373574
2013-06-20,-0.022875055998752,2.0826618307847906
2013-06-21,-0.00016180777432676853,2.0823248671716774
2013-06-24,-0.010462946955639875,2.0606511955041413
2013-06-25,0.007137865526255354,2.075412465943099
2013-06-26,0.007767521966718999,2.0915960496645267
2013-06-27,0.003638519283606666,2.099220224166464
2013-06-28,-0.0048289793150223265,2.089107569677404
2013-07-01,0.004937333423824611,2.0994476956265444
2013-07-02,0.0011796435963514918,2.101925756983807
2013-07-03,0.0025545002418081437,2.1073019907099235
2013-07-05,0.008566645644703285,2.1254320461345237
2013-07-08,0.007225837359857958,2.140845693608553
2013-07-09,0.005619018491248322,2.15290900539391
2013-07-10,-0.002605238612192958,2.147307463569308
2013-07-11,0.011688015171857746,2.1725524704015067
2013-07-12,0.00057055936574607,2.1737923942525152
2013-07-15,0.002555506060617811,2.179354638037333
2013-07-16,-0.000667549708164404,2.177900295961546
2013-07-17,0.0020225916016005916,2.18230975657507
2013-07-18,0.0038771088206211285,2.1907872324103543
2013-07-19,-0.004466109183038479,2.181024753808238
2013-07-22,0.00350410148293818,2.1886806916401746
2013-07-23,-0.0012627527935387256,2.1859186732228912
2013-07-24,0.001422629294104757,2.1890306382233824
2013-07-25,-0.0015819545976492099,2.1855704288095663
2013-07-26,0.0004399657211929942,2.1865322164407757
2013-07-29,-0.001943447720368965,2.182286931969634
2013-07-30,0.0007518674336544891,2.1839283394277538
2013-07-31,-0.0012608915259289426,2.1811763780183435
2013-08-01,0.007365879405260213,2.19730197687932
2013-08-02,0.0011483316971036255,2.199826657695548
2013-08-05,-0.0008637860897732433,2.1979272984668556
2013-08-06,-0.005196677579578725,2.1865350056275865
2013-08-07,-0.002188409094319436,2.1817552045239177
2013-08-08,0.001591032850373156,2.1852292116226586
2013-08-09,-0.005834076918989846,2.1725175328273774
2013-08-12,0.0016101544521065119,2.17601843934888
2013-08-13,0.0036146070598440006,2.183898123363579
2013-08-14,-0.0026475262693328536,2.1781238428649314
2013-08-15,-0.011202881006062294,2.1538587538701974
2013-08-16,-0.002568601257316022,2.148333448757619
2013-08-19,-0.004720646618823143,2.138215825377781
2013-08-20,-0.0008889740613909788,2.136315851610188
2013-08-21,-0.003426962365279323,2.1290073077913463
2013-08-22,0.004766234856178356,2.139178877420036
2013-08-23,0.006684806110257477,2.1535267764825066
2013-08-26,-0.006670252762949127,2.1392100098597338
2013-08-27,-0.014083144534988894,2.1092943537960225
2013-08-28,0.002457358957298025,2.1144840209959583
2013-08-29,0.0007679370896861732,2.1161084353454136
2013-08-30,-0.0020518531086528183,2.1117709431443052
2013-09-03,-0.0015757339692217091,2.1084459742551642
2013-09-04,0.0063078133094169875,2.121787692129321
2013-09-05,-0.0004201156620684258,2.1208964831068156
2013-09-06,-0.0002914049571683978,2.120278533399174
2013-09-09,0.008950139408362243,2.139340498232602
2013-09-10,0.004312149701956481,2.1485855734729316
2013-09-11,0.0006646147689475064,2.1500140298114183
2013-09-12,-0.0028098993256722546,2.1439811866492082
2013-09-13,0.0012891020686199024,2.1467467794146926
2013-09-16,0.002360421235476281,2.1518199912029448
2013-09-17,0.002699785059630315,2.1576372918634665
2013-09-18,0.01274157530165374,2.1853048799064445
2013-09-19,-0.0009376847062313845,2.1832567133593983
2013-09-20,-0.005947403194742907,2.1703105416195534
2013-09-23,-0.0015451303854731608,2.166959718251939
2013-09-24,-0.006968694527890368,2.151911332621637
2013-09-25,-0.003982527429281508,2.143358329303838
2013-09-26,0.0027870682994984774,2.1493403476324975
2013-09-27,-0.0037526436298439374,2.1412897542202236
2013-09-30,-0.008368159859866124,2.123445863643101
2013-10-01,0.007201884041351251,2.138793875483859
2013-10-02,0.0010673012197043685,2.141077831413523
2013-10-03,-0.00793993440831119,2.124145125114363
2013-10-04,0.0025300944139107786,2.1295262172948504
2013-10-07,-0.006631899513809308,2.115450140564178
2013-10-08,-0.0086287689858526,2.0972749375844644
2013-10-09,0.002409245038128706,2.1023338784885315
2013-10-10,0.017915311647761667,2.140337249776473
2013-10-11,0.005431589136075778,2.151994311856745
2013-10-14,0.005311417926425409,2.163454861965014
2013-10-15,-0.00516596932024608,2.1523073391940537
2013-10-16,0.012931773211715517,2.180321233855039
2013-10-17,0.0035812731622788642,2.188143558354945
2013-10-18,0.011981496615022139,2.214518483004721
2013-10-21,0.0019056904845638693,2.2187426935461843
2013-10-22,0.004421538271807709,2.2285746694920356
2013-10-23,-0.0022015980176838617,2.22367364094441
2013-10-24,0.00211290295294034,2.2283770146830717
2013-10-25,0.002056837409586117,2.2329651407867024
2013-10-28,0.004201325039235966,2.242366287953522
2013-10-29,0.004804134694508843,2.2531648357052907
2013-10-30,-0.0023904218493654697,2.247785253548792
2013-10-31,-0.0042029680884275045,2.2383577095698164
2013-11-01,0.002287537701944289,2.243483898160357
2013-11-04,0.0048006381697035545,2.2542799458203047
2013-11-05,-0.0022588437708254533,2.2491936263701873
2013-11-06,0.009899681122665626,2.2715705052861916
2013-11-07,-0.009880852547590665,2.2492359758799285
2013-11-08,0.011958076165346441,2.276293969336288
2013-11-11,0.0003037297037098225,2.2769854524358135
2013-11-12,-0.0018157826267753204,2.2728546932252143
2013-11-13,0.006530451785561959,2.287746031877163
2013-11-14,0.003939802736425657,2.2967770785432933
2013-11-15,0.005007055969545514,2.3083060088383247
2013-11-18,-0.0014176122399044537,2.3050360443052402
2013-11-19,0.0005931445642964044,2.3064036694650456
2013-11-20,-0.002715197748673376,2.3001498214732785
2013-11-21,0.005504627216357149,2.312846201141478
2013-11-22,0.002379041560938906,2.3183551087398255
2013-11-25,0.001236076593724903,2.3212225450460395
2013-11-26,-0.0004803594829275307,2.320107791547184
2013-11-27,0.0035837566049459753,2.3284374099167637
2013-11-29,0.0009902178889880054,2.3307442122234163
2013-12-02,-0.003553712491548975,2.3224761173192947
2013-12-03,0.0016703954618263702,2.3263588128015233
2013-12-04,0.0009452988889680624,2.328558956935673
2013-12-05,-0.007079899150069377,2.3121312163488326
2013-12-06,0.009605893229493545,2.334448318188817
2013-12-09,0.004741278847819789,2.345542869017229
2013-12-10,-0.005523605985591717,2.332622730114429
2013-12-11,-0.00968869910205889,2.310131780323099
2013-12-12,-0.006466717912710878,2.295241008860205
2013-12-13,-0.0038567792822039463,2.2864058195289156
2013-12-16,0.0056380972797429,2.2993332066486847
2013-12-17,-0.006265107592733104,2.2849726688474714
2013-12-18,0.016742760968633925,2.3235514767444974
2013-12-19,0.00024370555664342483,2.32411780815678
2013-12-20,0.0006526639498469377,2.325635171175569
2013-12-23,0.00824804309142732,2.3448964349536467
2013-12-24,0.002906929349595617,2.351722800296024
2013-12-26,0.00563625548505781,2.3650151351375768
2013-12-27,0.0006056692827011446,2.3664479860311376
2013-12-30,-0.00267726638501263,2.360120847882676
2013-12-31,0.004101459990928142,2.3698206672269966
2014-01-02,-0.0074563457696228096,2.3522161790587144
2014-01-03,-0.0014672857210603779,2.3487673366836788
2014-01-06,-0.00013236457937393248,2.348456463657854
2014-01-07,0.006210161753543456,2.3630861374712793
2014-01-08,-0.001846048549209946,2.3587277898339414
2014-01-09,-0.00281155223122278,2.3521054173889895
2014-01-10,-0.0011857485802671363,2.349318064606069
2014-01-13,-0.010912019674107586,2.323821621501313
2014-01-14,0.010661690726597584,2.3487300358909655
2014-01-15,0.008975926493531154,2.369906963137045
2014-01-16,-0.002955566594740994,2.362912886105693
2014-01-17,-0.005817691805561897,2.349206096768393
2014-01-21,0.0014824127621846565,2.352691172389315
2014-01-22,-0.0028256733181257327,2.3460526193259232
2014-01-23,-0.007130364582689212,2.3293839064425836
2014-01-24,-0.017301033130954664,2.2894297787492675
2014-01-27,-0.005330391062503955,2.27725868986824
2014-01-28,0.0005816775713700401,2.278583705500922
2014-01-29,-0.008985146951084952,2.25820199950102
2014-01-30,0.008101662513830096,2.2765715012645775
2014-01-31,-0.008413949091906816,2.25749690342774
2014-02-03,-0.021164794713592526,2.210219517787419
2014-02-04,0.0051144039037137445,2.2215524289567954
2014-02-05,-0.0006268365904388267,2.2201603149663236
2014-02-06,0.011992989893857643,2.2469469802255624
2014-02-07,0.011557345611640143,2.273066367706429
2014-02-10,0.0027455487787232985,2.2793157573726477
2014-02-11,0.012054707872747558,2.3069585209536068
2014-02-12,-0.0021858366325716995,2.301921393682905
2014-02-13,0.006599871846354348,2.3171640242572296
2014-02-14,0.004847110395836349,2.328422838402286
2014-02-18,-0.0034956393164778713,2.32029772149577
2014-02-19,-0.007641309323312926,2.302635177307767
2014-02-20,0.002913340385863327,2.309353318728373
2014-02-21,-0.003872674138080933,2.300427240906423
2014-02-24,0.00561310748478391,2.313376093924204
2014-02-25,-0.0008049685793940187,2.311514648159464
2014-02-26,-7.34068678805068e-05,2.3113449733368077
2014-02-27,0.006035569787618889,2.3253374410076466
2014-02-28,0.002767151467090897,2.3317809128387377
2014-03-03,-0.0074326547682426036,2.314513839906699
2014-03-04,0.014208037700307192,2.347633263667643
2014-03-05,3.3471099656755265e-05,2.3477118428496273
2014-03-06,0.002925469128807009,2.3545900574659546
2014-03-07,0.0017977305677613848,2.358826783091357
2014-03-10,0.001083293154404006,2.3613834685678143
2014-03-11,-0.0029684428243713958,2.354384230313811
2014-03-12,0.0011686369268105402,2.357137258997426
2014-03-13,-0.010448693938920455,2.3326364766999697
2014-03-14,-0.006262252752643461,2.3180745602914756
2014-03-17,0.010286449472296507,2.3420423776621626
2014-03-18,0.009049191549127943,2.3633321500871842
2014-03-19,-0.0058479460934217214,2.349551843589497
2014-03-20,0.00933293483205938,2.3715827042096533
2014-03-21,-0.0012073935288626958,2.368720998549525
2014-03-24,0.00020395644635569637,2.3692041637374497
2014-03-25,0.005955816780671859,2.383356813111074
2014-03-26,-0.00734151521313052,2.365923434817006
2014-03-27,-0.0021057454146080437,2.3609466441588722
2014-03-28,0.003932090514092379,2.3702483757030692
2014-03-31,0.006099025937617505,2.3847487561745018
2014-04-01,0.004582788722980782,2.3957026363696907
2014-04-02,0.0006465695559993861,2.397252125631906
2014-04-03,-0.0024829620515583366,2.391307223113864
2014-04-04,-0.011972769974828499,2.362847363438418
2014-04-07,-0.007787013177511816,2.3445192929600913
2014-04-08,0.006014493298502901,2.358662879152027
2014-04-09,0.008736372105067175,2.379359309958723
2014-04-10,-0.019529691511530632,2.333341971461706
2014-04-11,-0.008064586720113467,2.3146002066553995
2014-04-14,0.007782846216950374,2.3326846671195907
2014-04-15,0.006919004514239063,2.348880487728322
2014-04-16,0.008855548538969775,2.369773485842248
2014-04-17,-0.00044490457059688336,2.3687193972889125
2014-04-21,0.003195506433022878,2.3763007620596497
2014-04-22,0.002031066658548526,2.381132092023893
2014-04-23,-0.0030561813176946838,2.3738660294671714
2014-04-24,0.007192870681270973,2.391002497146824
2014-04-25,-0.005132499489620951,2.3787621167937183
2014-04-28,0.010010894007428725,2.4026952483582944
2014-04-29,0.0033193030724660423,2.410683772910771
2014-04-30,0.0011098807691148746,2.4133608298029157
2014-05-01,-0.0020624309332619656,2.4083885690091513
2014-05-02,-0.0032247300889731495,2.400634674752107
2014-05-05,-0.0007732065358118061,2.3987792057543107
2014-05-06,-0.01128946670348174,2.3718505588220813
2014-05-07,0.005793138147456281,2.3856308939274524
2014-05-08,-0.0005943555896883195,2.38421340215952
2014-05-09,0.0012284427383700768,2.38714407151132
2014-05-12,0.008189342060171216,2.4067734771140485
2014-05-13,0.003001265291257625,2.414007693285544
2014-05-14,-0.004979949073437672,2.402015941848659
2014-05-15,-0.010147398868900747,2.377764978190382
2014-05-16,0.0028749078377951574,2.384610669012693
2014-05-19,0.00404008774043332,2.394264192753089
2014-05-20,-0.003925620524193988,2.3848836443808565
2014-05-21,0.00888977611632263,2.4061792423462327
2014-05-22,0.0010220486529855801,2.4086397317554757
2014-05-23,0.003708131389699126,2.4175878645240294
2014-05-27,0.005338368941576551,2.4305283503055497
2014-05-28,-0.0028234088840789714,2.4236756535030746
2014-05-29,0.0049843042026195775,2.4357861463668264
2014-05-30,0.0023638745503967904,2.4415508500822503
2014-06-02,-0.0022605592875380013,2.4360378132530975
2014-06-03,-0.0014170150228416047,2.432588355619341
2014-06-04,0.0007022872556902818,2.4342973314455647
2014-06-05,0.010309067878108317,2.4595224682912478
2014-06-06,0.003989642473878299,2.469354684067223
2014-06-09,0.0035648323840835896,2.478173228590464
2014-06-10,0.0015401819206368372,2.4819930070150864
2014-06-11,-0.004154399959552091,2.4717032041447866
2014-06-12,-0.00815039013268151,2.45163973236602
2014-06-13,0.0010145954415772779,2.4541284171535
2014-06-16,6.778420984479809e-05,2.4542947739472325
2014-06-17,0.0007288882645618201,2.456084332720703
2014-06-18,0.007175395782895099,2.473771088735994
2014-06-19,-1.6501555048217637e-05,2.473730268003
2014-06-20,-0.00031470989467035515,2.4729518831000536
2014-06-23,0.0031444055629861445,2.480740084973905
2014-06-24,-0.006206059606471794,2.46539213853432
2014-06-25,0.003100762920655954,2.4730485993627176
2014-06-26,-0.0028964731168733874,2.465895844459789
2014-06-27,0.0030665013840843035,2.473469123280259
2014-06-30,-0.0017749961204701484,2.4690826193477458
2014-07-01,0.007846198679261344,2.488531733161775
2014-07-02,0.0022574043174137946,2.494155700836438
2014-07-03,0.005011518615742564,2.506686581706705
2014-07-07,0.0006825199743158915,2.508398029350233
2014-07-08,-0.0074570031042578075,2.4897624665389233
2014-07-09,0.0036606353280105894,2.498893281077162
2014-07-10,-0.0036221673671331268,2.4898582444662596
2014-07-11,0.001628690774739505,2.4939167577538606
2014-07-14,0.007615263538726572,2.5129810889289987
2014-07-15,-0.000372841167772437,2.5120443207689314
2014-07-16,0.004665459001146547,2.5237915423388566
2014-07-17,-0.01051237233812843,2.497399470632724
2014-07-18,0.010484993333001976,2.5237224443832016
2014-07-21,-0.0026702529290294407,2.5169924565178095
2014-07-22,0.004084296666642062,2.5272936226072025
2014-07-23,0.0037253270672238914,2.5367261767120888
2014-07-24,0.00023756077259086395,2.5373288749283724
2014-07-25,-0.005894462818606031,2.522416677090998
2014-07-28,0.0013312959892604452,2.5257769965900843
2014-07-29,-0.005440858708713724,2.51207191832833
2014-07-30,9.497963639249072e-05,2.512310525336949
2014-07-31,-0.022052095448341896,2.45751521013574
2014-08-01,-0.00398393305027293,2.447744110695209
2014-08-04,0.006647649618489775,2.464070060373448
2014-08-05,-0.009667915822494103,2.4403624248211284
2014-08-06,0.004981005948338293,2.4525482081102647
2014-08-07,-0.004253485048031983,2.442138485471793
2014-08-08,0.008644904117341671,2.4633420578924277
2014-08-11,0.00211405237098997,2.468555200497161
2014-08-12,-0.0007706070792235972,2.4666536471535383
2014-08-13,0.00788867519955336,2.48618923023047
2014-08-14,0.004603114023812409,2.497659822710683
2014-08-15,-0.0006712136846292866,2.4959839217648754
2014-08-18,0.009244300392157487,2.519164526067709
2014-08-19,0.005347811107217781,2.5326726293001087
2014-08-20,0.0001368439390197984,2.5330192339137794
2014-08-21,0.005359588001895649,2.5466316192120555
2014-08-22,-0.001775886924122068,2.542113102793585
2014-08-25,0.0034960092005877205,2.551015906664444
2014-08-26,0.001681299320096102,2.555308535559706
2014-08-27,0.0005209168155719128,2.556639985502078
2014-08-28,-0.0025782805014582734,2.5500567408507293
2014-08-29,0.0036414647151154643,2.559359610249538
2014-09-02,0.0005732823620212955,2.5608272666227245
2014-09-03,-0.004180949035123105,2.550142929232085
2014-09-04,4.207020883707587e-05,2.550250216534466
2014-09-05,0.005072844382449047,2.563220108326962
2014-09-08,-0.0033779098372149776,2.554576388979337
2014-09-09,-0.006341545733653147,2.538427683972767
2014-09-10,0.006618157582598519,2.5552831128171523
2014-09-11,0.0015836524208298266,2.5593329990643396
2014-09-12,-0.003698196156607247,2.5498855636059132
2014-09-15,0.0010897619226022147,2.552665846448161
2014-09-16,0.0056114494785311055,2.567030266797961
2014-09-17,0.0019799218031106474,2.572117820810023
2014-09-18,0.006011944133753963,2.5876278253792346
2014-09-19,0.0018045673625524913,2.5923015898924686
2014-09-22,-0.005496640787470914,2.5780917282694626
2014-09-23,-0.0038361486637540024,2.568220730543555
2014-09-24,0.005423716249327839,2.5821878737234565
2014-09-25,-0.019732522954892272,2.531734218283144
2014-09-26,0.0090125071517818,2.5546546210358865
2014-09-29,-0.004166147590838232,2.5440336923812916
2014-09-30,0.000280173779923337,2.5447465637764117
2014-10-01,-0.012227259213139193,2.5138207422259664
2014-10-02,0.0010922803815077988,2.516568039441608
2014-10-03,0.00983535620965498,2.5414415017068404
2014-10-06,0.0010176436253093214,2.5440290998532187
2014-10-07,-0.013814650741513057,2.509125869420837
2014-10-08,0.01860326605637685,2.556240691534548
2014-10-09,-0.01743727651851953,2.51205319021481
2014-10-10,-0.008242935761535695,2.491431605101705
2014-10-13,-0.01076543835607067,2.4647541068677903
2014-10-14,-0.0024056101593687407,2.458831995349698
2014-10-15,-0.013210953140252947,2.4265621083968867
2014-10-16,-0.006627183250867814,2.4105340058834104
2014-10-17,0.009442401603906959,2.433403035412758
2014-10-20,0.0063146524125165925,2.448817747814822
2014-10-21,0.013069377394707047,2.481032324821463
2014-10-22,-0.003542162753649747,2.472259650821924
2014-10-23,0.010502110170533518,2.4983604106760975
2014-10-24,0.004702892116963181,2.5101376018801083
2014-10-27,-0.0007293217240114863,2.508307571418402
2014-10-28,0.010826913179894752,2.5356123462093683
2014-10-29,0.0016222063463806793,2.5397289707538215
2014-10-30,0.0017437195509679671,2.5441614091559446
2014-10-31,0.011166461474052031,2.5727298971257464
2014-11-03,0.0006864160594661706,2.574496466475226
2014-11-04,-0.000508197793979134,2.5731884454452083
2014-11-05,0.0037344639462611726,2.582815890405839
2014-11-06,0.004776390372243287,2.595181936379709
2014-11-07,0.002297654567744673,2.6011516235231547
2014-11-10,0.0038543176575016,2.611196634050739
2014-11-11,0.0013917062141721756,2.614833182549392
2014-11-12,-0.0004938685012429871,2.6135421176389135
2014-11-13,0.005015814210311929,2.626684090626683
2014-11-14,0.0022319740359386573,2.632553328874696
2014-11-17,-0.0011264809738670532,2.6295894773116433
2014-11-18,0.0023887979586926966,2.6358785439513834
2014-11-19,8.4308753138805e-05,2.63610078095298
2014-11-20,0.0016669435266893145,2.640498676588951
2014-11-21,0.0032336680025425992,2.649050992893633
2014-11-24,0.0016620407912673696,2.6534574845720607
2014-11-25,-0.0032848516009758694,2.6447555705784502
2014-11-26,0.00391848910571461,2.655139347540971
2014-11-28,-0.0009614964642822507,2.6525876673584508
2014-12-01,-0.006847047438846412,2.634487311477145
2014-12-02,0.005601160920837044,2.6492849020084837
2014-12-03,0.00014410213463295247,2.649666697126199
2014-12-04,-0.00042468227955898833,2.6485416695397404
2014-12-05,-0.001112396846288056,2.6455970782199736
2014-12-08,-0.008250043374247824,2.623860574411377
2014-12-09,-0.0007000208824360838,2.6220244599509
2014-12-10,-0.016168949645947072,2.5799699830523117
2014-12-11,0.003272211004823013,2.5884260166409
2014-12-12,-0.017666812494677483,2.543098356140208
2014-12-15,-0.006307420235541335,2.527108446658278
2014-12-16,-0.012608308626466874,2.495445908404265
2014-12-17,0.02002466263823289,2.545920048049165
2014-12-18,0.027567062094924343,2.617079911899389
2014-12-19,0.0025409137918182678,2.6237381417535954
2014-12-22,0.006905501005092466,2.6419190700901884
2014-12-23,0.004028049454067547,2.6525823123740357
2014-12-24,-0.0025783940217183592,2.645751719761487
2014-12-26,0.003198407171093033,2.6542274582408396
2014-12-29,-0.001545699209041605,2.650127990046592
2014-12-30,-0.003520542389924155,2.640814505996052
2014-12-31,-0.010783377748072831,2.6124905937986638
2015-01-02,-0.002241032827542124,2.606642471980353
2015-01-05,-0.018059871073080633,2.559989387369229
2015-01-06,-0.00838702682417202,2.538608474185559
2015-01-07,0.009389585391722624,2.5625572136454093
2015-01-08,0.01953134231211153,2.6130993671332075
2015-01-09,-0.008346584435741256,2.5913796813147822
2015-01-12,-0.009618712421747258,2.566573438696728
2015-01-13,-0.0009721977877689683,2.564079434206742
2015-01-14,-0.007518142312277946,2.5448746029064035
2015-01-15,-0.01236839701018516,2.513592437385047
2015-01-16,0.01107114229861155,2.541575392758052
2015-01-20,0.003058766812230922,2.5493613809107747
2015-01-21,0.0030802478757347936,2.557226152393268
2015-01-22,0.01914268235399372,2.6066498622899523
2015-01-23,-0.006963315715217888,2.588561985225776
2015-01-26,0.0005713015323265167,2.5900412571693874
2015-01-27,-0.02355668292545413,2.529741496108941
2015-01-28,-0.009476886527360555,2.5058806647831346
2015-01-29,0.010714770665885113,2.5328749620152813
2015-01-30,-0.014720582898783013,2.4958626558894395
2015-02-02,0.01377768876990406,2.530487854656024
2015-02-03,0.011925125675729084,2.5608448863006705
2015-02-04,0.00031849180325130326,2.561660624302393
2015-02-05,0.009771523510261051,2.5868146477362934
2015-02-06,0.0008251200293674803,2.5889499611381828
2015-02-09,-0.002859137017565326,2.581558370288491
2015-02-10,0.010599068108760627,2.609066003402994
2015-02-11,0.001245902392455253,2.612318670811008
2015-02-12,0.00959913440581396,2.637515408804478
2015-02-13,0.003975669466367523,2.648022170148362
2015-02-17,0.0008953783627803737,2.6503942136834313
2015-02-18,-0.0037984492314936708,2.6403459218640544
2015-02-19,-0.003079232227136288,2.6322281882183285
2015-02-20,0.004382429353960009,2.6437890561372983
2015-02-23,0.0001608935108086683,2.644214458861729
2015-02-24,0.0036693792695645312,2.653934907681434
2015-02-25,-0.0017442986880741667,2.6493096875591426
2015-02-26,0.0024451260496920818,2.6557955097849675
2015-02-27,-0.004606061764334479,2.64359088084838
2015-03-02,0.006329309939184846,2.660376050120342
2015-03-03,-0.0027088905743244984,2.6531791347430933
2015-03-04,-0.0041456140971191085,2.6422028453698774
2015-03-05,-0.0010480997753746053,2.6394350039015375
2015-03-06,-0.011775484390636267,2.608536656750095
2015-03-09,0.002598249338122137,2.6153230980073343
2015-03-10,-0.019310445379682423,2.5653045387900537
2015-03-11,-0.002691004735694112,2.5584105721363533
2015-03-12,0.010803798571430677,2.586200975267315
2015-03-13,-0.004498527936180588,2.574593006892133
2015-03-16,0.011162719554059916,2.603493470380652
2015-03-17,-0.0009549259869398937,2.601008513472754
2015-03-18,0.011734488279646724,2.6317097970235057
2015-03-19,-0.007635604729559093,2.6116916239380363
2015-03-20,0.006681954438956258,2.62920126253323
2015-03-23,0.0019650571950982406,2.6343728729825346
2015-03-24,-0.005004387677741753,2.6212223823599663
2015-03-25,-0.015447892551513485,2.5810411771721107
2015-03-26,-0.0012036065892204175,2.577936487791321
2015-03-27,-0.0016333971717996739,2.5737291307011003
2015-03-30,0.013046140773019447,2.60752634550202
2015-03-31,-0.009319105208501566,2.5833394085037065
2015-04-01,-0.00461107643117559,2.571454854394569
2015-04-02,0.0016071731536684835,2.575590950423375
2015-04-06,0.007094385724417347,2.593928154784722
2015-04-07,-0.001039377203761358,2.5912334856238814
2015-04-08,-5.282359210083232e-05,2.5910966109783358
2015-04-09,0.0037327246039815724,2.6007865347067893
2015-04-10,0.003990125901140527,2.6111847316839074
2015-04-13,-0.0015447820713923712,2.607154134324113
2015-04-14,-0.00033541055093792247,2.6062798139558745
2015-04-15,0.006580720504682076,2.6234875705872525
2015-04-16,-0.0016055413342723748,2.6192788324083747
2015-04-17,-0.011968910156679285,2.5881157852642045
2015-04-20,0.012131148236185487,2.619703813648974
2015-04-21,-0.0037664142532096677,2.609855481956752
2015-04-22,0.007675115462053588,2.6299634910567105
2015-04-23,0.0022315722673515227,2.6358389980184023
2015-04-24,0.008189390648886984,2.657513542782352
2015-04-27,0.000970438485016217,2.66009374796143
2015-04-28,0.002493401716495474,2.6667347061262814
2015-04-29,-0.002454757736408038,2.6601965465575175
2015-04-30,-0.011585921914034375,2.6295535734157176
2015-05-01,0.010587895846840749,2.657542925471965
2015-05-04,0.0038027438152051746,2.667668119954211
2015-05-05,-0.01113661306799982,2.638124147549566
2015-05-06,-0.007584849150442947,2.618190067910871
2015-05-07,0.0038318100960740864,2.62824172076013
2015-05-08,0.014457953296273867,2.6665167393011355
2015-05-11,-0.007629516930107943,2.646249916039907
2015-05-12,-0.0033098493247764524,2.637505706532887
2015-05-13,0.0012315954006812309,2.64075604757201
2015-05-14,0.013377577461999994,2.676320317666701
2015-05-15,-0.001817142589586941,2.6714614779733568
2015-05-18,0.0028758643794302968,2.679155296765879
2015-05-19,1.0532239374488696e-05,2.679183514419383
2015-05-20,-0.0010765991266576463,2.6763006599053814
2015-05-21,0.0017712544534450967,2.6810452700834952
2015-05-22,-0.002497153585403523,2.674358640519865
2015-05-26,-0.011675451439876557,2.64331586790694
2015-05-27,0.0100800860325688,2.6700954628253712
2015-05-28,-0.0010517418368415142,2.6672886879787523
2015-05-29,-0.007226987214685695,2.6480817146055835
2015-06-01,0.0024379239955124015,2.6545454123602252
2015-06-02,-0.0011163329691489898,2.651583709229302
2015-06-03,0.003166048903152394,2.659992056519204
2015-06-04,-0.008441563400955887,2.6376320743126347
2015-06-05,-0.0019620523382052387,2.6324619757944365
2015-06-08,-0.00679171155450845,2.6146436304004723
2015-06-09,0.0008794242084418978,2.6169440226675613
2015-06-10,0.012284880499485715,2.6492911507479486
2015-06-11,5.672988320558539e-05,2.649441448988669
2015-06-12,-0.00738744339820551,2.629940968281512
2015-06-15,-0.005680834069372609,2.6150430663481403
2015-06-16,0.0069792548287771,2.633357956094635
2015-06-17,0.0012149488497166252,2.6365592956523995
2015-06-18,0.008272723559532772,2.6584612915217547
2015-06-19,-0.008074585637956393,2.6370817497886323
2015-06-22,0.006401898088772076,2.6540182333793854
2015-06-23,0.001872404102425709,2.658992283269979
2015-06-24,-0.00418293604033835,2.64789311834925
2015-06-25,-0.004069953588791275,2.6371382170698308
2015-06-26,-0.0015249638836241236,2.633119741326614
2015-06-29,-0.019141556714369616,2.5831970537336293
2015-06-30,0.0010452251802233546,2.5858984878972335
2015-07-01,0.007363982809806494,2.605011286699882
2015-07-02,6.73817583211319e-05,2.605186822854727
2015-07-06,-0.0027118762774356597,2.5981314494853014
2015-07-07,0.003449308055338508,2.6071086789370543
2015-07-08,-0.014829513746194409,2.56873178359378
2015-07-09,0.00048629336473373426,2.5699812445935963
2015-07-10,0.013031559411285537,2.603691277963583
2015-07-13,0.014322176001632395,2.641250122875666
2015-07-14,0.0042090831103819394,2.6523907937151985
2015-07-15,0.003780474378759916,2.66243706702763
2015-07-16,0.010966950198724469,2.691796579640398
2015-07-17,0.012312570323899439,2.7251443916739984
2015-07-20,0.003644304717418194,2.735093766501599
2015-07-21,-0.002942904980064089,2.727056477724508
2015-07-22,-0.007693630096591055,2.7061560172331234
2015-07-23,-0.006371921938471872,2.6889674226860265
2015-07-24,-0.009801248955449007,2.662740919738114
2015-07-27,-0.007802449536803695,2.642045859154968
2015-07-28,0.009968550327492337,2.668514936242979
2015-07-29,0.007279365987536784,2.6880109061677544
2015-07-30,-0.0020485956940071103,2.6825098951974895
2015-07-31,-0.007901672740652416,2.6613971029201897
2015-08-03,-0.003432572045037606,2.6522773267228947
2015-08-04,-0.0042881522458727605,2.640928308297765
2015-08-05,0.002444508634728685,2.647391977379836
2015-08-06,-0.005290133670311184,2.6334238990179193
2015-08-07,-0.003535569129429696,2.624129686622725
2015-08-10,0.012826760383853534,2.658005563755253
2015-08-11,-0.01045195449352906,2.6303688907766083
2015-08-12,0.002383491517799249,2.6366458302608424
2015-08-13,-0.0019519171235398774,2.6315043356341636
2015-08-14,0.0035432509640664724,2.6408449542139083
2015-08-17,0.0035849862519589603,2.6503293376024764
2015-08-18,-0.004154334902771458,2.6393418206463606
2015-08-19,-0.008903865798851586,2.6159457874153857
2015-08-20,-0.021500228420253873,2.560302668779626
2015-08-21,-0.0394405098069606,2.4612884467893563
2015-08-24,-0.03879961154119916,2.367620305364086
2015-08-25,-0.010852982437827447,2.342063498413985
2015-08-26,0.04727640677871923,2.455446907729576
2015-08-27,0.023418393632356673,2.513628126337849
2015-08-28,-0.0007981342691265101,2.5116227139909943
2015-08-31,-0.006554150498582431,2.4952149888132764
2015-09-01,-0.033106917474281225,2.4139586079860846
2015-09-02,0.021589509550351688,2.4666414423819303
2015-09-03,-0.0018057534702130952,2.4621913151631394
2015-09-04,-0.01570611511169518,2.4238219604405415
2015-09-08,0.025328582246114926,2.4859980261268158
2015-09-09,-0.014805152180007141,2.4494635635079276
2015-09-10,0.008204298260858568,2.4696423563927947
2015-09-11,0.005682695789915227,2.4837165343752456
2015-09-14,-0.00154886283770968,2.4798725757865143
2015-09-15,0.012521146648851945,2.5111186339905136
2015-09-16,0.0056921431796913,2.5254530388353023
2015-09-17,-0.0074794751665135635,2.506634439898795
2015-09-18,-0.015170011736613758,2.468895738030106
2015-09-21,0.00867705128590122,2.4904116854615435
2015-09-22,-0.011649697341541821,2.461567482404173
2015-09-23,0.0003504680998714422,2.4624303344746674
2015-09-24,0.0007509136817936951,2.4642801015240616
2015-09-25,0.0009656090244584727,2.46666078184711
2015-09-28,-0.017103581159788727,2.424830790015551
2015-09-29,-0.0022532853209898704,2.419373105559849
2015-09-30,0.01589104379938535,2.4581265705363373
2015-10-01,4.521654318219739e-05,2.458237721035463
2015-10-02,0.011456172009520373,2.486561647315849
2015-10-05,0.016588637816189383,2.528154347212366
2015-10-06,0.00015540166255521336,2.528547257129756
2015-10-07,0.004908815714026725,2.540989944082438
2015-10-08,0.003624365374368333,2.550216129486232
2015-10-09,0.0017489886321224177,2.554680331287275
2015-10-12,0.0008226089259553988,2.556782698725311
2015-10-13,-0.001790002259464567,2.5522101455787776
2015-10-14,-0.008131428675265564,2.531541178816334
2015-10-15,0.016649349249877217,2.5740425201008206
2015-10-16,0.003671769946642406,2.583511184808802
2015-10-19,0.0004587444902446097,2.5846966282173454
2015-10-20,-0.00043972629935495834,2.5835603189849006
2015-10-21,-0.0059418098585163935,2.5682548110506374
2015-10-22,0.019681936982348547,2.6193037636010463
2015-10-23,0.02260342979225783,2.6791832032608993
2015-10-26,-0.002924713269169092,2.671358808229228
2015-10-27,-0.002948499599762729,2.663493908377264
2015-10-28,0.016031313284566515,2.7065373129527055
2015-10-29,-0.00011659520662593128,2.7062217620716784
2015-10-30,-0.009670403393644318,2.6801776375180895
2015-11-02,0.015101591628167772,2.7209597480256407
2015-11-03,0.006076730810354052,2.737544627849992
2015-11-04,-0.0018489736631016225,2.7324876564756657
2015-11-05,0.0017568025936133178,2.7372923170619274
2015-11-06,0.003655183486754711,2.7473159306511805
2015-11-09,-0.009930193556293094,2.7201695591333883
2015-11-10,-0.0011268468495937282,2.7171060710004578
2015-11-11,-0.0022693540276737087,2.710946986609358
2015-11-12,-0.012941800763396499,2.676088503139049
2015-11-13,-0.015255519166068012,2.635573210362268
2015-11-16,0.015392858692529087,2.676456061106379
2015-11-17,-0.001640925019375004,2.6720677987818373
2015-11-18,0.0183071466197365,2.7214362547137956
2015-11-19,0.0016604344989095568,2.7259587749929874
2015-11-20,0.0018659209135631892,2.7310499468656495
2015-11-23,-0.003693367728729604,2.7209817792939033
2015-11-24,0.001512771858848797,2.7251011189830536
2015-11-25,-0.002111309602554413,2.7193536562942
2015-11-27,-0.00041817607228278086,2.718216725398279
2015-11-30,-0.003202587532919052,2.70952532331838
2015-12-01,0.011842545822694178,2.7418037532681936
2015-12-02,-0.01020139606979411,2.7139757110106717
2015-12-03,-0.013163621511036765,2.67848407370147
2015-12-04,0.02311391552154119,2.741115367130785
2015-12-07,-0.005881015177028631,2.725042135839446
2015-12-08,-0.007832506798543692,2.703781595140098
2015-12-09,-0.008869555820241858,2.6799062915455956
2015-12-10,0.0025405671638600775,2.686723429503785
2015-12-11,-0.01846352682360726,2.637572188329818
2015-12-14,0.009976858369778215,2.6640185790728834
2015-12-15,0.011641952069595575,2.695214192258927
2015-12-16,0.013750441734840479,2.732530548198666
2015-12-17,-0.01506865268304075,2.6916636720843687
2015-12-18,-0.02257770085461252,2.631573002073449
2015-12-21,0.007412656254868815,2.6511524262647708
2015-12-22,0.007179178245010054,2.670254006871411
2015-12-23,0.009738078751234797,2.69638417299015
2015-12-24,-0.0029702472726096827,2.6883871277347535
2015-12-28,-0.0007460448378834253,2.6863822183650092
2015-12-29,0.010608835471874216,2.715033313997373
2015-12-30,-0.007498650284314358,2.694750371055362
2015-12-31,-0.011952880106923483,2.66273207955891
2016-01-04,-0.018485123775824324,2.613963284773126
2016-01-05,0.0006668189138017944,2.6157069062066634
2016-01-06,-0.010317801840340781,2.5888573132593558
2016-01-07,-0.025291238738850252,2.524202945704535
2016-01-08,-0.009532713811342828,2.500254768334523
2016-01-11,0.004051275615645948,2.5104045353800477
2016-01-12,0.0092540949032084,2.533743882902831
2016-01-13,-0.023937401410149793,2.473812797410403
2016-01-14,0.020396070767602824,2.5247869271816015
2016-01-15,-0.025740112544195667,2.460627900173103
2016-01-19,0.0004714307526271332,2.461788189312519
2016-01-20,-0.012339802108380118,2.431596870775228
2016-01-21,0.005393651139249344,2.4447474890502114
2016-01-22,0.025288535945324254,2.5073599254911123
2016-01-25,-0.01430077352886079,2.471757913944983
2016-01-26,0.014135905425983999,2.5069465758919858
2016-01-27,-0.015870831083269005,2.467473315526055
2016-01-28,0.02260525229403551,2.5238863859733445
2016-01-29,0.022503301162531936,2.5813260282760497
2016-02-01,-0.0030594000235242545,2.5734407875676624
2016-02-02,-0.017524081040133064,2.5287364479179533
2016-02-03,-0.00046829332069397896,2.5275525347605456
2016-02-04,-0.00034600921156704935,2.5266781295856453
2016-02-05,-0.021329847571556287,2.4733551770897955
2016-02-08,-0.007251740709247407,2.455483923828404
2016-02-09,-0.0023110193560271957,2.4498158050408336
2016-02-10,-0.0012479449021495586,2.4467604767329427
2016-02-11,-0.007513145947723325,2.428446492139623
2016-02-12,0.017330711264626764,2.4709000093576186
2016-02-16,0.012285162312981936,2.501442643503871
2016-02-17,0.014785565668650453,2.538702664427728
2016-02-18,-0.008497237402219032,2.5172220971808605
2016-02-19,0.002180991775717538,2.522718129094075
2016-02-22,0.01396119261607258,2.5581852886454888
2016-02-23,-0.01570268138244216,2.5183286670203437
2016-02-24,0.003846877931081327,2.5280350276149575
2016-02-25,0.009855866225899186,2.5530741912976147
2016-02-26,-0.004364573997385431,2.5419553921303755
2016-02-29,-0.007683826647410278,2.5224982957603332
2016-03-01,0.027811499762265414,2.5936374139692973
2016-03-02,0.004609942355758984,2.6056215347690315
2016-03-03,-0.000907406388511335,2.6032582495345573
2016-03-04,0.0017166628523763942,2.607731004274222
2016-03-07,-0.004576592190334178,2.595823751029977
2016-03-08,-0.006839079798748546,2.5781312743439586
2016-03-09,0.007184353092261746,2.596720174392493
2016-03-10,-0.0013893687680763497,2.5931148776060913
2016-03-11,0.013225328954662444,2.627637457928252
2016-03-14,0.00028177167899251396,2.628377956067359
2016-03-15,0.004160401798009533,2.6393358432426006
2016-03-16,0.0026309382877458868,2.6462889155081597
2016-03-17,0.004023428030365021,2.656957516289058
2016-03-18,0.0006858735121624959,2.658780478161589
2016-03-21,0.002443040697261195,2.665283927936433
2016-03-22,0.00021399343339256367,2.6658543422254177
2016-03-23,-0.002490934776011471,2.65922213656172
2016-03-24,0.0011864853856663016,2.6623791372612318
2016-03-28,-0.0010714618892496573,2.6595280271815827
2016-03-29,0.010156706948377999,2.6866777162992417
2016-03-30,0.005300691525505253,2.700956777116517
2016-03-31,-0.004535420675009568,2.688734539353186
2016-04-01,0.007004540210375584,2.70763400230031
2016-04-04,-0.002611898429819577,2.700571165023203
2016-04-05,-0.009194919339556169,2.675853443865808
2016-04-06,0.011272007787943057,2.7061863197618545
2016-04-07,-0.012655637642799889,2.6721536133418953
2016-04-08,0.000919262645335287,2.6746111537307167
2016-04-11,-0.002971207269340361,2.6666761237750207
2016-04-12,0.0107921708462093,2.6956112034149595
2016-04-13,0.010551981003443341,2.7242058413438324
2016-04-14,0.002541146831933538,2.731137251522684
2016-04-15,-0.0029336562225104456,2.7231367747922963
2016-04-18,0.006659241121381716,2.7413313128530636
2016-04-19,0.003991992431616498,2.7522965587339643
2016-04-20,0.00037992882656950373,2.7533424342024344
2016-04-21,-0.0043673269027567916,2.7413439075323964
2016-04-22,-0.010608638415895941,2.7124156970121085
2016-04-25,0.00048530066482334707,2.713732353614467
2016-04-26,-0.004963176826515655,2.7002969887090917
2016-04-27,-0.005719436382747891,2.6848968937798374
2016-04-28,-0.007634213329903193,2.664477858928365
2016-04-29,0.0017288280041729141,2.6690882670203724
2016-05-02,0.010100152042602823,2.6961830647860006
2016-05-03,-0.007627269882752392,2.6756967754425776
2016-05-04,-0.0032187484896609255,2.6670982261951908
2016-05-05,-0.0004618731539405817,2.6658666495635743
2016-05-06,0.006869460967789764,2.68424276118562
2016-05-09,-0.00039928050655898666,2.6831712093153293
2016-05-10,0.012541818627329504,2.7170349686439836
2016-05-11,-0.007819791425828186,2.6958711779525193
2016-05-12,0.000886099304243251,2.6982610462015573
2016-05-13,-0.009763374797904314,2.6720450986151882
2016-05-16,0.009009459189304243,2.6962275517206806
2016-05-17,-0.009915078815859612,2.669626337534906
2016-05-18,0.003899327706485141,2.6800564073934554
2016-05-19,-0.0008712323867836598,2.6777224723004784
2016-05-20,0.00515494960536037,2.691561636152202
2016-05-23,-0.0033227085993314323,2.682633202663943
2016-05-24,0.013693782369262348,2.719621273214527
2016-05-25,0.008352318697559532,2.742431543542873
2016-05-26,0.00040000172253805346,2.7435287403099022
2016-05-27,0.004148264304352245,2.7549332607797115
2016-05-31,-0.002090535753317142,2.7491799901043836
2016-06-01,-0.0004927586717536685,2.7478256415349533
2016-06-02,0.0006280053847583319,2.7495518328061883
2016-06-03,-0.004991131269317414,2.7358626493506972
2016-06-06,0.004359018989063866,2.747814356525378
2016-06-07,0.000873608808512123,2.7502159202122525
2016-06-08,0.003637897713963147,2.7602391451005572
2016-06-09,-0.0006961820163063428,2.7583181849935596
2016-06-10,-0.007052203611481793,2.7389343930867507
2016-06-13,-0.008861866959796093,2.71476955183171
2016-06-14,0.00021687510963417413,2.71535838162485
2016-06-15,-0.0029450835569166233,2.707373188605962
2016-06-16,0.0038871063467527662,2.717917516295255
2016-06-17,-0.009602046628628161,2.691944840547724
2016-06-20,0.004065054241736304,2.7029100142536064
2016-06-21,0.006305383790432874,2.720006743319558
2016-06-22,-0.0026665994425554953,2.7127632369113814
2016-06-23,0.011624009040437182,2.744480404495047
2016-06-24,-0.032915594076460795,2.655614757542125
2016-06-27,-0.01350232863400585,2.619998764882104
2016-06-28,0.018526675773974387,2.6689910634167737
2016-06-29,0.014249807395954557,2.7072959424153553
2016-06-30,0.010138441833066381,2.7348833150349057
2016-07-01,0.0011729104891685105,2.738092970312968
2016-07-05,-0.003783658812290969,2.727752535392027
2016-07-06,0.006523145398765323,2.745604223068217
2016-07-07,-0.0020081932087203927,2.740096051900714
2016-07-08,0.011907703918164158,2.7729193415585733
2016-07-11,0.004560833648406268,2.785595049320619
2016-07-12,0.004309879565737598,2.7976265370097777
2016-07-13,-0.0004940301583190348,2.7962447664750427
2016-07-14,0.005807694828750054,2.812531751886643
2016-07-15,-0.001478985594031874,2.8083751324906308
2016-07-18,0.005844088462781569,2.824835576498766
2016-07-19,0.0008333810097925725,2.8271907220544885
2016-07-20,0.004763161316245723,2.840689209751841
2016-07-21,-0.0041049137669218584,2.829052326049668
2016-07-22,0.0027586675748444826,2.8368675157680205
2016-07-25,-0.005166719731403179,2.822248016349252
2016-07-26,-0.0032558139844063847,2.8130742439421508
2016-07-27,0.004737856202945476,2.8264338080545257
2016-07-28,0.003233884783896676,2.835588964721278
2016-07-29,0.0029106306605068202,2.8438543397944485
2016-08-01,0.0003504528871960754,2.844851151416148
2016-08-02,-0.004582343138530465,2.8318448895982553
2016-08-03,0.001935588314435348,2.8373314836555656
2016-08-04,0.0024016830063201943,2.8441540439973516
2016-08-05,0.009255194281401974,2.8705994320703265
2016-08-08,0.0007684044835934905,2.872806061227825
2016-08-09,0.0023637607142457545,2.8796047193699668
2016-08-10,-0.0032929764436179475,2.870137844514753
2016-08-11,0.002486710689361711,2.8772839284118024
2016-08-12,-0.0001432611249336498,2.8768717550043825
2016-08-15,0.001438972356315503,2.8810144738466055
2016-08-16,-0.004297323120659722,2.868660387499525
2016-08-17,0.004050630076726626,2.880303835274837
2016-08-18,0.0006192429804084313,2.8820879955636287
2016-08-19,-0.0035413742172675407,2.8718994947394205
2016-08-22,-0.001535803600595762,2.867492206385798
2016-08-23,0.0011208471506268442,2.8707080287407627
2016-08-24,-0.0021597273083848504,2.864514772496341
2016-08-25,-0.0008027496828594326,2.862216206881017
2016-08-26,0.00021226276610153267,2.8628238132940975
2016-08-29,0.0057432828010054405,2.879313126131325
2016-08-30,-0.0013251427481808112,2.8755001521478682
2016-08-31,-0.0011179272467929855,2.8722873483546776
2016-09-01,0.0010397678302872882,2.8752754135166487
2016-09-02,0.003951569383466625,2.8866597419778754
2016-09-06,0.005386086224352089,2.902249486414318
2016-09-07,-0.0005259115753939079,2.900723561100795
2016-09-08,-0.002960305030356342,2.8921492321274838
2016-09-09,-0.02171534582181663,2.83002220764068
2016-09-12,0.013781753004101432,2.8692948762033033
2016-09-13,-0.011484170841302913,2.836531891588485
2016-09-14,0.0016513339975008795,2.8412198227408108
2016-09-15,0.010744750613214506,2.8719126191059097
2016-09-16,-0.0036713085337595147,2.861388272681631
2016-09-19,-0.002963810499764374,2.8529202151328312
2016-09-20,0.0011552451655599684,2.8562179418937808
2016-09-21,0.006385067944570093,2.87451343434094
2016-09-22,0.0060590998834558615,2.8919832706504947
2016-09-23,-0.005783887017481769,2.875304646292346
2016-09-26,-0.0094004612768375,2.848402102577531
2016-09-27,0.008822458393464955,2.87364319212512
2016-09-28,0.006625032385057041,2.8927443744475863
2016-09-29,-0.010888689500805402,2.8614170454508825
2016-09-30,0.008168739317681563,2.88488694460963
2016-10-03,-0.0028198690560668205,2.876763400232953
2016-10-04,-0.0015970393014881892,2.872172762711683
2016-10-05,0.005441234604358236,2.8878435240184834
2016-10-06,-0.0003133363222870142,2.8869387994982563
2016-10-07,-0.0004440004579254813,2.8856572818675366
2016-10-10,0.007054041625592828,2.906084791999254
2016-10-11,-0.008003601550542291,2.882918477890576
2016-10-12,0.001304357956619518,2.8866812890383398
2016-10-13,-0.005433888506060438,2.8710379254000786
2016-10-14,0.0015535588261941322,2.8755017181939717
2016-10-17,-0.001823306716037203,2.870263573422644
2016-10-18,0.0037761610041778296,2.8811226406898545
2016-10-19,0.0024850609133302403,2.888291309550945
2016-10-20,-0.003501794698289058,2.8781947946346773
2016-10-21,0.0024282046540055014,2.8851921326764143
2016-10-24,0.008258737831410437,2.909118844315953
2016-10-25,-0.0006673516111743446,2.9071780868239485
2016-10-26,-0.0030537499884842126,2.8983138332704317
2016-10-27,-0.0024832903725951266,2.8911254075997332
2016-10-28,-0.0045838159565153086,2.8779033477197418
2016-10-31,-0.0014636576703575893,2.873694163564084
2016-11-01,-0.005668849544208409,2.8574497108962453
2016-11-02,-0.008846257380212733,2.832283453017795
2016-11-03,-0.0057639414565917825,2.8160052952477708
2016-11-04,-0.0051295053959322335,2.8015975647476226
2016-11-07,0.02158836872715048,2.8627370624851074
2016-11-08,0.00545588112377104,2.878398500208853
2016-11-09,0.008890114277320883,2.904101875496415
2016-11-10,-0.003651026692488253,2.893518254329597
2016-11-11,-0.0016155944209970876,2.888847276599624
2016-11-14,-0.007838892419210739,2.8662904393992616
2016-11-15,0.011420822730842951,2.8992134806522167
2016-11-16,0.001415494875142578,2.90332020831631
2016-11-17,0.004305207533263576,2.9158465492495296
2016-11-18,-0.003250763514186683,2.906383211544351
2016-11-21,0.010376342834964119,2.9366978456817283
2016-11-22,0.0009161682212651433,2.9393895877794054
2016-11-23,-0.0011276263026089946,2.936076922841684
2016-11-25,0.004125841583494397,2.948215735291396
2016-11-28,-0.0047935413669991924,2.934117159255619
2016-11-29,0.0007577761887923441,2.936341406008209
2016-11-30,-0.004201093626575227,2.9240314366140363
2016-12-01,-0.002263737163187946,2.917419684442692
2016-12-02,-0.0006674574129186232,2.9154730807575135
2016-12-05,0.008871295244254507,2.9414521669263576
2016-12-06,0.0036205803822558316,2.952121233388931
2016-12-07,0.01307657712781405,2.9909783799221805
2016-12-08,0.0020133981858672114,2.997006476809575
2016-12-09,0.009339102785500075,3.02512693387894
2016-12-12,0.0007596397198509533,3.0274258135050953
2016-12-13,0.0083380379082455,3.0527741354800866
2016-12-14,-0.006029573066545361,3.0344225923582626
2016-12-15,0.0033469828074696247,3.0445957678302777
2016-12-16,-0.002310086843177095,3.0375706046968323
2016-12-19,0.00359423114007982,3.0485079795064554
2016-12-20,0.003649508320897625,3.0596538608664563
2016-12-21,-0.002257803308310403,3.052753556952902
2016-12-22,-0.0018421090300604426,3.047135228434692
2016-12-23,-0.00032345827145516254,3.0461497667272748
2016-12-27,0.0020052487844959654,3.0522641832587056
2016-12-28,-0.0058399068141639365,3.0344911916751642
2016-12-29,-0.0019219931462613334,3.0286645216060144
2016-12-30,-0.0051663764205090905,3.013057650834678
2017-01-03,0.008770776224765027,3.03960073682084
2017-01-04,0.0011735695581129692,3.0431700137020834
2017-01-05,0.0023659169920965976,3.0503784252365462
2017-01-06,0.004025990167401523,3.0626839731695927
2017-01-09,-0.0022553897902397764,3.055784210757424
2017-01-10,-0.0016158764072592329,3.0508504284103646
2017-01-11,0.003931109513730477,3.062867259819302
2017-01-12,-0.001854968674329892,3.0571910032653773
2017-01-13,0.0019109016691530331,3.0630385799490685
2017-01-17,-0.0041528332262666685,3.050344667654581
2017-01-18,0.0005622825688138813,3.0520603055815263
2017-01-19,-0.00376566567806636,3.0405888791753837
2017-01-20,0.004898070613116994,3.0555184313634483
2017-01-23,0.00117683805377752,3.0591163984245227
2017-01-24,0.0033986322055033673,3.0695308974379056
2017-01-25,0.010123361270956727,3.1007626862603472
2017-01-26,0.0011074696417403464,3.1041985890294517
2017-01-27,-0.00047733137438830313,3.102717211232753
2017-01-30,-0.007542419852694183,3.079403247715906
2017-01-31,-0.003992052481299785,3.0671346131497064
2017-02-01,0.005299935980041284,3.083433383309002
2017-02-02,-0.0010086194803040703,3.080324940214028
2017-02-03,0.005527523672895863,3.0973986534464992
2017-02-06,-0.00091429208297343,3.09456802058963
2017-02-07,0.0011041962670553058,3.0979869182657658
2017-02-08,0.0011278440719415838,3.101482935557086
2017-02-09,0.005706322888894737,3.1192315902378707
2017-02-10,0.0006494773976926391,3.121258118674871
2017-02-13,0.005941093560444582,3.1398569993228462
2017-02-14,0.005299836689054248,3.156541903225014
2017-02-15,0.005565181409556903,3.1741576033617993
2017-02-16,0.0008243448588106841,3.176775282650181
2017-02-17,0.0018395496287942528,3.182624496752508
2017-02-21,0.005817152104598287,3.2011922609362693
2017-02-22,0.0005391115781230642,3.2029185260308775
2017-02-23,0.0018634731576459979,3.2088926433050777
2017-02-24,-0.0005714019698464081,3.207059599479968
2017-02-27,0.0008344981454798771,3.209737001756419
2017-02-28,-0.0016987166435795107,3.2042891965387525
2017-03-01,0.016035382394919098,3.256085375000358
2017-03-02,-0.005717572719361694,3.237521590553905
2017-03-03,0.0010901018055698183,3.2410527429934852
2017-03-06,-0.0024241551494387542,3.2332054436753865
2017-03-07,-0.0012715751268940563,3.2290967928357843
2017-03-08,-0.001025533329118516,3.225786943922055
2017-03-09,0.003156784791034774,3.2359861489635895
2017-03-10,0.002444772400297505,3.2439070770763143
2017-03-13,0.0001881877979319807,3.2445175982503613
2017-03-14,-0.0016345238836202494,3.2392186885221927
2017-03-15,0.005318014333418869,3.256490785861046
2017-03-16,-6.545878121022454e-05,3.2562776269198195
2017-03-17,-0.002754273436166842,3.247321287716701
2017-03-20,-0.001143461581783816,3.2436102227149695
2017-03-21,-0.013211753399727057,3.20103828851977
2017-03-22,0.002240862539914061,3.208219418266684
2017-03-23,-0.0022942182736023797,3.2008674993296533
2017-03-24,-0.0013213197038755345,3.1966409229775277
2017-03-27,-0.0006901134622552172,3.194435639078162
2017-03-28,0.00794882746196787,3.2199288431219797
2017-03-29,0.002070575844614113,3.2266028571475887
2017-03-30,0.003666973826052676,3.2384564454882794
2017-03-31,-0.0030468499999600973,3.228604370985713
2017-04-03,0.001366080212647162,3.233017917474275
2017-04-04,0.0021953754490822595,3.2401234023864633
2017-04-05,-0.0030611455309505456,3.230220078604537
2017-04-06,-0.0008257459529430638,3.2275538384175353
2017-04-07,-0.0016586506159647352,3.222204891498736
2017-04-10,9.722481284670744e-05,3.2225181849959696
2017-04-11,-0.0033453616174676554,3.211755708573362
2017-04-12,-0.0010716096000856542,3.2083158037696142
2017-04-13,-0.00825460307227218,3.1819414350106205
2017-04-17,0.009840328774833339,3.2134073484313013
2017-04-18,-0.003088559221306874,3.203497860431139
2017-04-19,-0.0028606942487592155,3.194346728062504
2017-04-20,0.007797957663018737,3.2193534826981747
2017-04-21,-0.00317524396485654,3.2091474618594393
2017-04-24,0.012700314830667614,3.250164558654648
2017-04-25,0.006011242254327797,3.2697609254275615
2017-04-26,-0.0008756671572913055,3.26689895642198
2017-04-27,-0.00015343334883530983,3.266397743627152
2017-04-28,0.002035740013548135,3.2730540531730825
2017-05-01,0.007628008573696806,3.2981164039420117
2017-05-02,0.0015334400825240116,3.3031777474743818
2017-05-03,0.001715663120647569,3.3088497519498214
2017-05-04,-0.001444048676664064,3.3040750601176616
2017-05-05,0.002202602247876977,3.3113606439484182
2017-05-08,0.005645558339768853,3.3301079934821503
2017-05-09,-0.0016730190830971316,3.324541317136582
2017-05-10,0.0006449705263188223,3.326686239931301
2017-05-11,-0.0015318207300267677,3.3215942539871772
2017-05-12,0.0017668420883300733,3.327468174132078
2017-05-15,0.0029020901445626825,3.337138812471403
2017-05-16,0.0014261851152294527,3.3419015856640297
2017-05-17,-0.02179071778908566,3.269866846037401
2017-05-18,0.007447242671522211,3.294309239192668
2017-05-19,0.00552285634530112,3.312553569912632
2017-05-22,0.00470129205176786,3.328163516389467
2017-05-23,0.002996406563129701,3.3381510032059882
2017-05-24,0.001722346234025404,3.3439054091321303
2017-05-25,0.004858029004286644,3.3601897214015386
2017-05-26,-0.0002038147238193815,3.3595049350486317
2017-05-30,-0.00013956459800737776,3.3590360998100297
2017-05-31,-0.003908207966582084,3.345933907887142
2017-06-01,0.004554775870239081,3.3612086470133513
2017-06-02,0.005148421173854452,3.3785581878304525
2017-06-05,0.0014150615507784834,3.3833424398263117
2017-06-06,-0.0013400030665060006,3.3788117868043157
2017-06-07,0.0027452385842436007,3.388100174877644
2017-06-08,0.0004344974459474077,3.3895726156129466
2017-06-09,-0.007441706775397693,3.3644420333014016
2017-06-12,-0.00403307285744527,3.350900319171719
2017-06-13,0.005736263440183234,3.370177201944891
2017-06-14,-0.00247093698751787,3.361859986331712
2017-06-15,-0.004770989926457471,3.3458587873344325
2017-06-16,0.0004225557946427319,3.3472728981023856
2017-06-19,0.009799210979627073,3.380234767833235
2017-06-20,-0.006441692579852739,3.3585303163659685
2017-06-21,0.000583202476081195,3.360489590833794
2017-06-22,-0.002491977127652902,3.35212575321
2017-06-23,0.0037917543211372705,3.364860318433595
2017-06-26,-0.0032174185135163537,3.354051552036392
2017-06-27,-0.009521641978147142,3.3222670345158716
2017-06-28,0.010691171813967835,3.3579765101277954
2017-06-29,-0.009222363018450098,3.327150395040726
2017-06-30,-0.000831078060162699,3.3243864220422923
2017-07-03,0.000500229755134862,3.3260497950478145
2017-07-05,0.0052776028979781365,3.3436497670655227
2017-07-06,-0.007727086949484001,3.3179126590812666
2017-07-07,0.006913529612916913,3.3409306225065962
2017-07-10,0.0019173229830669726,3.3473424103438396
2017-07-11,-0.00037080517784915845,3.346101428541508
2017-07-12,0.0073256825272824105,3.370703910270825
2017-07-13,0.00311465271621431,3.381218849051317
2017-07-14,0.0041162189531475015,3.3951653699377027
2017-07-17,0.00022859832922459268,3.395941587786383
2017-07-18,0.0043763629824669185,3.4108360288097543
2017-07-19,0.00479719852217942,3.427237796179017
2017-07-20,0.0014747244310271668,3.4322957561198537
2017-07-21,-0.0022770462688678967,3.424489151248042
2017-07-24,0.0020341343372987123,3.431462111783195
2017-07-25,0.0023869549368795246,3.439662640464262
2017-07-26,0.002265768795154866,3.447464956525115
2017-07-27,0.0011308390820620024,3.4513656897671052
2017-07-28,-0.002310469059504715,3.4434006211934154
2017-07-31,-0.0028225215133273807,3.4336952521108617
2017-08-01,0.0054239566970152465,3.452370066377694
2017-08-02,0.005331706983233308,3.470826249728842
2017-08-03,-0.002585593169087294,3.4618636968373275
2017-08-04,0.0036778305113850406,3.4746192868387236
2017-08-07,0.002679000388293598,3.4839402731455453
2017-08-08,-0.0003269960542628507,3.482801224665268
2017-08-09,0.0007531745053356978,3.485425369850413
2017-08-10,-0.01501292715501407,3.4334897608937953
2017-08-11,0.0021905772321253567,3.44101932943048
2017-08-14,0.010972245401288801,3.4789829300451056
2017-08-15,0.0015800262946854004,3.48448415945242
2017-08-16,-0.0005009398842139444,3.482739079487609
2017-08-17,-0.01505094980768174,3.4307130511023183
2017-08-18,-0.0006174571671750393,3.42859538659124
2017-08-21,-0.0003903536391244705,3.427257283088776
2017-08-22,0.010807984033136698,3.464499921469174
2017-08-23,-0.0027546105857197104,3.4549697053545434
2017-08-24,-0.0032692005125588243,3.443693159311309
2017-08-25,0.0003617389804539099,3.444939102703314
2017-08-28,0.00028038344283531246,3.445905142013673
2017-08-29,0.002825613928148353,3.455655708759174
2017-08-30,0.0038754464030125485,3.469073901194462
2017-08-31,0.005011062782112767,3.4865012766776156
2017-09-01,-0.00039372288051571497,3.485128831551294
2017-09-05,-0.008786499700482864,3.4546408854268846
2017-09-06,0.0028919523910293492,3.464646002583829
2017-09-07,0.00025118911808710956,3.4655163932694597
2017-09-08,-0.006652869736349337,3.442537287390723
2017-09-11,0.011981815864054378,3.4840332372462988
2017-09-12,0.004091842008786335,3.498318557511465
2017-09-13,0.00299710326197188,3.5088191072272923
2017-09-14,-0.0032030302909689693,3.4975982333340854
2017-09-15,0.0036876020365299196,3.5105197938460027
2017-09-18,-5.2675062027558714e-05,3.5103348818682805
2017-09-19,0.005787445964690456,3.5307096574010166
2017-09-20,-0.00023949716528340396,3.5298641636973445
2017-09-21,-0.005896683376011547,3.5091109201508024
2017-09-22,-0.0021762620890272743,3.5014824788436596
2017-09-25,-0.00804403185578924,3.473429423345031
2017-09-26,0.001449674470755195,3.4784684168736852
2017-09-27,0.007432146377514876,3.5044172114934993
2017-09-28,0.001858659323015813,3.510936786172624
2017-09-29,0.00439143481281192,3.526388739491688
2017-10-02,0.002132850453669034,3.533918025881213
2017-10-03,0.003543614294404375,3.5464630826065817
2017-10-04,-0.0016674253456263706,3.540554547564819
2017-10-05,0.009737996182440818,3.575200873338763
2017-10-06,0.0011922245706829909,3.579465857569394
2017-10-09,0.0010144661205755304,3.583098946923106
2017-10-10,0.002661979892975684,3.5926497907115387
2017-10-11,0.004820638909701905,3.6100104692430386
2017-10-12,-0.0028209384552230063,3.5998412020686685
2017-10-13,0.002272512442729908,3.608031188390495
2017-10-16,0.005252757091776464,3.6270331624887726
2017-10-17,0.0025439705304598557,3.6362719746174066
2017-10-18,-0.0010774165286438957,3.6323563048717458
2017-10-19,-0.0036866038085660675,3.6189898997427816
2017-10-20,0.004556563478969717,3.635517683302004
2017-10-23,-0.003889414652468889,3.621405110170333
2017-10-24,0.002770522658572796,3.6314522065113435
2017-10-25,-0.0026417753573373458,3.6218713863202017
2017-10-26,0.002404980236101663,3.630592398149071
2017-10-27,0.0252704667721734,3.7235082313565147
2017-10-30,0.0007113212171281734,3.7261577839934152
2017-10-31,0.0008896028530687208,3.729474059454389
2017-11-01,0.002800341179933504,3.7399324960033367
2017-11-02,0.0013226755058878908,3.7448824860030827
2017-11-03,0.004212242988492006,3.760690110402124
2017-11-06,0.00015160663962715486,3.761260299213554
2017-11-07,-0.0004107671612704226,3.7597156142722907
2017-11-08,0.0015459612870767773,3.7655324842317337
2017-11-09,-0.0025565378001515065,3.7559180531628917
2017-11-10,-0.0023716317805299193,3.7470209530358987
2017-11-13,0.000320060689045449,3.7482204190847206
2017-11-14,-0.002538917210311132,3.7387160682401324
2017-11-15,-0.005825018990761323,3.7170012820625558
2017-11-16,0.010028859703287417,3.7544661172139975
2017-11-17,-0.007409233570256061,3.7267512007527697
2017-11-20,0.0007841346705217436,3.729674621605719
2017-11-21,0.008777550661649602,3.762556127978557
2017-11-22,0.000878475339937949,3.765862892995222
2017-11-24,0.004047917258393262,3.781137689090624
2017-11-27,0.0025891394830520366,3.7909402666164773
2017-11-28,0.007940508798777626,3.821162090694625
2017-11-29,-0.007180248731877965,3.7938234629678402
2017-11-30,0.008699626263266392,3.826972291345439
2017-12-01,-0.002330099583710495,3.8180654457509844
2017-12-04,-0.004717920404662467,3.8000945428570407
2017-12-05,0.00032539949922924543,3.801331292926324
2017-12-06,0.002738303462249381,3.811754756356709
2017-12-07,0.002683133568748293,3.82199593658252
2017-12-08,0.0044360917415289325,3.838988323220005
2017-12-11,0.00525869174991127,3.859229553994345
2017-12-12,0.0030817052318625874,3.8711409061131707
2017-12-13,-0.00025825858574694436,3.870141279824123
2017-12-14,-0.0020645145614047833,3.862159558821837
2017-12-15,0.010528490383024976,3.903037080288046
2017-12-18,0.00665500508258733,3.9290984349326243
2017-12-19,-0.004441984518195899,3.9116841461485365
2017-12-20,-0.0020670191610998655,3.9036069707802605
2017-12-21,0.003177107187941568,3.9160288709512887
2017-12-22,-0.0009967123544543746,3.912127661110201
2017-12-26,-0.003337212924309263,3.8990938185683675
2017-12-27,0.0013740420803444568,3.9044550199649595
2017-12-28,0.001639702455157044,3.9108624161232624
2017-12-29,-0.006406170904150197,3.885888841005645
2018-01-02,0.009195420157404228,3.921786013432782
2018-01-03,0.006563002165241292,3.947609350147297
2018-01-04,0.004184686807709659,3.964163471666389
2018-01-05,0.008514509844693034,3.998060484009131
2018-01-08,0.0017690221419299852,4.005139401064538
2018-01-09,-0.0001614757254742488,4.004492720487138
2018-01-10,-1.8077378492655664e-05,4.0044203304108725
2018-01-11,0.006429929636297273,4.030251428444293
2018-01-12,0.006733679861385982,4.057481427482925
2018-01-16,-0.001969152383412768,4.049499489664488
2018-01-17,0.010249623105786618,4.091218771424262
2018-01-18,0.0012238878092679538,4.096229029575186
2018-01-19,0.0020606520836379066,4.104678635318925
2018-01-22,0.011743131954699386,4.153164549220236
2018-01-23,0.0016713652219457632,4.160111808095015
2018-01-24,-0.001698389524714071,4.153052314360552
2018-01-25,0.0020083068228678243,4.161401298513969
2018-01-26,0.012163931810265656,4.212329415266565
2018-01-29,-0.006179072650882236,4.186381375750832
2018-01-30,-0.0086777343224154,4.1502102391394455
2018-01-31,0.0017840982475377104,4.157621230956995
2018-02-01,0.0014062777554463362,4.163472114228925
2018-02-02,-0.026375829675727457,4.055092664916834
2018-02-05,-0.04736922140305454,3.867484585924407
2018-02-06,0.023676439432108752,3.9601454617200362
2018-02-07,-0.01053016779367021,3.9186632561236716
2018-02-08,-0.041189119381281954,3.760535886209337
2018-02-09,0.01797397433973974,3.8287387639725523
2018-02-12,0.01557187150783447,3.8888260133312884
2018-02-13,0.003527940579196965,3.9025697897874907
2018-02-14,0.015449107100383497,3.963329138808956
2018-02-15,0.01241445677945411,4.012838396518403
2018-02-16,-0.0008011037842867513,4.0096249838036195
2018-02-20,-0.005269584184651655,3.988551500414901
2018-02-21,-0.004677297465115203,3.9699394196431705
2018-02-22,0.002224128049617782,3.9787788996855475
2018-02-23,0.016366783088321398,4.044434531031494
2018-02-26,0.015409722252366689,4.107240814691674
2018-02-27,-0.010524493555420556,4.064240858494484
2018-02-28,-0.010725466863659721,4.020882910599125
2018-03-01,-0.016006430045704508,3.95703527906451
2018-03-02,0.004805131472741468,3.9760951096454398
2018-03-05,0.01073471761432618,4.019007280796734
2018-03-06,-0.00010534293485845938,4.018583929073505
2018-03-07,0.0010177712057779166,4.02267601013242
2018-03-08,0.004688307078007333,4.041579829372191
2018-03-09,0.019283726340620092,4.120272857632054
2018-03-12,0.0003605501641083669,4.121758690529596
2018-03-13,-0.009214230193778053,4.08395429383076
2018-03-14,-0.004694738934911404,4.064826130598416
2018-03-15,0.001403420542645305,4.070534795984539
2018-03-16,-0.00025057987415979773,4.069514929671921
2018-03-19,-0.018893244470286643,3.9933503528105336
2018-03-20,0.0021253890819880696,4.001846801982701
2018-03-21,-0.0037600737664965373,3.9868278167462785
2018-03-22,-0.026737239915827944,3.8816434804314115
2018-03-23,-0.02509969216855147,3.7854279650907587
2018-03-26,0.03354370740412715,3.9145589107406513
2018-03-27,-0.02493130704367593,3.818170379267055
2018-03-28,-0.005675405882969207,3.796562088545166
2018-03-29,0.01734436874343958,3.862985431690994
2018-04-02,-0.02440791714569132,3.7698393781575557
2018-04-03,0.01362393206197912,3.821550870809898
2018-04-04,0.012098157476450721,3.868065397743332
2018-04-05,0.009374838387053355,3.9044983956175874
2018-04-06,-0.022706037995328273,3.8168416415130024
2018-04-09,0.004987880348569511,3.8359271494764293
2018-04-10,0.01899582043996221,3.909490216196439
2018-04-11,-0.007453721995343843,3.880458295327729
2018-04-12,0.010160557218078174,3.920086897281259
2018-04-13,-0.004881793369667391,3.9009964787104003
2018-04-16,0.007625427696454198,3.9308569500438675
2018-04-17,0.014394469387208475,3.987848749373596
2018-04-18,-0.00019291534527925692,3.987079506356966
2018-04-19,0.0006679013111824714,3.98974337148753
2018-04-20,-0.010992597153265395,3.9461259037027685
2018-04-23,-0.0009339592120723765,3.9424421035903086
2018-04-24,-0.016921603650253785,3.876290931331644
2018-04-25,0.0010570293696403048,3.880390450965956
2018-04-26,0.018891043665813484,3.9543918575808914
2018-04-27,0.00198977739232955,3.9622680504361307
2018-04-30,-0.007818843404852177,3.931408497243337
2018-05-01,0.007482141522050418,3.960934171895693
2018-05-02,-0.0032091105011570397,3.9482434702733404
2018-05-03,-0.0015773135474255536,3.9420207612309133
2018-05-04,0.014764651932022784,4.000655118454868
2018-05-07,0.00498743201209525,4.0206579537893194
2018-05-08,0.001341625945509116,4.026055792949016
2018-05-09,0.011961200922317393,4.074501411508807
2018-05-10,0.010296424547331233,4.1166709329540145
2018-05-11,0.0019316583029791168,4.124630619764846
2018-05-14,0.0015438417215029553,4.131003314551725
2018-05-15,-0.009144228997437416,4.093400659914575
2018-05-16,0.0031878871248083446,4.106470781141696
2018-05-17,-0.0041003407961866965,4.089667324960629
2018-05-18,-0.005806006075444045,4.065991489157372
2018-05-21,0.00968340708788605,4.105555387476419
2018-05-22,-0.002151425058335895,4.096732087475091
2018-05-23,0.0054188594623128606,4.118991960002352
2018-05-24,-0.005410768373761123,4.096765234631282
2018-05-25,-0.001640867087509279,4.090048499534338
2018-05-29,-0.01036422593693578,4.047877226585175
2018-05-30,0.012483233857191158,4.098724533745261
2018-05-31,-0.002025756671669754,4.09042991944736
2018-06-01,0.013060509715399897,4.144203409370091
2018-06-04,0.006255136151136472,4.170207209802867
2018-06-05,0.001482077887321581,4.17639236400203
2018-06-06,0.007001083447560334,4.205734228021812
2018-06-07,-0.0021677633565100585,4.196627066127367
2018-06-08,0.0009031090924971983,4.200418790101092
2018-06-11,6.68494187323417e-05,4.200699595041362
2018-06-12,0.0015389830159106264,4.207169377538807
2018-06-13,-0.003607207926058593,4.192020581668421
2018-06-14,0.003010462733177449,4.204659518384798
2018-06-15,-0.004105668330403072,4.187431970458694
2018-06-18,0.0021418968688548382,4.196410630133651
2018-06-19,-0.002337056705435272,4.186614831658578
2018-06-20,0.0035421383481236517,4.201470695832988
2018-06-21,-0.00571317530225252,4.177535395608189
2018-06-22,0.00026207717809196066,4.178630375774437
2018-06-25,-0.01680114381525069,4.109011085396237
2018-06-26,0.003998085602519251,4.125472147898775
2018-06-27,-0.008116945087812714,4.09212145300099
2018-06-28,0.008734444913553413,4.128020412926833
2018-06-29,-0.0006067106343886591,4.125516658647313
2018-07-02,0.006034449530403154,4.15048714651103
2018-07-03,-0.01018741778221138,4.108419046435736
2018-07-05,0.010452754740254526,4.151588570262635
2018-07-06,0.0083561327064384,4.1864251421020136
2018-07-09,0.011375031164730091,4.23431773200754
2018-07-10,0.0030281602368062905,4.247159358031381
2018-07-11,-0.004363842992710135,4.228665802262705
2018-07-12,0.012919915707919633,4.283654266237883
2018-07-13,0.002607178823674001,4.294837090405445
2018-07-16,0.002130782751753099,4.303998211912981
2018-07-17,0.005590319042361134,4.328126314133057
2018-07-18,0.0019190299980945192,4.336440093009538
2018-07-19,-0.0066933142612732,4.3075118575769915
2018-07-20,0.0029902955695193657,4.320411869011361
2018-07-23,0.0050696449196899794,4.342370437135438
2018-07-24,0.011154398090097014,4.39107811303061
2018-07-25,0.009736494283785991,4.434040632740639
2018-07-26,-0.01682903306166951,4.360044405218733
2018-07-27,-0.008356668415385097,4.323760776128624
2018-07-30,-0.007608450431781354,4.290988487844821
2018-07-31,-0.0005399408399097932,4.288672233293138
2018-08-01,0.0092370755399388,4.3284705497282925
2018-08-02,0.010088436626240293,4.372359061558392
2018-08-03,0.004026395091641569,4.389999396269416
2018-08-06,0.006868456971420372,4.420255706362455
2018-08-07,0.0031093505973022384,4.434021220898199
2018-08-08,0.003927036535419987,4.4514680189166365
2018-08-09,-0.0001846147480629443,4.450646288123959
2018-08-10,-0.00645933873175098,4.421990703869529
2018-08-13,-0.003461685648596198,4.406709626514572
2018-08-14,0.005676085481942556,4.431793609117344
2018-08-15,-0.008591912951804254,4.393879136372136
2018-08-16,0.007943770238642482,4.428922105056098
2018-08-17,0.0029864823648995966,4.442168773443458
2018-08-20,-0.0015402991934460113,4.435331771330737
2018-08-21,-0.0002742220734935997,4.434115672204003
2018-08-22,0.0019333851047874807,4.44269681805432
2018-08-23,-0.000345238817916684,4.441163291388191
2018-08-24,0.00582094277133358,4.467090435749062
2018-08-27,0.00912421413726051,4.508035637789677
2018-08-28,0.0007740301548035347,4.511526344093945
2018-08-29,0.009209268807556577,4.553266104267243
2018-08-30,-0.0006653245219497422,4.550237712216569
2018-08-31,-0.00106663501943719,4.545386856831975
2018-09-04,-0.0011499120017231105,4.540163065958357
2018-09-05,-0.007051711147347327,4.508259766086558
2018-09-06,-0.007665355602342463,4.4738344614948895
2018-09-07,-0.0025749414619444374,4.462329418409188
2018-09-10,-0.0010336988387684783,4.457719096923682
2018-09-11,0.011093104035443611,4.5074443323126845
2018-09-12,-0.004671238844198806,4.486438084058105
2018-09-13,0.004687218777312635,4.507516361547139
2018-09-14,-0.0015187475631228797,4.500675777932021
2018-09-17,-0.010163655486037388,4.455164133983933
2018-09-18,0.006060876356943692,4.482248327012808
2018-09-19,0.0032365495047956203,4.4967788473058645
2018-09-20,0.00959844666547264,4.540148748105464
2018-09-21,-0.004392527867484483,4.5202497536454915
2018-09-24,0.0010162352605892838,4.524845725730726
2018-09-25,0.0015284541693991267,4.531767033149251
2018-09-26,-0.0043555958066545004,4.512071411883108
2018-09-27,0.006828868594707841,4.542989201255063
2018-09-28,-0.0030525773869557477,4.529142519935478
2018-10-01,0.0040972870514278436,4.5477377859935
2018-10-02,-0.00017827561647777354,4.546927107500374
2018-10-03,0.0026590475861781146,4.559033691908791
2018-10-04,-0.010672713016420742,4.510635164886769
2018-10-05,-0.006996173859833529,4.479188109855499
2018-10-08,-0.0018667021326618828,4.470834599042167
2018-10-09,0.003856881010656994,4.488111371920863
2018-10-10,-0.0383519822610552,4.319242333636405
2018-10-11,-0.017405709096200126,4.244713354516808
2018-10-12,0.01887988447459569,4.325614349918764
2018-10-15,-0.010695687867754105,4.279595469490118
2018-10-16,0.02355670993117558,4.381605451135615
2018-10-17,0.0016770622047172095,4.388959841194793
2018-10-18,-0.017600508163341008,4.312387748239733
2018-10-19,0.004836896621735206,4.333296848784691
2018-10-22,-0.0005965363384790309,4.330712650609667
2018-10-23,-0.0033082054529375896,4.316409435435826
2018-10-24,-0.03426663874543006,4.17100606253248
2018-10-25,0.02937448298127866,4.295344456726985
2018-10-26,-0.02132275363672186,4.204725441931068
2018-10-29,-0.015321359988513346,4.140794336141297
2018-10-30,0.011033743391675704,4.1867357852759515
2018-10-31,0.018610958855415163,4.265384547045502
2018-11-01,0.008704414019293725,4.302674277276379
2018-11-02,-0.009813988604774872,4.260654409460316
2018-11-05,0.0008298111871480324,4.264191415474476
2018-11-06,0.005462149221602573,4.287546792505087
2018-11-07,0.026811721181358474,4.404058258511018
2018-11-08,-0.0016536777171453874,4.396781383964861
2018-11-09,-0.011106461981154513,4.348218876699965
2018-11-12,-0.02509321258991338,4.240465686902664
2018-11-13,-0.0024064233906464535,4.230273599243962
2018-11-14,-0.009892369323458059,4.188632474731572
2018-11-15,0.012038449978261638,4.23936185615788
2018-11-16,0.0012956281164615375,4.244858052318863
2018-11-19,-0.020931993487291876,4.15692819531371
2018-11-20,-0.020110886600984184,4.074163706864081
2018-11-21,0.002407297594773666,4.083983245890583
2018-11-23,-0.011051710859669377,4.039096737129519
2018-11-26,0.02112083983321124,4.125313128686025
2018-11-27,0.004545555391670591,4.144107651431412
2018-11-28,0.028953070564205905,4.265846140085966
2018-11-29,-0.003173927361496867,4.252328118259854
2018-11-30,0.008659263743945848,4.289310035967417
2018-12-03,0.013826145184825025,4.349026532450424
2018-12-04,-0.0372297974077397,4.190090098838208
2018-12-06,0.00023257570001912264,4.191064725308912
2018-12-07,-0.025707598717943064,4.084695620325447
2018-12-10,0.003779278060549593,4.100162028386883
2018-12-11,0.0005146790833780933,4.1022728391698395
2018-12-12,0.004369367685110308,4.120236393656988
2018-12-13,0.002968848874266677,4.1324869288317085
2018-12-14,-0.02396636228748589,4.034623647607554
2018-12-17,-0.022060934262321415,3.946590695459108
2018-12-18,0.004991013461746898,3.96633741984051
2018-12-19,-0.0192747718234724,3.8906192406122453
2018-12-20,-0.015229731852579758,3.8318150752774702
2018-12-21,-0.02654558143538194,3.7314355273347073
2018-12-24,-0.026294602162814984,3.634597650826393
2018-12-26,0.05854773656126477,3.8537478945876646
2018-12-27,0.005851805924170058,3.87636539140634
2018-12-28,-0.0006607005615175547,3.87380512049494
2018-12-31,0.007891249737560183,3.9044952164808335
2019-01-02,0.005351772234996148,3.925447200687806
2019-01-03,-0.03335069878399634,3.7966898022953552
2019-01-04,0.03489210276230511,3.931502566302987
2019-01-07,0.005203868974396637,3.9520149160307554
2019-01-08,0.010211693779577287,3.9925784408204805
2019-01-09,0.0032995109966715915,4.005773754360911
2019-01-10,-0.00023657134481352445,4.004826215161554
2019-01-11,-0.003145834823190977,3.9922474890639097
2019-01-14,-0.005247205479830832,3.97135420976542
2019-01-15,0.01680663534316304,4.038663347499823
2019-01-16,0.0039636954492212936,4.054703146470395
2019-01-17,0.005288159988660314,4.076201859632547
2019-01-18,0.011277185670788739,4.122430117235488
2019-01-22,-0.01694751503779352,4.053153859153479
2019-01-23,0.0028556532649079403,4.064744803186355
2019-01-24,-0.0004120496125435838,4.063070271683834
2019-01-25,0.007280160132956809,4.092758008509656
2019-01-28,-0.011043587884939464,4.047807937624762
2019-01-29,-0.007792449416461822,4.0163881764628035
2019-01-30,0.02443761593360284,4.115748245010664
2019-01-31,0.01156323315263995,4.163615820174598
2019-02-01,-0.0018080592353612755,4.156094557631502
2019-02-04,0.01011809339615029,4.198359771642878
2019-02-05,0.006601055927425023,4.226165050433745
2019-02-06,-0.005520679675279249,4.202898030910469
2019-02-07,-0.012322512922131816,4.151425552072316
2019-02-08,-0.0025079298446989483,4.141027112760637
2019-02-11,-0.001392110038244443,4.135266358080877
2019-02-12,0.014792571330776607,4.196892259682106
2019-02-13,0.0012918353413053022,4.202317456903084
2019-02-14,-0.004577692873103685,4.183124501473863
2019-02-15,0.007000977368028485,4.212513216262549
2019-02-19,0.00300026402013837,4.225170846721389
2019-02-20,-0.00010139402354304297,4.224742461367308
2019-02-21,-0.002489431709907973,4.2142383335969065
2019-02-22,0.006119501362904299,4.240106440052986
2019-02-25,0.0034260143362817366,4.254658018228341
2019-02-26,0.0007144074260173528,4.25769866351219
2019-02-27,-0.000954344001443941,4.253637292613437
2019-02-28,-0.002544712005941855,4.242826771391254
2019-03-01,0.008893561112437429,4.280728903211473
2019-03-04,0.0017122823687444203,4.288064998778966
2019-03-05,0.002373090965476512,4.298253050892939
2019-03-06,-0.004732715306054651,4.277958704452083
2019-03-07,-0.010108836748859826,4.2349313628841925
2019-03-08,-0.0007884799495100624,4.231593520500832
2019-03-11,0.019572140983501254,4.315230674674451
2019-03-12,0.0047445475808988846,4.3357531383377035
2019-03-13,0.0071542313359837005,4.366883342869408
2019-03-14,-0.001100348757435954,4.362080890879808
2019-03-15,0.004600750429876489,4.382195973169268
2019-03-18,0.0052575489789971255,4.4052962553551485
2019-03-19,0.0015905306251547242,4.412308589149688
2019-03-20,0.0010332484122368849,4.416869956100495
2019-03-21,0.010342407239526594,4.462788066505948
2019-03-22,-0.01958077617596561,4.376253187127916
2019-03-25,-0.0018461120063511323,4.368181586408248
2019-03-26,0.004511171770007096,4.387931718492249
2019-03-27,-0.005470345344843132,4.363993750812172
2019-03-28,0.0014597429159147214,4.370368711544894
2019-03-29,0.005291316489529362,4.393555004483174
2019-04-01,0.011406426602008794,4.443956672160709
2019-04-02,0.00275979108168641,4.456238003311022
2019-04-03,0.0027024836276179957,4.468297201108598
2019-04-04,0.002969792002815985,4.481586838364366
2019-04-05,0.002773880388435392,4.494035481746163
2019-04-08,0.003282405781227026,4.508810966093957
2019-04-09,-0.00414370153954716,4.490166454475564
2019-04-10,0.002913200313900673,4.503266280744645
2019-04-11,-0.0008998548736273957,4.499215817322619
2019-04-12,0.0036000260021551663,4.515442301612119
2019-04-15,0.0018106413169661976,4.523625554239772
2019-04-16,0.0022720718577835795,4.533915241584686
2019-04-17,0.004513797818478128,4.5544266757190215
2019-04-18,0.0010642365954639586,4.55927624334463
2019-04-22,0.0057543449601908814,4.585587521099299
2019-04-23,0.009042669322549816,4.627241520537199
2019-04-24,-0.005152991971127791,4.603458711072547
2019-04-25,0.006168472529318132,4.6319427809546365
2019-04-26,0.0031154814739663647,4.646396015579001
2019-04-29,0.0028990611850897973,4.659885746247681
2019-04-30,-0.007697014629280042,4.624156219230715
2019-05-01,-0.0036212823288174294,4.607441127328157
2019-05-02,-0.004630236696081177,4.586156897881683
2019-05-03,0.01371685491773547,4.649497973710333
2019-05-06,-0.004783508385756955,4.627310171241453
2019-05-07,-0.01638906692750932,4.552090945273906
2019-05-08,-0.002283500311376393,4.5417081033060605
2019-05-09,-0.004865487619052807,4.519664149539274
2019-05-10,0.0022602464709166295,4.529891258021979
2019-05-13,-0.02722279075234684,4.408238354727773
2019-05-14,0.0043537494454983705,4.427472560093531
2019-05-15,0.011352881384392275,4.478023537576864
2019-05-16,0.009655003588964237,4.521468262903807
2019-05-17,-0.006795305368091145,4.490847661342754
2019-05-20,-0.008423469673732814,4.453178019537455
2019-05-21,0.006238666414352915,4.481046753161553
2019-05-22,-0.0015179080525233365,4.474250095866598
2019-05-23,-0.012606081996639339,4.4182013520537415
2019-05-24,0.0021387085514463717,4.427660708865393
2019-05-28,-0.0040310211628380496,4.409848639379831
2019-05-29,-0.008861988278765541,4.3709412654042685
2019-05-30,0.0009200365566077617,4.374964541652041
2019-05-31,-0.01649774955699145,4.3033795912482615
2019-06-03,-0.01685593512327669,4.2314500271399025
2019-06-04,0.020936199253345417,4.320974387930736
2019-06-05,0.008221074633744215,4.356643860666775
2019-06-06,0.00938428809446363,4.397720296887156
2019-06-07,0.015031785719122736,4.464325227428421
2019-06-10,0.01028372924975934,4.510472013188018
2019-06-11,0.0020123296538156173,4.519557708413805
2019-06-12,-0.003716177207122363,4.502793399934937
2019-06-13,0.0035215494345146024,4.518678162558646
2019-06-14,0.0009794680503080848,4.5231062316705986
2019-06-17,0.0035745808730758195,4.539303372441267
2019-06-18,0.009824200411067631,4.584118172848251
2019-06-19,0.0010069251275794417,4.5887363613190955
2019-06-20,0.0072500603203902395,4.622125868448101
2019-06-21,0.0017958873063698365,4.630434143753774
2019-06-24,0.0006296433508653336,4.633350583886226
2019-06-25,-0.01321838896016352,4.572508158990957
2019-06-26,0.0008105797143790578,4.5762160439136
2019-06-27,0.0019893377363155904,4.585328744293397
2019-06-28,0.0033872889503480798,4.600886912812968
2019-07-01,0.008975577244293632,4.642368410401932
2019-07-02,0.0049215967564763445,4.665272592053707
2019-07-03,0.006658539685953124,4.696440144793076
2019-07-05,-0.00042245392727058393,4.694456534231254
2019-07-08,-0.003770006576193673,4.676791721378278
2019-07-09,0.003586251396634609,4.69359398277945
2019-07-10,0.008022030799914379,4.731397566296378
2019-07-11,0.0007357380040372326,4.734879916189605
2019-07-12,0.0036127903635776314,4.752016982397566
2019-07-15,0.0010629700256456077,4.7570709196272345
2019-07-16,-0.005381056317003712,4.731541602054255
2019-07-17,-0.005648800051106893,4.704889416913365
2019-07-18,0.0014392254339639567,4.711665688547736
2019-07-19,-0.007340005873217591,4.677208646864912
2019-07-22,0.0069566770530890484,4.709859917422674
2019-07-23,0.0067601681962968655,4.7418072255681185
2019-07-24,0.0038832212570606697,4.760256510327021
2019-07-25,-0.00654136361496975,4.729219564238421
2019-07-26,0.0118069056387608,4.785387948281486
2019-07-29,-0.002933914256368158,4.771368606187956
2019-07-30,-0.004229605703630137,4.751230217062098
2019-07-31,-0.011223431488381466,4.698203239191226
2019-08-01,-0.00940951601556289,4.654202756835446
2019-08-02,-0.008066307673439613,4.61681153272234
2019-08-05,-0.03267370434672682,4.468400962228368
2019-08-06,0.013112669105735206,4.527379463190072
2019-08-07,0.0007017277449781055,4.530557565922455
2019-08-08,0.019966672151049865,4.62192685837533
2019-08-09,-0.008734135092254593,4.581734104786295
2019-08-12,-0.011484744736448265,4.529415068599635
2019-08-13,0.018210981016620036,4.612655807707484
2019-08-14,-0.02935317624713578,4.479227560357052
2019-08-15,0.0058334344322413766,4.505433200767519
2019-08-16,0.012888203164166327,4.563875941186741
2019-08-19,0.01253233639469388,4.621431871579319
2019-08-20,-0.01030866312206159,4.574035802055827
2019-08-21,0.007566058352873587,4.608774475539172
2019-08-22,-0.002041645321491229,4.59937459157308
2019-08-23,-0.02824321340826616,4.471290737292014
2019-08-26,0.01311805388769799,4.530331775227509
2019-08-27,-0.0023882296328020594,4.519525212049087
2019-08-28,0.005113203849583429,4.542693647751012
2019-08-29,0.013501581839605262,4.604443117531262
2019-08-30,0.0001981212487874779,4.6053554459245145
2019-09-03,-0.007547087856952146,4.570729251581677
2019-09-04,0.011001125518039351,4.6212900205457395
2019-09-05,0.015161341474996712,4.691888810431258
2019-09-06,-0.002066268483754271,4.6822041174865925
2019-09-09,0.0021199847319257757,4.692140847864184
2019-09-10,0.0011868551714461478,4.697713045536343
2019-09-11,0.008393787947735824,4.737310606957656
2019-09-12,0.004605569406550892,4.759178939164705
2019-09-13,-0.00043066790363552803,4.75712975483858
2019-09-16,-0.005620225509703884,4.730468603856531
2019-09-17,0.002299837698867508,4.741360433804748
2019-09-18,0.0025896420433055506,4.753654772223689
2019-09-19,0.0020012933801872115,4.7631777560148105
2019-09-20,-0.006624215382296212,4.7317297149490125
2019-09-23,-0.00044671636756211805,4.729616445889547
2019-09-24,-0.010706877068093685,4.67924715411373
2019-09-25,0.008967542877611014,4.721397212366411
2019-09-26,-0.006011872768445679,4.6930979241306625
2019-09-27,-0.003916592665136087,4.674752919629845
2019-09-30,0.004113924617948623,4.694024113689164
2019-10-01,-0.007899262928065769,4.657090847860956
2019-10-02,-0.018132948653835114,4.5734050864517775
2019-10-03,0.008501269777245931,4.6124505698299165
2019-10-04,0.016276474374774058,4.688139305245466
2019-10-07,-0.004184276203883186,4.66856381869222
2019-10-08,-0.013156673365837774,4.607543342884462
2019-10-09,0.010000543140491324,4.653852451023018
2019-10-10,0.006128080042013609,4.682459194028816
2019-10-11,0.010396118256629026,4.731392511094909
2019-10-14,-0.0009399185111689455,4.726947477002284
2019-10-15,0.013136392994022087,4.789452160928417
2019-10-16,-0.0013997485329439088,4.782752822081246
2019-10-17,0.0027282298824107174,4.79581908703327
2019-10-18,-0.007414145682649939,4.7603936725228575
2019-10-21,0.010258363255467024,4.809478856426262
2019-10-22,-0.004538546930176567,4.78770026987891
2019-10-23,0.0064444759168599194,4.818654122514886
2019-10-24,0.0034871856438803586,4.835486996614238
2019-10-25,0.005852759969764936,4.8638709224711
2019-10-28,0.009017887369283046,4.907931129029434
2019-10-29,-0.007054629960572107,4.87342933283449
2019-10-30,0.0039889091319860745,4.8929078227399625
2019-10-31,0.0004122881642190368,4.8949255266330285
2019-11-01,0.009880642010560155,4.94353026099258
2019-11-04,0.005329850385103972,4.969948878757825
2019-11-05,0.0007890215440995913,4.973871822936455
2019-11-06,-0.0004260538065923267,4.971753137281883
2019-11-07,0.00568290153626786,5.0000875554220405
2019-11-08,0.0009466486039243708,5.004823122431183
2019-11-11,-0.0020709411652125613,4.99446915313346
2019-11-12,0.0013955096808285572,5.001443848682933
2019-11-13,-0.0008631138817215227,4.9971288954843605
2019-11-14,0.000571018338849129,4.999983162567143
2019-11-15,0.008506250073690864,5.042695673820252
2019-11-18,0.002331433542908832,5.054466099311687
2019-11-19,-0.00021714915128312012,5.053368645447932
2019-11-20,-0.004772893283200491,5.02930692387535
2019-11-21,-0.00012769630894170634,5.028664740947703
2019-11-22,0.0018915120449686852,5.038185522373052
2019-11-25,0.008386592393954692,5.080616407325331
2019-11-26,0.0016716023132124158,5.089116279688279
2019-11-27,0.005217606798791816,5.115738679600375
2019-11-29,-0.003508869277078645,5.097819677421211
2019-12-02,-0.006747919069974892,5.0635358052931405
2019-12-03,-0.006986741055957858,5.028281491584653
2019-12-04,0.006539308174172624,5.061270719650442
2019-12-05,0.0030479754476123166,5.076720882434872
2019-12-06,0.010652537410150561,5.131089911480638
2019-12-09,-0.0033295697477580956,5.11403399991879
2019-12-10,-0.0005491310577880973,5.111226495933216
2019-12-11,0.0027593344005662967,5.125349555193165
2019-12-12,0.007179567588682053,5.16227976156249
2019-12-13,0.0014005696720582213,5.169514959551941
2019-12-16,0.008952477144904469,5.21600270382487
2019-12-17,0.0009385672557060536,5.220900571297823
2019-12-18,-0.002049162762396665,5.210213050235837
2019-12-19,0.004292161008941029,5.23262418523221
2019-12-20,0.0031139442527661414,5.2489436810537775
2019-12-23,0.002455922848756018,5.261850524390276
2019-12-24,-0.0006775049255594955,5.258286802098463
2019-12-26,0.011625524704157938,5.319773862375998
2019-12-27,-6.405973445712103e-05,5.319433089990013
2019-12-30,-0.006052159575602598,5.287336257625196
2019-12-31,0.0027431575395981808,5.301860165520821
2020-01-02,0.013728298320772476,5.3751475883166915
2020-01-03,-0.00985994733452124,5.322409341608818
2020-01-06,0.006752247514618307,5.3584691723028115
2020-01-07,-0.004764966117727418,5.332996983507456
2020-01-08,0.0071019882815687345,5.371006678030814
2020-01-09,0.009873831060014894,5.424301770975139
2020-01-10,-0.0021205927281868343,5.412811223775535
2020-01-13,0.00848370104777149,5.458927236666821
2020-01-14,-0.004945835159289246,5.431994938660775
2020-01-15,0.002328299186937505,5.444656982853453
2020-01-16,0.009056541218646269,5.494190706779866
2020-01-17,0.005331713355788298,5.523562387863168
2020-01-21,-0.0004036381673746832,5.521333317162822
2020-01-22,0.0013805692497392444,5.528961164332141
2020-01-23,7.443297019163986e-05,5.529372716650017
2020-01-24,-0.0069057361441568765,5.491319870309981
2020-01-27,-0.017686651133209046,5.395050661008569
2020-01-28,0.013959592421547484,5.470891491280325
2020-01-29,0.00534077065824923,5.500188432515097
2020-01-30,0.004214000166883152,5.523415131773639
2020-01-31,-0.015144920107529596,5.440393714120489
2020-02-03,0.008727982838070967,5.488085199571089
2020-02-04,0.015147125453763744,5.571846685979897
2020-02-05,0.007502543370586099,5.613806914792158
2020-02-06,0.007083977592482051,5.65371618848912
2020-02-07,-0.002366651928646371,5.640351631033404
2020-02-10,0.010417375047104598,5.699416405173717
2020-02-11,-0.005064301887392739,5.6706258035979635
2020-02-12,0.007552637776459957,5.71361612707342
2020-02-13,-0.0014651303809734514,5.70525106395086
2020-02-14,0.002222363894214156,5.717944307201339
2020-02-18,-0.001030337702987808,5.71205592762871
2020-02-19,0.006463437292865474,5.749095013890615
2020-02-20,-0.006966690301442907,5.709182041504541
2020-02-21,-0.015421864344767718,5.621811252407213
2020-02-24,-0.04051726258866635,5.398583672506326
2020-02-25,-0.0272917953716534,5.253239011449979
2020-02-26,0.00032981211916916647,5.254971879085513
2020-02-27,-0.0521648684063564,4.9878740886185
2020-02-28,0.0004071495092289073,4.989905312583637
2020-03-02,0.05304918620574652,5.261762887713996
2020-03-03,-0.03563213743495062,5.077576002861733
2020-03-04,0.04032043161275638,5.286489497544812
2020-03-05,-0.032556541625085,5.117151174197798
2020-03-06,-0.016678809904590263,5.032510993363916
2020-03-09,-0.07018046317372133,4.691435441094767
2020-03-10,0.05371536268936347,4.9503286213017414
2020-03-11,-0.044133135846180796,4.736605910930419
2020-03-12,-0.09510094262114278,4.306906444273702
2020-03-13,0.10165679537175004,4.767760412399313
2020-03-16,-0.12164069675628597,4.221691945581582
2020-03-17,0.05852659887868106,4.476146775351753
2020-03-18,-0.035266967476879366,4.321037839676518
2020-03-19,0.005166550699919833,4.3434204714637055
2020-03-20,-0.04478761151314148,4.153181027429684
2020-03-23,-0.0174347993236792,4.081398723007534
2020-03-24,0.07850941601028183,4.414741005534353
2020-03-25,-0.002221672947481835,4.404943782015231
2020-03-26,0.05046770212067788,4.6329564160950465
2020-03-27,-0.0379912377666524,4.460246177906192
2020-03-30,0.04017295142971396,4.643075234576986
2020-03-31,-0.01265257237258309,4.584698476002317
2020-04-01,-0.03783501075612677,4.414476834045609
2020-04-02,0.022827299768012052,4.5164063820996425
2020-04-03,-0.013340333521341483,4.456556113515929
2020-04-06,0.06564349832047857,4.758915443209529
2020-04-07,-0.0038372680597953896,4.7406892008334385
2020-04-08,0.024554031184322,4.8585330818527055
2020-04-09,0.005536091312583706,4.885504955128896
2020-04-13,0.004062686752997453,4.905393604712526
2020-04-14,0.03577380396415769,5.084054836542656
2020-04-15,-0.012720840241045127,5.019790998791257
2020-04-16,0.0103710284431884,5.0721222896171465
2020-04-17,0.013504733001740406,5.141084557300954
2020-04-20,-0.01713949597527725,5.053719791940564
2020-04-21,-0.029616473041869335,4.9062411148344856
2020-04-22,0.02648875730866909,5.0379378865586855
2020-04-23,0.0014584454358502147,5.045290804687033
2020-04-24,0.01242108463704641,5.108349607411949
2020-04-27,0.002768544340560182,5.1225118952220665
2020-04-28,-0.014164046228072774,5.050467822178844
2020-04-29,0.03392585567667277,5.224748865771135
2020-04-30,0.006165009779624454,5.2570589873975
2020-05-01,-0.02711615671727178,5.1164231213082525
2020-05-04,0.007306856067239192,5.153945005195794
2020-05-05,0.008241737081872973,5.196597990771718
2020-05-06,-0.0002910090767529298,5.195085953607108
2020-05-07,0.008637900124266077,5.240154957760986
2020-05-08,0.01448762461364283,5.316624952467778
2020-05-11,0.003834058721219949,5.337048331933678
2020-05-12,-0.01792967762974683,5.24220953107604
2020-05-13,-0.013822294179353684,5.170248646752436
2020-05-14,0.010426332388835943,5.224437381660649
2020-05-15,0.0063627643267873185,5.257785225188228
2020-05-18,0.020906034415423384,5.368861702804785
2020-05-19,-0.007876958764604392,5.326737523574848
2020-05-20,0.020598823154210338,5.437599945534931
2020-05-21,-0.00900908460211288,5.388832154020006
2020-05-22,0.0019207145813571807,5.399192508972061
2020-05-26,0.004748896616731334,5.424893693844828
2020-05-27,0.006410584432891948,5.459782141097068
2020-05-28,-0.0033781215581856813,5.441369451005914
2020-05-29,0.005229182544447316,5.469897890357937
2020-06-01,0.004562867619916177,5.4949133380128625
2020-06-02,0.006316826159803929,5.529733611355063
2020-06-03,0.006683428010514523,5.56681496511336
2020-06-04,-0.0076757211980377615,5.524249215877847
2020-06-05,0.023754067751334353,5.657043564903243
2020-06-08,0.006671063014611917,5.694908217317887
2020-06-09,0.006752556023111357,5.733493532237656
2020-06-10,0.006668515377059618,5.7718551875067705
2020-06-11,-0.05326571346656053,5.472457795837301
2020-06-12,0.00837118964156811,5.518461060230372
2020-06-15,0.007218522334559025,5.558440316623646
2020-06-16,0.01834681260890865,5.661361227883939
2020-06-17,-0.0011163674006317518,5.655044595263321
2020-06-18,0.0010802067268923187,5.661156512948994
2020-06-19,-0.003704965474227119,5.640220930277965
2020-06-22,0.012828849939157788,5.713044601420538
2020-06-23,0.009850789323109142,5.769600703967802
2020-06-24,-0.021937989461737865,5.644405550575439
2020-06-25,0.009737723208186616,5.699637690707853
2020-06-26,-0.032446987051981034,5.517669740695796
2020-06-29,0.013616568976688203,5.593315319139288
2020-06-30,0.01663218119964545,5.6871222978970914
2020-07-01,0.010021579290108884,5.7444027860158
2020-07-02,0.003682345766323794,5.765594657247372
2020-07-06,0.02339831901757069,5.902090540114097
2020-07-07,-0.007876611502584669,5.855784671948437
2020-07-08,0.013241281022251833,5.933838387550657
2020-07-09,0.003441521970812063,5.9542950034884585
2020-07-10,0.008834831907509,6.00713326385919
2020-07-13,-0.013110049938394867,5.928893431447467
2020-07-14,0.011066691024331032,5.994871066857833
2020-07-15,-0.0002958299594708785,5.99309786668889
2020-07-16,-0.006128772247999511,5.956479861132028
2020-07-17,-0.002107332145223008,5.943940796275853
2020-07-20,0.024185797914553678,6.089452310180361
2020-07-21,-0.005525913307710674,6.055895326504701
2020-07-22,0.0025080001383455965,6.071102574740507
2020-07-23,-0.02454817074895259,5.923882496888736
2020-07-24,-0.006109392242164625,5.8878015038142095
2020-07-27,0.008466805410606798,5.937864009120664
2020-07-28,-0.008292492425102178,5.88882791352807
2020-07-29,0.010321704676013494,5.949925428963894
2020-07-30,0.0009811831793190588,5.955766260707335
2020-07-31,0.02235020477248871,6.090377547621594
2020-08-03,0.010651210301381405,6.1555941409635
2020-08-04,0.002143789025292637,6.168804591276837
2020-08-05,0.008808217102417045,6.22338076792963
2020-08-06,0.015988927038770463,6.32368569618369
2020-08-07,-0.0062155449481928705,6.284502442285861
2020-08-10,0.00010076208314978215,6.285135713747846
2020-08-11,-0.013367790801018655,6.201676410453212
2020-08-12,0.018880046065873006,6.3198766486601885
2020-08-13,0.0014927223415495733,6.329317514271965
2020-08-14,-0.0010728205899787832,6.322530933165029
2020-08-17,0.0023200837216149316,6.337216763853272
2020-08-18,0.009430094149500383,6.3972599762019975
2020-08-19,-0.0049475532459365016,6.365687359845502
2020-08-20,0.011890993702263045,6.4418335377865805
2020-08-21,0.00799653772710827,6.4935524130769675
2020-08-24,0.00983937143289915,6.557760251560919
2020-08-25,0.005866333219555679,6.596343318284239
2020-08-26,0.017203500301869314,6.7108052625951355
2020-08-27,0.00011884908677586706,6.711602883069419
2020-08-28,0.006798454537627448,6.757386863960274
2020-08-31,0.00127201885969012,6.765987856646185
2020-09-01,0.013935684828989315,6.860936582121641
2020-09-02,0.010495453545026729,6.933324430458071
2020-09-03,-0.04606034977094334,6.621216167632621
2020-09-04,-0.011335475976486516,6.546585318057395
2020-09-08,-0.038440502797041795,6.299706754600384
2020-09-09,0.024411907813199244,6.455387111114341
2020-09-10,-0.021791627764358657,6.316235395900573
2020-09-11,-0.0053827644301235765,6.282327928503913
2020-09-14,0.009032014078332783,6.339327023628278
2020-09-15,0.0072379698705099076,6.385377335970302
2020-09-16,-0.014186333909528491,6.295431748485676
2020-09-17,-0.012624475426874181,6.216454795303261
2020-09-18,-0.01421524329711514,6.128711501618163
2020-09-21,-0.003022281873958628,6.110216770159786
2020-09-22,0.017935670602914178,6.22079630014539
2020-09-23,-0.030280353643210817,6.03525174257543
2020-09-24,0.0062215263239882015,6.072917267195791
2020-09-25,0.018949555029186,6.189093615776107
2020-09-28,0.015476545493942211,6.285624459911555
2020-09-29,-0.004752759219728206,6.255821280078114
2020-09-30,0.009148552021790973,6.313315580293133
2020-10-01,0.009587099985388021,6.374133033681056
2020-10-02,-0.01981324850702645,6.249083659833012
2020-10-05,0.018548270153760395,6.366074991071867
2020-10-06,-0.02002619363090395,6.23985481382545
2020-10-07,0.015559327924272696,6.337702005343782
2020-10-08,0.006374505137704494,6.3782307574693275
2020-10-09,0.015216389693891106,6.476026564839508
2020-10-12,0.028801383781321264,6.665257060690593
2020-10-13,-0.006106668855431498,6.624678568793299
2020-10-14,-0.010245861240522234,6.557149568549558
2020-10-15,-0.0037058238975025085,6.532894896508276
2020-10-16,-0.003738119874646317,6.508519739270453
2020-10-19,-0.020306824670842896,6.377685282203527
2020-10-20,0.00709484532522124,6.423094869331114
2020-10-21,0.0022423513111494114,6.437513864717875
2020-10-22,0.0020111272208403028,6.450473551507086
2020-10-23,0.0031052394250096153,6.470534947888504
2020-10-26,-0.01629761487068617,6.365935338608886
2020-10-27,0.007338989416519597,6.4128267279231475
2020-10-28,-0.0434653699555862,6.14006169998599
2020-10-29,0.017638613185799762,6.249324664012077
2020-10-30,-0.0211330941138548,6.1186428172131855
2020-11-02,0.003704386051379206,6.141350665669862
2020-11-03,0.015971251105857037,6.240223176430641
2020-11-04,0.036036112701193085,6.469197455231369
2020-11-05,0.021639635441355953,6.610714192725977
2020-11-06,-0.0006620667961190948,6.606338906885898
2020-11-09,0.0008588162931059564,6.61201497537809
2020-11-10,-0.008276247844041042,6.5575181264763875
2020-11-11,0.01314127800170472,6.644261002983328
2020-11-12,-0.006561960382705477,6.600804361822582
2020-11-13,0.008230489704003627,6.655356401209676
2020-11-16,0.00805709099297962,6.709195816603164
2020-11-17,-0.007408428153555478,6.659674884058516
2020-11-18,-0.01187523468366034,6.581057406284917
2020-11-19,0.0034233621108760953,6.60362535595075
2020-11-20,-0.009934356133268207,6.538347374117559
2020-11-23,-0.0008210452786233239,6.532981298073187
2020-11-24,0.016545654606971036,6.641972932716621
2020-11-25,0.0022687152104345298,6.657058784015864
2020-11-27,0.0032828756468012243,6.678948991932746
2020-11-30,-0.002847214606756934,6.65995963701778
2020-12-01,0.016472836597242083,6.770576650500627
2020-12-02,0.003272119511123568,6.792767071516103
2020-12-03,-0.003541229039999005,6.768754868948378
2020-12-04,0.001276427506781473,6.777400210251689
2020-12-07,-0.00011497345600039323,6.776621033919975
2020-12-08,0.0032461213239050996,6.798654510283155
2020-12-09,-0.013720110146992452,6.706013199286032
2020-12-10,-0.0011964184727258757,6.697994798853735
2020-12-11,0.0022110430630573165,6.712820738145268
2020-12-14,-0.0033119108250998512,6.690625249503268
2020-12-15,0.013782986753395503,6.783480489987108
2020-12-16,0.0051534762533028255,6.818529229460697
2020-12-17,0.002911976968004207,6.838413566847848
2020-12-18,-0.006718337427686451,6.792624781517796
2020-12-21,0.0031227991138192963,6.813869939080626
2020-12-22,0.0006486408990207743,6.818291127530535
2020-12-23,-0.0010231603342574923,6.81131849017269
2020-12-24,0.004537778844218785,6.842296980730554
2020-12-28,0.020624898819252568,6.984884030876392
2020-12-29,-0.001812768275246521,6.972233524381629
2020-12-30,-0.004984998904066846,6.9375634348793405
2020-12-31,0.0019292593242450618,6.950960713080132
2021-01-04,-0.013476705591207758,6.857913058183746
2021-01-05,0.005323927830679361,6.8945214561393176
2021-01-06,-0.010238330875796444,6.824293187827851
2021-01-07,0.022750547795644248,6.9813291499888965
2021-01-08,0.009466216357221346,7.047729707363558
2021-01-11,-0.017304663320551014,6.926820283234497
2021-01-12,-0.0016930947525147374,6.915102442667695
2021-01-13,0.0066989561918224414,6.96158191916385
2021-01-14,-0.012707529251900862,6.873677122585406
2021-01-15,-0.006710457784571971,6.827706018513482
2021-01-19,0.011153193196746387,6.904282987889301
2021-01-20,0.023298790867274464,7.067033010567752
2021-01-21,0.009479584072113648,7.134344080544167
2021-01-22,0.0027519627242260578,7.154004569574208
2021-01-25,0.009939779159719808,7.225468373940411
2021-01-26,0.003170239301239755,7.248411185635601
2021-01-27,-0.023366470211855873,7.081004865781896
2021-01-28,0.0015845416547437656,7.092233907041517
2021-01-29,-0.024482048229872953,6.920709693634267
2021-02-01,0.023015583864373038,7.0818410210060705
2021-02-02,0.013322953668843191,7.17682337864224
2021-02-03,0.004518086072016778,7.209322245445801
2021-02-04,0.010104776689217101,7.282540139047971
2021-02-05,0.002690419317993645,7.302159606184437
2021-02-08,0.004209001566688125,7.33295917966395
2021-02-09,-0.0019397822940270912,7.31874862243397
2021-02-10,-0.002860999187042009,7.297839613166516
2021-02-11,0.0019067747688894213,7.311768224750746
2021-02-12,0.002595229892414441,7.330768588705978
2021-02-16,-0.0015169259658147811,7.319656785506538
2021-02-17,-1.4002051907954454e-05,7.319554296009812
2021-02-18,-0.005567816564134245,7.2789136053042185
2021-02-19,-0.009408281649105125,7.210752677385316
2021-02-22,-0.016948204701057026,7.089573153286869
2021-02-23,0.0005546191721609072,7.093506257066681
2021-02-24,0.0071245535575923695,7.14422478119095
2021-02-25,-0.0313057332981951,6.924034182484031
2021-02-26,0.000984743980176102,6.930855941755688
2021-03-01,0.02780579602233917,7.12627825387217
2021-03-02,-0.013270370896077613,7.032334610470667
2021-03-03,-0.019688886280971825,6.895229922391167
2021-03-04,-0.011971978895170118,6.813172549941356
2021-03-05,0.015332463528128934,6.918440213657106
2021-03-08,-0.017312850842804654,6.799693181041778
2021-03-09,0.028791115084086716,6.998309401489452
2021-03-10,0.001441431824686051,7.008404261157892
2021-03-11,0.016714472009985985,7.126530496745282
2021-03-12,-0.005820846377512252,7.085168555059533
2021-03-15,0.004799038144452994,7.119252268320685
2021-03-16,0.004097823476939164,7.1484855629370605
2021-03-17,0.0026653451138105868,7.167564158229121
2021-03-18,-0.022620883664364558,7.007247610402854
2021-03-19,0.0008390862662569305,7.013129763108662
2021-03-22,0.011593795141441675,7.094911718435178
2021-03-23,-0.0010541664782821444,7.087436441120865
2021-03-24,-0.011674585863068847,7.005174676185644
2021-03-25,-0.000689293655469909,7.000347717513002
2021-03-26,0.009456386248823091,7.066859695239337
2021-03-29,0.002829344853530902,7.086882590829724
2021-03-30,-0.0044735835233386985,7.0552496387219295
2021-03-31,0.010667388303019613,7.130913576996026
2021-04-01,0.01494570112826189,7.23829049297643
2021-04-05,0.022703646468277272,7.40450578836045
2021-04-06,-0.00177251945793769,7.391392782736211
2021-04-07,0.008141635829379585,7.451816451025414
2021-04-08,0.008202347436395373,7.513190198896622
2021-04-09,0.009854230950977018,7.587592898912579
2021-04-12,0.00014749197871880262,7.588712090536817
2021-04-13,0.008865385396651763,7.656288048746076
2021-04-14,-0.011535065724518996,7.568479674213478
2021-04-15,0.014532744513649639,7.6792735754337045
2021-04-16,0.002026839023993808,7.6948540109759005
2021-04-19,-0.0054175986695130796,7.653279099901954
2021-04-20,-0.006192003688698931,7.606036381970535
2021-04-21,0.006936545453089962,7.658979407621628
2021-04-22,-0.013189017652930258,7.5586282145113035
2021-04-23,0.013417913048830391,7.660732713399482
2021-04-26,0.003822775329723684,7.690074020304099
2021-04-27,-0.0024593411774957597,7.671184741719054
2021-04-28,0.0005568665395800032,7.675457757459977
2021-04-29,0.008255598613025333,7.739085537203517
2021-04-30,-0.006506356508348697,7.688895741058834
2021-05-03,-0.002368044086139905,7.670709638215333
2021-05-04,-0.013802918181677346,7.565558824169097
2021-05-05,-0.0027747019450608903,7.544595749975079
2021-05-06,0.01137944357004804,7.630939391136538
2021-05-07,0.004406293150840899,7.664637734978746
2021-05-10,-0.020113233329083477,7.512017080340364
2021-05-11,-0.0063432484165777125,7.46451730061129
2021-05-12,-0.023610857152640094,7.290338001791516
2021-05-13,0.011036484927558616,7.371243341330793
2021-05-14,0.01703280880305799,7.497871676515507
2021-05-17,-0.0032329989259347767,7.473670208179148
2021-05-18,-0.008219352465814816,7.412493240469557
2021-05-19,-0.000730343555410146,7.407081550238951
2021-05-20,0.01279761354390095,7.5024836751018995
2021-05-21,-0.004305545119019292,7.470250832905836
2021-05-24,0.016141261967971256,7.591808516562414
2021-05-25,0.0004551793741539029,7.595264937797829
2021-05-26,0.0012313342926577047,7.6046230082517114
2021-05-27,-0.0030877839564511307,7.58117779084308
2021-05-28,-0.0009917843307759827,7.573662624829259
2021-06-01,-0.0016929568806493306,7.5608515879032065
2021-06-02,0.0016578702287962778,7.573396895027301
2021-06-03,-0.007667908637569585,7.515546857411328
2021-06-04,0.013217306714466397,7.615541519685192
2021-06-07,0.001722060315367411,7.628667239913549
2021-06-08,0.0009324456193842196,7.6357838746849716
2021-06-09,-0.00017251842831101413,7.634466674875876
2021-06-10,0.005756740047667739,7.678543061350881
2021-06-11,0.002337839276978319,7.696515260780961
2021-06-14,0.007636045652195989,7.755511163712466
2021-06-15,-0.005711875866656963,7.711338919944604
2021-06-16,-0.0025907916093840383,7.691386305467277
2021-06-17,0.009466256111821454,7.764540640646825
2021-06-18,-0.009190570825301066,7.693506999813321
2021-06-21,0.008816836451508412,7.761639307110512
2021-06-22,0.009273033154560538,7.833947987990616
2021-06-23,0.001091848125448789,7.8425061406674414
2021-06-24,0.0033724002092921524,7.8689988569298865
2021-06-25,-0.0011712741113468613,7.859787497852831
2021-06-28,0.008903592753106239,7.930080309779897
2021-06-29,0.0009737063139356157,7.93780563953836
2021-06-30,0.0006467126533188047,7.942940779185952
2021-07-01,0.004164873937654205,7.976091111784372
2021-07-02,0.013326133496486751,8.083092943571426
2021-07-06,0.005539227331115533,8.127991269139091
2021-07-07,0.0041225274030390014,8.161568299437432
2021-07-08,-0.007313382784168094,8.102097358292596
2021-07-09,0.008445848165744023,8.170816228487308
2021-07-12,0.005235527662474284,8.213706942664642
2021-07-13,0.0001375899076937517,8.214837143595044
2021-07-14,0.003755752147713312,8.245748046350004
2021-07-15,-0.005465576550449685,8.20080321577756
2021-07-16,-0.009075527078008393,8.126713315116223
2021-07-19,-0.015801563397756933,7.999307793637501
2021-07-20,0.013154148371660197,8.105226986337295
2021-07-21,0.00617452124175349,8.155427705747277
2021-07-22,0.006476897334526157,8.208421004537906
2021-07-23,0.014380570533234554,8.327315619003343
2021-07-26,0.0038415487978682686,8.359366932234481
2021-07-27,-0.009655719043437387,8.279039666604476
2021-07-28,0.0009343793624328252,8.28677904560464
2021-07-29,-0.0008068940157023269,8.28009519012743
2021-07-30,-0.01169170363870851,8.18385049961562
2021-08-02,-0.0015263943997408358,8.171368244890058
2021-08-03,0.006915377175899023,8.228072176908743
2021-08-04,-0.0010604293897744184,8.219351511993057
2021-08-05,0.007455050153695826,8.280856165024968
2021-08-06,-0.0012755746903229642,8.27030004847552
2021-08-09,0.0005862166814146659,8.275149657646256
2021-08-10,-0.0018257568097584708,8.260055030559156
2021-08-11,-0.00046088690941872,8.256248956476727
2021-08-12,0.007021170805034798,8.314421471213539
2021-08-13,0.0019616565616790383,8.330747518462616
2021-08-16,0.0037111101714071963,8.361721278282948
2021-08-17,-0.010385090148416896,8.275333398382667
2021-08-18,-0.010275688730038774,8.190734050925101
2021-08-19,0.003664866553140265,8.220807071337495
2021-08-20,0.01146345222755753,8.315588121557344
2021-08-23,0.011427541760189818,8.411159887201267
2021-08-24,0.0011434784120837815,8.420783368025559
2021-08-25,0.00024099909111884022,8.422813013725323
2021-08-26,-0.006076553914984524,8.371786525944199
2021-08-27,0.009644387838291782,8.452917884379918
2021-08-30,0.011944768200228568,8.554491457833842
2021-08-31,-0.001711503785781316,8.539862935275073
2021-09-01,0.0021142999020453902,8.557937867823354
2021-09-02,-0.0029443854797574116,8.532777059565351
2021-09-03,0.0023577323454401057,8.552918799120043
2021-09-07,0.004916728918139752,8.595074732037524
2021-09-08,-0.002973482126169934,8.569555390404464
2021-09-09,-0.004976332754578904,8.5270163631862
2021-09-10,-0.012064794737826713,8.424757765918946
2021-09-13,0.003451068411297835,8.45388240797795
2021-09-14,-0.002717985531876206,8.43093607593037
2021-09-15,0.007360946846296419,8.493224718692732
2021-09-16,-0.0004424036348007408,8.489468116234564
2021-09-17,-0.011736285479856052,8.390415685609426
2021-09-20,-0.020984560235611082,8.216181014889553
2021-09-21,0.0009084579563456729,8.223648461320296
2021-09-22,0.008298666718579078,8.292177736631372
2021-09-23,0.009953765060110932,8.37512827587197
2021-09-24,0.004085684413228862,8.409416404466663
2021-09-27,-0.004606900190394389,8.370764164299501
2021-09-28,-0.02553182873599457,8.159748517789023
2021-09-29,-0.0001334231287015542,8.158659891237956
2021-09-30,-0.008702226978587612,8.087969409440168
2021-10-01,0.01224036806944137,8.187577508182873
2021-10-04,-0.021108923412455134,8.016557931491796
2021-10-05,0.013594102509181128,8.126279938176223
2021-10-06,0.008635623801010083,8.1967593133152
2021-10-07,0.00897447753792913,8.27065202394197
2021-10-08,-0.0013507810500945595,8.259487725874777
2021-10-11,-0.007076987113053259,8.20124178366725
2021-10-12,-0.00556025262928769,8.155767349306592
2021-10-13,0.0026989886853401083,8.177809405352052
2021-10-14,0.018146225424970706,8.327560376531634
2021-10-15,0.01140898266980235,8.42311341355233
2021-10-18,0.008693176352669961,8.496656221049093
2021-10-19,0.0063945317179758595,8.551162443906783
2021-10-20,-0.0013123616601643522,8.539947586749447
2021-10-21,0.004205556976244702,8.575938450667433
2021-10-22,-0.008489359367370958,8.503442385217491
2021-10-25,0.008548611198628688,8.5764466057798
2021-10-26,0.004903161353284078,8.618601569165534
2021-10-27,0.005427474114323009,8.665505977173602
2021-10-28,0.010015863674464899,8.752734609544243
2021-10-29,0.0043164945971013715,8.790597399672041
2021-11-01,-0.0007762235540589272,8.783776578499667
2021-11-02,0.0024038258296929017,8.804916645861692
2021-11-03,0.009360350951722909,8.88772068863772
2021-11-04,0.010220711178794908,8.979025319135115
2021-11-05,0.003958932320518709,9.014643130409667
2021-11-08,-0.002119938601773282,8.995552882682357
2021-11-09,-0.010113310892513393,8.905036541173535
2021-11-10,-0.009939433630837593,8.816963942440912
2021-11-11,-0.0014040362746673073,8.804593291686698
2021-11-12,0.009732648798227897,8.890703667299
2021-11-15,-0.0013060160351021908,8.879099844784667
2021-11-16,0.005019824488396976,8.923783425656776
2021-11-17,-0.00021980183389206596,8.921822177245456
2021-11-18,0.01337773709665676,9.041977882518383
2021-11-19,0.0046777946014843995,9.084373479483771
2021-11-22,-0.007107061991882715,9.020039158805718
2021-11-23,-0.0011542064583569712,9.009634177257562
2021-11-24,0.00457681604068897,9.05096412311467
2021-11-26,-0.02553321587752526,8.822789316871713
2021-11-29,0.017943675311962875,8.982531478394199
2021-11-30,-0.010767161787755788,8.886333925372151
2021-12-01,-0.012566292896890976,8.775364348866043
2021-12-02,0.005771718373540989,8.826159727812893
2021-12-03,-0.013852599170130434,8.704737423828844
2021-12-06,0.013097113837615347,8.819494211762933
2021-12-07,0.02539794086508801,9.046359970829
2021-12-08,0.006114201355695992,9.101840674485238
2021-12-09,-0.007211608904268722,9.036437872398531
2021-12-10,0.010513567123692863,9.131944245127084
2021-12-13,-0.01406112810616294,9.004437353439176
2021-12-14,-0.00734567429880306,8.938536030553868
2021-12-15,0.019739735142045512,9.116733362134488
2021-12-16,-0.020030349656679543,8.935938739667305
2021-12-17,-0.009826666140537798,8.848558285440522
2021-12-20,-0.011538779396481751,8.747043527936825
2021-12-21,0.019926030593135746,8.923085468722176
2021-12-22,0.014032540802866662,9.049181685653895
2021-12-23,0.00650161367984065,9.108207643155474
2021-12-27,0.014346312426575424,9.239818644619318
2021-12-28,-0.0016401215092215822,9.224676640076973
2021-12-29,-0.0007047520174451188,9.218177820901547
2021-12-30,-0.004151054466296619,9.179991973286109
2021-12-31,-0.006822420222150754,9.117575368661564
2022-01-03,0.01701634979719708,9.274050764791598
2022-01-04,-0.009456009307384706,9.18676857540869
2022-01-05,-0.026695711225896698,8.944765843926504
2022-01-06,-0.004717643709898346,8.902667007342043
2022-01-07,-0.004156242967207156,8.865742147701901
2022-01-10,0.0007291440908767475,8.872208908513846
2022-01-11,0.0089667732818323,8.952121738986744
2022-01-12,0.006191609686531272,9.007721731764317
2022-01-13,-0.02344196832878347,8.799018765594555
2022-01-14,0.0039341715240333065,8.833703798358648
2022-01-18,-0.021826378869505107,8.642984954636992
2022-01-19,-0.010740263098113725,8.550653740593754
2022-01-20,-0.011602682309719758,8.452016556219057
2022-01-21,-0.02597467028561945,8.235304903957541
2022-01-24,-1.3285703857670699e-05,8.235195492862212
2022-01-25,-0.016218999615065878,8.102706186665532
2022-01-26,0.00802615260219372,8.168001427271617
2022-01-27,-0.007089152794377869,8.11030197887741
2022-01-28,0.035226722949768675,8.401093078340413
2022-01-31,0.02340986009335182,8.600081550669719
2022-02-01,0.004967738781219871,8.642910803500913
2022-02-02,0.015076148075034265,8.774199785927701
2022-02-03,-0.04067199946479162,8.424495332370638
2022-02-04,0.015894396840965427,8.55946741276373
2022-02-07,-0.009487098682010892,8.478646883110578
2022-02-08,0.0101690915932792,8.565306899881541
2022-02-09,0.013418797963899087,8.681017635889926
2022-02-10,-0.01998028217364477,8.509289752695437
2022-02-11,-0.025126735269537268,8.298142906102626
2022-02-14,0.0020217206513792317,8.314936403143797
2022-02-15,0.018720011717389656,8.472058182376458
2022-02-16,0.0009137337269309895,8.479802925451848
2022-02-17,-0.025983281446371093,8.262307675913947
2022-02-18,-0.01031028882646819,8.177558542174715
2022-02-22,-0.013662905313683008,8.066589142577769
2022-02-23,-0.024982318360076965,7.8675634572104975
2022-02-24,0.023728087848397066,8.056478122450402
2022-02-25,0.016933539270268385,8.194064435067133
2022-02-28,0.0018555943129380296,8.209283410187664
2022-03-01,-0.015462382127773584,8.083324653878854
2022-03-02,0.014945040953154234,8.2050375082501
2022-03-03,-0.00955991564926409,8.126971787174018
2022-03-04,-0.012961334725298281,8.022315095897255
2022-03-07,-0.03570499133232902,7.740931693651931
2022-03-08,-0.006339999470879847,7.692009438218323
2022-03-09,0.035231978804166744,7.967844731209264
2022-03-10,-0.005175724291108639,7.926711901601408
2022-03-11,-0.0171280941403704,7.792098559883559
2022-03-14,-0.012278136298343902,7.697011054942773
2022-03-15,0.0303594043266533,7.934271038416828
2022-03-16,0.027514565830006936,8.155610122032071
2022-03-17,0.011831729944330106,8.252678207839823
2022-03-18,0.017671392732994198,8.399810714872052
2022-03-21,0.0007280103542670118,8.405928090532589
2022-03-22,0.017554702972116844,8.554794491125561
2022-03-23,-0.009392271561887355,8.474821689143294
2022-03-24,0.018118555958637615,8.629772725723683
2022-03-25,0.0027105593365720874,8.653195967460043
2022-03-28,0.01377094011084699,8.773182881020608
2022-03-29,0.010862004654604948,8.868996657118561
2022-03-30,-0.006980273121769714,8.807304203715779
2022-03-31,-0.018129166165835327,8.649073749167643
2022-04-01,0.002964458696748229,8.674751612740385
2022-04-04,0.017208179573454652,8.825320085377362
2022-04-05,-0.016462130067622007,8.681225821634174
2022-04-06,-0.02174591357739311,8.494482446766554
2022-04-07,0.0016904847403167648,8.508854384067446
2022-04-08,-0.009257272050430431,8.43044907376522
2022-04-11,-0.025674376741347597,8.21675748551082
2022-04-12,-0.00327246958929085,8.189912345426356
2022-04-13,0.015148990706738062,8.314925774283706
2022-04-14,-0.021687298586005148,8.136538853310343
2022-04-18,0.0035121306769004277,8.165165682176632
2022-04-19,0.018070601648912797,8.314056359048257
2022-04-20,-0.009489917524539248,8.235529844311706
2022-04-21,-0.01586347411857952,8.105916506772674
2022-04-22,-0.02634257227429262,7.895173755033221
2022-04-25,0.012332436807291168,7.993143346677142
2022-04-26,-0.03891655760134943,7.688052764775145
2022-04-27,0.002326148481355267,7.705957133074743
2022-04-28,0.033896661482181636,7.971640809874553
2022-04-29,-0.04465376872434861,7.623507580187039
2022-05-02,0.011519820284177123,7.711836809049052
2022-05-03,0.0021416122798331595,7.728370271273013
2022-05-04,0.03106755868100484,7.972240479344162
2022-05-05,-0.04930913212554956,7.588670681318076
2022-05-06,-0.0055662340461321794,7.546547706133956
2022-05-09,-0.03530878892722946,7.284737545459447
2022-05-10,0.008873826349367916,7.3496687092928
2022-05-11,-0.028684838657879862,7.141839669707235
2022-05-12,-0.00887505322689432,7.07873590135717
2022-05-13,0.02817866663231639,7.281042215202124
2022-05-16,-0.0089204589762494,7.216380810305093
2022-05-17,0.020316892408671502,7.364494755563195
2022-05-18,-0.0483742876312511,7.016722012469239
2022-05-19,-0.009626786939328714,6.949497621256087
2022-05-20,-0.003352361311671465,6.926239401055775
2022-05-23,0.02452051448659458,7.098173698726316
2022-05-24,-0.020267439999485156,6.955759945181684
2022-05-25,0.009049269155672172,7.018990151195329
2022-05-26,0.02359524478794903,7.186574261093939
2022-05-27,0.030987379165157564,7.412753617192891
2022-05-31,0.0005488195120356683,7.416822997591459
2022-06-01,-0.005884227514530853,7.3733088726972795
2022-06-02,0.020857640275324753,7.528713752422982
2022-06-03,-0.026261403509203193,7.333572716382685
2022-06-06,0.005946686801929174,7.377313102755861
2022-06-07,0.0069951021804743226,7.429099074646028
2022-06-08,-0.006627591381688001,7.3800248432535875
2022-06-09,-0.027513932636311092,7.179739293223694
2022-06-10,-0.03669781579802512,6.921034526236388
2022-06-13,-0.04285216267339355,6.630717998894948
2022-06-14,-0.0004929286950750441,6.627450333153611
2022-06-15,0.02350693469517708,6.785086892704889
2022-06-16,-0.033707780958288996,6.5601883788730895
2022-06-17,0.007367277988075721,6.608697581293901
2022-06-21,0.028825070257769134,6.801965857420594
2022-06-22,-0.0009953440345886542,6.795198929550251
2022-06-23,0.014480427746752353,6.894312185992803
2022-06-24,0.03264256416800408,7.12307358072158
2022-06-27,-0.007264677793151825,7.071514253964544
2022-06-28,-0.031045202265951578,6.855350449499667
2022-06-29,0.005349429576354082,6.8921209268034005
2022-06-30,-0.013982159297974237,6.796424772591108
2022-07-01,0.009773491173805523,6.863175231289841
2022-07-05,0.015529402594745457,6.970588112822226
2022-07-06,0.007557037188358296,7.023464649750758
2022-07-07,0.019302054768249772,7.160348771616079
2022-07-08,0.0012976162348603518,7.16964618736361
2022-07-11,-0.018796792200412596,7.036138526588337
2022-07-12,-0.011051855447138261,6.958804271346303
2022-07-13,-0.003196130503690812,6.936598529872378
2022-07-14,0.0023049316611941134,6.9526053556780365
2022-07-15,0.018064831106432616,7.079344309447992
2022-07-18,-0.010241375570397893,7.00721208266465
2022-07-19,0.02736676615047055,7.201624908797138
2022-07-20,0.01040779989769481,7.276969384778182
2022-07-21,0.014008092711154546,7.379623159763152
2022-07-22,-0.01653550846689446,7.258600680155807
2022-07-25,-0.0036807483731240995,7.23193270666911
2022-07-26,-0.02160344777031588,7.077373542707257
2022-07-27,0.039590202052145244,7.363188598305973
2022-07-28,0.00971929644810186,7.435102521354774
2022-07-29,0.02361406268817441,7.612764908099144
2022-08-01,-0.0036813688129870184,7.58479103544997
2022-08-02,-0.006865143874291605,7.532898681780054
2022-08-03,0.025178924698376823,7.724976985338181
2022-08-04,0.001929842814222187,7.739899370961422
2022-08-05,-0.006346092857457583,7.690936775755791
2022-08-08,-0.004671749524560868,7.655090443269821
2022-08-09,-0.004607160122005958,7.6199033344114975
2022-08-10,0.02485744426866569,7.811688425371316
2022-08-11,-0.006481783459076066,7.761218496823784
2022-08-12,0.020197172551260575,7.919566877971834
2022-08-15,0.006538510465141931,7.971518707586217
2022-08-16,0.0029786857535944724,7.995298755858013
2022-08-17,-0.007209402534025444,7.937864710088112
2022-08-18,0.0002391261424439939,7.939763088022328
2022-08-19,-0.017498944724009143,7.802034182391174
2022-08-22,-0.02498645104733856,7.609504372186045
2022-08-23,-0.0032468585016430045,7.5848374548870625
2022-08-24,0.0013016351202482113,7.594716573808979
2022-08-25,0.016000195486798024,7.717210876789095
2022-08-26,-0.03976803720711941,7.416334824360236
2022-08-29,-0.009358872561247704,7.347250073807391
2022-08-30,-0.010151100526693366,7.273044670175277
2022-08-31,-0.008471576841633034,7.211690762485879
2022-09-01,0.004949734997098323,7.24747520934618
2022-09-02,-0.01401765577224928,7.146591326339526
2022-09-06,-0.005859478994616394,7.1048384690349575
2022-09-07,0.01751628709647996,7.230385205767324
2022-09-08,0.00299603209767705,7.25208015507642
2022-09-09,0.01898099995538312,7.3910465768075495
2022-09-12,0.014254478543102762,7.497156566228719
2022-09-13,-0.053408132326013234,7.107252146496501
2022-09-14,0.006171527763096622,7.151250378945072
2022-09-15,-0.013192630324724198,7.057526170108352
2022-09-16,-0.005529857211472662,7.018606766670664
2022-09-19,0.009031913341964662,7.082285351615481
2022-09-20,-0.00622573576825924,7.038329883919916
2022-09-21,-0.019583414094294125,6.901836223405405
2022-09-22,-0.005111391960186139,6.866648239622304
2022-09-23,-0.01610772771630738,6.756928182170156
2022-09-26,-0.004290085695072608,6.728002472484262
2022-09-27,-0.0012070543305314218,6.71988630727563
2022-09-28,0.014724547707245664,6.819565659513769
2022-09-29,-0.027569272520103456,6.634123197801414
2022-09-30,-0.017398629988048767,6.519696860249049
2022-10-03,0.020216749715582932,6.652845319459615
2022-10-04,0.028963133166360077,6.848350113452075
2022-10-05,-0.0022319450700357536,6.833082017292721
2022-10-06,-0.00876435734693727,6.773456117732309
2022-10-07,-0.03646202717875995,6.530930532712298
2022-10-10,-0.008333576411468868,6.47673067707368
2022-10-11,-0.010381692857707391,6.409839073299263
2022-10-12,-0.0008515305066110695,6.404383223027026
2022-10-13,0.02578099086919675,6.57164134443427
2022-10-14,-0.025921871950750366,6.403481030144329
2022-10-17,0.03419193438921539,6.626214579667872
2022-10-18,0.009941517852553566,6.692417744922954
2022-10-19,-0.006393443768642344,6.649766637407539
2022-10-20,-0.005422187285688295,6.6138079328079655
2022-10-21,0.0252209445504128,6.782735720704305
2022-10-24,0.011598019884056834,6.861859979885156
2022-10-25,0.016450438025147555,6.975674162138641
2022-10-26,-0.027689466350475433,6.785171102687759
2022-10-27,-0.0217019791710683,6.639505790556089
2022-10-28,0.02893591386505065,6.834432549556893
2022-10-31,-0.012304745123507908,6.750851872985924
2022-11-01,-0.013407534805407224,6.660943662101947
2022-11-02,-0.03160285709213153,6.453730323950065
2022-11-03,-0.02291599098446819,6.30751839213985
2022-11-04,0.014315370790723808,6.398462251136741
2022-11-07,0.010461011837896966,6.465747965211904
2022-11-08,0.0028801691398169706,6.484397256632053
2022-11-09,-0.026785260228851443,6.313016474419172
2022-11-10,0.06812936716845884,6.758108046826467
2022-11-11,0.014436277414262616,6.85637758589127
2022-11-14,-0.010234359701742437,6.786564805340741
2022-11-15,0.010405032291689202,6.857547881477355
2022-11-16,-0.0059983651950351255,6.8165369272478005
2022-11-17,-0.0021692743919460495,6.801766015122829
2022-11-18,0.001477663420297944,6.811824165407022
2022-11-21,-0.010470321191492528,6.740874260811333
2022-11-22,0.013864621808281026,6.834984829264228
2022-11-23,0.010772973520556861,6.90901599173522
2022-11-25,-0.0038730824896846326,6.882308556312914
2022-11-28,-0.015142446055709196,6.77887863755415
2022-11-29,-0.008460944313979236,6.721764881763452
2022-11-30,0.042974426581030636,7.016925631275316
2022-12-01,-0.0006935632445030574,7.012060636853727
2022-12-02,-0.0021585060310971194,6.996941385047001
2022-12-05,-0.01721895415405289,6.877492714001695
2022-12-06,-0.02108264363997421,6.734014747751151
2022-12-07,-0.006084373179607172,6.693166881872869
2022-12-08,0.009469555957227609,6.756849246168952
2022-12-09,-0.004747330034192169,6.724848272498672
2022-12-12,0.01393433947701255,6.819210502107989
2022-12-13,0.009334285361994767,6.883160960464849
2022-12-14,-0.005406723204105848,6.8460460398475
2022-12-15,-0.0312792924261412,6.635220982008121
2022-12-16,-0.012041541078119413,6.555801820178013
2022-12-19,-0.013472701108465431,6.4680697825318765
2022-12-20,-0.0002200783090235421,6.466646457298741
2022-12-21,0.014181290242182499,6.559005182706646
2022-12-22,-0.02184795703663124,6.41725839644603
2022-12-23,0.004454434520379681,6.445907413988611
2022-12-27,-0.013237508982171122,6.361141936379195
2022-12-28,-0.012636980000922915,6.28126209593907
2022-12-29,0.023111288697536644,6.428120666272012
2022-12-30,-0.0012371245144677202,6.42017319763157
2023-01-03,-0.010640176369744275,6.352223561606219
2023-01-04,-0.0018941891183935696,6.340202637404338
2023-01-05,-0.014056791252304513,6.251703198737813
2023-01-06,0.02174762451150196,6.389152068398849
2023-01-09,0.0018555976195969886,6.401018770275097
2023-01-10,0.006620085135899242,6.44353463353478
2023-01-11,0.02021736439659554,6.575131711860784
2023-01-12,0.003794281637352911,6.600127002978124
2023-01-13,0.006300279527475139,6.641840914684776
2023-01-17,0.0002446466439476995,6.643466017554064
2023-01-18,-0.01448520100416601,6.547927693330538
2023-01-19,-0.00463322627360847,6.517659835766681
2023-01-20,0.02423300307255822,6.67753156920416
2023-01-23,0.013510266813241563,6.768358972045202
2023-01-24,0.00037499200647291296,6.770897528496099
2023-01-25,-0.002908859545259317,6.751230556687309
2023-01-26,0.018184585104809997,6.875121925875539
2023-01-27,0.010653677683922573,6.948758814262624
2023-01-30,-0.020700141746128504,6.806397059514656
2023-01-31,0.015986511260326457,6.916082006577609
2023-02-01,0.012823644986799297,7.005342486073332
2023-02-02,0.032196181558481744,7.234557895161344
2023-02-03,-0.010104477073625615,7.161824555793149
2023-02-06,-0.006482955442526332,7.115544942734689
2023-02-07,0.020131893813875874,7.260246003986914
2023-02-08,-0.0154107343366415,7.1492179905453375
2023-02-09,-0.00918051701478916,7.083884828111613
2023-02-10,-0.002532597809474083,7.065966895948455
2023-02-13,0.013793875190467372,7.164109287226651
2023-02-14,0.004412476013192066,7.195790592709926
2023-02-15,0.0032196020947998453,7.218995510431946
2023-02-16,-0.01867992270991953,7.085396922696593
2023-02-17,-0.005094420348288294,7.049392720576272
2023-02-21,-0.02246308559752117,6.892806893156748
2023-02-22,8.198062520207267e-05,6.893371992938547
2023-02-23,0.008797413095647882,6.954283372416285
2023-02-24,-0.014152234144889362,6.856557873967723
2023-02-27,0.00572892160640989,6.895951289669965
2023-02-28,-0.002373291451744811,6.879604592833223
2023-03-01,-0.008882871685558567,6.81876456511756
2023-03-02,0.005003918705933386,6.852970619459566
2023-03-03,0.022071917294521654,7.0059104489090265
2023-03-06,0.005391273057046337,7.0437832246564716
2023-03-07,-0.014798826622699263,6.940311019961953
2023-03-08,0.0007122625126765167,6.945256104217796
2023-03-09,-0.016646751289477422,6.830597150542645
2023-03-10,-0.010318147776875923,6.760480399315165
2023-03-13,0.007879214601583591,6.813958079584192
2023-03-14,0.02171998226524014,6.963576096660402
2023-03-15,0.001594719322789,6.974689905364882
2023-03-16,0.022539630810785322,7.133681920444258
2023-03-17,-0.0045136131570113055,7.101555796858571
2023-03-20,0.004153333301653644,7.1311122614797675
2023-03-21,0.017613096575536672,7.257825864139498
2023-03-22,-0.01189037837697308,7.172038600654489
2023-03-23,0.008496048445665719,7.233232171738717
2023-03-24,0.002885115992637089,7.254131018858236
2023-03-27,-0.004996141371940545,7.21797874090424
2023-03-28,-0.004889737630743033,7.182770867419169
2023-03-29,0.014389208556306161,7.286872428807936
2023-03-30,0.007280056713369464,7.340114842096545
2023-03-31,0.016955452239706147,7.465630892425243
2023-04-03,0.005411204353559814,7.506138445293417
2023-04-04,-0.0018060110665657986,7.49259451012377
2023-04-05,-0.00456965736984391,7.458434030688883
2023-04-06,0.009726912564441194,7.531335544916437
2023-04-10,-0.0053141032572411005,7.491419403349702
2023-04-11,-0.006142950612473502,7.445541042461615
2023-04-12,-0.005441131480311732,7.405138891094856
2023-04-13,0.021312616271437806,7.564655595847483
2023-04-14,0.0008141468646901314,7.570816844223502
2023-04-17,-0.0006673294283874766,7.565766300722004
2023-04-18,4.375841260868767e-05,7.566097373889057
2023-04-19,-3.186133180821809e-07,7.566094963230052
2023-04-20,-0.0067648874310378936,7.515083919034821
2023-04-21,0.002189597012877662,7.53155695240636
2023-04-24,-0.0007004056402519034,7.526283654376433
2023-04-25,-0.015124841537872176,7.413306342428976
2023-04-26,0.00664300595146839,7.4627169162444424
2023-04-27,0.0285615200584061,7.6789365372413165
2023-04-28,0.004873528817402325,7.716451396363932
2023-05-01,-0.0008728684761019469,7.709718887917325
2023-05-02,-0.008941407871411532,7.641090421550758
2023-05-03,-0.004258097222903933,7.608623089232065
2023-05-04,-0.005236875501768017,7.568881828216841
2023-05-05,0.02229314963888099,7.739510906591734
2023-05-08,0.0029691265915289403,7.762524642670934
2023-05-09,-0.005379000826871152,7.720882114202745
2023-05-10,0.01024538653644457,7.800392145869879
2023-05-11,0.004302493318431312,7.834025582894044
2023-05-12,-0.0036894224089106475,7.805175805588843
2023-05-15,0.0008922041406004475,7.812142723254943
2023-05-16,0.0024636813428891863,7.831413081794468
2023-05-17,0.012350559595674855,7.928735169810556
2023-05-18,0.01290769747845874,8.031740233747358
2023-05-19,-0.001511314697229935,8.019610914605593
2023-05-22,0.0016221105704410435,8.032630166719501
2023-05-23,-0.01186235318227526,7.937907200087529
2023-05-24,-0.0028424636858444445,7.9153760243243685
2023-05-25,0.019559396801923493,8.071720017576313
2023-05-26,0.01629838532096432,8.20435394401469
2023-05-30,0.003584280715805465,8.233813415610854
2023-05-31,-0.0063654099308208265,8.181568275201926
2023-06-01,0.01580468229633923,8.311902595757356
2023-06-02,0.009933296293587099,8.394878617436943
2023-06-05,0.00011563030934577408,8.39584937597187
2023-06-06,0.0012265929346659122,8.406153983984682
2023-06-07,-0.015060891723833656,8.28049842659023
2023-06-08,0.010821009399369051,8.370588330662814
2023-06-09,0.0032183624600951115,8.397571315136789
2023-06-12,0.012007870532535565,8.499016113346213
2023-06-13,0.005684930092345899,8.547470023855157
2023-06-14,0.0028389640198726385,8.571770461426569
2023-06-15,0.01257755589835512,8.680263240301766
2023-06-16,-0.006091511112778438,8.627548040929332
2023-06-20,0.001985960543767296,8.644699035890698
2023-06-21,-0.009423882162691329,8.563615073781627
2023-06-22,0.012659982953060454,8.67271946729004
2023-06-23,-0.006940792124803141,8.612732344207675
2023-06-26,-0.016606466538870896,8.470886333025009
2023-06-27,0.013705351317815298,8.58778202468435
2023-06-28,0.0018521753531338327,8.603702842410218
2023-06-29,0.0010502979209626717,8.612744040762967
2023-06-30,0.016559190984783447,8.75655149572601
2023-07-03,0.0013298802934918663,8.76820440777074
2023-07-05,0.0016461185468328206,8.782649797819134
2023-07-06,-0.0059150280736908626,8.730853516950056
2023-07-07,-0.005319390357582105,8.68453400394498
2023-07-10,-0.007392737409688625,8.62056825683818
2023-07-11,0.003571585841039875,8.65141240483926
2023-07-12,0.011585282659736622,8.752224302552252
2023-07-13,0.013037654147128234,8.867079872698623
2023-07-14,0.003304475584389772,8.896429387313043
2023-07-17,0.006748804716110195,8.956672708468462
2023-07-18,0.007705710001707136,9.025956829784569
2023-07-19,-0.00015176152813384063,9.024587140718893
2023-07-20,-0.01722077666556375,8.870507236625102
2023-07-21,-0.0044455483183955405,8.83116049182406
2023-07-24,0.006955534991081876,8.892800057206484
2023-07-25,0.0045378131940511796,8.93324562043966
2023-07-26,3.95233206787377e-05,8.93359869894839
2023-07-27,-0.005206433128105699,8.887207386156724
2023-07-28,0.016934228671525744,9.038986895636295
2023-07-31,0.0008243733691839067,9.046441467970745
2023-08-01,-0.0040246083213600495,9.010106250913392
2023-08-02,-0.018889407243774962,8.841508057689229
2023-08-03,0.0011183278679439091,8.851401293454336
2023-08-04,-0.005312486765921269,8.804503024737826
2023-08-07,0.008272554937823329,8.877640860994921
2023-08-08,-0.0012499179239624934,8.866551470418027
2023-08-09,-0.012012490070120573,8.7606792763726
2023-08-10,0.0009848752178134553,8.769311702516626
2023-08-11,-0.002015217317756338,8.751657428283144
2023-08-14,0.010913214810348773,8.84768920032353
2023-08-15,-0.010928650622259036,8.751522340387776
2023-08-16,-0.008186453150486534,8.680170868977436
2023-08-17,-0.008281687312168481,8.608581258580433
2023-08-18,-0.00156295614579106,8.595136932778464
2023-08-21,0.014181766949267217,8.71789959990266
2023-08-22,-0.0010405866307576835,8.708832588454323
2023-08-23,0.013875472535902994,8.830513997119489
2023-08-24,-0.01636132723855984,8.687210581727598
2023-08-25,0.0070278039556331455,8.748477628850448
2023-08-28,0.005616137815088335,8.79774851141531
2023-08-29,0.019039506546851506,8.96685807458674
2023-08-30,0.00543676283591479,9.015741518758258
2023-08-31,0.0010279797940621024,9.025014284159186
2023-09-01,-0.00019869906634408836,9.023221200395115
2023-09-05,0.003369554496099231,9.053676717907457
2023-09-06,-0.012345196119143741,8.942594380623037
2023-09-07,-0.0038225871313370993,8.908475786617647
2023-09-08,0.003294117419056603,8.93786973886866
2023-09-11,0.012447740427453826,9.049821348102219
2023-09-12,-0.008601084938221636,8.972316855180784
2023-09-13,0.004965958361706777,9.016983822448104
2023-09-14,0.006380778466254532,9.07470314994039
2023-09-15,-0.014501493440328259,8.944055980782673
2023-09-18,0.0020346466142280835,8.962272499806442
2023-09-19,-0.0013250238912725905,8.950405138628929
2023-09-20,-0.01613033478374975,8.807190264441575
2023-09-21,-0.016166939389339306,8.66594974304238
2023-09-22,-0.0021276258057476237,8.647531445308532
2023-09-25,0.006302444691610398,8.70220413880482
2023-09-26,-0.015974890328508906,8.564291881551846
2023-09-27,0.0005401295829731057,8.568918958452354
2023-09-28,0.005724922801287531,8.618116048382515
2023-09-29,-0.0018037550267228778,8.602585089472838
2023-10-02,0.012038737539608541,8.706775254186642
2023-10-03,-0.016318353353944357,8.565847996671733
2023-10-04,0.011811091460367136,8.667619845995297
2023-10-05,0.001936647542116592,8.684422235567686
2023-10-06,0.014375482795792585,8.810166650882628
2023-10-09,0.0045805492438083075,8.850614619307413
2023-10-10,0.0033019861865086165,8.879887529297541
2023-10-11,0.007857888813716582,8.949939568293042
2023-10-12,-0.0018458778284892788,8.933434311308053
2023-10-13,-0.009035041819726662,8.853083890016165
2023-10-16,0.009811516865311131,8.940373593863372
2023-10-17,-0.004872828446049372,8.896914657061
2023-10-18,-0.013822039062137473,8.774787125249537
2023-10-19,-0.008301104158100564,8.702248196503426
2023-10-20,-0.014701544792131913,8.575247545169072
2023-10-23,0.0038657901146481473,8.608461810685753
2023-10-24,0.00732628069528198,8.671761410452993
2023-10-25,-0.01846871928742847,8.513074961527673
2023-10-26,-0.024000705102643446,8.311187570794939
2023-10-27,0.0034085759420559615,8.339565221011362
2023-10-30,0.014690328363725762,8.462980458230165
2023-10-31,0.002226385495621913,8.481843305365134
2023-11-01,0.016949944297884958,8.626835409636579
2023-11-02,0.01672470233393312,8.77232994896797
2023-11-03,0.005361558122805299,8.81948961754171
2023-11-06,0.007632968340690083,8.887066078972968
2023-11-07,0.0079446139973798,8.957951594730908
2023-11-08,0.0036699062071333575,8.990886834547238
2023-11-09,-0.008349676220574738,8.916128379318904
2023-11-10,0.018585342163029376,9.083387142242096
2023-11-13,-0.000312687599005147,9.080547323736907
2023-11-14,0.014816675724468912,9.21609253382393
2023-11-15,-0.0004915702036079348,9.211563290652308
2023-11-16,0.003359847817499366,9.24256479247071
2023-11-17,-0.0015536496562978226,9.228216234060243
2023-11-20,0.009578207686761797,9.317030668276093
2023-11-21,-0.002853974872083132,9.290478005206
2023-11-22,0.0036777127596902075,9.324708621313805
2023-11-24,-0.0026033249666319114,9.30046494532908
2023-11-27,-0.000545595776614838,9.295392034939436
2023-11-28,0.004819565959160804,9.340299921300813
2023-11-29,-0.006652953357445409,9.278365593121658
2023-11-30,-0.002038208495018923,9.259473608991375
2023-12-01,-0.0017123758398651695,9.24363147780588
2023-12-04,-0.010277390941002077,9.14911757348191
2023-12-05,0.00822121301064865,9.224644453804306
2023-12-06,-0.007578055560622584,9.15500378928933
2023-12-07,0.012352822732480381,9.268795304449823
2023-12-08,0.004888522826493643,9.314216953798677
2023-12-11,-0.00850077886570506,9.23537444133313
2023-12-12,0.006149193323021142,9.292339509291581
2023-12-13,0.008035514525858071,9.36730904439689
2023-12-14,-0.003944072989793756,9.33043645569668
2023-12-15,0.004333387359473339,9.37095658238651
2023-12-18,0.008401556950168521,9.450018865871613
2023-12-19,0.004744915823695109,9.494964958307936
2023-12-20,-0.011649239579407441,9.38499759836008
2023-12-21,0.008727003308996761,9.46725892881885
2023-12-22,-0.00029210286923693225,9.464493919175219
2023-12-26,0.0018419365781637874,9.481942981818795
2023-12-27,0.0015650718560049693,9.496794522752742
2023-12-28,-0.0006930137931440714,9.490215393134918
2023-12-29,-0.0033296045519734417,9.458669275954458
2024-01-02,-0.011730366821659644,9.348363842149807
2024-01-03,-0.003917908168744512,9.311809466191479
2024-01-04,-0.006847264793159284,9.248266835946831
2024-01-05,0.0017850889480803237,9.264790558634157
2024-01-08,0.01933898485311704,9.445705924233904
2024-01-09,0.002972681593879647,9.473826776838267
2024-01-10,0.011039239712206229,9.57899001474308
2024-01-11,0.0003298408171606586,9.582150077767352
2024-01-12,0.001299221070659694,9.594607499770868
2024-01-16,-0.0021281112754768603,9.574210818268579
2024-01-17,-0.004645240654633555,9.529839442586699
2024-01-18,0.01268187030153043,9.651465221485196
2024-01-19,0.014910735931119705,9.796453928645
2024-01-22,0.0007578291599707513,9.803880780883594
2024-01-23,0.00499442944885552,9.852968051185526
2024-01-24,0.005990393318678115,9.912168344657223
2024-01-25,9.648646256562809e-05,9.913124780857984
2024-01-26,-9.204905486350675e-05,9.912212329086968
2024-01-29,0.009352500327100955,10.005351159711243
2024-01-30,-0.0035999460198883606,9.969397190629316
2024-01-31,-0.022908127884923437,9.743612985451044
2024-02-01,0.013849011824162824,9.879491114078304
2024-02-02,0.026138046757811954,10.141126133416545
2024-02-05,0.001605196712491788,10.157417707839574
2024-02-06,0.0006899434900656659,10.164428170196315
2024-02-07,0.013360190107042822,10.301138064475042
2024-02-08,-0.0006202783379813377,10.294750472924228
2024-02-09,0.011007820885839861,10.408699255473177
2024-02-12,-0.006113102621415502,10.345263899737011
2024-02-13,-0.01225358300372729,10.2192708594219
2024-02-14,0.009309396117794985,10.314850303057495
2024-02-15,0.0009147248584125175,10.324289869685439
2024-02-16,-0.004670480915713813,10.276182899671442
2024-02-20,-0.009146541810085342,10.182619904338935
2024-02-21,0.00024814199503849795,10.185146953477258
2024-02-22,0.03297985498231772,10.526652064290403
2024-02-23,-0.0021910848308202492,10.503612526641191
2024-02-26,-0.005133414742835083,10.449831286053879
2024-02-27,0.0003988749094577642,10.454000292962805
2024-02-28,-0.003881643149462746,10.413500248552799
2024-02-29,0.006389435649031344,10.480249656709843
2024-03-01,0.009686768952086,10.58226270442074
2024-03-04,-0.006296351909803629,10.515842376740975
2024-03-05,-0.014358825986219587,10.365926112481347
2024-03-06,0.0033741875990028537,10.400961767017305
2024-03-07,0.014982728145951403,10.557969816979313
2024-03-08,-0.012185218017844586,10.430099300171964
2024-03-11,-0.0048985837447836555,10.37913152216713
2024-03-12,0.019499380658440545,10.583504253859088
2024-03-13,-0.0032291260018939734,10.54938390418442
2024-03-14,0.0027937331972477967,10.57889727525446
2024-03-15,-0.009468041547773432,10.479208509715333
2024-03-18,0.010471595292879,10.589519096126732
2024-03-19,0.006673278670596656,10.66042222308004
2024-03-20,0.011482164979505343,10.783532382810497
2024-03-21,-0.0010396468341787584,10.772327143262634
2024-03-22,0.004079830041071978,10.816366181964662
2024-03-25,-0.004343914793214831,10.76948271152106
2024-03-26,-0.005039067378881202,10.715351063556144
2024-03-27,0.002664867583825575,10.743944136710425
2024-03-28,-0.002121125338410357,10.721179036917926
2024-04-01,0.002110022293423008,10.743824846877574
2024-04-02,-0.006394642381878435,10.675341126983502
2024-04-03,0.002205865216529751,10.6989154820159
2024-04-04,-0.011785586966823781,10.573562612680185
2024-04-05,0.014280461881458848,10.725641262743075
2024-04-08,-0.0010041852421946943,10.714876138068236
2024-04-09,-7.297137541066987e-05,10.714094287345794
2024-04-10,-0.002805374658475208,10.68407935998696
2024-04-11,0.016529138370896347,10.862145572486744
2024-04-12,-0.012880609257399091,10.72313173312163
2024-04-15,-0.017209613296039327,10.540169651653462
2024-04-16,-0.0017688672195125344,10.521541970872505
2024-04-17,-0.00815274043826653,10.436111290449285
2024-04-18,-0.003570690636908504,10.398913615795042
2024-04-19,-0.02141071964261963,10.178632000770918
2024-04-22,0.010310467045362474,10.28412133824212
2024-04-23,0.013960150999614446,10.428696019255911
2024-04-24,-0.0001829767723189988,10.426787984687138
2024-04-25,-0.007888406553740044,10.344860804307087
2024-04-26,0.022908935712818473,10.584585995653399
2024-04-29,0.0009569808225007883,10.594720089758795
2024-04-30,-0.01771556342436397,10.408681409588832
2024-05-01,-0.0011044434822228865,10.397191955141915
2024-05-02,0.012795719630667788,10.53108631883819
2024-05-03,0.018292943774329103,10.725503700376425
2024-05-06,0.013167778426482563,10.86766870106548
2024-05-07,0.0002275214856482732,10.870141610503227
2024-05-08,-0.00016428852790705255,10.868355917628339
2024-05-09,0.0029582734100306878,10.900555089444847
2024-05-10,0.00024207615163454664,10.903194173288323
2024-05-13,0.0012660302474761837,10.917006688591968
2024-05-14,0.0065787418095960256,10.98906361901607
2024-05-15,0.013860209063892927,11.142434760960452
2024-05-16,-0.0014911384832656006,11.125832229104494
2024-05-17,0.0006981426974026848,11.133602359642119
2024-05-20,0.0023820318541926313,11.160154566661225
2024-05-21,0.00614011420064935,11.228889995940714
2024-05-22,-0.0035127420886110214,11.189514999036525
2024-05-23,-0.0008949695482657415,11.179505203751637
2024-05-24,0.010138115474366197,11.293420787425905
2024-05-28,0.008431571970903188,11.389044640791498
2024-05-29,-0.002516340604450771,11.360421952635345
2024-05-30,-0.01239999483545777,11.220422568765205
2024-05-31,0.0013954749069426404,11.236091317035015
2024-06-03,0.008983675749509382,11.337487491352604
2024-06-04,0.0038766282245677906,11.381524016826749
2024-06-05,0.016919606717245742,11.57573326604172
2024-06-06,0.0012057193515934458,11.589698769196302
2024-06-07,-0.00022109095410751984,11.587136674875977
2024-06-10,0.0036767150488363834,11.6298176895449
2024-06-11,0.01127818269851117,11.761723327974272
2024-06-12,0.012784510471625739,11.913056502100808
2024-06-13,0.00837278010194071,12.01322064555489
2024-06-14,0.002983108793834819,12.049110895349388
2024-06-17,0.008643570246935933,12.153709633833484
2024-06-18,0.0005510325046688339,12.160408568389874
2024-06-20,-0.0071951271277051415,12.073226900522094
2024-06-21,-0.004663619443954086,12.017053053332548
2024-06-24,-0.01042914372279192,11.89237674354576
2024-06-25,0.014114638350146936,12.061423551189762
2024-06-26,0.008632722145162924,12.16599719756328
2024-06-27,0.0006301397061686415,12.173665891383083
2024-06-28,-0.009423446159530228,12.059486831340474
2024-07-01,0.012260499246653414,12.208252266274233
2024-07-02,0.00936284593525641,12.323093030635848
2024-07-03,0.009727436396748832,12.443550053484296
2024-07-05,0.011760091244447636,12.590751190432947
2024-07-08,0.0012626838465667999,12.606659369964282
2024-07-09,0.0037987331257848156,12.654639779205516
2024-07-10,0.011966456230257173,12.806980644501214
2024-07-11,-0.02625427258928107,12.475118149963274
2024-07-12,0.004007989831165289,12.525218630691809
2024-07-15,0.004818026269718786,12.585711073157468
2024-07-16,-0.0022230955280141173,12.557762912379815
2024-07-17,-0.023053817748167383,12.271570128345754
2024-07-18,-0.00671206748445136,12.189478332539514
2024-07-19,-0.008141492058533697,12.090640680422133
2024-07-22,0.013856867100647086,12.259345240381947
2024-07-23,0.0011572280018641258,12.273540309860438
2024-07-24,-0.038765508306855996,11.806854381436835
2024-07-25,-0.012122103441771379,11.664594458088764
2024-07-26,0.00848750266207826,11.764019071078236
2024-07-29,0.0021719692414533293,11.789597926844886
2024-07-30,-0.012597178584386701,11.642013779908664
2024-07-31,0.025951855263690052,11.948100213030614
2024-08-01,-0.014845179241462822,11.772038590296967
2024-08-02,-0.01856054612612287,11.555558335561063
2024-08-05,-0.03887261552641739,11.114982209789245
2024-08-06,0.010169887839645262,11.228597078205022
2024-08-07,-0.008342765634675052,11.135309204889726
2024-08-08,0.02640213464772743,11.433220580700032
2024-08-09,0.008976662711263059,11.536314774176967
2024-08-12,0.004346145630535688,11.586562390861253
2024-08-13,0.021549861656295362,11.838961017521308
2024-08-14,0.0033293801430309966,11.878443108220727
2024-08-15,0.020736784110885358,12.127335513693449
2024-08-16,0.001794136688223861,12.14911314144772
2024-08-19,0.011202321045312469,12.285976570038173
2024-08-20,-0.00012966639779592534,12.28438359499283
2024-08-21,0.002311464598618632,12.31281135501181
2024-08-22,-0.013844959557917723,12.143515630238202
2024-08-23,0.012199306278426109,12.292565400105849
2024-08-26,-0.005933370243842069,12.219845010181832
2024-08-27,0.0015913253369975462,12.239306239627638
2024-08-28,-0.008786052832272991,12.132242072820425
2024-08-29,-0.003766272973362794,12.08663467625881
2024-08-30,0.011701855445222665,12.228901497528343
2024-09-03,-0.027040396608797698,11.90265790738585
2024-09-04,-0.003389423647678494,11.862383050038382
2024-09-05,0.001738155965391586,11.883019651520968
2024-09-06,-0.024679502240226053,11.593341895698169
2024-09-09,0.01158273870048316,11.728405237234988
2024-09-10,0.007516682658474468,11.81689609971107
2024-09-11,0.01984132954860855,12.053700518038154
2024-09-12,0.011243182313661887,12.189987182772255
2024-09-13,0.002943848068105889,12.225925525546776
2024-09-16,-0.0050975743303497524,12.163761538806762
2024-09-17,0.0011109004203588195,12.177281775040981
2024-09-18,-0.001812284087065035,12.155233066352999
2024-09-19,0.02185764505305261,12.423842729506125
2024-09-20,-0.0013165261367695839,12.40749717786749
2024-09-23,0.0021819578700854156,12.434599371152109
2024-09-24,0.0033995961006226326,12.47694392309169
2024-09-25,0.0018513202237411175,12.50006413656289
2024-09-26,6.284085705074014e-05,12.500849675988148
2024-09-27,-0.004386961732503915,12.446129043256851
2024-09-30,0.0068277540773044945,12.531398921196383
2024-10-01,-0.013043624477857027,12.369005461548557
2024-10-02,-0.00017263869037278633,12.366870276957501
2024-10-03,0.0013235438380293993,12.383249208634316
2024-10-04,0.011393977141069208,12.525150542160189
2024-10-07,-0.01232719443111025,12.37169833694082
2024-10-08,0.015015765420168957,12.558870607624431
2024-10-09,0.005412579909265066,12.627030793182026
2024-10-10,6.956113373824188e-05,12.627909174309988
2024-10-11,0.0010306601273093916,12.640930966155343
2024-10-14,0.008334591104166853,12.746728232976873
2024-10-15,-0.008305151958853807,12.641303109836716
2024-10-16,0.0027636331899404372,12.676287354218106
2024-10-17,0.0014656382077594848,12.694879826887947
2024-10-18,0.004389512520034751,12.750726641303446
2024-10-21,0.004856709639849931,12.812803841745142
2024-10-22,0.00369950153723404,12.860292617491224
2024-10-23,-0.015436912118355647,12.663293848900793
2024-10-24,0.0063586679487745296,12.744072078420185
2024-10-25,0.005236746851446118,12.810984606823
2024-10-28,0.0017427354960209032,12.833330230036124
2024-10-29,0.005685487529878142,12.906501779888572
2024-10-30,-0.00306707461522408,12.866977219280173
2024-10-31,-0.028886123579617923,12.500616963187909
2024-11-01,0.007224672423968009,12.591256853349774
2024-11-04,-0.005469841887308972,12.52257268621434
2024-11-05,0.013096862257317137,12.687657784472332
2024-11-06,0.027037344988026485,13.035377897190143
2024-11-07,0.01504372180022243,13.232960961868367
2024-11-08,0.0021647184481712297,13.261637623837801
2024-11-11,-0.002177229927272098,13.23279539898957
2024-11-12,0.0018595410229284917,13.25742521786403
2024-11-13,-0.0005098525107451182,13.250667609168953
2024-11-14,-0.0053461576451710015,13.180016475551263
2024-11-15,-0.018965624954139698,12.932404704195195
2024-11-18,0.0039061674818536172,12.98301963375138
2024-11-19,0.011492389875590325,13.13308621732072
2024-11-20,-0.002670685661636188,13.098058666875136
2024-11-21,-0.003911900205210597,13.046920457488053
2024-11-22,-0.0012723739046418107,13.030330452944616
2024-11-25,0.00014699200569893064,13.032245948130605
2024-11-26,0.01141413217020113,13.181849901277527
2024-11-27,-0.005345409502141173,13.111575505602111
2024-11-29,0.008730768295428987,13.226550814375429
2024-12-02,0.010061737991306694,13.360304672919483
2024-12-03,0.005400511313389083,13.432652330790306
2024-12-04,0.011206497454344844,13.584031948334895
2024-12-05,0.001860181366705771,13.609324228270665
2024-12-06,0.0065190565410641905,13.698333997029458
2024-12-09,-0.004180902562942659,13.641182153708247
2024-12-10,0.0017412264657286182,13.664955232248465
2024-12-11,0.017014015604281195,13.899440101952372
2024-12-12,-0.0066725081226758605,13.807004705890252
2024-12-13,0.004476228274578872,13.868946540211706
2024-12-16,0.01283773197540152,14.048140117204385
2024-12-17,-0.0010956172801147009,14.032757160593823
2024-12-18,-0.03200234325609477,13.590785828025073
2024-12-19,0.0017887647849232028,13.615118303162996
2024-12-20,0.00812972498484891,13.726256620465268
2024-12-23,0.012224181045854838,13.89507861955723
2024-12-24,0.014018620331636887,14.091240196044987
2024-12-26,-0.0012025089765689975,14.074305537298498
2024-12-27,-0.015308224442828937,13.860493625032253
2024-12-30,-0.011425025955586207,13.703038303906887
2024-12-31,-0.009495585355612271,13.573535758359029
2025-01-02,-0.0032270007285467098,13.52980454685324
2025-01-03,0.015772011103047583,13.74488846878516
2025-01-06,0.012466010860176553,13.91730483706197
2025-01-07,-0.019611539769336328,13.64702403385403
2025-01-08,0.001074559896906297,13.661696460381666
2025-01-10,-0.01407048187179355,13.470815848271188
2025-01-13,-0.0038476942060721602,13.41908385644659
2025-01-14,-0.006309008967247145,13.334689239196443
2025-01-15,0.025984188825489068,13.685721212318406
2025-01-16,-0.013142750337562004,13.507030014268745
2025-01-17,0.014242481340761082,13.700780103083561
2025-01-21,0.006012375062507923,13.783402461124355
2025-01-22,0.013567196040193637,13.97167888803621
2025-01-23,0.0033914159640174874,14.019143102815821
2025-01-24,-0.0029596759602262346,13.977712323076217
2025-01-27,-0.030244860427087128,13.561287463937262
2025-01-28,0.023043062922350366,13.877409283959507
2025-01-29,-0.007531572093268814,13.773283184291413
2025-01-30,0.0020583959347979723,13.801663253095393
2025-01-31,-0.0030013474194951783,13.76030176784846
2025-02-03,-0.011630082391652639,13.601195328429139
2025-02-04,0.013726131131177302,13.789174279549561
2025-02-05,-0.0006420348863987703,13.780323990008792
2025-02-06,0.0075255529726092705,13.884419745959134
2025-02-07,-0.014560711270937922,13.6837174489403
2025-02-10,0.00862090974926876,13.802193493986437
2025-02-11,-0.0008101589526142153,13.791016051725395
2025-02-12,-0.0011950135167342697,13.77454544439336
2025-02-13,0.013894648268068096,13.967273753743193
2025-02-14,0.0008635011205120938,13.979339719017583
2025-02-18,-0.0025262391556376677,13.944069133374418
2025-02-19,0.002644952682526917,13.980999354247837
2025-02-20,-0.0069464302125194196,13.884217850079873
2025-02-21,-0.021353149166531676,13.590888968311333
2025-02-24,-0.008869703189983414,13.47087484869209
2025-02-25,-0.00973569642348319,13.340362844101497
2025-02-26,0.001080394266204186,13.354783484213083
2025-02-27,-0.024154336751177306,13.03607217225448
2025-02-28,0.019189478600720095,13.28864320300311
2025-03-03,-0.026810391446829236,12.937102999092119
2025-03-04,-0.008116021567378508,12.832530124002504
2025-03-05,0.013705716863979148,13.00961994788753
2025-03-06,-0.02260845322644256,12.718792530573172
2025-03-07,0.0023229203903408755,12.748371614711164
2025-03-10,-0.040460469028327194,12.242862056871635
2025-03-11,-0.0031950596032745324,12.203807806437675
2025-03-12,0.01148738742114884,12.344805974507345
2025-03-13,-0.019023091233203004,12.112189164464537
2025-03-14,0.023821544450029427,12.404184296564189
2025-03-17,-0.0010518880635665834,12.391143343178406
2025-03-18,-0.01709149123551183,12.181159802907771
2025-03-19,0.014518218025692326,12.359298536240974
2025-03-20,-0.0009656770580835958,12.347369206057799
2025-03-21,0.007105589252993124,12.435416985211447
2025-03-24,0.02222332870703017,12.714866998179366
2025-03-25,0.005044289968732474,12.779166510583801
2025-03-26,-0.020242898896635077,12.523079847902851
2025-03-27,-0.0034303152734755887,12.48019533158735
2025-03-28,-0.02637358825600471,12.15535029226431
2025-03-31,0.0028612236084106656,12.190179270475488
2025-04-01,0.009038547191173587,12.300860225087476
2025-04-02,0.007313895188648004,12.391157236420728
2025-04-03,-0.05777262820251414,11.695573816175147
2025-04-04,-0.0590672905513945,11.024754718900114
2025-04-07,0.0009433128520452415,11.03515941838893
2025-04-08,-0.016180912613272234,10.858037331194247
2025-04-09,0.11206326312850336,12.14562274209282
2025-04-10,-0.03908501737594708,11.680068234267154
2025-04-11,0.022694299481439504,11.948169883672739
2025-04-14,0.0028938667161317036,11.98279637287523
2025-04-15,-0.003560712761822411,11.940204949820048
2025-04-16,-0.03302320369280465,11.552340638273394
2025-04-17,-0.003965843671502323,11.506616588407608
2025-04-21,-0.02874702705885954,11.180544821869802
2025-04-22,0.026808712793500264,11.484334750906209
2025-04-23,0.023849916119317978,11.761527544599552
2025-04-24,0.024177170790196677,12.049353391898624
2025-04-25,0.01615099364689343,12.245542481634374
2025-04-28,-0.0025772747700880737,12.214022988594449
2025-04-29,0.004392342762726598,12.267789157352215
2025-04-30,-0.0015651104032562999,12.248603730489014
2025-05-01,0.016997771717083263,12.45858222820552
2025-05-02,0.012392968513649547,12.613941739841268
2025-05-05,-0.01035163497954923,12.484040325288532
2025-05-06,-0.007567774919503159,12.389920506020546
2025-05-07,0.0010350351716049025,12.40275114845531
2025-05-08,0.006874240550540098,12.488304363124564
2025-05-09,0.0004949204051181514,12.49448660951295
2025-05-12,0.042410253425754676,13.035777975596233
2025-05-13,0.012822776180988489,13.204009129044847
2025-05-14,0.008945406096267362,13.322654225922557
2025-05-15,-0.004419769773867483,13.263901094765801
2025-05-16,0.005274939259621945,13.334052226202216
2025-05-19,0.00029893438471365546,13.338038828736796
2025-05-20,-0.005399681445005792,13.266211764113637
2025-05-21,-0.012643019023056928,13.09954261712351
2025-05-22,0.0029343654713153682,13.138037914683226
2025-05-23,-0.011425008195899517,12.98878992702261
2025-05-27,0.02501658612023138,13.317823598683251
2025-05-28,-0.0034212278022571134,13.272338142741617
2025-05-29,0.00606180603144792,13.353036824916625
2025-05-30,-0.0021899915066875405,13.323825785320711
2025-06-02,0.006537928852115474,13.411221392166219
2025-06-03,0.004921321329895399,13.477384994700781
2025-06-04,0.002661009940407633,13.513296209000965
2025-06-05,-0.010479808042908777,13.372418931451216
2025-06-06,0.01207246239797235,13.534835366723243
2025-06-09,0.0034601291955961237,13.581748762131935
2025-06-10,0.008343421616084624,13.695541066810556
2025-06-11,-0.005076481557439833,13.62619207852649
2025-06-12,0.005968402052413862,13.70776184975103
2025-06-13,-0.009971202286359225,13.571758170397057
2025-06-16,0.010896618024815587,13.720453099741317
2025-06-17,-0.0076863063244103,13.615397755302073
2025-06-18,-0.0005732304199232306,13.607595231664984
2025-06-20,-0.00646394006693635,13.519920219916402
2025-06-23,0.010497089363483376,13.662587516304962
2025-06-24,0.01136424878843574,13.818738146722847
2025-06-25,0.005181270587462183,13.890522574920478
2025-06-26,0.008212936206696365,14.00507430985402
2025-06-27,0.007300254992772724,14.107689024574142
2025-06-30,0.0033909818631692955,14.155609144397827
2025-07-01,-0.007955452937647552,14.043441625337726
2025-07-02,0.009095287107900113,14.171753390535137
2025-07-03,0.010723127436104304,14.324536601068681
2025-07-07,-0.009772439305661594,14.185232714572539
2025-07-08,-0.0025057187082643934,14.14973300629425
2025-07-09,0.01004268815310938,14.292550296756948
2025-07-10,0.0021922547646230153,14.3239175782172
2025-07-11,0.0002234809683818797,14.32711905891028
2025-07-14,2.9059667859384773e-05,14.327535406280944
2025-07-15,0.0036974444114957743,14.380608729366136
2025-07-16,0.002251586397930874,14.413024392013043
2025-07-17,0.00454380379869497,14.478663359358096
2025-07-18,0.001406594476690294,14.499043297062977
2025-07-21,0.004902797997360993,14.570303722495964
2025-07-22,-0.0048131209115767175,14.500343587314767
2025-07-23,0.00778432408078111,14.61365943250849
2025-07-24,0.0035598133905331507,14.66577403714054
2025-07-25,0.003816153299100956,14.72184780411136
2025-07-28,0.004969408317996783,14.795188756685656
2025-07-29,-0.0060048136389454325,14.706612613220734
2025-07-30,0.0014679635227871158,14.72821723760128
2025-07-31,0.005209712734205248,14.805147236095522
2025-08-01,-0.022678044403100173,14.473173929896545
2025-08-04,0.01690582187899007,14.719934800911538
2025-08-05,-0.0053323781184715065,14.641651446391165
2025-08-06,0.015012540158397834,14.863118055467362
2025-08-07,-0.002116348313231747,14.831695782606573
2025-08-08,0.012353208599424485,15.016051160303872
2025-08-11,-0.0009487561563490373,15.001811345445638
2025-08-12,0.010934496261412692,15.166748705624228
2025-08-13,-0.002187394329954416,15.133609303185688
2025-08-14,0.004539996221677497,15.202472032226643
2025-08-15,-0.002183072322031282,15.169320135966496
2025-08-18,-0.00040477802818010306,15.16318117101591
2025-08-19,-0.013391736038069573,14.961473473883553
2025-08-20,-0.006492724907924514,14.864647415027935
2025-08-21,-0.00508902955113445,14.789192942929452
2025-08-22,0.016856342545050872,15.040597573690473
2025-08-25,-0.00029595368319973306,15.03614691206835
2025-08-26,0.005165316893847836,15.114014307489827
2025-08-27,0.002501816550619594,15.15187413805864
2025-08-28,0.005319642250394886,15.232691456923504
2025-08-29,-0.010877609436647511,15.067894114083318
2025-09-02,-0.0076842912288421,14.952551757199922
2025-09-03,0.015042392149581677,15.179174102256425
2025-09-04,0.010690435240006329,15.342316558192902
2025-09-05,-0.0026827409852341806,15.301212257502508
2025-09-08,0.004299689394628541,15.367144359775834
2025-09-09,0.005276553003603616,15.448444214370994
2025-09-10,0.010288705184984129,15.608209180419715
2025-09-11,0.003954269268599898,15.670050430216136
2025-09-12,0.0060192329678922605,15.764656556891874
2025-09-15,0.011998484730588052,15.954947868658389
2025-09-16,0.0005327190419599475,15.963449637527525
2025-09-17,-0.005366953036079408,15.878004049357632
2025-09-18,0.0015415202546027334,15.902499189228887
2025-09-19,0.00933550073151168,16.05165210739004
2025-09-22,0.008331016409055895,16.185937273771202
2025-09-23,-0.012692616606934728,15.98179367640166
2025-09-24,-0.0017801172745636547,15.953369516075105
2025-09-25,-0.005840173014999946,15.860470614803722
2025-09-26,0.003136388556307449,15.910293304152136
2025-09-29,0.0019080925125573404,15.940680597342139
2025-09-30,0.0042548266074433905,16.008649925601173
2025-10-01,0.005167558447539921,16.09158967318841
2025-10-02,7.220235580647197e-05,16.092751565816673
2025-10-03,-0.0015446718664724607,16.067912734079925
2025-10-06,0.006325180371570145,16.169867280851204
2025-10-07,-0.005686033417401748,16.07818577420519
2025-10-08,0.007030677577441549,16.1916246231224
2025-10-09,0.0005901620468198269,16.201183125706617
2025-10-10,-0.032617824730835555,15.681261230275377
2025-10-13,0.02158582395491813,16.023433928279136
2025-10-14,-0.009523580256331831,15.871557819347913
2025-10-15,0.006559261711951597,15.976005696863888
2025-10-16,-0.0037084373098722452,15.916869400671171
2025-10-17,0.00457670254317559,15.989883130952473
2025-10-20,0.009949327814209015,16.149765763409633
2025-10-21,-0.0036813341069126186,16.09042237831946
2025-10-22,-0.0036088586752579606,16.032458971711222
2025-10-23,0.00651099046255312,16.137186729908002
2025-10-24,0.010601633944862755,16.309177356451602
2025-10-27,0.017464660575977873,16.596513413174698
2025-10-28,0.011198786509399915,16.783418827246894
2025-10-29,0.007209928804948748,16.904863359221746
2025-10-30,-0.016620055255695276,16.626225498318224
2025-10-31,0.004183694390038597,16.69593025469025
2025-11-03,0.005957890147190931,16.795699685585934
2025-11-04,-0.014482269508077943,16.55421269668795
2025-11-05,0.0025376718563482194,16.59627520420033
2025-11-06,-0.014488034138268992,16.3575612261584
2025-11-07,-0.0047270792249398935,16.280420207812888
2025-11-10,0.022426136600217438,16.649651880540393
2025-11-11,-0.0007452605500167685,16.637248174392845
2025-11-12,-0.004331461443862732,16.565340420650003
2025-11-13,-0.020270948341102945,16.232925822965182
2025-11-14,0.0014711782748125667,16.256824926382908
2025-11-17,-0.005411827350780926,16.16908343166663
2025-11-18,-0.014824603707350057,15.931151160786584
2025-11-19,0.009239697461169767,16.079032314204877
2025-11-20,-0.01385339068669023,15.857819012698716
2025-11-21,0.0048143670801726705,15.934348447094221
2025-11-24,0.025193607426042833,16.3408918102734
2025-11-25,0.007255475639687336,16.45988390285082
2025-11-26,0.0072176248913778905,16.57911493544916
2025-11-28,0.003906438202874048,16.64400688908389
2025-12-01,-0.0034397705003582388,16.586853678496105
2025-12-02,0.003294960039009494,16.641596837272157
2025-12-03,-0.001269765919940494,16.62047931474733
2025-12-04,0.0018076844757138005,16.650551069116442
2025-12-05,0.0030852401875188585,16.702001345838248
2025-12-08,-0.0028089229303117215,16.6551525394224
2025-12-09,0.00018658130882539964,16.65826036950438
2025-12-10,0.0013967895235630445,16.681544710945698
2025-12-11,-0.0036551546745031637,16.620682383189283
2025-12-12,-0.013354551383338803,16.40019615049617
2025-12-15,-0.003976517639731496,16.335109975136493
2025-12-16,0.0016158808993344531,16.36152690489191
2025-12-17,-0.017092064356943125,16.084250993138138
2025-12-18,0.012201771580702694,16.281709572192398
2025-12-19,0.010668994799714879,16.456349003983096
2025-12-22,0.004640356938793578,16.53288978820507
2025-12-23,0.009357339728501146,16.68831972589636
2025-12-24,0.002405193387142846,16.728506671458163
2025-12-26,-0.00014543605415157253,16.726073920365167
2025-12-29,-0.004664235087523431,16.648241235583644
2025-12-30,-0.0002803184367984889,16.643575080660224
