date,log_return,cumulative_value
1998-01-02,0.003906637068258137,1.0039142779216232
1998-01-05,0.005840267714004174,1.009794560564962
1998-01-06,-0.00974845719415404,0.9999984475893132
1998-01-07,-0.0018038210822351323,0.9981962552123111
1998-01-08,-0.003682058474396619,0.9945275964845107
1998-01-09,-0.030091887701932878,0.9650461840487791
1998-01-12,0.02211985346316335,0.9866307073918039
1998-01-13,0.007893377183497452,0.9944493729488412
1998-01-14,0.0020817710170366473,0.9965217451851532
1998-01-15,-0.008016622862955507,0.9885649421366606
1998-01-16,0.011559050870950773,1.0000581116896552
1998-01-20,0.02507614289277594,1.025452781287105
1998-01-21,-0.010623319504185089,1.0146167280909693
1998-01-22,-0.0069189974709065365,1.0076208277330727
1998-01-23,-0.005222783730873457,1.002371960846701
1998-01-26,0.001595471621264853,1.003972493326742
1998-01-27,0.01450884953298712,1.0186451635596079
1998-01-28,0.010827651205594134,1.0297346261674662
1998-01-29,0.007217062549326651,1.0371931673791852
1998-01-30,-0.003767019189822858,1.0332933906925477
1998-02-02,0.020835388972212956,1.0550483095049534
1998-02-03,0.003300924472489001,1.0585366985763978
1998-02-04,-0.0003145667001361381,1.0582037705469347
1998-02-05,-0.005623739477377235,1.0522694105150108
1998-02-06,0.007686433998039619,1.0603887743891998
1998-02-09,-0.005376122629777254,1.0547032909248106
1998-02-10,0.010892881292265302,1.0662548493281412
1998-02-11,0.004208677009578674,1.0707518281266017
1998-02-12,0.004037113432751482,1.0750833121783208
1998-02-13,-0.0051119373398772665,1.0696015767327165
1998-02-17,-0.0008768776412227875,1.06866407812092
1998-02-18,0.0118222030239652,1.081373017627229
1998-02-19,-0.0031597122894578265,1.0779615824290558
1998-02-20,0.00785171524932157,1.0864587448200325
1998-02-23,0.012268688304416358,1.0998702712086907
1998-02-24,-0.006742704343255863,1.0924791173392776
1998-02-25,0.011994147851888603,1.1056613703109217
1998-02-26,0.0003099559153464376,1.1060041297104273
1998-02-27,-0.0017928519030790935,1.1040230045643207
1998-03-02,-0.008187196614294259,1.0950210518212515
1998-03-03,0.003459466072449912,1.098815800115536
1998-03-04,-0.010568259849205393,1.0872643759524612
1998-03-05,-0.014568297654810089,1.0715396045807057
1998-03-06,0.021461396155763996,1.0947848864242662
1998-03-09,-0.001409375798944065,1.0932430098972454
1998-03-10,0.010347888601938285,1.1046145007686134
1998-03-11,0.003132801158324675,1.1080804646091826
1998-03-12,0.0023266526235325097,1.1106615844495076
1998-03-13,-0.0018561712778015459,1.108601918454885
1998-03-16,0.009891343387225866,1.119621892033297
1998-03-17,-0.0005141768108878466,1.1190463563956703
1998-03-18,0.00363226279890416,1.1231184177677698
1998-03-19,0.004122650329312966,1.1277581998105497
1998-03-20,0.01145451327036975,1.1407503886216415
1998-03-23,-0.0035951745375576685,1.1366565553029084
1998-03-24,0.009316549740897236,1.1472957560048882
1998-03-25,0.0004715768430149484,1.147836921706087
1998-03-26,-0.0005830231225401541,1.1471679012859652
1998-03-27,-0.006195191035166854,1.140082945974169
1998-03-30,0.0032637927729491528,1.1438100193428598
1998-03-31,0.008237316533413218,1.1532708569876922
1998-04-01,0.010136817348928394,1.1650208059483291
1998-04-02,0.011226971285589332,1.1781741590836892
1998-04-03,0.00209630949093256,1.1806465673163504
1998-04-06,-0.005722655182636894,1.173909429662967
1998-04-07,-0.008696546668389406,1.163744734459391
1998-04-08,-0.011537758032438717,1.1503948910270996
1998-04-09,0.004558978464047387,1.1556514898162284
1998-04-13,-0.0019413014179169715,1.1534101981556568
1998-04-14,0.0012705149950112,1.1548765544243758
1998-04-15,0.0026245513832881644,1.1579115683156045
1998-04-16,-0.0066182758817679484,1.150273493433146
1998-04-17,0.022038449673636877,1.1759051414028412
1998-04-20,0.008644747508606526,1.1861146100026638
1998-04-21,0.006708983913739508,1.1940989874225025
1998-04-22,0.009994547234266574,1.2060933051989584
1998-04-23,-0.008402003195882,1.1960021576851567
1998-04-24,-0.01233219577173406,1.1813433980585153
1998-04-27,-0.01929465101128825,1.1587682793448266
1998-04-28,-0.0038839168592219703,1.1542764482844732
1998-04-29,0.004876542487076718,1.1599190734950422
1998-04-30,0.01602661462966971,1.1786584124676867
1998-05-01,0.002118835241752506,1.1811584430911903
1998-05-04,0.0015617791430623423,1.1830045929762012
1998-05-05,-0.005432523367037364,1.1765953179125217
1998-05-06,-0.008767041842345943,1.1663251428374424
1998-05-07,-0.011906403649670272,1.152520748325007
1998-05-08,0.015440451156824709,1.1704542832927136
1998-05-11,-0.004388737004632982,1.1653287228627143
1998-05-12,0.009634032072429913,1.1766097909859266
1998-05-13,0.004423695931927719,1.181826284515549
1998-05-14,0.0014265894596349213,1.1835134686095403
1998-05-15,-0.011044088698839811,1.1705145535960668
1998-05-18,0.002506286236607672,1.173451877461122
1998-05-19,0.0026855666926943952,1.1766074961543427
1998-05-20,0.00855052335000721,1.1867112406172717
1998-05-21,-0.00778120489558233,1.1775130302921488
1998-05-22,-0.0066853624222821696,1.169667184311509
1998-05-26,-0.01661499542683143,1.1503937269767477
1998-05-27,0.010289683788143164,1.1622920245388946
1998-05-28,0.0026704357908911686,1.1653999987364856
1998-05-29,-0.012552313209243009,1.1508629605380913
1998-06-01,-0.00028439560944299954,1.1505357067020265
1998-06-02,0.002874058723318788,1.1538471702773017
1998-06-03,-0.012412226802522392,1.1396138736923898
1998-06-04,0.01853707015605031,1.1609359902444465
1998-06-05,0.02064724146445459,1.1851552863858656
1998-06-08,-0.0022572137874074237,1.1824831544542813
1998-06-09,0.008587967351940284,1.1926820122246249
1998-06-10,-0.0036872326468062357,1.1882924138803508
1998-06-11,-0.012480406864197104,1.1735542018251133
1998-06-12,0.009299336181682176,1.184518377640841
1998-06-15,-0.017219700744841752,1.1642959375254722
1998-06-16,0.013977374916748199,1.1806840026168803
1998-06-17,0.015143301374554573,1.1986995192207275
1998-06-18,0.0016527285911709052,1.2006822822215886
1998-06-19,-0.0019629582514333137,1.198327704753043
1998-06-22,0.0017354596305772126,1.2004091597269702
1998-06-23,0.020169016443300155,1.2248660383410486
1998-06-24,0.017089573837625736,1.2459783634388713
1998-06-25,-0.006436137543328336,1.2379848266604303
1998-06-26,0.00793370581986194,1.247845698991456
1998-06-29,0.007781597407682195,1.2575938105979751
1998-06-30,-0.008113200623209442,1.2474319779445944
1998-07-01,0.007065918475022104,1.2562774444741518
1998-07-02,-0.002102666294010572,1.2536386874206946
1998-07-06,0.00658703341981011,1.26192370423589
1998-07-07,0.0012516082876328442,1.2635041272314174
1998-07-08,0.012447876637788353,1.2793303679291321
1998-07-09,-0.0014178860421470332,1.2775177086329892
1998-07-10,0.008622185198219405,1.2885803263454274
1998-07-13,0.006766599853839243,1.2973292004766044
1998-07-14,0.008194761929020437,1.3080041841539622
1998-07-15,-0.005301143618103414,1.3010886125350383
1998-07-16,0.008120772240964559,1.3116974745972494
1998-07-17,0.0049877396273972615,1.318256223138332
1998-07-20,-0.001455271576857876,1.3163391975605259
1998-07-21,-0.020237260226597914,1.2899678406977442
1998-07-22,0.0031087706947924057,1.2939842948008
1998-07-23,-0.02437482387777025,1.2628249500004036
1998-07-24,0.009867879069543204,1.2753480404445143
1998-07-27,0.011830232661087238,1.2905253027489647
1998-07-28,-0.01759060531801277,1.2680226791255644
1998-07-29,-0.00596098397870198,1.260486500087368
1998-07-30,0.019461766891470486,1.285258061833141
1998-07-31,-0.023193688002465764,1.255791230544674
1998-08-03,-0.006701348813554066,1.2474038701738546
1998-08-04,-0.037921322249063825,1.200986335520851
1998-08-05,0.014384366411199584,1.2183866089570314
1998-08-06,0.01118440848202534,1.232090031973343
1998-08-07,-0.005797393140433341,1.2249677868491704
1998-08-10,-0.0017473771849609654,1.2228291751109541
1998-08-11,-0.00894535824809533,1.2119393095543456
1998-08-12,0.00821550245630488,1.2219370117700237
1998-08-13,-0.005903434334679469,1.2147446376023925
1998-08-14,-0.008363612708082722,1.2046273514211974
1998-08-17,0.023727538100510977,1.2335519910175397
1998-08-18,0.017376754960423006,1.2551744416343171
1998-08-19,-0.0010566463546977944,1.2538488665914067
1998-08-20,-0.007201273138074944,1.24485199178586
1998-08-21,-0.0037554751557191722,1.2401857485227152
1998-08-24,0.0060642540060681874,1.2477294001078898
1998-08-25,0.008301739019837176,1.258130839233605
1998-08-26,0.001183779490344119,1.2596210705958946
1998-08-27,-0.03602624235293418,1.215049353044812
1998-08-28,-0.020852641853819475,1.1899747089372708
1998-08-31,-0.08399616475957158,1.0941041375039997
1998-09-01,0.047464213474073064,1.1472870892708238
1998-09-02,-0.01462981892183002,1.1306246681943415
1998-09-03,-0.0039439733670971295,1.1261742964573676
1998-09-04,-0.011325470236600082,1.113491796182444
1998-09-08,0.04631131785280875,1.166271791312007
1998-09-09,-0.017314782170297898,1.1462518697492197
1998-09-10,-0.023765312668128875,1.1193319824329302
1998-09-11,0.029063394979799612,1.152340922413026
1998-09-14,0.01465557475726471,1.169353501001931
1998-09-15,0.005903698125481262,1.176277429354903
1998-09-16,0.0006056954229147855,1.1769901110221648
1998-09-17,-0.026734603037251586,1.1459406445390434
1998-09-18,0.0015765038786065162,1.1477486491985287
1998-09-21,0.00903832064956861,1.1581693915804372
1998-09-22,0.004766925227824056,1.1637034782804914
1998-09-23,0.03308520763210822,1.2028488450292316
1998-09-24,-0.01868545041817482,1.1805817557397498
1998-09-25,0.00018917902892159977,1.1808051181769414
1998-09-28,0.0030882410752161448,1.184457365652362
1998-09-29,0.0049372169161087725,1.190319748614131
1998-09-30,-0.02381921613891736,1.1623022671136927
1998-10-01,-0.03087598522732743,1.1269634079426567
1998-10-02,0.015311360541947499,1.144351529194709
1998-10-05,-0.007394384558204294,1.1359209617599912
1998-10-06,-0.004091104934580875,1.1312832829917425
1998-10-07,-0.013230621489005515,1.1164142820395055
1998-10-08,-0.010195127243645918,1.1050901200999705
1998-10-09,0.01926868370060348,1.1265902262441916
1998-10-12,0.011410792798131956,1.1395191381667298
1998-10-13,-0.002833498985746967,1.1362948819650533
1998-10-14,0.015533037305167037,1.1540827851915272
1998-10-15,0.04315960644112916,1.2049830609669736
1998-10-16,0.008714881889951327,1.215530237969594
1998-10-19,-0.0026355227948516432,1.212330898138
1998-10-20,-0.006577253826902058,1.2043832555813687
1998-10-21,0.016691802820886077,1.2246553012239856
1998-10-22,0.013596407490719688,1.241419924800445
1998-10-23,-0.0018820215830013982,1.2390857428877453
1998-10-26,0.0009549680070061529,1.2402695953107659
1998-10-27,-0.012164465403222722,1.2252737717323123
1998-10-28,0.0006281547366450566,1.226043675039602
1998-10-29,0.020387956241847277,1.2512967544388285
1998-10-30,0.00287270934178785,1.2548965343998288
1998-11-02,0.01313180725911647,1.2714842689148698
1998-11-03,0.0016135182388915669,1.2735374879809804
1998-11-04,-0.0009456465535693365,1.2723337408939759
1998-11-05,0.016024969937330383,1.2928870944390853
1998-11-06,0.01048385383135711,1.3065128340874974
1998-11-09,-0.007223011997209651,1.2971098759329704
1998-11-10,0.005789123204757349,1.3046407824551822
1998-11-11,-0.00502383637199525,1.2981029169738185
1998-11-12,-0.0036415035648376883,1.2933844669145895
1998-11-13,0.006056110837100979,1.3012411129479744
1998-11-16,0.009315661933180867,1.3134196728504572
1998-11-17,0.004854761014353818,1.319811514351214
1998-11-18,0.008458675213557506,1.3310227204237077
1998-11-19,0.006780542829998393,1.3400784436515558
1998-11-20,0.013002236507168122,1.3576162286535074
1998-11-23,0.024986008620606823,1.3919649714615285
1998-11-24,-0.002863432565151308,1.387984874721487
1998-11-25,0.004579307863702321,1.3943554600761783
1998-11-27,0.006080549717619679,1.402859736911832
1998-11-30,-0.023796871474440075,1.3698701453852744
1998-12-01,0.014140890057058077,1.3893789392701403
1998-12-02,-0.005162359422642756,1.38222494743774
1998-12-03,-0.02370743546704878,1.3498413217866798
1998-12-04,0.025106375554050868,1.3841599504870599
1998-12-07,0.012549081292570858,1.4016393319306493
1998-12-08,-0.0011272810345916088,1.40006018073525
1998-12-09,-0.0016172440561922571,1.3977977716565688
1998-12-10,-0.017533548828406978,1.373503025135714
1998-12-11,0.0058941937907788615,1.381622623875068
1998-12-14,-0.023289332167713162,1.3498173549600245
1998-12-15,0.02681202518328353,1.3864982388478124
1998-12-16,-0.0016544563633468436,1.3842062345471426
1998-12-17,0.00980391501644248,1.3978436154661085
1998-12-18,0.01297305301478937,1.4160960537306753
1998-12-21,0.00947295136191568,1.429574401847699
1998-12-22,0.001867392956088195,1.4322464731429767
1998-12-23,0.02513707185452338,1.468705269589434
1998-12-24,-0.0037733527864925454,1.4631737691823417
1998-12-28,-0.0005619001481430418,1.4623518425666484
1998-12-29,0.010976275128297377,1.4784914329781393
1998-12-30,-0.011386932794926084,1.4617514398596148
1998-12-31,-0.006648492904582295,1.452065230809012
1999-01-04,-0.0028206947862612452,1.4479751691028422
1999-01-05,0.0160033186999081,1.471333987989007
1999-01-06,0.023924995270810108,1.5069601249055016
1999-01-07,0.004857213393691748,1.5142975571192587
1999-01-08,-0.001817259561846685,1.5115481843227392
1999-01-11,-0.015069993170660536,1.4889399443867544
1999-01-12,-0.024007026763178816,1.4536205761090977
1999-01-13,-0.001229115033422851,1.4518350067659624
1999-01-14,-0.01592850600454849,1.4288926479637798
1999-01-15,0.02397628709161491,1.4635661987917181
1999-01-19,0.014349434358243696,1.4847189479271106
1999-01-20,0.010651675763422973,1.5006182193774849
1999-01-21,-0.016885220915172493,1.4754926714086773
1999-01-22,-0.013964580204418467,1.4550312358501825
1999-01-25,0.011084592034782065,1.4712493832134728
1999-01-26,0.027814333682015833,1.5127456244190027
1999-01-27,-0.006495797640073954,1.5029509814120396
1999-01-28,0.020463152410140257,1.5340229271406565
1999-01-29,0.014154979664995541,1.555891399233201
1999-02-01,-0.009907051191516136,1.5405532070730108
1999-02-02,-0.011981134458804993,1.5222057630322186
1999-02-03,0.006245714893514606,1.5317427779731156
1999-02-04,-0.025031565089289175,1.4938767589374868
1999-02-05,-0.011126679158561827,1.4773470027211022
1999-02-08,0.008651376141066416,1.490183534099353
1999-02-09,-0.02531589204013121,1.4529317294802624
1999-02-10,0.013439000671435743,1.4725894743322212
1999-02-11,0.027119056782499457,1.513071143276246
1999-02-12,-0.021462783598567698,1.4809424437553063
1999-02-16,0.010067304691365377,1.4959268422633674
1999-02-17,-0.013044980961079323,1.4765392355015283
1999-02-18,0.00803586020995084,1.4884523001464465
1999-02-19,0.002363228783789761,1.49197401313318
1999-02-22,0.023723944546594298,1.5277927224647097
1999-02-23,0.0035533507150315564,1.53323116244752
1999-02-24,-0.018149928874947936,1.505654143398198
1999-02-25,-0.003080744212472632,1.50102274584858
1999-02-26,-0.004950510824871995,1.4936102793830637
1999-03-01,-3.836823579762892e-05,1.4935529732910484
1999-03-02,-0.013937273490336575,1.4728813049946596
1999-03-03,0.0004659389281217929,1.4735677376365854
1999-03-04,0.017948814764986516,1.5002553207775522
1999-03-05,0.025344348650601426,1.5387642452121055
1999-03-08,0.009776671370918616,1.553882017885479
1999-03-09,0.0018080302091503008,1.5566940248460066
1999-03-10,0.002070298871971938,1.5599201851353408
1999-03-11,0.011662743657457272,1.5782196378706286
1999-03-12,-0.00033754651485945974,1.5776870052313854
1999-03-15,0.013001946433612207,1.598333941478012
1999-03-16,0.0006319556627162133,1.5993443368921656
1999-03-17,-0.012414449873895807,1.5796120926937491
1999-03-18,0.015120964803743664,1.603678849283243
1999-03-19,-0.014159061265137194,1.5811322581643974
1999-03-22,-0.0011127355922720546,1.579373854525241
1999-03-23,-0.02845682349809486,1.5350633497623338
1999-03-24,0.006328370644441578,1.5448086028657997
1999-03-25,0.020283282839224166,1.576462328203891
1999-03-26,-0.008791673643893555,1.5626633329149948
1999-03-29,0.02797593905741733,1.6069975614321528
1999-03-30,0.0006054700389531418,1.6079708449255348
1999-03-31,-0.0186207289724747,1.5783063004788158
1999-04-01,0.00833134275502444,1.591510639801484
1999-04-05,0.023087518478331747,1.628682118585697
1999-04-06,-0.003147367074312905,1.6235641164517154
1999-04-07,0.012178710870100785,1.6434579290121194
1999-04-08,0.01461579112400618,1.6676547640216528
1999-04-09,0.0033029908017953237,1.6731721192384734
1999-04-12,0.004684920045773353,1.6810291873369567
1999-04-13,-0.010998587024657697,1.6626415459268697
1999-04-14,-0.03266757598148852,1.6092046558339501
1999-04-15,-0.006461059393282323,1.598841005110861
1999-04-16,-0.006236656587929111,1.58890061245098
1999-04-19,-0.038697624652846443,1.5285884283714828
1999-04-20,0.021730098369825607,1.5621683312323058
1999-04-21,0.022663675094580005,1.5979770526219723
1999-04-22,0.023376292343909616,1.635771861545437
1999-04-23,0.00041198042137349165,1.6364459063633279
1999-04-26,0.004617976695128205,1.6440204514971632
1999-04-27,-0.0038937005093824663,1.6376315744863297
1999-04-28,-0.01766944873787693,1.6089496702736803
1999-04-29,-0.008048546040521192,1.5960519383952285
1999-04-30,-0.005905671565380361,1.586653957853404
1999-05-03,0.010075509110322997,1.60272111071081
1999-05-04,-0.01943742697295852,1.5718691488921241
1999-05-05,0.013520645985969842,1.5932661599354623
1999-05-06,-0.019317863271747393,1.56278304439913
1999-05-07,0.01110917862090233,1.5802410730177165
1999-05-10,-0.00752257741236158,1.568398187575214
1999-05-11,0.012610351254294999,1.5883014695630775
1999-05-12,0.006022691782880234,1.5978961837735108
1999-05-13,0.004746314054675334,1.6054983276983108
1999-05-14,-0.024060717951256198,1.5673299064220492
1999-05-17,0.008334793482644688,1.5804478693264559
1999-05-18,-0.006743030515154656,1.5698267107580897
1999-05-19,0.007903103388196647,1.582282367897198
1999-05-20,-0.00813265110858281,1.5694664019708464
1999-05-21,-0.011029061566358368,1.5522517655386685
1999-05-24,-0.020273429535295394,1.5210991509184062
1999-05-25,-0.019239341586582002,1.4921139271506785
1999-05-26,0.019602486829223484,1.52165163114786
1999-05-27,-0.013213928413425237,1.5016768984125934
1999-05-28,0.020428835434553556,1.5326699063043228
1999-06-01,-0.011856386343290176,1.5146052819585307
1999-06-02,0.0023813967938851707,1.5182164562338132
1999-06-03,0.0019701343316374472,1.5212104949579075
1999-06-04,0.03009442244052604,1.5676862694023757
1999-06-07,0.00035999073155532774,1.568250723522377
1999-06-08,-0.016061756315034405,1.543263072531409
1999-06-09,0.004302333769872356,1.5499170088278376
1999-06-10,-0.017447910924856397,1.523108749079812
1999-06-11,-0.007955784439597435,1.5110392988270829
1999-06-14,-0.0005954819975518753,1.5101397699802361
1999-06-15,0.008396113438928772,1.5228724525223098
1999-06-16,0.025807223863769213,1.5626850798953602
1999-06-17,0.010092166890673505,1.5785358080810765
1999-06-18,-0.002234078236544308,1.5750131719741216
1999-06-21,0.008775646862667798,1.5888957566119173
1999-06-22,-0.008249765241404939,1.5758416602788028
1999-06-23,-0.003578366597655733,1.5702127981908325
1999-06-24,-0.009126878041862376,1.5559468582580793
1999-06-25,0.00026508160622498207,1.5563593658221353
1999-06-28,0.013304961966698637,1.5772050359037513
1999-06-29,0.019846473132508393,1.608819675119563
1999-06-30,0.025291632431297957,1.6500282706933813
1999-07-01,0.009339773799697483,1.6655113531982046
1999-07-02,0.010705580417828526,1.6834374020981508
1999-07-06,-0.004549480019308934,1.6757960325824508
1999-07-07,0.008912249677584713,1.690797896112791
1999-07-08,-0.003127894586584713,1.6855175210599462
1999-07-09,0.0065668591141044,1.6966224996628483
1999-07-12,-0.002047631350298654,1.6931519966109339
1999-07-13,-0.003968525125854825,1.6864459956383413
1999-07-14,0.003914109205008513,1.6930598646926498
1999-07-15,0.009334189786107226,1.7089371925058592
1999-07-16,0.010645017856452211,1.7272260292306172
1999-07-19,-0.008754990677219403,1.712170184506264
1999-07-20,-0.02722435807157753,1.6661862322238543
1999-07-21,-0.0017538670541013485,1.663266524223425
1999-07-22,-0.013462991179135794,1.6410240428019254
1999-07-23,-0.002660644125172131,1.6366636651021025
1999-07-26,-0.008829334199286118,1.6222766221007618
1999-07-27,0.01007303018223452,1.6387004434318035
1999-07-28,0.0039893216438509575,1.6452508036382052
1999-07-29,-0.019859701871924037,1.6128989258100508
1999-07-30,-0.009161012910547503,1.5981906123172875
1999-08-02,-0.0029226907377295657,1.5935264147412467
1999-08-03,-0.000703955925690484,1.5924050371253626
1999-08-04,-0.011662467158155903,1.573941539915038
1999-08-05,0.008970075436447348,1.5881234254601413
1999-08-06,-0.011647923614980711,1.5697324016611272
1999-08-09,-0.00455178084392831,1.5626035605547073
1999-08-10,-0.0047425566985957865,1.5552103697418584
1999-08-11,0.016104596894225415,1.5804591710112457
1999-08-12,-0.0006903095777973224,1.579368541387526
1999-08-13,0.025433654477660102,1.6200528372236729
1999-08-16,0.005889858053889954,1.6296228738877767
1999-08-17,0.011817701593469005,1.6489955153073412
1999-08-18,-0.00825843108708873,1.6354334771394614
1999-08-19,-0.01042078166624651,1.6184794723587534
1999-08-20,0.015490539815781048,1.6437457822225545
1999-08-23,0.026414567886062192,1.6877431442698119
1999-08-24,0.010499521155478673,1.705556993914172
1999-08-25,0.02013339973063444,1.7402436632356033
1999-08-26,-0.014390091467406408,1.7153807168217747
1999-08-27,-0.008443681036294505,1.700957567123255
1999-08-30,-0.015545670975011939,1.6747195129268768
1999-08-31,-0.005410161712044428,1.6656834747936737
1999-09-01,0.009493361255278237,1.6815717067942646
1999-09-02,-0.005633816803848909,1.6721246762626254
1999-09-03,0.03047443639863286,1.7238661248446303
1999-09-07,-0.008088046557888166,1.7099796483020266
1999-09-08,-0.005678117575438904,1.7002976964508312
1999-09-09,0.0044710470330897025,1.7079168274761354
1999-09-10,0.0023097648500846803,1.7118662731206093
1999-09-13,-0.006472456869844055,1.70082207261254
1999-09-14,-0.004390374761434151,1.6933711943533933
1999-09-15,-0.01743968236449021,1.6640953612125389
1999-09-16,0.003924791472886385,1.670639422133161
1999-09-17,0.014951104487314017,1.695804984388126
1999-09-20,0.0029690266819995654,1.7008473563986701
1999-09-21,-0.021150101945160007,1.665252010896894
1999-09-22,0.004439302324848212,1.672661001226664
1999-09-23,-0.026837333104874468,1.628368248867924
1999-09-24,-0.0013258767130937257,1.62621066398826
1999-09-27,0.0019644046316955573,1.6294083394847008
1999-09-28,0.0015456049058814743,1.631928708253318
1999-09-29,-0.022297226882850928,1.5959438952164884
1999-09-30,0.015083148387280592,1.6201982096955785
1999-10-01,0.004710970435021175,1.6278489225518598
1999-10-04,0.020334040511917808,1.6612884971330328
1999-10-05,-0.0008134238105847128,1.6599377149668824
1999-10-06,0.019118101177101714,1.69197786972091
1999-10-07,-0.009361790775119795,1.676211841187195
1999-10-08,0.019843243290928632,1.7098055220527653
1999-10-11,-0.003793062713348268,1.7033324067071176
1999-10-12,-0.01498385631283878,1.6780001798513036
1999-10-13,-0.024128703994485527,1.6379967662661972
1999-10-14,0.000974559923320999,1.6395938703795543
1999-10-15,-0.02891966936774094,1.5928564307501814
1999-10-18,0.010919752781085505,1.6103453427046102
1999-10-19,0.01185354482218783,1.629547223750446
1999-10-20,0.028079287487099418,1.6759522092372399
1999-10-21,-0.00020476279874068895,1.6756090717044205
1999-10-22,0.012629043502534217,1.6969045995988892
1999-10-25,-0.010873512952595058,1.6785532381504904
1999-10-26,-0.011132221688692307,1.6599708350065154
1999-10-27,0.009118773095193346,1.6751769576182807
1999-10-28,0.03003734170438562,1.7262581513702626
1999-10-29,0.018357735637968272,1.7582410103940005
1999-11-01,-0.007535306265347721,1.7450419179489574
1999-11-02,-0.0066957218406103365,1.7333966329680819
1999-11-03,0.0016300968345519759,1.7362245415887547
1999-11-04,0.0017824134618740063,1.7393219712146057
1999-11-05,0.006299012603658609,1.7503125608243864
1999-11-08,0.006332870963843146,1.761432236992552
1999-11-09,-0.01016131774537282,1.7436243931502706
1999-11-10,0.002326421766617531,1.747685521007774
1999-11-11,0.006670219536521123,1.7593819325639335
1999-11-12,0.004963880058104685,1.7681370050412646
1999-11-15,-0.00845144507639759,1.7532566610319962
1999-11-16,0.0175093006959873,1.784225287421627
1999-11-17,-0.006117211409819981,1.7733441192700445
1999-11-18,0.008477145578707008,1.788440913986489
1999-11-19,0.003387395889793949,1.794509343671896
1999-11-22,0.009559317798820773,1.8117458822994135
1999-11-23,-0.00863989041629342,1.7961600234244681
1999-11-24,0.011544957901427382,1.817016778801489
1999-11-26,-0.002847630539292508,1.8118499464380682
1999-11-29,-0.003973728545921547,1.8046644326807946
1999-11-30,-0.010706836656754572,1.785445257266739
1999-12-01,0.010554363671595235,1.8043892910838961
1999-12-02,0.0013017423648297253,1.8067396705290941
1999-12-03,0.01865484094587953,1.8407604512341988
1999-12-06,-0.0058028245759046936,1.830109773144181
1999-12-07,-0.012637103344106455,1.8071280041461255
1999-12-08,-0.004352494372400832,1.7992795821742777
1999-12-09,0.005946119425629309,1.8100101845554024
1999-12-10,0.005668593581221337,1.8202995321822288
1999-12-13,0.007945652561728571,1.83482061315834
1999-12-14,-0.003051470349263355,1.8292302462184271
1999-12-15,0.0158053035763778,1.8583714718910103
1999-12-16,0.009890290640486098,1.8768424972043036
1999-12-17,-0.0015448762400920642,1.8739452463472082
1999-12-20,-0.005441317904295813,1.8637762061073018
1999-12-21,0.007666900299550807,1.878120510370788
1999-12-22,0.005932349926524824,1.8892952920274482
1999-12-23,0.013923528149189308,1.9157849349032126
1999-12-27,0.007062522615645239,1.92936310094607
1999-12-28,-0.00729424225192005,1.915341061344012
1999-12-29,-0.005238979409732772,1.9053328682110415
1999-12-30,-0.0013627279536558895,1.9027381861749146
1999-12-31,-0.00045107414805245683,1.901880103712576
2000-01-03,-0.007095789829086069,1.888432529221656
2000-01-04,-0.044563531388460365,1.8061248873567193
2000-01-05,0.0081214545897872,1.8208529744050785
2000-01-06,-0.005899080949665781,1.8101432351784197
2000-01-07,0.04197566186486869,1.8877424410258936
2000-01-10,0.008236654042910097,1.9033553331623139
2000-01-11,-0.008653675739468987,1.8869553755935582
2000-01-12,-0.008353136687374163,1.8712590275560517
2000-01-13,0.008402920714487505,1.887049318169539
2000-01-14,0.01887426559836556,1.923004232126761
2000-01-18,0.0036883071718135157,1.9301099584228794
2000-01-19,-0.00799181521243401,1.914746349628308
2000-01-20,-0.008443691510924818,1.898646887229431
2000-01-21,-0.003978399762247547,1.891108316571703
2000-01-24,-0.030835725827654314,1.8336845212237038
2000-01-25,0.009843935633765448,1.8518243306983366
2000-01-26,-0.013551881507669736,1.8268979082416748
2000-01-27,-0.010379319704256203,1.8080340173131173
2000-01-28,-0.027039228007893032,1.7598012009606876
2000-01-31,0.027531361931773468,1.8089240311736103
2000-02-01,0.025807666678808808,1.856215759394407
2000-02-02,-0.00834219528251583,1.8407952549017992
2000-02-03,0.010056271519785937,1.8594001831116747
2000-02-04,0.0015759823404160893,1.8623328752925696
2000-02-07,0.0015270893780860093,1.8651789966326262
2000-02-08,0.014718596783335602,1.8928348425635892
2000-02-09,-0.023436369092426402,1.8489894616969538
2000-02-10,0.007421295957332719,1.8627624030384138
2000-02-11,-0.02493082646328324,1.8168963122340414
2000-02-14,0.008876322086432135,1.8330954571534737
2000-02-15,0.005745433909216943,1.843657699228762
2000-02-16,-0.02067120958122396,1.8059382608532697
2000-02-17,-0.00423642646001116,1.7983037192252125
2000-02-18,-0.03239355115343147,1.7409836876670823
2000-02-22,-0.00020614582393396392,1.7406248281402998
2000-02-23,0.014792844126939026,1.7665650114150397
2000-02-24,-0.007384446204338948,1.7535679542174132
2000-02-25,-0.01976496613143408,1.7192490165418073
2000-02-28,0.01118793861270219,1.7385918705689327
2000-02-29,0.01156395557751937,1.7588135657750317
2000-03-01,0.0032531014714108552,1.7645444813446969
2000-03-02,0.006993142376809412,1.7769274395632049
2000-03-03,0.022250038612772725,1.8169072707308076
2000-03-06,-0.02632035090814966,1.769709489578488
2000-03-07,-0.025366227412909174,1.7253832082473708
2000-03-08,0.019006625530225956,1.758490553572066
2000-03-09,0.026319206652820386,1.8053870622276573
2000-03-10,-0.010067137868598293,1.7873031610583998
2000-03-13,-0.00737473981035148,1.774170748863972
2000-03-14,-0.018098728102591635,1.7423493469472358
2000-03-15,0.02660752790488078,1.7893312198196152
2000-03-16,0.03942390668532685,1.8612826307829289
2000-03-17,0.00856133188313717,1.8772860968559564
2000-03-20,-0.004966483837948324,1.8679857000488587
2000-03-21,0.03181230518791053,1.9283659567045417
2000-03-22,0.005407540891624157,1.938821919513674
2000-03-23,0.029065299381836024,1.9960013016506089
2000-03-24,0.0005583865134282876,1.9971161530882724
2000-03-27,-0.006295575096621431,1.9845826525630332
2000-03-28,-0.00847906717774392,1.967826382093943
2000-03-29,0.011170864082849017,1.9899319423760324
2000-03-30,-0.018761653380877916,1.95294557663448
2000-03-31,0.002940935703990031,1.9586975179077224
2000-04-03,0.0041624324998857315,1.9668674557251347
2000-04-04,0.0006815722564966425,1.9682084749640043
2000-04-05,-0.015928021275613196,1.937107157260711
2000-04-06,0.005603694388994441,1.94799258458797
2000-04-07,0.0151666433222916,1.977762275806432
2000-04-10,-0.005698620941350955,1.9665238105745733
2000-04-11,-0.0016454322836752238,1.9632906894804092
2000-04-12,-0.029202725529017596,1.9067863068476263
2000-04-13,-0.018771375783612588,1.87132715428782
2000-04-14,-0.06322009111555367,1.7566837456204687
2000-04-17,0.04183724567674527,1.8317376317384257
2000-04-18,0.02679695892255012,1.8814862081859887
2000-04-19,-0.02285646984590008,1.8389698136764314
2000-04-20,0.0012643837600908858,1.8412964478133913
2000-04-24,-0.0028170745261334273,1.836116677819761
2000-04-25,0.02832185894187673,1.8888623169646055
2000-04-26,-0.01609627152958509,1.8587020612436203
2000-04-27,0.00612591531743059,1.8701232596013473
2000-04-28,-0.01011183693701171,1.8513081660459603
2000-05-01,0.010801836643002728,1.8714140893855113
2000-05-02,-0.01211740164885806,1.8488742511453249
2000-05-03,-0.019216080759206527,1.8136853137620113
2000-05-04,-0.011350975460312763,1.7932146172541221
2000-05-05,0.02183785187535403,1.8328052866741131
2000-05-08,-0.008894899112713487,1.8165749591297131
2000-05-09,-0.00630520145022223,1.8051571217721603
2000-05-10,-0.020400460585003305,1.768704177720294
2000-05-11,0.02194910096334223,1.8079548267404812
2000-05-12,0.0028370722873585497,1.8130914082574068
2000-05-15,0.021055959928593534,1.8516725443111484
2000-05-16,0.006868553369506605,1.8644346343798903
2000-05-17,-0.015791401349671778,1.8352238454421106
2000-05-18,-0.008334189791643565,1.8199923010584316
2000-05-19,-0.01692396418662319,1.7894499939828716
2000-05-22,0.0007855673062792558,1.7908562796880827
2000-05-23,-0.024536247382536232,1.747450077265257
2000-05-24,0.021331408584002225,1.785126061118323
2000-05-25,-0.016170417552543302,1.7564919639200756
2000-05-26,0.0012562441239915994,1.758699933212438
2000-05-30,0.0311925620641224,1.8144228421651285
2000-05-31,-0.0017090040178133138,1.8113246344166776
2000-06-01,0.015974692969167873,1.8404923416276853
2000-06-02,0.013593270201628885,1.8656814647467976
2000-06-05,-0.006312362499862815,1.8539416988428543
2000-06-06,-0.004008119495350285,1.846525750907339
2000-06-07,0.012178880178939184,1.869151867488576
2000-06-08,-0.007515062075319269,1.8551577244641841
2000-06-09,-0.0036195393993530794,1.8484550456112512
2000-06-12,-0.012159212571531085,1.8261153793939193
2000-06-13,0.028680233740732315,1.8792470680050286
2000-06-14,0.001734323140488582,1.8825091175881503
2000-06-15,0.008071284956830169,1.8977648690482822
2000-06-16,-0.010319212631289598,1.8782821260109532
2000-06-19,0.017873478879589233,1.9121553765732695
2000-06-20,-0.006745412382333562,1.899300504467906
2000-06-21,0.0054234441953837425,1.9096292381021718
2000-06-22,-0.016877278359811513,1.8776703420795942
2000-06-23,-0.0003172799264339411,1.8770746894708967
2000-06-26,0.009649521189502219,1.8952752335030953
2000-06-27,-0.0019398180734025846,1.8916023079065367
2000-06-28,0.004107754901367159,1.899388527550738
2000-06-29,-0.012518477415747804,1.8757592848175135
2000-06-30,0.015421576484160619,1.9049106523749766
2000-07-03,0.005433330158845881,1.915288829372235
2000-07-05,-0.020433599695746058,1.8765497217321856
2000-07-06,0.011965558205148632,1.8991385611773486
2000-07-07,0.01589309841872045,1.9295628852236877
2000-07-10,-0.006145730172406464,1.9177406776397137
2000-07-11,-0.0001175564972865819,1.9175152480135647
2000-07-12,0.005777884349342164,1.9286264982025392
2000-07-13,-0.006271295766316376,1.9165693574737586
2000-07-14,0.003108887620049948,1.9225370278238607
2000-07-17,0.007238633224903391,1.936504058348412
2000-07-18,-0.01282700794434871,1.9118231350070851
2000-07-19,-0.006545750382381288,1.8993496865673116
2000-07-20,0.017117281758769115,1.9321412407869705
2000-07-21,-0.012332997288900222,1.908458487949542
2000-07-24,-0.005119571547814719,1.8987129659089743
2000-07-25,0.002680037505763174,1.9038084128148176
2000-07-26,-0.010089103274899387,1.8846972624174034
2000-07-27,0.011377059072183919,1.906262013622538
2000-07-28,-0.02205852764234067,1.864673062163473
2000-07-31,0.007796937301195831,1.8792686275290655
2000-08-01,-0.002832340021777799,1.873953430559469
2000-08-02,-0.0004888115040114618,1.8730376444062677
2000-08-03,0.012507086560154132,1.8966109980505195
2000-08-04,0.001167626312928867,1.8988268243340245
2000-08-07,0.0038560686453859377,1.9061629661573372
2000-08-08,0.0031173607463476504,1.9121144353827844
2000-08-09,-0.0006664623831799986,1.9108405075988932
2000-08-10,-0.01460206165123665,1.8831410236597341
2000-08-11,0.01044206888475938,1.9029079360692642
2000-08-14,0.013724906013070795,1.9292052197095353
2000-08-15,-0.00816087643184691,1.9135252823389126
2000-08-16,-0.003848673146900134,1.9061749026463226
2000-08-17,0.007667627774201352,1.920846920173221
2000-08-18,-0.005002812811833031,1.9112612801652793
2000-08-21,0.010341600072736056,1.9311293366347972
2000-08-22,-0.002207713338943967,1.9268706593381515
2000-08-23,0.009555822543339471,1.9453717492051328
2000-08-24,0.001161378679905267,1.9476323749463247
2000-08-25,-0.0015168777119950701,1.9446802943442845
2000-08-28,0.008225299249384872,1.960741836651321
2000-08-29,-0.0031891815224866513,1.9544986356577
2000-08-30,-0.010700805318427773,1.93369543029709
2000-08-31,0.008764236443479964,1.9507172770462222
2000-09-01,0.0029210902062308027,1.9564238287978206
2000-09-05,-0.012766894472458504,1.931605138140821
2000-09-06,-0.015580084970848116,1.9017437911605752
2000-09-07,0.010995336650516682,1.9227694848285803
2000-09-08,-0.0023493801384931105,1.9182574706836029
2000-09-11,-0.00393606419811139,1.9107219260529655
2000-09-12,-0.005284488302074001,1.9006513706879293
2000-09-13,-0.0009829150880403435,1.8987841096084532
2000-09-14,-0.007141825264074715,1.88527163458553
2000-09-15,-0.012106613416538075,1.8625849860601416
2000-09-18,-0.010067619288485727,1.8439272665271054
2000-09-19,0.014514383559847176,1.8708859048647806
2000-09-20,-0.003727137593924335,1.8639258343023222
2000-09-21,-0.003257549546332561,1.8578638824612257
2000-09-22,-0.00733494007578722,1.8442864180321545
2000-09-25,-0.014444914433121321,1.817837345720585
2000-09-26,-0.010287752930649851,1.7992317532068771
2000-09-27,0.006192280048753425,1.8104076665769828
2000-09-28,0.015076215759332814,1.837908546880314
2000-09-29,-0.016409852233958955,1.8079948501465088
2000-10-02,0.0018719698114042507,1.8113825317547287
2000-10-03,-0.009347134565403512,1.794530178783961
2000-10-04,0.0036573369183626444,1.801105396822546
2000-10-05,0.008418532115439015,1.8163320636124927
2000-10-06,-0.012351786865504994,1.7940351042111968
2000-10-09,-0.012633624743779371,1.7715125085042651
2000-10-10,-0.005988826150813321,1.7609349333109314
2000-10-11,-0.013587184456756881,1.737170596366991
2000-10-12,-0.025345110749437974,1.693695088267308
2000-10-13,0.030664303828974622,1.7464355614050266
2000-10-16,-0.006980330635405996,1.7342873124769964
2000-10-17,-0.00533241276756588,1.7250639898062348
2000-10-18,-0.007533603146205885,1.7121168727606797
2000-10-19,0.03758517778445019,1.7776916910974172
2000-10-20,-0.0018509536620910695,1.7744043094857833
2000-10-23,-0.005101306323092769,1.7653755783036078
2000-10-24,0.003686686196852856,1.771895976025292
2000-10-25,-0.0112910692270958,1.7520018999465055
2000-10-26,0.009470756629636201,1.7686735053005875
2000-10-27,0.0073063755090242025,1.7816434219259318
2000-10-30,0.0038937209566412795,1.788594167605483
2000-10-31,0.016743253964684096,1.8187931632331915
2000-11-01,-0.003929052424163403,1.8116610499447772
2000-11-02,0.00627021658574267,1.8230562449441583
2000-11-03,-0.004160179792783583,1.8154877572433399
2000-11-06,0.006484740938027981,1.8272989799947768
2000-11-07,0.002399758091401841,1.831689321279001
2000-11-08,-0.016201859626131934,1.8022516643561017
2000-11-09,0.004039657831895346,1.8095468695526997
2000-11-10,-0.030083794732608145,1.7559195343314247
2000-11-13,-0.006113803253009611,1.745216937892179
2000-11-14,0.026964848292975827,1.7929166656388487
2000-11-15,0.007395997811242338,1.8062262314632551
2000-11-16,-0.00817122586396526,1.7915272849564738
2000-11-17,0.004632219911882692,1.7998452838449799
2000-11-20,-0.01815798082927297,1.7674586554250873
2000-11-21,0.006681514159793243,1.7793074954741912
2000-11-22,-0.016482162172941333,1.7502210232249018
2000-11-24,0.011890003079540565,1.7711553646457059
2000-11-27,0.007061892397374196,1.7837073414403959
2000-11-28,-0.005139506640288802,1.7745634833020905
2000-11-29,0.008552638118801621,1.7898057705658432
2000-11-30,-0.026709222333168317,1.7426342123716458
2000-12-01,-0.010292640381942003,1.7247898952091343
2000-12-04,0.009348161496152588,1.7409891081577955
2000-12-05,0.03724985422389002,1.8070636929869173
2000-12-06,-0.023603901023982653,1.7649094004578447
2000-12-07,-0.005299812028908564,1.7555804550518515
2000-12-08,0.015213619426693591,1.7824933904557019
2000-12-11,0.004318857295836478,1.7902083730021903
2000-12-12,-0.005566911537078486,1.7802701296833623
2000-12-13,-0.007684576283834939,1.7666419385681673
2000-12-14,-0.014435128929826348,1.741323412148492
2000-12-15,-0.03704417636577437,1.6779976867351345
2000-12-18,0.00948223729664153,1.693984534742145
2000-12-19,-0.016370627680695596,1.666478702782382
2000-12-20,-0.03587725355533086,1.6077498384007138
2000-12-21,0.014442995584997802,1.6311390608553673
2000-12-22,0.02374877211385072,1.6703402583985327
2000-12-26,0.002193997136681388,1.6740090032789612
2000-12-27,0.005916768599169512,1.6839430870405787
2000-12-28,-0.0033835144847503824,1.6782550693855927
2000-12-29,-0.008376599958696952,1.6642557134012113
2001-01-02,-0.01926375545897506,1.6325027211903371
2001-01-03,0.046008957618415544,1.7093671369659356
2001-01-04,-0.015137832544512422,1.6836858930855358
2001-01-05,-0.02263862974216859,1.6459977649462931
2001-01-08,-0.004474944008415664,1.6386484732088966
2001-01-09,0.007334797693208423,1.6507118152536817
2001-01-10,0.0009612751207252513,1.6522993663676186
2001-01-11,0.008027196665275354,1.6656160747438142
2001-01-12,-0.010716762388593955,1.6478613694446622
2001-01-16,0.005944445515671511,1.6576861641199483
2001-01-17,-0.007244515928412584,1.6457204256243552
2001-01-18,0.021996674785205776,1.6823218819796297
2001-01-19,0.0005531853620881198,1.6832527752735944
2001-01-22,-0.0026279982753190058,1.6788349973821581
2001-01-23,0.012759148485337928,1.7003927391517788
2001-01-24,0.0013632688998480936,1.7027124125005992
2001-01-25,-0.005584575264670752,1.6932299891766678
2001-01-26,-0.00022629380695786836,1.6928468650673034
2001-01-29,-0.001523944392880517,1.690269025320392
2001-01-30,0.008602478457079817,1.7048722501043683
2001-01-31,0.00037245326612899186,1.7055073536080976
2001-02-01,0.01083099786817389,1.7240800992388405
2001-02-02,-0.020579221957830678,1.6889624584300782
2001-02-05,0.005218544585007064,1.6977994223119086
2001-02-06,0.0014208519750849042,1.7002134585623603
2001-02-07,-0.007822689717041049,1.6869651026724293
2001-02-08,-0.010997942943598748,1.668513606956577
2001-02-09,-0.020781568205983113,1.6341970881928907
2001-02-12,0.020498631984922727,1.6680415908002193
2001-02-13,-0.013832990343273064,1.6451264454775039
2001-02-14,-0.0023306347175991453,1.6412967212465024
2001-02-15,0.004737317451969548,1.6490905111004748
2001-02-16,-0.011431652460052372,1.6303460258540268
2001-02-20,-0.01651624870078751,1.6036399744011878
2001-02-21,-0.02140167177229964,1.5696840508571324
2001-02-22,-0.00033331244571640204,1.5691609428111932
2001-02-23,-0.004821147644006179,1.5616139933256572
2001-02-26,0.018003159345658774,1.5899825747130125
2001-02-27,-0.00960973562608694,1.574776442992697
2001-02-28,-0.017222906438111044,1.5478864423286458
2001-03-01,0.0013246148439958537,1.5499381542510131
2001-03-02,-0.016246864072546358,1.5249599776931406
2001-03-05,0.0037192269516943184,1.5306422101484531
2001-03-06,0.005787083631567887,1.5395258450045426
2001-03-07,0.007581484325911472,1.5512420932241924
2001-03-08,0.004632487255374436,1.5584448729627955
2001-03-09,-0.029349046937147853,1.5133706789588155
2001-03-12,-0.046798048650495576,1.4441795172318437
2001-03-13,0.022817569916970145,1.4775110100387394
2001-03-14,-0.02924917622683278,1.4349209288495066
2001-03-15,0.0036198057658050928,1.440124476134627
2001-03-16,-0.01747223682177338,1.4151808254817628
2001-03-19,0.010451081325968137,1.4300485519619477
2001-03-20,-0.028642140074841543,1.389669926565838
2001-03-21,-0.019311956730603104,1.3630901607929766
2001-03-22,0.007014430103264899,1.372685073531791
2001-03-23,0.01699908022561139,1.3962189173615487
2001-03-26,0.009686635409312942,1.409809297226725
2001-03-27,0.032409846906643204,1.456249495589895
2001-03-28,-0.027159200384663525,1.4172311752876596
2001-03-29,-0.003351668038705617,1.4124890383277353
2001-03-30,0.012208798377052894,1.4298395310261025
2001-04-02,-0.006261586915973893,1.4209144383094168
2001-04-03,-0.03462546701159304,1.372556649158071
2001-04-04,-0.002170987599703063,1.3695800779115863
2001-04-05,0.042371188798806914,1.4288577790410641
2001-04-06,-0.012977654439610803,1.4104343614858283
2001-04-09,0.0055035300740811895,1.4182181288639448
2001-04-10,0.023389498705244694,1.4517805135661082
2001-04-11,8.754658486546515e-05,1.451907617555724
2001-04-12,0.015541155069945266,1.4746481886540348
2001-04-16,-0.003680058938690614,1.4692313696258519
2001-04-17,0.012887881785813128,1.4882891935370892
2001-04-18,0.03611846588530891,1.5430264789202486
2001-04-19,0.01611093807135135,1.5680874185168785
2001-04-20,-0.006097515016146811,1.5585550732790723
2001-04-23,-0.01476986665528107,1.535704587385956
2001-04-24,-0.01491840270403324,1.5129643735022609
2001-04-25,0.01905826384119699,1.5420753691024855
2001-04-26,0.004152672136896993,1.548492417247607
2001-04-27,0.01214218300591962,1.567409108111422
2001-04-30,-0.004428233291448948,1.560483600117091
2001-05-01,0.01912967174378034,1.5906224936278193
2001-05-02,0.0023524329176598784,1.5943687309998342
2001-05-03,-0.013769224786827194,1.5725659576605313
2001-05-04,0.017596129432759018,1.6004819179348324
2001-05-07,0.0023855878045110682,1.6043045658978792
2001-05-08,0.0019251560440089294,1.6073960773955511
2001-05-09,-0.009701100440940148,1.591877959711908
2001-05-10,-0.0055482556976197105,1.5830702700033434
2001-05-11,-0.008683818760321906,1.569382690935175
2001-05-14,0.004107865306817018,1.5758427631133411
2001-05-15,-0.0012784439756917938,1.5738294236712618
2001-05-16,0.024771647223609774,1.6133026610085652
2001-05-17,-0.005304615795190309,1.604767368468872
2001-05-18,0.005743463484308335,1.6140108105267217
2001-05-21,0.01419188151702433,1.6370799709180248
2001-05-22,-0.003750940976841987,1.6309508826829755
2001-05-23,-0.015531461065229771,1.6058155321816845
2001-05-24,0.007886066931091123,1.6185291653400768
2001-05-25,-0.014778418952560891,1.5947857405194827
2001-05-29,-0.006576610586535496,1.5843318689354338
2001-05-30,-0.014005708495094438,1.56229684686528
2001-05-31,0.0022369944366503647,1.565795608115815
2001-06-01,0.007748420352551731,1.5779751759429292
2001-06-04,0.009136050538756527,1.5924576926668883
2001-06-05,0.015020261814567922,1.6165573627276544
2001-06-06,-0.009699021987602958,1.6009541276996488
2001-06-07,0.008529383740179025,1.614667680744647
2001-06-08,-0.009150970101150107,1.5999593056652652
2001-06-11,-0.007545237072681972,1.587932662391671
2001-06-12,0.0031436156574922067,1.5929323668293964
2001-06-13,-0.013520505474405382,1.5715400593310533
2001-06-14,-0.011526118345970933,1.5535302933535726
2001-06-15,-0.009266662858009218,1.5392007479593337
2001-06-18,-0.0010088257403921828,1.5376487456067491
2001-06-19,0.00771158397152673,1.5495522916341118
2001-06-20,0.01055509042429561,1.5659945784489837
2001-06-21,0.011237089124191822,1.5836910412459917
2001-06-22,-0.01166812461013689,1.5653197246682868
2001-06-25,-0.0055636789815448305,1.5566349702123572
2001-06-26,-0.00026480657498449467,1.556222817610162
2001-06-27,-0.006772437243662656,1.545719004595184
2001-06-28,0.016809215141242097,1.571920927831138
2001-06-29,-0.00865428084438762,1.558375778958065
2001-07-02,0.013147905545821683,1.5790004449748418
2001-07-03,-0.0016907706197719643,1.5763329730908764
2001-07-05,-0.018199152789798445,1.5479045199894634
2001-07-06,-0.022191545576268717,1.5139324666299274
2001-07-09,0.010478936527906864,1.529880280989483
2001-07-10,-0.01807696976442968,1.5024731467063752
2001-07-11,0.002565475818707556,1.5063326538518027
2001-07-12,0.02639223247155125,1.5466173992807024
2001-07-13,0.008382162783721569,1.5596358833882593
2001-07-16,-0.004794224609280331,1.5521765338406897
2001-07-17,0.010539437261636676,1.5686221123791093
2001-07-18,-0.0027086666162144607,1.5643789872298453
2001-07-19,0.01028001637312004,1.580543773610732
2001-07-20,-0.004553893169916662,1.5733625098796422
2001-07-23,-0.019756689011510294,1.542583126583028
2001-07-24,-0.013471553422997402,1.5219414852450732
2001-07-25,0.01795011062856562,1.5495071666412958
2001-07-26,0.005551904735545854,1.558133807803795
2001-07-27,-0.0035674041789598666,1.5525852176627362
2001-07-30,-0.0009514382288145988,1.5511087312373546
2001-07-31,0.006200710234429905,1.5607565878912366
2001-08-01,0.00298454738664484,1.5654216980450943
2001-08-02,0.0032520180499252573,1.5705207642968104
2001-08-03,-0.005335724772192343,1.562163214370846
2001-08-06,-0.014182789347962445,1.5401637581682572
2001-08-07,0.007441357899945582,1.5516674162523971
2001-08-08,-0.017700933499170936,1.5244431131238576
2001-08-09,0.0021375457376066435,1.527705165153191
2001-08-10,0.007230378074505396,1.5387910804670466
2001-08-13,-0.0005276812531563824,1.5379793034599505
2001-08-14,-0.003049109339560896,1.5332969784897752
2001-08-15,-0.006025280537975508,1.5240862106421007
2001-08-16,0.003897204542843771,1.5300374754616295
2001-08-17,-0.022219832122563978,1.4964152233373091
2001-08-20,0.011484657688507729,1.513700105428768
2001-08-21,-0.019032539449396688,1.4851629768996686
2001-08-22,0.007285675574539789,1.4960229054447398
2001-08-23,-0.005074190365061424,1.4884510272540472
2001-08-24,0.025697052945942277,1.527195509599859
2001-08-27,-0.007039710701798515,1.5164822484004727
2001-08-28,-0.018773713165030948,1.4882778249153636
2001-08-29,-0.010668643312189106,1.472484317103718
2001-08-30,-0.02179688022057255,1.440736016736019
2001-08-31,0.002288908474779494,1.4440375065772812
2001-09-04,0.0039054712666520834,1.4496881806574782
2001-09-05,0.007463660532254229,1.4605486400905203
2001-09-06,-0.024562660422924477,1.4251106867171237
2001-09-07,-0.016784229159088414,1.40139091822856
2001-09-10,0.01207818074119314,1.4184198029844937
2001-09-17,-0.03845653565858866,1.364907828593104
2001-09-18,0.00015251664856912413,1.3651160156363182
2001-09-19,-0.014035260218832165,1.3460900863850669
2001-09-20,-0.03172099160628771,1.3040609019200047
2001-09-21,-0.02540383794351589,1.271350000478438
2001-09-24,0.04217083686278835,1.326110425253185
2001-09-25,0.010857082033915593,1.340586557002115
2001-09-26,0.0013425682075036696,1.3423875946303536
2001-09-27,0.00993629703821964,1.3557924435028856
2001-09-28,0.017769743499756983,1.3800998560929256
2001-10-01,0.005579477946419137,1.3878216144622297
2001-10-02,0.011434912776363371,1.403782314263433
2001-10-03,0.019117578459832245,1.4308774038219825
2001-10-04,-0.003137170819587451,1.4263955308606635
2001-10-05,0.009657292076270661,1.4402373789254332
2001-10-08,-0.0037812968858404123,1.434801697249435
2001-10-09,-0.008371622585453445,1.422840217311908
2001-10-10,0.024308311724754898,1.457850861729888
2001-10-11,0.009919830205481492,1.4723844609826044
2001-10-12,0.0001824429102950494,1.472653111594694
2001-10-15,-0.0009310747195102234,1.471282599635407
2001-10-16,0.00596196917274529,1.480080541607964
2001-10-17,-0.014158655053051791,1.4592722481079665
2001-10-18,-0.0003371210591408568,1.4587803796163814
2001-10-19,0.006174757487609627,1.4678158619358064
2001-10-22,0.015487857226418808,1.4907261420511815
2001-10-23,-0.007852644430433984,1.4790658417290508
2001-10-24,0.002815010527129752,1.483235293415705
2001-10-25,0.010181930921739663,1.4984146390997028
2001-10-26,0.0005227620951737853,1.499198158255092
2001-10-29,-0.02506824082948025,1.4620830466765384
2001-10-30,-0.01380456225754231,1.4420383030083859
2001-10-31,-0.0008210031331380694,1.440854870910715
2001-11-01,0.027975874377952507,1.4817331829562
2001-11-02,0.0011092838367271279,1.4833777576077962
2001-11-05,0.010703137388055225,1.4993398232562358
2001-11-06,0.016493733140490133,1.5242746027114547
2001-11-07,-0.0048876612664045345,1.5168426420249221
2001-11-08,0.004353175790539898,1.5234601177596543
2001-11-09,0.002975138771264625,1.527999372130063
2001-11-12,-0.0017625402655875812,1.5253085837189404
2001-11-13,0.013905940892050018,1.5466675991383736
2001-11-14,0.0012432438187015551,1.5485916798734982
2001-11-15,0.001953566812741268,1.5516199141516946
2001-11-16,-0.005247415753319694,1.543499244270339
2001-11-19,0.007967236261946172,1.5558457860172343
2001-11-20,-0.006326755721071466,1.5460334027959715
2001-11-21,-0.0049317046340054795,1.5384275929185036
2001-11-23,0.009212477687697776,1.5526658067064991
2001-11-26,0.0032264583126246985,1.5576835085553262
2001-11-27,-0.010426039754612374,1.5415274067998088
2001-11-28,-0.016596924665104824,1.5161539357942737
2001-11-29,0.011088523059541684,1.533059398763397
2001-11-30,-0.0007165044173679893,1.5319613483580548
2001-12-03,-0.006268680106323555,1.5223880101769998
2001-12-04,0.009440157072336785,1.5368276410759558
2001-12-05,0.01972825639512693,1.5674476170709322
2001-12-06,-0.004773141465885172,1.5599837949642914
2001-12-07,-0.004220503212413383,1.553413752541392
2001-12-10,-0.014409725630865766,1.5311899902785957
2001-12-11,-0.005615570186855762,1.5226155830441435
2001-12-12,0.0019314195351887056,1.525559234323532
2001-12-13,-0.016924503202118267,1.4999571644499292
2001-12-14,0.008361544336875672,1.5125517043063004
2001-12-17,0.013179111727057997,1.5326177279576805
2001-12-18,0.008262413638347567,1.545333307927914
2001-12-19,0.009279638632490716,1.5597401845132743
2001-12-20,-0.009602267767944914,1.5448348187966712
2001-12-21,0.00476585287203586,1.5522148463486471
2001-12-24,-0.003083634928889843,1.5474357547052184
2001-12-26,0.0035797113892362415,1.5529850546206223
2001-12-27,0.00493081206458043,1.5606614419226845
2001-12-28,-0.0021040261254180286,1.5573812215207656
2001-12-31,-0.015152033467533688,1.53396160460287
2002-01-02,0.010865297036687878,1.5507194275806309
2002-01-03,0.011423763544785082,1.5685360523409335
2002-01-04,0.002446081282648551,1.5723775153697408
2002-01-07,-0.010664926087896785,1.5556973299592782
2002-01-08,-0.0009483120061611661,1.554222742798187
2002-01-09,-0.006326372990654949,1.544421186856688
2002-01-10,0.00357021332706713,1.5499449546078734
2002-01-11,-0.009975165011904867,1.5345608549572143
2002-01-14,-0.002768109762603658,1.5303188958860996
2002-01-15,0.008621105812940814,1.543568970095118
2002-01-16,-0.015406837884246353,1.5199697149710234
2002-01-17,0.012909904629420614,1.5397195892260915
2002-01-18,-0.014546455109566009,1.5174842421597787
2002-01-22,-0.008373294410037667,1.504830948642473
2002-01-23,0.004888176716961813,1.5122048359980333
2002-01-24,-0.0006589638582192375,1.5112086759176784
2002-01-25,-0.0008510559009305958,1.5099230999825888
2002-01-28,0.0007368971851422489,1.5110361681227689
2002-01-29,-0.029152782631085835,1.4676211679656377
2002-01-30,0.012754534536760238,1.486459876934921
2002-01-31,0.01463617518920883,1.5083759566638428
2002-02-01,-0.0064190102175199085,1.4987246849310683
2002-02-04,-0.02383765729383539,1.4634210492097137
2002-02-05,0.003567831794027362,1.4686516146975512
2002-02-06,-0.004463084754990235,1.462111503457094
2002-02-07,-0.008918464087314526,1.4491296894892887
2002-02-08,0.011824455613551152,1.4663665666909793
2002-02-11,0.012101874556552832,1.484220164036997
2002-02-12,-0.004262864486351757,1.477906601102248
2002-02-13,0.012262890003868014,1.4961415854795255
2002-02-14,5.7275493248837224e-05,1.4962272801808836
2002-02-15,-0.014461940785329535,1.4747446445746082
2002-02-19,-0.016009163869602067,1.4513231950336447
2002-02-20,0.014056076828471778,1.4718671508328773
2002-02-21,-0.020179119690809433,1.4424638317133518
2002-02-22,0.011282174539672701,1.458830110434986
2002-02-25,0.015112338703069677,1.4810438733602436
2002-02-26,-0.002458528587073002,1.4774071569762772
2002-02-27,0.0017883290518676627,1.4800516109887298
2002-02-28,-0.0019584295112661434,1.4771558707127173
2002-03-01,0.02714813345089616,1.517807202599836
2002-03-04,0.015623239444052557,1.5417064738542599
2002-03-05,-0.00808978360712197,1.5292847145123087
2002-03-06,0.012717898771452765,1.5488582057186893
2002-03-07,-0.0046918546805714435,1.5416082093611303
2002-03-08,0.005823371492694926,1.5506117567171795
2002-03-11,0.0007822326019603014,1.55182517031023
2002-03-12,2.0544549007177005e-05,1.5518570521859902
2002-03-13,-0.009403740526112597,1.537332192177328
2002-03-14,0.0004058835406955128,1.5379562966590146
2002-03-15,0.010893695718949674,1.5548019135034694
2002-03-18,-0.005158426218663632,1.5468022331672757
2002-03-19,0.004197213114304373,1.5533081355640046
2002-03-20,-0.01904695761515778,1.5240023206245283
2002-03-21,0.001629891891255676,1.5264883050417462
2002-03-22,-0.0032591703758220185,1.5215213181039475
2002-03-25,-0.013550541461428178,1.5010429402998113
2002-03-26,0.007485860910072805,1.5123217019213162
2002-03-27,0.0024634599146429637,1.5160518384465442
2002-03-28,0.0003667394771827805,1.5166079364704745
2002-04-01,-0.001805120241552514,1.5138727462022201
2002-04-02,-0.011039006054860797,1.4972529973176176
2002-04-03,-0.0075993302180910145,1.4859180011100221
2002-04-04,-0.0013105523426305023,1.4839719033027736
2002-04-05,-0.008788468557793675,1.4709872042745389
2002-04-08,0.00023682739240552057,1.4713356155934327
2002-04-09,-0.01339906695863736,1.4517525813408572
2002-04-10,0.0134071960352828,1.4713475762420376
2002-04-11,-0.027932808586618594,1.4308174020727307
2002-04-12,0.00627740480082527,1.4398274724436995
2002-04-15,-0.01250794399261219,1.4219303524775313
2002-04-16,0.024374239059135657,1.457014662535713
2002-04-17,-0.005651096572368907,1.448804153011614
2002-04-18,0.00012043217435356468,1.448978646153057
2002-04-19,-0.0006360047365306342,1.4480573818662512
2002-04-22,-0.017797835429790132,1.4225130857669561
2002-04-23,-0.009840494016747426,1.4085835036485839
2002-04-24,-0.007206279324902661,1.3984693439681164
2002-04-25,0.002529343761424701,1.4020110308624663
2002-04-26,-0.017128434863220257,1.3782012703217135
2002-04-29,-0.005717168189522428,1.3703443429488495
2002-04-30,0.009152402037974348,1.3829438552557798
2002-05-01,0.01241657968501123,1.400222335662064
2002-05-02,-0.0005731332173895601,1.3994200516595323
2002-05-03,-0.016733837137797292,1.376197229791747
2002-05-06,-0.0223214432528374,1.3458188276302891
2002-05-07,-0.0020200487774504434,1.343102951977044
2002-05-08,0.04841345950204396,1.4097269488173303
2002-05-09,-0.018564556511378654,1.383797422981905
2002-05-10,-0.01626162352762635,1.361476608467034
2002-05-13,0.023104352124918452,1.3932988439297476
2002-05-14,0.023173837526790197,1.4259639510849798
2002-05-15,-0.008831224477655933,1.4134263858465843
2002-05-16,0.014728158575842198,1.4343976084525678
2002-05-17,0.010963679051262025,1.4502104083005534
2002-05-20,-0.018057784314910546,1.424257849611265
2002-05-21,-0.015503005308400682,1.4023478468774297
2002-05-22,0.009516819312193088,1.4157574451020598
2002-05-23,0.007406017985989404,1.4262814927445102
2002-05-24,-0.014825589108605593,1.405292004596029
2002-05-28,-0.012768024789351908,1.3874632625616508
2002-05-29,-0.006660337374242142,1.378252994930824
2002-05-30,-0.0029392565165808292,1.3742079035268167
2002-05-31,-0.0005040831266532423,1.3735153630737782
2002-06-03,-0.025737485929286832,1.3386155736624474
2002-06-04,0.006744940424430037,1.3476749741705307
2002-06-05,0.011043829187023714,1.3626409551419987
2002-06-06,-0.02124476390689266,1.3339973108177776
2002-06-07,-0.006268627151668303,1.325661134543363
2002-06-10,0.004609949486996603,1.3317864733138596
2002-06-11,-0.017168746037279334,1.3091165336535864
2002-06-12,0.02110490668043417,1.3370389292889338
2002-06-13,-0.011121884710482234,1.3222509241429579
2002-06-14,0.0018314520815627875,1.3246747822628153
2002-06-17,0.02693807142712151,1.3608439426966978
2002-06-18,-0.0012221411849832734,1.3591818151521402
2002-06-19,-0.021261615282606554,1.3305884618800208
2002-06-20,-0.011532022494965679,1.3153322225275532
2002-06-21,-0.022834490324013204,1.285637602629294
2002-06-24,0.01200180615932844,1.3011605412464535
2002-06-25,-0.019811421389629782,1.275636371342523
2002-06-26,0.006231254711091762,1.2836100035573879
2002-06-27,0.021792003783708696,1.3118894513988058
2002-06-28,-0.010395539340608472,1.2983222941350128
2002-07-01,-0.02235899721554795,1.2696152360291468
2002-07-02,-0.01768617891206368,1.2473579967440236
2002-07-03,0.009876881928496799,1.259739046835039
2002-07-05,0.0386041877946377,1.3093211301391716
2002-07-08,-0.012428993264514672,1.2931483008224245
2002-07-09,-0.023488367624686046,1.2631282987275638
2002-07-10,-0.03245212652759169,1.2227950882312026
2002-07-11,0.007828985362839018,1.2324059054628207
2002-07-12,-0.012323587977478703,1.2173114428653333
2002-07-15,-0.005764478457627622,1.2103144636201077
2002-07-16,-0.01996339506622845,1.1863920585323102
2002-07-17,0.009495179078433724,1.1977107148805577
2002-07-18,-0.025810615766447106,1.1671926036549891
2002-07-19,-0.043638040767147016,1.1173539445915746
2002-07-22,-0.040671915846942894,1.0728207822463198
2002-07-23,-0.0329847101196102,1.038011345299763
2002-07-24,0.061014017271089425,1.1033165972125571
2002-07-25,-0.010799426236337064,1.091465518610248
2002-07-26,0.02700541500663433,1.1213426037079213
2002-07-29,0.05477943544861173,1.1844827200697037
2002-07-30,5.369136304952103e-05,1.1845463182687745
2002-07-31,0.017773007213743374,1.2057874689560084
2002-08-01,-0.03862078769507311,1.1601067967183087
2002-08-02,-0.01841750662154177,1.13893607647849
2002-08-05,-0.03513429509012059,1.0996151613852578
2002-08-06,0.03058687432564725,1.1337686131348017
2002-08-07,0.02731703907596652,1.1651667137453177
2002-08-08,0.035718400787016026,1.2075367966469237
2002-08-09,0.0032127669130205642,1.2114225696124834
2002-08-12,-0.004989352433034346,1.205393408778799
2002-08-13,-0.022352396056260774,1.178748871880307
2002-08-14,0.047304789729919,1.2358492525580964
2002-08-15,0.009760044087123438,1.2479702502652905
2002-08-16,-0.0037602285765615,1.243286408544148
2002-08-19,0.025728861019201778,1.275689815636648
2002-08-20,-0.017005417845205748,1.2541795908269524
2002-08-21,0.014661807286094133,1.2727035961491522
2002-08-22,0.012713537622496737,1.2889874545896496
2002-08-23,-0.02157186952010216,1.2614793527211232
2002-08-26,0.00648822066298877,1.269690718895081
2002-08-27,-0.01497727657284118,1.2508159092880144
2002-08-28,-0.019681002013704773,1.2264392640962343
2002-08-29,-0.0018632300318296813,1.2241562531748909
2002-08-30,-0.004188326865499864,1.2190398088022814
2002-09-03,-0.04867441084983818,1.1611246903562253
2002-09-04,0.01976381547362472,1.1843012183826083
2002-09-05,-0.02054754410195307,1.1602150402013296
2002-09-06,0.0186002287605963,1.1819972544514785
2002-09-09,0.007863285199085364,1.1913282741232003
2002-09-10,0.01296434001728248,1.2068736087127037
2002-09-11,-0.003282980600692912,1.202917962775066
2002-09-12,-0.02812482006689876,1.1695574398695827
2002-09-13,0.005738711412088049,1.1762884877949444
2002-09-16,0.007903627879699155,1.185622271068506
2002-09-17,-0.01824705412944875,1.1641843416592363
2002-09-18,-0.003806619028120515,1.1597611594179982
2002-09-19,-0.027895578294660207,1.1278560261868236
2002-09-20,0.0002502676145074519,1.1281383273479508
2002-09-23,-0.013803397209405236,1.1126731673338666
2002-09-24,-0.014823290447115297,1.0963013318190307
2002-09-25,0.02542723056494038,1.1245346651316321
2002-09-26,0.017766594717796538,1.1446923532794535
2002-09-27,-0.036801084423766256,1.1033321512960608
2002-09-30,-0.01671192352123812,1.0850465679773358
2002-10-01,0.046769972246224444,1.1369996172221921
2002-10-02,-0.02015843489920886,1.1143089569379843
2002-10-03,-0.005878064205929435,1.1077781902807697
2002-10-04,-0.016826635065447782,1.0892939607584058
2002-10-07,-0.014581217331150089,1.0735259664261405
2002-10-08,0.019376934074474564,1.09453045237355
2002-10-09,-0.022123432846797342,1.0705815739133637
2002-10-10,0.031045870926201004,1.1043400301578505
2002-10-11,0.04034099027382049,1.1498010058814778
2002-10-14,0.007827974065658846,1.1588369387188164
2002-10-15,0.051499387556105634,1.2200797807447314
2002-10-16,-0.02760299851993862,1.1868624780075656
2002-10-17,0.023607741694960015,1.2152149732224546
2002-10-18,0.008769500989460144,1.2259186665607498
2002-10-21,0.007064995333383267,1.2346104437482106
2002-10-22,-0.008040346822187369,1.2247235478892988
2002-10-23,0.003855391136859692,1.229454450080097
2002-10-24,-0.015371887454898977,1.210699930125912
2002-10-25,0.017813354553392946,1.2324597898953613
2002-10-28,-0.00604080341025788,1.2250371844155037
2002-10-29,-0.008679817673855181,1.2144500984674436
2002-10-30,0.010000988647342189,1.2266567376027497
2002-10-31,-0.0025265990567036748,1.2235613798572569
2002-11-01,0.013607435307076919,1.240324706458493
2002-11-04,0.007694541973512374,1.2499052486463864
2002-11-05,0.014397636374222074,1.268031101527162
2002-11-06,0.0044222490194083365,1.2736510681095203
2002-11-07,-0.019718415450056405,1.2487826756211213
2002-11-08,-0.0018707074394297208,1.2464487523041015
2002-11-11,-0.02025394891178265,1.221457186240854
2002-11-12,0.009078899366812837,1.2325971659741355
2002-11-13,-0.003738351790271985,1.2279978863709493
2002-11-14,0.02140582284697313,1.2545675498063114
2002-11-15,0.004911386413672161,1.260744371788956
2002-11-18,-0.010956590878767892,1.2470063100992719
2002-11-19,-0.004857071806783062,1.240964196276321
2002-11-20,0.021548938339969178,1.2679958630644426
2002-11-21,0.016825619503474085,1.2895111756374438
2002-11-22,-0.008382186184765515,1.2787474277678668
2002-11-25,0.004957011133163038,1.285101929660254
2002-11-26,-0.021255511759405515,1.2580746869804014
2002-11-27,0.026532758397287002,1.291901655632757
2002-11-29,-0.004889438937433668,1.2856003987332616
2002-12-02,-0.0041333900952039,1.2802974778490699
2002-12-03,-0.01186788876034681,1.2651928570674282
2002-12-04,-0.0015821931883176592,1.2631926603131716
2002-12-05,-0.014630401170182359,1.244846180370458
2002-12-06,0.0039026889233591054,1.2497139202287195
2002-12-09,-0.02046778696869057,1.2243950365937293
2002-12-10,0.014682712691702638,1.242505104247986
2002-12-11,0.000460587693237168,1.2430775186211755
2002-12-12,-0.00825296694158782,1.2328606586483397
2002-12-13,-0.013360980097792099,1.216497986012069
2002-12-16,0.0252625936449742,1.2476213535731082
2002-12-17,-0.012347313462664752,1.2323112951916957
2002-12-18,-0.012105859853643163,1.2174830428204508
2002-12-19,-0.008526931268526555,1.207145783776268
2002-12-20,0.013972027830184688,1.2241304369782424
2002-12-23,0.0013314532269808833,1.2257613949299742
2002-12-24,-0.005997806607791986,1.2184315186994727
2002-12-26,-0.008327471678380539,1.2083271948625438
2002-12-27,-0.015077912857801546,1.1902448076189904
2002-12-30,0.004398637740805946,1.1954917946883605
2002-12-31,-0.0019883851582743633,1.1931170582746946
2003-01-02,0.03056229996783484,1.2301443979539899
2003-01-03,0.0006107130287499872,1.2308958926154976
2003-01-06,0.020477770463630796,1.2563617482460752
2003-01-07,-0.005447750178469133,1.2495360126401915
2003-01-08,-0.01448041363408577,1.2315725871257288
2003-01-09,0.01885656373846013,1.255016152002847
2003-01-10,-0.00019668841015309807,1.2547693291455866
2003-01-13,0.0002172107961683751,1.2550419081930622
2003-01-14,0.008551587711380502,1.2658205306337087
2003-01-15,-0.014817335249935818,1.2472027172885114
2003-01-16,-0.006180178516068375,1.2395185510672333
2003-01-17,-0.019321753604866026,1.2157987708471967
2003-01-21,-0.012102112421731823,1.2011737129871654
2003-01-22,-0.008946214334514955,1.1904756802956085
2003-01-23,0.009534730933051483,1.2018808317101275
2003-01-24,-0.033038571945741,1.1628211955693917
2003-01-27,-0.014262376547169728,1.1463543094204443
2003-01-28,0.01310126313481667,1.161471811828429
2003-01-29,0.009845193359990002,1.1729632010530326
2003-01-30,-0.02403941028651766,1.1451020815695614
2003-01-31,0.012289466062934198,1.159261603008622
2003-02-03,0.00925475138315665,1.1700400800635726
2003-02-04,-0.01610254835883685,1.1513503332090156
2003-02-05,-0.007105067643838045,1.143198903730397
2003-02-06,-0.004211286488832712,1.138394688696201
2003-02-07,-0.013190543572013257,1.123477244839815
2003-02-10,0.008681935491765264,1.133273666220706
2003-02-11,-0.007890886705938974,1.124366321755494
2003-02-12,-0.010566709597993504,1.1125480195996695
2003-02-13,0.0057915509078887775,1.1190100927428468
2003-02-14,0.01913503069891733,1.1406285606146807
2003-02-18,0.01925634151704588,1.1628057340519837
2003-02-19,-0.004510084837126899,1.1575731900205959
2003-02-20,-0.01189837285504417,1.1438815681377885
2003-02-21,0.014623915405536208,1.1607325084779778
2003-02-24,-0.017363908578908446,1.1407516304121288
2003-02-25,0.006339691013782677,1.14800661615722
2003-02-26,-0.015226074270382845,1.1306593824289153
2003-02-27,0.010315942409802941,1.1423835685450388
2003-02-28,0.003112006321153895,1.145944210928725
2003-03-03,-0.007192205549106812,1.1377319122861793
2003-03-04,-0.013824018326417697,1.1221120985253028
2003-03-05,0.015253193108719917,1.1393590925297592
2003-03-06,-0.007599134593512634,1.1307337634606276
2003-03-07,0.01004504059656445,1.142149268637046
2003-03-10,-0.02375755782863066,1.1153343806938254
2003-03-11,-0.005434703646846948,1.1092893103295198
2003-03-12,0.007078486320505418,1.117169255678844
2003-03-13,0.03482074287391632,1.15675512406071
2003-03-14,0.001806652102942848,1.1588468670952075
2003-03-17,0.03156579695437894,1.1960102521901084
2003-03-18,0.005114829415969372,1.202143312016395
2003-03-19,0.012624207399960218,1.2174156160493936
2003-03-20,0.00041300943481862256,1.2179185240306394
2003-03-21,0.024006379838905346,1.2475101110323732
2003-03-24,-0.03565280934549109,1.203816400887133
2003-03-25,0.0115101565495003,1.2177525659799346
2003-03-26,-0.006831878815025549,1.2094613824519473
2003-03-27,-0.001379540703096456,1.2077940315996476
2003-03-28,-0.00561401040256311,1.2010324608650707
2003-03-31,-0.018524790907328347,1.1789883968901886
2003-04-01,0.014123841681070877,1.1957583919529655
2003-04-02,0.0273809600476558,1.2289517641314476
2003-04-03,-0.00692698313445871,1.2204682524813748
2003-04-04,0.004863045445584955,1.226417900035939
2003-04-07,-0.004176578961583157,1.2213063506617352
2003-04-08,0.0015486910169370983,1.2231992422096687
2003-04-09,-0.016338451861422278,1.2033764382029966
2003-04-10,0.004123304693015832,1.2083485696800995
2003-04-11,-0.0051903293311962055,1.202093090697894
2003-04-14,0.01476835887994442,1.2199777715012148
2003-04-15,0.007159416397587097,1.2287434414618439
2003-04-16,-0.011607253951442787,1.2145635582506682
2003-04-17,0.015178602010550707,1.2331395573240458
2003-04-21,-0.0025434906173951253,1.2300070638526948
2003-04-22,0.021116302831227254,1.2562564349604832
2003-04-23,0.004705102563226691,1.2621811776635712
2003-04-24,-0.009118624703541987,1.2507241368114372
2003-04-25,-0.01255224377142071,1.2351228628947133
2003-04-28,0.01876358334389384,1.2585169860987673
2003-04-29,0.0006536159059140056,1.2593398417052062
2003-04-30,-0.0015968227367120847,1.2573305039178142
2003-05-01,0.0018799709107701033,1.2596964719691248
2003-05-02,0.012013135481222905,1.274920638248432
2003-05-05,-0.005989989297436419,1.267306703729017
2003-05-06,0.007599520844100318,1.276974315521011
2003-05-07,-0.004130469345881375,1.2717106903599207
2003-05-08,-0.009520197024177668,1.2596612017903461
2003-05-09,0.014296889020775588,1.2777997919401367
2003-05-12,0.008279270769746896,1.2884229577587458
2003-05-13,-0.006032673842576848,1.280673720096557
2003-05-14,-0.005842883092457094,1.273212711397353
2003-05-15,0.006404570777773213,1.2813932608137055
2003-05-16,-0.005793127738771252,1.2739914464987225
2003-05-19,-0.024496037330805822,1.243162835428583
2003-05-20,-0.003167016258724406,1.239231946396841
2003-05-21,-0.0001259425027060029,1.2390758842517136
2003-05-22,0.004123289837300154,1.2441955008309622
2003-05-23,-0.0018972367070270865,1.2418372052858966
2003-05-27,0.019961425601310916,1.2668751110395735
2003-05-28,-0.0009322201468334743,1.2656946548455519
2003-05-29,-0.002868936508762335,1.2620686611013046
2003-05-30,0.008946413874888866,1.2734103075666
2003-06-02,0.0012264186205330322,1.2749729997408978
2003-06-03,0.009297005673623132,1.2868817028166437
2003-06-04,0.012727079113594006,1.303364615234164
2003-06-05,1.7451991497457158e-05,1.3033873617408325
2003-06-06,-0.0023256321945478065,1.3003596841272835
2003-06-09,-0.003633295995727062,1.2956436650285426
2003-06-10,0.010209725803253791,1.3089395899657552
2003-06-11,0.01266005946150174,1.3256161836006672
2003-06-12,0.001956964781554477,1.3282129078060159
2003-06-13,-0.009258687015680065,1.3159721542982448
2003-06-16,0.022938640996892586,1.3465076495674044
2003-06-17,0.0037882574764008287,1.3516182412446787
2003-06-18,0.0003310632356254101,1.3520657864317467
2003-06-19,-0.014247344534292,1.3329390157245842
2003-06-20,0.0017796621496749705,1.3353133089319162
2003-06-23,-0.011943594055855558,1.319459731636637
2003-06-24,0.0010771230982148927,1.3208817178803798
2003-06-25,-0.010028565753323978,1.3077013691815034
2003-06-26,0.010795312940092089,1.3218948885948785
2003-06-27,-0.012017859541064864,1.3061036201778322
2003-06-30,-0.004318275390904216,1.3004756653319092
2003-07-01,0.012074639160727785,1.3162736251193758
2003-07-02,0.012763773316857588,1.3331819205694213
2003-07-03,-0.009397444393876587,1.3207121015885648
2003-07-07,0.0173903208470184,1.3438805785178158
2003-07-08,0.0004107523956119434,1.3444326940684883
2003-07-09,-0.005123423118978232,1.3375622117446428
2003-07-10,-0.010679626638952111,1.323353553346645
2003-07-11,0.01200589026291853,1.3393373487404825
2003-07-14,0.004746202578193753,1.345709224262861
2003-07-15,-0.002565140380338659,1.342261714754804
2003-07-16,-0.003636637614064429,1.3373892603603734
2003-07-17,-0.011754048908282994,1.3217615459679626
2003-07-18,0.012350565425153582,1.3381872731339006
2003-07-21,-0.017343343790220973,1.315178730461503
2003-07-22,0.008297073896912775,1.3261362604328044
2003-07-23,0.0021142526877653642,1.3289430136329856
2003-07-24,-0.011095126403260214,1.3142797188912148
2003-07-25,0.01996148726416562,1.340778292348265
2003-07-28,-0.004999422400409802,1.3340919032878922
2003-07-29,-0.008910357022610704,1.3222574709362584
2003-07-30,0.0015909638339885808,1.3243628090660706
2003-07-31,0.003201473061231469,1.3286095151529682
2003-08-01,-0.013719830906297883,1.3105056919395295
2003-08-04,0.005782856082150233,1.3181061126396614
2003-08-05,-0.01578682837416252,1.2974607885287066
2003-08-06,0.002036935561590508,1.3001063260286185
2003-08-07,0.009359691591071915,1.3123320455062222
2003-08-08,0.0019367930281279306,1.3148762240408685
2003-08-11,0.0015350442732381465,1.316896167213056
2003-08-12,0.007038119792104006,1.3261973331572174
2003-08-13,-0.009315783779324443,1.313900133512342
2003-08-14,0.004763429792840005,1.3201737346198759
2003-08-15,0.000519029154059715,1.320859121128971
2003-08-18,0.007030451060433893,1.3301780763830637
2003-08-19,0.001541816302590146,1.3322305484874604
2003-08-20,-0.0033505983815564156,1.327774248772202
2003-08-21,-0.001856231565942039,1.3253118783710465
2003-08-22,-0.007968444958636786,1.3147931681549596
2003-08-25,0.003531703446637203,1.3194448370410727
2003-08-26,0.0048657059439829965,1.3258805119812302
2003-08-27,-0.001819699782655363,1.3234700013697307
2003-08-28,0.0038038743122160794,1.328513902011096
2003-08-29,0.002112262856334655,1.3313230383531656
2003-09-02,0.01464512082172799,1.3509638954193695
2003-09-03,0.007544874256249292,1.3611952969186565
2003-09-04,0.003801953819655858,1.3663803489955861
2003-09-05,-0.0062006758742176905,1.3579340806787485
2003-09-08,0.012202008979503956,1.3746051076915216
2003-09-09,-0.007095623039644374,1.3648859505348971
2003-09-10,-0.006392901579635684,1.3561882005380272
2003-09-11,0.004110354863823246,1.361774087428574
2003-09-12,0.002584331541635413,1.365297914562867
2003-09-15,-0.004849222811291563,1.3586933073196639
2003-09-16,0.013333690742505802,1.3769310215117774
2003-09-17,-0.006171265901815738,1.3684597800765257
2003-09-18,0.014687387611496013,1.3887072062163441
2003-09-19,-0.003062881829523578,1.3844602674038862
2003-09-22,-0.013980390276311531,1.3652396415261223
2003-09-23,0.00697732110622641,1.3747986663045269
2003-09-24,-0.019153457484231733,1.3487170920036404
2003-09-25,-0.003521691700664789,1.3439756800101916
2003-09-26,-0.004528861434233395,1.337902762465398
2003-09-29,0.012000383669790095,1.3540548305984368
2003-09-30,-0.015262604169348043,1.3335453399481356
2003-10-01,0.02424808998780368,1.3662764976539175
2003-10-02,0.002266476387254774,1.3693766429502683
2003-10-03,0.006868823561423401,1.3788150276904372
2003-10-06,0.0035760567670621666,1.383754575288058
2003-10-07,0.004346324740750823,1.3897819109244598
2003-10-08,-0.00576229756725049,1.3817966029558553
2003-10-09,0.0009877902876661302,1.3831622025717658
2003-10-10,-0.00038077643302151257,1.3826356272620768
2003-10-13,0.005247747976973804,1.3899104220277358
2003-10-14,0.005476689658942361,1.3975434127448418
2003-10-15,-0.0007940561385776297,1.3964341252955634
2003-10-16,0.002725047843080736,1.4002446646897306
2003-10-17,-0.009151170274422825,1.3874892398851035
2003-10-20,0.006440724165336314,1.3964545158040693
2003-10-21,-0.0007968491607105854,1.395342195429816
2003-10-22,-0.0161082938997318,1.3730456748262314
2003-10-23,0.005042315487242312,1.3799864884773712
2003-10-24,-0.010387700479390085,1.3657257982908835
2003-10-27,-0.005119290664056054,1.3587521163444867
2003-10-28,0.013831594227880455,1.3776763990697476
2003-10-29,-0.0025535693363004813,1.3741628947593867
2003-10-30,-0.005786324378797147,1.3662345027462226
2003-10-31,0.006827468191686951,1.3755943409965599
2003-11-03,0.0074533116509908895,1.3858853778372684
2003-11-04,-0.008038963354869689,1.3747889576869827
2003-11-05,-0.0016747427744614695,1.3724884667166966
2003-11-06,0.006934526348236204,1.3820391004401245
2003-11-07,-0.008999438110984375,1.3696573231743052
2003-11-10,-0.0014019424065744432,1.367738487853056
2003-11-11,0.0008940288468573581,1.368961832287277
2003-11-12,0.00928704651795686,1.3817346636407322
2003-11-13,-0.002330170593703278,1.3785187344461625
2003-11-14,-0.004510220505059458,1.3723153109033661
2003-11-17,-0.0053157445027312055,1.3650397878762999
2003-11-18,-0.004522709166060432,1.3588800497673685
2003-11-19,0.009903314445691114,1.3724043232272554
2003-11-20,-0.010819446301271934,1.3576357065441276
2003-11-21,-0.0021313031287931183,1.3547452546237646
2003-11-24,0.014292783227115238,1.374247372652934
2003-11-25,-0.0018063181405790231,1.371767285281805
2003-11-26,0.0013276892293999556,1.3735897755143256
2003-11-28,-0.0005980187116028774,1.372768588693517
2003-12-01,0.008966375747015162,1.3851326954517544
2003-12-02,-0.005076017265415942,1.3781195524505805
2003-12-03,-0.0013646619859591005,1.3762401677393457
2003-12-04,0.008621086929605516,1.3881561443940955
2003-12-05,-0.006739007225630635,1.3788328004322215
2003-12-08,0.008093051840672964,1.3900370428691005
2003-12-09,-0.006585907461321451,1.3809124673229303
2003-12-10,0.004700731690194631,1.3874190471812733
2003-12-11,0.006473616207435767,1.396429800221762
2003-12-12,0.0013493297777311477,1.3983153163391557
2003-12-15,-0.0028441793937937156,1.3943439071077264
2003-12-16,0.010116234829403693,1.4085210060312303
2003-12-17,-0.0007928346863233822,1.4074047242931478
2003-12-18,0.010589282751070564,1.422387318322917
2003-12-19,-0.0016042774774957566,1.420107243808971
2003-12-22,0.0008919993111639373,1.4213745436234797
2003-12-23,0.0011238879817268598,1.422972907413273
2003-12-24,-0.0019197225237749427,1.4202438146607386
2003-12-26,0.00199095363466644,1.423074270964313
2003-12-29,0.012031509934006843,1.440299417665866
2003-12-30,0.0002200716958240878,1.4406164216817325
2003-12-31,0.003067920864493218,1.4450429054385892
2004-01-02,-0.0023896739767715245,1.4415938467164133
2004-01-05,0.015131849789789466,1.463573706835957
2004-01-06,0.0011105612069373706,1.465199997898997
2004-01-07,0.0035097352044786987,1.4703514968236748
2004-01-08,0.003680014530583053,1.4757723800438656
2004-01-09,-0.010365596779207278,1.4605541280075232
2004-01-12,0.0037934270945162887,1.4661051556624218
2004-01-13,-0.007285604408221911,1.4554625096078733
2004-01-14,0.005648478787272309,1.4637069209904356
2004-01-15,-0.002985448902298517,1.4593436152238939
2004-01-16,0.008192688709796121,1.4713486728858731
2004-01-20,0.0005901810297515964,1.47221729125659
2004-01-21,0.00992290937023981,1.4868986906430617
2004-01-22,-0.0025068464514681416,1.4831759320783502
2004-01-23,-0.0010766185562852406,1.481579976619427
2004-01-26,0.015214788672264794,1.5042942612092904
2004-01-27,-0.011395122117704194,1.4872499398949124
2004-01-28,-0.012534585779640959,1.4687242265751848
2004-01-29,0.008939374131393384,1.4819125618380702
2004-01-30,-0.00655419590189077,1.4722315767904453
2004-02-02,0.0043795793900294295,1.4786934717237985
2004-02-03,0.0021085029251571435,1.4818145905220785
2004-02-04,-0.006889474218828894,1.4716407535390026
2004-02-05,0.0009119026017217635,1.4729833586404584
2004-02-06,0.011021939956314999,1.48930829373653
2004-02-09,-0.003567008386725416,1.4840053819504133
2004-02-10,0.002595392648084382,1.4878619611122004
2004-02-11,0.0073349022385081645,1.4988154052537108
2004-02-12,-0.005288701895696788,1.4909095416839542
2004-02-13,-0.004988550371005261,1.4834905846425503
2004-02-17,0.009816052330387733,1.4981243110628093
2004-02-18,-0.007591441476852375,1.4867944474402444
2004-02-19,-0.005174385776200761,1.4791210690300758
2004-02-20,-0.00034236065157573195,1.4786147628517252
2004-02-23,0.0004501037535666906,1.4792804427078263
2004-02-24,0.0026301224166281347,1.483176252343012
2004-02-25,0.0026534487662737112,1.4871170105277591
2004-02-26,-0.0015598689228629645,1.4847991111979324
2004-02-27,-0.0025309611869520094,1.4810458939042366
2004-03-01,0.007448799539140982,1.4921190977145937
2004-03-02,-0.008594116061026917,1.4793505985824644
2004-03-03,0.001331782829752843,1.4813220848132036
2004-03-04,0.0031653801208680397,1.4860184612800988
2004-03-05,0.0001286837460960462,1.4862097000068581
2004-03-08,-0.007388497970266883,1.475269308953042
2004-03-09,-0.0029307571448661533,1.470951982493158
2004-03-10,-0.013482775549472865,1.4512525668896756
2004-03-11,-0.016217887429099874,1.42790614268073
2004-03-12,0.010784489457712378,1.4433887171955033
2004-03-15,-0.011078904615931823,1.4274858073473933
2004-03-16,0.0070943483991611715,1.4376488966221697
2004-03-17,0.007858429556592923,1.448991066656001
2004-03-18,-0.00027533012586711904,1.448592170679798
2004-03-19,-0.015180137559609319,1.4267684052231624
2004-03-22,-0.011325029613883226,1.4107013623744744
2004-03-23,-0.0013959342169801324,1.4087334899026094
2004-03-24,-7.335354352041817e-05,1.4086301580991725
2004-03-25,0.01624470651984743,1.431699814189175
2004-03-26,-0.0013128108152300067,1.42982149639667
2004-03-29,0.012426278948255553,1.4476997069217774
2004-03-30,0.0030846524802553483,1.4521722519906333
2004-03-31,-0.003947033325643126,1.446451776597599
2004-04-01,0.0048614755228916255,1.4535007869171483
2004-04-02,0.009596688332631782,1.4675167266952978
2004-04-05,0.007369972095241485,1.4783722372893642
2004-04-06,-0.0009677056089589842,1.4769423001738828
2004-04-07,-0.007419488166927909,1.466024695855908
2004-04-08,-0.002697410990178269,1.4620755533541316
2004-04-12,0.006879868713931534,1.4721691226138685
2004-04-13,-0.01059782171244412,1.4566497179172406
2004-04-14,0.0024390611215276393,1.4602069119552523
2004-04-15,0.0030131453879871806,1.4646133629824487
2004-04-16,0.0025873579518197447,1.4684077486136526
2004-04-19,0.0019796686948338124,1.4713175887742442
2004-04-20,-0.015073904957992415,1.4493054088360298
2004-04-21,0.0037360383308810076,1.454730196694359
2004-04-22,0.00740728926253893,1.4655458118025608
2004-04-23,0.006040322865679146,1.4744249711782969
2004-04-26,-0.004599493451497662,1.467658935275696
2004-04-27,0.002805968295695051,1.4717829229003998
2004-04-28,-0.013371930202716856,1.4522333434892551
2004-04-29,-0.004518987694916097,1.4456855247788538
2004-04-30,-0.005499495147812717,1.4377568062080226
2004-05-03,0.008990309055278239,1.4507409625771566
2004-05-04,0.0017262985885513186,1.4532475375791627
2004-05-05,0.0005963907216681308,1.4541144994251656
2004-05-06,-0.005821573766317715,1.4456738573505996
2004-05-07,-0.009410446334524824,1.4321332326853637
2004-05-10,-0.007295979313313066,1.421722442880935
2004-05-11,0.006876066339914973,1.431531987605464
2004-05-12,0.004071949961190161,1.4373729983077823
2004-05-13,-0.003096021211147473,1.432929742772561
2004-05-14,-0.000984129026253167,1.4315202486958927
2004-05-17,-0.007395719561857372,1.420972179747988
2004-05-18,0.005312550209550802,1.4285412535396107
2004-05-19,-0.003703180406011874,1.4232608906628672
2004-05-20,0.0030652986132173082,1.4276303036537832
2004-05-21,0.002517114639136994,1.4312283392246672
2004-05-24,-0.0009991407244579666,1.4297990548519637
2004-05-25,0.01602814178411021,1.4529007206447024
2004-05-26,-3.0077886269658303e-05,1.4528570211192637
2004-05-27,0.005352472667024727,1.4606542472184918
2004-05-28,-0.0013681992082608709,1.4586571477603956
2004-06-01,0.0007185098582522082,1.4597055839116215
2004-06-02,0.004630087744911325,1.4664798193972157
2004-06-03,-0.005271889477488045,1.458769042907782
2004-06-04,0.00398558593114781,1.4645946938866272
2004-06-07,0.015428042218945727,1.4873657272191978
2004-06-08,0.001315133215578039,1.4893230981103949
2004-06-09,-0.008462626729069328,1.4767726922529267
2004-06-10,0.005663654580333327,1.4851603526602668
2004-06-14,-0.008098257697957464,1.4731817099344529
2004-06-15,0.005982332455824936,1.4820211866729414
2004-06-16,0.001105781555774072,1.4836608847733102
2004-06-17,-0.0006808202694590057,1.4826511221423897
2004-06-18,0.004128112730269658,1.488784323678107
2004-06-21,-0.004440526012632625,1.482187994586089
2004-06-22,0.0005634652917869987,1.4830233914133975
2004-06-23,0.006525966302383707,1.4927332005748237
2004-06-24,-0.003782980108824928,1.4870968883195825
2004-06-25,-0.012476038973174796,1.4686590642455861
2004-06-28,-0.0008208491305392067,1.467454011380603
2004-06-29,0.0027622813352363522,1.47151313584744
2004-06-30,0.0007545864131994926,1.4726239387122622
2004-07-01,-0.007173707959752624,1.4620975663444056
2004-07-02,-0.002612083739318282,1.4582834286582242
2004-07-06,-0.005003869313699348,1.4510045953120043
2004-07-07,0.002066409615752535,1.4540060652253681
2004-07-08,-0.006387900684442923,1.4447476213787807
2004-07-09,0.003536747701864469,1.4498663757441388
2004-07-12,0.001036549995266548,1.451370013892481
2004-07-13,0.0022960925465931297,1.4547063225346686
2004-07-14,-0.004227206607030555,1.4485699573362134
2004-07-15,-0.00837609551025459,1.436487270531955
2004-07-16,-0.002567007983673485,1.432804525080838
2004-07-19,0.0014728655137223538,1.4349164083319583
2004-07-20,0.004974871285807405,1.4420727188717177
2004-07-21,-0.011109219502362013,1.4261410744167127
2004-07-22,0.00741890443132282,1.4367608234958147
2004-07-23,-0.012051694700801838,1.4195493427690862
2004-07-26,7.93681080421811e-05,1.4196620141858938
2004-07-27,0.007935343967318629,1.4309723368857394
2004-07-28,0.0021379126160521356,1.434034903281158
2004-07-29,0.0035693843498611722,1.4391626710649283
2004-07-30,4.5268464788994e-07,1.439163322551923
2004-08-02,0.005573167437133422,1.4472064126434638
2004-08-03,-0.003500731463529567,1.4421489891262602
2004-08-04,-0.00016895836070389585,1.4419053465804688
2004-08-05,-0.0158072068883974,1.4192920478585347
2004-08-06,-0.015008534052330241,1.3981496101962712
2004-08-09,0.002743414171101303,1.401990579926567
2004-08-10,0.010228396166221902,1.4164042838730988
2004-08-11,-0.0033729102714879335,1.4116349271431525
2004-08-12,-0.010762578526387737,1.396523559893605
2004-08-13,0.004280441333955698,1.4025141090135935
2004-08-16,0.009756934799795345,1.4162653234923284
2004-08-17,0.0013283205446154526,1.418147827825944
2004-08-18,0.011617409346873895,1.4347191029222872
2004-08-19,-0.003307279997098597,1.4299819230398496
2004-08-20,0.0035619457209877478,1.435084523229249
2004-08-23,-0.0020036953464000816,1.432211929910369
2004-08-24,-2.5668466456803517e-05,1.4321751676983039
2004-08-25,0.007242246436285779,1.4425849829266806
2004-08-26,-0.0008946511849772143,1.4412949497131917
2004-08-27,0.003823805028914847,1.446816730969471
2004-08-30,-0.006443143522312344,1.4375246503718146
2004-08-31,0.004985079214227481,1.4447087163176282
2004-09-01,0.00011163023073665382,1.4448699984867934
2004-09-02,0.010088330150534397,1.4595200973228144
2004-09-03,-0.007019661552057799,1.449310635617202
2004-09-07,0.006177187343455875,1.458291007094989
2004-09-08,-0.00229280886324803,1.4549512547187335
2004-09-09,0.0009377245195594366,1.4563162380742054
2004-09-10,0.0034410555540785627,1.461336135072624
2004-09-13,-0.0002567377011458037,1.4609610031500184
2004-09-14,0.0026773446453853735,1.4648777401566908
2004-09-15,-0.008133140929519849,1.4530120013223833
2004-09-16,-0.0007631828028785675,1.4519035105949312
2004-09-17,0.005090984241963401,1.4593139757634834
2004-09-20,-0.0069825782730076275,1.4491596944918628
2004-09-21,0.005997908429410968,1.457877740524019
2004-09-22,-0.014882378241501982,1.4363417037733321
2004-09-23,-0.006343957792247663,1.427258454966404
2004-09-24,8.543323690623301e-05,1.427380395484926
2004-09-27,-0.003780325335773499,1.421994619618514
2004-09-28,0.006079863168512645,1.4306664875044777
2004-09-29,0.0042245526060758565,1.4367231977805193
2004-09-30,-0.008609906743370348,1.424406245027265
2004-10-01,0.014010183041806937,1.4445028873429129
2004-10-04,0.003787164820144669,1.449983829926001
2004-10-05,0.001059839010233955,1.4515213939944318
2004-10-06,0.005893691335557342,1.4601014723882721
2004-10-07,-0.010980787974978114,1.4441561142175539
2004-10-08,-0.00699258234025735,1.4340929584036637
2004-10-11,0.004665981844925602,1.4408000455163164
2004-10-12,-0.0013163172886293479,1.4389047431902193
2004-10-13,-0.008082753300274382,1.4273213072190374
2004-10-14,-0.011419537838747338,1.4111146698173598
2004-10-15,0.002552040012684186,1.4147204900589556
2004-10-18,0.0073704210998718316,1.4251860963952108
2004-10-19,-0.0065198274962388935,1.4159243541857074
2004-10-20,0.0014965639698003264,1.4180449619749558
2004-10-21,-0.0009924759060973545,1.4166382846785608
2004-10-22,-0.01360443085603587,1.3974962306957919
2004-10-25,3.23922367091068e-07,1.3974966833761522
2004-10-26,0.014171068406160855,1.4174416917353339
2004-10-27,0.008906226046402718,1.4301221314623052
2004-10-28,0.002279752226970063,1.4333861747676666
2004-10-29,0.00286816951594841,1.4375032707408946
2004-11-01,-0.0016688291692546228,1.4351063239554291
2004-11-02,0.0002551826635859974,1.4354725849394445
2004-11-03,0.011918202619483419,1.4526831941042235
2004-11-04,0.013280961280272285,1.4721049073963977
2004-11-05,0.0035913433217107187,1.4774012463175716
2004-11-08,-0.0014610275020868074,1.4752442985287897
2004-11-09,-0.0020039420672091544,1.4722909545729859
2004-11-10,-0.0036776704951027223,1.4668862979338892
2004-11-11,0.007705036199181697,1.4782323647550164
2004-11-12,0.010871391677833317,1.4943904792389622
2004-11-15,0.0018567618656184306,1.4971677840921152
2004-11-16,-0.006912077265948723,1.486854927379183
2004-11-17,0.004514702720308004,1.4935828111344611
2004-11-18,0.0007872730540931304,1.4947591316176767
2004-11-19,-0.010558720199322027,1.4790594184793253
2004-11-22,0.0037295297349428476,1.4845859137686994
2004-11-23,-0.0019351723517465227,1.4817157621692927
2004-11-24,0.0016980346436779703,1.4842339042066974
2004-11-26,-0.0007743365808064763,1.483085052456569
2004-11-29,-0.004143495429699614,1.476952609967335
2004-11-30,-0.005027520678933246,1.4695458346380947
2004-12-01,0.01439899168092484,1.4908588878872888
2004-12-02,-0.0009011960963316745,1.4895159368993276
2004-12-03,0.002538014277307712,1.4933011510453518
2004-12-06,-0.0012034416548784878,1.49150513115624
2004-12-07,-0.009095629327784826,1.4780004631736714
2004-12-08,0.007051425315529055,1.4884593045889256
2004-12-09,0.0029135854983354994,1.4928023819248528
2004-12-10,-0.004736943609414161,1.4857477830315404
2004-12-13,0.007328109495760868,1.49667549630583
2004-12-14,0.0027823703428757262,1.5008456005165338
2004-12-15,0.0004369420560998015,1.5015015263694715
2004-12-16,0.0012253906139003319,1.5033425800211995
2004-12-17,-0.01406035062179389,1.482352962722116
2004-12-20,0.0005728114466153895,1.4832023147031321
2004-12-21,0.01006406122346178,1.4982047195387225
2004-12-22,0.004329468783651155,1.5047052117886932
2004-12-23,0.0025974534463163754,1.5086186938702257
2004-12-27,-0.005357223345537818,1.5005582965359643
2004-12-28,0.004893500967526409,1.50791927580243
2004-12-29,-0.00047510276336865906,1.5072030293463674
2004-12-30,-0.001598114890501656,1.5047962693938517
2004-12-31,-0.000751787111416706,1.503665408089952
2005-01-03,-0.005465471279036042,1.4954695854071953
2005-01-04,-0.008286822685713523,1.483128100594745
2005-01-05,-0.0006725597057342978,1.4821309437571848
2005-01-06,0.004929493596434596,1.4894551362019641
2005-01-07,-0.002862039665625508,1.4851983509717792
2005-01-10,0.001849701358618839,1.4879480666718348
2005-01-11,-0.005430599382674854,1.4798895179990585
2005-01-12,0.0025764231632211046,1.4837072555741682
2005-01-13,-0.012649056240548058,1.4650579557297203
2005-01-14,0.0033656006019717986,1.469997062535653
2005-01-18,0.008913845813496713,1.4831589641281608
2005-01-19,-0.010777042211947667,1.4672607192670661
2005-01-20,-0.0038976147663775727,1.4615530326290307
2005-01-21,-0.00722142446864629,1.4510365554716291
2005-01-24,0.0004516305863763111,1.4516920359684093
2005-01-25,0.007499500664532759,1.462619927002266
2005-01-26,0.00290373956075032,1.4668731665080472
2005-01-27,-0.0007280790340693286,1.4658055556095912
2005-01-28,-0.0036211962419179615,1.4605071850498357
2005-01-31,0.005631784452263506,1.468755651698762
2005-02-01,0.00720218142113892,1.4793720812005473
2005-02-02,0.004439738776535249,1.4859547085546705
2005-02-03,-0.002809695910661187,1.481785487551007
2005-02-04,0.01008247477149628,1.4968011225237992
2005-02-07,0.001524264477268347,1.4990843830087486
2005-02-08,0.002843452998910083,1.5033530249585336
2005-02-09,-0.007023789593860808,1.4928307858809096
2005-02-10,0.004680288343105557,1.499834040247274
2005-02-11,0.004662191304021364,1.5068428790454833
2005-02-14,0.00262081566173271,1.5107972159933376
2005-02-15,0.002855848443589013,1.515117990673394
2005-02-16,-8.833889414402939e-05,1.514984152737235
2005-02-17,-0.007542463510698949,1.50360042468976
2005-02-18,0.00391540464333645,1.5094991692243456
2005-02-22,-0.012762103433441564,1.4903571904563393
2005-02-23,0.004171178557154116,1.4965867196187472
2005-02-24,0.007539127226068757,1.507912316215573
2005-02-25,0.009258513397473255,1.5219381716915876
2005-02-28,-0.006506131889123629,1.5120683831080424
2005-03-01,0.0034954609785900594,1.5173630073234088
2005-03-02,0.0014340597922092952,1.5195405575978616
2005-03-03,8.698505175410672e-05,1.5196727406607986
2005-03-04,0.008311193800800204,1.532355667446453
2005-03-07,0.001596626401362772,1.5348042211539654
2005-03-08,-0.0028821311840179047,1.5303870824910037
2005-03-09,-0.010242925638747359,1.514791450211769
2005-03-10,0.00118164347864737,1.5165824516045854
2005-03-11,-0.008035606849366049,1.5044446239867602
2005-03-14,0.003657292721402901,1.509956892204793
2005-03-15,-0.009563038160352224,1.4955859413204944
2005-03-16,-0.005645050076084494,1.4871670686243479
2005-03-17,0.0008246703011737779,1.488393996974878
2005-03-18,-0.0006211128366204158,1.4874698233951558
2005-03-21,-0.006962959529007717,1.477148606023756
2005-03-22,-0.0133130610465948,1.4576135606107872
2005-03-23,0.0030153263060819125,1.462015374241238
2005-03-24,-0.0025283882932723655,1.4583235008958633
2005-03-28,0.0037115896358759924,1.4637462565841721
2005-03-29,-0.007686632093732208,1.4525381092690828
2005-03-30,0.01124605867298281,1.4689656374059632
2005-03-31,-0.0036723822497614854,1.4635809274819074
2005-04-01,-0.007377801235846153,1.4528226533100543
2005-04-04,0.0027950037155265567,1.4568889780732754
2005-04-05,0.005243656432315307,1.464548467649819
2005-04-06,0.0029449915918396256,1.4688679078084976
2005-04-07,0.0048680848949713956,1.4760359145601432
2005-04-08,-0.008328542754285788,1.4637937368535083
2005-04-11,0.0017620344924812075,1.4663752656111593
2005-04-12,0.007438802766729347,1.4773240142969706
2005-04-13,-0.011299518652058757,1.4607249215341842
2005-04-14,-0.006382017777814618,1.4514322337069414
2005-04-15,-0.015455326607685898,1.4291723345863951
2005-04-18,0.0054011449807045255,1.4369123853197014
2005-04-19,0.004434100250840805,1.4432979455326196
2005-04-20,-0.014724680656367093,1.4222015442474112
2005-04-21,0.01956540846443622,1.4503014954964508
2005-04-22,-0.004903550149014373,1.4432072770250335
2005-04-25,0.0061949844034928725,1.4521756744560301
2005-04-26,-0.005690682184992545,1.443935273206209
2005-04-27,0.003827463048557749,1.4494724720611676
2005-04-28,-0.014088466278325055,1.4291948040380162
2005-04-29,0.014220324485266405,1.4496636095035875
2005-05-02,0.006062082114523118,1.4584782799768856
2005-05-03,-0.0008339568713293707,1.4572624790268567
2005-05-04,0.006778115655575304,1.4671735238090222
2005-05-05,-0.00016765756522197126,1.4669275616875437
2005-05-06,-0.0016454495681751354,1.4645157911321867
2005-05-09,0.0059336523606844755,1.4732315512867133
2005-05-10,-0.010516697177938565,1.4578192067205102
2005-05-11,0.005569492844217538,1.4659611726244606
2005-05-12,-0.010410930739874051,1.4507783233208384
2005-05-13,-0.004242693375901483,1.4446361546212905
2005-05-16,0.008912998236623169,1.4575697470412827
2005-05-17,0.006692195042686778,1.4673567999839383
2005-05-18,0.008920129943624122,1.4805043651304368
2005-05-19,0.005826484285202105,1.4891556794470022
2005-05-20,-0.0029363872298602415,1.4847893554729177
2005-05-23,0.004285156112776408,1.4911655614176942
2005-05-24,0.0015130820901161465,1.4934235251335175
2005-05-25,-0.0012678204153867187,1.4915313320335097
2005-05-26,0.00588520333544242,1.500335178005009
2005-05-27,0.0007309549559466578,1.5014322563475315
2005-05-31,-0.009949731397938602,1.4865674815734842
2005-06-01,0.010307223861449574,1.5019691030172497
2005-06-02,0.0016292971238237573,1.504418251610453
2005-06-03,-0.00920072812941978,1.4906399904996512
2005-06-06,0.00030277647498097517,1.4910913895544993
2005-06-07,0.000539019144665819,1.4918953330109077
2005-06-08,-0.0029542554173945953,1.4874943970863823
2005-06-09,0.005571129611619111,1.4958045481395745
2005-06-10,-0.0028492404193937158,1.491548707197654
2005-06-13,0.00011683255544775247,1.4917229788247923
2005-06-14,0.002540944988292685,1.495518184514249
2005-06-15,0.0037699371912946517,1.5011668349769525
2005-06-16,0.002451572862282566,1.5048515697036688
2005-06-17,0.003910838071530094,1.5107483236235995
2005-06-20,-0.000718795632407279,1.509662794510443
2005-06-21,-0.0029206262749229563,1.5052600661781734
2005-06-22,-0.0003872426706758115,1.5046772780975741
2005-06-23,-0.010291404972419422,1.4892714446841224
2005-06-24,-0.009839440750703022,1.4746897022812464
2005-06-27,0.00016989305415954077,1.4749402631023736
2005-06-28,0.007181037135608859,1.4855699844375494
2005-06-29,-0.0002410660359579792,1.4852119071321352
2005-06-30,-0.011983835413488783,1.467519594698703
2005-07-01,0.0017917400331008161,1.4701513653262086
2005-07-05,0.009664420547493844,1.4844284049226055
2005-07-06,-0.00948405176771341,1.470416558649644
2005-07-07,0.001314858372152555,1.4723512197963107
2005-07-08,0.011836314789822024,1.489881977429218
2005-07-11,0.004198582774202573,1.4961505205252403
2005-07-12,0.003211948931164869,1.5009638054651453
2005-07-13,0.002061620989044187,1.5040614159024919
2005-07-14,0.0041071616176513205,1.5102515424438938
2005-07-15,-0.0003690189163478714,1.5096943338728632
2005-07-18,-0.008524865301582243,1.4968790947341803
2005-07-19,0.007147574510421533,1.50761647700438
2005-07-20,-0.0003103435595424045,1.5071486705345989
2005-07-21,-0.00766223149695693,1.4956446779308952
2005-07-22,0.0020224905481909957,1.498672666162094
2005-07-25,-0.003034935018901508,1.4941311870386018
2005-07-26,-0.0007112803903737753,1.4930688186902916
2005-07-27,0.004200868183220716,1.4993541967651505
2005-07-28,0.003804000870492184,1.5050686033478071
2005-07-29,-0.01049856619831793,1.4893501957271864
2005-08-01,0.0027379288124994338,1.4934335179118983
2005-08-02,0.00889758533731657,1.506780761145963
2005-08-03,0.0015170335371123796,1.509068332816452
2005-08-04,-0.00733762249269224,1.4980358845443844
2005-08-05,-0.00438330190075675,1.4914839111334475
2005-08-08,-0.002290565717669788,1.4880714789102794
2005-08-09,0.00696551472357306,1.498472846089705
2005-08-10,-0.00449261178279758,1.4917558889631979
2005-08-11,0.00559441898263099,1.5001247841517886
2005-08-12,-0.006037464175790867,1.4910951200732736
2005-08-15,0.0019134102172315378,1.4939509280056316
2005-08-16,-0.0108029235740305,1.4778987516356314
2005-08-17,-0.0007665471547931252,1.4767663066441874
2005-08-18,-0.0003071845724485916,1.4763127364861186
2005-08-19,0.0004506782082489125,1.4769782284151043
2005-08-22,0.002461574579829541,1.480618398914628
2005-08-23,-0.004938623941672032,1.4733242078998994
2005-08-24,-0.00876756855831932,1.4604631991720307
2005-08-25,0.001628086394550152,1.4628428960867805
2005-08-26,-0.005437904807235247,1.4549096852418941
2005-08-29,0.00732138322812086,1.4656007254554768
2005-08-30,-0.003988820812840947,1.4597663506520309
2005-08-31,0.009526651416004091,1.4737394887514863
2005-09-01,0.00122313992068515,1.475543181212124
2005-09-02,-0.003620739557036651,1.4702102839898368
2005-09-06,0.013121341348013271,1.489628533115123
2005-09-07,0.0030686736736718545,1.494206737893829
2005-09-08,-0.0035388074397104323,1.4889283730401937
2005-09-09,0.006316982524878444,1.4983636775044706
2005-09-12,-0.0016999500543546213,1.4958186978714665
2005-09-13,-0.008066750633790191,1.4838008391463582
2005-09-14,-0.0027008969779120456,1.4797986531230956
2005-09-15,-0.00018180489491993791,1.479529642938887
2005-09-16,0.008803271122036847,1.4926118421053776
2005-09-19,-0.003754359733029159,1.4870185465001238
2005-09-20,-0.006024987358194488,1.4780862141713804
2005-09-21,-0.006175558029946907,1.4689863343210912
2005-09-22,0.0028408736807237637,1.4731654723265246
2005-09-23,-0.004150390068561978,1.4670639316264202
2005-09-26,0.0007859712898811424,1.4682174550158493
2005-09-27,-0.0009996273694535234,1.4667505179808644
2005-09-28,0.003430891184859184,1.4717914218550137
2005-09-29,0.00936809659261171,1.485644091321477
2005-09-30,-0.004081113087795991,1.4795933650238657
2005-10-03,-0.004759679418187904,1.4725677081378992
2005-10-04,-0.010251534116309037,1.4575487452777076
2005-10-05,-0.01125205919556953,1.4412402446887504
2005-10-06,0.000410415073257103,1.4418318728075998
2005-10-07,0.0027580359884057716,1.4458139858833714
2005-10-10,-0.005030955724535539,1.438558426237635
2005-10-11,0.0016407596741693912,1.440920692317851
2005-10-12,-0.0017324858210451743,1.4384264788677448
2005-10-13,0.0010962679476808825,1.4400042443804897
2005-10-14,0.004146711705976415,1.4459879245614222
2005-10-17,-0.0012961676516951837,1.4441148959306567
2005-10-18,-0.009474900031689904,1.4304966692056194
2005-10-19,0.01341933468753267,1.4498223617361483
2005-10-20,-0.016004583426375285,1.426803255748958
2005-10-21,-0.0014915552243562127,1.424676686240902
2005-10-24,0.013478790738792133,1.4440096046500286
2005-10-25,-0.0007481191486884485,1.4429297174064286
2005-10-26,-0.0035504325371922695,1.4378157765119508
2005-10-27,-0.007989377878456034,1.4263742889966824
2005-10-28,0.016166132998625807,1.449620640995428
2005-10-31,0.003544705281150743,1.454768236902495
2005-11-01,-0.0035181788630968156,1.4496590947485886
2005-11-02,0.009445432256627638,1.463416622137027
2005-11-03,0.005079217886825263,1.4708685429641781
2005-11-04,0.0014349795655159924,1.4729807243730277
2005-11-07,0.0038357013762308927,1.4786414881239418
2005-11-08,-0.0017490689950879262,1.4760575025854612
2005-11-09,0.0032430443768068427,1.4808521930637812
2005-11-10,0.0067778070967066594,1.4909232147340952
2005-11-11,0.0036706405225060816,1.4964059142555868
2005-11-14,0.000775714669693959,1.497567148610124
2005-11-15,-0.0032175614870746908,1.492756377854174
2005-11-16,0.0021256816310366734,1.495932877583664
2005-11-17,0.006493614944015709,1.505678497579306
2005-11-18,0.007200237425684857,1.5165588638526069
2005-11-21,0.00450218272408892,1.523402082119906
2005-11-22,0.004323061713819364,1.5300020991975427
2005-11-23,0.005406993288375224,1.538297215889878
2005-11-25,0.0023335230427040956,1.5418910594172208
2005-11-28,-0.006630025103697308,1.5317020968481145
2005-11-29,-0.0019704768707490975,1.5286868849716457
2005-11-30,-0.006850735972291073,1.5182500455729082
2005-12-01,0.007006456313046491,1.528924951149674
2005-12-02,-0.001206390214978958,1.527081583183275
2005-12-05,-0.002231672907122885,1.5236774364709373
2005-12-06,-2.70654962232217e-05,1.5236361979431083
2005-12-07,-0.005593853533075815,1.5151369940275585
2005-12-08,-0.0034052770701620966,1.5099863074982505
2005-12-09,-0.0003601290595315406,1.5094426154549538
2005-12-12,0.000853745564829928,1.5107318456522372
2005-12-13,0.006531874197155325,1.5206320542726353
2005-12-14,0.005905045789297009,1.5296380203332751
2005-12-15,-0.002952617439751161,1.5251282455341253
2005-12-16,-0.004362034681217277,1.5184900717315408
2005-12-19,-0.0005891355987101333,1.5175957386415933
2005-12-20,-0.00249529077774317,1.5138136167000598
2005-12-21,0.0010140228371339284,1.5153494368252987
2005-12-22,0.0018940793322603595,1.5182223487774282
2005-12-23,0.00010787960519822567,1.518386142839878
2005-12-27,-0.010874282680039985,1.5019642327752285
2005-12-28,0.0002135337289880879,1.5022849870433683
2005-12-29,-0.0026715056417949442,1.4982769803149343
2005-12-30,-0.0045988512387595696,1.4914024469621565
2006-01-03,0.018288803419981178,1.5189293630498808
2006-01-04,0.0011299056858162719,1.520646579937411
2006-01-05,-0.0005387629803660198,1.5198275325099488
2006-01-06,0.00698972353869924,1.5304879199671029
2006-01-09,0.000893430115806964,1.5318559149796551
2006-01-10,0.00013809505946140184,1.532067471320427
2006-01-11,0.006092103855259062,1.5414294736593623
2006-01-12,-0.007988907258748481,1.5291641948692438
2006-01-13,0.0013222030682718696,1.5311873977073411
2006-01-17,-0.004804813564468745,1.5238479741300381
2006-01-18,-0.007315783227235055,1.5127405121120754
2006-01-19,0.002557874462540134,1.5166148653786955
2006-01-20,-0.02319939030928391,1.4818353172070051
2006-01-23,0.0014484052231506384,1.4839831703256403
2006-01-24,-0.0018681409454120376,1.4812134685050515
2006-01-25,-0.0003213160049906245,1.4807376073658074
2006-01-26,0.0039249448546789,1.4865608412792928
2006-01-27,0.010118936009433439,1.5016796192755058
2006-01-30,0.003797401038085717,1.5073929400400892
2006-01-31,-0.005809625190242448,1.4986609414236023
2006-02-01,0.0019314605942400808,1.5015583431840123
2006-02-02,-0.007109879322621597,1.4909203069580268
2006-02-03,-0.00814447191115108,1.4788268626040488
2006-02-06,-0.0018201117385184503,1.4761376805205204
2006-02-07,-0.006002852878277423,1.4673031858109498
2006-02-08,0.012000513471532427,1.4850176562382715
2006-02-09,4.969480638219464e-05,1.485091455736883
2006-02-10,0.0014077491622126038,1.4871835642259879
2006-02-13,-0.0036382077912168495,1.481782712064247
2006-02-14,0.008064705411803373,1.4937811701050503
2006-02-15,0.004662120556809222,1.5007616172049874
2006-02-16,0.003889098154802494,1.5066095907418808
2006-02-17,-0.0012099843165601389,1.5047877192061743
2006-02-21,-0.0021967353256554024,1.501485726995103
2006-02-22,0.0048214501844997155,1.5087425457677595
2006-02-23,-0.0026913096904823274,1.504687511458059
2006-02-24,0.002399077014472939,1.5083017063131845
2006-02-27,0.003252076764023125,1.5132148038004336
2006-02-28,-0.007873014927721612,1.5013480160560024
2006-03-01,0.007005813458851909,1.5119031105332301
2006-03-02,-0.0036891248231360465,1.5063357868281302
2006-03-03,0.0004340270842668054,1.5069897192595416
2006-03-06,-0.003710240674844029,1.5014087844145139
2006-03-07,0.002376015489007329,1.5049803963639914
2006-03-08,0.0034818483634557413,1.51022964313157
2006-03-09,-0.00667813168252279,1.5001777320542387
2006-03-10,0.007055149898519274,1.5107991345649447
2006-03-13,0.0011748732309324827,1.512575175132428
2006-03-14,0.007160130117409611,1.5234442758505446
2006-03-15,0.0028644737799107967,1.5278143980960202
2006-03-16,0.0031634569981362592,1.532655226084086
2006-03-17,0.0016033177483853562,1.535114530406527
2006-03-20,0.0018843490092461533,1.5380099490838886
2006-03-21,-0.003093992600699129,1.5332587116186183
2006-03-22,0.003887763891373867,1.539231261883636
2006-03-23,-0.004174507219750643,1.5328191229399586
2006-03-24,-4.06485825038031e-05,1.5327568172817032
2006-03-27,-0.0014062507802868323,1.53060289164617
2006-03-28,-0.008365167351796182,1.5178525460472259
2006-03-29,0.0035539586166051665,1.5232565282585884
2006-03-30,-0.00011618891571779371,1.5230795530156898
2006-03-31,-0.0037773696427526953,1.5173371709264616
2006-04-03,0.001866472858182763,1.5201718842074619
2006-04-04,0.0049858609412862685,1.5277701761019946
2006-04-05,0.002876000295634812,1.5321703680237897
2006-04-06,-0.005042064426491518,1.5244645093588978
2006-04-07,-0.010967569753243174,1.5078361913165175
2006-04-10,0.0018399027695468872,1.5106130170622816
2006-04-11,-0.0048568890724362485,1.5032939256024225
2006-04-12,0.00019994000189041796,1.5035945242425943
2006-04-13,0.0017623951025178967,1.506246788350427
2006-04-17,-0.004135707382631187,1.500030256127553
2006-04-18,0.014659616104181367,1.5221820958510854
2006-04-19,-0.001305985980360326,1.5201954449258457
2006-04-20,-0.000599674815757491,1.5192840952865188
2006-04-21,8.066035055365074e-05,1.519406646216669
2006-04-24,-0.0023697779813956956,1.5158102528116966
2006-04-25,-0.0017185407415981474,1.5132075082375778
2006-04-26,0.004548818279302333,1.5201064934304023
2006-04-27,0.0077181882889077865,1.5318843549747774
2006-04-28,-0.002307674873540625,1.5283533397242128
2006-05-01,-0.002663552268713237,1.5242879073681035
2006-05-02,0.005643409492684082,1.5329144067536207
2006-05-03,-0.006212930136517552,1.523420041095049
2006-05-04,0.002246848060202203,1.526846782701513
2006-05-05,0.010737222517225045,1.5433292057271575
2006-05-08,-7.705997056154318e-05,1.5432102814062085
2006-05-09,0.001497239186530341,1.5455225669028554
2006-05-10,-0.0031916302574085055,1.540597693682615
2006-05-11,-0.012079864483096085,1.522099435489125
2006-05-12,-0.0085530963020988,1.5091362889832165
2006-05-15,0.008651192291407471,1.5222487546627619
2006-05-16,-0.0012200696148044904,1.5203926377372017
2006-05-17,-0.017007777354204865,1.494752794689602
2006-05-18,-0.004733090219610259,1.4876947113053836
2006-05-19,0.00046720866337286607,1.4883899375581773
2006-05-22,0.0002829467200024191,1.4888111321941042
2006-05-23,-0.0024458135581732748,1.4851742271502557
2006-05-24,0.004781324429869972,1.4922923303849756
2006-05-25,0.010871039139268093,1.5086035982939485
2006-05-26,0.003825338855095303,1.5143855702056095
2006-05-30,-0.017890886874427574,1.4875327955196476
2006-05-31,0.003827589134130825,1.49323737030413
2006-06-01,0.00878832950652973,1.5064182665403405
2006-06-02,0.0020423124968223074,1.5094979871970593
2006-06-05,-0.01512518481105634,1.4868383487660684
2006-06-06,0.0005229557738949139,1.4876161028131636
2006-06-07,-0.0057029354050678925,1.4791564695702901
2006-06-08,0.00441850053122019,1.4857065834009984
2006-06-09,-0.0057626232967011755,1.4771696372582317
2006-06-12,-0.00802600869290332,1.4653613111604877
2006-06-13,-0.01133888085679545,1.4488395997161825
2006-06-14,0.0060162602097949235,1.4575824690678845
2006-06-15,0.01478995629343571,1.4793002567621603
2006-06-16,-0.00417089262881593,1.4731431035638645
2006-06-19,-0.007061005473322085,1.4627778695991016
2006-06-20,0.0008886140205593819,1.4640782922243085
2006-06-21,0.007764851931132434,1.4754908946213552
2006-06-22,-0.00454633060229696,1.468798050682266
2006-06-23,-0.004636603852427611,1.4620035797893374
2006-06-26,0.005997134333429623,1.4707977552216835
2006-06-27,-0.005268789153677318,1.4630688109303502
2006-06-28,0.007761044523410112,1.4744679304321395
2006-06-29,0.01777072965383881,1.5009045042943758
2006-06-30,-0.0091154048112076,1.4872853186519994
2006-07-03,0.010919625632882216,1.5036149118039548
2006-07-05,-0.0039136715266588394,1.4977417572319827
2006-07-06,0.004963231570629952,1.5051938743999835
2006-07-07,-0.0056409768054997075,1.4967270138005584
2006-07-10,0.0037157923830545402,1.5022988861874833
2006-07-11,0.0011965928200922539,1.5040976021990382
2006-07-12,-0.012129916902508085,1.48596322983538
2006-07-13,-0.009085436942995179,1.4725237488365688
2006-07-14,-0.003831324921549605,1.4668928257361293
2006-07-17,-0.0025637770832182354,1.4631368563174476
2006-07-18,0.005098543951066671,1.4706157734784424
2006-07-19,0.018149863131109084,1.4975509439081622
2006-07-20,-0.007123682414649225,1.4869207745133244
2006-07-21,0.0015966661587157862,1.4892967869392253
2006-07-24,0.015093524316473145,1.5119460226183932
2006-07-25,0.0043935088516630135,1.518603384732819
2006-07-26,0.002586164550508763,1.5225358257507153
2006-07-27,-0.002670434949659701,1.5184754168114654
2006-07-28,0.012542824535606869,1.537641333623564
2006-07-31,-0.0013339250979594562,1.5355916026547087
2006-08-01,-0.002308449783362582,1.5320508549437395
2006-08-02,0.004356527003983455,1.5387398356479518
2006-08-03,0.0007925889733013973,1.5399599073182717
2006-08-04,0.0016388280154623124,1.542485705866478
2006-08-07,-0.0004901197861443322,1.541729888337881
2006-08-08,-0.0008242640020012481,1.5404596194804803
2006-08-09,-8.011953495578362e-05,1.5403362035162302
2006-08-10,0.0045956421930200865,1.547431328404825
2006-08-11,-0.0011528039122188406,1.5456484713552856
2006-08-14,0.0029315897181608516,1.5501863268370955
2006-08-15,0.008021985169168005,1.562671911190474
2006-08-16,0.0037343651888816095,1.5685184084608577
2006-08-17,0.0018557765707896906,1.5714319307611853
2006-08-18,0.007526391938132045,1.583303763367296
2006-08-21,-0.0004653602417014416,1.5825671281589517
2006-08-22,-0.0004988873352196262,1.581777802370269
2006-08-23,-0.0019916767773066465,1.5786305474520668
2006-08-24,0.00540695083169721,1.5871892425742153
2006-08-25,-4.1599337315289916e-05,1.5871232179268306
2006-08-28,0.005221015233277969,1.5954312818163279
2006-08-29,0.0016242798744361812,1.5980248144796758
2006-08-30,-0.0016147599555520838,1.5954464702650122
2006-08-31,-0.003072197005766378,1.5905524659182484
2006-09-01,0.005853782483535178,1.5998905188824266
2006-09-05,0.00019647649081261576,1.6002048906395796
2006-09-06,-0.00740149369600638,1.5884047075892818
2006-09-07,-0.0035755678253663937,1.582735400359451
2006-09-08,0.0022405717049697508,1.5862856082764352
2006-09-11,0.0006403244924759882,1.5873016710737073
2006-09-12,0.006964517915056944,1.5983950471669086
2006-09-13,0.00293101999782938,1.6030868475360502
2006-09-14,0.0006101193912524614,1.6040652203393537
2006-09-15,0.0013993003788010173,1.6063113605557209
2006-09-18,0.003395690417154823,1.6117751680990526
2006-09-19,-0.0009917693954209904,1.6101774512293399
2006-09-20,0.003839722260676193,1.6163719704383923
2006-09-21,-0.0038984701356252474,1.610082859504348
2006-09-22,-0.002844405583499409,1.605509637960682
2006-09-25,0.009071287789729343,1.6201399354301966
2006-09-26,0.009290943399679272,1.635262707494449
2006-09-27,0.00261740339822475,1.6395484559816287
2006-09-28,0.0019697508567999658,1.6427811407041017
2006-09-29,-0.003686235249616987,1.6367366105804246
2006-10-02,-0.0026171011604691295,1.6324587055942361
2006-10-03,0.003707196690754341,1.6385217826711531
2006-10-04,0.011466048609171837,1.6574172743758069
2006-10-05,-0.0012246529653260232,1.6553887557651525
2006-10-06,-0.0022964673601920792,1.651591571243054
2006-10-09,-0.0022662709515199374,1.64785285531319
2006-10-10,0.0016381600372097703,1.650554514278668
2006-10-11,-0.0035020527513725365,1.6447842950041336
2006-10-12,0.006982184137725677,1.6563086676460348
2006-10-13,0.0011906752166357326,1.658281967874408
2006-10-16,0.0011211032077442318,1.6601421156219092
2006-10-17,-0.001716187288012604,1.6572954442360988
2006-10-18,0.004266495600043355,1.6643813932933595
2006-10-19,-0.0016091249825796326,1.6617053492349645
2006-10-20,0.005446555434731187,1.670780611560665
2006-10-23,0.006705063336680838,1.6820209428376944
2006-10-24,-0.0018395552209716046,1.6789296166348864
2006-10-25,0.004931573670441601,1.687229831465214
2006-10-26,0.0037860410518599607,1.693629860612717
2006-10-27,-0.007594469148719986,1.6808163583466291
2006-10-30,-0.0016523013157304825,1.6780414364011402
2006-10-31,0.0004144938115513043,1.6787371183600284
2006-11-01,-0.004289901176340283,1.6715509270672206
2006-11-02,-0.0001852126554358102,1.6712413633497663
2006-11-03,2.668218551206814e-05,1.6712859563167748
2006-11-06,0.010665180306353963,1.6892059123051593
2006-11-07,0.0022063686450473014,1.6929370378707145
2006-11-08,0.0024353933792665913,1.6970650301264563
2006-11-09,-0.0016380869390241655,1.6942873657149438
2006-11-10,0.00016518002999131137,1.6945672512679422
2006-11-13,0.0007610224483037428,1.6958573458195108
2006-11-14,0.007583427399202793,1.7087666433753355
2006-11-15,0.00037235351996055954,1.7094030271222989
2006-11-16,0.0008488279521736569,1.7108546321875702
2006-11-17,0.0020967048776707967,1.7144455526745888
2006-11-20,9.834094541777506e-05,1.714614161161529
2006-11-21,-0.0016634568245538358,1.7117643454634952
2006-11-22,0.00035114753624783585,1.7123655328425977
2006-11-24,-0.005556462282988279,1.7028772234732807
2006-11-27,-0.010411012233781478,1.6852405151621366
2006-11-28,0.004699562409449038,1.6931790473409918
2006-11-29,0.008640980117970222,1.7078731681985062
2006-11-30,-0.0005078913068819128,1.7070059745018327
2006-12-01,-0.0019739378386063994,1.7036397742460787
2006-12-04,0.001614443777150636,1.7063924262812085
2006-12-05,0.002711606235813513,1.7110257696874873
2006-12-06,-0.0035346563037761897,1.7049885576851083
2006-12-07,-0.003514033758407515,1.6990076849845241
2006-12-08,0.0027729331033902686,1.7037254576481542
2006-12-11,0.003412359177242374,1.7095491113972403
2006-12-12,0.001089641549496436,1.7114129223984658
2006-12-13,0.004073436936420682,1.7183984729506492
2006-12-14,0.010880561729024471,1.7371977012281181
2006-12-15,0.0030372829323196686,1.7424820831752645
2006-12-18,-0.0006704448318973108,1.7413142366000216
2006-12-19,0.0035501791745953053,1.7475072007007573
2006-12-20,-0.003298056587387003,1.7417533165991625
2006-12-21,-0.0032559174567681616,1.7360915337208302
2006-12-22,-0.00647767671491086,1.7248820389556216
2006-12-26,0.006042617537022427,1.7353363954422607
2006-12-27,0.007532491118847866,1.7484571553955102
2006-12-28,-0.0007978722013256309,1.7470626664219824
2006-12-29,-0.005279061714584619,1.737864116006825
2007-01-03,-0.001172045800823302,1.735828452845519
2007-01-04,0.0014982983965971274,1.7384311911856192
2007-01-05,-0.004209684820423688,1.7311283259539643
2007-01-08,0.0012887538149403853,1.733360762409703
2007-01-09,-0.001342299091555003,1.7310356346905074
2007-01-10,-0.0020021843849566917,1.7275732494963625
2007-01-11,0.006454612700229211,1.7387601303858884
2007-01-12,0.007432405293899981,1.7517314447044663
2007-01-16,-0.00047460677969653756,1.7509002583435451
2007-01-17,-0.002709764386694827,1.746162153651763
2007-01-18,-0.0016954012706705307,1.7432042162715826
2007-01-19,0.0027874765535341275,1.748070135820095
2007-01-22,-0.004918066810301657,1.7394941161079418
2007-01-23,-0.00047776830632354373,1.738663239449301
2007-01-24,0.010196567791551928,1.756482329429217
2007-01-25,-0.013186238441245104,1.7334729714545034
2007-01-26,-0.0006666444043738866,1.732317746502858
2007-01-29,-0.0022839787018731376,1.7283656845955944
2007-01-30,0.0051416056838111505,1.737275144259828
2007-01-31,0.00608728186722745,1.7478826805202645
2007-02-01,0.0026097528242199543,1.752450179711751
2007-02-02,0.001124345092124186,1.7544216465673577
2007-02-05,-0.0011372390931586166,1.7524275837629975
2007-02-06,-0.0009602178587530685,1.7507456791275595
2007-02-07,-0.0003117698650924964,1.7501999344611576
2007-02-08,-0.0009520693450026333,1.7485344157264042
2007-02-09,-0.008252191234530783,1.734164548341808
2007-02-12,-0.0031229653936425093,1.7287572602519772
2007-02-13,0.0057382915081123425,1.7387058901282202
2007-02-14,0.0067490063570523895,1.7504801146999176
2007-02-15,-0.0014618624665368185,1.747923023035367
2007-02-16,-0.002195303244951011,1.7440900108024568
2007-02-20,0.002304641959542978,1.7481141491404624
2007-02-21,-0.0020394276051513166,1.7445526298525675
2007-02-22,-0.0010904798279668915,1.7426512672880643
2007-02-23,-0.005176107912986206,1.7336544206853457
2007-02-26,-0.00019152170760049745,1.7333224200239885
2007-02-27,-0.03767826697708692,1.6692288841653204
2007-02-28,0.004937224609292869,1.6774906203318605
2007-03-01,-0.0033075335327687936,1.6719514294338198
2007-03-02,-0.010635567985889261,1.6542635036365925
2007-03-05,-0.005050369677839754,1.64592992294347
2007-03-06,0.014966747883828055,1.670749411344653
2007-03-07,-0.004074408945593823,1.6639559440772125
2007-03-08,0.003336516618005288,1.6695170329099123
2007-03-09,-0.002013522665530405,1.6661588045926734
2007-03-12,0.001958957979427326,1.6694259387223533
2007-03-13,-0.020751292589869522,1.6351401600485946
2007-03-14,0.007232100896253312,1.647008523537207
2007-03-15,0.0028609392980553116,1.651727261739645
2007-03-16,-0.004533258369233436,1.6442565015437052
2007-03-19,0.011802905161694249,1.663778486530483
2007-03-20,0.006463350086405358,1.6745668964331666
2007-03-21,0.01752203258061875,1.7041672843051816
2007-03-22,0.0013408657592267692,1.7064538765287172
2007-03-23,-0.0003839515606584762,1.7057988066652279
2007-03-26,0.0017825436230988947,1.7088421791165667
2007-03-27,-0.005034886859880475,1.7002599754255783
2007-03-28,-0.007129279202678727,1.6881814540783096
2007-03-29,0.005485028973498364,1.6974666196885573
2007-03-30,-0.0022327394758265813,1.6936808468528217
2007-04-02,0.00040115825764300533,1.694360417208865
2007-04-03,0.009171961600474194,1.7099725132184316
2007-04-04,0.0026764054743019586,1.714555222872767
2007-04-05,0.002307392052994539,1.7185159416767322
2007-04-09,0.0007966931594909642,1.7198856171050176
2007-04-10,0.003358577971574388,1.7256716981154285
2007-04-11,-0.007286069757621732,1.7131440279048575
2007-04-12,0.00447448317542383,1.7208266370697327
2007-04-13,0.0026230073079830506,1.7253463028814275
2007-04-16,0.011190636929132377,1.7447624639143613
2007-04-17,0.0031416369316468865,1.7502524934321955
2007-04-18,0.0017424655723109318,1.753304906735091
2007-04-19,-0.0007729501856967294,1.7519502130046793
2007-04-20,0.011815524297151414,1.7727731983065795
2007-04-23,-0.008196275299546122,1.758302445278125
2007-04-24,-0.0023566683677648595,1.7541635883964817
2007-04-25,0.010950040795586199,1.773477301242085
2007-04-26,0.0003472656840196596,1.7740932759974513
2007-04-27,0.0027509542627908922,1.7789804445641741
2007-04-30,-0.0026216381762162117,1.774322709631532
2007-05-01,0.004638508386815291,1.7825720378993772
2007-05-02,0.00294220332677546,1.7878244503231702
2007-05-03,0.006043094780615469,1.7986611535611912
2007-05-04,0.0001330122684337163,1.7989004134732691
2007-05-07,0.0024113145163450916,1.803243362157022
2007-05-08,-0.0004480061293798755,1.8024356790150204
2007-05-09,0.0012370153535980874,1.8046666992424791
2007-05-10,-0.013467607780400933,1.7805250857458716
2007-05-11,0.008944713061906454,1.7965228126137418
2007-05-14,-0.0010249727531927953,1.7946823690437061
2007-05-15,-0.0008270686852652283,1.7931986571066898
2007-05-16,0.01161432900894764,1.814146870530706
2007-05-17,-0.001784714727576719,1.8109120233911864
2007-05-18,0.006887573402321623,1.823427865289457
2007-05-21,-0.0010521137842974284,1.8215104205596047
2007-05-22,-0.001992280183125083,1.817885073997562
2007-05-23,-0.0021967908689342662,1.8138959439127635
2007-05-24,-0.0069343918009672776,1.8013611894294357
2007-05-25,0.0073004762409455285,1.8145601045555908
2007-05-29,0.0011155550440047504,1.8165854757293505
2007-05-30,0.008688468178741613,1.8324375863865217
2007-05-31,-0.002988355328301408,1.8269697856962035
2007-06-01,0.003766742516289099,1.8338644875953167
2007-06-04,0.0024405743556804825,1.838345636299547
2007-06-05,-0.003422399311615816,1.8320648372909514
2007-06-06,-0.00872137394378462,1.8161561882316972
2007-06-07,-0.01586559642174679,1.787569161873124
2007-06-08,0.01071157277490116,1.8068197570524296
2007-06-11,0.0006536045969542198,1.8080010887713724
2007-06-12,-0.010874773655249996,1.78844600742038
2007-06-13,0.013200335000643168,1.8122105990558797
2007-06-14,0.005165120534522315,1.8215951004106
2007-06-15,0.006881093454115652,1.834172891380391
2007-06-18,-0.0010338541551442862,1.8322776040095616
2007-06-19,0.003079462608057985,1.8379287311301769
2007-06-20,-0.014491360578944953,1.8114866964315512
2007-06-21,0.0062076933555241095,1.8227668259293541
2007-06-22,-0.017192896881289874,1.791696047558733
2007-06-25,-4.350171691741985e-05,1.7916181073997477
2007-06-26,-0.0006130157237689631,1.7905201538946869
2007-06-27,0.00809145174265835,1.8050668338274252
2007-06-28,0.0016132676625537179,1.8079812400057147
2007-06-29,-0.0023667020874604456,1.8037073465421336
2007-07-02,0.007843044745210992,1.8179095253282864
2007-07-03,0.00667092602131371,1.8300772050076388
2007-07-05,-0.0012973881730789915,1.827704424027856
2007-07-06,0.003189054152295225,1.8335423762356389
2007-07-09,0.0031432926210177735,1.839314803919085
2007-07-10,-0.012749465456208076,1.8160133793513928
2007-07-11,0.006233290549449749,1.8273684714148142
2007-07-12,0.02142271967126926,1.8669380041154835
2007-07-13,0.0023350185107388743,1.871302432440941
2007-07-16,0.0015531235138453207,1.8742110543901724
2007-07-17,-0.00021968121339818733,1.8737993706528269
2007-07-18,-0.0032699712157390633,1.8676821077343964
2007-07-19,0.006663115978997829,1.8801682423158912
2007-07-20,-0.012981822474978996,1.8559179788478768
2007-07-23,0.007278757311308001,1.869476038459237
2007-07-24,-0.015818988061353262,1.840135499986188
2007-07-25,0.006747374735697367,1.8525935661245163
2007-07-26,-0.024092449628353985,1.8084934223232603
2007-07-27,-0.015070842482617555,1.7814422567618091
2007-07-30,0.006295353968609015,1.7926924411340819
2007-07-31,-0.011676157235347574,1.7718824093417784
2007-08-01,0.010338022514154376,1.7902951814201213
2007-08-02,0.003164122718620967,1.7959688664609694
2007-08-03,-0.022829952737384272,1.7554314761557013
2007-08-06,0.024940117125425973,1.7997626573584835
2007-08-07,0.007653760939275384,1.8135904603317528
2007-08-08,0.01894302748300234,1.8482728115238674
2007-08-09,-0.030523565728493955,1.7927092478465763
2007-08-10,0.0005945864624870506,1.7937754854503312
2007-08-13,-0.006333187273235294,1.7824510670572036
2007-08-14,-0.011779868386796743,1.7615772150758653
2007-08-15,-0.008745121776538179,1.746239172088819
2007-08-16,0.005507541895515548,1.7558831905288188
2007-08-17,0.026038470126102317,1.802204148863221
2007-08-20,-0.0016204381379048927,1.7992861533822053
2007-08-21,-0.002597741312139427,1.7946181391809528
2007-08-22,0.007165093597425091,1.807522922902052
2007-08-23,0.0011031885034972321,1.8095180617151616
2007-08-24,0.011362594184683989,1.830196136933023
2007-08-27,-0.007093444315987824,1.8172596788145574
2007-08-28,-0.021407930307683547,1.7787693790824268
2007-08-29,0.01942394461677328,1.8136578357990871
2007-08-30,-0.003206717175669281,1.8078512630602748
2007-08-31,0.00886304229879991,1.8239455420574278
2007-09-04,0.009455696176723143,1.8412740142183515
2007-09-05,-0.009238713634257706,1.824341349338544
2007-09-06,0.002391359437858705,1.8287092257418798
2007-09-07,-0.014204780946734993,1.8029164359348286
2007-09-10,-0.0009682612648056651,1.8011715866575362
2007-09-11,0.015450665285817027,1.8292169880990998
2007-09-12,0.0005614537394916485,1.8302442971836868
2007-09-13,0.00807511153747989,1.8450835577305615
2007-09-14,0.00023385617509683312,1.84551509237066
2007-09-17,-0.0034929365012352836,1.8390800704450188
2007-09-18,0.025542690924072284,1.886660199676441
2007-09-19,0.004268640748482574,1.8947308874618338
2007-09-20,-0.0036749746329984064,1.8877805784409705
2007-09-21,0.00438384657126084,1.8960744851816114
2007-09-24,-0.004291729686935071,1.8879544829157933
2007-09-25,-0.0002498140218809019,1.8874829043192134
2007-09-26,0.004952719785508522,1.896854265952158
2007-09-27,0.003172268198025003,1.9028811508097216
2007-09-28,-0.002639458838169786,1.8978651969521723
2007-10-01,0.013524763842873226,1.923707738760452
2007-10-02,-0.0013399625095564282,1.92113176874822
2007-10-03,-0.005315074195261443,1.910947898845042
2007-10-04,0.0006805119472898652,1.9122487642978934
2007-10-05,0.006850311295310527,1.9253932340600013
2007-10-08,-0.0024256960678812616,1.9207284751939233
2007-10-09,0.007986179402869123,1.9361291718909859
2007-10-10,-0.0010824877821274885,1.9340344696671197
2007-10-11,-0.002121211715798374,1.9299363211482776
2007-10-12,0.0020402808526160557,1.933877952921668
2007-10-15,-0.0058145111445388935,1.92266602553881
2007-10-16,-0.0071596843696834995,1.9089495052192946
2007-10-17,0.005404717810619852,1.919294770045331
2007-10-18,-0.0033302988461787228,1.9129135764258052
2007-10-19,-0.021827818097474316,1.8716112564804899
2007-10-22,0.002350057513370467,1.8760148228663691
2007-10-23,0.0061276093195013264,1.8875456007501052
2007-10-24,-0.0013428956998615764,1.8850125250884444
2007-10-25,-0.0012933105549853786,1.882576194299225
2007-10-26,0.017999432412746666,1.9167682933347099
2007-10-29,0.005352188585453971,1.927054701558303
2007-10-30,-0.005695290723469826,1.9161107588423811
2007-10-31,0.011359020582730006,1.9379999851182028
2007-11-01,-0.028482578285420026,1.8835794464892186
2007-11-02,-0.001984438724770493,1.8798453048075219
2007-11-05,-0.003950061843974808,1.8724344459078714
2007-11-06,0.012996044794785947,1.8969274995201395
2007-11-07,-0.028741717129116343,1.8431826059542586
2007-11-08,-0.006977720839071703,1.830366159069914
2007-11-09,-0.016328266871131567,1.800722128393745
2007-11-12,-0.004746027266032076,1.7921961004582663
2007-11-13,0.03372660070975048,1.8536716359779797
2007-11-14,-0.006448255188076785,1.841757143362388
2007-11-15,-0.016023352342514445,1.81248119551402
2007-11-16,0.006357446765603378,1.8240406536145979
2007-11-19,-0.01804397124229046,1.7914228785963269
2007-11-20,0.010928772304377898,1.8111083041722396
2007-11-21,-0.01585099101473724,1.7826267693314464
2007-11-23,0.015210771387646663,1.8099491681795206
2007-11-26,-0.02529245914083222,1.764745172657181
2007-11-27,0.013456418774054565,1.7886528176154541
2007-11-28,0.026057569917488248,1.835873317354284
2007-11-29,0.0016136733007599002,1.8388382086496708
2007-11-30,0.00740550527978449,1.8525062817414633
2007-12-03,-0.00874889346582541,1.8363695936495013
2007-12-04,-0.0058626380584693065,1.82563512029215
2007-12-05,0.020971957742085805,1.8643265624269454
2007-12-06,0.014736350740252948,1.89200335918138
2007-12-07,-0.0028904451038637975,1.8865425232605233
2007-12-10,0.007239510265473706,1.9002497240676692
2007-12-11,-0.018891843429259286,1.8646874796600688
2007-12-12,0.005545329886828846,1.8750565101467331
2007-12-13,0.0019350864362871784,1.8786884194626927
2007-12-14,-0.013381025171823808,1.8537170860481553
2007-12-17,-0.014356793043211961,1.8272937842778108
2007-12-18,0.007253607001618919,1.8405964430685762
2007-12-19,0.00024830977935936735,1.8410535379134556
2007-12-20,0.004367778296235768,1.8491124385322086
2007-12-21,0.014062600632966287,1.875299465578635
2007-12-24,0.008200379388970521,1.8907408587743804
2007-12-26,0.001705790454872184,1.8939688188129205
2007-12-27,-0.01517838260426072,1.8654385051886526
2007-12-28,0.002902424897503337,1.8708606652506672
2007-12-31,-0.00994387794197105,1.8523492453340134
2008-01-02,-0.013929802736537383,1.8267252685553552
2008-01-03,0.0013613519828859914,1.8292137781062716
2008-01-04,-0.023443434906731037,1.786829481877649
2008-01-07,0.003479508321253314,1.7930575990376063
2008-01-08,-0.02031657752651341,1.7569963661220296
2008-01-09,0.017595682616859076,1.7881855089719798
2008-01-10,0.005609934565122211,1.798245303679694
2008-01-11,-0.015776577920684834,1.7700977662597568
2008-01-14,0.013428950967378414,1.7940286460423036
2008-01-15,-0.023412147573119154,1.752514447149033
2008-01-16,-0.014303854136681473,1.7276251668036868
2008-01-17,-0.023497968088125067,1.6875027297701135
2008-01-18,-0.0061994473680830175,1.677073506526005
2008-01-22,-0.014833795390048435,1.6523797451804
2008-01-23,0.016876381011556002,1.6805025736460268
2008-01-24,0.011286749333321204,1.6995774290081065
2008-01-25,-0.020879456328978713,1.664459078154032
2008-01-28,0.013329247494368628,1.686793585561592
2008-01-29,0.00628133808747936,1.6974222525353038
2008-01-30,-0.0024744863078593597,1.6932271968572232
2008-01-31,0.015608267535469955,1.719862867539193
2008-02-01,-0.000248464362591268,1.71943559599114
2008-02-04,-0.014158762633360578,1.6952620530910716
2008-02-05,-0.03105379789313894,1.6434267351603706
2008-02-06,-0.009058652995340246,1.6286067286345516
2008-02-07,0.006435749591012928,1.6391218337202849
2008-02-08,-0.0047842672401289905,1.6312985660526076
2008-02-11,0.003435848390018555,1.6369131004255395
2008-02-12,0.010106701611581595,1.6535407766401236
2008-02-13,0.014303752282094226,1.6773625787204216
2008-02-14,-0.013440863343255758,1.6549682144577869
2008-02-15,-0.0018150837281950857,1.6519670331027225
2008-02-19,-0.005145884036015666,1.643488036994808
2008-02-20,0.004502977628145278,1.6509053142410497
2008-02-21,-0.0075978885100396465,1.6384094509242544
2008-02-22,0.004570359694795492,1.6459147092431246
2008-02-25,0.009110457175339698,1.6609782584359163
2008-02-26,0.007152971231206196,1.6729017816043907
2008-02-27,0.004230551600525411,1.6799940704832232
2008-02-28,-0.006634106851705139,1.668885698115223
2008-02-29,-0.025597221138658626,1.6267089682723868
2008-03-03,-0.0018316214678446695,1.6237321802108429
2008-03-04,-0.00389817054087624,1.617414916145631
2008-03-05,0.0038890412364151468,1.6237173567330707
2008-03-06,-0.02026160958540314,1.5911492845367263
2008-03-07,-0.0059698280737062095,1.5816786938941156
2008-03-10,-0.01220475056463395,1.5624920223951078
2008-03-11,0.042169147648332794,1.6297899550725625
2008-03-12,-0.006374660139201243,1.6194336420686943
2008-03-13,0.0021856955489519656,1.622977102023642
2008-03-14,-0.020094046661571927,1.5906903960546035
2008-03-17,0.004398324141003273,1.5977021767628925
2008-03-18,0.03950093518307264,1.6620759488788188
2008-03-19,-0.02210644611220507,1.6257365043630654
2008-03-20,0.029458481780131416,1.674340620444625
2008-03-24,0.014050667214835614,1.6980322753175756
2008-03-25,-0.004795819108948916,1.6899083157750387
2008-03-26,-0.008632831029407097,1.6753824128751365
2008-03-27,-0.012339429366468164,1.6548361750542595
2008-03-28,-0.006952220359749993,1.6433712886922012
2008-03-31,0.007785461336803441,1.6562156269937545
2008-04-01,0.038135031014217245,1.720595218171801
2008-04-02,-0.0029311545586817467,1.7155592718285486
2008-04-03,-0.00012415550089280491,1.7153462889296163
2008-04-04,-0.0010712411533996037,1.7135097232705714
2008-04-07,0.002784392858501533,1.718287455962662
2008-04-08,-0.006947003762739303,1.7063918737088422
2008-04-09,-0.004946156459767734,1.697972631129684
2008-04-10,0.004843171800840928,1.7062161505722817
2008-04-11,-0.025308663544706653,1.6635759592082713
2008-04-14,-0.004341777289754816,1.656368740280485
2008-04-15,0.005907042722595743,1.6661819361428667
2008-04-16,0.021811395829814298,1.7029229193651754
2008-04-17,0.0006511417516714285,1.704032124663602
2008-04-18,0.021050826814245166,1.7402836332303249
2008-04-21,0.00011705760524327022,1.7404873585884435
2008-04-22,-0.0025721390378674216,1.736016335619848
2008-04-23,0.0046048420960346425,1.744028850746499
2008-04-24,0.008238398484213498,1.7584562029250115
2008-04-25,-0.0016573379641185403,1.7555442604046445
2008-04-28,-0.0031842205186863193,1.749963110870361
2008-04-29,0.0005315116648878548,1.75089348390707
2008-04-30,0.00046845007301640144,1.7517138822302747
2008-05-01,0.015062645636972195,1.7782990465077952
2008-05-02,0.0008872089455235389,1.7798774694216009
2008-05-05,-0.005963144734872392,1.7692953850688242
2008-05-06,0.003179774054572436,1.774930298757448
2008-05-07,-0.017622912866431646,1.7439248622462469
2008-05-08,0.0022961302172913685,1.7479337415122407
2008-05-09,-0.008846490191497245,1.732538858553774
2008-05-12,0.008626931614705933,1.7475500097949652
2008-05-13,-0.0027367840028268637,1.7427738814808955
2008-05-14,0.00349122802901681,1.748868935925734
2008-05-15,0.011132538872395438,1.7684470622656512
2008-05-16,-0.0012338727768434472,1.7662663692037996
2008-05-19,0.00016847640636498946,1.766563968482891
2008-05-20,-0.013795076908640777,1.7423614046081273
2008-05-21,-0.018064377033121796,1.7111693123417164
2008-05-22,0.004013779183318399,1.718051370398006
2008-05-23,-0.012253188399492423,1.6971282127567686
2008-05-27,0.006685734215175457,1.7085127755904108
2008-05-28,0.0013700982277598907,1.7108552102326995
2008-05-29,0.006955487671369356,1.7227965232405045
2008-05-30,-0.00038838284464385523,1.7221275485436227
2008-06-02,-0.011286137859855466,1.7028006478012312
2008-06-03,-0.007843627941674265,1.6894967566545183
2008-06-04,-0.0005279496549545864,1.688605022840788
2008-06-05,0.021912324856318714,1.726014653807718
2008-06-06,-0.030544122709050995,1.6740920522555283
2008-06-09,-0.0008863383952501611,1.672608897577996
2008-06-10,0.001816432509470438,1.6756498397521846
2008-06-11,-0.017225237950739238,1.6470335413703012
2008-06-12,0.0035869206547281683,1.6529519280450802
2008-06-13,0.013457040581830495,1.6753461109854253
2008-06-16,-0.001408003351253268,1.6729888779320974
2008-06-17,-0.006101559337284391,1.6628121156547857
2008-06-18,-0.013073551211005506,1.641214741111215
2008-06-19,-0.00043527178710117074,1.6405005220888063
2008-06-20,-0.02099075739314113,1.6064240700929724
2008-06-23,-8.115334559056681e-05,1.6062937086949505
2008-06-24,0.00125203967556873,1.6083061116901622
2008-06-25,0.010346093405975273,1.6250321724420422
2008-06-26,-0.03192560320080117,1.5739714491826586
2008-06-27,-0.008239809840910594,1.5610555092674345
2008-06-30,0.001629611291304688,1.5636014968733312
2008-07-01,0.0049693992491601155,1.5713909955121363
2008-07-02,-0.012822194016815799,1.5513709400972355
2008-07-03,0.006517136832494355,1.5615144542244104
2008-07-07,-0.005526998441530257,1.5529077727365943
2008-07-08,0.017768592544582126,1.5807473608965832
2008-07-09,-0.02592153741739226,1.540298472582907
2008-07-10,0.0100111093243781,1.5557960133384268
2008-07-11,-0.012907359254982508,1.535843837221145
2008-07-14,-0.008621068364470219,1.5226601329652265
2008-07-15,-0.010874354292832721,1.5061918902473965
2008-07-16,0.02490734485951471,1.5441782368018908
2008-07-17,0.01597253687297067,1.5690407104381527
2008-07-18,-0.004021339749425112,1.5627437342868395
2008-07-21,-0.0006042148207056304,1.5617997865639384
2008-07-22,0.016393813312654947,1.5876146646844864
2008-07-23,0.010129336263642754,1.6037778705540164
2008-07-24,-0.026119262985817727,1.5624307039557066
2008-07-25,0.00524941248850458,1.5706541123529387
2008-07-28,-0.025733849710457855,1.5307507708533272
2008-07-29,0.02405616178707191,1.5680212540916272
2008-07-30,0.017309489416792518,1.5953991666647636
2008-07-31,-0.01577920108435786,1.5704226156409313
2008-08-01,-0.00358868956921784,1.564796956790129
2008-08-04,-0.005819866332971946,1.5557164968252106
2008-08-05,0.030268121804947364,1.6035250000841252
2008-08-06,0.005795484725603779,1.6128451861402917
2008-08-07,-0.019302132949431634,1.5820123608591543
2008-08-08,0.023905746376928667,1.6202872188731852
2008-08-11,0.006505100361793444,1.6308617066094522
2008-08-12,-0.011482348479122205,1.6122426837943193
2008-08-13,-0.007115195301278191,1.6008119763083761
2008-08-14,0.005683506892641131,1.6099361061762296
2008-08-15,0.004722025604311121,1.6175562427717776
2008-08-18,-0.014267371599234809,1.5946418197671375
2008-08-19,-0.009487182720437748,1.5795846992128875
2008-08-20,0.005637634806653994,1.588514970043563
2008-08-21,0.0008952458881137852,1.5899377182984407
2008-08-22,0.015540804630496905,1.6148396264143035
2008-08-25,-0.021044560229886017,1.5812111262220034
2008-08-26,0.001665386166268149,1.5838466473286215
2008-08-27,0.007202293219716416,1.5952951535581295
2008-08-28,0.01564728170026294,1.6204535028031009
2008-08-29,-0.016575608984082207,1.5938148847346119
2008-09-02,-0.0024579148995176846,1.5899022338336288
2008-09-03,0.002977798048708251,1.594643697660384
2008-09-04,-0.029757065998000792,1.5478908436409171
2008-09-05,0.003427473472982972,1.5532053008244153
2008-09-08,0.023887000325395147,1.590753386559292
2008-09-09,-0.027909907360001245,1.5469694518239123
2008-09-10,0.004453370643050545,1.553874043107145
2008-09-11,0.01304011853235454,1.57426943496744
2008-09-12,-0.0029971091937589867,1.5695582410782933
2008-09-15,-0.05596513726729828,1.4841304829412378
2008-09-16,0.015737784687508628,1.5076721700370515
2008-09-17,-0.04688596034928631,1.4386150669355537
2008-09-18,0.04430725253037518,1.5037893325271983
2008-09-19,0.04090451297025368,1.5665764875125583
2008-09-22,-0.03239101633526783,1.5166464899759988
2008-09-23,-0.012726517015804703,1.4974671644835083
2008-09-24,0.0012449881585685414,1.4993326543865966
2008-09-25,0.026958724456974992,1.54030251661381
2008-09-26,0.012318339110997053,1.5593938305753006
2008-09-29,-0.08738746086509679,1.4289068548020845
2008-09-30,0.059981166245507936,1.5172369445008265
2008-10-01,0.009774872413059575,1.5321404633847417
2008-10-02,-0.023767749422898415,1.4961542820914289
2008-10-03,-0.018741478992061612,1.4683752611080292
2008-10-06,-0.031143237936206252,1.423350055426718
2008-10-07,-0.06651374304496022,1.3317575606150354
2008-10-08,-0.012103556313002119,1.3157357142391133
2008-10-09,-0.07799256590870723,1.2170177777916709
2008-10-10,-0.007417730341708611,1.2080236672781732
2008-10-13,0.10628598251666953,1.3434913007066664
2008-10-14,-0.0010651496575794404,1.3420610432620956
2008-10-15,-0.08494513801453552,1.2327671848530666
2008-10-16,0.0527672182447515,1.2995637153040145
2008-10-17,-0.015059205781040268,1.2801399382923153
2008-10-20,0.0455223931689469,1.3397617396413335
2008-10-21,-0.03319121318634133,1.296023303325245
2008-10-22,-0.05670576949608979,1.2245761807470201
2008-10-23,0.025409746271444714,1.2560910475478804
2008-10-24,-0.03525939608792366,1.2125737411417563
2008-10-27,-0.02406583372463475,1.1837404828941243
2008-10-28,0.10605391709829991,1.3161795276559973
2008-10-29,-0.018866414069345156,1.2915807150306369
2008-10-30,0.016093455601876125,1.3125348720647692
2008-10-31,0.007972351321168386,1.3230406835518898
2008-11-03,-0.00022323700769965492,1.3227453648728842
2008-11-04,0.037145810523200345,1.3728037881205293
2008-11-05,-0.057369129192694934,1.2962637395518917
2008-11-06,-0.04338968587532633,1.2412220197032393
2008-11-07,0.029763713325003043,1.2787206774898205
2008-11-10,-0.007892296219808966,1.268668355251561
2008-11-11,-0.015754624404720693,1.248837585165862
2008-11-12,-0.04992439334542739,1.1880208763207096
2008-11-13,0.0634175159655807,1.2658025012904834
2008-11-14,-0.03871172047260125,1.2177374514371375
2008-11-17,-0.024209116846678837,1.1886110874818445
2008-11-18,0.015093043021228417,1.2066869122229231
2008-11-19,-0.059097156972648696,1.1374414046737853
2008-11-20,-0.06406408833904122,1.0668573489507716
2008-11-21,0.06096352730946048,1.1339201599191036
2008-11-24,0.05532731160451041,1.1984248969414117
2008-11-25,0.0042609729216749785,1.2035422476799014
2008-11-26,0.03143070384044838,1.24197118837749
2008-11-28,0.007610496356269389,1.2514592642692672
2008-12-01,-0.08508919923022387,1.1493781794378386
2008-12-02,0.04157448538313139,1.1981702099071667
2008-12-03,0.027129940095875958,1.231121457536281
2008-12-04,-0.028120965261690493,1.196983381261882
2008-12-05,0.030211063710755052,1.2336973135438896
2008-12-08,0.041616632270803464,1.2861229641809768
2008-12-09,-0.02489427089179686,1.254501105324509
2008-12-10,0.0012564703287289548,1.2560783394071193
2008-12-11,-0.02262880581532664,1.2279739699916004
2008-12-12,0.008973848646968055,1.2390432151222184
2008-12-15,-0.012716289485748175,1.2233869387576306
2008-12-16,0.041668209456766296,1.275440234586674
2008-12-17,-0.019588354990922877,1.2506995641053427
2008-12-18,-0.02685764074323812,1.2175557984930592
2008-12-19,-0.005725640822901042,1.2106044308168438
2008-12-22,-0.007744059308751274,1.2012656450315466
2008-12-23,-0.007894244421572754,1.1918198930062216
2008-12-24,0.006652582231311104,1.1997750045271407
2008-12-26,0.0039516787960078344,1.2045255100265404
2008-12-29,-0.001866854375822202,1.2022789339749944
2008-12-30,0.015634763081373584,1.2212239951181816
2008-12-31,0.011716350355458103,1.2356164320839127
2009-01-02,0.025226254945558507,1.267182884946804
2009-01-05,-0.012374679728601134,1.2515985271784908
2009-01-06,-4.888961170168373e-05,1.251537338508248
2009-01-07,-0.0280746574054279,1.216889495379007
2009-01-08,-0.002968471187345042,1.213282550178888
2009-01-09,-0.017722957614645554,1.1919690222281278
2009-01-12,-0.014017802689488571,1.1753768006020877
2009-01-13,0.008038677389008809,1.1848633540989006
2009-01-14,-0.030493019908918232,1.1492785929236335
2009-01-15,-0.0031067571456194665,1.145713604087452
2009-01-16,0.006309175335145097,1.152964963093429
2009-01-20,-0.04193735474806184,1.1056125203746412
2009-01-21,0.03563509717895415,1.1457215298935255
2009-01-22,-0.01641540784014908,1.1270675687803804
2009-01-23,0.0018753103958039855,1.1291831533777767
2009-01-26,0.006750348920138081,1.136831318507323
2009-01-27,0.007296618227108932,1.1451566791790444
2009-01-28,0.023953480224791247,1.1729183337844762
2009-01-29,-0.029838824602483393,1.1384368314610795
2009-01-30,-0.02135881855807647,1.1143790037166388
2009-02-02,0.003912520298677411,1.118747574677609
2009-02-03,0.014764826909953094,1.1353882349032163
2009-02-04,-0.010310545046245293,1.1237419065329113
2009-02-05,0.016492091098586473,1.142428426781697
2009-02-06,0.029367764054108927,1.1764765061763789
2009-02-09,-0.0038172522697568364,1.1719941591304226
2009-02-10,-0.0460730128196938,1.1192218808833023
2009-02-11,0.007885809003808277,1.1280827424815154
2009-02-12,0.00382460993039305,1.132405480063971
2009-02-13,-0.012409567228740776,1.1184396522928273
2009-02-17,-0.0382311999221121,1.0764874142886445
2009-02-18,0.006750889588444636,1.0837792474526953
2009-02-19,-0.007623761270484803,1.0755481888799039
2009-02-20,-0.010483444847966553,1.0643316355467685
2009-02-23,-0.03233434016140387,1.030467610234059
2009-02-24,0.03097660275147485,1.0628875332463186
2009-02-25,-0.005816897261865813,1.0567227729359019
2009-02-26,-0.010255934732120782,1.0459404789090394
2009-02-27,-0.01974446093602056,1.0254914894402485
2009-03-02,-0.0386445266528243,0.9866178212042395
2009-03-03,-0.006871592183954547,0.9798614260771821
2009-03-04,0.01396995426151639,0.9936461068785616
2009-03-05,-0.03585779130428729,0.9586473904596903
2009-03-06,0.006636217895047172,0.965030339321951
2009-03-09,-0.013849011149895453,0.9517577417031643
2009-03-10,0.055438519688748134,1.0060117686952554
2009-03-11,0.0017464472975813722,1.0077702503308197
2009-03-12,0.03496129381896099,1.043626337612792
2009-03-13,0.007120831126243695,1.0510843466192323
2009-03-16,-0.005300242386060817,1.0455280825944737
2009-03-17,0.030326804488145117,1.0777212996982326
2009-03-18,0.013486985624780236,1.0923549716162622
2009-03-19,-0.01152722982199383,1.0798354411929953
2009-03-20,-0.015430651041333237,1.0633007757252377
2009-03-23,0.06301392396601983,1.1324596325425091
2009-03-24,-0.01708430059781165,1.1132766819924045
2009-03-25,0.009899623871624968,1.124352434848676
2009-03-26,0.017761868852822472,1.1445014476810778
2009-03-27,-0.018660094857162985,1.1233429656872478
2009-03-30,-0.02854255434608996,1.0917331464856987
2009-03-31,0.010192147885195462,1.1029171498581025
2009-04-01,0.022122700117054358,1.127588547987368
2009-04-02,0.01799575310733326,1.1480640364467738
2009-04-03,0.004891336686341486,1.1536933604224138
2009-04-06,-0.005573061314294791,1.1472816396385486
2009-04-07,-0.0208358776263102,1.12362433599734
2009-04-08,0.005729186200559492,1.1300802649885135
2009-04-09,0.025694670606848078,1.159493569498494
2009-04-13,-0.003822694129259128,1.1550696412868935
2009-04-14,-0.017726409921319703,1.1347748119962227
2009-04-15,0.010918088440195092,1.1472322657958371
2009-04-16,0.011607885869899004,1.1606267977009828
2009-04-17,-0.0009738096462811349,1.1594971182652885
2009-04-20,-0.03436928320116458,1.1203230813320404
2009-04-21,0.016451791806256763,1.1389068524310901
2009-04-22,-0.012748273690287307,1.1244799108549428
2009-04-23,0.009810419047368216,1.1355658197839948
2009-04-24,0.012483725378232202,1.1498307662062568
2009-04-27,-0.005896648010531568,1.1430705697436854
2009-04-28,0.0008374931955341375,1.1440282845517005
2009-04-29,0.016960249940055887,1.163596764279108
2009-04-30,-0.0057466193585043596,1.156929192934234
2009-05-01,0.004669758871623716,1.1623444073288738
2009-05-04,0.02299620163100147,1.189383621723022
2009-05-05,-0.00814539342992157,1.1797349735495646
2009-05-06,0.014063697004859044,1.1964436260808016
2009-05-07,-0.011214879701198372,1.1831006147281322
2009-05-08,0.017735447865845327,1.204270608754683
2009-05-11,-0.013645186633702632,1.187949715590364
2009-05-12,0.00967310321108621,1.199496633024993
2009-05-13,-0.01537583859465106,1.1811944328158996
2009-05-14,0.006962478526132121,1.1894471701042888
2009-05-15,-0.007298653116815573,1.1807974119988247
2009-05-18,0.024331103091228618,1.2098798851588932
2009-05-19,-0.0030935410814603714,1.2061428553384375
2009-05-20,-0.00559974259591066,1.1994076411472774
2009-05-21,-0.012789969202425224,1.184164938988512
2009-05-22,-0.002370845809188258,1.1813607919191753
2009-05-26,0.020874936942314962,1.2062808210459561
2009-05-27,-0.020701000643946418,1.1815662913137432
2009-05-28,0.016028638717254642,1.200657787119303
2009-05-29,0.011091605833396053,1.2140491385430714
2009-06-01,0.01776893914206005,1.235814303077295
2009-06-02,0.002105716741848421,1.238419319696091
2009-06-03,-0.0045023686040310444,1.2328560328144904
2009-06-04,0.008869734122685357,1.2438397774750052
2009-06-05,-0.0009644058295647333,1.242640789391042
2009-06-08,0.0005273570723229616,1.2432962776226706
2009-06-09,-0.0005312686174850214,1.2426359287549804
2009-06-10,-0.0019525846008624436,1.240211944263548
2009-06-11,0.005886429813774576,1.247533893756404
2009-06-12,0.0036461683677369875,1.252090915162524
2009-06-15,-0.019123280714784648,1.2283743214099272
2009-06-16,-0.010885786417158662,1.2150750189206703
2009-06-17,-0.0010152635092076036,1.2138420236064953
2009-06-18,0.006932670291428847,1.222286427454724
2009-06-19,0.0016697955875261974,1.2243291008869048
2009-06-22,-0.021734938009394775,1.1980054910709295
2009-06-23,0.002449818448684171,1.2009439849431887
2009-06-24,0.004224087683643601,1.2060276069123224
2009-06-25,0.017872918556653766,1.227776620322565
2009-06-26,-0.004069768153690365,1.222790008193724
2009-06-29,0.010452557834742061,1.2356383233734844
2009-06-30,-0.008664915574851984,1.2249778742656263
2009-07-01,0.0075739055269308,1.2342909646716755
2009-07-02,-0.02435248982112603,1.2045959478383195
2009-07-06,0.002237501236915712,1.2072942503634758
2009-07-07,-0.014896448711012351,1.1894431426408856
2009-07-08,-0.0005527733517680425,1.1887858318568703
2009-07-09,-0.0002919401428836546,1.1884388282058722
2009-07-10,-0.0064042969327000165,1.1808520330392271
2009-07-13,0.0232853363937907,1.2086712022490487
2009-07-14,0.003290251093327707,1.2126545835624922
2009-07-15,0.030679748408394252,1.2504351062034629
2009-07-16,0.005469925118715498,1.2572936333144378
2009-07-17,0.0024140507235262234,1.2603324703972838
2009-07-20,0.006164304993768955,1.268125538886704
2009-07-21,0.007134690658627566,1.2772055754315854
2009-07-22,-0.0037296354737680008,1.2724509362571161
2009-07-23,0.018991074153150527,1.2968470674893198
2009-07-24,-0.0005550803716345352,1.2961274128886942
2009-07-27,0.0007974510262964726,1.297161423255831
2009-07-28,-0.002587157926488038,1.293809799257493
2009-07-29,-0.0005957626343883283,1.2930392252854717
2009-07-30,0.007918680503260712,1.303319037345686
2009-07-31,-0.002467791970339392,1.3001066824326333
2009-08-03,0.009290625933416537,1.3122417712909802
2009-08-04,0.0019823227964568552,1.3148456380682287
2009-08-05,-0.005468108995953785,1.3076755401106035
2009-08-06,-0.007817944647074535,1.2974920639162917
2009-08-07,0.006894431597512795,1.3064684421558674
2009-08-10,-0.0011593503788525962,1.3049546651410278
2009-08-11,-0.012267340339471716,1.289044131628669
2009-08-12,0.010670958190814098,1.302873120721023
2009-08-13,0.003357289055177369,1.3072545932088793
2009-08-14,-0.003468451938603643,1.3027282976378098
2009-08-17,-0.018995564528348528,1.278215789729249
2009-08-18,0.0064151071417033086,1.2864420388938338
2009-08-19,0.008177496047507013,1.2970050441856966
2009-08-20,0.009716727298145328,1.3096691155287514
2009-08-21,0.01483842031850425,1.3292474327672072
2009-08-24,0.002668638724940816,1.3327994513604888
2009-08-25,-0.0001751118303404702,1.3325660828424748
2009-08-26,0.001932504297994991,1.335143762411142
2009-08-27,-0.0021238036501330403,1.3323111881955136
2009-08-28,-0.004136051461106761,1.3268120607354381
2009-08-31,-0.003077195045664396,1.322735476674561
2009-09-01,-0.01771063441582931,1.2995152218884125
2009-09-02,-0.002507426590264432,1.2962608646026552
2009-09-03,0.004872910079938809,1.3025928422854167
2009-09-04,0.010926628123184231,1.3169038329217888
2009-09-08,0.009378309800067243,1.329312259130306
2009-09-09,0.0033985942115452965,1.3338377378564847
2009-09-10,0.008207309298265901,1.3448300034836036
2009-09-11,-0.002541286330972553,1.3414167442497273
2009-09-14,0.0033824185299484847,1.34596165917098
2009-09-15,0.0008361870021022122,1.3470876055009438
2009-09-16,0.009846071418897573,1.3604166378927727
2009-09-17,-0.002644290186113088,1.3568240535393021
2009-09-18,0.005455495656951752,1.3642464292308207
2009-09-21,-0.0008474501830032467,1.363090788088019
2009-09-22,0.006390239196172138,1.3718291546602632
2009-09-23,-0.006851904273679635,1.3624616419122701
2009-09-24,-0.0024169788745000524,1.3591725773074526
2009-09-25,-0.00644105747386686,1.3504462023308927
2009-09-28,0.012237993897311892,1.367074495657439
2009-09-29,-0.004448349964925936,1.3610067755494697
2009-09-30,-0.0036082473519537697,1.3561047755882356
2009-10-01,-0.021501415778407654,1.327257839300569
2009-10-02,-0.0013738496139485696,1.3254356386318895
2009-10-05,0.010298985539083401,1.3391568169330546
2009-10-06,0.014723755578754986,1.3590201068562122
2009-10-07,0.0045788706275338206,1.3652571525211392
2009-10-08,0.003173066492443535,1.3695960844646642
2009-10-09,0.005781311892147509,1.3775370791607358
2009-10-12,0.006362253945013933,1.3863292592606216
2009-10-13,-0.0004693349971116285,1.3856787590849204
2009-10-14,0.013115881891646095,1.4039728674562122
2009-10-15,0.006873945078784405,1.4136569456179886
2009-10-16,-0.005744606526541957,1.4055593237962714
2009-10-19,0.00609958457500003,1.4141588518793156
2009-10-20,-0.004115333757048634,1.4083510748853991
2009-10-21,-0.007669472554685238,1.3975910794566038
2009-10-22,0.00720728492519316,1.407700302841584
2009-10-23,-0.005053569921573943,1.400604336016539
2009-10-26,-0.007187634629120773,1.390573396338891
2009-10-27,0.004408543479155214,1.3967173325718714
2009-10-28,-0.010002364494257518,1.3828164932418396
2009-10-29,0.014611692635536305,1.4031701211637222
2009-10-30,-0.02458675708891384,1.3690913778559395
2009-11-02,0.005736506973597951,1.3769677499248472
2009-11-03,-0.006170293308298713,1.3684976135180076
2009-11-04,0.0028072966765401884,1.372344789876387
2009-11-05,0.01736847869210716,1.3963885282719901
2009-11-06,0.0036870155767462203,1.401546537513929
2009-11-09,0.01650828614857327,1.424875701251314
2009-11-10,0.00107073950441164,1.4264021890430698
2009-11-11,0.0051008159530526,1.4336965919721532
2009-11-12,-0.00656599355313691,1.4243137868206563
2009-11-13,0.004126277986913789,1.430203043444701
2009-11-16,0.011116493301931514,1.446190584051674
2009-11-17,0.005066485706299344,1.4535362806946583
2009-11-18,0.0018934943073730616,1.4562911507099687
2009-11-19,-0.008959907812512236,1.4433011975454655
2009-11-20,-0.0030526155181530377,1.4389020717483965
2009-11-23,0.014815990671092369,1.4603795435493347
2009-11-24,-5.4528517962095236e-05,1.46029991338824
2009-11-25,0.0025424456040196524,1.4640173701969659
2009-11-27,-0.013955278405454888,1.4437284979061957
2009-11-30,0.0019970115063513544,1.44661452108017
2009-12-01,0.01385225301344636,1.4667928262752399
2009-12-02,-0.0017722013325356589,1.464195676090209
2009-12-03,-0.004501962254029092,1.4576187380954984
2009-12-04,0.003021792141241592,1.4620300205758663
2009-12-07,-0.0017789969623576085,1.4594313857774457
2009-12-08,-0.00977336286815993,1.4452373081815704
2009-12-09,0.001654784472844827,1.4476308442857282
2009-12-10,0.0038862984142332105,1.4532677159283147
2009-12-11,0.0011590118791354328,1.4549530469453142
2009-12-14,-0.0008746495261786317,1.4536810293180913
2009-12-15,-0.007143070214096395,1.443334281423982
2009-12-16,-0.001913100592547972,1.4405756773398626
2009-12-17,-0.010105386208559613,1.4260914115669574
2009-12-18,0.007010468307847031,1.4361241060658303
2009-12-21,0.007879987705424368,1.4474854512056874
2009-12-22,0.0027702812535494213,1.4515009524818365
2009-12-23,0.0005032186601915097,1.4522315586583243
2009-12-24,0.004857305629556538,1.459302650508143
2009-12-28,0.00326339683828016,1.4640727132343807
2009-12-29,-5.845128600704302e-05,1.4639871388024766
2009-12-30,-0.00024660087414913397,1.4636261628046323
2009-12-31,-0.009923194492058961,1.4491741394372415
2010-01-04,0.015397112835993723,1.471659900858836
2010-01-05,0.000891195518543557,1.472972022158769
2010-01-06,-0.003395197522375892,1.4679794713425998
2010-01-07,-0.000646423076397638,1.4670308421775706
2010-01-08,0.0011455801173165699,1.4687124065413093
2010-01-11,0.002034763948481556,1.4717039320888525
2010-01-12,-0.006386037411771484,1.4623355210692244
2010-01-13,0.007520871853519088,1.4733750204239988
2010-01-14,0.005593034503071486,1.4816387458577636
2010-01-15,-0.013327379863228883,1.46202338449529
2010-01-19,0.01186214763199913,1.479469390704956
2010-01-20,-0.010836474977074519,1.463523711192131
2010-01-21,-0.019510582143577922,1.4352462633490382
2010-01-22,-0.02407556989083504,1.401104531573783
2010-01-25,0.003411337415742664,1.4058923336468234
2010-01-26,-0.0030942021981062804,1.40154894162965
2010-01-27,0.006849150759200378,1.411181310746191
2010-01-28,-0.010289455585819668,1.3967354706922324
2010-01-29,-0.010048952790028457,1.3827700284427054
2010-02-01,0.01107722755122941,1.398172437196399
2010-02-02,0.0105605068286822,1.413016087047842
2010-02-03,-0.0026463704374870916,1.4092816665568106
2010-02-04,-0.02820483225424974,1.3700884310604104
2010-02-05,0.006068855248850991,1.3784285814112645
2010-02-08,-0.01001631023911356,1.3646907292476926
2010-02-09,0.010794768516192595,1.3795020483202167
2010-02-10,-0.0014756396866047311,1.377467901552927
2010-02-11,0.0062573024754241655,1.3861141577721983
2010-02-12,-0.0026061579910017767,1.3825064284817319
2010-02-16,0.017329528667064893,1.4066734096621092
2010-02-17,0.0024745994716999257,1.4101586734759672
2010-02-18,0.00589904854985493,1.41850185216753
2010-02-19,-0.0016518029304063836,1.416160700744034
2010-02-22,0.0011884633481169206,1.4178447563528758
2010-02-23,-0.011968665245431907,1.4009761955393567
2010-02-24,0.00985740285357957,1.414854471789721
2010-02-25,-0.003595735605490227,1.40977616478516
2010-02-26,0.0012261021160265215,1.411505754434013
2010-03-01,0.007380315328208562,1.4219616484264899
2010-03-02,-0.001657378249868701,1.4196068720348562
2010-03-03,-0.0002738296653247128,1.4192181947783045
2010-03-04,0.00438347040953066,1.425452950690506
2010-03-05,0.01142070138957318,1.441825940736641
2010-03-08,0.00038050215243772397,1.4423746629989123
2010-03-09,0.0018354441204907772,1.4450244921564248
2010-03-10,0.004226122682144119,1.4511442652866813
2010-03-11,0.004723895358300723,1.458015535749213
2010-03-12,-0.0019376195479999302,1.4551931915435201
2010-03-15,0.001652959849430168,1.4576005565530255
2010-03-16,0.005108822292688623,1.4650662329392752
2010-03-17,0.005347751573976141,1.472922029895768
2010-03-18,0.0002912932730763685,1.473351144670932
2010-03-19,-0.0044211181496896556,1.466851663258702
2010-03-22,0.0035352017620025353,1.472046456754585
2010-03-23,0.009268461605915497,1.485753486235025
2010-03-24,-0.004136007291284058,1.479621089543634
2010-03-25,0.0006694776319559928,1.4806119944241698
2010-03-26,2.5929866712087166e-05,1.4806503869935925
2010-03-29,0.0034579636881997057,1.4857792849274054
2010-03-30,0.0002829550780057995,1.4861997532048832
2010-03-31,-0.002685822813784195,1.4822134396641307
2010-04-01,0.003774229558142397,1.4878182236570388
2010-04-05,0.004182734141175746,1.4940544047888904
2010-04-06,0.0013121965341928315,1.4960161846396178
2010-04-07,-0.003663171880776466,1.4905460453659487
2010-04-08,0.0032598143697727695,1.4954128769574826
2010-04-09,0.007314425816764365,1.5063910641341465
2010-04-12,0.001399544195822192,1.5085008009952172
2010-04-13,0.001552991022844075,1.5108453092260303
2010-04-14,0.00968660637210749,1.5255513840150374
2010-04-15,0.001790640603303041,1.5282855454853859
2010-04-16,-0.015287080936106255,1.505100190381144
2010-04-19,0.005933481134129915,1.514057220872899
2010-04-20,0.0036000656799915903,1.519517749544655
2010-04-21,-0.0018532512338265978,1.5167043092116137
2010-04-22,-0.00019713259181537387,1.5164053468287042
2010-04-23,0.004584866169345849,1.5233738249651982
2010-04-26,-0.005645930283930838,1.5147971968580107
2010-04-27,-0.01721222247773555,1.488947275981232
2010-04-28,0.006071040055856623,1.4980142296053172
2010-04-29,0.008832564017633554,1.511304141787673
2010-04-30,-0.013139156204246962,1.4915767649456593
2010-05-03,0.01156995850849683,1.5089344665415236
2010-05-04,-0.019522394861277267,1.4797621354658839
2010-05-05,-0.0011177410794646846,1.4781090685617344
2010-05-06,-0.03402244779247475,1.4286660356594174
2010-05-07,-0.012570634367128929,1.410819205295619
2010-05-10,0.03704095515439678,1.4640572024606386
2010-05-11,-0.004488980909047161,1.4574998066528126
2010-05-12,0.012029632173526714,1.4751388762645072
2010-05-13,-0.010601579025881455,1.459582680712851
2010-05-14,-0.014928191378374568,1.437955579508893
2010-05-17,0.0015194809867132436,1.4401421865048656
2010-05-18,-0.011799594982655034,1.423248954637554
2010-05-19,-0.004421032474702391,1.4169706133909057
2010-05-20,-0.03713913188985795,1.3653107931295947
2010-05-21,0.010979846887767517,1.3803842975431868
2010-05-24,-0.01115711804226286,1.3650687843602725
2010-05-25,-0.0038152394138342314,1.359870642514777
2010-05-26,-0.010944729850375888,1.3450683768601364
2010-05-27,0.02982899421031021,1.3857948082139584
2010-05-28,-0.008793541499031977,1.3736621865954999
2010-06-01,-0.006638196878656277,1.3645737453612174
2010-06-02,0.020732632261213055,1.3931602639391292
2010-06-03,0.0036699025623249614,1.398282419518588
2010-06-04,-0.029924613829082472,1.3570592283041074
2010-06-07,-0.011313919196096122,1.341792098243793
2010-06-08,0.010323878581824441,1.3557163494141233
2010-06-09,-0.011223574138491439,1.3405854367504186
2010-06-10,0.022875456198402602,1.3716053852439904
2010-06-11,0.004246736338255346,1.3774426174956529
2010-06-14,-0.003204940549999693,1.3730350625440744
2010-06-15,0.019808761223833165,1.400504354360997
2010-06-16,0.0013188327085933294,1.4023526038100778
2010-06-17,0.0018782361880131336,1.4049890283578461
2010-06-18,0.0018187871456751816,1.4075467295944337
2010-06-21,-0.006356608900807287,1.3986278823682023
2010-06-22,-0.007745063176024022,1.3878372620181338
2010-06-23,-0.004305826851722164,1.3818743219760015
2010-06-24,-0.01392234012245613,1.3627687037217329
2010-06-25,-0.006727255126034534,1.3536317786453842
2010-06-28,0.0017721728882367368,1.3560327750461383
2010-06-29,-0.02643546151552225,1.3206550956835994
2010-06-30,-0.011522823504184907,1.3055247596132593
2010-07-01,-0.005615491219102287,1.29821414235376
2010-07-02,-0.0028229988668588674,1.2945544533803044
2010-07-06,0.009843622371304936,1.3073604840180844
2010-07-07,0.028824472132429838,1.3455928263236128
2010-07-08,0.0076158909773649565,1.3558798372435987
2010-07-09,0.004899746612213029,1.362539607151517
2010-07-12,0.00511621288550018,1.36952851296671
2010-07-13,0.010974693256086788,1.384641446518878
2010-07-14,0.0027181071706234303,1.3884101699401707
2010-07-15,0.00037435979263037865,1.3889300321851652
2010-07-16,-0.026845003938125996,1.3521402206865774
2010-07-19,0.0027902322675855224,1.355918274333097
2010-07-20,0.007615965990520964,1.366284325437608
2010-07-21,-0.010151462102210192,1.3524847035628869
2010-07-22,0.01874409132746926,1.3780748834645802
2010-07-23,0.005576532657835481,1.3857812304341317
2010-07-26,0.008057360793831571,1.3969920740433492
2010-07-27,0.005372857701017467,1.4045181137318996
2010-07-28,-0.005508205355388447,1.3968030072381155
2010-07-29,-0.004479526721152845,1.3905599841767724
2010-07-30,-0.0032849796556397434,1.3859995175398998
2010-08-02,0.022108882112025687,1.4169836678595626
2010-08-03,-0.0008369589688107923,1.4157982068304107
2010-08-04,0.0032834939276337864,1.420454612100988
2010-08-05,-0.002087097881641677,1.4174930758721307
2010-08-06,-0.0033590403118459004,1.412739647436851
2010-08-09,0.006529490790923162,1.421994299155944
2010-08-10,-0.006766194318839544,1.4124052865520371
2010-08-11,-0.0228326468902615,1.3805217137010992
2010-08-12,-0.0074157498774947315,1.3703219760664977
2010-08-13,-0.004382825930802856,1.3643292355384937
2010-08-16,0.001071691993949346,1.3657921600195415
2010-08-17,0.009616937228693143,1.3789902584125655
2010-08-18,0.00036695806658590424,1.37949638286918
2010-08-19,-0.015484592559806564,1.358299975830872
2010-08-20,-0.004619099421041472,1.3520403213118966
2010-08-23,-0.00022920727237438402,1.3517304593503725
2010-08-24,-0.012722445044008704,1.3346420763677183
2010-08-25,0.0031346986866265035,1.3388323413093839
2010-08-26,-0.009577393267556241,1.3260710250751506
2010-08-27,0.012378852517594737,1.342588284160176
2010-08-30,-0.013140915546065012,1.3250608603273055
2010-08-31,0.0008043824164218524,1.3261271447767793
2010-09-01,0.025314889290452162,1.3601264351008229
2010-09-02,0.004583804340460222,1.3663752994018925
2010-09-03,0.012064057493276565,1.382959162775686
2010-09-07,-0.008169347745953213,1.371707311178093
2010-09-08,0.00585949369015104,1.3797684154435392
2010-09-09,0.007381695145387623,1.3899911293171583
2010-09-10,0.004017867782760276,1.3955871644303743
2010-09-13,0.012884972162843587,1.413685614814426
2010-09-14,0.00011285810059034344,1.4138451696911065
2010-09-15,0.0043959121403985965,1.420073989478963
2010-09-16,0.002662804951348166,1.42386040853983
2010-09-17,0.0011672209176957198,1.4255233385070791
2010-09-20,0.013912943101423703,1.4454951749562517
2010-09-21,-0.0020047882805876364,1.4426001660794168
2010-09-22,-0.0010895486411873125,1.4410292389848351
2010-09-23,-0.00717858069129175,1.4307217352019244
2010-09-24,0.01418562144670267,1.4511620486383647
2010-09-27,-0.003591853120813333,1.4459590375248565
2010-09-28,0.0009117434124796373,1.4472779823302868
2010-09-29,-0.004374379122167893,1.440960866543379
2010-09-30,-0.004046796415094387,1.4351413743663368
2010-10-01,0.005274836567993209,1.4427315113351775
2010-10-04,-0.006424303900678872,1.433492673983865
2010-10-05,0.01964580282097941,1.4619332425717266
2010-10-06,0.0037147505838133633,1.467374059320009
2010-10-07,-0.0023670121910755806,1.463904874453913
2010-10-08,0.004520888085565557,1.4705380070868144
2010-10-11,0.0016020152867407451,1.4728957194953143
2010-10-12,0.003893854016901339,1.478642141011751
2010-10-13,0.00383237533388033,1.4843197250481732
2010-10-14,-0.00455162719512494,1.4775790072760044
2010-10-15,0.005250174769652428,1.4853569552270638
2010-10-18,0.012504724981629021,1.504047552289196
2010-10-19,-0.016293563692380948,1.479739825215261
2010-10-20,0.009740309673929892,1.4942233719562115
2010-10-21,0.0015719980503539255,1.496574135397397
2010-10-22,-0.00028155267413537574,1.496152830260111
2010-10-25,-0.001085967437137268,1.494528938911622
2010-10-26,0.0028381469261954152,1.4987766565978438
2010-10-27,-0.002215013467502589,1.4954605201180082
2010-10-28,0.003867964199987427,1.5012561092121663
2010-10-29,-0.001505864221412492,1.4989971226405325
2010-11-01,0.002869801352126141,1.5033051252090786
2010-11-02,0.006197133070607119,1.5126502336482033
2010-11-03,0.005245019568655495,1.5206049568272408
2010-11-04,0.016969007654328114,1.546628284560186
2010-11-05,0.0028184584672538713,1.5509935409016544
2010-11-08,-0.0010588346160145738,1.5493521643778232
2010-11-09,-0.004251532397313325,1.5427790263119183
2010-11-10,0.0023727994543215566,1.5464440780404867
2010-11-11,-0.008746515591421746,1.5329770613900395
2010-11-12,-0.011078589176493545,1.516087566939303
2010-11-15,-0.0019595168515630684,1.5131196765686898
2010-11-16,-0.014826174840501924,1.4908513843939502
2010-11-17,-0.00301256992410253,1.4863668487322927
2010-11-18,0.015359617445050187,1.5093731062720328
2010-11-19,-0.0006105763548764104,1.5084518000351808
2010-11-22,-0.0025767998765577537,1.5045698253070496
2010-11-23,-0.015359305547704807,1.4816372427439721
2010-11-24,0.011991361646434523,1.499511042170611
2010-11-26,-0.007973634197233395,1.4876020317885401
2010-11-29,-3.663882042154678e-05,1.4875475288033073
2010-11-30,-0.009268215877061465,1.4738243102898567
2010-12-01,0.01913035232222717,1.5022905046268673
2010-12-02,0.011572146205367718,1.519776208417627
2010-12-03,0.0018919187754434057,1.5226542231874405
2010-12-06,-0.0005663950541354784,1.5217920435564571
2010-12-07,0.0012857429573944527,1.5237499353621575
2010-12-08,0.007448118523629417,1.5351413752170797
2010-12-09,0.004732987949698918,1.542424402491538
2010-12-10,0.005539941730338782,1.5509930568126131
2010-12-13,0.0010816661166913925,1.5526716211087925
2010-12-14,0.001391211816370379,1.5548332194869825
2010-12-15,-0.0023681880367706107,1.5511554386145976
2010-12-16,0.004823752985837679,1.5586559049477788
2010-12-17,0.00010805972540618205,1.558824341977336
2010-12-20,0.0007712033691666806,1.5600269762399996
2010-12-21,0.006274275277624649,1.5698457856750798
2010-12-22,0.004163990937157448,1.5763962378463465
2010-12-23,0.000615840320625401,1.5773673452037358
2010-12-27,-0.00015521717397214377,1.5771225297023739
2010-12-28,0.0022193472595870706,1.5806265992019475
2010-12-29,-0.00012225789214984406,1.5804333669379784
2010-12-30,-0.0020859918753660103,1.5771400319042577
2010-12-31,-7.6076013058483e-05,1.5770200539423758
2011-01-03,0.012410192864710123,1.596713121598973
2011-01-04,0.0032204364471937613,1.6018635235512406
2011-01-05,0.002691972953144569,1.60618150616988
2011-01-06,0.0004403113020398739,1.6068888817614795
2011-01-07,-0.003094539625199484,1.6019239864382908
2011-01-10,-0.0024992034483083364,1.597925451145296
2011-01-11,0.0027211119908611705,1.6022795065004123
2011-01-12,0.0112904744567334,1.6204725129161188
2011-01-13,-0.0011395786446016948,1.618626908851456
2011-01-14,0.008684584187040606,1.6327452276369439
2011-01-18,-0.001680268936757955,1.6300040801267361
2011-01-19,-0.005646388257789879,1.6208263790437532
2011-01-20,0.0008147567940944534,1.6221474964697429
2011-01-21,0.0020759434482006895,1.6255184807127647
2011-01-24,0.007012293633645665,1.6369571523966784
2011-01-25,0.0023406194997068358,1.6407931337628707
2011-01-26,0.0014398543146021616,1.6431573384826201
2011-01-27,0.00037069805207691465,1.6437665666201169
2011-01-28,-0.016642578846972105,1.616636435795231
2011-01-31,0.006143975535983989,1.6265995858413187
2011-02-01,0.02017204452996065,1.6597446025800375
2011-02-02,-0.004597447606633765,1.6521315274956865
2011-02-03,0.0012174305446509199,1.6541441077207837
2011-02-04,6.989284484807416e-05,1.6542597245986101
2011-02-07,0.009110667693847531,1.6693999995100275
2011-02-08,0.003952930517595812,1.6760120816549697
2011-02-09,-0.004733103525049732,1.6680980866164512
2011-02-10,-0.0006865375675070149,1.6669532676392864
2011-02-11,0.004158616572190607,1.6738999213464363
2011-02-14,0.0039012539258806832,1.6804429847633773
2011-02-15,-0.0054412274298077596,1.6713241436430868
2011-02-16,0.0038901299458356207,1.6778384743247297
2011-02-17,0.001706346822371909,1.6807038926773468
2011-02-18,0.0012322297970191781,1.6827761826003536
2011-02-22,-0.019341301724168442,1.6505418327237167
2011-02-23,0.00038079876292027124,1.6511704766975932
2011-02-24,-0.0023650102518169556,1.647270055678564
2011-02-25,0.006496569134600475,1.6580064967331236
2011-02-28,0.006113966696727198,1.6681745451177545
2011-03-01,-0.013663054603702166,1.64553718512116
2011-03-02,0.0010748390384009757,1.6473068235947574
2011-03-03,0.014735788209979665,1.6717609207601258
2011-03-04,-0.008812925679969646,1.6570925465945403
2011-03-07,-0.007479727044698099,1.644744185414139
2011-03-08,0.010588867239868629,1.6622526972974323
2011-03-09,5.128864615911322e-05,1.6623379541741872
2011-03-10,-0.01975741175855825,1.629816783703724
2011-03-11,0.0054046121146958045,1.6386491575155804
2011-03-14,-0.004084384963034661,1.6319699330841946
2011-03-15,-0.012265221430666549,1.6120757133909658
2011-03-16,-0.02438130078312634,1.5732464875317236
2011-03-17,0.013725993863971537,1.5949897416793186
2011-03-18,0.004628998436958792,1.6023900615207376
2011-03-21,0.013662306743504193,1.6244326394256456
2011-03-22,-0.002553989791291813,1.6202891485169373
2011-03-23,0.000982278735732781,1.6218815060346936
2011-03-24,0.0075866284266245644,1.6342329118940326
2011-03-25,0.004769371836239272,1.642045792774991
2011-03-28,-0.00300866868127435,1.6371128455480863
2011-03-29,0.0050416227491847316,1.645387391957058
2011-03-30,0.005777805457554853,1.654921637193691
2011-03-31,-0.00409994135937945,1.6481504457557796
2011-04-01,0.004268062061958363,1.6551998871711844
2011-04-04,0.0007833977555288216,1.6564970750884556
2011-04-05,-0.0015085296960533946,1.6540000839254447
2011-04-06,0.0042338186423901865,1.6610176654163153
2011-04-07,0.0008515826696699322,1.6624327617244272
2011-04-08,-0.003338986387537131,1.6568911781474116
2011-04-11,-0.0017998759334950285,1.6539116617757077
2011-04-12,-0.007361755567463038,1.641780675855074
2011-04-13,-0.0014426854530438518,1.6394138104885674
2011-04-14,-0.0016644440405555018,1.6366873675769622
2011-04-15,-0.0020762291381370905,1.6332927547908052
2011-04-18,-0.008176337659414263,1.6199928480892252
2011-04-19,0.007357056376647153,1.631955176608728
2011-04-20,0.010093711328526015,1.6485110757322834
2011-04-21,0.0026636405179033045,1.6529079699008902
2011-04-25,0.0011427064295869238,1.6547978380422037
2011-04-26,0.00749917781425333,1.6672541087950499
2011-04-27,0.007718990370974802,1.6801734250985105
2011-04-28,0.0020668963238591803,1.6836497607493883
2011-04-29,0.0018496356061850254,1.686766781082462
2011-05-02,-0.004112743614958937,1.6798437877802275
2011-05-03,0.0011754008425276055,1.6818194384469705
2011-05-04,-0.004605150627030671,1.6740922127807154
2011-05-05,-0.013536691764315817,1.6515832347747008
2011-05-06,0.0016956863085307871,1.6543861776376048
2011-05-09,0.0011093462784707974,1.656222483147942
2011-05-10,0.00603881080588985,1.6662543571845934
2011-05-11,-0.00927144439069672,1.650877167103931
2011-05-12,0.005368613779285922,1.6597639224452376
2011-05-13,-0.00953463499481515,1.6440138840194516
2011-05-16,-0.007882692006611288,1.6311055718816545
2011-05-17,0.004358263223667851,1.638229872822048
2011-05-18,0.0056324679423437485,1.6474831850920724
2011-05-19,0.0018034791141622272,1.6504570674686414
2011-05-20,-0.010068191434164485,1.6339233218838172
2011-05-23,-0.01078066561938541,1.6164031501459737
2011-05-24,-0.0006085233856392819,1.6154198302454101
2011-05-25,0.0024431625450809604,1.6193713886534102
2011-05-26,0.002287746553474604,1.6230803409203258
2011-05-27,0.00457434828015229,1.6305218828125674
2011-05-31,0.012697622615486362,1.651357636672219
2011-06-01,-0.020412057967348744,1.6179917208616958
2011-06-02,-0.003404381767126891,1.6124928248294592
2011-06-03,-0.00697947434960162,1.6012776560381623
2011-06-06,-0.009788666631997754,1.5856797487815675
2011-06-07,-0.00517646829002514,1.5774927360312818
2011-06-08,-0.001842840312658446,1.5745883458100463
2011-06-09,0.006151067275441168,1.584303593595757
2011-06-10,-0.011125290019778888,1.5667754403229186
2011-06-13,0.004849525353290156,1.574392010992824
2011-06-14,0.008262227323716105,1.5874538814508092
2011-06-15,-0.017640506982928607,1.5596959420550862
2011-06-16,0.003766624846976441,1.565581809512673
2011-06-17,0.001706372226028496,1.5682555553840847
2011-06-20,0.002356923331154493,1.5719561728144584
2011-06-21,0.012021650457199112,1.590967726623285
2011-06-22,-0.00639660259198992,1.5808234174855889
2011-06-23,-0.003295401826199145,1.5756225433005009
2011-06-24,-0.013880082475582452,1.553903849764388
2011-06-27,0.01173769534220721,1.5722505631698334
2011-06-28,0.01147420457180999,1.5903947839523853
2011-06-29,0.0068027511076056485,1.6012507271047094
2011-06-30,0.00945987565787375,1.6164702337018446
2011-07-01,0.013280645976645154,1.6380811886925621
2011-07-05,0.0007583430190511982,1.6393238872629843
2011-07-06,0.0012880686532117395,1.6414368094769314
2011-07-07,0.010656050402159703,1.659021568492333
2011-07-08,-0.005232335288180731,1.6503636816316072
2011-07-11,-0.014215387023322092,1.6270690862864545
2011-07-12,-0.0032622664861140147,1.6217698018743891
2011-07-13,0.005192438019185329,1.6302126415436209
2011-07-14,-0.004519214340156037,1.622861983306896
2011-07-15,0.008313799207523438,1.6364103732365656
2011-07-18,-0.003651481064571959,1.6304459478651039
2011-07-19,0.018013461078206613,1.6600820454648528
2011-07-20,0.0003721038959872454,1.6606998834044522
2011-07-21,0.013005848796486755,1.6824397613222384
2011-07-22,0.003185310521929118,1.6878073986538977
2011-07-25,-0.00531190017980001,1.6788657039494805
2011-07-26,-0.0016772522248877748,1.6760521828640709
2011-07-27,-0.018118310189125117,1.6459583970389717
2011-07-28,-0.002968152126450143,1.6410801853413541
2011-07-29,-0.008130045184127745,1.6277922183615792
2011-08-01,0.0010833821633952992,1.6295566950453662
2011-08-02,-0.021155683141277488,1.595444416495472
2011-08-03,0.005636414353799773,1.6044623929568274
2011-08-04,-0.042819837188377806,1.5372097242271492
2011-08-05,-0.0004073493886325822,1.5365836703057831
2011-08-08,-0.06142558925880096,1.4450385031327657
2011-08-09,0.04630311956264223,1.51352154794223
2011-08-10,-0.046863352300334164,1.444229171984156
2011-08-11,0.04091926347527106,1.5045517265404649
2011-08-12,0.0017207212319319493,1.5071428693187208
2011-08-15,0.021115894741808618,1.539305920241462
2011-08-16,-0.008296587013920807,1.526587766321148
2011-08-17,0.00311349483585311,1.5313481963897089
2011-08-18,-0.038100326008017306,1.4741008276044347
2011-08-19,-0.016061308957084557,1.4506139586063647
2011-08-22,-0.00048277866048344317,1.4499138021664433
2011-08-23,0.0335556804692132,1.4993921435635407
2011-08-24,0.011538732598840471,1.5167934298935906
2011-08-25,-0.010760448131695211,1.5005595514078043
2011-08-26,0.012505113942008926,1.5194420373276196
2011-08-29,0.02467209127568716,1.5573961281168458
2011-08-30,-0.0009238331026842281,1.5559580184086577
2011-08-31,0.0022608782447915655,1.5594798297354269
2011-09-01,-0.012096052600169457,1.5407299083187689
2011-09-02,-0.022756735188033454,1.5060638648111202
2011-09-06,-0.00788467597923946,1.494235731011935
2011-09-07,0.024866729185341024,1.5318583230234022
2011-09-08,-0.009501761778766396,1.5173719024082737
2011-09-09,-0.024126003647345393,1.4812018561140905
2011-09-12,0.009169212127831308,1.4948457664993366
2011-09-13,0.005341867980336746,1.5028524013887437
2011-09-14,0.01180000806805099,1.5206911133343377
2011-09-15,0.017232998568390015,1.5471242883817609
2011-09-16,0.007452495140454243,1.5586972949468203
2011-09-19,-0.006391700253675447,1.5487663407024588
2011-09-20,-2.599273372223032e-05,1.548726084554553
2011-09-21,-0.0223694033176721,1.514466616648011
2011-09-22,-0.0294446024832938,1.4705238623741836
2011-09-23,0.006704400174531239,1.4804159660713097
2011-09-26,0.02550710095752012,1.518662794805974
2011-09-27,0.008467049548412526,1.5315759790760266
2011-09-28,-0.01414773747513804,1.5100602028568102
2011-09-29,0.01213221919350484,1.5284921684727633
2011-09-30,-0.021982802732801766,1.4952582522953177
2011-10-03,-0.024396545759860562,1.459220501665555
2011-10-04,0.01860127515854767,1.4866178869144835
2011-10-05,0.01382708496369146,1.5073162479712465
2011-10-06,0.011980653899356772,1.5254834926866343
2011-10-07,-0.0064753116618471345,1.515637424220967
2011-10-10,0.033910472076651516,1.5679147700429161
2011-10-11,0.002023207140170133,1.5710901975915075
2011-10-12,0.00994683670107428,1.5867955550527248
2011-10-13,-0.003565620286065274,1.5811477196337764
2011-10-14,0.017598249921239442,1.609219434415825
2011-10-17,-0.01674424119312161,1.5824986103409109
2011-10-18,0.017154661095814663,1.6098800256501322
2011-10-19,-0.012615237448663568,1.5896985714273342
2011-10-20,0.003185238872145305,1.5947702140206392
2011-10-21,0.012176667590559683,1.6143079114174927
2011-10-24,0.009477234465901482,1.6296798124935876
2011-10-25,-0.016171026024284406,1.603538156208866
2011-10-26,0.01127357555603818,1.6217180484189806
2011-10-27,0.025609529386516453,1.6637858536348833
2011-10-28,-0.0013301288099161718,1.6615742753055265
2011-10-31,-0.02452444748359958,1.6213207001136656
2011-11-01,-0.026364987923266768,1.5791331798940311
2011-11-02,0.013249551146471718,1.6001952088228049
2011-11-03,0.01727264511978315,1.6280748976305894
2011-11-04,-0.00912160544604569,1.6132917662245398
2011-11-07,0.008162164128552266,1.6265136044102086
2011-11-08,0.013993105681208384,1.6494335679148422
2011-11-09,-0.03500425699789793,1.5926952068210354
2011-11-10,0.0037504176107033913,1.5986796941218304
2011-11-11,0.015397680668130192,1.6234861443334292
2011-11-14,-0.009219982242168587,1.6085864240400862
2011-11-15,0.004185136479223617,1.6153326849276561
2011-11-16,-0.015667084802755256,1.5902223472875694
2011-11-17,-0.012566050616944043,1.5703645610568127
2011-11-18,-0.0010483965890190328,1.5687190589276132
2011-11-21,-0.0197196562035192,1.5380874731978909
2011-11-22,-0.0026126546439469342,1.5340742267146308
2011-11-23,-0.020523208850691498,1.502910979708439
2011-11-25,-0.003971661137104105,1.496953764428813
2011-11-28,0.026722532913083397,1.5374954362301136
2011-11-29,0.0031412836730061425,1.5423327392339994
2011-11-30,0.04006031250664932,1.6053733535556736
2011-12-01,-0.0016401713914074992,1.6027424242859063
2011-12-02,0.0022696301310454847,1.6063841879493468
2011-12-05,0.010953935773610791,1.6240771440115038
2011-12-06,0.003454553985174794,1.6296973081726045
2011-12-07,0.004517777830302381,1.637076574934367
2011-12-08,-0.0173116759139503,1.6089799374601517
2011-12-09,0.015676683336541115,1.6344021538108138
2011-12-12,-0.014160987315299576,1.6114205110662352
2011-12-13,-0.0029808186538210955,1.6066243106009044
2011-12-14,-0.010023445116667728,1.590600839348388
2011-12-15,0.0006535411715453636,1.5916407022439925
2011-12-16,0.0038692285354120686,1.5978110534186685
2011-12-19,-0.00989451858769105,1.5820794389722854
2011-12-20,0.0260048224313997,1.6237607424110554
2011-12-21,-0.0013084449071583347,1.6216375302931618
2011-12-22,0.008664835484467026,1.635749804681583
2011-12-23,0.010785014196043403,1.6534868648432932
2011-12-27,-0.0007078311784585882,1.6523168894085796
2011-12-28,-0.00958666503961888,1.6365523661875652
2011-12-29,0.010456377774129695,1.6537545555363942
2011-12-30,-0.004619837797027052,1.6461320985482788
2012-01-03,0.015545046411433162,1.6719212256855276
2012-01-04,0.0011019250854733685,1.673764573053877
2012-01-05,0.0010099233218467518,1.6754558007929066
2012-01-06,-0.0029596650518952062,1.6705043437548857
2012-01-09,-0.0004664641776638603,1.669725295033179
2012-01-10,0.002921790584018894,1.6746110167302037
2012-01-11,-0.0004958926976218516,1.6737807952230548
2012-01-12,-0.0006438305835076143,1.6727035107885484
2012-01-13,-0.002281566562686368,1.6688914767473904
2012-01-17,0.0032369195136566675,1.6743022966044514
2012-01-18,0.00693093776682757,1.6859470896772093
2012-01-19,0.0026467088805875874,1.6904152111117081
2012-01-20,0.003855595056895683,1.6969453483366352
2012-01-23,0.0005253757118189846,1.6978371164430752
2012-01-24,-0.005142599518330912,1.6891282324503236
2012-01-25,0.009501382705851082,1.705253772376559
2012-01-26,-0.006510143893048002,1.6941883826649127
2012-01-27,-0.003417213625866876,1.6884088595955011
2012-01-30,0.001114827385595167,1.6902921936313824
2012-01-31,-0.002832863411542443,1.6855106027159392
2012-02-01,0.005567224284364452,1.694920387161289
2012-02-02,-0.0008783941969411084,1.6934322326177724
2012-02-03,0.010732730274695682,1.7117052683831577
2012-02-06,0.0023790092510206804,1.7157822787514707
2012-02-07,0.0028979032627576705,1.7207616612149177
2012-02-08,0.0028382263206112616,1.725652509637441
2012-02-09,0.004163050522801931,1.732851462625283
2012-02-10,-0.005852280492451646,1.7227399463881077
2012-02-13,0.00808450139209309,1.7367238903251871
2012-02-14,0.0008879632706412761,1.738266722238703
2012-02-15,-0.008323255878922709,1.7238587274154664
2012-02-16,0.01184430537884917,1.744398033402276
2012-02-17,0.0031175416290312383,1.7498447526646108
2012-02-21,0.004176826110110326,1.7571688349773817
2012-02-22,-0.004352096072889107,1.7495380843156028
2012-02-23,0.004453463205648556,1.7573469631719774
2012-02-24,0.0036130887609210675,1.7637078981250938
2012-02-27,0.002328553829296587,1.7678195721743626
2012-02-28,0.006771965894505798,1.7798318133623197
2012-02-29,-0.0009955387978589124,1.778060803439269
2012-03-01,0.005338254830889724,1.7875779249219645
2012-03-02,-0.0007482950598669722,1.7862407895399122
2012-03-05,-0.0015888703960585165,1.7834049379261128
2012-03-06,-0.010679236103447084,1.7644608696559125
2012-03-07,0.0048134067977067966,1.7729744107310121
2012-03-08,0.006508772633936998,1.784551934919946
2012-03-09,0.0016128127836630513,1.7874324052990391
2012-03-12,0.00497933344181184,1.7963548226602808
2012-03-13,0.018973856627060796,1.830764006688899
2012-03-14,0.003433873780510177,1.837061425292089
2012-03-15,0.00372720323017162,1.8439213027076176
2012-03-16,-0.001218653415292994,1.8416755703771597
2012-03-19,0.005559947948101084,1.8519437093933868
2012-03-20,-0.0004698451419976128,1.8510737870186793
2012-03-21,-0.0030552046488927253,1.845427008203961
2012-03-22,-0.004035544248017584,1.8379947126213354
2012-03-23,0.00037958015101504245,1.8386925113588137
2012-03-26,0.01364649140362746,1.8639562012088602
2012-03-27,-0.000667476184901772,1.8627124699615234
2012-03-28,-0.0005239158287691069,1.861736821015345
2012-03-29,-0.002899339309307109,1.8563468317462357
2012-03-30,0.0010227420722534594,1.8582463669534677
2012-04-02,0.008788388817634057,1.8746493307826533
2012-04-03,-0.0033213700683314036,1.8684332552647431
2012-04-04,-0.009131629454053524,1.8514490797377523
2012-04-05,0.0014231853245767823,1.8540859108018075
2012-04-09,-0.007548294594917457,1.8401434113890653
2012-04-10,-0.014191704272377023,1.814213073326309
2012-04-11,0.003969293196609869,1.82142852758876
2012-04-12,0.008480081001125163,1.8369400656349415
2012-04-13,-0.015239090480142358,1.8091589865877207
2012-04-16,-0.0016127588899044112,1.806243600887861
2012-04-17,0.018719569561402406,1.8403741616527882
2012-04-18,-0.005692728678530094,1.8299271750267885
2012-04-19,-0.009199673919214457,1.8131696418291097
2012-04-20,0.0017800503081362188,1.8164000492996741
2012-04-23,-0.006718225752744475,1.8042379632751142
2012-04-24,0.0022144155947923148,1.8082377228882913
2012-04-25,0.01775091102340101,1.8406221661588364
2012-04-26,0.006730397003098346,1.8530520662298635
2012-04-27,-0.0008430791054397623,1.851490455124877
2012-04-30,-0.0061013117855899576,1.8402283264064403
2012-05-01,0.00555316040958423,1.850475836192026
2012-05-02,-0.0011818795182684289,1.8482900886017626
2012-05-03,-0.0032001514782608025,1.8423847343961761
2012-05-04,-0.015971718454512916,1.813192430331142
2012-05-07,0.0019322549856779908,1.8166993675019316
2012-05-08,-0.0032722398532287794,1.8107644070330844
2012-05-09,-0.005325694414294677,1.8011464629931881
2012-05-10,0.004254164879062974,1.808825158656108
2012-05-11,-0.0031808053988996664,1.8030807785466625
2012-05-14,-0.01113425473657109,1.7831161696217825
2012-05-15,-0.0035456480874911673,1.7768050622797629
2012-05-16,-0.00030481520006855125,1.7762635476243631
2012-05-17,-0.00821436791027165,1.7617324290239327
2012-05-18,-0.00698532569187291,1.7494690359882386
2012-05-21,0.013539365351574881,1.773316814025242
2012-05-22,-0.0008686820843426341,1.7717770343653645
2012-05-23,0.0014550884631790158,1.7743570032736817
2012-05-24,0.001320009034727197,1.7767007170702156
2012-05-25,-0.004433934834735867,1.7688403808568736
2012-05-29,0.008339893644977,1.783654007682335
2012-05-30,-0.008531662727700536,1.7685012044823627
2012-05-31,-0.0013739362508954943,1.7660730650041645
2012-06-01,-0.019726303102034867,1.731576337501773
2012-06-04,0.001032312328869062,1.733364788064312
2012-06-05,0.0005353146055887946,1.7342929319545022
2012-06-06,0.020463126679820448,1.7701475859462663
2012-06-07,0.00041685125528720314,1.770885628005704
2012-06-08,0.010391118496546763,1.789383048415344
2012-06-11,-0.011130508773828993,1.769576736340694
2012-06-12,0.00978611300264053,1.7869790257530545
2012-06-13,-0.0021689073907753464,1.7831074338168358
2012-06-14,0.01086311607907458,1.802583128696492
2012-06-15,0.009928061548139085,1.8205684167386251
2012-06-18,0.0007846101187797387,1.8219974136697459
2012-06-19,0.00824620540830768,1.8370840970503273
2012-06-20,0.0005021692833757083,1.8380068559260343
2012-06-21,-0.019674313333316113,1.8021987382363167
2012-06-22,0.006420502351653046,1.8138069849840226
2012-06-25,-0.012679644581294365,1.7909537487139369
2012-06-26,0.005197167703923105,1.800285864977141
2012-06-27,0.008723075538010308,1.8160585878792357
2012-06-28,-0.00290855472768321,1.8107841562925113
2012-06-29,0.0219507870459533,1.8509717547581728
2012-07-02,0.0043426113170726465,1.8590272840047595
2012-07-03,0.005739982213390435,1.8697287512829643
2012-07-05,-0.0028857981185701816,1.8643408694789754
2012-07-06,-0.007404921976830456,1.850586558451241
2012-07-09,0.001690821014191326,1.853718215882863
2012-07-10,-0.005692120302387389,1.8431966023448934
2012-07-11,-9.510407494121882e-05,1.8430213151724868
2012-07-12,-0.00579180183881701,1.832377753383807
2012-07-13,0.01589599051762204,1.8617379492423731
2012-07-16,-0.0015067802696779335,1.8589348316046659
2012-07-17,0.00581105494313411,1.8697686515215401
2012-07-18,0.0055789062691902185,1.8802290672819935
2012-07-19,0.0029332321920134347,1.8857523122303503
2012-07-20,-0.0068432035304727525,1.872891779159939
2012-07-23,-0.00549291802187822,1.8626323410751002
2012-07-24,-0.006413013261285384,1.8507254754220717
2012-07-25,-0.004364300377661377,1.8426659534107699
2012-07-26,0.014424889289241398,1.8694388395102404
2012-07-27,0.01579919926980503,1.8992090295871988
2012-07-30,0.0020644701745558976,1.903133940020283
2012-07-31,0.0011716728051603866,1.9053650971401956
2012-08-01,-0.0015257511422021334,1.9024602008049023
2012-08-02,-0.007060084595489241,1.8890759733312323
2012-08-03,0.016752616738449553,1.9209895103547239
2012-08-06,0.001969027627459092,1.9247757181232386
2012-08-07,0.0001125620227540671,1.9249923869655312
2012-08-08,0.0012373262079634706,1.9273757046627114
2012-08-09,0.0011145476701501808,1.9295250543176758
2012-08-10,0.002467955854817377,1.9342929179910189
2012-08-13,0.0008896019364237591,1.9360144343350782
2012-08-14,0.0019804856812109966,1.939852482546154
2012-08-15,-0.0005481337504809835,1.938789475291208
2012-08-16,0.004696074240248185,1.947915586279159
2012-08-17,0.001647940778795022,1.9511282822467242
2012-08-20,0.0019167847770511053,1.9548717618123823
2012-08-21,-0.006178323980676112,1.9428311643839493
2012-08-22,0.0012878749828614145,1.9453348999396132
2012-08-23,-0.007535807010298448,1.930730329290313
2012-08-24,0.006560005678938868,1.9434375654156406
2012-08-27,0.0006648184379749628,1.9447300281210966
2012-08-28,-5.143780144491327e-05,1.9446299980567314
2012-08-29,-0.000290303955008127,1.9440655462125336
2012-08-30,-0.008297614490684075,1.9280011798945524
2012-08-31,0.0049556381811648575,1.9375793695741739
2012-09-04,0.0003001136732974527,1.9381609509019713
2012-09-05,0.0008398269293886023,1.9397893543548532
2012-09-06,0.018420290467687974,1.9758519598566369
2012-09-07,0.000547925655682562,1.9769348764890828
2012-09-10,-0.007505982182068498,1.9621515894826596
2012-09-11,0.0012028316709282207,1.9645131475513444
2012-09-12,0.002271139413001125,1.9689799011782252
2012-09-13,0.01737012556499364,2.0034800982247765
2012-09-14,0.0018868128876841361,2.007263858795895
2012-09-17,0.0010906046405683213,2.0094541842475926
2012-09-18,0.0020843994417668334,2.013647057720986
2012-09-19,-0.0003419288082296058,2.012958651482014
2012-09-20,0.0030625355245082523,2.0191328583998343
2012-09-21,1.174220999517191e-05,2.019156567621065
2012-09-24,-0.001690349145740664,2.015746371065278
2012-09-25,-0.008946678188551124,1.9977925701693124
2012-09-26,-0.004477936734371815,1.9888665813535613
2012-09-27,0.008485169594308947,2.0058142518427426
2012-09-28,-0.006321601194337415,1.9931742885699675
2012-10-01,0.0029148241929070665,1.9989925166435438
2012-10-02,0.0005564393725846742,2.000105144311519
2012-10-03,0.005347720499593087,2.0108297982602537
2012-10-04,0.0045645728091033184,2.020029357336757
2012-10-05,-0.0012389222097709876,2.017528247761583
2012-10-08,-0.005948117463791646,2.0055633722763138
2012-10-09,-0.010404673641574519,1.9848043227640269
2012-10-10,-0.0046752320818870905,1.9755465598758537
2012-10-11,-0.0031090567758445464,1.9694140116181187
2012-10-12,-0.0014979815825886813,1.9664660742294318
2012-10-15,0.006295941250689321,1.9788858852790248
2012-10-16,0.008209275884211437,1.995197969043742
2012-10-17,0.0014899333538308513,1.9981728967169614
2012-10-18,-0.008500585766718178,1.981259246447243
2012-10-19,-0.017557560525039078,1.9467767672355196
2012-10-22,0.002916535738337233,1.9524628991245554
2012-10-23,-0.016434466463664303,1.9206374465663492
2012-10-24,0.0004563342854067402,1.9215140992911879
2012-10-25,0.003465835019523177,1.9281853041167907
2012-10-26,-0.0009621578088247238,1.9263309777899045
2012-10-31,-0.0017871941020154293,1.922891325006991
2012-11-01,0.0075553740112711005,1.9374745094852022
2012-11-02,-0.012019823302118794,1.9143258085783827
2012-11-05,0.002093764506982225,1.9183381549996539
2012-11-06,0.0056222719165553115,1.9291539499144286
2012-11-07,-0.025559833066498103,1.8804699251985528
2012-11-08,-0.014134576819075073,1.854077242690544
2012-11-09,0.003907498468546997,1.8613362196614585
2012-11-12,-0.002235589442380443,1.857179683944894
2012-11-13,-0.00677424174925499,1.8446412170465312
2012-11-14,-0.01129174430849131,1.8239291577925216
2012-11-15,-0.004826756954033115,1.8151467074738725
2012-11-16,0.0028554227856853105,1.8203371256342502
2012-11-19,0.022545576490423644,1.8618438134919058
2012-11-20,-0.0008314868526956515,1.8602963582727048
2012-11-21,0.0026789434004062156,1.8652866683190696
2012-11-23,0.014693177724061432,1.8928959944994261
2012-11-26,-0.0008727219330400468,1.89124474329444
2012-11-27,-0.006262982466885772,1.8794369253018568
2012-11-28,0.008379641753853551,1.8952521036563628
2012-11-29,0.0029853278938460855,1.9009185064541094
2012-11-30,0.0006381865676782117,1.902132034298577
2012-12-03,-0.004050860779150978,1.894442347684331
2012-12-04,-0.0037832731646449563,1.8872886954312786
2012-12-05,-0.004469196081009472,1.878872852224628
2012-12-06,0.004818855123561036,1.8879487183743122
2012-12-07,0.00023642115756372152,1.8883951221633022
2012-12-10,-0.0012264740406705893,1.8860804742853563
2012-12-11,0.00822373739639944,1.9016550576808355
2012-12-12,0.00011624294538933191,1.9018761245143359
2012-12-13,-0.00577357874409828,1.8909271308012732
2012-12-14,-0.00684672011541222,1.8780247020401486
2012-12-17,0.010056467914526336,1.8970062810480168
2012-12-18,0.008355147323369951,1.9129224463623664
2012-12-19,-0.00811766775955409,1.897456834768729
2012-12-20,0.004620694310819253,1.9062446901311576
2012-12-21,-0.009654293783221787,1.8879297948136171
2012-12-24,-0.0037489003522381812,1.8808653843001202
2012-12-26,-0.003665102223894569,1.8739844377860908
2012-12-27,-0.0006243328543896262,1.872814812888584
2012-12-28,-0.012200267635563429,1.8501047868291467
2012-12-31,0.015446320571124885,1.8789039463878647
2013-01-02,0.0267375705694899,1.9298189112679167
2013-01-03,-0.005360738443224328,1.9195013364602223
2013-01-04,0.0007829983642893574,1.9210048914306457
2013-01-07,-0.004460529069883465,1.9124552753500492
2013-01-08,-0.0015742770678007702,1.9094469094888793
2013-01-09,-0.002305862376268626,1.9050490600671797
2013-01-10,0.008790839179656096,1.9218698661599576
2013-01-11,0.00069925477853358,1.923214212813223
2013-01-14,-0.005966466850907012,1.9117735829739255
2013-01-15,-0.0017287900225010791,1.9084713831059357
2013-01-16,0.00351576977202613,1.9151929379014652
2013-01-17,0.0008489759220717607,1.9168195809845694
2013-01-18,0.002319299497881743,1.9212704190944299
2013-01-22,0.0025792169203094698,1.9262321882567148
2013-01-23,0.00735617699894038,1.9404541386336638
2013-01-24,-0.009963307813114103,1.9212167897043728
2013-01-25,0.0029329541047632426,1.9268599018230288
2013-01-28,0.0008987030006379147,1.9285923549624198
2013-01-29,0.008895407859338164,1.9458245004061983
2013-01-30,-0.004342284590198872,1.937393494823184
2013-01-31,-0.0026027622345112826,1.9323574768231893
2013-02-01,0.010667755880255475,1.953081738806679
2013-02-04,-0.013159294246178569,1.927548926863888
2013-02-05,0.011789958026497018,1.9504091435001205
2013-02-06,0.00045255021538073036,1.9512920013317754
2013-02-07,-0.00027000770233965947,1.9507652085841523
2013-02-08,0.005091043185069607,1.9607219621306127
2013-02-11,0.0015044275284359682,1.9636739461923247
2013-02-12,-0.0003977993470034986,1.9628929533283264
2013-02-13,0.0007110544081856097,1.9642891733509606
2013-02-14,0.00011472596781958426,1.9645145412549792
2013-02-15,-0.0018649980988343254,1.9608541397523007
2013-02-19,0.008244555882848375,1.977087337085804
2013-02-20,-0.007947023229361007,1.9614376446891844
2013-02-21,-0.0022390850589145955,1.957050732132964
2013-02-22,0.007501994762872481,1.9717877257843541
2013-02-25,-0.01698835365510557,1.9385732272064549
2013-02-26,0.005927200733081217,1.950097659933541
2013-02-27,0.010703889749957157,1.9710834044683223
2013-02-28,-0.0021203380834067397,1.9669084689617835
2013-03-01,0.0009797730384351474,1.968836537229156
2013-03-04,0.0041233400024796064,1.9769714797225482
2013-03-05,0.00946509374559256,1.9957725366313503
2013-03-06,0.00013617189861629233,1.9960443232713012
2013-03-07,0.0033353547652907527,2.0027129541594126
2013-03-08,0.0005698378043891983,2.0038545009293953
2013-03-11,0.0032211449749382755,2.0103196137283286
2013-03-12,-0.005137101746139352,2.000018877947096
2013-03-13,0.00045184928530509605,2.000922789248152
2013-03-14,0.007513423842428699,2.0160131895367828
2013-03-15,-0.0005873146736971337,2.01482950304045
2013-03-18,-0.001797204987456085,2.0112116933552944
2013-03-19,0.0010400806412021462,2.013304603912119
2013-03-20,0.0036581079940856795,2.020682976792666
2013-03-21,-0.007977038448396031,2.0046280315878255
2013-03-22,0.006624092355818006,2.017950950213957
2013-03-25,-0.0026384346218555088,2.0126337362070466
2013-03-26,0.005637966936334199,2.0240129463296976
2013-03-27,-0.004480423830814839,2.0149647954027956
2013-03-28,-0.0008153314167707181,2.0133226008587917
2013-04-01,-1.8258172069424224e-05,2.0132858416038935
2013-04-02,0.007183357548872136,2.0278000616564573
2013-04-03,-0.008051911905734227,2.0115379525927497
2013-04-04,0.0024588167320299024,2.0164900414121854
2013-04-05,-0.00543027064179567,2.0055696319651664
2013-04-08,0.004185866217512306,2.0139822729458317
2013-04-09,0.00458994705073449,2.023247592335967
2013-04-10,0.010977419717395367,2.045579982096163
2013-04-11,0.0014727455729606745,2.0485948204589315
2013-04-12,-0.0016742025824432942,2.045167927177382
2013-04-15,-0.01667197063371669,2.0113536064689375
2013-04-16,0.012878545549703855,2.0374244323309894
2013-04-17,-0.01567540895584601,2.0057359846925413
2013-04-18,-0.008098709195022036,1.9895577122189643
2013-04-19,0.008381905762601147,2.006304082676779
2013-04-22,0.00447096972292768,2.0152942899818846
2013-04-23,0.010245260975016667,2.036047636116261
2013-04-24,-0.0029277993273467357,2.0300952152157645
2013-04-25,0.0026426483682470284,2.0354671379487876
2013-04-26,0.002380238181402849,2.0403178051290034
2013-04-29,0.008289357240042578,2.0573010210229263
2013-04-30,0.0032729295156522964,2.0640454532623185
2013-05-01,-0.007995545466108514,2.04760808442984
2013-05-02,0.008464740930001408,2.0650141212558015
2013-05-03,0.0067237301538382215,2.0789455019083296
2013-05-06,0.004086319866389632,2.0874581190067905
2013-05-07,0.0033084594095827806,2.0943758266301225
2013-05-08,0.005863528702194043,2.106692333209905
2013-05-09,-0.00537820746533946,2.095392518387836
2013-05-10,0.0019142212072587796,2.099407404648318
2013-05-13,0.0008425552610842183,2.1011770167955888
2013-05-14,0.007304632841973127,2.1165815371261303
2013-05-15,0.005311558229753479,2.127853793329526
2013-05-16,-0.0026215607183461952,2.1222828009485344
2013-05-17,0.006959634189869327,2.1371046303193872
2013-05-20,0.0011847623078036875,2.139638091811721
2013-05-21,0.0003698904602447546,2.1404296699198286
2013-05-22,-0.004873407265863322,2.1300238608819657
2013-05-23,-0.0036280732727697338,2.122309979965957
2013-05-24,0.0020261776444950004,2.126614516407154
2013-05-28,0.004609659741936319,2.136440114663774
2013-05-29,-0.0070950974754739795,2.1213355114799515
2013-05-30,0.003547377827153986,2.1288740531597856
2013-05-31,-0.013828385448026375,2.09963777334454
2013-06-03,0.007764055759835666,2.1160029258622775
2013-06-04,-0.0049264799869177395,2.1056041155928606
2013-06-05,-0.010999179903401705,2.082571101467614
2013-06-06,0.005767156080683757,2.094616313983817
2013-06-07,0.01144126251655906,2.118718988693492
2013-06-10,-4.994661568732393e-05,2.1186131684931166
2013-06-11,-0.008631359827698954,2.100405348065688
2013-06-12,-0.006216758487479232,2.087388139635605
2013-06-13,0.011448349006818901,2.1114226025253022
2013-06-14,-0.00757357694174735,2.095491983021853
2013-06-17,0.007853941070003262,2.112014652673573
2013-06-18,0.006274496301495611,2.1253081421628712
2013-06-19,-0.013315320243003803,2.097196556360845
2013-06-20,-0.022873763000947817,2.049770256144188
2013-06-21,-0.00012156113851506067,2.049521098882384
2013-06-24,-0.010440524185655192,2.028234340102865
2013-06-25,0.0071771384801229314,2.042843622541609
2013-06-26,0.0078040211041470724,2.0588483868157192
2013-06-27,0.003683471637101892,2.066446080808378
2013-06-28,-0.00485238170458623,2.0564431842155755
2013-07-01,0.004930903777401927,2.0666083488087317
2013-07-02,0.0011796435963514918,2.0690476485828806
2013-07-03,0.0025545002418081437,2.0743397878091563
2013-07-05,0.008566645644703285,2.092186254755151
2013-07-08,0.007225837359857958,2.1073588035268016
2013-07-09,0.005619018491248322,2.119233422219058
2013-07-10,-0.0026052386121931804,2.1137194991406028
2013-07-11,0.011688015171857746,2.1385696261496423
2013-07-12,0.00057055936574607,2.139790155238183
2013-07-15,0.002555506060617811,2.1452653949727853
2013-07-16,-0.000667549708164404,2.1438338015674785
2013-07-17,0.0020225916016005916,2.1481742898476273
2013-07-18,0.0038771088206211285,2.1565191618701682
2013-07-19,-0.00446610918303859,2.146909386963068
2013-07-22,0.00350410148293818,2.154445571395955
2013-07-23,-0.0012627527935387256,2.151726756189169
2013-07-24,0.001422629294104757,2.1547900441503853
2013-07-25,-0.0015819545976490986,2.1513839589794546
2013-07-26,0.0004399657211929942,2.15233070242659
2013-07-29,-0.0019434477203690763,2.1481518222623417
2013-07-30,0.0007518674336544891,2.1497675549923416
2013-07-31,-0.001260891525929165,2.1470586394827365
2013-08-01,0.007354663580997567,2.162907744441123
2013-08-02,0.0011728694151209517,2.16544604103655
2013-08-05,-0.0008335324629441333,2.1636418235059938
2013-08-06,-0.005200822675238372,2.152418317080858
2013-08-07,-0.00216870559381419,2.1477554134965
2013-08-08,0.0015992315367745285,2.151192919638526
2013-08-09,-0.0058581847944354165,2.1386276746850954
2013-08-12,0.0016606224290146752,2.1421820782132777
2013-08-13,0.003724815463020928,2.1501761901960856
2013-08-14,-0.0026183610158064885,2.1445536168582553
2013-08-15,-0.011160120768589342,2.120753194319002
2013-08-16,-0.002533788812841065,2.1153864555629935
2013-08-19,-0.004654552297786578,2.105563157936837
2013-08-20,-0.000948341041872411,2.1035673124985625
2013-08-21,-0.0034175870393841666,2.096390458861293
2013-08-22,0.0047491145087142275,2.106370135762714
2013-08-23,0.006703804909456114,2.1205382673542386
2013-08-26,-0.006660253960632668,2.1064618721782895
2013-08-27,-0.014086718212640454,2.076996757982066
2013-08-28,0.002503353247513318,2.0822027280335313
2013-08-29,0.0007382678842228265,2.083740519017081
2013-08-30,-0.0020722658451186823,2.079426925709123
2013-09-03,-0.001689322086320902,2.0759170693502704
2013-09-04,0.006284131244010418,2.0890034799611437
2013-09-05,-0.00045955296204237833,2.0880436927776236
2013-09-06,-0.0002810647382692466,2.0874568997908898
2013-09-09,0.008964749402613582,2.106254560051024
2013-09-10,0.004272750809791867,2.115273314652796
2013-09-11,0.0005382876588623886,2.1164122466822217
2013-09-12,-0.0027261020927994905,2.1106505478851245
2013-09-13,0.0012840920711748823,2.1133625583816213
2013-09-16,0.0022480886120090538,2.118118929050347
2013-09-17,0.0027303842361551707,2.123910110061429
2013-09-18,0.012750024005535288,2.1511633857125934
2013-09-19,-0.0008580238227231872,2.149318427903147
2013-09-20,-0.006031294232904947,2.1363942699419036
2013-09-23,-0.0013756379146527748,2.1334573854914667
2013-09-24,-0.006958407452809662,2.1186634505264514
2013-09-25,-0.004048926129310685,2.1101024817829845
2013-09-26,0.0028411007719698895,2.1161060198629444
2013-09-27,-0.003745060437116861,2.108195896118225
2013-09-30,-0.008357847867764922,2.0906493433928985
2013-10-01,0.007224443932677999,2.105807812181142
2013-10-02,0.0010673012197043685,2.1080565432507856
2013-10-03,-0.007939934408311077,2.091384985689834
2013-10-04,0.0025300944139107786,2.0966830866810637
2013-10-07,-0.00663189951380942,2.082824101631555
2013-10-08,-0.008628768985852487,2.064929210094146
2013-10-09,0.002409245038128706,2.0699101282645502
2013-10-10,0.017915311647761667,2.1073273834122737
2013-10-11,0.005431589136075778,2.118804661647028
2013-10-14,0.005311417926425409,2.1300884586629634
2013-10-15,-0.005165969320246303,2.119112861244888
2013-10-16,0.012931773211715517,2.14669470487317
2013-10-17,0.0035812731622788642,2.1543963876908245
2013-10-18,0.011981496615022139,2.180364538717357
2013-10-21,0.0019056904845638693,2.184523600355075
2013-10-22,0.004421538271807709,2.194203940285573
2013-10-23,-0.002201598017683973,2.1893784990302865
2013-10-24,0.00211290295294034,2.194009333855471
2013-10-25,0.002056837409586117,2.198526698480013
2013-10-28,0.004201325039235966,2.2077828541920144
2013-10-29,0.004804134694508843,2.2184148587421215
2013-10-30,-0.0023904218493654697,2.2131182444861723
2013-10-31,-0.004202968088427282,2.2038360990732038
2013-11-01,0.0022661957192480287,2.2088360863418743
2013-11-04,0.004821316055511722,2.219511296831971
2013-11-05,-0.0022667537950523055,2.2144859089869757
2013-11-06,0.009880052166933688,2.236473586128209
2013-11-07,-0.009910204654060445,2.2144191377357774
2013-11-08,0.011942403714570372,2.2410231669099385
2013-11-11,0.0002804704646459744,2.2416517958706517
2013-11-12,-0.0018076173841043931,2.2376034071865445
2013-11-13,0.006531598860797241,2.2522663692159113
2013-11-14,0.003960474392730781,2.2612040996404157
2013-11-15,0.004962653531888754,2.2724535626579323
2013-11-18,-0.0014551042993196943,2.2691493103078204
2013-11-19,0.000600140575109321,2.2705115275999663
2013-11-20,-0.002732250383199814,2.264316388797796
2013-11-21,0.005530569226008313,2.276874040808912
2013-11-22,0.002349294744404896,2.282229377195379
2013-11-25,0.0012555609427446425,2.285096654908051
2013-11-26,-0.00041311802458466864,2.284152835259868
2013-11-27,0.0036404903882806317,2.2924834262195946
2013-11-29,0.0010447240415073363,2.2948796902691044
2013-12-02,-0.0035667796281349863,2.2867089404351573
2013-12-03,0.0017313434718725434,2.2906714482724726
2013-12-04,0.0009336511820229519,2.292811135082907
2013-12-05,-0.0070316288919308875,2.276745488091
2013-12-06,0.009550046268397639,2.2985926675866715
2013-12-09,0.004758846595240904,2.3095573864914645
2013-12-10,-0.005511610340344553,2.2968630214508785
2013-12-11,-0.009674731420858267,2.2747486364681855
2013-12-12,-0.006474636925275545,2.2600680419956207
2013-12-13,-0.0038719789003630704,2.251334026098119
2013-12-16,0.0056400894123190505,2.264067626870476
2013-12-17,-0.006255742965119653,2.2499484108796426
2013-12-18,0.01668043591544375,2.2877932882029914
2013-12-19,0.0002376634304547989,2.288337077620907
2013-12-20,0.0006747019669709321,2.2898815441169718
2013-12-23,0.008346062949036911,2.309073014840193
2013-12-24,0.002880657835342519,2.315734253881638
2013-12-26,0.0055931972060876385,2.3287229024156035
2013-12-27,0.0005851959032124324,2.3300860603361278
2013-12-30,-0.002688737416044367,2.323829485675517
2013-12-31,0.0041184478272303085,2.333419791202548
2014-01-02,-0.007455349590498126,2.316088018408499
2014-01-03,-0.0014672857210602669,2.3126921474960747
2014-01-06,-0.00013236457937404353,2.3123860492314807
2014-01-07,0.006210161753543456,2.326791022946974
2014-01-08,-0.001846048549209946,2.322499616046212
2014-01-09,-0.00281155223122278,2.315978957949502
2014-01-10,-0.0011857485802671363,2.3132344166777115
2014-01-13,-0.010912019674107586,2.2881295785626237
2014-01-14,0.010661690726597584,2.312655419613727
2014-01-15,0.008975926493531154,2.333507086181627
2014-01-16,-0.002955566594740994,2.3266204325839026
2014-01-17,-0.0058176918055617855,2.3131241685765387
2014-01-21,0.0014824127621846565,2.3165557162211496
2014-01-22,-0.0028256733181257327,2.3100191260273677
2014-01-23,-0.007130364582689212,2.293606431252501
2014-01-24,-0.01730103313095478,2.2542659670297422
2014-01-27,-0.0053303910625037325,2.2422818163469542
2014-01-28,0.0005816775713700401,2.243586480798453
2014-01-29,-0.008985146951084839,2.2235178215139193
2014-01-30,0.008101662513830096,2.2416051824110523
2014-01-31,-0.008413949091906816,2.2228235551528215
2014-02-03,-0.02128903778461435,2.176001942413149
2014-02-04,0.005053293072939372,2.1870257477566004
2014-02-05,-0.0006264301000956933,2.1856561580194267
2014-02-06,0.012032325989596289,2.212113538124395
2014-02-07,0.011565077647352826,2.2378453111303696
2014-02-10,0.0026675477273401475,2.243822839430651
2014-02-11,0.012040035295812294,2.271001835322843
2014-02-12,-0.0021869991367432073,2.2660405833737722
2014-02-13,0.006579905737558832,2.281000078872212
2014-02-14,0.004795751754189467,2.2919654616122487
2014-02-18,-0.0034940749420234894,2.2839711370426885
2014-02-19,-0.00763805067822719,2.2665925036802954
2014-02-20,0.0029577572959819014,2.2733064584247327
2014-02-21,-0.0038305395561476167,2.2646151249881026
2014-02-24,0.005593924699836577,2.277318709793115
2014-02-25,-0.0007875854231038688,2.2755258328880537
2014-02-26,-3.5627517336117924e-05,2.2754447629961616
2014-02-27,0.00599700870474713,2.289131624140104
2014-02-28,0.0027904344740260767,2.2955282164249002
2014-03-03,-0.007445208996258268,2.2785009933670763
2014-03-04,0.01425289609865079,2.3112087678418223
2014-03-05,0.00010725315129726806,2.311456665559147
2014-03-06,0.002934419056009096,2.3182494095501536
2014-03-07,0.0017752936177385468,2.3223686382696123
2014-03-10,0.0010776719987449414,2.3248727389790966
2014-03-11,-0.003021052337495278,2.3178597753554993
2014-03-12,0.0011634684895848485,2.320558101571781
2014-03-13,-0.010438191772501906,2.2964616515585097
2014-03-14,-0.006289208080929719,2.2820640485994543
2014-03-17,0.010320889183176831,2.3057389415721117
2014-03-18,0.009066082561529066,2.3267380069794417
2014-03-19,-0.0057982104697328184,2.31328612641124
2014-03-20,0.009407655864668692,2.335151415499052
2014-03-21,-0.0012693156089235503,2.3321892517162324
2014-03-24,0.00018115034004536062,2.3326117668604565
2014-03-25,0.0059045090765260985,2.346425435543556
2014-03-26,-0.007342140916077149,2.3292607392642446
2014-03-27,-0.002177948532681952,2.324193249623863
2014-03-28,0.003927238910249469,2.3333388585297543
2014-03-31,0.006136107709359416,2.3477004942983264
2014-04-01,0.004579956023914083,2.358477519632352
2014-04-02,0.0006465695559993861,2.3600029324846687
2014-04-03,-0.0024829620515583366,2.354150403572126
2014-04-04,-0.011972769974828386,2.3261327613833847
2014-04-07,-0.0077870131775120395,2.3080894777365986
2014-04-08,0.006014493298502901,2.322013296817589
2014-04-09,0.008736372105067175,2.342388140528654
2014-04-10,-0.019529691511530632,2.297085832675043
2014-04-11,-0.008064586720113578,2.278635282801753
2014-04-14,0.007782846216950374,2.296438741716883
2014-04-15,0.006919004514239063,2.312382907005933
2014-04-16,0.008855548538969775,2.3329512637048615
2014-04-17,-0.0004449045705967723,2.331913553882698
2014-04-21,0.003195506433022878,2.339377117226691
2014-04-22,0.002031066658548526,2.3441333765961176
2014-04-23,-0.003056181317694795,2.3369802162096356
2014-04-24,0.007192870681270973,2.3538504125248223
2014-04-25,-0.00513249948962084,2.341800226722842
2014-04-28,0.010010894007428725,2.3653614784043073
2014-04-29,0.0033193030724660423,2.373225874964223
2014-04-30,0.0011098807691148746,2.3758613349762663
2014-05-01,-0.0020564121139939576,2.3709806050618933
2014-05-02,-0.0032285992878469823,2.3633380028576876
2014-05-05,-0.0007578735198469875,2.3615475701133546
2014-05-06,-0.011292218109925565,2.3350304601444276
2014-05-07,0.005768276347410382,2.3485384826672084
2014-05-08,-0.0005908574187610169,2.3471512411528077
2014-05-09,0.001232218952716158,2.3500452280436184
2014-05-12,0.008225115058455319,2.3694543320709816
2014-05-13,0.0030137800047112147,2.3766061177000894
2014-05-14,-0.004994617822554193,2.364765472790403
2014-05-15,-0.010163221202296454,2.340853555077027
2014-05-16,0.002865978189147661,2.3475720131883833
2014-05-19,0.0040471875236143305,2.357092329608853
2014-05-20,-0.003923645717696662,2.3478620543901525
2014-05-21,0.00890219691578431,2.368856494399943
2014-05-22,0.001011090274187596,2.371252833415764
2014-05-23,0.003717898612444294,2.3800853200055765
2014-05-27,0.005339991171106818,2.3928289497534854
2014-05-28,-0.00283868243944699,2.3860460999662596
2014-05-29,0.004993860108430639,2.397991482360947
2014-05-30,0.002364724145990544,2.403668780697813
2014-06-02,-0.002274868339401273,2.3982069655008496
2014-06-03,-0.0014413396530725757,2.39475282459831
2014-06-04,0.000712395030060917,2.396459442429632
2014-06-05,0.010368650402797329,2.4214367593529786
2014-06-06,0.004001199815398868,2.431144820662216
2014-06-09,0.003575778932697479,2.439853618182264
2014-06-10,0.0015336494464363928,2.443598369166816
2014-06-11,-0.004129924997721718,2.4335273018684713
2014-06-12,-0.008194922359087583,2.413666225709807
2014-06-13,0.0010136052846799809,2.4161139708657857
2014-06-16,7.006799746144403e-05,2.4162832690644866
2014-06-17,0.0007129043035127754,2.418006461968345
2014-06-18,0.0071984128221295905,2.4354750683773023
2014-06-19,-3.68395834842492e-05,2.435385348142835
2014-06-20,-0.0003613197450660892,2.4345055542827247
2014-06-23,0.00318525604213882,2.442272441003744
2014-06-24,-0.006210689988625312,2.427151249127771
2014-06-25,0.0031311096576958873,2.434762835982591
2014-06-26,-0.002888069748613997,2.427741215436462
2014-06-27,0.0030814386430239437,2.4352336889030224
2014-06-30,-0.0017620778125143185,2.430946396032648
2014-07-01,0.007845862534394007,2.450094284911711
2014-07-02,0.0022574043174137946,2.455631385714807
2014-07-03,0.005011518615742564,2.467968716678292
2014-07-07,0.0006825199743158915,2.4696537295854837
2014-07-08,-0.007457003104257919,2.451306008585321
2014-07-09,0.0036606353280105894,2.4602957900771982
2014-07-10,-0.0036221673671330153,2.4514003071426833
2014-07-11,0.001628690774739505,2.4553961333074374
2014-07-14,0.007615263538726572,2.4741659999864227
2014-07-15,-0.0003728411677725481,2.473243700991926
2014-07-16,0.004665459001146547,2.484809476926596
2014-07-17,-0.010512372338128543,2.45882505278103
2014-07-18,0.010484993333001976,2.484741446246499
2014-07-21,-0.0026702529290296632,2.478115408657027
2014-07-22,0.004084296666642062,2.4882574646441857
2014-07-23,0.0037253270672238914,2.497544325083429
2014-07-24,0.00023756077259086395,2.4981377141230645
2014-07-25,-0.005894462818606031,2.4834558476192354
2014-07-28,0.0013312959892604452,2.486764264180887
2014-07-29,-0.005440858708713836,2.4732708722839996
2014-07-30,9.497963639249072e-05,2.473505793808353
2014-07-31,-0.022052095448341896,2.4195568379540333
2014-08-01,-0.004068839971025092,2.4097320496797034
2014-08-04,0.006689047231741059,2.4259048913244494
2014-08-05,-0.009687223873783828,2.402518067135663
2014-08-06,0.004940029956348232,2.414415942091131
2014-08-07,-0.004263225437087413,2.4041446525992125
2014-08-08,0.008655302474908451,2.4250435644941004
2014-08-11,0.0020894443392647983,2.4301158553317177
2014-08-12,-0.0007749379709629424,2.4282333957704845
2014-08-13,0.007913864009118499,2.4475263448428635
2014-08-14,0.004601143808708509,2.4588137130199055
2014-08-15,-0.0006858868347072412,2.457127823296023
2014-08-18,0.009247046301599173,2.4799543744809385
2014-08-19,0.005348930594097397,2.4932550187058626
2014-08-20,0.00013145294779849648,2.4935827859701996
2014-08-21,0.005382906634923841,2.507041700836173
2014-08-22,-0.0017846822362261043,2.5025714182506946
2014-08-25,0.0035164801635773004,2.511387152093159
2014-08-26,0.001730123079639274,2.515735921835581
2014-08-27,0.00048131121224435393,2.5169470651868626
2014-08-28,-0.0026052127375678245,2.510398416648026
2014-08-29,0.0036489436273404946,2.5195754520123725
2014-09-02,0.0005868940569320785,2.521054609883175
2014-09-03,-0.004129044342773824,2.510666524799261
2014-09-04,3.624078102203154e-05,2.510757514963773
2014-09-05,0.0050788544983267035,2.523541724151566
2014-09-08,-0.003392225943522117,2.5149958034871975
2014-09-09,-0.006334001920816784,2.4991161591762006
2014-09-10,0.006585561617323488,2.515628554652247
2014-09-11,0.0015795431919360889,2.5196052384542966
2014-09-12,-0.0037121744708868533,2.510269363131293
2014-09-15,0.0010996838827888884,2.5130313842881185
2014-09-16,0.005634084903196495,2.5272299769511757
2014-09-17,0.001961400992841068,2.5321917527624054
2014-09-18,0.005994304150957521,2.547416064287662
2014-09-19,0.0018305520595672546,2.5520835127110266
2014-09-22,-0.005502306437129571,2.5380797290562187
2014-09-23,-0.003852885360807768,2.5283196132011745
2014-09-24,0.005422586937713176,2.5420668853132784
2014-09-25,-0.0197021172476082,2.492472942568771
2014-09-26,0.008979189571819228,2.5149541099076678
2014-09-29,-0.004166586694092467,2.5044971356501136
2014-09-30,0.00026114021402929134,2.5051512459716903
2014-10-01,-0.012224106039864043,2.4747144219874677
2014-10-02,0.0010922803815077988,2.4774189807998095
2014-10-03,0.00983535620965498,2.501905498377839
2014-10-06,0.0010176436253093214,2.5044528424837993
2014-10-07,-0.013814650741513057,2.470092585097872
2014-10-08,0.01860326605637685,2.516474464209479
2014-10-09,-0.017437276518519416,2.472974366946889
2014-10-10,-0.008242935761535583,2.452673582079288
2014-10-13,-0.01076543835607067,2.426411093066824
2014-10-14,-0.0024056101593686297,2.420581109036434
2014-10-15,-0.013210953140252835,2.3888132294511486
2014-10-16,-0.0066271832508677025,2.3730344685471114
2014-10-17,0.009442401603906959,2.3955477354012227
2014-10-20,0.0063146524125165925,2.4107226484136755
2014-10-21,0.013069377394707047,2.4424360784834613
2014-10-22,-0.003542162753649636,2.43379987682382
2014-10-23,0.010502110170533518,2.4594945995027166
2014-10-24,0.004702892116963181,2.47108857851383
2014-10-27,-0.0007293217240115973,2.469287016970404
2014-10-28,0.010826913179894752,2.496167024295226
2014-10-29,0.0016222063463806793,2.500219608458823
2014-10-30,0.0017437195509679671,2.5045830935132867
2014-10-31,0.011166461474052031,2.5327071550287634
2014-11-03,0.0006386010874578333,2.534325061115487
2014-11-04,-0.0005109236604583662,2.533030545206034
2014-11-05,0.0037495869083396223,2.5425461921005836
2014-11-06,0.004786534269023798,2.554745349130096
2014-11-07,0.0023169817244492433,2.5606715101668924
2014-11-10,0.0038472381525690826,2.57054199818142
2014-11-11,0.0013832163043816803,2.574100074011351
2014-11-12,-0.0005431607679213514,2.5727023034798666
2014-11-13,0.004976425578049523,2.5855370741806674
2014-11-14,0.002221569982454996,2.5912874107557493
2014-11-17,-0.0011229866571423356,2.588379062892215
2014-11-18,0.0023643413274069543,2.5945061148484427
2014-11-19,0.00014275450850383814,2.594876518731461
2014-11-20,0.0016387058304285825,2.599132244000509
2014-11-21,0.003266256103592313,2.6076355549924877
2014-11-24,0.0016061366508724195,2.6118271392569583
2014-11-25,-0.0032888807568139506,2.603251261488464
2014-11-26,0.003873377597351353,2.6133541902026356
2014-11-28,-0.001043801965048212,2.610627789122477
2014-12-01,-0.007040134501665451,2.592313162714576
2014-12-02,0.005521383584670734,2.6066659050928584
2014-12-03,0.00014182972555379665,2.6070356340214444
2014-12-04,-0.0004301079285380553,2.6059145684321523
2014-12-05,-0.0011127670638867483,2.603016405318382
2014-12-08,-0.008215916260731086,2.5817178538710492
2014-12-09,-0.0006454270568866272,2.5800520809402006
2014-12-10,-0.01614551729218617,2.538730283981756
2014-12-11,0.003255529135898851,2.5470086623288903
2014-12-12,-0.01761469690253072,2.502536706625533
2014-12-15,-0.006330481769080246,2.4867444825604665
2014-12-16,-0.01264552884670631,2.4554962749330747
2014-12-17,0.020001547821708546,2.5051044675695064
2014-12-18,0.027539743694308835,2.575053166229906
2014-12-19,0.002419561969238932,2.5812912105638293
2014-12-22,0.006977336871056295,2.5993647280892986
2014-12-23,0.004002716602241497,2.60979009942579
2014-12-24,-0.0025693800270517797,2.60309316403981
2014-12-26,0.003290211801472398,2.6116719972384086
2014-12-29,-0.0015310533209874605,2.6076764476339576
2014-12-30,-0.003548780345686073,2.598438777634364
2014-12-31,-0.010817346181642139,2.57048204727259
2015-01-02,-0.002234456778044975,2.56474482841007
2015-01-05,-0.018059871073080633,2.5188416181417077
2015-01-06,-0.00838702682417202,2.4978043692270755
2015-01-07,0.009389585391722624,2.521368170683102
2015-01-08,0.01953134231211153,2.5710979392140567
2015-01-09,-0.008346584435741369,2.5497273628974755
2015-01-12,-0.009618712421747371,2.5253198412865023
2015-01-13,-0.0009721977877688571,2.5228659239631717
2015-01-14,-0.007518142312278058,2.503969779866889
2015-01-15,-0.01236839701018516,2.4731904255423913
2015-01-16,0.01107114229861155,2.500723599289085
2015-01-20,0.003058766812230922,2.5083844400309245
2015-01-21,0.0030802478757347936,2.51612279778546
2015-01-22,0.01914268235399372,2.564752099932163
2015-01-23,-0.006963315715217776,2.5469549568041994
2015-01-26,0.0005713015323265167,2.5484104517974604
2015-01-27,-0.02355668292545413,2.489079913759903
2015-01-28,-0.009476886527360555,2.465602607454089
2015-01-29,0.010714770665885113,2.492163014171514
2015-01-30,-0.014720582898783125,2.455745622164675
2015-02-02,0.013713937481585281,2.4896555519687973
2015-02-03,0.011891678339425093,2.5194384684290294
2015-02-04,0.0003183587867188629,2.5202406814920644
2015-02-05,0.009755096593923327,2.544946179119617
2015-02-06,0.0008048930059856497,2.5469954130962145
2015-02-09,-0.0028928490130074665,2.539637987021614
2015-02-10,0.010632444820500552,2.5667846095247855
2015-02-11,0.0012518545465997999,2.569999862603058
2015-02-12,0.009571305556476109,2.5947162117448577
2015-02-13,0.003972482835659486,2.605044177611182
2015-02-17,0.0008743921665196707,2.607323003982295
2015-02-18,-0.0037707370012995205,2.5975099874362924
2015-02-19,-0.0030043626037921734,2.589717836651394
2015-02-20,0.004367799838275841,2.601053944702747
2015-02-23,0.00011264650968289642,2.6013469608544284
2015-02-24,0.0036648086512675224,2.610897890175985
2015-02-25,-0.0016763385967599864,2.6065248076780434
2015-02-26,0.00250504451332038,2.613062453474438
2015-02-27,-0.004594874394831132,2.6010833021389277
2015-03-02,0.006316631830722085,2.6175653885527392
2015-03-03,-0.0027434377390619167,2.6103941023677604
2015-03-04,-0.004149839763189167,2.5995838310847597
2015-03-05,-0.0010377526630488572,2.596887505342822
2015-03-06,-0.011789564744599992,2.5664511004855433
2015-03-09,0.00259706599414747,2.5731250058995037
2015-03-10,-0.019267619593821644,2.5240215842347333
2015-03-11,-0.0026869138944835723,2.5172488585101473
2015-03-12,0.010753706444615672,2.5444646870234924
2015-03-13,-0.004486685354778081,2.5330740467939443
2015-03-16,0.011160296963873375,2.561502243882813
2015-03-17,-0.0009642232418077722,2.559033574250902
2015-03-18,0.01176188565591382,2.589310341432908
2015-03-19,-0.007653214471368407,2.5695694311220065
2015-03-20,0.006713360585364331,2.586877911289955
2015-03-23,0.001968735320324231,2.591975805759143
2015-03-24,-0.005031506796384938,2.578967016227136
2015-03-25,-0.0153980214563844,2.5395601988922727
2015-03-26,-0.0012219549472390805,2.5364588659738785
2015-03-27,-0.001654043513954255,2.532266920424091
2015-03-30,0.013067102706639275,2.56557344834397
2015-03-31,-0.009312897489633813,2.5417914374167014
2015-04-01,-0.004602528641171289,2.5301196499979293
2015-04-02,0.0016071731536684835,2.5341892597827855
2015-04-06,0.007094385724417347,2.5522317002329387
2015-04-07,-0.001039377203761247,2.5495803469017946
2015-04-08,-5.282359210094335e-05,2.5494456724665464
2015-04-09,0.0037327246039815724,2.5589798341845493
2015-04-10,0.003990125901140527,2.569210883915558
2015-04-13,-0.0015447820713923712,2.5652450769468618
2015-04-14,-0.0003354105509378114,2.5643848109615215
2015-04-15,0.006580720504682076,2.581315959144437
2015-04-16,-0.0016055413342722636,2.5771748749057317
2015-04-17,-0.011968910156679398,2.546512762444947
2015-04-20,0.012131148236185487,2.5775930247269825
2015-04-21,-0.0037664142532096677,2.5679030013957913
2015-04-22,0.007675115462053588,2.587687781540462
2015-04-23,0.0022315722673515227,2.5934688418581535
2015-04-24,0.008189390648886984,2.614794976174029
2015-04-27,0.000970438485016217,2.6173337054904136
2015-04-28,0.002493401716495474,2.62386791266072
2015-04-29,-0.0024547577364081494,2.6174348516363426
2015-04-30,-0.011585921914034488,2.5872844531769146
2015-05-01,0.010518270508625324,2.614641834887863
2015-05-04,0.0037881957581940673,2.624565394321585
2015-05-05,-0.011090511238849415,2.5956184372992093
2015-05-06,-0.007597385898530357,2.5759732429407434
2015-05-07,0.0038229165456281572,2.585839821208518
2015-05-08,0.01443795149781196,2.6234448678050017
2015-05-11,-0.007621657033089207,2.603525875066781
2015-05-12,-0.003299327870294037,2.59495014443898
2015-05-13,0.001247253553179607,2.5981887244723434
2015-05-14,0.013360392287297879,2.6331344696834718
2015-05-15,-0.0018323273431093412,2.6283141229717906
2015-05-18,0.002812794355498245,2.635717437220492
2015-05-19,2.4614373059738193e-05,2.635782314551226
2015-05-20,-0.0010786258324718236,2.6329408243858166
2015-05-21,0.0017470936187126264,2.6375448391498733
2015-05-22,-0.002527509441648461,2.630886837291875
2015-05-26,-0.011644011141412522,2.600430423172861
2015-05-27,0.010057467512868774,2.6267161299221993
2015-05-28,-0.0010574822398849433,2.6239398924352204
2015-05-29,-0.007233746037134017,2.6050274639581907
2015-06-01,0.0024670033379804984,2.6114620091661167
2015-06-02,-0.0011275667378364516,2.6085190709588804
2015-06-03,0.0031405838698090388,2.6167242216149913
2015-06-04,-0.008449195907978824,2.5947081460722554
2015-06-05,-0.00196669809065257,2.5896101532651454
2015-06-08,-0.006771734353446135,2.5721332425123284
2015-06-09,0.0008811604366209773,2.5744007034150544
2015-06-10,0.01227525954932351,2.606196894222397
2015-06-11,6.013750188130594e-05,2.6063536291058016
2015-06-12,-0.007398355323609213,2.5871420535197327
2015-06-15,-0.005669670502305072,2.572515314111659
2015-06-16,0.006986400189137222,2.5905508640141317
2015-06-17,0.0012029377341044767,2.5936690104925892
2015-06-18,0.008274190670827282,2.615218551986013
2015-06-19,-0.008082439383643341,2.5941663975496607
2015-06-22,0.006394335496949167,2.6108075155752144
2015-06-23,0.0018486103025893586,2.6156383450314125
2015-06-24,-0.004189073300567766,2.6047041623124665
2015-06-25,-0.004059888438523771,2.5941507912483663
2015-06-26,-0.0015304736220979017,2.59018354854516
2015-06-29,-0.019140082219382584,2.5410786573824033
2015-06-30,0.001056451400572152,2.5437646020241353
2015-07-01,0.007356631571932354,2.562547144419911
2015-07-02,6.73817583211319e-05,2.5627198191697818
2015-07-06,-0.002711876277435771,2.555779455044319
2015-07-07,0.003449308055338508,2.564610347184343
2015-07-08,-0.014829513746194296,2.526859031450816
2015-07-09,0.00048629336473373426,2.5280881250572396
2015-07-10,0.013031559411285537,2.561248653071685
2015-07-13,0.014322176001632395,2.5981952533680306
2015-07-14,0.0042090831103819394,2.609154320759609
2015-07-15,0.003780474378759916,2.619036830336543
2015-07-16,0.010966950198724469,2.6479177551876285
2015-07-17,0.012312570323899439,2.6807219664152933
2015-07-20,0.003644304717418194,2.690509157044141
2015-07-21,-0.0029429049800642005,2.6826028836587748
2015-07-22,-0.007693630096591055,2.6620431203968242
2015-07-23,-0.006371921938471872,2.645134716161442
2015-07-24,-0.009801248955448896,2.6193357299611044
2015-07-27,-0.007802449536803695,2.5989780183950555
2015-07-28,0.009968550327492337,2.625015624548095
2015-07-29,0.007279365987536784,2.644193791765067
2015-07-30,-0.0020485956940071103,2.638782452464832
2015-07-31,-0.007901672740652416,2.6180138186254505
2015-08-03,-0.0034990860330258696,2.608869171322541
2015-08-04,-0.0043851936852540175,2.597453822258138
2015-08-05,0.002446053889146015,2.603815111137924
2015-08-06,-0.005251183203563435,2.590177838207626
2015-08-07,-0.0035181072388762004,2.58108132544111
2015-08-10,0.012913361806629881,2.614627895778949
2015-08-11,-0.010625518023626745,2.586993196444933
2015-08-12,0.0024080871750383776,2.593230408444243
2015-08-13,-0.0019387573119455058,2.5882076345713902
2015-08-14,0.0035548146860213256,2.597424605687367
2015-08-17,0.0035799130637109594,2.6067398238523936
2015-08-18,-0.0041528577299856624,2.595936851354641
2015-08-19,-0.008939964921232472,2.5728326960141286
2015-08-20,-0.02149179732260707,2.5181278554911644
2015-08-21,-0.039502698161517726,2.4205941166277287
2015-08-24,-0.03878532517190318,2.3285079266099755
2015-08-25,-0.010802078191020345,2.303490564928706
2015-08-26,0.047271358145978735,2.4149943983052715
2015-08-27,0.02347075971443042,2.4723465682329855
2015-08-28,-0.0007717391174504874,2.4704392977266756
2015-08-31,-0.006535881306880152,2.454345450728786
2015-09-01,-0.03316246443766053,2.374288093416082
2015-09-02,0.021657227171229247,2.426269444244611
2015-09-03,-0.0018386697454740822,2.421812434763008
2015-09-04,-0.015707569204426685,2.384068854323849
2015-09-08,0.0253425787470713,2.4452593951377657
2015-09-09,-0.014819926416172663,2.4092880356477884
2015-09-10,0.008240616839372586,2.4292240850599076
2015-09-11,0.005685579519787384,2.443074969607917
2015-09-14,-0.0015239150666060183,2.4393547662098456
2015-09-15,0.01254082251903318,2.4701389071613957
2015-09-16,0.005678681045791603,2.4842059414523567
2015-09-17,-0.007576052961599035,2.465456578435024
2015-09-18,-0.015162781184661526,2.4283553892475367
2015-09-21,0.00871192403299729,2.4496034583159134
2015-09-22,-0.01165746914164755,2.421213083065221
2015-09-23,0.00037538836841796377,2.422122148909762
2015-09-24,0.0007336009614561825,2.42389967196356
2015-09-25,0.0010263258865566582,2.426388659981249
2015-09-28,-0.017160239188398915,2.385106469383082
2015-09-29,-0.002332237481988775,2.3795503163293366
2015-09-30,0.015865450765347164,2.4176040261334513
2015-10-01,5.716098231675424e-05,2.4177422227041263
2015-10-02,0.011456172009520373,2.4455995580199326
2015-10-05,0.016588637816189383,2.48650708532519
2015-10-06,0.00015540166255521336,2.4868935226859312
2015-10-07,0.004908815714026725,2.4991312364562326
2015-10-08,0.003624365374368333,2.50820543534854
2015-10-09,0.0017489886321224177,2.512596096631089
2015-10-12,0.0008226089259553988,2.5146638309592557
2015-10-13,-0.0017900022594646782,2.51016660324473
2015-10-14,-0.008131428675265564,2.489838124345554
2015-10-15,0.016649349249877217,2.5316393246386557
2015-10-16,0.003671769946642406,2.540952008380028
2015-10-19,0.0004587444902446097,2.542117923521975
2015-10-20,-0.00043972629935495834,2.541000333149888
2015-10-21,-0.0059418098585163935,2.5259469587524706
2015-10-22,0.019681936982348547,2.5761549622135655
2015-10-23,0.02260342979225783,2.6350479847632764
2015-10-26,-0.0029247132691689807,2.627352484009501
2015-10-27,-0.002948499599762729,2.6196171456869637
2015-10-28,0.016031313284566515,2.6619514796533084
2015-10-29,-0.00011659520662615335,2.661641126963679
2015-10-30,-0.009670403393644318,2.63602603732131
2015-11-02,0.015060166569345534,2.6760254715806404
2015-11-03,0.006021143255126393,2.692186810341038
2015-11-04,-0.001800238104097111,2.687344592941594
2015-11-05,0.0018436156651032258,2.6923035933715065
2015-11-06,0.003672574905699808,2.7022094588695413
2015-11-09,-0.009897557841939627,2.6755961053094417
2015-11-10,-0.0011154952516749955,2.672613154601559
2015-11-11,-0.002225026262446216,2.666673130948152
2015-11-12,-0.01290717301888779,2.63247509421818
2015-11-13,-0.015252817351774502,2.5926271020409946
2015-11-16,0.015328951055677232,2.6326755219270894
2015-11-17,-0.0016231640119805956,2.6284057239933034
2015-11-18,0.0183113689308326,2.6769787933718487
2015-11-19,0.0016892151240565643,2.6815046078973825
2015-11-20,0.001912496675452466,2.6866378836669775
2015-11-23,-0.0036972027911490583,2.6767231782169367
2015-11-24,0.0014468271996354136,2.680598737072997
2015-11-25,-0.0021106901126870235,2.674946790674557
2015-11-27,-0.0004073547272697824,2.6738573603615396
2015-11-30,-0.0032440537608198297,2.6651972778172444
2015-12-01,0.01184058428132423,2.6969423399677654
2015-12-02,-0.010206706174073418,2.669555444688162
2015-12-03,-0.01315748331268693,2.6346608792128294
2015-12-04,0.023140197841458418,2.696338315066543
2015-12-07,-0.005883049610177722,2.6805221921277957
2015-12-08,-0.00782982643109471,2.6596161208791953
2015-12-09,-0.008883385452255033,2.6360943568544584
2015-12-10,0.0025420885349570726,2.6428040668211747
2015-12-11,-0.018485528517764614,2.5943992099382474
2015-12-14,0.009941034705057562,2.620318843052346
2015-12-15,0.011603374672693793,2.6509004662454867
2015-12-16,0.013734839423769383,2.6875613478134905
2015-12-17,-0.015088727736698778,2.6473138715576696
2015-12-18,-0.02258417962232198,2.5881965305776458
2015-12-21,0.007421440373222028,2.607476129510752
2015-12-22,0.0071569736743120555,2.6262047075527675
2015-12-23,0.009755208415619361,2.6519492493397037
2015-12-24,-0.0029719909583014346,2.6440793805309646
2015-12-28,-0.0007776391784129313,2.642024040074038
2015-12-29,0.010616895166712907,2.6702235631421116
2015-12-30,-0.007507005121850411,2.6502532336458064
2015-12-31,-0.011960151516510573,2.6187446030082313
2016-01-04,-0.018487223486497967,2.5707760551170957
2016-01-05,0.0006668189138017944,2.572490868885383
2016-01-06,-0.010317801840340781,2.5460848780129557
2016-01-07,-0.025291238738850138,2.4824987133040284
2016-01-08,-0.009532713811342939,2.458946201566333
2016-01-11,0.004051275615645948,2.4689282767690135
2016-01-12,0.0092540949032084,2.4918820175897594
2016-01-13,-0.02393740141014968,2.432941098090777
2016-01-14,0.020396070767602824,2.483073046389202
2016-01-15,-0.025740112544195552,2.419974038337383
2016-01-19,0.0004714307526271332,2.421115157477808
2016-01-20,-0.012339802108380118,2.39142265214684
2016-01-21,0.005393651139249344,2.4043559992861234
2016-01-22,0.025288535945324254,2.4659339691422604
2016-01-25,-0.01430077352886079,2.430920164881909
2016-01-26,0.014135905425983999,2.4655274487989884
2016-01-27,-0.015870831083269005,2.4267063554970045
2016-01-28,0.02260525229403551,2.4821873836913664
2016-01-29,0.022503301162531936,2.538678022984757
2016-02-01,-0.0031323556918185424,2.530738421749043
2016-02-02,-0.017630679842144916,2.486510809942789
2016-02-03,-0.00014565224436318146,2.4861486704365436
2016-02-04,-0.00020731717085271448,2.485633302552021
2016-02-05,-0.021127949094525693,2.4336678633032682
2016-02-08,-0.007058057454855169,2.4165513713463223
2016-02-09,-0.002289101818380359,2.4110259657287414
2016-02-10,-0.0013493389643322016,2.407774868358623
2016-02-11,-0.007578269454842228,2.3895970667550284
2016-02-12,0.01737136001699237,2.431470261890598
2016-02-16,0.012318267670443283,2.461606998526221
2016-02-17,0.014742568333553077,2.4981662342715345
2016-02-18,-0.008451527978164218,2.4771418815455033
2016-02-19,0.0021033766808263663,2.4823577275356654
2016-02-22,0.013875731424822037,2.5170423373273105
2016-02-23,-0.015724268570726924,2.4777732356741105
2016-02-24,0.0038479657742353486,2.4873259898296483
2016-02-25,0.009850285673946978,2.511947928875696
2016-02-26,-0.004371142026474301,2.5009918105349023
2016-02-29,-0.007669002979879404,2.4818850554129126
2016-03-01,0.027643471301597642,2.551450052870138
2016-03-02,0.004607673461324316,2.5632334276909763
2016-03-03,-0.0008907332605931693,2.5609512869624824
2016-03-04,0.0017613121132607633,2.5654658961364833
2016-03-07,-0.0043832338517422855,2.5542454680198143
2016-03-08,-0.006789314525902769,2.5369626278672732
2016-03-09,0.0071715474217340916,2.5552219712756643
2016-03-10,-0.0013997293273230542,2.5516478541264926
2016-03-11,0.013091329047509119,2.585271927487827
2016-03-14,0.00026030889581886115,2.5859449843662086
2016-03-15,0.004170048843850551,2.5967510164401912
2016-03-16,0.0026561010391672204,2.6036574175026215
2016-03-17,0.004163759010307803,2.614521020551958
2016-03-18,0.0006325934526068281,2.6161754726738793
2016-03-21,0.0024503043190005035,2.6225937588997876
2016-03-22,0.00020714340060593416,2.623137068158935
2016-03-23,-0.00255101954216962,2.61645392227847
2016-03-24,0.0011608553623743138,2.619493010474181
2016-03-28,-0.0010382319932262176,2.616774780345587
2016-03-29,0.010132333919678216,2.6434235955703214
2016-03-30,0.005274919316663339,2.657404282837943
2016-03-31,-0.004530122367080402,2.6453931427660833
2016-04-01,0.007000683223571895,2.663977678482495
2016-04-04,-0.002611898429819577,2.6570287183065697
2016-04-05,-0.009194919339556169,2.6327095313816335
2016-04-06,0.011272007787943057,2.662553337539555
2016-04-07,-0.012655637642800002,2.6290693547840953
2016-04-08,0.000919262645335287,2.6314872712138
2016-04-11,-0.002971207269340361,2.6236801810893207
2016-04-12,0.0107921708462093,2.6521487282491005
2016-04-13,0.010551981003443341,2.6802823227829595
2016-04-14,0.002541146831933538,2.687101974915109
2016-04-15,-0.0029336562225104456,2.6792304932418602
2016-04-18,0.006659241121381716,2.6971316730996273
2016-04-19,0.003991992431616498,2.707920121701238
2016-04-20,0.00037992882656950373,2.7089491340788747
2016-04-21,-0.0043673269027567916,2.6971440647096383
2016-04-22,-0.010608638415895828,2.668682275915799
2016-04-25,0.00048530066482334707,2.669977703509015
2016-04-26,-0.004963176826515766,2.656758962652688
2016-04-27,-0.005719436382747891,2.641607169942451
2016-04-28,-0.007634213329903305,2.621517359792975
2016-04-29,0.0017288280041729141,2.6260534323328266
2016-05-02,0.01008135317005511,2.652661501744107
2016-05-03,-0.0075438659413601256,2.632725470905559
2016-05-04,-0.003222151963713233,2.624256081517006
2016-05-05,-0.00044889427773728025,2.6230783323409055
2016-05-06,0.006837194180601783,2.641074279036067
2016-05-09,-0.00039622273649187964,2.6400280326449406
2016-05-10,0.012487479971304949,2.673202028543862
2016-05-11,-0.00785952483908265,2.652274279611109
2016-05-12,0.0008376384090789244,2.6544968571473255
2016-05-13,-0.009730215290922219,2.628793284679766
2016-05-16,0.009035391200602927,2.6526530894046028
2016-05-17,-0.009904546759455289,2.6265094470321797
2016-05-18,0.0039100104258272105,2.63679922982327
2016-05-19,-0.0008805480105841345,2.634478423447814
2016-05-20,0.005169034501957549,2.648131389239535
2016-05-23,-0.003293266659238783,2.639424730968847
2016-05-24,0.01371196244033606,2.6758656913228283
2016-05-25,0.008346379204826785,2.6982929440678864
2016-05-26,0.00041082204438398827,2.6994016900245614
2016-05-27,0.004147165462826892,2.7106198010867697
2016-05-31,-0.0021195294937311066,2.7048806467740425
2016-06-01,-0.0004969030501604091,2.703536917209649
2016-06-02,0.0006329239891364521,2.705248592203009
2016-06-03,-0.00496960987971983,2.6918379125953447
2016-06-06,0.004349951372330356,2.703572781167152
2016-06-07,0.0008490455374823483,2.705869212321619
2016-06-08,0.0036467488512564442,2.7157548520303547
2016-06-09,-0.000666177551130999,2.713946279595621
2016-06-10,-0.007048302304554479,2.6948848201550595
2016-06-13,-0.008906096441430821,2.6709904766505606
2016-06-14,0.00025627264579303384,2.671675066163936
2016-06-15,-0.0029463260980634267,2.6638150249991375
2016-06-16,0.0038736967579890186,2.674153848430475
2016-06-17,-0.009654492594336537,2.648460477704677
2016-06-20,0.004048477501919777,2.6592044440417713
2016-06-21,0.006310250070205534,2.676037744381381
2016-06-22,-0.0026650384283993978,2.6689154957054053
2016-06-23,0.011601964260615228,2.7000604800421755
2016-06-24,-0.032884205286183785,2.6127151487507003
2016-06-27,-0.013498639909296103,2.5776840160218284
2016-06-28,0.01852037510161401,2.625868511070326
2016-06-29,0.014223394235177602,2.6634841510007328
2016-06-30,0.010121676214006182,2.6905799714123795
2016-07-01,0.0011807730205766716,2.69375881202761
2016-07-05,-0.0037836588122910804,2.683585805489669
2016-07-06,0.006523145398765323,2.7011484454396943
2016-07-07,-0.002008193208720504,2.6957294604813704
2016-07-08,0.011907703918164158,2.728021287937283
2016-07-11,0.004560833648406268,2.7404917554681187
2016-07-12,0.004309879565737598,2.752328433892069
2016-07-13,-0.0004940301583191459,2.75096903645944
2016-07-14,0.005807694828750054,2.7669923092078625
2016-07-15,-0.0014789855940317627,2.762902992209626
2016-07-18,0.005844088462781569,2.779096914979068
2016-07-19,0.0008333810097925725,2.7814139269151568
2016-07-20,0.004763161316245723,2.794693852242029
2016-07-21,-0.0041049137669218584,2.7832453885276336
2016-07-22,0.0027586675748444826,2.790934037671301
2016-07-25,-0.005166719731403179,2.776551251617751
2016-07-26,-0.0032558139844063847,2.7675260174386724
2016-07-27,0.004737856202945476,2.780669268578331
2016-07-28,0.003233884783896676,2.789676188436037
2016-07-29,0.0029106306605068202,2.797807733704758
2016-08-01,0.00023287834285553802,2.7984593584051067
2016-08-02,-0.004522930098010528,2.785830703136008
2016-08-03,0.001939019421390849,2.791237723438677
2016-08-04,0.0023840423838798618,2.797900091002613
2016-08-05,0.009206975577127522,2.823779240344778
2016-08-08,0.0007910116984746876,2.826013766409418
2016-08-09,0.002358075601179393,2.832685583753868
2016-08-10,-0.0033268719046587922,2.82327726049138
2016-08-11,0.0025029838613092976,2.8303527291083297
2016-08-12,-0.00011682276801270691,2.830022098781014
2016-08-15,0.0014284873793616157,2.834067638445678
2016-08-16,-0.004297111692866488,2.8219154615881004
2016-08-17,0.0040572306403266435,2.8333878808513417
2016-08-18,0.0006369223771817035,2.835193103828319
2016-08-19,-0.003575811310224765,2.8250730926693888
2016-08-22,-0.0015156812374418867,2.8207944257551207
2016-08-23,0.0011105995379794007,2.8239289390134035
2016-08-24,-0.002136309319904507,2.817902592664105
2016-08-25,-0.0008034643407613561,2.8156394177270903
2016-08-26,0.0001993022197544301,2.816200636837321
2016-08-29,0.005751347667956054,2.8324442523671385
2016-08-30,-0.0013284231547024145,2.8286840659502106
2016-08-31,-0.0011388894574387966,2.825464341292326
2016-09-01,0.0010607495162651198,2.828463041379234
2016-09-02,0.003960850122184109,2.839688375820358
2016-09-06,0.005405616315334065,2.8550802053175146
2016-09-07,-0.0005163703619574138,2.853606307089908
2016-09-08,-0.0029536005459093093,2.8451903287807854
2016-09-09,-0.021721461446573574,2.7840550146597343
2016-09-12,0.013764650697686101,2.822641515076969
2016-09-13,-0.011506060564513131,2.790350160246829
2016-09-14,0.0016411308417720626,2.7949332496501986
2016-09-15,0.010734837470752844,2.8250980211126997
2016-09-16,-0.003669476411012974,2.814750387375336
2016-09-19,-0.002964361807766595,2.806418803843721
2016-09-20,0.0011648749722411671,2.8096898356716196
2016-09-21,0.006399526967573529,2.8277281784142
2016-09-22,0.006073181985639784,2.844953740288724
2016-09-23,-0.005764770153473801,2.8286004177401227
2016-09-26,-0.009413005025508072,2.8020997091180755
2016-09-27,0.008829678745701484,2.8269509019311165
2016-09-28,0.006645537164559332,2.8458000712701037
2016-09-29,-0.010873915067623974,2.815022721403993
2016-09-30,0.008153856586219607,2.8380698467473975
2016-10-03,-0.0028238790924487536,2.8300667858007285
2016-10-04,-0.001597039301488078,2.825550665088979
2016-10-05,0.005441234604358236,2.8409670532003526
2016-10-06,-0.0003133363222870142,2.8400770144801757
2016-10-07,-0.0004440004579253702,2.838816298885065
2016-10-10,0.007054041625592828,2.8589122226359374
2016-10-11,-0.008003601550542291,2.8361219521176575
2016-10-12,0.001304357956619518,2.8398236840187465
2016-10-13,-0.005433888506060438,2.8244342488475187
2016-10-14,0.0015535588261941322,2.828825583819199
2016-10-17,-0.001823306716037203,2.823672466418112
2016-10-18,0.0037761610041778296,2.8343552655649655
2016-10-19,0.0024850609133302403,2.841407570123809
2016-10-20,-0.0035017946982891695,2.8314749453154713
2016-10-21,0.0024282046540055014,2.838358700155837
2016-10-24,0.008258737831410437,2.861897025170333
2016-10-25,-0.0006673516111742335,2.8599877707224453
2016-10-26,-0.003053749988484101,2.8512674047859585
2016-10-27,-0.0024832903725951266,2.8441956641168464
2016-10-28,-0.0045838159565153086,2.8311882292672506
2016-10-31,-0.0014636576703575893,2.827047370038688
2016-11-01,-0.005694950157254349,2.8109932333179106
2016-11-02,-0.008853851843054114,2.786214969103656
2016-11-03,-0.005829834549369307,2.7700190524428794
2016-11-04,-0.005107386200627755,2.7559075624488907
2016-11-07,0.02156617705759309,2.815987471291831
2016-11-08,0.005459039846049538,2.831402095345987
2016-11-09,0.008882310059286955,2.8566635104360785
2016-11-10,-0.003722715861800085,2.846048734031036
2016-11-11,-0.0016309666245527558,2.841410706795909
2016-11-14,-0.007947050544146295,2.818919360595956
2016-11-15,0.011421882722867382,2.851301306287569
2016-11-16,0.0014637559151403343,2.8554779715039658
2016-11-17,0.004293868820882085,2.867765380717286
2016-11-18,-0.0032590988758715387,2.858434263564817
2016-11-21,0.010409221981855577,2.8883437374494396
2016-11-22,0.0008973383305713873,2.8909367222152365
2016-11-23,-0.0011341065474948862,2.8876599504055753
2016-11-25,0.004122341118203743,2.8995884395126623
2016-11-28,-0.004776486058469571,2.8857716199480516
2016-11-29,0.0007669491543503142,2.887985708989949
2016-11-30,-0.004287574383926051,2.8756297628905085
2016-12-01,-0.002458748046913996,2.868567998934145
2016-12-02,-0.0006109712140922807,2.866815921749994
2016-12-05,0.008895130588240005,2.892430376816222
2016-12-06,0.0035530157093792434,2.902725505930667
2016-12-07,0.013032860628536348,2.9408039192351394
2016-12-08,0.0020006732319172165,2.9466933964118582
2016-12-09,0.009388414834685027,2.9744884479855043
2016-12-12,0.0007768691504726074,2.9768001341217403
2016-12-13,0.008427482895807638,3.0019930737650395
2016-12-14,-0.005975515588758061,2.9841081065235513
2016-12-15,0.0032940574970992164,2.9939541379977763
2016-12-16,-0.0023276221909917386,2.986993447978288
2016-12-19,0.003616844499137141,2.997816499648481
2016-12-20,0.0035915131110717956,3.0086025544460897
2016-12-21,-0.002252711068859943,3.0018326703292626
2016-12-22,-0.0018813668633005994,2.9961904310393943
2016-12-23,-0.00033471873313829597,2.9951877177968904
2016-12-27,0.002036837357288195,3.0012946453303386
2016-12-28,-0.005820831742686775,2.983875360735438
2016-12-29,-0.0018975634723988153,2.9782186365386893
2016-12-30,-0.005245218917890401,2.962638125122638
2017-01-03,0.00879141023779228,2.988798718025461
2017-01-04,0.0011735695581129692,2.992308340206332
2017-01-05,0.0023659169920965976,2.999396274780179
2017-01-06,0.004025990167401523,3.0114961553471766
2017-01-09,-0.0022553897902397764,3.0047117113238677
2017-01-10,-0.0016158764072591219,2.99986038918301
2017-01-11,0.003931109513730477,3.0116763786564578
2017-01-12,-0.001854968674329892,3.0060949915663566
2017-01-13,0.0019109016691530331,3.0118448354468565
2017-01-17,-0.0041528332262666685,2.999363081401694
2017-01-18,0.0005622825688138813,3.001050045210636
2017-01-19,-0.0037656656780662486,2.9897703451759328
2017-01-20,0.004898070613116994,3.0044503740033544
2017-01-23,0.00117683805377752,3.0079882068540216
2017-01-24,0.0033986322055033673,3.0182286443308963
2017-01-25,0.010123361270956727,3.048938444227769
2017-01-26,0.0011074696417403464,3.052316921429449
2017-01-27,-0.00047733137438830313,3.050860302470896
2017-01-30,-0.007542419852694183,3.027935994213186
2017-01-31,-0.003992052481299785,3.0158724100657057
2017-02-01,0.004897667343484586,3.030679380089304
2017-02-02,-0.0010004439291218874,3.0276488714821146
2017-02-03,0.005599083975352235,3.044648478463859
2017-02-06,-0.0010077738722197023,3.0415817068428788
2017-02-07,0.001041741516445651,3.0447518997566476
2017-02-08,0.0010706499958740723,3.0480135090749982
2017-02-09,0.00569283970356499,3.0654148459112815
2017-02-10,0.0006792672410845858,3.0674977891539084
2017-02-13,0.0059118499303851615,3.0856860860125956
2017-02-14,0.005233669018160802,3.1018778799664166
2017-02-15,0.005554449766702463,3.119155042980736
2017-02-16,0.0008466124667726332,3.1217968766727946
2017-02-17,0.0018463207015374005,3.127566039095321
2017-02-21,0.0057776803141290824,3.145688418073885
2017-02-22,0.0005013494383693144,3.1472659025980194
2017-02-23,0.0019366537479238223,3.1533669728273583
2017-02-24,-0.0005828740263306211,3.1515294926851554
2017-02-27,0.0007989261686735188,3.1540483381199964
2017-02-28,-0.0017204866318083086,3.1486265055508302
2017-03-01,0.016017133404556596,3.19946452917069
2017-03-02,-0.0056826043140293155,3.181334799062967
2017-03-03,0.0010784409913001843,3.1847675315843587
2017-03-06,-0.0024198063191893018,3.1770703276135768
2017-03-07,-0.0012693567379649176,3.1730400504571183
2017-03-08,-0.0010110673687275954,3.1698335144875367
2017-03-09,0.0031619417258547736,3.1798722058557654
2017-03-10,0.0024646259558515353,3.187719067247669
2017-03-13,0.0001864019698208525,3.188313319744237
2017-03-14,-0.001627382142921259,3.1831289352132326
2017-03-15,0.0053257661029585774,3.2001267584362463
2017-03-16,-6.570301031865619e-05,3.199916507381955
2017-03-17,-0.0027114047534026573,3.191251990367912
2017-03-20,-0.0011399176566332715,3.1876162984657106
2017-03-21,-0.013162471216161716,3.1459343114503513
2017-03-22,0.002235088475987375,3.152973616780724
2017-03-23,-0.00231399213541004,3.145686095513576
2017-03-24,-0.001316724260037116,3.1415468200574015
2017-03-27,-0.0006745247403602823,3.1394284835197914
2017-03-28,0.007908253511947076,3.1643543098208387
2017-03-29,0.0021047318923227308,3.171021441055973
2017-03-30,0.0036425497767489192,3.182593106887989
2017-03-31,-0.003017322705324487,3.173004669424416
2017-04-03,0.0013917591488534053,3.1774238021733394
2017-04-04,0.0021953754490822595,3.18440710305885
2017-04-05,-0.003061145530950434,3.1746740741958663
2017-04-06,-0.0008257459529430638,3.17205368196522
2017-04-07,-0.0016586506159648464,3.1667967141134508
2017-04-10,9.722481284670744e-05,3.167104620299122
2017-04-11,-0.0033453616174675444,3.156527212555512
2017-04-12,-0.0010716096000856542,3.1531464594388767
2017-04-13,-0.00825460307227207,3.127225617302749
2017-04-17,0.009840328774833339,3.158150451254212
2017-04-18,-0.0030885592213067627,3.1484113641712472
2017-04-19,-0.002860694248759104,3.1394175922382868
2017-04-20,0.007797957663018737,3.163994337379422
2017-04-21,-0.00317524396485654,3.153963816557623
2017-04-24,0.012700314830667614,3.194275594277358
2017-04-25,0.006011242254327797,3.2135349871448797
2017-04-26,-0.0008756671572911944,3.2107222317963044
2017-04-27,-0.00015343334883530983,3.2102296377232453
2017-04-28,0.002035740013548135,3.2167714871425015
2017-05-01,0.007585535941496883,3.241265204412161
2017-05-02,0.0015294803760362572,3.2462264490318242
2017-05-03,0.0017378287839105106,3.2518727395161005
2017-05-04,-0.0014420233698089664,3.247186842428628
2017-05-05,0.002194221031241148,3.2543197107736934
2017-05-08,0.00559011306471739,3.2725626684971
2017-05-09,-0.001708196876962876,3.266977259014781
2017-05-10,0.0006611185135647775,3.2691378322829094
2017-05-11,-0.0015314009610282227,3.26413530288164
2017-05-12,0.0017351346659536632,3.2698039336967426
2017-05-15,0.002929967734785862,3.2793984025998983
2017-05-16,0.0013996889732774377,3.283991754264925
2017-05-17,-0.0217207888697713,3.213429965765004
2017-05-18,0.007418912357351627,3.237358774159764
2017-05-19,0.005539734401873801,3.255342648885209
2017-05-22,0.004682858314798546,3.2706227065253164
2017-05-23,0.0030023996260410183,3.2804571790369472
2017-05-24,0.0017175854971526018,3.2860964863215174
2017-05-25,0.004841964771057709,3.302046232636161
2017-05-26,-0.00021075672289795115,3.3013503775239603
2017-05-30,-0.00013283208376812855,3.300911881397887
2017-05-31,-0.003870814839802661,3.288159359949926
2017-06-01,0.00457042244039448,3.3032220324443866
2017-06-02,0.005168973396296581,3.3203405035984757
2017-06-05,0.0014193461419496109,3.3250565621502473
2017-06-06,-0.0013474435835236951,3.3205792531587788
2017-06-07,0.0027437852685025374,3.329702720290121
2017-06-08,0.0004270287287222249,3.331124902644539
2017-06-09,-0.007548554985890415,3.3060743896887907
2017-06-12,-0.004054994596222574,3.2926954200611713
2017-06-13,0.005743775357701836,3.3116623415988964
2017-06-14,-0.002478295960704797,3.3034652238319433
2017-06-15,-0.00476734297046762,3.2877539523852275
2017-06-16,0.0004640340761922281,3.2892799362801513
2017-06-19,0.009802324295371994,3.3216810686778113
2017-06-20,-0.006435976577872824,3.300371454765469
2017-06-21,0.000608223469918523,3.302379428730251
2017-06-22,-0.0024808099770270574,3.2941970066092487
2017-06-23,0.0038153606739542035,3.3067895636181284
2017-06-26,-0.003253232411200795,3.2960492884109422
2017-06-27,-0.009584700652621413,3.2646085583336983
2017-06-28,0.01068051959654103,3.299663141363907
2017-06-29,-0.009294409798147522,3.2691368018406615
2017-06-30,-0.0008415562141849992,3.2663867967542863
2017-07-03,0.0004896031365185401,3.2679864215337604
2017-07-05,0.0052776028979781365,3.2852791480764845
2017-07-06,-0.007727086949484001,3.2599913368274387
2017-07-07,0.006913529612916913,3.2826074720510716
2017-07-10,0.0019173229830669726,3.288907328301289
2017-07-11,-0.00037080517784926953,3.287688010513134
2017-07-12,0.0073256825272824105,3.3118610028559274
2017-07-13,0.00311465271621431,3.322192380699118
2017-07-14,0.0041162189531475015,3.335895434980568
2017-07-17,0.00022859832922459268,3.3366581022723856
2017-07-18,0.0043763629824669185,3.351292528700151
2017-07-19,0.00479719852217942,3.367407967841114
2017-07-20,0.0014747244310271668,3.372377630181085
2017-07-21,-0.0022770462688678967,3.3647073064362796
2017-07-24,0.0020341343372987123,3.371558538904506
2017-07-25,0.0023869549368795246,3.379615909668776
2017-07-26,0.002265768795154866,3.3872820194730693
2017-07-27,0.0011308390820620024,3.391114657002378
2017-07-28,-0.002310469059504715,3.3832886358814194
2017-07-31,-0.0028225215133273807,3.3737526949508347
2017-08-01,0.0054554810864880015,3.392208435667123
2017-08-02,0.005293500751405724,3.410212704333435
2017-08-03,-0.002551501214138585,3.401522633555406
2017-08-04,0.0036797464691159226,3.4140624319456467
2017-08-07,0.0026288264209249606,3.423049216642523
2017-08-08,-0.00034148464930819285,3.421880497442403
2017-08-09,0.000774647324881042,3.424532274979391
2017-08-10,-0.014937290302746882,3.3737591924222725
2017-08-11,0.0021237540263842605,3.380931840865818
2017-08-14,0.010933613445356599,3.4181004661165297
2017-08-15,0.001572569174318031,3.4234798941970555
2017-08-16,-0.0005001885377493151,3.421767936981144
2017-08-17,-0.01502380923643629,3.3707441934701854
2017-08-18,-0.0006131505129748359,3.3686780534309957
2017-08-21,-0.00037641549390758265,3.3674102694394357
2017-08-22,0.010793504265580348,3.403953285375499
2017-08-23,-0.002749083201250257,3.394608385419882
2017-08-24,-0.0032563202889749985,3.383572431313702
2017-08-25,0.00039714023983637427,3.384916450945052
2017-08-28,0.0002540838477271108,3.385776612813134
2017-08-29,0.0027868426662939526,3.3952253995619635
2017-08-30,0.0038306312439057347,3.4082561982156516
2017-08-31,0.0049786052121956505,3.4252668698615953
2017-09-01,-0.0003704923711108591,3.4239980696722014
2017-09-05,-0.00880826345890465,3.393971029769263
2017-09-06,0.0028936767791408573,3.403806308122613
2017-09-07,0.00019337690846498272,3.4044645893096304
2017-09-08,-0.006605619413771605,3.3820501042070927
2017-09-11,0.011988779910305962,3.422840785228558
2017-09-12,0.004117599870555104,3.4369637303671814
2017-09-13,0.0029949108962905617,3.447272559800801
2017-09-14,-0.003158493234822091,3.436401549785381
2017-09-15,0.00370435095635074,3.4491547938150315
2017-09-18,1.8788373397968466e-05,3.44921959843199
2017-09-19,0.005798633024796466,3.4692784578825226
2017-09-20,-0.00022836298935319891,3.4684862935369334
2017-09-21,-0.0058874583058685604,3.448125719925133
2017-09-22,-0.0021569327123046795,3.4406963599587956
2017-09-25,-0.007946403236415874,3.413463544038709
2017-09-26,0.0014115736145634019,3.4182853014438837
2017-09-27,0.007396689212706841,3.44366303536103
2017-09-28,0.0018496973669242657,3.4500386644845253
2017-09-29,0.004368074807047301,3.465141652936041
2017-10-02,0.002132038374507201,3.4725373490656994
2017-10-03,0.003543614294404375,3.484864510506896
2017-10-04,-0.0016674253456264818,3.479058600901602
2017-10-05,0.009737996182440818,3.513103154107648
2017-10-06,0.0011922245706829909,3.5172940597612534
2017-10-09,0.0010144661205755304,3.520864045929824
2017-10-10,0.002661979892975684,3.5302490009648677
2017-10-11,0.004820638909701905,3.547308141602609
2017-10-12,-0.0028209384552230063,3.5373155045869775
2017-10-13,0.002272512442729908,3.545363238909787
2017-10-16,0.005252757091776464,3.564035167426237
2017-10-17,0.0025439705304598557,3.5731135104842036
2017-10-18,-0.0010774165286438957,3.56926585206688
2017-10-19,-0.0036866038085660675,3.556131608235206
2017-10-20,0.004556563478969717,3.572372320466317
2017-10-23,-0.003889414652468889,3.558504868835509
2017-10-24,0.002770522658572796,3.5683774570048734
2017-10-25,-0.0026417753573373458,3.558963046227723
2017-10-26,0.002404980236101663,3.5675325826673356
2017-10-27,0.0252704667721734,3.6588345593315936
2017-10-30,0.0007113212171281734,3.66143809184779
2017-10-31,0.0008896028530687208,3.6646967668690222
2017-11-01,0.0027860730148012228,3.674921115916491
2017-11-02,0.0013808970648872042,3.6799993091232417
2017-11-03,0.004232956566294768,3.6956096018997506
2017-11-06,0.0001537160752595959,3.6961777201667827
2017-11-07,-0.0004406662496341392,3.6945492982145045
2017-11-08,0.001540194031584641,3.7002440053442287
2017-11-09,-0.0025499227100361983,3.6908206885929697
2017-11-10,-0.002368081620757621,3.682090864502391
2017-11-13,0.00032217798633359806,3.6832773442411773
2017-11-14,-0.00256068781269635,3.6738576863836894
2017-11-15,-0.005823119121606055,3.6525265426115827
2017-11-16,0.01001321893879299,3.6892838127387666
2017-11-17,-0.007401355161931136,3.6620789136978793
2017-11-20,0.0007918353139273883,3.6649798254747545
2017-11-21,0.008762489087812643,3.6972352838694573
2017-11-22,0.0008889829052685384,3.700523524211744
2017-11-24,0.004020177542404099,3.715430229503212
2017-11-27,0.0025647923029232782,3.7249717671585794
2017-11-28,0.008000424999890576,3.75489265472203
2017-11-29,-0.007080328030428852,3.7284006796169495
2017-11-30,0.008705963693270383,3.7610017063324084
2017-12-01,-0.0023044888301192745,3.752344498960247
2017-12-04,-0.004720809664738355,3.734672141522588
2017-12-05,0.00032764338256611287,3.7358959826165816
2017-12-06,0.0027447373363939896,3.746164121030071
2017-12-07,0.0026950584588335312,3.7562738693948443
2017-12-08,0.0044411647654001565,3.77299319972225
2017-12-11,0.005242420335214966,3.7928247532476953
2017-12-12,0.003081202696886069,3.8045292377908773
2017-12-13,-0.0002779215237864871,3.803472024145839
2017-12-14,-0.0020585024205009325,3.7956506207286487
2017-12-15,0.010546479221980765,3.8358932069250504
2017-12-18,0.006689168409838739,3.8616381527310883
2017-12-19,-0.004429705668387272,3.844570063531989
2017-12-20,-0.0020703927923046944,3.8366185276246294
2017-12-21,0.003163968499195861,3.848776691670851
2017-12-22,-0.0010020620299012132,3.844921910374102
2017-12-26,-0.0033456477958982932,3.8320796506771826
2017-12-27,0.0013791207675957677,3.837368197240487
2017-12-28,0.001644980859367366,3.843685789209629
2017-12-29,-0.006410698922627664,3.8191238904492133
2018-01-02,0.009201028901689848,3.8544259181807794
2018-01-03,0.006563002165241292,3.8798057165648356
2018-01-04,0.004184686807709659,3.896075506608799
2018-01-05,0.008514509844693034,3.929390308200535
2018-01-08,0.0017690221419299852,3.9363476386814833
2018-01-09,-0.0001614757254742488,3.9357120654070172
2018-01-10,-1.8077378492655664e-05,3.935640918693448
2018-01-11,0.006429929636297273,3.9610283450889883
2018-01-12,0.006733679861385982,3.987790645144893
2018-01-16,-0.0019691523834126567,3.9799458040701094
2018-01-17,0.010249623105786618,4.020948520779277
2018-01-18,0.0012238878092679538,4.025872723376653
2018-01-19,0.0020606520836379066,4.034177199772236
2018-01-22,0.011743131954699386,4.081830325814242
2018-01-23,0.0016713652219457632,4.088658259458643
2018-01-24,-0.001698389524714071,4.081720018686162
2018-01-25,0.0020083068228678243,4.089925601754994
2018-01-26,0.012163931810265656,4.139978983684295
2018-01-29,-0.006179072650882236,4.114476624378394
2018-01-30,-0.0086777343224154,4.078926758585754
2018-01-31,0.0017840982475377104,4.086210460155179
2018-02-01,0.0011965320572575038,4.09110266822167
2018-02-02,-0.02619115531703786,3.9853429925195507
2018-02-05,-0.047223551166613795,3.8015155959939295
2018-02-06,0.023785462973143184,3.893020331682577
2018-02-07,-0.010612247933973794,3.851925076904646
2018-02-08,-0.04121920995891041,3.69637952316854
2018-02-09,0.017874841787316485,3.7630457716180534
2018-02-12,0.015689826864861468,3.822552915917152
2018-02-13,0.003640575278920206,3.836494569987474
2018-02-14,0.015514205702554242,3.896478836918535
2018-02-15,0.01242803631484529,3.945206585327338
2018-02-16,-0.0008481079634284249,3.941862042672055
2018-02-20,-0.005147588033266907,3.9216230963617016
2018-02-21,-0.004594293534831497,3.9036473333086867
2018-02-22,0.0022240987531957517,3.9123390925581707
2018-02-23,0.01636237071741079,3.9768808230653008
2018-02-26,0.015400886680647256,4.038602377336008
2018-02-27,-0.010508806979390021,3.996383706949363
2018-02-28,-0.010647082410493135,3.954059594257723
2018-03-01,-0.016003198653567374,3.8912856249411885
2018-03-02,0.004838925141785861,3.9101608959666807
2018-03-05,0.010740773345214281,3.952385403895909
2018-03-06,-6.514433543669624e-05,3.9521279367617366
2018-03-07,0.0010836782701524595,3.956413093373861
2018-03-08,0.0046860382513936715,3.9749965037476427
2018-03-09,0.019331510329587454,4.052586741641149
2018-03-12,0.00040098987400408377,4.054212113745169
2018-03-13,-0.009266933118481166,4.016815544613544
2018-03-14,-0.004632453715419067,3.998250865726834
2018-03-15,0.001381981786240998,4.003780195436538
2018-03-16,-0.00030120738892768097,4.002574408863059
2018-03-19,-0.018987086312377808,3.9272941213396533
2018-03-20,0.002101671613423853,3.9355566834668503
2018-03-21,-0.0037522206577755134,3.9208172764262916
2018-03-22,-0.026777838411717814,3.8172195173292245
2018-03-23,-0.025156150944180555,3.7223907314277715
2018-03-26,0.03355287231708201,3.8494065898633263
2018-03-27,-0.025082737410243812,3.754053788982966
2018-03-28,-0.005750186019050489,3.732529225800392
2018-03-29,0.017447488626578987,3.7982239242394287
2018-04-02,-0.024405180925815055,3.7066495716860732
2018-04-03,0.01362393206197912,3.757494279606953
2018-04-04,0.012098157476450721,3.8032291330158157
2018-04-05,0.009374838387053355,3.8390514433105976
2018-04-06,-0.022706037995328273,3.752863986110247
2018-04-09,0.004987880348569511,3.7716295840102356
2018-04-10,0.01899582043996221,3.8439595913122715
2018-04-11,-0.007453721995343731,3.815414301643771
2018-04-12,0.010160557218078174,3.854378651506698
2018-04-13,-0.004881793369667391,3.8356082253105654
2018-04-16,0.007625427696454198,3.8649681773339415
2018-04-17,0.014394469387208475,3.9210046837695023
2018-04-18,-0.00019291534527925692,3.9202483347551027
2018-04-19,0.0006679013111824714,3.922867548348776
2018-04-20,-0.010992597153265395,3.8799811937684825
2018-04-23,-0.0009339592120723765,3.876359141277827
2018-04-24,-0.016921603650253785,3.8113167907363703
2018-04-25,0.0010570293696403048,3.8153475944848494
2018-04-26,0.018891043665813484,3.8881085942565363
2018-04-27,0.00198977739232955,3.895852766871036
2018-04-30,-0.007818843404852177,3.8655104795345405
2018-05-01,0.007356328714181067,3.894051294369529
2018-05-02,-0.003184191812701551,3.881671608227268
2018-05-03,-0.001590464946004773,3.8755028524977173
2018-05-04,0.014727754701468192,3.933002690268984
2018-05-07,0.004905326159072374,3.952342747112254
2018-05-08,0.001354971431039755,3.957701688406551
2018-05-09,0.011896032039893678,4.005063786475991
2018-05-10,0.010324133264109305,4.046626780508683
2018-05-11,0.002037001294880115,4.05487816568845
2018-05-14,0.0015744995338123798,4.0612675982292945
2018-05-15,-0.009074105949928468,4.0245819223296255
2018-05-16,0.003163753030007843,4.037334868529629
2018-05-17,-0.004086602491867085,4.020869552311202
2018-05-18,-0.005759921045095002,3.9977762328522637
2018-05-21,0.00966794943327792,4.036613969443079
2018-05-22,-0.002158509137971549,4.027910298159889
2018-05-23,0.005327324362072035,4.049425541274702
2018-05-24,-0.0054481847563573075,4.0274235127502385
2018-05-25,-0.0017171358603048185,4.020513813555798
2018-05-29,-0.01043149748208757,3.978791823584464
2018-05-30,0.012550847459124562,4.029043725155433
2018-05-31,-0.002123594593352008,4.020496748053488
2018-06-01,0.012991725297082061,4.07307071113277
2018-06-04,0.006213272880121556,4.098456593961789
2018-06-05,0.0014625908149930166,4.104455344721282
2018-06-06,0.0070759393553334994,4.133601217432663
2018-06-07,-0.0020576735224729554,4.125104360531813
2018-06-08,0.0009449351836234809,4.129004159016418
2018-06-11,7.900124729342914e-05,4.129330368380364
2018-06-12,0.0015021127004087927,4.135537748896282
2018-06-13,-0.0036587786171523497,4.12043437860297
2018-06-14,0.002942442875014264,4.132576376188977
2018-06-15,-0.00408611933454701,4.115724628529618
2018-06-18,0.0021507369451241156,4.124585995362858
2018-06-19,-0.002375886578736161,4.11479807894752
2018-06-20,0.003480220286322898,4.129143430708944
2018-06-21,-0.0056521648403504215,4.105870664103526
2018-06-22,0.00032666143551546257,4.107212112796552
2018-06-25,-0.01671449329999878,4.0391326849882745
2018-06-26,0.004032747305582983,4.05545437494612
2018-06-27,-0.008018639381242067,4.0230651809676
2018-06-28,0.008673130866256283,4.058109504087313
2018-06-29,-0.0006209702448756181,4.055590321084622
2018-07-02,0.005996997159606102,4.079984758295992
2018-07-03,-0.010187417782211269,4.0386312494044025
2018-07-05,0.010452754740254526,4.081067472676339
2018-07-06,0.0083561327064384,4.115312291927358
2018-07-09,0.011375031164730091,4.162391352758597
2018-07-10,0.0030281602368062905,4.175014844074081
2018-07-11,-0.004363842992710247,4.156835429706703
2018-07-12,0.012919915707919633,4.210889830306264
2018-07-13,0.002607178823674001,4.221882697058475
2018-07-16,0.002130782751753099,4.23088820287026
2018-07-17,0.005590319042361134,4.254606452277987
2018-07-18,0.0019190299980945192,4.262779008872555
2018-07-19,-0.006693314261273312,4.234342163875118
2018-07-20,0.0029902955695193657,4.247023048835408
2018-07-23,0.0050696449196899794,4.268608617010352
2018-07-24,0.011154398090097014,4.316488918345913
2018-07-25,0.009736494283785991,4.358721653783308
2018-07-26,-0.0168290330616694,4.285982365645874
2018-07-27,-0.00835666841538521,4.250315069630332
2018-07-30,-0.007608450431781354,4.218099468913487
2018-07-31,-0.0005399408399097932,4.215822559496927
2018-08-01,0.008997339912289062,4.253924900894676
2018-08-02,0.010008100681904272,4.296712363071281
2018-08-03,0.004035353902869762,4.314086149186575
2018-08-06,0.006920523205995077,4.344045429871799
2018-08-07,0.003179577848626575,4.3578796423167745
2018-08-08,0.003948362472610014,4.3751201442343834
2018-08-09,-0.0002340570771186269,4.374096236232512
2018-08-10,-0.006499898742339712,4.3457572536400635
2018-08-13,-0.0035205139082345647,4.3304848539085095
2018-08-14,0.005692817195461477,4.35520781743668
2018-08-15,-0.008657027660122054,4.3176673916005495
2018-08-16,0.00782972561031487,4.351606235085629
2018-08-17,0.002867305983135201,4.36410152703164
2018-08-20,-0.0014909962717089063,4.357599516366842
2018-08-21,-0.0002781751348601386,4.356387509116666
2018-08-22,0.0019539449195451314,4.364907971904306
2018-08-23,-0.0003601579160392033,4.363336198805694
2018-08-24,0.005847030681745512,4.388923491379593
2018-08-27,0.009150885146663228,4.429270349349298
2018-08-28,0.0007197397487858983,4.432459418790194
2018-08-29,0.009166707058148134,4.473277272662386
2018-08-30,-0.0007223962865782877,4.470046960694945
2018-08-31,-0.0011628128714636413,4.464852153432716
2018-09-04,-0.0012192525652896453,4.459411688315502
2018-09-05,-0.007121488130914802,4.4277668538034245
2018-09-06,-0.0076959691750596295,4.393821684611782
2018-09-07,-0.0025964562379011125,4.382428116741623
2018-09-10,-0.001036808949598624,4.377886730730864
2018-09-11,0.011091928126972211,4.426716241782613
2018-09-12,-0.004733627948362696,4.405811331130787
2018-09-13,0.004737783877469625,4.4267346389397195
2018-09-14,-0.0015158897555283654,4.420029280825976
2018-09-17,-0.010187635677149743,4.375228228712364
2018-09-18,0.006031091342801675,4.401695362429464
2018-09-19,0.0032276943562291015,4.415925642852256
2018-09-20,0.009666884410491884,4.458820883230933
2018-09-21,-0.004452132904624265,4.439013744784521
2018-09-24,0.0010603553204184327,4.443723173018601
2018-09-25,0.0015044737709519291,4.450413669554092
2018-09-26,-0.004309236785415582,4.431277044995337
2018-09-27,0.006860809943808032,4.461783725212731
2018-09-28,-0.0030659538957101776,4.448125051150451
2018-10-01,0.004099797467858698,4.466398896909085
2018-10-02,-0.00017827561647777354,4.4656027178640665
2018-10-03,0.0026590475861781146,4.477492769092092
2018-10-04,-0.010672713016420742,4.429959877382954
2018-10-05,-0.006996173859833417,4.3990752709011804
2018-10-08,-0.001866702132661994,4.390871167402317
2018-10-09,0.003856881010656994,4.407838935325351
2018-10-10,-0.03835198226105543,4.241990216289974
2018-10-11,-0.017405709096200126,4.168794230551142
2018-10-12,0.01887988447459569,4.248248265419866
2018-10-15,-0.010695687867754105,4.203052458964945
2018-10-16,0.02355670993117558,4.30323793379562
2018-10-17,0.0016770622047172095,4.31046078638596
2018-10-18,-0.01760050816334112,4.235258229070139
2018-10-19,0.004836896621735206,4.25579335840345
2018-10-22,-0.0005965363384789199,4.253255380089513
2018-10-23,-0.0033082054529375896,4.239207986092557
2018-10-24,-0.03426663874543006,4.096405235603615
2018-10-25,0.02937448298127866,4.2185197665654
2018-10-26,-0.02132275363672186,4.129521524632889
2018-10-29,-0.015321359988513458,4.066733863203277
2018-10-30,0.011033743391675704,4.111853623267148
2018-10-31,0.018610958855415163,4.1890957069890105
2018-11-01,0.008526474279895592,4.224966632733507
2018-11-02,-0.00971667649390907,4.184112801924382
2018-11-05,0.0009758388361691377,4.188197814524216
2018-11-06,0.005459509582993557,4.211125851597281
2018-11-07,0.026677784462887735,4.324981312599323
2018-11-08,-0.0016536466099644053,4.317835232087931
2018-11-09,-0.011037281210585186,4.270440108210277
2018-11-12,-0.024946683019647118,4.165224637540856
2018-11-13,-0.002426492484320981,4.155130003492167
2018-11-14,-0.009852066072315943,4.114394382666267
2018-11-15,0.012043923715036396,4.164247445363945
2018-11-16,0.0014096844384597729,4.170121859748034
2018-11-19,-0.020777368773640864,4.084371617080215
2018-11-20,-0.020153197088994504,4.002882363453207
2018-11-21,0.002388242043087123,4.012453640120502
2018-11-23,-0.011025174192746654,3.9684586118713283
2018-11-26,0.02102430341415819,4.052775940549142
2018-11-27,0.004578361572516761,4.071373554993045
2018-11-28,0.028836605196464006,4.190487311013011
2018-11-29,-0.0031520494692761536,4.177299482970393
2018-11-30,0.008607036390939153,4.213408825932664
2018-12-03,0.013560919666345992,4.270935701622876
2018-12-04,-0.03698802213279558,4.115848110051079
2018-12-06,0.00016060416966737708,4.116509185503587
2018-12-07,-0.025551313878390613,4.0126593668491735
2018-12-10,0.0037485950182316046,4.027729429896241
2018-12-11,0.00055652236884845,4.029971575263804
2018-12-12,0.004280176107041703,4.047257530388611
2018-12-13,0.002981027140763842,4.059340515838168
2018-12-14,-0.02392714537418755,3.9633648756009623
2018-12-17,-0.022011175047976582,3.8770796607082887
2018-12-18,0.004871891323525359,3.8960144581536538
2018-12-19,-0.019071463261484786,3.8224158092787044
2018-12-20,-0.015156569861214126,3.764917933020463
2018-12-21,-0.026289665437131588,3.6672292282153833
2018-12-24,-0.02636245649375092,3.571815256403452
2018-12-26,0.05828958883963123,3.7862024723547454
2018-12-27,0.005957986574118361,3.8088279500690083
2018-12-28,-0.0007143511894652285,3.8061080808789653
2018-12-31,0.007896654812769582,3.836282584594226
2019-01-02,0.00534736559854991,3.8568515359519395
2019-01-03,-0.03335069878399634,3.7303441230721823
2019-01-04,0.03489210276230511,3.862801086405597
2019-01-07,0.005203868974396637,3.882954990791234
2019-01-08,0.010211693779577287,3.9228096837448074
2019-01-09,0.0032995109966715915,3.9357744143076996
2019-01-10,-0.0002365713448134134,3.934843432987718
2019-01-11,-0.003145834823190977,3.922484515241603
2019-01-14,-0.005247205479830832,3.9019563378814968
2019-01-15,0.01680663534316304,3.968089274584619
2019-01-16,0.0039636954492212936,3.983848784299887
2019-01-17,0.005288159988660314,4.004971815802108
2019-01-18,0.011277185670788739,4.050392252563821
2019-01-22,-0.016947515037793407,3.9823265701769124
2019-01-23,0.0028556532649079403,3.9937149669660728
2019-01-24,-0.00041204961254369486,3.9920696972509773
2019-01-25,0.007280160132956809,4.021238652409907
2019-01-28,-0.011043587884939464,3.977074066549938
2019-01-29,-0.007792449416461822,3.9462033535072276
2019-01-30,0.02443761593360284,4.043827143460118
2019-01-31,0.01156323315263995,4.090858251345345
2019-02-01,-0.002335735362353166,4.0813142395473045
2019-02-04,0.010202992112293656,4.1231690154220475
2019-02-05,0.006722480896943944,4.150980316095142
2019-02-06,-0.005618584265588273,4.127723080955022
2019-02-07,-0.012381132767731564,4.076932266190815
2019-02-08,-0.002603841436477946,4.066330389814951
2019-02-11,-0.0013921287952157356,4.060673472680649
2019-02-12,0.014875049480382834,4.121527674056829
2019-02-13,0.001259629128744336,4.126722541486288
2019-02-14,-0.004571734814800047,4.107899320544564
2019-02-15,0.006821526110059723,4.136017257603301
2019-02-19,0.0030960970187830393,4.148842612330347
2019-02-20,-0.00014913224126850578,4.148223932266618
2019-02-21,-0.002502036261024384,4.137857899072479
2019-02-22,0.0061519429609968,4.1633922271815
2019-02-25,0.0034569627720429687,4.17780982530804
2019-02-26,0.0007204728991173308,4.180820908636558
2019-02-27,-0.000920679358286004,4.176973484519042
2019-02-28,-0.0025362511899877944,4.166393053535333
2019-03-01,0.008954244883932245,4.203867484448402
2019-03-04,0.0018220284675688795,4.211534032892768
2019-03-05,0.0023851885171081682,4.221591325008169
2019-03-06,-0.00471866239756326,4.20171798542966
2019-03-07,-0.01012668254562306,4.159383238301402
2019-03-08,-0.0007905102452185688,4.156096502508052
2019-03-11,0.019538692333635664,4.238099702242516
2019-03-12,0.004699770755635068,4.258064677938443
2019-03-13,0.007147954354973543,4.288610168728238
2019-03-14,-0.0011198639253807293,4.283810197069445
2019-03-15,0.004567372711930088,4.303420705025031
2019-03-18,0.005208503373486022,4.325893560451773
2019-03-19,0.0015863869746808095,4.332761547852462
2019-03-20,0.0010747856685085048,4.337420841291545
2019-03-21,0.01027949614974695,4.382237292761407
2019-03-22,-0.019596147285812923,4.2971982652800165
2019-03-25,-0.0018172455430080431,4.289396292082615
2019-03-26,0.004561650140577293,4.30900771349575
2019-03-27,-0.005494772689419611,4.2853956265274595
2019-03-28,0.0014691668407438138,4.291696214855854
2019-03-29,0.0052651867032070185,4.314352388853682
2019-04-01,0.011400380757539378,4.363819082621781
2019-04-02,0.00275979108168641,4.375878945304391
2019-04-03,0.0027024836276179957,4.387720680350964
2019-04-04,0.002969792002815985,4.4007706664188175
2019-04-05,0.002773880388435392,4.412994824202027
2019-04-08,0.003282405781227026,4.427503863175292
2019-04-09,-0.00414370153954716,4.409195566855439
2019-04-10,0.002913200313900673,4.422059164786121
2019-04-11,-0.0008998548736273957,4.4180817431147466
2019-04-12,0.0036000260021551663,4.434015616239561
2019-04-15,0.0018106413169661976,4.442051300790263
2019-04-16,0.0022720718577835795,4.452155434854224
2019-04-17,0.004513797818478128,4.472296987594394
2019-04-18,0.0010642365954639586,4.4770591032738
2019-04-22,0.0057543449601908814,4.502895911421202
2019-04-23,0.009042669322549816,4.543798766922322
2019-04-24,-0.005152991971128014,4.520444831356216
2019-04-25,0.006168472529318132,4.548415249808059
2019-04-26,0.0031154814739663647,4.562607850166772
2019-04-29,0.0028990611850897973,4.57585432137568
2019-04-30,-0.007697014629280042,4.540769102659118
2019-05-01,-0.003981174225264269,4.522727447061493
2019-05-02,-0.00463640383986162,4.501806791938435
2019-05-03,0.013770826149627062,4.564229208294648
2019-05-06,-0.004730689559301696,4.5426882488016345
2019-05-07,-0.016308016535736908,4.469206810512574
2019-05-08,-0.002319867747588128,4.458850858639398
2019-05-09,-0.004797234091126237,4.437511932129466
2019-05-10,0.0023550772197052684,4.447974931142319
2019-05-13,-0.02707767964798968,4.329150101328188
2019-05-14,0.004296649975939859,4.3477909619558694
2019-05-15,0.011396175271975912,4.397622555277093
2019-05-16,0.0097760476710832,4.440824752312833
2019-05-17,-0.006855924686250197,4.41048292176678
2019-05-20,-0.008312324845632425,4.373973504281137
2019-05-21,0.006165029506751019,4.401022473170323
2019-05-22,-0.0014147724866294628,4.394800430087752
2019-05-23,-0.012642274276962713,4.339589886419215
2019-05-24,0.002182484328860343,4.34907131611234
2019-05-28,-0.004003759266562824,4.331693493053562
2019-05-29,-0.008861693338063092,4.293476935484394
2019-05-30,0.0008529924354913409,4.297140801235052
2019-05-31,-0.01649579983108908,4.226837475712052
2019-06-03,-0.017665720353058596,4.152823030974351
2019-06-04,0.02103703553682084,4.241111524712657
2019-06-05,0.008107584912921099,4.2756364643456894
2019-06-06,0.009309644271380209,4.3156269787648975
2019-06-07,0.015270092324307722,4.382032721735362
2019-06-10,0.010482699458884937,4.428209861460325
2019-06-11,0.0020364827033749443,4.437237022959397
2019-06-12,-0.003828415242603615,4.420281913414478
2019-06-13,0.003643465883386868,4.436416434701282
2019-06-14,0.0010106746840070205,4.440902475061399
2019-06-17,0.0038188558922215114,4.457894065212191
2019-06-18,0.009862305391948278,4.502076691044495
2019-06-19,0.0009672804744192587,4.506433568743742
2019-06-20,0.007258426666156257,4.539262184246953
2019-06-21,0.0018199022504060225,4.547530719391959
2019-06-24,0.000603298327581602,4.5502750648158585
2019-06-25,-0.013477071486833081,4.489362068856645
2019-06-26,0.0009002890031044688,4.4934056120638175
2019-06-27,0.0020175370286659436,4.502480375528428
2019-06-28,0.0034539978956877604,4.5180588217434
2019-07-01,0.009074713864666612,4.559245508829893
2019-07-02,0.0049215967564763445,4.5817395847191085
2019-07-03,0.006658539685953124,4.61234907373118
2019-07-05,-0.00042245392727058393,4.610400980269879
2019-07-08,-0.003770006576193673,4.5930524608193775
2019-07-09,0.003586251396634609,4.609553873042464
2019-07-10,0.008022030799914379,4.646680572849624
2019-07-11,0.0007357380040372326,4.650100570296465
2019-07-12,0.0036127903635776314,4.666930792552868
2019-07-15,0.0010629700256456077,4.6718942376264305
2019-07-16,-0.005381056317003712,4.646822029607072
2019-07-17,-0.005648800051106893,4.620647059276876
2019-07-18,0.0014392254339639567,4.627301999877107
2019-07-19,-0.007340005873217591,4.5934619211388545
2019-07-22,0.0069566770530890484,4.625528561587835
2019-07-23,0.0067601681962968655,4.656903844267891
2019-07-24,0.0038832212570606697,4.675022789435982
2019-07-25,-0.006541363614969526,4.64454156852616
2019-07-26,0.0118069056387608,4.699704241982403
2019-07-29,-0.002933914256368158,4.685935920120341
2019-07-30,-0.004229605703630137,4.666158114470232
2019-07-31,-0.011223431488381577,4.614080599432242
2019-08-01,-0.009535274888438866,4.57029316692966
2019-08-02,-0.00809697237898928,4.533437042264879
2019-08-05,-0.03274539922803012,4.38739203707338
2019-08-06,0.013115333317077947,4.445313143080071
2019-08-07,0.0006465854729365023,4.448188347413547
2019-08-08,0.019966398428182104,4.537895229748417
2019-08-09,-0.008746378235964523,4.498378149258441
2019-08-12,-0.01147836866373945,4.447039313184961
2019-08-13,0.01824662041591804,4.528927571519119
2019-08-14,-0.029401644220765816,4.397708140528759
2019-08-15,0.00576747998628717,4.42314511733121
2019-08-16,0.012954215027688619,4.4808162257612905
2019-08-19,0.012557896062195744,4.537440647860976
2019-08-20,-0.010298387122491906,4.490952116836518
2019-08-21,0.007575207422079456,4.525101190502275
2019-08-22,-0.0019698135300578465,4.51619635826121
2019-08-23,-0.028305799867689666,4.390154087133982
2019-08-26,0.013128891487813106,4.448171965608762
2019-08-27,-0.002454067978248607,4.437269232721808
2019-08-28,0.005151518879340302,4.460186888632784
2019-08-29,0.013528689712110529,4.520937383835806
2019-08-30,0.00020374419817654758,4.521858592440349
2019-09-03,-0.007585848334216185,4.487686235996727
2019-09-04,0.011043679118822073,4.537521478483464
2019-09-05,0.015243273303111524,4.607218010605689
2019-09-06,-0.0020950321594330455,4.597575844558679
2019-09-09,0.0021452128564061444,4.607449209817388
2019-09-10,0.0012001551522527964,4.612982183274466
2019-09-11,0.00845296321116824,4.652140822064781
2019-09-12,0.00461369683679614,4.673653978890573
2019-09-13,-0.0004389400290144301,4.671602975244205
2019-09-16,-0.005590155068195394,4.645560847778611
2019-09-17,0.002292123433161357,4.656221259480383
2019-09-18,0.0026272848414839985,4.668470563172938
2019-09-19,0.0020047936274607612,4.677839271233193
2019-09-20,-0.006675858632219314,4.6467146848179075
2019-09-23,-0.00043378943802131216,4.644699426196689
2019-09-24,-0.010738270135829132,4.5950902242682385
2019-09-25,0.00905189268590014,4.636873310569813
2019-09-26,-0.006001859225480362,4.609126798334684
2019-09-27,-0.003953715718384176,4.590939598464735
2019-09-30,0.004159946291523461,4.610077439218214
2019-10-01,-0.007899749657256507,4.573802451855328
2019-10-02,-0.018132948653835114,4.491613344272321
2019-10-03,0.008501269777245931,4.5299605299817935
2019-10-04,0.016276474374774058,4.604295632072506
2019-10-07,-0.004184276203883075,4.5850702376538806
2019-10-08,-0.013156673365837774,4.525141064919127
2019-10-09,0.010000543140491324,4.5706219711901825
2019-10-10,0.006128080042013609,4.598717105164134
2019-10-11,0.010396118256629026,4.646775288456201
2019-10-14,-0.0009399185111688343,4.642409750291798
2019-10-15,0.013136392994022087,4.703796587253568
2019-10-16,-0.0013997485329439088,4.697217060796816
2019-10-17,0.0027282298824107174,4.71004964590767
2019-10-18,-0.007414145682649939,4.675257786989964
2019-10-21,0.010258363255467024,4.723465121100759
2019-10-22,-0.004538546930176567,4.702076027393478
2019-10-23,0.0064444759168599194,4.732476294793419
2019-10-24,0.0034871856438803586,4.7490081262183415
2019-10-25,0.005852759969764936,4.776884427952293
2019-10-28,0.009017887369283046,4.820156652473814
2019-10-29,-0.007054629960572107,4.786271893686615
2019-10-30,0.0039889091319860745,4.805402026165995
2019-10-31,0.0004122881642190368,4.8073836450166265
2019-11-01,0.009818779383890789,4.8548187809130114
2019-11-04,0.0051946996117779145,4.880103723129945
2019-11-05,0.0007201312139843626,4.883619303836225
2019-11-06,-0.00037883687820554254,4.881769559142691
2019-11-07,0.005629399433448199,4.909328487261508
2019-11-08,0.0009719433022573689,4.914102395811688
2019-11-11,-0.0020848301434906666,4.903867999204971
2019-11-12,0.0014105432083397044,4.910789997647104
2019-11-13,-0.0008349970757845944,4.906691213833672
2019-11-14,0.0005855059606440718,4.909564951999727
2019-11-15,0.00850951258258718,4.951521217240188
2019-11-18,0.0023576581259763256,4.963208983939104
2019-11-19,-0.000184313360182166,4.962294282512424
2019-11-20,-0.004732368268178479,4.938866357021045
2019-11-21,-0.00017371448553793388,4.938008478907779
2019-11-22,0.0018928368802765166,4.94736417508183
2019-11-25,0.008395517895064267,4.989074705302602
2019-11-26,0.0017242235717146092,4.9976844059018735
2019-11-27,0.005209056440639266,5.023785548186791
2019-11-29,-0.0035015274428227597,5.006225386858
2019-12-02,-0.006745856765603093,4.9725677598641855
2019-12-03,-0.006978884236985611,4.937985597919696
2019-12-04,0.006504280886222311,4.9702083224861875
2019-12-05,0.0030705991977890844,4.98549329517687
2019-12-06,0.010639043781078852,5.038817332021109
2019-12-09,-0.0033420725254379546,5.0220053481381575
2019-12-10,-0.000541279205908853,5.019287776620074
2019-12-11,0.002787732092408301,5.033299727944753
2019-12-12,0.007109575177865058,5.069211859484861
2019-12-13,0.001476743051813292,5.076703312991054
2019-12-16,0.008967422150313415,5.12243298693178
2019-12-17,0.0009466787314150543,5.127284581381913
2019-12-18,-0.0020539889380739767,5.116764003843087
2019-12-19,0.004320533826943989,5.138918982008552
2019-12-20,0.0030958890920471023,5.154853157723464
2019-12-23,0.0024793293363206946,5.167649593115614
2019-12-24,-0.0006771820561100816,5.1641513381503215
2019-12-26,0.011697946031069271,5.2249160198557
2019-12-27,-5.72622840919203e-05,5.22461683779622
2019-12-30,-0.006036090979836045,5.19317556189137
2019-12-31,0.0027449593183214937,5.207450200229378
2020-01-02,0.013735610194563413,5.2794712001491595
2020-01-03,-0.00985994733452124,5.227671682077178
2020-01-06,0.006752247514618307,5.2630896560961595
2020-01-07,-0.004764966117727418,5.23807086639034
2020-01-08,0.0071019882815687345,5.275403997111943
2020-01-09,0.009873831060014894,5.327750449685713
2020-01-10,-0.0021205927281868343,5.316464431577834
2020-01-13,0.00848370104777149,5.3617595900688215
2020-01-14,-0.004945835159289246,5.335306680759724
2020-01-15,0.002328299186937505,5.347743343484216
2020-01-16,0.009056541218646269,5.396395378541644
2020-01-17,0.005331713355788298,5.4252442504714695
2020-01-21,-0.00040363816737490533,5.423054856715815
2020-01-22,0.0013805692497392444,5.430546929963644
2020-01-23,7.443297019163986e-05,5.43095115674512
2020-01-24,-0.006905736144156988,5.39357564229923
2020-01-27,-0.017686651133209046,5.29902000273453
2020-01-28,0.013959592421547484,5.373510883707815
2020-01-29,0.00534077065824923,5.402286346141189
2020-01-30,0.004214000166883152,5.425099615506393
2020-01-31,-0.015144920107529596,5.3435559599520674
2020-02-03,0.008624793675696064,5.389842345940413
2020-02-04,0.015242844475733246,5.472628217756781
2020-02-05,0.007520197589865577,5.513938599721029
2020-02-06,0.007049091089255099,5.552944170567554
2020-02-07,-0.0023599870692703256,5.539854745640592
2020-02-10,0.010393714335002378,5.597734686047508
2020-02-11,-0.005029160872410735,5.56965344950527
2020-02-12,0.007605560015476242,5.612175279273903
2020-02-13,-0.0014888387453412043,5.603825872275097
2020-02-14,0.002168927103215973,5.615993352510107
2020-02-18,-0.0010739420779582232,5.6099653383876875
2020-02-19,0.006503263707547721,5.646567309509842
2020-02-20,-0.006994689522373531,5.607209133890614
2020-02-21,-0.015461793840465303,5.5211784306595195
2020-02-24,-0.04053984821553599,5.301826973311721
2020-02-25,-0.02731095043403001,5.1589884459558935
2020-02-26,0.0003602382806913294,5.160847245869112
2020-02-27,-0.052181259278699405,4.898453297284741
2020-02-28,0.0003928140437417699,4.900377856504725
2020-03-02,0.05274984513656843,5.165811269727193
2020-03-03,-0.03569492799821041,4.984670150673828
2020-03-04,0.04014468818725226,5.188849109477284
2020-03-05,-0.03267385268707894,5.022049254104216
2020-03-06,-0.016746240564486446,4.938649077904359
2020-03-09,-0.07034034559379519,4.603198933811442
2020-03-10,0.05374663578380487,4.857374754428306
2020-03-11,-0.04419452493987558,4.647379874955063
2020-03-12,-0.09506208967048442,4.225939079165641
2020-03-13,0.10154803354862982,4.677620483437094
2020-03-16,-0.12152840467059596,4.142341187585276
2020-03-17,0.058317367975004114,4.391094445467226
2020-03-18,-0.03516211200356808,4.23937727018945
2020-03-19,0.0055685751258740665,4.263050412668203
2020-03-20,-0.04456344080444858,4.077245029776464
2020-03-23,-0.01720112444999992,4.007711571884657
2020-03-24,0.07843806081535264,4.334726247642813
2020-03-25,-0.002367085334473046,4.3244777150739235
2020-03-26,0.050424183303211245,4.548127259305951
2020-03-27,-0.038146239780915206,4.377900699299394
2020-03-30,0.040162247599280346,4.557305568082151
2020-03-31,-0.012564355065369284,4.500404175980576
2020-04-01,-0.03781124420855982,4.333415219484465
2020-04-02,0.022827299768012052,4.433473068116944
2020-04-03,-0.013340333521341483,4.374721810715235
2020-04-06,0.06564349832047857,4.671529013539901
2020-04-07,-0.003837268059795501,4.653637453775121
2020-04-08,0.024554031184322,4.76931740560851
2020-04-09,0.005536091312583706,4.795794003073387
2020-04-13,0.004062686752997453,4.815317443798233
2020-04-14,0.03577380396415769,4.990697977041399
2020-04-15,-0.012720840241045238,4.92761419541938
2020-04-16,0.0103710284431884,4.978984543627178
2020-04-17,0.013504733001740406,5.046680479427866
2020-04-20,-0.01713949597527725,4.960919965081152
2020-04-21,-0.02961647304186945,4.81614939136512
2020-04-22,0.02648875730866909,4.945427857738588
2020-04-23,0.0014584454358502147,4.95264575660245
2020-04-24,0.01242108463704641,5.014546630867588
2020-04-27,0.002768544340560182,5.0284488611535805
2020-04-28,-0.014164046228072885,4.957727710191499
2020-04-29,0.03392585567667277,5.128808487180953
2020-04-30,0.006165009779624454,5.160525308462983
2020-05-01,-0.027582381952378828,5.020130836064773
2020-05-04,0.007389065507612817,5.057362295116505
2020-05-05,0.008110423954565099,5.098546432073242
2020-05-06,-0.00021296937554401573,5.097460713439935
2020-05-07,0.008563641982524847,5.141300990305479
2020-05-08,0.01442761022877836,5.216015355919824
2020-05-11,0.0038777767767802264,5.236281166884899
2020-05-12,-0.01796084031268339,5.143072713761966
2020-05-13,-0.013664145678426654,5.073274968232695
2020-05-14,0.01037550174045414,5.1261867600227164
2020-05-15,0.006411294518557935,5.159157833791861
2020-05-18,0.02082406384934264,5.267718884031525
2020-05-19,-0.007791935823544999,5.226832654852157
2020-05-20,0.02055036603398423,5.3353572700973775
2020-05-21,-0.009167050875275955,5.286671273013492
2020-05-22,0.0018420507115798563,5.2964185643401285
2020-05-26,0.004644372145711366,5.321074314112025
2020-05-27,0.006303579846279317,5.354722070161076
2020-05-28,-0.0034153616939569223,5.336464952597819
2020-05-29,0.005409200602878195,5.36540917401231
2020-06-01,0.0044811788995377105,5.389506484244599
2020-06-02,0.00633456932697095,5.423755047131581
2020-06-03,0.006626115455059668,5.459812803775685
2020-06-04,-0.007700451818801628,5.417931238781115
2020-06-05,0.023599051927603063,5.547309881725988
2020-06-08,0.006645937563281769,5.584299736829135
2020-06-09,0.0066283850539974615,5.621437571704278
2020-06-10,0.006769873232340212,5.659623101204688
2020-06-11,-0.05306104979954136,5.367145754191114
2020-06-12,0.0082217394129769,5.411454927615306
2020-06-15,0.00713065014943937,5.450180022971989
2020-06-16,0.01831185101639192,5.550902298685592
2020-06-17,-0.0010717638508723772,5.544956229222465
2020-06-18,0.0011031895256688505,5.551076742277046
2020-06-19,-0.003694507252462383,5.530606086770658
2020-06-22,0.01281531333750161,5.601938634940796
2020-06-23,0.009725413273501602,5.656685590167629
2020-06-24,-0.021837303814712845,5.5344978097722635
2020-06-25,0.009624177683682839,5.588019940207729
2020-06-26,-0.032140785494798416,5.411272210615602
2020-06-29,0.013552459676539685,5.485107453523543
2020-06-30,0.0166366232796476,5.577124423367103
2020-07-01,0.009998483327120587,5.633166911993177
2020-07-02,0.003682345766323794,5.653948419187541
2020-07-06,0.02339831901757069,5.787801165875144
2020-07-07,-0.007876611502584669,5.7423919746852565
2020-07-08,0.013241281022251833,5.818934241038677
2020-07-09,0.003441521970812063,5.838994730583857
2020-07-10,0.008834831907509,5.890809819305052
2020-07-13,-0.013110049938394867,5.814085040148802
2020-07-14,0.011066691024331032,5.878785070172811
2020-07-15,-0.0002958299594708785,5.87704620664041
2020-07-16,-0.006128772247999623,5.841137280165362
2020-07-17,-0.002107332145223008,5.828841024508099
2020-07-20,0.024185797914553678,5.97153482157894
2020-07-21,-0.005525913307710674,5.938627642686784
2020-07-22,0.0025080001383455965,5.953540414436174
2020-07-23,-0.02454817074895236,5.809171138424655
2020-07-24,-0.006109392242164737,5.773788825604587
2020-07-27,0.008466805410606798,5.822881909590676
2020-07-28,-0.008292492425102178,5.774795359695884
2020-07-29,0.010321704676013494,5.834709769457666
2020-07-30,0.0009811831793190588,5.8404374980556275
2020-07-31,0.02235020477248871,5.972442142519661
2020-08-03,0.010096514389726268,6.033048431841997
2020-08-04,0.002235179760622684,6.046548461467656
2020-08-05,0.00899414947264409,6.101177323935892
2020-08-06,0.01602427764844218,6.199731806682633
2020-08-07,-0.006130316742947933,6.161841744688499
2020-08-10,-1.9872385635415618e-07,6.1618405201836675
2020-08-11,-0.01334739475751819,6.080142443460871
2020-08-12,0.018823519281422677,6.195676085498268
2020-08-13,0.0014864568822667839,6.204892539089267
2020-08-14,-0.001126397467930172,6.197907298661579
2020-08-17,0.002408312124178585,6.212851782220827
2020-08-18,0.009747303569051667,6.273706437153671
2020-08-19,-0.0050493292821662435,6.242108269444399
2020-08-20,0.011856254438955912,6.31655676134898
2020-08-21,0.007741835833675458,6.365648290915127
2020-08-24,0.009847734902905476,6.428645187027525
2020-08-25,0.006058217145997786,6.46770952617152
2020-08-26,0.01755756635851885,6.582269519792054
2020-08-27,-0.00024231312282552636,6.580674742734941
2020-08-28,0.006753311439763784,6.625266490260435
2020-08-31,0.0013156134075167404,6.633988515832249
2020-09-01,0.013731683504351362,6.725712668740858
2020-09-02,0.010788698557761833,6.798667189845068
2020-09-03,-0.0458444395357566,6.494022587869301
2020-09-04,-0.011539616235424686,6.419514781928144
2020-09-08,-0.038257742147352454,6.17855727494344
2020-09-09,0.024363019286188156,6.330934229377796
2020-09-10,-0.021740635152908545,6.194781088746301
2020-09-11,-0.005403646272320342,6.161396962246593
2020-09-14,0.008825283993521265,6.2160136898132645
2020-09-15,0.007380778958214081,6.262062441642884
2020-09-16,-0.014186649355907428,6.173851942687216
2020-09-17,-0.012728767819528307,6.095764447870608
2020-09-18,-0.01409261095024468,6.010461692105328
2020-09-21,-0.0033111303729850515,5.990593181607727
2020-09-22,0.01815977966703492,6.100374822118253
2020-09-23,-0.030243660995843757,5.91863918186825
2020-09-24,0.006196932662317897,5.955430469157693
2020-09-25,0.01888627358022045,6.068975201712424
2020-09-28,0.015462054852996555,6.163543253318403
2020-09-29,-0.004688791335271228,6.134711331372472
2020-09-30,0.009026572822602366,6.1903374287640895
2020-10-01,0.009596617278714366,6.250029691682044
2020-10-02,-0.01981324850702645,6.127415008971982
2020-10-05,0.018548270153760395,6.242128537862668
2020-10-06,-0.02002619363090395,6.118365847107547
2020-10-07,0.015559327924272696,6.214307969590061
2020-10-08,0.006374505137704494,6.254047633449132
2020-10-09,0.015216389693891106,6.349939372224572
2020-10-12,0.028801383781321264,6.535485580844883
2020-10-13,-0.006106668855431498,6.495697145639396
2020-10-14,-0.010245861240522122,6.429482924137772
2020-10-15,-0.0037058238975025085,6.405700486648782
2020-10-16,-0.003738119874646317,6.381799909790593
2020-10-19,-0.02030682467084301,6.25351277849877
2020-10-20,0.00709484532522124,6.298038248289686
2020-10-21,0.0022423513111494114,6.312176508162094
2020-10-22,0.0020111272208403028,6.324883871939956
2020-10-23,0.0031052394250096153,6.344554676169792
2020-10-26,-0.01629761487068617,6.241991604410617
2020-10-27,0.007338989416519597,6.287970025938652
2020-10-28,-0.0434653699555862,6.020515689097614
2020-10-29,0.017638613185799762,6.127651320838557
2020-10-30,-0.021133094113854688,5.9995138285174665
2020-11-02,0.003602279824855204,6.0211647290293335
2020-11-03,0.01600042278572047,6.118280787443326
2020-11-04,0.036394146424701186,6.345051935519527
2020-11-05,0.02173635671081753,6.484480088187146
2020-11-06,-0.000664384410922734,6.4801733315330265
2020-11-09,0.00023903235851156218,6.481722487789887
2020-11-10,-0.008570654799310505,6.42640726428808
2020-11-11,0.013350270281494495,6.512776783621441
2020-11-12,-0.00653264957897494,6.470369761028772
2020-11-13,0.00820048336500153,6.523648076016363
2020-11-16,0.007951319080318812,6.575726454959506
2020-11-17,-0.007412530236048262,6.527163891879799
2020-11-18,-0.011820692957769859,6.450462516446796
2020-11-19,0.003462493110061119,6.472835909974553
2020-11-20,-0.009940554607122398,6.408811079525093
2020-11-23,-0.0009595870587011973,6.402664217048035
2020-11-24,0.016471725220604395,6.509000509574179
2020-11-25,0.00239582209199678,6.524613612431991
2020-11-27,0.003333194229695582,6.546397702008013
2020-11-30,-0.002772487362883058,6.528273033923285
2020-12-01,0.016458611857583492,6.636608425435459
2020-12-02,0.003193317090636967,6.657835094248573
2020-12-03,-0.003578360367342961,6.6340535358842025
2020-12-04,0.001267138842340582,6.642465131005641
2020-12-07,-0.00014515796679578498,6.64150099425047
2020-12-08,0.003234074318958495,6.663014872043591
2020-12-09,-0.013746929013039814,6.572045586336664
2020-12-10,-0.001268007690321817,6.563717463170014
2020-12-11,0.0022270817399793275,6.578351688237655
2020-12-14,-0.003224101259663328,6.557176569978467
2020-12-15,0.013636014380212075,6.647202728015418
2020-12-16,0.00521354825455228,6.681948736488816
2020-12-17,0.0029035844086962716,6.701378533036223
2020-12-18,-0.0066821890708152615,6.656747935757084
2020-12-21,0.0031161292967590067,6.67752357600004
2020-12-22,0.0005799160440266258,6.681397102107541
2020-12-23,-0.001061681435376166,6.674307351036348
2020-12-24,0.004541270294949543,6.704686111621737
2020-12-28,0.020599746596223507,6.8442333305034415
2020-12-29,-0.0017622013436079961,6.832183033975197
2020-12-30,-0.004976481194060106,6.798267264182194
2020-12-31,0.0019306246591111766,6.811404844389153
2021-01-04,-0.013476705591207646,6.720225326408617
2021-01-05,0.005323927830679361,6.756098730024706
2021-01-06,-0.010238330875796444,6.6872804491085684
2021-01-07,0.022750547795644248,6.841163567940509
2021-01-08,0.009466216357221346,6.906230987660034
2021-01-11,-0.017304663320551014,6.787749086921445
2021-01-12,-0.0016930947525147374,6.776266507851144
2021-01-13,0.0066989561918224414,6.821812806332566
2021-01-14,-0.012707529251900862,6.7356728924451605
2021-01-15,-0.006710457784571971,6.69062475969019
2021-01-19,0.011153193196746387,6.765664277492897
2021-01-20,0.023298790867274464,6.9251467344733255
2021-01-21,0.009479584072113648,6.991106386245722
2021-01-22,0.0027519627242260578,7.010372147591529
2021-01-25,0.009939779159719808,7.080401158450768
2021-01-26,0.003170239301239755,7.102883342594099
2021-01-27,-0.023366470211855873,6.9388380738750355
2021-01-28,0.0015845416547437656,6.949841667362436
2021-01-29,-0.024482048229872953,6.781761180886132
2021-02-01,0.02284904116158303,6.93850178836743
2021-02-02,0.013371355590930892,7.031902015265141
2021-02-03,0.004456782270815692,7.063311612374174
2021-02-04,0.010127812851999702,7.135210987633661
2021-02-05,0.0026719580718398495,7.154301465346545
2021-02-08,0.004298876811435039,7.185123127816756
2021-02-09,-0.0019178334913304814,7.171356463347568
2021-02-10,-0.0028579998455595976,7.150889988205389
2021-02-11,0.0019240783683213464,7.164662106014134
2021-02-12,0.002564177682446968,7.183057146686069
2021-02-16,-0.0014720067105352054,7.172491416684544
2021-02-17,1.6745929709548733e-05,7.172611527727333
2021-02-18,-0.005684599153660282,7.13195377730086
2021-02-19,-0.009331004629961592,7.065715001350567
2021-02-22,-0.016815244345611817,6.947896625620926
2021-02-23,0.0005116363938869274,6.95145233193237
2021-02-24,0.007193962947078179,7.001641134176523
2021-02-25,-0.03122780164747514,6.786373927769306
2021-02-26,0.0008066351796788816,6.791850264127746
2021-03-01,0.027632392720959364,6.982142342692912
2021-03-02,-0.01321712969187404,6.8904656478042785
2021-03-03,-0.019638057155977686,6.756470300015191
2021-03-04,-0.011943737304684962,6.6762527956470485
2021-03-05,0.015350757433564547,6.779528988730797
2021-03-08,-0.01711263625671532,6.66450040341406
2021-03-09,0.028708830119840986,6.858603315694307
2021-03-10,0.0015467859549208,6.869220315970045
2021-03-11,0.016658542340383147,6.984609956615494
2021-03-12,-0.00574116918092922,6.944625019165701
2021-03-15,0.004700451607355748,6.977344731468574
2021-03-16,0.004025417767364479,7.005488065254739
2021-03-17,0.002697375301630519,7.024410004050269
2021-03-18,-0.0224636881406096,6.868374970951488
2021-03-19,0.0008561352206043134,6.874257746538801
2021-03-22,0.011476536931532794,6.9536048635987315
2021-03-23,-0.0009825944778644987,6.946775645583926
2021-03-24,-0.01157454933385304,6.866833388450402
2021-03-25,-0.0006848664525058664,6.862132134676959
2021-03-26,0.009487228596302185,6.927544551539267
2021-03-29,0.0028658396671510894,6.947426258796247
2021-03-30,-0.004421459597616286,6.916776302988293
2021-03-31,0.010593050233862537,6.990435510876568
2021-04-01,0.014954850197496464,7.095762034957491
2021-04-05,0.022703646468277272,7.258704401495503
2021-04-06,-0.0017725194579375787,7.245849602760505
2021-04-07,0.008141635829379585,7.305083474608482
2021-04-08,0.008202347436395373,7.365248718115929
2021-04-09,0.009854230950977018,7.438186361967587
2021-04-12,0.00014749197871880262,7.439283515700891
2021-04-13,0.008865385396651763,7.50552884243963
2021-04-14,-0.011535065724518883,7.419449493874618
2021-04-15,0.014532744513649639,7.528061763407895
2021-04-16,0.002026839023993808,7.5433354061438
2021-04-19,-0.0054175986695130796,7.502579142507863
2021-04-20,-0.006192003688698931,7.45626667623544
2021-04-21,0.006936545453089962,7.508167206035306
2021-04-22,-0.013189017652930258,7.4097920182853985
2021-04-23,0.013417913048830391,7.509885987643511
2021-04-26,0.003822775329723684,7.538649537792795
2021-04-27,-0.0024593411774957597,7.520132206113228
2021-04-28,0.0005568665395800032,7.524321082326283
2021-04-29,0.008255598613025333,7.5866959737887
2021-04-30,-0.006506356508348697,7.53749445992693
2021-05-03,-0.0025126358509295027,7.518579254583779
2021-05-04,-0.01391602224518594,7.414675180920743
2021-05-05,-0.0028360370617014907,7.393676677648365
2021-05-06,0.01136384227264605,7.4781764650211535
2021-05-07,0.004417095540220167,7.51128134481721
2021-05-10,-0.020375180929551467,7.3597862395317355
2021-05-11,-0.00621034235719761,7.314221081371979
2021-05-12,-0.023702570395235104,7.142893711892638
2021-05-13,0.01095571255761313,7.221579444326206
2021-05-14,0.017150627071613307,7.346502250380659
2021-05-17,-0.0031626471560698617,7.323304558324761
2021-05-18,-0.008278576906032483,7.262928277995186
2021-05-19,-0.0007028897831458886,7.2578250336321295
2021-05-20,0.012851429576732323,7.3517003851382645
2021-05-21,-0.004323451659570884,7.319984274846041
2021-05-24,0.016303155873458493,7.440301227549772
2021-05-25,0.0004821718943726087,7.4438895967232215
2021-05-26,0.0012694522198141874,7.453345259381986
2021-05-27,-0.0031007301148410415,7.430270240470878
2021-05-28,-0.0009609882483672549,7.423133267910221
2021-06-01,-0.0016312763668806802,7.4110339573848165
2021-06-02,0.001699586190815092,7.423640358156219
2021-06-03,-0.007649999315401155,7.367066186590258
2021-06-04,0.013244167555253749,7.465285828548924
2021-06-07,0.0017574369667676243,7.478417133171824
2021-06-08,0.0009370160034804107,7.485427813753311
2021-06-09,-0.00013846091568952903,7.484391446313738
2021-06-10,0.005822566846747225,7.528096931395105
2021-06-11,0.002348991477538975,7.545801152320436
2021-06-14,0.007646867087071135,7.603724072984259
2021-06-15,-0.005697096675872793,7.560528084538863
2021-06-16,-0.0025994486603201296,7.540900401567536
2021-06-17,0.00954359277801164,7.6132121924757366
2021-06-18,-0.009157133839947942,7.543815213119981
2021-06-21,0.00879973377687696,7.6104917161361385
2021-06-22,0.009303039601001586,7.681622776478503
2021-06-23,0.0010508358902151487,7.689699144112408
2021-06-24,0.0033350135269546283,7.715387205983924
2021-06-25,-0.001213190442430268,7.706032647543783
2021-06-28,0.008920594692766333,7.7750825667549375
2021-06-29,0.0010167349643705318,7.782991785159525
2021-06-30,0.0006103820158114775,7.787743833509283
2021-07-01,0.004138494221116333,7.820040149322709
2021-07-02,0.013326133496486751,7.924948507176039
2021-07-06,0.005539227331115533,7.9689684040974464
2021-07-07,0.0041225274030390014,8.001888505102826
2021-07-08,-0.0073133827841679825,7.943581103525692
2021-07-09,0.008445848165744023,8.01095549988192
2021-07-12,0.005235527662474284,8.053007064012666
2021-07-13,0.0001375899076937517,8.054115152740426
2021-07-14,0.003755752147713312,8.084421288566588
2021-07-15,-0.005465576550449797,8.040355796503473
2021-07-16,-0.00907552707800828,7.967715453043134
2021-07-19,-0.015801563397756933,7.842802600463381
2021-07-20,0.013154148371660197,7.946649500892146
2021-07-21,0.00617452124175349,7.9958680511580695
2021-07-22,0.006476897334526157,8.047824544430256
2021-07-23,0.014380570533234554,8.164393004547804
2021-07-26,0.0038415487978682686,8.195817238899354
2021-07-27,-0.009655719043437164,8.117061563530518
2021-07-28,0.0009343793624328252,8.124649522803287
2021-07-29,-0.0008068940157022157,8.118096435902508
2021-07-30,-0.011691703638708396,8.023734757554891
2021-08-02,-0.0016162805686269887,8.010776625787674
2021-08-03,0.006868919033272635,8.065991417695958
2021-08-04,-0.0010308767785782863,8.05768065886738
2021-08-05,0.007477138981757945,8.11815486228918
2021-08-06,-0.0011942259276359042,8.108465737921371
2021-08-09,0.00053021553781963,8.112766112405433
2021-08-10,-0.0018175772032353807,8.098033926163033
2021-08-11,-0.00046098717669119395,8.09430169668772
2021-08-12,0.006969723871279663,8.150913800640057
2021-08-13,0.0019652798262220633,8.166948378152687
2021-08-16,0.0038003855690572088,8.198044983029298
2021-08-17,-0.010359869347369847,8.113552728151534
2021-08-18,-0.01033494434982653,8.030131431978676
2021-08-19,0.0036653022533480583,8.059618296935653
2021-08-20,0.011428863077844808,8.152258951204644
2021-08-23,0.011377296069723292,8.245539247500195
2021-08-24,0.0011498018294673646,8.255025436185372
2021-08-25,0.0002417288256076836,8.257021154991087
2021-08-26,-0.006088236588085518,8.206903176550302
2021-08-27,0.009656581182737814,8.28653768304941
2021-08-30,0.011883699538853106,8.385599853815668
2021-08-31,-0.0017592253917708813,8.370860662208997
2021-09-01,0.0021426763899300935,8.388815937015528
2021-09-02,-0.0029490584917192153,8.364113270847861
2021-09-03,0.0023504588186020526,8.38379589718479
2021-09-07,0.004903203366620577,8.425004297477502
2021-09-08,-0.0029857332004002463,8.399886997869906
2021-09-09,-0.004962495458638491,8.358305855238289
2021-09-10,-0.012040008525293258,8.258275174988457
2021-09-13,0.00346050378947985,8.28690247139206
2021-09-14,-0.0027283076375991372,8.264324066510063
2021-09-15,0.007350622427013266,8.325295807928999
2021-09-16,-0.00043939591567216697,8.321638510513848
2021-09-17,-0.011731683627786925,8.224582110903718
2021-09-20,-0.020986336506450973,8.053776820631493
2021-09-21,0.000915607867688566,8.061154298976277
2021-09-22,0.008271922246271823,8.128112093591225
2021-09-23,0.009977997857473813,8.209620346986574
2021-09-24,0.0040965076077326985,8.243320097709878
2021-09-27,-0.004572913244225723,8.205710169069157
2021-09-28,-0.02552200739015707,7.9989338705197826
2021-09-29,-0.00013209049690403687,7.997877357149347
2021-09-30,-0.008708696749352918,7.928528675219067
2021-10-01,0.012244959117028479,8.026210016201366
2021-10-04,-0.021108923412455134,7.858561033577069
2021-10-05,0.013594102509181128,7.966120548973182
2021-10-06,0.008635623801010083,8.035210858788352
2021-10-07,0.00897447753792913,8.10764723127632
2021-10-08,-0.0013507810500945595,8.096702968351028
2021-10-11,-0.0070769871130530355,8.03960498493873
2021-10-12,-0.005560252629287578,7.995026798023025
2021-10-13,0.0026989886853401083,8.016634431151742
2021-10-14,0.018146225424970706,8.163433987383875
2021-10-15,0.01140898266980235,8.257103786790045
2021-10-18,0.008693176352669961,8.329197152325841
2021-10-19,0.0063945317179758595,8.382629121844111
2021-10-20,-0.0013123616601645744,8.371635296288686
2021-10-21,0.004205556976244702,8.40691682274527
2021-10-22,-0.008489359367370846,8.335849569205628
2021-10-25,0.008548611198628688,8.407414962719958
2021-10-26,0.004903161353284078,8.448739101516937
2021-10-27,0.005427474114323009,8.494719078986721
2021-10-28,0.010015863674464899,8.58022853793634
2021-10-29,0.0043164945971013715,8.617345097145868
2021-11-01,-0.001397025505828138,8.605314851489243
2021-11-02,0.0026583270243822534,8.628221025073149
2021-11-03,0.009168138961876455,8.707689486733425
2021-11-04,0.010107179528441748,8.796145937244965
2021-11-05,0.00405617971823694,8.831897143636745
2021-11-08,-0.001793471610220781,8.81607158243457
2021-11-09,-0.00940355393147785,8.733557747529176
2021-11-10,-0.010233603333481854,8.644637743896757
2021-11-11,-0.001443141079189772,8.632171309629134
2021-11-12,0.009990818961071487,8.718846025157838
2021-11-15,-0.0012211501144310773,8.7082055034959
2021-11-16,0.004871630911115206,8.750732169611343
2021-11-17,-0.0003991244081688449,8.747240235717483
2021-11-18,0.013325572000189514,8.864582303998642
2021-11-19,0.004358113270478061,8.903299463377934
2021-11-22,-0.007328108280535533,8.838293596778259
2021-11-23,-0.0009067856932112611,8.830282791183166
2021-11-24,0.004538430907010189,8.870449497487003
2021-11-26,-0.025535190386823496,8.64680839174964
2021-11-29,0.01775129359603058,8.80167086427079
2021-11-30,-0.01090662559275804,8.706195936637101
2021-12-01,-0.012639586841816226,8.596845743469466
2021-12-02,0.005880061286842968,8.647544633528359
2021-12-03,-0.014012320645902639,8.527217465551665
2021-12-06,0.013085148240669373,8.639530584547767
2021-12-07,0.025485554238159538,8.862543543588052
2021-12-08,0.006136422886151913,8.91709506303351
2021-12-09,-0.007324260366254927,8.852022532060902
2021-12-10,0.01046099764124374,8.945109561593451
2021-12-13,-0.014150184567182297,8.819425930715509
2021-12-14,-0.007393573317485209,8.754459322119857
2021-12-15,0.019779087586797583,8.929338312059441
2021-12-16,-0.020074688188100723,8.751871881123552
2021-12-17,-0.009769589403573182,8.666785990191476
2021-12-20,-0.011648843142593455,8.566413705146923
2021-12-21,0.020088327225126476,8.740238708153141
2021-12-22,0.014076691152770378,8.86414237992339
2021-12-23,0.006587142278588081,8.922724479444751
2021-12-27,0.014382300644299375,9.051981060923111
2021-12-28,-0.0016684113233506207,9.036891224749416
2021-12-29,-0.0007505421497580336,9.030111201647294
2021-12-30,-0.004148395424570359,8.992728322747634
2021-12-31,-0.0068919492435247365,8.930963978427846
2022-01-03,0.01702539663791574,9.084318942742387
2022-01-04,-0.009456009307384595,8.998822403367665
2022-01-05,-0.026695711225896698,8.76177064965663
2022-01-06,-0.004717643709898346,8.720533086012537
2022-01-07,-0.004156242967207267,8.684363648256113
2022-01-10,0.0007291440908767475,8.690698109780215
2022-01-11,0.0089667732818323,8.768976055205007
2022-01-12,0.006191609686531272,8.823438563597044
2022-01-13,-0.023441968328783584,8.619005316781072
2022-01-14,0.0039341715240333065,8.652980750834626
2022-01-18,-0.021826378869504993,8.466163700906876
2022-01-19,-0.010740263098113838,8.3757214316103
2022-01-20,-0.011602682309719645,8.279102201761393
2022-01-21,-0.025974670285619565,8.066824113396137
2022-01-24,-1.3285703857559675e-05,8.06671694067183
2022-01-25,-0.016218999615065878,7.936938147723812
2022-01-26,0.00802615260219372,8.000897555123293
2022-01-27,-0.007089152794377757,7.944378542522755
2022-01-28,0.035226722949768675,8.229220534466716
2022-01-31,0.02340986009335182,8.424138030005043
2022-02-01,0.004927169028910653,8.465747606530545
2022-02-02,0.014603568961184215,8.590284866471722
2022-02-03,-0.040296341402016295,8.251009500962189
2022-02-04,0.016138444604279396,8.38524824950566
2022-02-07,-0.009440639166392036,8.30645864376089
2022-02-08,0.010331564680213099,8.39272220998754
2022-02-09,0.013382636712195542,8.505793873304386
2022-02-10,-0.02005876496420316,8.336877939304777
2022-02-11,-0.025336992446685178,8.128300052259673
2022-02-14,0.0021504364369992275,8.14579825250342
2022-02-15,0.019051100886920455,8.302472345151765
2022-02-16,0.0009197917479174853,8.31011240379496
2022-02-17,-0.026184514779674494,8.09534026587054
2022-02-18,-0.010404947044448864,8.011545375782955
2022-02-22,-0.013845987182079801,7.901382041218316
2022-02-23,-0.025346933161006727,7.703623117535769
2022-02-24,0.023862784211734798,7.889663911240151
2022-02-25,0.016888484940157905,8.024039890853816
2022-02-28,0.0023399965914579243,8.042838102145712
2022-03-01,-0.01555886839453549,7.918669111959981
2022-03-02,0.014961516357630562,8.038035131097988
2022-03-03,-0.009878476657193302,7.959022493465681
2022-03-04,-0.013108576458733007,7.8553718788043865
2022-03-07,-0.03599029472671287,7.5776817777045915
2022-03-08,-0.006047136870445595,7.531996769798843
2022-03-09,0.03539777100313542,7.803387645499323
2022-03-10,-0.00534603371750576,7.761781784295647
2022-03-11,-0.01739722844162254,7.627916115627315
2022-03-14,-0.012477562071162985,7.5333296502413
2022-03-15,0.030506004756439307,7.766682678108295
2022-03-16,0.027851923687545018,7.986040317478223
2022-03-17,0.011996192852524856,8.082419332066035
2022-03-18,0.017928208227673614,8.228629354475663
2022-03-21,0.0008734020746482137,8.23581939586684
2022-03-22,0.017994576018434603,8.385360906938251
2022-03-23,-0.009296226022380217,8.307769907186158
2022-03-24,0.01822107199539511,8.46053391624732
2022-03-25,0.002696890619770232,8.483381846140034
2022-03-28,0.014184303267526663,8.604570161024002
2022-03-29,0.010933493702828822,8.699164354882468
2022-03-30,-0.007082545328823097,8.637769800514805
2022-03-31,-0.018133577950798715,8.482547747520597
2022-04-01,0.002890893122520338,8.507105366087794
2022-04-04,0.017208179573454652,8.654763987189112
2022-04-05,-0.016462130067621893,8.51345445591541
2022-04-06,-0.021745913577393226,8.330320040391111
2022-04-07,0.0016904847403167648,8.344414228950232
2022-04-08,-0.009257272050430657,8.267524161570982
2022-04-11,-0.025674376741347482,8.05796232760943
2022-04-12,-0.0032724695892909616,8.031635990503647
2022-04-13,0.015148990706738062,8.154233438700718
2022-04-14,-0.021687298586005148,7.979293982172235
2022-04-18,0.0035121306769004277,8.00736757555384
2022-04-19,0.018070601648912797,8.15338082558336
2022-04-20,-0.00948991752453936,8.0763718961387
2022-04-21,-0.015863474118579406,7.949263436033002
2022-04-22,-0.02634257227429262,7.742593450052797
2022-04-25,0.012332436807291168,7.838669703989957
2022-04-26,-0.03891655760134943,7.539475232227852
2022-04-27,0.002326148481355267,7.557033584839842
2022-04-28,0.033896661482181636,7.817582720248643
2022-04-29,-0.04465376872434861,7.476177432973501
2022-05-02,0.011209233844306925,7.560451093271834
2022-05-03,0.0021012762650890887,7.576354392468494
2022-05-04,0.030904794994153738,7.814155745979904
2022-05-05,-0.049079706822219446,7.439898611537121
2022-05-06,-0.005511737010583422,7.399004648915825
2022-05-09,-0.03502604564637978,7.14433288271686
2022-05-10,0.008711582028409801,7.20684321125637
2022-05-11,-0.028394349641839785,7.00508750148104
2022-05-12,-0.008831241111760922,6.943496248644071
2022-05-13,0.02794196080658712,7.140247150690157
2022-05-16,-0.00880299302946822,7.077667453236072
2022-05-17,0.020073840731087672,7.221179017507077
2022-05-18,-0.04823576667894646,6.881127172358354
2022-05-19,-0.009676354297473756,6.814864057587593
2022-05-20,-0.0031484096201006362,6.793441814722399
2022-05-23,0.02457178120312451,6.962436528397499
2022-05-24,-0.01998685191127633,6.824660778773254
2022-05-25,0.00885164499934803,6.885338405451299
2022-05-26,0.023414331086661203,7.048456193350014
2022-05-27,0.030812842961451217,7.269019812681754
2022-05-31,0.0005602618142569603,7.273093507971275
2022-06-01,-0.005901452844389021,7.230298091371107
2022-06-02,0.020890154209813903,7.382928822627299
2022-06-03,-0.026289570622820384,7.191363906713038
2022-06-06,0.005938417704043334,7.234196281847411
2022-06-07,0.006987570722659634,7.2849227610207565
2022-06-08,-0.006587327757714345,7.237092297532546
2022-06-09,-0.027480989031979045,7.040917724961385
2022-06-10,-0.03658487413220963,6.787981664476677
2022-06-13,-0.042832952469507454,6.503371233339939
2022-06-14,-0.0005009298897590262,6.500114316116658
2022-06-15,0.023438464694925207,6.654266504294599
2022-06-16,-0.033699576520466276,6.433756948656045
2022-06-17,0.007303611417902502,6.480918625000946
2022-06-21,0.028810211533468008,6.670350951550103
2022-06-22,-0.0009937737661386498,6.663725424446299
2022-06-23,0.014444313631631452,6.760676877386572
2022-06-24,0.03265142997344266,6.985066023214117
2022-06-27,-0.007212665107388037,6.934866335629275
2022-06-28,-0.031020490174136717,6.723045757150203
2022-06-29,0.005317647500361813,6.758891768372298
2022-06-30,-0.013926688380344122,6.66541520920355
2022-07-01,0.009767602504819749,6.730839333764102
2022-07-05,0.015529402594745457,6.836181077724681
2022-07-06,0.007557037188358296,6.888038048091574
2022-07-07,0.019302054768249772,7.022282767273211
2022-07-08,0.0012976162348603518,7.031400910043416
2022-07-11,-0.018796792200412596,6.9004675469539585
2022-07-12,-0.011051855447138374,6.824624452542306
2022-07-13,-0.003196130503690812,6.802846882669591
2022-07-14,0.0023049316611941134,6.818545064503889
2022-07-15,0.018064831106432616,6.94284023494712
2022-07-18,-0.010241375570397893,6.872098863365665
2022-07-19,0.02736676615047055,7.062763017058687
2022-07-20,0.01040779989769481,7.1366546991773365
2022-07-21,0.014008092711154546,7.237329101788845
2022-07-22,-0.01653550846689446,7.118640180326222
2022-07-25,-0.0036807483731240995,7.092486419297699
2022-07-26,-0.02160344777031588,6.940907468574532
2022-07-27,0.039590202052145244,7.221211431911378
2022-07-28,0.00971929644810186,7.2917387090957595
2022-07-29,0.02361406268817441,7.465975405745668
2022-08-01,-0.0037211378495699606,7.438245108207402
2022-08-02,-0.00691481752946848,7.386988420102499
2022-08-03,0.025209355951158103,7.575576748338819
2022-08-04,0.001905380260250154,7.590024862940169
2022-08-05,-0.006308597073649713,7.542293172605504
2022-08-08,-0.00457689339017789,7.5078517782551355
2022-08-09,-0.0044979717670904,7.474157507671762
2022-08-10,0.024773591720205015,7.6616318525237235
2022-08-11,-0.006461101695371892,7.6122888467166
2022-08-12,0.020143354721127833,7.767180664302879
2022-08-15,0.006507957716666354,7.817893988738924
2022-08-16,0.0030079012390124096,7.841444843320156
2022-08-17,-0.007121855863230283,7.785797594435457
2022-08-18,0.00016613579953447637,7.787091201598077
2022-08-19,-0.017438237312788426,7.6524752014150526
2022-08-22,-0.024969121128735512,7.46376538458324
2022-08-23,-0.0032407362013190336,7.43961644121586
2022-08-24,0.0013039900587011313,7.449323954970924
2022-08-25,0.01594870116632368,7.569083462415658
2022-08-26,-0.03964519900198175,7.274876130222738
2022-08-29,-0.009320378674419611,7.2073865327467885
2022-08-30,-0.010124453536442384,7.134783834175542
2022-08-31,-0.008487250564570314,7.074485382045012
2022-09-01,0.0048607443637132906,7.108956356419182
2022-09-02,-0.013982290592495682,7.0102485515858435
2022-09-06,-0.005882377600921957,6.969132670656439
2022-09-07,0.017530290992245314,7.0923807251916
2022-09-08,0.0029987632968711017,7.11368101750309
2022-09-09,0.0190030660445091,7.250155376422164
2022-09-12,0.014351018303651616,7.3549526642389775
2022-09-13,-0.05347065889924444,6.972007889618763
2022-09-14,0.0061940817607475,7.015327099386206
2022-09-15,-0.013232264962981886,6.923109899162559
2022-09-16,-0.005565043406837226,6.88468949682245
2022-09-19,0.009086103110123636,6.947529548742695
2022-09-20,-0.006192010379413793,6.904643286780265
2022-09-21,-0.019593389095417236,6.770674659876312
2022-09-22,-0.005218900017931228,6.735431231729862
2022-09-23,-0.01614133519166232,6.627585110288923
2022-09-26,-0.004245611009440932,6.599506609351761
2022-09-27,-0.0011805109803187384,6.591720416082301
2022-09-28,0.014691533338489526,6.689277775195337
2022-09-29,-0.027619799575457814,6.507049403602753
2022-09-30,-0.017430276335777286,6.3946124843040275
2022-10-03,0.020221518577762387,6.525237526688816
2022-10-04,0.028963133166360077,6.716992355960991
2022-10-05,-0.002231945070035642,6.702017116159654
2022-10-06,-0.00876435734693727,6.6435348970952575
2022-10-07,-0.03646202717875995,6.405661179525754
2022-10-10,-0.008333576411468868,6.352500927788087
2022-10-11,-0.010381692857707391,6.286892367508998
2022-10-12,-0.0008515305066110695,6.281541165545492
2022-10-13,0.02578099086919675,6.445591119819594
2022-10-14,-0.025921871950750366,6.2806562775657175
2022-10-17,0.03419193438921539,6.49911758938255
2022-10-18,0.009941517852553566,6.564050916036706
2022-10-19,-0.006393443768642232,6.522217896636665
2022-10-20,-0.005422187285688406,6.486948913608015
2022-10-21,0.0252209445504128,6.6526365086070305
2022-10-24,0.011598019884056834,6.73024309052592
2022-10-25,0.016450438025147555,6.841874210362351
2022-10-26,-0.027689466350475547,6.655025177687277
2022-10-27,-0.0217019791710683,6.51215386242038
2022-10-28,0.02893591386505065,6.703341743952426
2022-10-31,-0.012304745123507908,6.621364222895131
2022-11-01,-0.013834137524947726,6.530394057366501
2022-11-02,-0.03162952950329988,6.32707318794024
2022-11-03,-0.02332031907963617,6.181230975300418
2022-11-04,0.014700277211734218,6.272767945154866
2022-11-07,0.010792207738525676,6.3408315777226925
2022-11-08,0.0030279932962382207,6.360060671323654
2022-11-09,-0.026689286333859745,6.192560365450477
2022-11-10,0.06853419704785628,6.6318435510011495
2022-11-11,0.01462865676157307,6.729571586155471
2022-11-14,-0.010340819932105191,6.660340866283865
2022-11-15,0.010433741555788412,6.73019693792785
2022-11-16,-0.0058223495727122866,6.691125233599241
2022-11-17,-0.002126680667073668,6.676910467415701
2022-11-18,0.0014596539241434245,6.68666356232059
2022-11-21,-0.01030249076652513,6.6181279228117065
2022-11-22,0.013849308064851405,6.710422044903389
2022-11-23,0.010524572320105214,6.7814193196468695
2022-11-25,-0.004000745417915238,6.754342786649982
2022-11-28,-0.015235154583680606,6.652219239514341
2022-11-29,-0.00855806277928179,6.595532041921434
2022-11-30,0.04305872737050449,6.885730204218242
2022-12-01,-0.0007210658096417469,6.88076692923256
2022-12-02,-0.0022092495815701435,6.865582377181945
2022-12-05,-0.017069563740116065,6.749384426712058
2022-12-06,-0.021084955229703467,6.608563773903825
2022-12-07,-0.006007393307118747,6.568982541171552
2022-12-08,0.009492213697067474,6.631633605454478
2022-12-09,-0.004914658392339672,6.599121350455317
2022-12-12,0.014287141073446202,6.694080661414643
2022-12-13,0.009513794305402072,6.758070679168215
2022-12-14,-0.005383737430124953,6.72178476565716
2022-12-15,-0.03145605927622225,6.513634856692206
2022-12-16,-0.011893951988502705,6.436620904464302
2022-12-19,-0.013511561795924694,6.350237008232329
2022-12-20,8.149603607206053e-05,6.350754548465071
2022-12-21,0.01424560874752044,6.4418723866208705
2022-12-22,-0.021647904917399017,6.303917945462135
2022-12-23,0.0045389107746026435,6.332595900652345
2022-12-27,-0.012920794524667297,6.2513000646132335
2022-12-28,-0.012761057385928466,6.172033702720392
2022-12-29,0.02296419152773228,6.315409419739424
2022-12-30,-0.001264637102030612,6.307427766683762
2023-01-03,-0.010668829621548933,6.240492589392738
2023-01-04,-0.0018941891183935696,6.228683104466404
2023-01-05,-0.014056791252304513,6.141740306278077
2023-01-06,0.02174762451150196,6.276771550726787
2023-01-09,0.0018555976195969886,6.288429525985537
2023-01-10,0.006620085135899242,6.33019756626789
2023-01-11,0.02021736439659554,6.459479948116478
2023-01-12,0.003794281637352911,6.484035590321871
2023-01-13,0.006300279527475139,6.525015784793194
2023-01-17,0.0002446466439476995,6.526612303290133
2023-01-18,-0.014485201004165896,6.432754428399918
2023-01-19,-0.00463322627360847,6.403018960340245
2023-01-20,0.02423300307255822,6.560078666771246
2023-01-23,0.013510266813241563,6.649308481944814
2023-01-24,0.00037499200647291296,6.65180238704213
2023-01-25,-0.002908859545259317,6.632481342900932
2023-01-26,0.018184585104809997,6.754193553406535
2023-01-27,0.010653677683922573,6.826535222717895
2023-01-30,-0.020700141746128504,6.686677507242119
2023-01-31,0.015986511260326457,6.794433176209981
2023-02-01,0.012540736094937305,6.880176890493507
2023-02-02,0.03220865223082053,7.105385478902897
2023-02-03,-0.010464886131377894,7.0314161443326455
2023-02-06,-0.0066814098893345905,6.984592967574913
2023-02-07,0.020047814667551574,7.126031825758303
2023-02-08,-0.01581445439668319,7.014223940992644
2023-02-09,-0.009611628496188913,6.947128789656088
2023-02-10,-0.002002985345511174,6.933227718965003
2023-02-13,0.01392590793457139,7.030454625070186
2023-02-14,0.003712906202700955,7.056606563459047
2023-02-15,0.0030188428269761736,7.077941536828734
2023-02-16,-0.018324801199971232,6.949420819954868
2023-02-17,-0.0052507866049699824,6.913026527151878
2023-02-21,-0.022090057630976503,6.761991698461284
2023-02-22,-9.681943861462672e-05,6.761337037913567
2023-02-23,0.008382139977881111,6.81824970314167
2023-02-24,-0.01398162111745372,6.723582859243098
2023-02-27,0.005255673659558706,6.7590128392263775
2023-02-28,-0.00222679867874533,6.743978623664469
2023-03-01,-0.008836892951506126,6.6846453534924875
2023-03-02,0.005406988831794954,6.720887047184472
2023-03-03,0.022023611547695963,6.870547232450712
2023-03-06,0.00540973316346952,6.907815775211874
2023-03-07,-0.014635493347630191,6.807452706355264
2023-03-08,0.0008884509376399311,6.813503481605625
2023-03-09,-0.01649301254250455,6.702049912234098
2023-03-10,-0.010383994873537057,6.632815944992207
2023-03-13,0.007933845064358127,6.685648986487955
2023-03-14,0.021735363097737197,6.832554736196268
2023-03-15,0.0018899374897654642,6.845480047711193
2023-03-16,0.02270634616676516,7.002694010062207
2023-03-17,-0.004458153329134792,6.971544412880368
2023-03-20,0.0039020857383343915,6.998801121329858
2023-03-21,0.01729508084117241,7.120898753251869
2023-03-22,-0.011787546587774846,7.0374536004611565
2023-03-23,0.008591619767152819,7.098177209474719
2023-03-24,0.0029014597684092515,7.118802191886166
2023-03-27,-0.005094550796213804,7.08262731811892
2023-03-28,-0.004899978455974054,7.048007484336167
2023-03-29,0.014384352263839627,7.150121165644898
2023-03-30,0.0073012900454373425,7.202517321134908
2023-03-31,0.016752151416135366,7.324191286743354
2023-04-03,0.0053345689575525,7.363367090329487
2023-04-04,-0.0018060110665657986,7.35008076911005
2023-04-05,-0.00456965736984391,7.316570042936534
2023-04-06,0.009726912564441194,7.388084925670271
2023-04-10,-0.0053141032572411005,7.348928013587238
2023-04-11,-0.00614295061247339,7.303922287249561
2023-04-12,-0.005441131480311732,7.264288609570855
2023-04-13,0.021312616271437806,7.420771208805325
2023-04-14,0.0008141468646901314,7.42681526646
2023-04-17,-0.0006673294283873654,7.421860787392201
2023-04-18,4.375841260868767e-05,7.422185563344648
2023-04-19,-3.186133180821809e-07,7.422183198537855
2023-04-20,-0.0067648874310378936,7.372142415676193
2023-04-21,0.002189597012877662,7.388302121854001
2023-04-24,-0.0007004056402519034,7.383129125185467
2023-04-25,-0.015124841537872176,7.2723007109734406
2023-04-26,0.00664300595146839,7.320771465383151
2023-04-27,0.0285615200584061,7.532878456632453
2023-04-28,0.004873528817402325,7.569679760135591
2023-05-01,-0.0010125041992539558,7.562019306366686
2023-05-02,-0.008994347456446014,7.494308839456895
2023-05-03,-0.004309212458754941,7.462083752675331
2023-05-04,-0.005266057438770092,7.422891276507846
2023-05-05,0.022219542574208856,7.5896705431247575
2023-05-08,0.0029160965194822168,7.611835056202756
2023-05-09,-0.0052917395675034385,7.571661594948208
2023-05-10,0.010213931430338859,7.6493943299213205
2023-05-11,0.004252931382632987,7.681995956225052
2023-05-12,-0.003617558593172119,7.654256091286292
2023-05-15,0.0008585027506716527,7.66083011269897
2023-05-16,0.002364978932775291,7.6789692554137225
2023-05-17,0.012267822216365885,7.773753695627163
2023-05-18,0.012792945951756415,7.87384175201941
2023-05-19,-0.0015295909705654088,7.861807201088465
2023-05-22,0.0014640210299849677,7.873325481609686
2023-05-23,-0.011716189856094033,7.781618383398758
2023-05-24,-0.0027450538703544937,7.760286713424479
2023-05-25,0.018922492511967388,7.908528812373943
2023-05-26,0.016159319409453723,8.037363391603403
2023-05-30,0.0033988433037940797,8.06472760734491
2023-05-31,-0.006304778163924751,8.014041239878967
2023-06-01,0.01572193164737822,8.141033111432817
2023-06-02,0.009956807998745822,8.222496700682807
2023-06-05,6.229859897455269e-05,8.223008966663894
2023-06-06,0.0011916164408831607,8.23281347979146
2023-06-07,-0.014955861512612415,8.11060083721992
2023-06-08,0.010619755676011025,8.19719241337878
2023-06-09,0.003061709993456526,8.22232829906986
2023-06-12,0.011843972091012322,8.320292322351921
2023-06-13,0.005487081214382098,8.366071925390788
2023-06-14,0.0026586004025852725,8.388343560149977
2023-06-15,0.012651281810605323,8.495140996232985
2023-06-16,-0.006194199961396734,8.442683029495822
2023-06-20,0.0016929383401191804,8.456988076654754
2023-06-21,-0.009133587975594033,8.380097111779367
2023-06-22,0.012556326381926485,8.485983728504884
2023-06-23,-0.006818177050761239,8.428321587717308
2023-06-26,-0.01627144602439144,8.29229032191553
2023-06-27,0.013495238872338012,8.404955270921235
2023-06-28,0.0018142587465757953,8.420217875506566
2023-06-29,0.0011007094708889238,8.429491191746324
2023-06-30,0.016463162741290033,8.569415918467016
2023-07-03,0.001308470149231543,8.580636082416646
2023-07-05,0.0016461185468328206,8.594772458498843
2023-07-06,-0.0059150280736908626,8.54408419715239
2023-07-07,-0.005319390357582217,8.498755545340956
2023-07-10,-0.007392737409688625,8.436158145447207
2023-07-11,0.003571585841039875,8.466342479315484
2023-07-12,0.011585282659736622,8.56499782159815
2023-07-13,0.013037654147128234,8.677396415840668
2023-07-14,0.003304475584389772,8.70611808933162
2023-07-17,0.006748804716110195,8.76507269294153
2023-07-18,0.007705710001707136,8.83287469705273
2023-07-19,-0.00015176152813384063,8.831534308203194
2023-07-20,-0.017220776665563636,8.68075046202931
2023-07-21,-0.004445548318395652,8.642245417841899
2023-07-24,0.006955534991081876,8.702566397398007
2023-07-25,0.0045378131940511796,8.74214675423192
2023-07-26,3.95233206787377e-05,8.74249227972962
2023-07-27,-0.005206433128105811,8.697093364063594
2023-07-28,0.016934228671525744,8.845626025375378
2023-07-31,0.0008243733691839067,8.852921130436485
2023-08-01,-0.004107947063005455,8.816628394436158
2023-08-02,-0.018953758025800994,8.651093859594472
2023-08-03,0.0012396608558558908,8.661824932083544
2023-08-04,-0.0052732932534535265,8.616268810069263
2023-08-07,0.008219191798254857,8.687379411517359
2023-08-08,-0.0013300383206730577,8.67583254458377
2023-08-09,-0.012120693024378872,8.57131016305288
2023-08-10,0.0010480733180636599,8.580298233791433
2023-08-11,-0.002058142139109307,8.562656920822455
2023-08-14,0.01082527055137067,8.655853527757762
2023-08-15,-0.011043559956241959,8.56078798753068
2023-08-16,-0.00830829873648629,8.489957053233177
2023-08-17,-0.008324052762774802,8.419579522279129
2023-08-18,-0.0016461449680724028,8.405731075218169
2023-08-21,0.014461110785567619,8.52817045450395
2023-08-22,-0.0010225141152068965,8.519454736569019
2023-08-23,0.013894534537238412,8.638654791580239
2023-08-24,-0.016409717507670393,8.498053674174262
2023-08-25,0.007139500040966708,8.558942628436792
2023-08-28,0.005599897398564129,8.607006279150863
2023-08-29,0.019321294989566404,8.77492173476143
2023-08-30,0.005422215590371484,8.822630478855912
2023-08-31,0.0010760466084413296,8.832129150050154
2023-09-01,-0.0005619191814199715,8.827167601393194
2023-09-05,0.0036205517007303527,8.85918474294877
2023-09-06,-0.012377797986646958,8.750203409752034
2023-09-07,-0.0037699550797593647,8.717277639292929
2023-09-08,0.003145719719646794,8.744742927865744
2023-09-11,0.013002811296135841,8.859191634948697
2023-09-12,-0.008700833342989838,8.782443654851534
2023-09-13,0.005090206285100241,8.827262075474023
2023-09-14,0.0064582504377832875,8.884455229705095
2023-09-15,-0.014470549216322777,8.75681800067348
2023-09-18,0.0017620238871400682,8.772261324923507
2023-09-19,-0.0013199028495662051,8.760690430111964
2023-09-20,-0.016143015447298743,8.62040185603019
2023-09-21,-0.016285328372178373,8.481152717607658
2023-09-22,-0.0023925145011387907,8.460885690989532
2023-09-25,0.006329192194905453,8.51460608669099
2023-09-26,-0.01593495438721681,8.380001534029304
2023-09-27,0.00046876832008354994,8.383930734141025
2023-09-28,0.00589211564818523,8.43347564244012
2023-09-29,-0.0016916263268558262,8.419221412830668
2023-10-02,0.012030672148223136,8.52112204286394
2023-10-03,-0.016318353353944468,8.383199755289878
2023-10-04,0.011811091460367136,8.482801539336968
2023-10-05,0.001936647542116592,8.499245654176068
2023-10-06,0.014375482795792585,8.622308840927325
2023-10-09,0.0045805492438083075,8.661894343627393
2023-10-10,0.0033019861865086165,8.69054307192157
2023-10-11,0.007857888813716582,8.759101402210973
2023-10-12,-0.0018458778284892788,8.742948084247438
2023-10-13,-0.009035041819726662,8.664310962461794
2023-10-16,0.009811516865311131,8.749739401562692
2023-10-17,-0.004872828446049149,8.70720713289433
2023-10-18,-0.013822039062137473,8.587683707403496
2023-10-19,-0.008301104158100675,8.516691514925919
2023-10-20,-0.014701544792131913,8.392398878680039
2023-10-23,0.0038657901146481473,8.424904921591349
2023-10-24,0.00732628069528198,8.48685479386142
2023-10-25,-0.01846871928742847,8.331551991346661
2023-10-26,-0.024000705102643335,8.13396941397144
2023-10-27,0.0034085759420559615,8.161741971976493
2023-10-30,0.014690328363725762,8.282525645333026
2023-10-31,0.002226385495621913,8.30098628291933
2023-11-01,0.016937181629030355,8.442778990076196
2023-11-02,0.016686378763573474,8.584840346698561
2023-11-03,0.005348070389234871,8.630875667496472
2023-11-06,0.007661194315265005,8.697252421040629
2023-11-07,0.007942283333296688,8.766603502404212
2023-11-08,0.0036781261410727966,8.798907548674283
2023-11-09,-0.00833399130038434,8.72588224848535
2023-11-10,0.018562910068582315,8.889372751056136
2023-11-13,-0.0003392459916148959,8.886357578453897
2023-11-14,0.014751973229934833,9.018420587588745
2023-11-15,-0.0004892997424368079,9.014008956111141
2023-11-16,0.0034063141735579832,9.044765856672786
2023-11-17,-0.001587084499665569,9.030422434101103
2023-11-20,0.009568437291658884,9.117244176665979
2023-11-21,-0.002842355503528088,9.091366521673063
2023-11-22,0.0037080545411268474,9.12514038355148
2023-11-24,-0.0026083535384038244,9.101369805855775
2023-11-27,-0.0005610567168649658,9.09626485341137
2023-11-28,0.004788831770016738,9.139929804134503
2023-11-29,-0.006658241581146397,9.079276091076805
2023-11-30,-0.0020032113874469976,9.06110658657651
2023-12-01,-0.0017754071272079546,9.04503370553799
2023-12-04,-0.01036603404241511,8.951756868914577
2023-12-05,0.008293156974266443,9.026303881606964
2023-12-06,-0.007608522727133347,8.957887646669782
2023-12-07,0.01247918441953163,9.070375195250053
2023-12-08,0.004899957844571723,9.114928717388779
2023-12-11,-0.00859360765207737,9.036934203332542
2023-12-12,0.006191513712750586,9.093060078137517
2023-12-13,0.007927351180177946,9.165430432289073
2023-12-14,-0.004096886224064437,9.127957520155741
2023-12-15,0.004407450615503506,9.168277330663303
2023-12-18,0.008487083246373036,9.246420397895854
2023-12-19,0.0047283112206861705,9.29024387508738
2023-12-20,-0.011600639518513037,9.183093811125794
2023-12-21,0.008781327517706845,9.264088666211663
2023-12-22,-0.00027589185547673714,9.261533132141968
2023-12-26,0.0018363100815125516,9.278555803470852
2023-12-27,0.0015593640816397142,9.293035736930207
2023-12-28,-0.0006608616563247474,9.286896354805377
2023-12-29,-0.003321817753766503,9.25609815893366
2024-01-02,-0.011718418969967536,9.148264377382947
2024-01-03,-0.0039179081687444,9.112492438992055
2024-01-04,-0.006847264793159396,9.050309923363882
2024-01-05,0.0017850889480803237,9.066479959767541
2024-01-08,0.01933898485311704,9.24352287576692
2024-01-09,0.002972681593879647,9.271041808329453
2024-01-10,0.011039239712206229,9.373954052587333
2024-01-11,0.0003298408171606586,9.377046475227633
2024-01-12,0.001299221070659694,9.389237249129154
2024-01-16,-0.0021281112754769713,9.369277153656308
2024-01-17,-0.004645240654633444,9.32585553652842
2024-01-18,0.01268187030153043,9.444877945075659
2024-01-19,0.014910735931119705,9.586763204061024
2024-01-22,0.0007578291599707513,9.59403108632552
2024-01-23,0.00499442944885552,9.642067655490854
2024-01-24,0.005990393318678115,9.700000781013404
2024-01-25,9.648646256562809e-05,9.700936744928846
2024-01-26,-9.204905486350675e-05,9.70004382396708
2024-01-29,0.009352500327100955,9.791189040471107
2024-01-30,-0.0035999460198883606,9.756004657392786
2024-01-31,-0.022908127884923437,9.535053308463143
2024-02-01,0.013801124960518498,9.667560038429645
2024-02-02,0.025873702140743072,9.920959664169784
2024-02-05,0.0014794966697411515,9.935648554356227
2024-02-06,0.0007929167943658157,9.943529821139366
2024-02-07,0.013315940103627927,10.076822759492218
2024-02-08,-0.0005666717176275403,10.071114126644021
2024-02-09,0.010873040251338785,10.181215238122382
2024-02-12,-0.006058097972185153,10.119722890135062
2024-02-13,-0.01222008526323899,9.99681153671707
2024-02-14,0.009269476422383684,10.089907554635934
2024-02-15,0.0010801039026018936,10.100811590848545
2024-02-16,-0.004593369857549162,10.054521223130434
2024-02-20,-0.009006106700735672,9.964375671705143
2024-02-21,0.0003373215552815903,9.967737437370268
2024-02-22,0.03255696167341075,10.297597162424374
2024-02-23,-0.002162017380113065,10.275357628178481
2024-02-26,-0.005158782586293313,10.222485786602752
2024-02-27,0.0003567723734409903,10.226133537789037
2024-02-28,-0.003842756521321831,10.186912403348
2024-02-29,0.006294845033274763,10.251239691033996
2024-03-01,0.00932686487592374,10.347298887665124
2024-03-04,-0.006562350047930553,10.279618604054177
2024-03-05,-0.014281265251362965,10.133855958990097
2024-03-06,0.0031947872203172767,10.166283244057176
2024-03-07,0.014649515804241677,10.316310602104187
2024-03-08,-0.01168286402017317,10.196487847498233
2024-03-11,-0.0046116535416154,10.149573437851375
2024-03-12,0.01914641102978689,10.345773613639961
2024-03-13,-0.0030595554181966616,10.314168519347941
2024-03-14,0.002966916650101312,10.34481523830944
2024-03-15,-0.009406964017259071,10.2479582131195
2024-03-18,0.010502936850167881,10.3561590899132
2024-03-19,0.0066427058669987875,10.425181000983905
2024-03-20,0.011377169958331323,10.544467340860534
2024-03-21,-0.001202901015660629,10.5317910160971
2024-03-22,0.003882140918182338,10.572756378147428
2024-03-25,-0.00439807576325038,10.526358699612105
2024-03-26,-0.004791300593485667,10.476044382689283
2024-03-27,0.0028837658766804235,10.506298443850948
2024-03-28,-0.0020863370442089813,10.484401614236129
2024-04-01,0.002093410219333413,10.506372757002566
2024-04-02,-0.006394642381878435,10.439402613757688
2024-04-03,0.002205865216529751,10.46245594578853
2024-04-04,-0.011785586966823894,10.339873533084397
2024-04-05,0.014280461881458848,10.488591053028594
2024-04-08,-0.0010041852421946943,10.478063851196714
2024-04-09,-7.297137541078089e-05,10.477299280362082
2024-04-10,-0.0028053746584750967,10.44794772078245
2024-04-11,0.016529138370896347,10.622078445232418
2024-04-12,-0.012880609257399091,10.48613698717929
2024-04-15,-0.017209613296039213,10.307218598644662
2024-04-16,-0.0017688672195125344,10.289002613120655
2024-04-17,-0.00815274043826653,10.205460058564624
2024-04-18,-0.0035706906369086153,10.16908449947081
2024-04-19,-0.02141071964261963,9.95367138617619
2024-04-22,0.010310467045362474,10.056829276141585
2024-04-23,0.013960150999614446,10.19820867422411
2024-04-24,-0.00018297677231910985,10.19634280962761
2024-04-25,-0.007888406553740044,10.116226323341708
2024-04-26,0.022908935712818473,10.350653285380288
2024-04-29,0.0009569808225007883,10.360563403214792
2024-04-30,-0.01771556342436397,10.178636412692933
2024-05-01,-0.001367552508867848,10.164726106634797
2024-05-02,0.012860865001242703,10.296297524480323
2024-05-03,0.018386496485704843,10.48736147847782
2024-05-06,0.013278564060706396,10.627547252796584
2024-05-07,0.000159670410479777,10.629244293108787
2024-05-08,-0.00016986243617203537,10.627438937113917
2024-05-09,0.0028034808751766726,10.657274561185865
2024-05-10,0.0003235620629310806,10.66072340885615
2024-05-13,0.001331101715076942,10.67492336476581
2024-05-14,0.006665649373209632,10.746316336923751
2024-05-15,0.014008328095507483,10.89791359502725
2024-05-16,-0.0014589770821946842,10.882025381936078
2024-05-17,0.0006103000760711758,10.888668709860049
2024-05-20,0.002536840209713461,10.91632658945118
2024-05-21,0.006135370000046831,10.983508173314323
2024-05-22,-0.0035800029585077134,10.944257482275193
2024-05-23,-0.0004803568481530107,10.93900159569725
2024-05-24,0.010261825829275852,11.051833666198842
2024-05-28,0.00875190792090177,11.148982796824214
2024-05-29,-0.002485315413573013,11.121308462003935
2024-05-30,-0.012586111660759756,10.98221161232017
2024-05-31,0.0013152038294970039,10.996664961555767
2024-06-03,0.008777005604471954,11.093607562090959
2024-06-04,0.0038160873600246144,11.136022615988752
2024-06-05,0.016760648150718337,11.32424251036959
2024-06-06,0.0013101406685591841,11.33908858412198
2024-06-07,-0.00029357141772894606,11.335760240387783
2024-06-10,0.0036896974410611147,11.37766302269532
2024-06-11,0.011266942349376396,11.506579378858886
2024-06-12,0.012635428861649922,11.652892361063824
2024-06-13,0.008224783820308149,11.749130106424195
2024-06-14,0.0029547232421988498,11.783896872016493
2024-06-17,0.008766414099572536,11.887653514074058
2024-06-18,0.0002937217683663306,11.891145689524807
2024-06-20,-0.006951927532422805,11.808765987053764
2024-06-21,-0.004415732499294181,11.756736593791617
2024-06-24,-0.010088036663106554,11.638730430022248
2024-06-25,0.01383466954240591,11.800867388988381
2024-06-26,0.008615796281565117,11.902980519652827
2024-06-27,0.0007443195971563354,11.911843439331397
2024-06-28,-0.009460043221652642,11.79968821858258
2024-07-01,0.01228243180540738,11.945510779074553
2024-07-02,0.00936284593525641,12.057879983006272
2024-07-03,0.009727436396748832,12.175744574388155
2024-07-05,0.011760091244447636,12.319777702944135
2024-07-08,0.0012626838465667999,12.335343512522954
2024-07-09,0.0037987331257848156,12.382291305153265
2024-07-10,0.011966456230257173,12.53135354672494
2024-07-11,-0.02625427258928107,12.206633273977548
2024-07-12,0.004007989831165289,12.255655510701214
2024-07-15,0.004818026269718786,12.314846057207394
2024-07-16,-0.0022230955280141173,12.287499386402839
2024-07-17,-0.023053817748167383,12.007465937551476
2024-07-18,-0.00671206748445136,11.927140890993742
2024-07-19,-0.008141492058533697,11.830430386247029
2024-07-22,0.013856867100647086,11.995504149102192
2024-07-23,0.0011572280018641258,12.009393717548733
2024-07-24,-0.038765508306856114,11.55275163096381
2024-07-25,-0.012122103441771379,11.413553373037958
2024-07-26,0.00848750266207826,11.510838206302099
2024-07-29,0.0021719692414533293,11.535866563401255
2024-07-30,-0.012597178584386701,11.391458667856908
2024-07-31,0.025951855263690052,11.690957622042804
2024-08-01,-0.015890450242265913,11.50665127527643
2024-08-02,-0.018775036455835822,11.292628903916633
2024-08-05,-0.03915720242182693,10.85898666328259
2024-08-06,0.010200680096880776,10.970322598128748
2024-08-07,-0.00877369380752388,10.87449334965048
2024-08-08,0.026632316318865364,11.16799729344033
2024-08-09,0.00888223127515217,11.267635879691152
2024-08-12,0.004622716390178487,11.319843542388819
2024-08-13,0.02207496357502561,11.572507186380241
2024-08-14,0.003325802492739277,11.611059132171526
2024-08-15,0.021153053699701573,11.859284597126909
2024-08-16,0.002000062683369987,11.88302764557884
2024-08-19,0.01152655863546921,12.020790501039256
2024-08-20,-0.0003901779695504129,12.016101168305823
2024-08-21,0.002330625670701338,12.044138862143626
2024-08-22,-0.014305209983330578,11.87307142172685
2024-08-23,0.012698823570984735,12.024806852622932
2024-08-26,-0.0062639221512083,11.949719813811562
2024-08-27,0.0016662837153280318,11.969648035765013
2024-08-28,-0.008985403500329954,11.862577673990065
2024-08-29,-0.004173275634343625,11.813175024759483
2024-08-30,0.01187992810995537,11.954351618312906
2024-09-03,-0.027959028482650562,11.624748720136102
2024-09-04,-0.0035170344080175876,11.583935891034566
2024-09-05,0.002022846344997925,11.607392129597262
2024-09-06,-0.025190022610748132,11.318653592326829
2024-09-09,0.011795773658946858,11.452956413827335
2024-09-10,0.007705118458681615,11.541543648992002
2024-09-11,0.020662081569237267,11.78249668870544
2024-09-12,0.011388648405954922,11.917450412456432
2024-09-13,0.002939337362085487,11.952531351815036
2024-09-16,-0.005460111640132907,11.887447041746917
2024-09-17,0.001073797741317929,11.900218611344496
2024-09-18,-0.0019061772377464816,11.877556291564387
2024-09-19,0.02236568606059352,12.146198977370556
2024-09-20,-0.0014646698127047282,12.128421828394075
2024-09-23,0.0021963843846455806,12.15508978052442
2024-09-24,0.0038212237519618564,12.201625954241369
2024-09-25,0.0020628211510410233,12.226821704565733
2024-09-26,0.00015176691061868442,12.22867747234103
2024-09-27,-0.004596258835512996,12.172600276836773
2024-09-30,0.006825084517889244,12.25596345931151
2024-10-01,-0.013066802978766839,12.09685895687016
2024-10-02,-0.0001726386903726753,12.09477075123995
2024-10-03,0.0013235438380293993,12.110789308833331
2024-10-04,0.011393977141069208,12.249568487384956
2024-10-07,-0.01232719443111025,12.099492582824155
2024-10-08,0.015015765420168957,12.282546634027822
2024-10-09,0.005412579909265066,12.349207139088437
2024-10-10,6.956113373824188e-05,12.350066193815865
2024-10-11,0.0010306601273093916,12.362801476358078
2024-10-14,0.008334591104166853,12.466270960524849
2024-10-15,-0.008305151958853918,12.363165432024461
2024-10-16,0.0027636331899404372,12.397379942747246
2024-10-17,0.0014656382077594848,12.415563338352149
2024-10-18,0.004389512520034751,12.470181394692647
2024-10-21,0.004856709639849931,12.53089275426921
2024-10-22,0.00369950153723404,12.577336667971135
2024-10-23,-0.015436912118355647,12.384672324364548
2024-10-24,0.0063586679487745296,12.463673247463781
2024-10-25,0.005236746851446118,12.529113546690159
2024-10-28,0.0017427354960209032,12.550967514913621
2024-10-29,0.005685487529878142,12.62252912275447
2024-10-30,-0.00306707461522408,12.583874193180835
2024-10-31,-0.028886123579617923,12.225574703449984
2024-11-01,0.006948559073680854,12.310820656767635
2024-11-04,-0.005491903432801658,12.243396132496136
2024-11-05,0.01295251502017611,12.403010376242456
2024-11-06,0.026811226702401138,12.74004830994956
2024-11-07,0.01503355049189178,12.933023385282578
2024-11-08,0.0023275877900098487,12.96316119319255
2024-11-11,-0.0020047851630174154,12.93719887309926
2024-11-12,0.0016595406453482982,12.95868650533411
2024-11-13,-0.0005777785105335778,12.951201417316318
2024-11-14,-0.005442481668155337,12.880906204740374
2024-11-15,-0.01872949714276822,12.641898542279575
2024-11-18,0.004059950502440699,12.693328355221592
2024-11-19,0.011237789068303815,12.83677781960582
2024-11-20,-0.0025665941650500606,12.80387326493795
2024-11-21,-0.003919206591813707,12.753790446999103
2024-11-22,-0.001085670481529787,12.739951546785212
2024-11-25,0.00033417296517292247,12.744209605594204
2024-11-26,0.011313799666723938,12.88921376726796
2024-11-27,-0.005229625446725742,12.821983953556828
2024-11-29,0.008633624359414272,12.933163396724806
2024-12-02,0.010027007468654045,13.063496657000977
2024-12-03,0.0053195958332853755,13.133174343639354
2024-12-04,0.011064187919967319,13.279289082461966
2024-12-05,0.001783228288434759,13.302990212386183
2024-12-06,0.006456166964870808,13.389154384177425
2024-12-09,-0.004234732651189414,13.33257477923844
2024-12-10,0.0018966589506212261,13.357886122433381
2024-12-11,0.016850038187367956,13.584874020494208
2024-12-12,-0.006708364710807841,13.494046722951598
2024-12-13,0.004199876313749571,13.550839227427085
2024-12-16,0.012611373983049647,13.722816081562994
2024-12-17,-0.0011155789201470084,13.707515733177209
2024-12-18,-0.031846594321467754,13.277855953810423
2024-12-19,0.0017857459438840493,13.30158801463252
2024-12-20,0.008135550418843741,13.410245148061492
2024-12-23,0.012091146940775625,13.573374616445609
2024-12-24,0.013919885150614581,13.763635565370661
2024-12-26,-0.0012093122684621732,13.747001092186304
2024-12-27,-0.015193749389854735,13.53971134468838
2024-12-30,-0.011385216692763475,13.386433006318253
2024-12-31,-0.009356121452532971,13.261771994448347
2025-01-02,-0.003227387153682519,13.219040115128946
2025-01-03,0.015772011103047583,13.429183800670847
2025-01-06,0.012466010860176553,13.597639958397538
2025-01-07,-0.019611539769336328,13.33356720201866
2025-01-08,0.001074559896906297,13.347902619369549
2025-01-10,-0.01407048187179355,13.161406320775521
2025-01-13,-0.0038476942060721602,13.110862554766431
2025-01-14,-0.006309008967247033,13.028406387194511
2025-01-15,0.025984188825489068,13.371375549707013
2025-01-16,-0.013142750337562004,13.196788688007794
2025-01-17,0.014242481340761082,13.386088554645449
2025-01-21,0.006012375062507923,13.466813169813804
2025-01-22,0.013567196040193637,13.650765098421658
2025-01-23,0.0033914159640174874,13.697139113436583
2025-01-24,-0.0029596759602262346,13.65665995222754
2025-01-27,-0.030244860427087128,13.249799904927372
2025-01-28,0.023043062922350366,13.558660761392112
2025-01-29,-0.007531572093268814,13.456926321417177
2025-01-30,0.0020583959347979723,13.484654531879551
2025-01-31,-0.0030013474194951783,13.444243073546424
2025-02-03,-0.01173458852348681,13.287402442950052
2025-02-04,0.013792006716101432,13.471931977892448
2025-02-05,-0.00039595240894005525,13.46659878988672
2025-02-06,0.007701158183983184,13.57070756189031
2025-02-07,-0.014442814489290948,13.37611695067393
2025-02-10,0.00877736694568215,13.49404081086308
2025-02-11,-0.0008009652032298239,13.483236881086121
2025-02-12,-0.0012832181611562574,13.46594604298054
2025-02-13,0.01398699751374007,13.655617572201256
2025-02-14,0.001073601158843963,13.67028613173382
2025-02-18,-0.0025061520062869195,13.636069211029623
2025-02-19,0.002598296888853431,13.67154583668087
2025-02-20,-0.006789644779983307,13.579035309055797
2025-02-21,-0.02150466535490269,13.290140129202243
2025-02-24,-0.009049930417538774,13.170407887206833
2025-02-25,-0.009918063253076767,13.040428585661537
2025-02-26,0.0013860595792092648,13.058515928791566
2025-02-27,-0.024692323151456176,12.740019227741268
2025-02-28,0.019293672175105463,12.988207515080079
2025-03-03,-0.027665637971784424,12.63380545194122
2025-03-04,-0.007702597201218851,12.536866158873666
2025-03-05,0.013769378988486763,12.710684962567273
2025-03-06,-0.023209436240066886,12.419074280364457
2025-03-07,0.0026533191067725243,12.452069801907198
2025-03-10,-0.04040449144144979,11.95897887819921
2025-03-11,-0.0027953244679482098,11.92559633119168
2025-03-12,0.012206237310380686,12.072055026443776
2025-03-13,-0.01882218451390215,11.84695763705767
2025-03-14,0.024203956875551765,12.137199216901841
2025-03-17,-0.0012699970268738444,12.121794793838019
2025-03-18,-0.01738244350908106,11.91290911191784
2025-03-19,0.014557064214588692,12.08759446301981
2025-03-20,-0.0008751960702742719,12.077020075852724
2025-03-21,0.00685854822031041,12.160135600507056
2025-03-24,0.022240643822889525,12.433614748538446
2025-03-25,0.004851662791654776,12.494085026663301
2025-03-26,-0.020809957284502724,12.236770291148042
2025-03-27,-0.0038156483789353293,12.190168043858714
2025-03-28,-0.026334326044869585,11.8733382435058
2025-03-31,0.0025648671859910266,11.90383086720329
2025-04-01,0.009069311548703565,12.012281460711895
2025-04-02,0.007313895188648004,12.100460099876003
2025-04-03,-0.05777262820251414,11.421195099664592
2025-04-04,-0.05906729055139438,10.76611345023214
2025-04-07,0.0009433128520452415,10.7762740549774
2025-04-08,-0.016180912613272234,10.603307260350142
2025-04-09,0.11206326312850336,11.860685856432031
2025-04-10,-0.03908501737594708,11.406053279443674
2025-04-11,0.022694299481439504,11.667865251436721
2025-04-14,0.0028938667161317036,11.701679401560005
2025-04-15,-0.003560712761822411,11.660087175310036
2025-04-16,-0.03302320369280465,11.281322178910727
2025-04-17,-0.003965843671502323,11.236670817423727
2025-04-21,-0.02874702705885954,10.91824870999621
2025-04-22,0.026808712793500264,11.214911712887055
2025-04-23,0.023849916119317978,11.485601550491628
2025-04-24,0.024177170790196677,11.766674989759958
2025-04-25,0.01615099364689343,11.95826147414422
2025-04-28,-0.0025772747700880737,11.927481429906148
2025-04-29,0.004392342762726598,11.979986241794444
2025-04-30,-0.0015651104032561886,11.961250905955522
2025-05-01,0.0160935592391655,12.155307346990195
2025-05-02,0.012322795983470034,12.306021421768664
2025-05-05,-0.010465688487923487,12.177902033261777
2025-05-06,-0.007718801796907926,12.08426506865649
2025-05-07,0.0009416131731924394,12.095649130683745
2025-05-08,0.006733328106134597,12.177367915888967
2025-05-09,0.0005143840175202463,12.1836333706071
2025-05-12,0.04237721325727887,12.711037841105052
2025-05-13,0.012742173279806888,12.87404038571791
2025-05-14,0.008878908144734568,12.988856775548767
2025-05-15,-0.004375607934586917,12.932146791588846
2025-05-16,0.005463244540752037,13.0029916170422
2025-05-19,0.00018450429585752996,13.005390946191005
2025-05-20,-0.005416888010872363,12.935132662322737
2025-05-21,-0.012729352180562429,12.771520351779337
2025-05-22,0.002880712915109263,12.80836447859901
2025-05-23,-0.011391205451112742,12.663289624797336
2025-05-27,0.025066177795201386,12.984721599698931
2025-05-28,-0.0034478430696515817,12.9400294074264
2025-05-29,0.0060555608760669895,13.018626277128147
2025-05-30,-0.0022163845117441966,12.989803947964115
2025-06-02,0.006477993257588531,13.074224954489113
2025-06-03,0.004844125016160905,13.137711779570814
2025-06-04,0.0025319398822099006,13.171017822642902
2025-06-05,-0.010705804671585113,13.030763585334217
2025-06-06,0.012214875860661872,13.190908830868777
2025-06-09,0.003598526222984698,13.238462171858373
2025-06-10,0.008387121254491554,13.349961685680316
2025-06-11,-0.005099653966943743,13.282054798592592
2025-06-12,0.00591136029078205,13.36080233311941
2025-06-13,-0.009870583617213465,13.229572141249076
2025-06-16,0.010895166990539206,13.374498604331935
2025-06-17,-0.007727434921551951,13.271546327568677
2025-06-18,-0.0005568965470439064,13.264157506840256
2025-06-20,-0.006503751602368744,13.178170642897921
2025-06-23,0.010586726090188901,13.318425435436842
2025-06-24,0.011251107952716171,13.469118620767185
2025-06-25,0.005130896080982268,13.538404866974375
2025-06-26,0.008180205757110346,13.649606008426266
2025-06-27,0.007346940693207774,13.750258144145919
2025-06-30,0.003281497495403628,13.79545369579554
2025-07-01,-0.00795448514484717,13.686153254993139
2025-07-02,0.009095287107900113,13.81120055677008
2025-07-03,0.010723127436104304,13.960096709859739
2025-07-07,-0.009772439305661594,13.824336944521125
2025-07-08,-0.0025057187082645044,13.789740407506464
2025-07-09,0.01004268815310938,13.928924190006672
2025-07-10,0.0021922547646230153,13.959493435972913
2025-07-11,0.0002234809683818797,13.962613465704752
2025-07-14,2.9059667859384773e-05,13.963019220510036
2025-07-15,0.0036974444114957743,14.01474227051974
2025-07-16,0.002251586397930874,14.046333225122156
2025-07-17,0.00454380379869497,14.11030222862932
2025-07-18,0.001406594476690294,14.130163667028649
2025-07-21,0.004902797997360993,14.199611109437084
2025-07-22,-0.0048131209115767175,14.131430875746906
2025-07-23,0.00778432408078111,14.241863778515004
2025-07-24,0.0035598133905331507,14.292652501453885
2025-07-25,0.003816153299100956,14.347299659096691
2025-07-28,0.004969408317996783,14.418774696596616
2025-07-29,-0.0060048136389454325,14.332452076647817
2025-07-30,0.0014679635227871158,14.353507043669236
2025-07-31,0.005209712734205248,14.428479815827803
2025-08-01,-0.023134387684896885,14.098517227482128
2025-08-04,0.016595939937476094,14.334447701509669
2025-08-05,-0.005153371477734481,14.260766982695987
2025-08-06,0.015238897799178556,14.479749642735108
2025-08-07,-0.0018973089680704058,14.452303129373957
2025-08-08,0.012408380656630866,14.63275001957258
2025-08-11,-0.0010603055073201335,14.617243056651487
2025-08-12,0.010870414548826314,14.777005316031268
2025-08-13,-0.001987267358416918,14.747668615300233
2025-08-14,0.004680539763689154,14.816857458930201
2025-08-15,-0.0020435091470964954,14.786609991196089
2025-08-18,-0.0004170713467301794,14.780444205729088
2025-08-19,-0.013317686159246722,14.584907824612772
2025-08-20,-0.006618586659763589,14.48869509561505
2025-08-21,-0.005072713672785121,14.415384193715457
2025-08-22,0.016893321733892182,14.660976511179456
2025-08-25,-0.0003638849292287867,14.655642573307919
2025-08-26,0.00505396829445038,14.729899213501934
2025-08-27,0.002538439951246031,14.767337675683928
2025-08-28,0.005411922439285377,14.847474012045916
2025-08-29,-0.010710861823485846,14.68929340701437
2025-09-02,-0.007640482702137382,14.577487783204472
2025-09-03,0.015148004946787794,14.799988607440886
2025-09-04,0.01072239519778475,14.959533758725192
2025-09-05,-0.002909531373778756,14.91607178356737
2025-09-08,0.004234381436898619,14.979366032463393
2025-09-09,0.005324148975866385,15.059331092836949
2025-09-10,0.00991415951229859,15.209374250355063
2025-09-11,0.003988702436569387,15.270161068158405
2025-09-12,0.005885937476797367,15.36030531291223
2025-09-15,0.0119743634388317,15.5453408215315
2025-09-16,0.0005450880652077269,15.553816711126169
2025-09-17,-0.005259624847650931,15.47222423128911
2025-09-18,0.0015016297744756494,15.495475236704143
2025-09-19,0.00940030379395697,15.641824196015389
2025-09-22,0.008416635989411921,15.774031325667163
2025-09-23,-0.012670014007199018,15.575434894308831
2025-09-24,-0.00189275283954133,15.545982327692935
2025-09-25,-0.005691620996899284,15.457751813764219
2025-09-26,0.003065485082484818,15.505210025413477
2025-09-29,0.0019022141299879264,15.534732324977938
2025-09-30,0.0041808959670376995,15.599817386834141
2025-10-01,0.005125712549160096,15.679982843607302
2025-10-02,7.220235580647197e-05,15.681115016179888
2025-10-03,-0.001544671866472572,15.656911537008629
2025-10-06,0.006325180371570145,15.756258188064805
2025-10-07,-0.00568603341740186,15.666921803003927
2025-10-08,0.007030677577441549,15.77745899920053
2025-10-09,0.0005901620468198269,15.78677300481309
2025-10-10,-0.032617824730835555,15.280150193397446
2025-10-13,0.02158582395491813,15.613570454739886
2025-10-14,-0.009523580256331831,15.465579185340115
2025-10-15,0.006559261711951597,15.567355390224986
2025-10-16,-0.0037084373098722452,15.509731741563272
2025-10-17,0.00457670254317559,15.580877853377578
2025-10-20,0.009949327814209015,15.73667084740949
2025-10-21,-0.003681334106912507,15.678845406977967
2025-10-22,-0.0036088586752579606,15.622364646553871
2025-10-23,0.00651099046255312,15.724413573050613
2025-10-24,0.010601633944862755,15.892004850745094
2025-10-27,0.017464660575977873,16.17199113744956
2025-10-28,0.011198786509399915,16.354115697269304
2025-10-29,0.007209928804948748,16.472453799128093
2025-10-30,-0.01662005525569505,16.200943217061347
2025-10-31,0.004183694390038597,16.26886499522179
2025-11-03,0.005829361004155376,16.363979040116323
2025-11-04,-0.014409867225806363,16.129867086929583
2025-11-05,0.002640707630914281,16.172517639066196
2025-11-06,-0.01436066056564251,15.941929266248193
2025-11-07,-0.004832899490632771,15.865069402017717
2025-11-10,0.022345508383494278,16.223572998644546
2025-11-11,-0.0006549140341332168,16.21295143149029
2025-11-12,-0.004259964874478502,16.14403172986008
2025-11-13,-0.020239692778014188,15.820565953525
2025-11-14,0.0014892985884671862,15.844145053870543
2025-11-17,-0.005385388918579722,15.759047518005778
2025-11-18,-0.014636036826854135,15.530077214438066
2025-11-19,0.009279454262250336,15.674858562683719
2025-11-20,-0.013850137300351324,15.459256127598229
2025-11-21,0.0047610993994296495,15.533034676798067
2025-11-24,0.02529262886151576,15.93091648567664
2025-11-25,0.007338079086056611,16.04824878109062
2025-11-26,0.007271881668815609,16.165375095428775
2025-11-28,0.0038772816903123782,16.228174475072198
2025-12-01,-0.003658156594954712,16.16891772291317
2025-12-02,0.0031739937260171617,16.220319297306876
2025-12-03,-0.0011881664260171136,16.201058303397645
2025-12-04,0.0017271181647724788,16.22906362276837
2025-12-05,0.0031866792966380986,16.280862933880183
2025-12-08,-0.0028483793858911904,16.23455484233063
2025-12-09,0.0002516004083121729,16.238639976846933
2025-12-10,0.0014974255610724118,16.26297434633171
2025-12-11,-0.0037016219988169102,16.202886243058217
2025-12-12,-0.013511464901768066,15.985433872473875
2025-12-15,-0.003972673366740204,15.922054940325333
2025-12-16,0.0016232868738844037,15.947921992258062
2025-12-17,-0.017231586098316605,15.67546814884407
2025-12-18,0.012279171232202112,15.869136516507666
2025-12-19,0.01072497389148051,16.040248537126583
2025-12-22,0.004693567878093071,16.11571148912611
2025-12-23,0.009297043871278301,16.266238610248767
2025-12-24,0.002408691998991703,16.305466193660244
2025-12-26,-0.0001798123763020113,16.302534532619617
2025-12-29,-0.004690408370101569,16.226248035464426
2025-12-30,-0.0002728412814016838,16.221821449063302
