rebalance_date,invest_year,select_year,ticker,assigned_weight,n_stocks,turnover,tc_drag_bps
1998-01-02,1998,1997,KO,0.05,20,1.0,50.0
1998-01-02,1998,1997,MSFT,0.05,20,0.0,0.0
1998-01-02,1998,1997,XOM,0.05,20,0.0,0.0
1998-01-02,1998,1997,GE,0.05,20,0.0,0.0
1998-01-02,1998,1997,INTC,0.05,20,0.0,0.0
1998-01-02,1998,1997,MRK,0.05,20,0.0,0.0
1998-01-02,1998,1997,PG,0.05,20,0.0,0.0
1998-01-02,1998,1997,IBM,0.05,20,0.0,0.0
1998-01-02,1998,1997,PFE,0.05,20,0.0,0.0
1998-01-02,1998,1997,BMY,0.05,20,0.0,0.0
1998-01-02,1998,1997,WMT,0.05,20,0.0,0.0
1998-01-02,1998,1997,JNJ,0.05,20,0.0,0.0
1998-01-02,1998,1997,LLY,0.05,20,0.0,0.0
1998-01-02,1998,1997,VZ,0.05,20,0.0,0.0
1998-01-02,1998,1997,DIS,0.05,20,0.0,0.0
1998-01-02,1998,1997,AIG,0.05,20,0.0,0.0
1998-01-02,1998,1997,C,0.05,20,0.0,0.0
1998-01-02,1998,1997,CSCO,0.05,20,0.0,0.0
1998-01-02,1998,1997,PEP,0.05,20,0.0,0.0
1998-01-02,1998,1997,T,0.05,20,0.0,0.0
1998-02-02,1998,1997,KO,0.05,20,0.05564,2.782
1998-02-02,1998,1997,MSFT,0.05,20,0.0,0.0
1998-02-02,1998,1997,XOM,0.05,20,0.0,0.0
1998-02-02,1998,1997,GE,0.05,20,0.0,0.0
1998-02-02,1998,1997,INTC,0.05,20,0.0,0.0
1998-02-02,1998,1997,MRK,0.05,20,0.0,0.0
1998-02-02,1998,1997,PG,0.05,20,0.0,0.0
1998-02-02,1998,1997,IBM,0.05,20,0.0,0.0
1998-02-02,1998,1997,PFE,0.05,20,0.0,0.0
1998-02-02,1998,1997,BMY,0.05,20,0.0,0.0
1998-02-02,1998,1997,WMT,0.05,20,0.0,0.0
1998-02-02,1998,1997,JNJ,0.05,20,0.0,0.0
1998-02-02,1998,1997,LLY,0.05,20,0.0,0.0
1998-02-02,1998,1997,VZ,0.05,20,0.0,0.0
1998-02-02,1998,1997,DIS,0.05,20,0.0,0.0
1998-02-02,1998,1997,AIG,0.05,20,0.0,0.0
1998-02-02,1998,1997,C,0.05,20,0.0,0.0
1998-02-02,1998,1997,CSCO,0.05,20,0.0,0.0
1998-02-02,1998,1997,PEP,0.05,20,0.0,0.0
1998-02-02,1998,1997,T,0.05,20,0.0,0.0
1998-03-02,1998,1997,KO,0.05,20,0.04421,2.2105
1998-03-02,1998,1997,MSFT,0.05,20,0.0,0.0
1998-03-02,1998,1997,XOM,0.05,20,0.0,0.0
1998-03-02,1998,1997,GE,0.05,20,0.0,0.0
1998-03-02,1998,1997,INTC,0.05,20,0.0,0.0
1998-03-02,1998,1997,MRK,0.05,20,0.0,0.0
1998-03-02,1998,1997,PG,0.05,20,0.0,0.0
1998-03-02,1998,1997,IBM,0.05,20,0.0,0.0
1998-03-02,1998,1997,PFE,0.05,20,0.0,0.0
1998-03-02,1998,1997,BMY,0.05,20,0.0,0.0
1998-03-02,1998,1997,WMT,0.05,20,0.0,0.0
1998-03-02,1998,1997,JNJ,0.05,20,0.0,0.0
1998-03-02,1998,1997,LLY,0.05,20,0.0,0.0
1998-03-02,1998,1997,VZ,0.05,20,0.0,0.0
1998-03-02,1998,1997,DIS,0.05,20,0.0,0.0
1998-03-02,1998,1997,AIG,0.05,20,0.0,0.0
1998-03-02,1998,1997,C,0.05,20,0.0,0.0
1998-03-02,1998,1997,CSCO,0.05,20,0.0,0.0
1998-03-02,1998,1997,PEP,0.05,20,0.0,0.0
1998-03-02,1998,1997,T,0.05,20,0.0,0.0
1998-04-01,1998,1997,KO,0.05,20,0.061859,3.0929
1998-04-01,1998,1997,MSFT,0.05,20,0.0,0.0
1998-04-01,1998,1997,XOM,0.05,20,0.0,0.0
1998-04-01,1998,1997,GE,0.05,20,0.0,0.0
1998-04-01,1998,1997,INTC,0.05,20,0.0,0.0
1998-04-01,1998,1997,MRK,0.05,20,0.0,0.0
1998-04-01,1998,1997,PG,0.05,20,0.0,0.0
1998-04-01,1998,1997,IBM,0.05,20,0.0,0.0
1998-04-01,1998,1997,PFE,0.05,20,0.0,0.0
1998-04-01,1998,1997,BMY,0.05,20,0.0,0.0
1998-04-01,1998,1997,WMT,0.05,20,0.0,0.0
1998-04-01,1998,1997,JNJ,0.05,20,0.0,0.0
1998-04-01,1998,1997,LLY,0.05,20,0.0,0.0
1998-04-01,1998,1997,VZ,0.05,20,0.0,0.0
1998-04-01,1998,1997,DIS,0.05,20,0.0,0.0
1998-04-01,1998,1997,AIG,0.05,20,0.0,0.0
1998-04-01,1998,1997,C,0.05,20,0.0,0.0
1998-04-01,1998,1997,CSCO,0.05,20,0.0,0.0
1998-04-01,1998,1997,PEP,0.05,20,0.0,0.0
1998-04-01,1998,1997,T,0.05,20,0.0,0.0
1998-05-01,1998,1997,KO,0.05,20,0.059233,2.9617
1998-05-01,1998,1997,MSFT,0.05,20,0.0,0.0
1998-05-01,1998,1997,XOM,0.05,20,0.0,0.0
1998-05-01,1998,1997,GE,0.05,20,0.0,0.0
1998-05-01,1998,1997,INTC,0.05,20,0.0,0.0
1998-05-01,1998,1997,MRK,0.05,20,0.0,0.0
1998-05-01,1998,1997,PG,0.05,20,0.0,0.0
1998-05-01,1998,1997,IBM,0.05,20,0.0,0.0
1998-05-01,1998,1997,PFE,0.05,20,0.0,0.0
1998-05-01,1998,1997,BMY,0.05,20,0.0,0.0
1998-05-01,1998,1997,WMT,0.05,20,0.0,0.0
1998-05-01,1998,1997,JNJ,0.05,20,0.0,0.0
1998-05-01,1998,1997,LLY,0.05,20,0.0,0.0
1998-05-01,1998,1997,VZ,0.05,20,0.0,0.0
1998-05-01,1998,1997,DIS,0.05,20,0.0,0.0
1998-05-01,1998,1997,AIG,0.05,20,0.0,0.0
1998-05-01,1998,1997,C,0.05,20,0.0,0.0
1998-05-01,1998,1997,CSCO,0.05,20,0.0,0.0
1998-05-01,1998,1997,PEP,0.05,20,0.0,0.0
1998-05-01,1998,1997,T,0.05,20,0.0,0.0
1998-06-01,1998,1997,KO,0.05,20,0.044211,2.2106
1998-06-01,1998,1997,MSFT,0.05,20,0.0,0.0
1998-06-01,1998,1997,XOM,0.05,20,0.0,0.0
1998-06-01,1998,1997,GE,0.05,20,0.0,0.0
1998-06-01,1998,1997,INTC,0.05,20,0.0,0.0
1998-06-01,1998,1997,MRK,0.05,20,0.0,0.0
1998-06-01,1998,1997,PG,0.05,20,0.0,0.0
1998-06-01,1998,1997,IBM,0.05,20,0.0,0.0
1998-06-01,1998,1997,PFE,0.05,20,0.0,0.0
1998-06-01,1998,1997,BMY,0.05,20,0.0,0.0
1998-06-01,1998,1997,WMT,0.05,20,0.0,0.0
1998-06-01,1998,1997,JNJ,0.05,20,0.0,0.0
1998-06-01,1998,1997,LLY,0.05,20,0.0,0.0
1998-06-01,1998,1997,VZ,0.05,20,0.0,0.0
1998-06-01,1998,1997,DIS,0.05,20,0.0,0.0
1998-06-01,1998,1997,AIG,0.05,20,0.0,0.0
1998-06-01,1998,1997,C,0.05,20,0.0,0.0
1998-06-01,1998,1997,CSCO,0.05,20,0.0,0.0
1998-06-01,1998,1997,PEP,0.05,20,0.0,0.0
1998-06-01,1998,1997,T,0.05,20,0.0,0.0
1998-07-01,1998,1997,KO,0.05,20,0.058623,2.9311
1998-07-01,1998,1997,MSFT,0.05,20,0.0,0.0
1998-07-01,1998,1997,XOM,0.05,20,0.0,0.0
1998-07-01,1998,1997,GE,0.05,20,0.0,0.0
1998-07-01,1998,1997,INTC,0.05,20,0.0,0.0
1998-07-01,1998,1997,MRK,0.05,20,0.0,0.0
1998-07-01,1998,1997,PG,0.05,20,0.0,0.0
1998-07-01,1998,1997,IBM,0.05,20,0.0,0.0
1998-07-01,1998,1997,PFE,0.05,20,0.0,0.0
1998-07-01,1998,1997,BMY,0.05,20,0.0,0.0
1998-07-01,1998,1997,WMT,0.05,20,0.0,0.0
1998-07-01,1998,1997,JNJ,0.05,20,0.0,0.0
1998-07-01,1998,1997,LLY,0.05,20,0.0,0.0
1998-07-01,1998,1997,VZ,0.05,20,0.0,0.0
1998-07-01,1998,1997,DIS,0.05,20,0.0,0.0
1998-07-01,1998,1997,AIG,0.05,20,0.0,0.0
1998-07-01,1998,1997,C,0.05,20,0.0,0.0
1998-07-01,1998,1997,CSCO,0.05,20,0.0,0.0
1998-07-01,1998,1997,PEP,0.05,20,0.0,0.0
1998-07-01,1998,1997,T,0.05,20,0.0,0.0
1998-08-03,1998,1997,KO,0.05,20,0.048167,2.4084
1998-08-03,1998,1997,MSFT,0.05,20,0.0,0.0
1998-08-03,1998,1997,XOM,0.05,20,0.0,0.0
1998-08-03,1998,1997,GE,0.05,20,0.0,0.0
1998-08-03,1998,1997,INTC,0.05,20,0.0,0.0
1998-08-03,1998,1997,MRK,0.05,20,0.0,0.0
1998-08-03,1998,1997,PG,0.05,20,0.0,0.0
1998-08-03,1998,1997,IBM,0.05,20,0.0,0.0
1998-08-03,1998,1997,PFE,0.05,20,0.0,0.0
1998-08-03,1998,1997,BMY,0.05,20,0.0,0.0
1998-08-03,1998,1997,WMT,0.05,20,0.0,0.0
1998-08-03,1998,1997,JNJ,0.05,20,0.0,0.0
1998-08-03,1998,1997,LLY,0.05,20,0.0,0.0
1998-08-03,1998,1997,VZ,0.05,20,0.0,0.0
1998-08-03,1998,1997,DIS,0.05,20,0.0,0.0
1998-08-03,1998,1997,AIG,0.05,20,0.0,0.0
1998-08-03,1998,1997,C,0.05,20,0.0,0.0
1998-08-03,1998,1997,CSCO,0.05,20,0.0,0.0
1998-08-03,1998,1997,PEP,0.05,20,0.0,0.0
1998-08-03,1998,1997,T,0.05,20,0.0,0.0
1998-09-01,1998,1997,KO,0.05,20,0.075763,3.7882
1998-09-01,1998,1997,MSFT,0.05,20,0.0,0.0
1998-09-01,1998,1997,XOM,0.05,20,0.0,0.0
1998-09-01,1998,1997,GE,0.05,20,0.0,0.0
1998-09-01,1998,1997,INTC,0.05,20,0.0,0.0
1998-09-01,1998,1997,MRK,0.05,20,0.0,0.0
1998-09-01,1998,1997,PG,0.05,20,0.0,0.0
1998-09-01,1998,1997,IBM,0.05,20,0.0,0.0
1998-09-01,1998,1997,PFE,0.05,20,0.0,0.0
1998-09-01,1998,1997,BMY,0.05,20,0.0,0.0
1998-09-01,1998,1997,WMT,0.05,20,0.0,0.0
1998-09-01,1998,1997,JNJ,0.05,20,0.0,0.0
1998-09-01,1998,1997,LLY,0.05,20,0.0,0.0
1998-09-01,1998,1997,VZ,0.05,20,0.0,0.0
1998-09-01,1998,1997,DIS,0.05,20,0.0,0.0
1998-09-01,1998,1997,AIG,0.05,20,0.0,0.0
1998-09-01,1998,1997,C,0.05,20,0.0,0.0
1998-09-01,1998,1997,CSCO,0.05,20,0.0,0.0
1998-09-01,1998,1997,PEP,0.05,20,0.0,0.0
1998-09-01,1998,1997,T,0.05,20,0.0,0.0
1998-10-01,1998,1997,KO,0.05,20,0.084451,4.2225
1998-10-01,1998,1997,MSFT,0.05,20,0.0,0.0
1998-10-01,1998,1997,XOM,0.05,20,0.0,0.0
1998-10-01,1998,1997,GE,0.05,20,0.0,0.0
1998-10-01,1998,1997,INTC,0.05,20,0.0,0.0
1998-10-01,1998,1997,MRK,0.05,20,0.0,0.0
1998-10-01,1998,1997,PG,0.05,20,0.0,0.0
1998-10-01,1998,1997,IBM,0.05,20,0.0,0.0
1998-10-01,1998,1997,PFE,0.05,20,0.0,0.0
1998-10-01,1998,1997,BMY,0.05,20,0.0,0.0
1998-10-01,1998,1997,WMT,0.05,20,0.0,0.0
1998-10-01,1998,1997,JNJ,0.05,20,0.0,0.0
1998-10-01,1998,1997,LLY,0.05,20,0.0,0.0
1998-10-01,1998,1997,VZ,0.05,20,0.0,0.0
1998-10-01,1998,1997,DIS,0.05,20,0.0,0.0
1998-10-01,1998,1997,AIG,0.05,20,0.0,0.0
1998-10-01,1998,1997,C,0.05,20,0.0,0.0
1998-10-01,1998,1997,CSCO,0.05,20,0.0,0.0
1998-10-01,1998,1997,PEP,0.05,20,0.0,0.0
1998-10-01,1998,1997,T,0.05,20,0.0,0.0
1998-11-02,1998,1997,KO,0.05,20,0.063773,3.1887
1998-11-02,1998,1997,MSFT,0.05,20,0.0,0.0
1998-11-02,1998,1997,XOM,0.05,20,0.0,0.0
1998-11-02,1998,1997,GE,0.05,20,0.0,0.0
1998-11-02,1998,1997,INTC,0.05,20,0.0,0.0
1998-11-02,1998,1997,MRK,0.05,20,0.0,0.0
1998-11-02,1998,1997,PG,0.05,20,0.0,0.0
1998-11-02,1998,1997,IBM,0.05,20,0.0,0.0
1998-11-02,1998,1997,PFE,0.05,20,0.0,0.0
1998-11-02,1998,1997,BMY,0.05,20,0.0,0.0
1998-11-02,1998,1997,WMT,0.05,20,0.0,0.0
1998-11-02,1998,1997,JNJ,0.05,20,0.0,0.0
1998-11-02,1998,1997,LLY,0.05,20,0.0,0.0
1998-11-02,1998,1997,VZ,0.05,20,0.0,0.0
1998-11-02,1998,1997,DIS,0.05,20,0.0,0.0
1998-11-02,1998,1997,AIG,0.05,20,0.0,0.0
1998-11-02,1998,1997,C,0.05,20,0.0,0.0
1998-11-02,1998,1997,CSCO,0.05,20,0.0,0.0
1998-11-02,1998,1997,PEP,0.05,20,0.0,0.0
1998-11-02,1998,1997,T,0.05,20,0.0,0.0
1998-12-01,1998,1997,KO,0.05,20,0.049142,2.4571
1998-12-01,1998,1997,MSFT,0.05,20,0.0,0.0
1998-12-01,1998,1997,XOM,0.05,20,0.0,0.0
1998-12-01,1998,1997,GE,0.05,20,0.0,0.0
1998-12-01,1998,1997,INTC,0.05,20,0.0,0.0
1998-12-01,1998,1997,MRK,0.05,20,0.0,0.0
1998-12-01,1998,1997,PG,0.05,20,0.0,0.0
1998-12-01,1998,1997,IBM,0.05,20,0.0,0.0
1998-12-01,1998,1997,PFE,0.05,20,0.0,0.0
1998-12-01,1998,1997,BMY,0.05,20,0.0,0.0
1998-12-01,1998,1997,WMT,0.05,20,0.0,0.0
1998-12-01,1998,1997,JNJ,0.05,20,0.0,0.0
1998-12-01,1998,1997,LLY,0.05,20,0.0,0.0
1998-12-01,1998,1997,VZ,0.05,20,0.0,0.0
1998-12-01,1998,1997,DIS,0.05,20,0.0,0.0
1998-12-01,1998,1997,AIG,0.05,20,0.0,0.0
1998-12-01,1998,1997,C,0.05,20,0.0,0.0
1998-12-01,1998,1997,CSCO,0.05,20,0.0,0.0
1998-12-01,1998,1997,PEP,0.05,20,0.0,0.0
1998-12-01,1998,1997,T,0.05,20,0.0,0.0
1999-01-04,1999,1998,MSFT,0.05,20,0.251281,12.564
1999-01-04,1999,1998,GE,0.05,20,0.0,0.0
1999-01-04,1999,1998,INTC,0.05,20,0.0,0.0
1999-01-04,1999,1998,WMT,0.05,20,0.0,0.0
1999-01-04,1999,1998,XOM,0.05,20,0.0,0.0
1999-01-04,1999,1998,KO,0.05,20,0.0,0.0
1999-01-04,1999,1998,IBM,0.05,20,0.0,0.0
1999-01-04,1999,1998,MRK,0.05,20,0.0,0.0
1999-01-04,1999,1998,PFE,0.05,20,0.0,0.0
1999-01-04,1999,1998,CSCO,0.05,20,0.0,0.0
1999-01-04,1999,1998,BMY,0.05,20,0.0,0.0
1999-01-04,1999,1998,PG,0.05,20,0.0,0.0
1999-01-04,1999,1998,C,0.05,20,0.0,0.0
1999-01-04,1999,1998,JNJ,0.05,20,0.0,0.0
1999-01-04,1999,1998,BAC,0.05,20,0.0,0.0
1999-01-04,1999,1998,LLY,0.05,20,0.0,0.0
1999-01-04,1999,1998,VZ,0.05,20,0.0,0.0
1999-01-04,1999,1998,HD,0.05,20,0.0,0.0
1999-01-04,1999,1998,AIG,0.05,20,0.0,0.0
1999-01-04,1999,1998,T,0.05,20,0.0,0.0
1999-02-01,1999,1998,MSFT,0.05,20,0.064196,3.2098
1999-02-01,1999,1998,GE,0.05,20,0.0,0.0
1999-02-01,1999,1998,INTC,0.05,20,0.0,0.0
1999-02-01,1999,1998,WMT,0.05,20,0.0,0.0
1999-02-01,1999,1998,XOM,0.05,20,0.0,0.0
1999-02-01,1999,1998,KO,0.05,20,0.0,0.0
1999-02-01,1999,1998,IBM,0.05,20,0.0,0.0
1999-02-01,1999,1998,MRK,0.05,20,0.0,0.0
1999-02-01,1999,1998,PFE,0.05,20,0.0,0.0
1999-02-01,1999,1998,CSCO,0.05,20,0.0,0.0
1999-02-01,1999,1998,BMY,0.05,20,0.0,0.0
1999-02-01,1999,1998,PG,0.05,20,0.0,0.0
1999-02-01,1999,1998,C,0.05,20,0.0,0.0
1999-02-01,1999,1998,JNJ,0.05,20,0.0,0.0
1999-02-01,1999,1998,BAC,0.05,20,0.0,0.0
1999-02-01,1999,1998,LLY,0.05,20,0.0,0.0
1999-02-01,1999,1998,VZ,0.05,20,0.0,0.0
1999-02-01,1999,1998,HD,0.05,20,0.0,0.0
1999-02-01,1999,1998,AIG,0.05,20,0.0,0.0
1999-02-01,1999,1998,T,0.05,20,0.0,0.0
1999-03-01,1999,1998,MSFT,0.05,20,0.048417,2.4208
1999-03-01,1999,1998,GE,0.05,20,0.0,0.0
1999-03-01,1999,1998,INTC,0.05,20,0.0,0.0
1999-03-01,1999,1998,WMT,0.05,20,0.0,0.0
1999-03-01,1999,1998,XOM,0.05,20,0.0,0.0
1999-03-01,1999,1998,KO,0.05,20,0.0,0.0
1999-03-01,1999,1998,IBM,0.05,20,0.0,0.0
1999-03-01,1999,1998,MRK,0.05,20,0.0,0.0
1999-03-01,1999,1998,PFE,0.05,20,0.0,0.0
1999-03-01,1999,1998,CSCO,0.05,20,0.0,0.0
1999-03-01,1999,1998,BMY,0.05,20,0.0,0.0
1999-03-01,1999,1998,PG,0.05,20,0.0,0.0
1999-03-01,1999,1998,C,0.05,20,0.0,0.0
1999-03-01,1999,1998,JNJ,0.05,20,0.0,0.0
1999-03-01,1999,1998,BAC,0.05,20,0.0,0.0
1999-03-01,1999,1998,LLY,0.05,20,0.0,0.0
1999-03-01,1999,1998,VZ,0.05,20,0.0,0.0
1999-03-01,1999,1998,HD,0.05,20,0.0,0.0
1999-03-01,1999,1998,AIG,0.05,20,0.0,0.0
1999-03-01,1999,1998,T,0.05,20,0.0,0.0
1999-04-01,1999,1998,MSFT,0.05,20,0.059511,2.9756
1999-04-01,1999,1998,GE,0.05,20,0.0,0.0
1999-04-01,1999,1998,INTC,0.05,20,0.0,0.0
1999-04-01,1999,1998,WMT,0.05,20,0.0,0.0
1999-04-01,1999,1998,XOM,0.05,20,0.0,0.0
1999-04-01,1999,1998,KO,0.05,20,0.0,0.0
1999-04-01,1999,1998,IBM,0.05,20,0.0,0.0
1999-04-01,1999,1998,MRK,0.05,20,0.0,0.0
1999-04-01,1999,1998,PFE,0.05,20,0.0,0.0
1999-04-01,1999,1998,CSCO,0.05,20,0.0,0.0
1999-04-01,1999,1998,BMY,0.05,20,0.0,0.0
1999-04-01,1999,1998,PG,0.05,20,0.0,0.0
1999-04-01,1999,1998,C,0.05,20,0.0,0.0
1999-04-01,1999,1998,JNJ,0.05,20,0.0,0.0
1999-04-01,1999,1998,BAC,0.05,20,0.0,0.0
1999-04-01,1999,1998,LLY,0.05,20,0.0,0.0
1999-04-01,1999,1998,VZ,0.05,20,0.0,0.0
1999-04-01,1999,1998,HD,0.05,20,0.0,0.0
1999-04-01,1999,1998,AIG,0.05,20,0.0,0.0
1999-04-01,1999,1998,T,0.05,20,0.0,0.0
1999-05-03,1999,1998,MSFT,0.05,20,0.08722,4.361
1999-05-03,1999,1998,GE,0.05,20,0.0,0.0
1999-05-03,1999,1998,INTC,0.05,20,0.0,0.0
1999-05-03,1999,1998,WMT,0.05,20,0.0,0.0
1999-05-03,1999,1998,XOM,0.05,20,0.0,0.0
1999-05-03,1999,1998,KO,0.05,20,0.0,0.0
1999-05-03,1999,1998,IBM,0.05,20,0.0,0.0
1999-05-03,1999,1998,MRK,0.05,20,0.0,0.0
1999-05-03,1999,1998,PFE,0.05,20,0.0,0.0
1999-05-03,1999,1998,CSCO,0.05,20,0.0,0.0
1999-05-03,1999,1998,BMY,0.05,20,0.0,0.0
1999-05-03,1999,1998,PG,0.05,20,0.0,0.0
1999-05-03,1999,1998,C,0.05,20,0.0,0.0
1999-05-03,1999,1998,JNJ,0.05,20,0.0,0.0
1999-05-03,1999,1998,BAC,0.05,20,0.0,0.0
1999-05-03,1999,1998,LLY,0.05,20,0.0,0.0
1999-05-03,1999,1998,VZ,0.05,20,0.0,0.0
1999-05-03,1999,1998,HD,0.05,20,0.0,0.0
1999-05-03,1999,1998,AIG,0.05,20,0.0,0.0
1999-05-03,1999,1998,T,0.05,20,0.0,0.0
1999-06-01,1999,1998,MSFT,0.05,20,0.040538,2.0269
1999-06-01,1999,1998,GE,0.05,20,0.0,0.0
1999-06-01,1999,1998,INTC,0.05,20,0.0,0.0
1999-06-01,1999,1998,WMT,0.05,20,0.0,0.0
1999-06-01,1999,1998,XOM,0.05,20,0.0,0.0
1999-06-01,1999,1998,KO,0.05,20,0.0,0.0
1999-06-01,1999,1998,IBM,0.05,20,0.0,0.0
1999-06-01,1999,1998,MRK,0.05,20,0.0,0.0
1999-06-01,1999,1998,PFE,0.05,20,0.0,0.0
1999-06-01,1999,1998,CSCO,0.05,20,0.0,0.0
1999-06-01,1999,1998,BMY,0.05,20,0.0,0.0
1999-06-01,1999,1998,PG,0.05,20,0.0,0.0
1999-06-01,1999,1998,C,0.05,20,0.0,0.0
1999-06-01,1999,1998,JNJ,0.05,20,0.0,0.0
1999-06-01,1999,1998,BAC,0.05,20,0.0,0.0
1999-06-01,1999,1998,LLY,0.05,20,0.0,0.0
1999-06-01,1999,1998,VZ,0.05,20,0.0,0.0
1999-06-01,1999,1998,HD,0.05,20,0.0,0.0
1999-06-01,1999,1998,AIG,0.05,20,0.0,0.0
1999-06-01,1999,1998,T,0.05,20,0.0,0.0
1999-07-01,1999,1998,MSFT,0.05,20,0.060051,3.0026
1999-07-01,1999,1998,GE,0.05,20,0.0,0.0
1999-07-01,1999,1998,INTC,0.05,20,0.0,0.0
1999-07-01,1999,1998,WMT,0.05,20,0.0,0.0
1999-07-01,1999,1998,XOM,0.05,20,0.0,0.0
1999-07-01,1999,1998,KO,0.05,20,0.0,0.0
1999-07-01,1999,1998,IBM,0.05,20,0.0,0.0
1999-07-01,1999,1998,MRK,0.05,20,0.0,0.0
1999-07-01,1999,1998,PFE,0.05,20,0.0,0.0
1999-07-01,1999,1998,CSCO,0.05,20,0.0,0.0
1999-07-01,1999,1998,BMY,0.05,20,0.0,0.0
1999-07-01,1999,1998,PG,0.05,20,0.0,0.0
1999-07-01,1999,1998,C,0.05,20,0.0,0.0
1999-07-01,1999,1998,JNJ,0.05,20,0.0,0.0
1999-07-01,1999,1998,BAC,0.05,20,0.0,0.0
1999-07-01,1999,1998,LLY,0.05,20,0.0,0.0
1999-07-01,1999,1998,VZ,0.05,20,0.0,0.0
1999-07-01,1999,1998,HD,0.05,20,0.0,0.0
1999-07-01,1999,1998,AIG,0.05,20,0.0,0.0
1999-07-01,1999,1998,T,0.05,20,0.0,0.0
1999-08-02,1999,1998,MSFT,0.05,20,0.042152,2.1076
1999-08-02,1999,1998,GE,0.05,20,0.0,0.0
1999-08-02,1999,1998,INTC,0.05,20,0.0,0.0
1999-08-02,1999,1998,WMT,0.05,20,0.0,0.0
1999-08-02,1999,1998,XOM,0.05,20,0.0,0.0
1999-08-02,1999,1998,KO,0.05,20,0.0,0.0
1999-08-02,1999,1998,IBM,0.05,20,0.0,0.0
1999-08-02,1999,1998,MRK,0.05,20,0.0,0.0
1999-08-02,1999,1998,PFE,0.05,20,0.0,0.0
1999-08-02,1999,1998,CSCO,0.05,20,0.0,0.0
1999-08-02,1999,1998,BMY,0.05,20,0.0,0.0
1999-08-02,1999,1998,PG,0.05,20,0.0,0.0
1999-08-02,1999,1998,C,0.05,20,0.0,0.0
1999-08-02,1999,1998,JNJ,0.05,20,0.0,0.0
1999-08-02,1999,1998,BAC,0.05,20,0.0,0.0
1999-08-02,1999,1998,LLY,0.05,20,0.0,0.0
1999-08-02,1999,1998,VZ,0.05,20,0.0,0.0
1999-08-02,1999,1998,HD,0.05,20,0.0,0.0
1999-08-02,1999,1998,AIG,0.05,20,0.0,0.0
1999-08-02,1999,1998,T,0.05,20,0.0,0.0
1999-09-01,1999,1998,MSFT,0.05,20,0.06488,3.244
1999-09-01,1999,1998,GE,0.05,20,0.0,0.0
1999-09-01,1999,1998,INTC,0.05,20,0.0,0.0
1999-09-01,1999,1998,WMT,0.05,20,0.0,0.0
1999-09-01,1999,1998,XOM,0.05,20,0.0,0.0
1999-09-01,1999,1998,KO,0.05,20,0.0,0.0
1999-09-01,1999,1998,IBM,0.05,20,0.0,0.0
1999-09-01,1999,1998,MRK,0.05,20,0.0,0.0
1999-09-01,1999,1998,PFE,0.05,20,0.0,0.0
1999-09-01,1999,1998,CSCO,0.05,20,0.0,0.0
1999-09-01,1999,1998,BMY,0.05,20,0.0,0.0
1999-09-01,1999,1998,PG,0.05,20,0.0,0.0
1999-09-01,1999,1998,C,0.05,20,0.0,0.0
1999-09-01,1999,1998,JNJ,0.05,20,0.0,0.0
1999-09-01,1999,1998,BAC,0.05,20,0.0,0.0
1999-09-01,1999,1998,LLY,0.05,20,0.0,0.0
1999-09-01,1999,1998,VZ,0.05,20,0.0,0.0
1999-09-01,1999,1998,HD,0.05,20,0.0,0.0
1999-09-01,1999,1998,AIG,0.05,20,0.0,0.0
1999-09-01,1999,1998,T,0.05,20,0.0,0.0
1999-10-01,1999,1998,MSFT,0.05,20,0.061372,3.0686
1999-10-01,1999,1998,GE,0.05,20,0.0,0.0
1999-10-01,1999,1998,INTC,0.05,20,0.0,0.0
1999-10-01,1999,1998,WMT,0.05,20,0.0,0.0
1999-10-01,1999,1998,XOM,0.05,20,0.0,0.0
1999-10-01,1999,1998,KO,0.05,20,0.0,0.0
1999-10-01,1999,1998,IBM,0.05,20,0.0,0.0
1999-10-01,1999,1998,MRK,0.05,20,0.0,0.0
1999-10-01,1999,1998,PFE,0.05,20,0.0,0.0
1999-10-01,1999,1998,CSCO,0.05,20,0.0,0.0
1999-10-01,1999,1998,BMY,0.05,20,0.0,0.0
1999-10-01,1999,1998,PG,0.05,20,0.0,0.0
1999-10-01,1999,1998,C,0.05,20,0.0,0.0
1999-10-01,1999,1998,JNJ,0.05,20,0.0,0.0
1999-10-01,1999,1998,BAC,0.05,20,0.0,0.0
1999-10-01,1999,1998,LLY,0.05,20,0.0,0.0
1999-10-01,1999,1998,VZ,0.05,20,0.0,0.0
1999-10-01,1999,1998,HD,0.05,20,0.0,0.0
1999-10-01,1999,1998,AIG,0.05,20,0.0,0.0
1999-10-01,1999,1998,T,0.05,20,0.0,0.0
1999-11-01,1999,1998,MSFT,0.05,20,0.071204,3.5602
1999-11-01,1999,1998,GE,0.05,20,0.0,0.0
1999-11-01,1999,1998,INTC,0.05,20,0.0,0.0
1999-11-01,1999,1998,WMT,0.05,20,0.0,0.0
1999-11-01,1999,1998,XOM,0.05,20,0.0,0.0
1999-11-01,1999,1998,KO,0.05,20,0.0,0.0
1999-11-01,1999,1998,IBM,0.05,20,0.0,0.0
1999-11-01,1999,1998,MRK,0.05,20,0.0,0.0
1999-11-01,1999,1998,PFE,0.05,20,0.0,0.0
1999-11-01,1999,1998,CSCO,0.05,20,0.0,0.0
1999-11-01,1999,1998,BMY,0.05,20,0.0,0.0
1999-11-01,1999,1998,PG,0.05,20,0.0,0.0
1999-11-01,1999,1998,C,0.05,20,0.0,0.0
1999-11-01,1999,1998,JNJ,0.05,20,0.0,0.0
1999-11-01,1999,1998,BAC,0.05,20,0.0,0.0
1999-11-01,1999,1998,LLY,0.05,20,0.0,0.0
1999-11-01,1999,1998,VZ,0.05,20,0.0,0.0
1999-11-01,1999,1998,HD,0.05,20,0.0,0.0
1999-11-01,1999,1998,AIG,0.05,20,0.0,0.0
1999-11-01,1999,1998,T,0.05,20,0.0,0.0
1999-12-01,1999,1998,MSFT,0.05,20,0.049517,2.4758
1999-12-01,1999,1998,GE,0.05,20,0.0,0.0
1999-12-01,1999,1998,INTC,0.05,20,0.0,0.0
1999-12-01,1999,1998,WMT,0.05,20,0.0,0.0
1999-12-01,1999,1998,XOM,0.05,20,0.0,0.0
1999-12-01,1999,1998,KO,0.05,20,0.0,0.0
1999-12-01,1999,1998,IBM,0.05,20,0.0,0.0
1999-12-01,1999,1998,MRK,0.05,20,0.0,0.0
1999-12-01,1999,1998,PFE,0.05,20,0.0,0.0
1999-12-01,1999,1998,CSCO,0.05,20,0.0,0.0
1999-12-01,1999,1998,BMY,0.05,20,0.0,0.0
1999-12-01,1999,1998,PG,0.05,20,0.0,0.0
1999-12-01,1999,1998,C,0.05,20,0.0,0.0
1999-12-01,1999,1998,JNJ,0.05,20,0.0,0.0
1999-12-01,1999,1998,BAC,0.05,20,0.0,0.0
1999-12-01,1999,1998,LLY,0.05,20,0.0,0.0
1999-12-01,1999,1998,VZ,0.05,20,0.0,0.0
1999-12-01,1999,1998,HD,0.05,20,0.0,0.0
1999-12-01,1999,1998,AIG,0.05,20,0.0,0.0
1999-12-01,1999,1998,T,0.05,20,0.0,0.0
2000-01-03,2000,1999,MSFT,0.05,20,0.288195,14.4097
2000-01-03,2000,1999,CSCO,0.05,20,0.0,0.0
2000-01-03,2000,1999,WMT,0.05,20,0.0,0.0
2000-01-03,2000,1999,GE,0.05,20,0.0,0.0
2000-01-03,2000,1999,XOM,0.05,20,0.0,0.0
2000-01-03,2000,1999,INTC,0.05,20,0.0,0.0
2000-01-03,2000,1999,C,0.05,20,0.0,0.0
2000-01-03,2000,1999,IBM,0.05,20,0.0,0.0
2000-01-03,2000,1999,HD,0.05,20,0.0,0.0
2000-01-03,2000,1999,ORCL,0.05,20,0.0,0.0
2000-01-03,2000,1999,KO,0.05,20,0.0,0.0
2000-01-03,2000,1999,PG,0.05,20,0.0,0.0
2000-01-03,2000,1999,MRK,0.05,20,0.0,0.0
2000-01-03,2000,1999,AIG,0.05,20,0.0,0.0
2000-01-03,2000,1999,JNJ,0.05,20,0.0,0.0
2000-01-03,2000,1999,QCOM,0.05,20,0.0,0.0
2000-01-03,2000,1999,BMY,0.05,20,0.0,0.0
2000-01-03,2000,1999,PFE,0.05,20,0.0,0.0
2000-01-03,2000,1999,T,0.05,20,0.0,0.0
2000-01-03,2000,1999,VZ,0.05,20,0.0,0.0
2000-02-01,2000,1999,MSFT,0.05,20,0.104309,5.2155
2000-02-01,2000,1999,CSCO,0.05,20,0.0,0.0
2000-02-01,2000,1999,WMT,0.05,20,0.0,0.0
2000-02-01,2000,1999,GE,0.05,20,0.0,0.0
2000-02-01,2000,1999,XOM,0.05,20,0.0,0.0
2000-02-01,2000,1999,INTC,0.05,20,0.0,0.0
2000-02-01,2000,1999,C,0.05,20,0.0,0.0
2000-02-01,2000,1999,IBM,0.05,20,0.0,0.0
2000-02-01,2000,1999,HD,0.05,20,0.0,0.0
2000-02-01,2000,1999,ORCL,0.05,20,0.0,0.0
2000-02-01,2000,1999,KO,0.05,20,0.0,0.0
2000-02-01,2000,1999,PG,0.05,20,0.0,0.0
2000-02-01,2000,1999,MRK,0.05,20,0.0,0.0
2000-02-01,2000,1999,AIG,0.05,20,0.0,0.0
2000-02-01,2000,1999,JNJ,0.05,20,0.0,0.0
2000-02-01,2000,1999,QCOM,0.05,20,0.0,0.0
2000-02-01,2000,1999,BMY,0.05,20,0.0,0.0
2000-02-01,2000,1999,PFE,0.05,20,0.0,0.0
2000-02-01,2000,1999,T,0.05,20,0.0,0.0
2000-02-01,2000,1999,VZ,0.05,20,0.0,0.0
2000-03-01,2000,1999,MSFT,0.05,20,0.128292,6.4146
2000-03-01,2000,1999,CSCO,0.05,20,0.0,0.0
2000-03-01,2000,1999,WMT,0.05,20,0.0,0.0
2000-03-01,2000,1999,GE,0.05,20,0.0,0.0
2000-03-01,2000,1999,XOM,0.05,20,0.0,0.0
2000-03-01,2000,1999,INTC,0.05,20,0.0,0.0
2000-03-01,2000,1999,C,0.05,20,0.0,0.0
2000-03-01,2000,1999,IBM,0.05,20,0.0,0.0
2000-03-01,2000,1999,HD,0.05,20,0.0,0.0
2000-03-01,2000,1999,ORCL,0.05,20,0.0,0.0
2000-03-01,2000,1999,KO,0.05,20,0.0,0.0
2000-03-01,2000,1999,PG,0.05,20,0.0,0.0
2000-03-01,2000,1999,MRK,0.05,20,0.0,0.0
2000-03-01,2000,1999,AIG,0.05,20,0.0,0.0
2000-03-01,2000,1999,JNJ,0.05,20,0.0,0.0
2000-03-01,2000,1999,QCOM,0.05,20,0.0,0.0
2000-03-01,2000,1999,BMY,0.05,20,0.0,0.0
2000-03-01,2000,1999,PFE,0.05,20,0.0,0.0
2000-03-01,2000,1999,T,0.05,20,0.0,0.0
2000-03-01,2000,1999,VZ,0.05,20,0.0,0.0
2000-04-03,2000,1999,MSFT,0.05,20,0.089383,4.4692
2000-04-03,2000,1999,CSCO,0.05,20,0.0,0.0
2000-04-03,2000,1999,WMT,0.05,20,0.0,0.0
2000-04-03,2000,1999,GE,0.05,20,0.0,0.0
2000-04-03,2000,1999,XOM,0.05,20,0.0,0.0
2000-04-03,2000,1999,INTC,0.05,20,0.0,0.0
2000-04-03,2000,1999,C,0.05,20,0.0,0.0
2000-04-03,2000,1999,IBM,0.05,20,0.0,0.0
2000-04-03,2000,1999,HD,0.05,20,0.0,0.0
2000-04-03,2000,1999,ORCL,0.05,20,0.0,0.0
2000-04-03,2000,1999,KO,0.05,20,0.0,0.0
2000-04-03,2000,1999,PG,0.05,20,0.0,0.0
2000-04-03,2000,1999,MRK,0.05,20,0.0,0.0
2000-04-03,2000,1999,AIG,0.05,20,0.0,0.0
2000-04-03,2000,1999,JNJ,0.05,20,0.0,0.0
2000-04-03,2000,1999,QCOM,0.05,20,0.0,0.0
2000-04-03,2000,1999,BMY,0.05,20,0.0,0.0
2000-04-03,2000,1999,PFE,0.05,20,0.0,0.0
2000-04-03,2000,1999,T,0.05,20,0.0,0.0
2000-04-03,2000,1999,VZ,0.05,20,0.0,0.0
2000-05-01,2000,1999,MSFT,0.05,20,0.087467,4.3733
2000-05-01,2000,1999,CSCO,0.05,20,0.0,0.0
2000-05-01,2000,1999,WMT,0.05,20,0.0,0.0
2000-05-01,2000,1999,GE,0.05,20,0.0,0.0
2000-05-01,2000,1999,XOM,0.05,20,0.0,0.0
2000-05-01,2000,1999,INTC,0.05,20,0.0,0.0
2000-05-01,2000,1999,C,0.05,20,0.0,0.0
2000-05-01,2000,1999,IBM,0.05,20,0.0,0.0
2000-05-01,2000,1999,HD,0.05,20,0.0,0.0
2000-05-01,2000,1999,ORCL,0.05,20,0.0,0.0
2000-05-01,2000,1999,KO,0.05,20,0.0,0.0
2000-05-01,2000,1999,PG,0.05,20,0.0,0.0
2000-05-01,2000,1999,MRK,0.05,20,0.0,0.0
2000-05-01,2000,1999,AIG,0.05,20,0.0,0.0
2000-05-01,2000,1999,JNJ,0.05,20,0.0,0.0
2000-05-01,2000,1999,QCOM,0.05,20,0.0,0.0
2000-05-01,2000,1999,BMY,0.05,20,0.0,0.0
2000-05-01,2000,1999,PFE,0.05,20,0.0,0.0
2000-05-01,2000,1999,T,0.05,20,0.0,0.0
2000-05-01,2000,1999,VZ,0.05,20,0.0,0.0
2000-06-01,2000,1999,MSFT,0.05,20,0.09506,4.753
2000-06-01,2000,1999,CSCO,0.05,20,0.0,0.0
2000-06-01,2000,1999,WMT,0.05,20,0.0,0.0
2000-06-01,2000,1999,GE,0.05,20,0.0,0.0
2000-06-01,2000,1999,XOM,0.05,20,0.0,0.0
2000-06-01,2000,1999,INTC,0.05,20,0.0,0.0
2000-06-01,2000,1999,C,0.05,20,0.0,0.0
2000-06-01,2000,1999,IBM,0.05,20,0.0,0.0
2000-06-01,2000,1999,HD,0.05,20,0.0,0.0
2000-06-01,2000,1999,ORCL,0.05,20,0.0,0.0
2000-06-01,2000,1999,KO,0.05,20,0.0,0.0
2000-06-01,2000,1999,PG,0.05,20,0.0,0.0
2000-06-01,2000,1999,MRK,0.05,20,0.0,0.0
2000-06-01,2000,1999,AIG,0.05,20,0.0,0.0
2000-06-01,2000,1999,JNJ,0.05,20,0.0,0.0
2000-06-01,2000,1999,QCOM,0.05,20,0.0,0.0
2000-06-01,2000,1999,BMY,0.05,20,0.0,0.0
2000-06-01,2000,1999,PFE,0.05,20,0.0,0.0
2000-06-01,2000,1999,T,0.05,20,0.0,0.0
2000-06-01,2000,1999,VZ,0.05,20,0.0,0.0
2000-07-03,2000,1999,MSFT,0.05,20,0.067347,3.3673
2000-07-03,2000,1999,CSCO,0.05,20,0.0,0.0
2000-07-03,2000,1999,WMT,0.05,20,0.0,0.0
2000-07-03,2000,1999,GE,0.05,20,0.0,0.0
2000-07-03,2000,1999,XOM,0.05,20,0.0,0.0
2000-07-03,2000,1999,INTC,0.05,20,0.0,0.0
2000-07-03,2000,1999,C,0.05,20,0.0,0.0
2000-07-03,2000,1999,IBM,0.05,20,0.0,0.0
2000-07-03,2000,1999,HD,0.05,20,0.0,0.0
2000-07-03,2000,1999,ORCL,0.05,20,0.0,0.0
2000-07-03,2000,1999,KO,0.05,20,0.0,0.0
2000-07-03,2000,1999,PG,0.05,20,0.0,0.0
2000-07-03,2000,1999,MRK,0.05,20,0.0,0.0
2000-07-03,2000,1999,AIG,0.05,20,0.0,0.0
2000-07-03,2000,1999,JNJ,0.05,20,0.0,0.0
2000-07-03,2000,1999,QCOM,0.05,20,0.0,0.0
2000-07-03,2000,1999,BMY,0.05,20,0.0,0.0
2000-07-03,2000,1999,PFE,0.05,20,0.0,0.0
2000-07-03,2000,1999,T,0.05,20,0.0,0.0
2000-07-03,2000,1999,VZ,0.05,20,0.0,0.0
2000-08-01,2000,1999,MSFT,0.05,20,0.066224,3.3112
2000-08-01,2000,1999,CSCO,0.05,20,0.0,0.0
2000-08-01,2000,1999,WMT,0.05,20,0.0,0.0
2000-08-01,2000,1999,GE,0.05,20,0.0,0.0
2000-08-01,2000,1999,XOM,0.05,20,0.0,0.0
2000-08-01,2000,1999,INTC,0.05,20,0.0,0.0
2000-08-01,2000,1999,C,0.05,20,0.0,0.0
2000-08-01,2000,1999,IBM,0.05,20,0.0,0.0
2000-08-01,2000,1999,HD,0.05,20,0.0,0.0
2000-08-01,2000,1999,ORCL,0.05,20,0.0,0.0
2000-08-01,2000,1999,KO,0.05,20,0.0,0.0
2000-08-01,2000,1999,PG,0.05,20,0.0,0.0
2000-08-01,2000,1999,MRK,0.05,20,0.0,0.0
2000-08-01,2000,1999,AIG,0.05,20,0.0,0.0
2000-08-01,2000,1999,JNJ,0.05,20,0.0,0.0
2000-08-01,2000,1999,QCOM,0.05,20,0.0,0.0
2000-08-01,2000,1999,BMY,0.05,20,0.0,0.0
2000-08-01,2000,1999,PFE,0.05,20,0.0,0.0
2000-08-01,2000,1999,T,0.05,20,0.0,0.0
2000-08-01,2000,1999,VZ,0.05,20,0.0,0.0
2000-09-01,2000,1999,MSFT,0.05,20,0.073785,3.6892
2000-09-01,2000,1999,CSCO,0.05,20,0.0,0.0
2000-09-01,2000,1999,WMT,0.05,20,0.0,0.0
2000-09-01,2000,1999,GE,0.05,20,0.0,0.0
2000-09-01,2000,1999,XOM,0.05,20,0.0,0.0
2000-09-01,2000,1999,INTC,0.05,20,0.0,0.0
2000-09-01,2000,1999,C,0.05,20,0.0,0.0
2000-09-01,2000,1999,IBM,0.05,20,0.0,0.0
2000-09-01,2000,1999,HD,0.05,20,0.0,0.0
2000-09-01,2000,1999,ORCL,0.05,20,0.0,0.0
2000-09-01,2000,1999,KO,0.05,20,0.0,0.0
2000-09-01,2000,1999,PG,0.05,20,0.0,0.0
2000-09-01,2000,1999,MRK,0.05,20,0.0,0.0
2000-09-01,2000,1999,AIG,0.05,20,0.0,0.0
2000-09-01,2000,1999,JNJ,0.05,20,0.0,0.0
2000-09-01,2000,1999,QCOM,0.05,20,0.0,0.0
2000-09-01,2000,1999,BMY,0.05,20,0.0,0.0
2000-09-01,2000,1999,PFE,0.05,20,0.0,0.0
2000-09-01,2000,1999,T,0.05,20,0.0,0.0
2000-09-01,2000,1999,VZ,0.05,20,0.0,0.0
2000-10-02,2000,1999,MSFT,0.05,20,0.113645,5.6823
2000-10-02,2000,1999,CSCO,0.05,20,0.0,0.0
2000-10-02,2000,1999,WMT,0.05,20,0.0,0.0
2000-10-02,2000,1999,GE,0.05,20,0.0,0.0
2000-10-02,2000,1999,XOM,0.05,20,0.0,0.0
2000-10-02,2000,1999,INTC,0.05,20,0.0,0.0
2000-10-02,2000,1999,C,0.05,20,0.0,0.0
2000-10-02,2000,1999,IBM,0.05,20,0.0,0.0
2000-10-02,2000,1999,HD,0.05,20,0.0,0.0
2000-10-02,2000,1999,ORCL,0.05,20,0.0,0.0
2000-10-02,2000,1999,KO,0.05,20,0.0,0.0
2000-10-02,2000,1999,PG,0.05,20,0.0,0.0
2000-10-02,2000,1999,MRK,0.05,20,0.0,0.0
2000-10-02,2000,1999,AIG,0.05,20,0.0,0.0
2000-10-02,2000,1999,JNJ,0.05,20,0.0,0.0
2000-10-02,2000,1999,QCOM,0.05,20,0.0,0.0
2000-10-02,2000,1999,BMY,0.05,20,0.0,0.0
2000-10-02,2000,1999,PFE,0.05,20,0.0,0.0
2000-10-02,2000,1999,T,0.05,20,0.0,0.0
2000-10-02,2000,1999,VZ,0.05,20,0.0,0.0
2000-11-01,2000,1999,MSFT,0.05,20,0.09181,4.5905
2000-11-01,2000,1999,CSCO,0.05,20,0.0,0.0
2000-11-01,2000,1999,WMT,0.05,20,0.0,0.0
2000-11-01,2000,1999,GE,0.05,20,0.0,0.0
2000-11-01,2000,1999,XOM,0.05,20,0.0,0.0
2000-11-01,2000,1999,INTC,0.05,20,0.0,0.0
2000-11-01,2000,1999,C,0.05,20,0.0,0.0
2000-11-01,2000,1999,IBM,0.05,20,0.0,0.0
2000-11-01,2000,1999,HD,0.05,20,0.0,0.0
2000-11-01,2000,1999,ORCL,0.05,20,0.0,0.0
2000-11-01,2000,1999,KO,0.05,20,0.0,0.0
2000-11-01,2000,1999,PG,0.05,20,0.0,0.0
2000-11-01,2000,1999,MRK,0.05,20,0.0,0.0
2000-11-01,2000,1999,AIG,0.05,20,0.0,0.0
2000-11-01,2000,1999,JNJ,0.05,20,0.0,0.0
2000-11-01,2000,1999,QCOM,0.05,20,0.0,0.0
2000-11-01,2000,1999,BMY,0.05,20,0.0,0.0
2000-11-01,2000,1999,PFE,0.05,20,0.0,0.0
2000-11-01,2000,1999,T,0.05,20,0.0,0.0
2000-11-01,2000,1999,VZ,0.05,20,0.0,0.0
2000-12-01,2000,1999,MSFT,0.05,20,0.087412,4.3706
2000-12-01,2000,1999,CSCO,0.05,20,0.0,0.0
2000-12-01,2000,1999,WMT,0.05,20,0.0,0.0
2000-12-01,2000,1999,GE,0.05,20,0.0,0.0
2000-12-01,2000,1999,XOM,0.05,20,0.0,0.0
2000-12-01,2000,1999,INTC,0.05,20,0.0,0.0
2000-12-01,2000,1999,C,0.05,20,0.0,0.0
2000-12-01,2000,1999,IBM,0.05,20,0.0,0.0
2000-12-01,2000,1999,HD,0.05,20,0.0,0.0
2000-12-01,2000,1999,ORCL,0.05,20,0.0,0.0
2000-12-01,2000,1999,KO,0.05,20,0.0,0.0
2000-12-01,2000,1999,PG,0.05,20,0.0,0.0
2000-12-01,2000,1999,MRK,0.05,20,0.0,0.0
2000-12-01,2000,1999,AIG,0.05,20,0.0,0.0
2000-12-01,2000,1999,JNJ,0.05,20,0.0,0.0
2000-12-01,2000,1999,QCOM,0.05,20,0.0,0.0
2000-12-01,2000,1999,BMY,0.05,20,0.0,0.0
2000-12-01,2000,1999,PFE,0.05,20,0.0,0.0
2000-12-01,2000,1999,T,0.05,20,0.0,0.0
2000-12-01,2000,1999,VZ,0.05,20,0.0,0.0
2001-01-02,2001,2000,XOM,0.05,20,0.186714,9.3357
2001-01-02,2001,2000,GE,0.05,20,0.0,0.0
2001-01-02,2001,2000,CSCO,0.05,20,0.0,0.0
2001-01-02,2001,2000,PFE,0.05,20,0.0,0.0
2001-01-02,2001,2000,WMT,0.05,20,0.0,0.0
2001-01-02,2001,2000,MSFT,0.05,20,0.0,0.0
2001-01-02,2001,2000,C,0.05,20,0.0,0.0
2001-01-02,2001,2000,INTC,0.05,20,0.0,0.0
2001-01-02,2001,2000,MRK,0.05,20,0.0,0.0
2001-01-02,2001,2000,AIG,0.05,20,0.0,0.0
2001-01-02,2001,2000,ORCL,0.05,20,0.0,0.0
2001-01-02,2001,2000,KO,0.05,20,0.0,0.0
2001-01-02,2001,2000,JNJ,0.05,20,0.0,0.0
2001-01-02,2001,2000,IBM,0.05,20,0.0,0.0
2001-01-02,2001,2000,BMY,0.05,20,0.0,0.0
2001-01-02,2001,2000,VZ,0.05,20,0.0,0.0
2001-01-02,2001,2000,T,0.05,20,0.0,0.0
2001-01-02,2001,2000,HD,0.05,20,0.0,0.0
2001-01-02,2001,2000,LLY,0.05,20,0.0,0.0
2001-01-02,2001,2000,PG,0.05,20,0.0,0.0
2001-02-01,2001,2000,XOM,0.05,20,0.112856,5.6428
2001-02-01,2001,2000,GE,0.05,20,0.0,0.0
2001-02-01,2001,2000,CSCO,0.05,20,0.0,0.0
2001-02-01,2001,2000,PFE,0.05,20,0.0,0.0
2001-02-01,2001,2000,WMT,0.05,20,0.0,0.0
2001-02-01,2001,2000,MSFT,0.05,20,0.0,0.0
2001-02-01,2001,2000,C,0.05,20,0.0,0.0
2001-02-01,2001,2000,INTC,0.05,20,0.0,0.0
2001-02-01,2001,2000,MRK,0.05,20,0.0,0.0
2001-02-01,2001,2000,AIG,0.05,20,0.0,0.0
2001-02-01,2001,2000,ORCL,0.05,20,0.0,0.0
2001-02-01,2001,2000,KO,0.05,20,0.0,0.0
2001-02-01,2001,2000,JNJ,0.05,20,0.0,0.0
2001-02-01,2001,2000,IBM,0.05,20,0.0,0.0
2001-02-01,2001,2000,BMY,0.05,20,0.0,0.0
2001-02-01,2001,2000,VZ,0.05,20,0.0,0.0
2001-02-01,2001,2000,T,0.05,20,0.0,0.0
2001-02-01,2001,2000,HD,0.05,20,0.0,0.0
2001-02-01,2001,2000,LLY,0.05,20,0.0,0.0
2001-02-01,2001,2000,PG,0.05,20,0.0,0.0
2001-03-01,2001,2000,XOM,0.05,20,0.092202,4.6101
2001-03-01,2001,2000,GE,0.05,20,0.0,0.0
2001-03-01,2001,2000,CSCO,0.05,20,0.0,0.0
2001-03-01,2001,2000,PFE,0.05,20,0.0,0.0
2001-03-01,2001,2000,WMT,0.05,20,0.0,0.0
2001-03-01,2001,2000,MSFT,0.05,20,0.0,0.0
2001-03-01,2001,2000,C,0.05,20,0.0,0.0
2001-03-01,2001,2000,INTC,0.05,20,0.0,0.0
2001-03-01,2001,2000,MRK,0.05,20,0.0,0.0
2001-03-01,2001,2000,AIG,0.05,20,0.0,0.0
2001-03-01,2001,2000,ORCL,0.05,20,0.0,0.0
2001-03-01,2001,2000,KO,0.05,20,0.0,0.0
2001-03-01,2001,2000,JNJ,0.05,20,0.0,0.0
2001-03-01,2001,2000,IBM,0.05,20,0.0,0.0
2001-03-01,2001,2000,BMY,0.05,20,0.0,0.0
2001-03-01,2001,2000,VZ,0.05,20,0.0,0.0
2001-03-01,2001,2000,T,0.05,20,0.0,0.0
2001-03-01,2001,2000,HD,0.05,20,0.0,0.0
2001-03-01,2001,2000,LLY,0.05,20,0.0,0.0
2001-03-01,2001,2000,PG,0.05,20,0.0,0.0
2001-04-02,2001,2000,XOM,0.05,20,0.06051,3.0255
2001-04-02,2001,2000,GE,0.05,20,0.0,0.0
2001-04-02,2001,2000,CSCO,0.05,20,0.0,0.0
2001-04-02,2001,2000,PFE,0.05,20,0.0,0.0
2001-04-02,2001,2000,WMT,0.05,20,0.0,0.0
2001-04-02,2001,2000,MSFT,0.05,20,0.0,0.0
2001-04-02,2001,2000,C,0.05,20,0.0,0.0
2001-04-02,2001,2000,INTC,0.05,20,0.0,0.0
2001-04-02,2001,2000,MRK,0.05,20,0.0,0.0
2001-04-02,2001,2000,AIG,0.05,20,0.0,0.0
2001-04-02,2001,2000,ORCL,0.05,20,0.0,0.0
2001-04-02,2001,2000,KO,0.05,20,0.0,0.0
2001-04-02,2001,2000,JNJ,0.05,20,0.0,0.0
2001-04-02,2001,2000,IBM,0.05,20,0.0,0.0
2001-04-02,2001,2000,BMY,0.05,20,0.0,0.0
2001-04-02,2001,2000,VZ,0.05,20,0.0,0.0
2001-04-02,2001,2000,T,0.05,20,0.0,0.0
2001-04-02,2001,2000,HD,0.05,20,0.0,0.0
2001-04-02,2001,2000,LLY,0.05,20,0.0,0.0
2001-04-02,2001,2000,PG,0.05,20,0.0,0.0
2001-05-01,2001,2000,XOM,0.05,20,0.060323,3.0161
2001-05-01,2001,2000,GE,0.05,20,0.0,0.0
2001-05-01,2001,2000,CSCO,0.05,20,0.0,0.0
2001-05-01,2001,2000,PFE,0.05,20,0.0,0.0
2001-05-01,2001,2000,WMT,0.05,20,0.0,0.0
2001-05-01,2001,2000,MSFT,0.05,20,0.0,0.0
2001-05-01,2001,2000,C,0.05,20,0.0,0.0
2001-05-01,2001,2000,INTC,0.05,20,0.0,0.0
2001-05-01,2001,2000,MRK,0.05,20,0.0,0.0
2001-05-01,2001,2000,AIG,0.05,20,0.0,0.0
2001-05-01,2001,2000,ORCL,0.05,20,0.0,0.0
2001-05-01,2001,2000,KO,0.05,20,0.0,0.0
2001-05-01,2001,2000,JNJ,0.05,20,0.0,0.0
2001-05-01,2001,2000,IBM,0.05,20,0.0,0.0
2001-05-01,2001,2000,BMY,0.05,20,0.0,0.0
2001-05-01,2001,2000,VZ,0.05,20,0.0,0.0
2001-05-01,2001,2000,T,0.05,20,0.0,0.0
2001-05-01,2001,2000,HD,0.05,20,0.0,0.0
2001-05-01,2001,2000,LLY,0.05,20,0.0,0.0
2001-05-01,2001,2000,PG,0.05,20,0.0,0.0
2001-06-01,2001,2000,XOM,0.05,20,0.035044,1.7522
2001-06-01,2001,2000,GE,0.05,20,0.0,0.0
2001-06-01,2001,2000,CSCO,0.05,20,0.0,0.0
2001-06-01,2001,2000,PFE,0.05,20,0.0,0.0
2001-06-01,2001,2000,WMT,0.05,20,0.0,0.0
2001-06-01,2001,2000,MSFT,0.05,20,0.0,0.0
2001-06-01,2001,2000,C,0.05,20,0.0,0.0
2001-06-01,2001,2000,INTC,0.05,20,0.0,0.0
2001-06-01,2001,2000,MRK,0.05,20,0.0,0.0
2001-06-01,2001,2000,AIG,0.05,20,0.0,0.0
2001-06-01,2001,2000,ORCL,0.05,20,0.0,0.0
2001-06-01,2001,2000,KO,0.05,20,0.0,0.0
2001-06-01,2001,2000,JNJ,0.05,20,0.0,0.0
2001-06-01,2001,2000,IBM,0.05,20,0.0,0.0
2001-06-01,2001,2000,BMY,0.05,20,0.0,0.0
2001-06-01,2001,2000,VZ,0.05,20,0.0,0.0
2001-06-01,2001,2000,T,0.05,20,0.0,0.0
2001-06-01,2001,2000,HD,0.05,20,0.0,0.0
2001-06-01,2001,2000,LLY,0.05,20,0.0,0.0
2001-06-01,2001,2000,PG,0.05,20,0.0,0.0
2001-07-02,2001,2000,XOM,0.05,20,0.057671,2.8836
2001-07-02,2001,2000,GE,0.05,20,0.0,0.0
2001-07-02,2001,2000,CSCO,0.05,20,0.0,0.0
2001-07-02,2001,2000,PFE,0.05,20,0.0,0.0
2001-07-02,2001,2000,WMT,0.05,20,0.0,0.0
2001-07-02,2001,2000,MSFT,0.05,20,0.0,0.0
2001-07-02,2001,2000,C,0.05,20,0.0,0.0
2001-07-02,2001,2000,INTC,0.05,20,0.0,0.0
2001-07-02,2001,2000,MRK,0.05,20,0.0,0.0
2001-07-02,2001,2000,AIG,0.05,20,0.0,0.0
2001-07-02,2001,2000,ORCL,0.05,20,0.0,0.0
2001-07-02,2001,2000,KO,0.05,20,0.0,0.0
2001-07-02,2001,2000,JNJ,0.05,20,0.0,0.0
2001-07-02,2001,2000,IBM,0.05,20,0.0,0.0
2001-07-02,2001,2000,BMY,0.05,20,0.0,0.0
2001-07-02,2001,2000,VZ,0.05,20,0.0,0.0
2001-07-02,2001,2000,T,0.05,20,0.0,0.0
2001-07-02,2001,2000,HD,0.05,20,0.0,0.0
2001-07-02,2001,2000,LLY,0.05,20,0.0,0.0
2001-07-02,2001,2000,PG,0.05,20,0.0,0.0
2001-08-01,2001,2000,XOM,0.05,20,0.064059,3.2029
2001-08-01,2001,2000,GE,0.05,20,0.0,0.0
2001-08-01,2001,2000,CSCO,0.05,20,0.0,0.0
2001-08-01,2001,2000,PFE,0.05,20,0.0,0.0
2001-08-01,2001,2000,WMT,0.05,20,0.0,0.0
2001-08-01,2001,2000,MSFT,0.05,20,0.0,0.0
2001-08-01,2001,2000,C,0.05,20,0.0,0.0
2001-08-01,2001,2000,INTC,0.05,20,0.0,0.0
2001-08-01,2001,2000,MRK,0.05,20,0.0,0.0
2001-08-01,2001,2000,AIG,0.05,20,0.0,0.0
2001-08-01,2001,2000,ORCL,0.05,20,0.0,0.0
2001-08-01,2001,2000,KO,0.05,20,0.0,0.0
2001-08-01,2001,2000,JNJ,0.05,20,0.0,0.0
2001-08-01,2001,2000,IBM,0.05,20,0.0,0.0
2001-08-01,2001,2000,BMY,0.05,20,0.0,0.0
2001-08-01,2001,2000,VZ,0.05,20,0.0,0.0
2001-08-01,2001,2000,T,0.05,20,0.0,0.0
2001-08-01,2001,2000,HD,0.05,20,0.0,0.0
2001-08-01,2001,2000,LLY,0.05,20,0.0,0.0
2001-08-01,2001,2000,PG,0.05,20,0.0,0.0
2001-09-04,2001,2000,XOM,0.05,20,0.058596,2.9298
2001-09-04,2001,2000,GE,0.05,20,0.0,0.0
2001-09-04,2001,2000,CSCO,0.05,20,0.0,0.0
2001-09-04,2001,2000,PFE,0.05,20,0.0,0.0
2001-09-04,2001,2000,WMT,0.05,20,0.0,0.0
2001-09-04,2001,2000,MSFT,0.05,20,0.0,0.0
2001-09-04,2001,2000,C,0.05,20,0.0,0.0
2001-09-04,2001,2000,INTC,0.05,20,0.0,0.0
2001-09-04,2001,2000,MRK,0.05,20,0.0,0.0
2001-09-04,2001,2000,AIG,0.05,20,0.0,0.0
2001-09-04,2001,2000,ORCL,0.05,20,0.0,0.0
2001-09-04,2001,2000,KO,0.05,20,0.0,0.0
2001-09-04,2001,2000,JNJ,0.05,20,0.0,0.0
2001-09-04,2001,2000,IBM,0.05,20,0.0,0.0
2001-09-04,2001,2000,BMY,0.05,20,0.0,0.0
2001-09-04,2001,2000,VZ,0.05,20,0.0,0.0
2001-09-04,2001,2000,T,0.05,20,0.0,0.0
2001-09-04,2001,2000,HD,0.05,20,0.0,0.0
2001-09-04,2001,2000,LLY,0.05,20,0.0,0.0
2001-09-04,2001,2000,PG,0.05,20,0.0,0.0
2001-10-01,2001,2000,XOM,0.05,20,0.086195,4.3097
2001-10-01,2001,2000,GE,0.05,20,0.0,0.0
2001-10-01,2001,2000,CSCO,0.05,20,0.0,0.0
2001-10-01,2001,2000,PFE,0.05,20,0.0,0.0
2001-10-01,2001,2000,WMT,0.05,20,0.0,0.0
2001-10-01,2001,2000,MSFT,0.05,20,0.0,0.0
2001-10-01,2001,2000,C,0.05,20,0.0,0.0
2001-10-01,2001,2000,INTC,0.05,20,0.0,0.0
2001-10-01,2001,2000,MRK,0.05,20,0.0,0.0
2001-10-01,2001,2000,AIG,0.05,20,0.0,0.0
2001-10-01,2001,2000,ORCL,0.05,20,0.0,0.0
2001-10-01,2001,2000,KO,0.05,20,0.0,0.0
2001-10-01,2001,2000,JNJ,0.05,20,0.0,0.0
2001-10-01,2001,2000,IBM,0.05,20,0.0,0.0
2001-10-01,2001,2000,BMY,0.05,20,0.0,0.0
2001-10-01,2001,2000,VZ,0.05,20,0.0,0.0
2001-10-01,2001,2000,T,0.05,20,0.0,0.0
2001-10-01,2001,2000,HD,0.05,20,0.0,0.0
2001-10-01,2001,2000,LLY,0.05,20,0.0,0.0
2001-10-01,2001,2000,PG,0.05,20,0.0,0.0
2001-11-01,2001,2000,XOM,0.05,20,0.080805,4.0402
2001-11-01,2001,2000,GE,0.05,20,0.0,0.0
2001-11-01,2001,2000,CSCO,0.05,20,0.0,0.0
2001-11-01,2001,2000,PFE,0.05,20,0.0,0.0
2001-11-01,2001,2000,WMT,0.05,20,0.0,0.0
2001-11-01,2001,2000,MSFT,0.05,20,0.0,0.0
2001-11-01,2001,2000,C,0.05,20,0.0,0.0
2001-11-01,2001,2000,INTC,0.05,20,0.0,0.0
2001-11-01,2001,2000,MRK,0.05,20,0.0,0.0
2001-11-01,2001,2000,AIG,0.05,20,0.0,0.0
2001-11-01,2001,2000,ORCL,0.05,20,0.0,0.0
2001-11-01,2001,2000,KO,0.05,20,0.0,0.0
2001-11-01,2001,2000,JNJ,0.05,20,0.0,0.0
2001-11-01,2001,2000,IBM,0.05,20,0.0,0.0
2001-11-01,2001,2000,BMY,0.05,20,0.0,0.0
2001-11-01,2001,2000,VZ,0.05,20,0.0,0.0
2001-11-01,2001,2000,T,0.05,20,0.0,0.0
2001-11-01,2001,2000,HD,0.05,20,0.0,0.0
2001-11-01,2001,2000,LLY,0.05,20,0.0,0.0
2001-11-01,2001,2000,PG,0.05,20,0.0,0.0
2001-12-03,2001,2000,XOM,0.05,20,0.059915,2.9958
2001-12-03,2001,2000,GE,0.05,20,0.0,0.0
2001-12-03,2001,2000,CSCO,0.05,20,0.0,0.0
2001-12-03,2001,2000,PFE,0.05,20,0.0,0.0
2001-12-03,2001,2000,WMT,0.05,20,0.0,0.0
2001-12-03,2001,2000,MSFT,0.05,20,0.0,0.0
2001-12-03,2001,2000,C,0.05,20,0.0,0.0
2001-12-03,2001,2000,INTC,0.05,20,0.0,0.0
2001-12-03,2001,2000,MRK,0.05,20,0.0,0.0
2001-12-03,2001,2000,AIG,0.05,20,0.0,0.0
2001-12-03,2001,2000,ORCL,0.05,20,0.0,0.0
2001-12-03,2001,2000,KO,0.05,20,0.0,0.0
2001-12-03,2001,2000,JNJ,0.05,20,0.0,0.0
2001-12-03,2001,2000,IBM,0.05,20,0.0,0.0
2001-12-03,2001,2000,BMY,0.05,20,0.0,0.0
2001-12-03,2001,2000,VZ,0.05,20,0.0,0.0
2001-12-03,2001,2000,T,0.05,20,0.0,0.0
2001-12-03,2001,2000,HD,0.05,20,0.0,0.0
2001-12-03,2001,2000,LLY,0.05,20,0.0,0.0
2001-12-03,2001,2000,PG,0.05,20,0.0,0.0
2002-01-02,2002,2001,MSFT,0.05,20,0.243278,12.1639
2002-01-02,2002,2001,XOM,0.05,20,0.0,0.0
2002-01-02,2002,2001,C,0.05,20,0.0,0.0
2002-01-02,2002,2001,WMT,0.05,20,0.0,0.0
2002-01-02,2002,2001,GE,0.05,20,0.0,0.0
2002-01-02,2002,2001,PFE,0.05,20,0.0,0.0
2002-01-02,2002,2001,INTC,0.05,20,0.0,0.0
2002-01-02,2002,2001,IBM,0.05,20,0.0,0.0
2002-01-02,2002,2001,JNJ,0.05,20,0.0,0.0
2002-01-02,2002,2001,AIG,0.05,20,0.0,0.0
2002-01-02,2002,2001,CSCO,0.05,20,0.0,0.0
2002-01-02,2002,2001,VZ,0.05,20,0.0,0.0
2002-01-02,2002,2001,MRK,0.05,20,0.0,0.0
2002-01-02,2002,2001,HD,0.05,20,0.0,0.0
2002-01-02,2002,2001,KO,0.05,20,0.0,0.0
2002-01-02,2002,2001,PG,0.05,20,0.0,0.0
2002-01-02,2002,2001,BMY,0.05,20,0.0,0.0
2002-01-02,2002,2001,T,0.05,20,0.0,0.0
2002-01-02,2002,2001,BAC,0.05,20,0.0,0.0
2002-01-02,2002,2001,CVX,0.05,20,0.0,0.0
2002-02-01,2002,2001,MSFT,0.05,20,0.04833,2.4165
2002-02-01,2002,2001,XOM,0.05,20,0.0,0.0
2002-02-01,2002,2001,C,0.05,20,0.0,0.0
2002-02-01,2002,2001,WMT,0.05,20,0.0,0.0
2002-02-01,2002,2001,GE,0.05,20,0.0,0.0
2002-02-01,2002,2001,PFE,0.05,20,0.0,0.0
2002-02-01,2002,2001,INTC,0.05,20,0.0,0.0
2002-02-01,2002,2001,IBM,0.05,20,0.0,0.0
2002-02-01,2002,2001,JNJ,0.05,20,0.0,0.0
2002-02-01,2002,2001,AIG,0.05,20,0.0,0.0
2002-02-01,2002,2001,CSCO,0.05,20,0.0,0.0
2002-02-01,2002,2001,VZ,0.05,20,0.0,0.0
2002-02-01,2002,2001,MRK,0.05,20,0.0,0.0
2002-02-01,2002,2001,HD,0.05,20,0.0,0.0
2002-02-01,2002,2001,KO,0.05,20,0.0,0.0
2002-02-01,2002,2001,PG,0.05,20,0.0,0.0
2002-02-01,2002,2001,BMY,0.05,20,0.0,0.0
2002-02-01,2002,2001,T,0.05,20,0.0,0.0
2002-02-01,2002,2001,BAC,0.05,20,0.0,0.0
2002-02-01,2002,2001,CVX,0.05,20,0.0,0.0
2002-03-01,2002,2001,MSFT,0.05,20,0.063112,3.1556
2002-03-01,2002,2001,XOM,0.05,20,0.0,0.0
2002-03-01,2002,2001,C,0.05,20,0.0,0.0
2002-03-01,2002,2001,WMT,0.05,20,0.0,0.0
2002-03-01,2002,2001,GE,0.05,20,0.0,0.0
2002-03-01,2002,2001,PFE,0.05,20,0.0,0.0
2002-03-01,2002,2001,INTC,0.05,20,0.0,0.0
2002-03-01,2002,2001,IBM,0.05,20,0.0,0.0
2002-03-01,2002,2001,JNJ,0.05,20,0.0,0.0
2002-03-01,2002,2001,AIG,0.05,20,0.0,0.0
2002-03-01,2002,2001,CSCO,0.05,20,0.0,0.0
2002-03-01,2002,2001,VZ,0.05,20,0.0,0.0
2002-03-01,2002,2001,MRK,0.05,20,0.0,0.0
2002-03-01,2002,2001,HD,0.05,20,0.0,0.0
2002-03-01,2002,2001,KO,0.05,20,0.0,0.0
2002-03-01,2002,2001,PG,0.05,20,0.0,0.0
2002-03-01,2002,2001,BMY,0.05,20,0.0,0.0
2002-03-01,2002,2001,T,0.05,20,0.0,0.0
2002-03-01,2002,2001,BAC,0.05,20,0.0,0.0
2002-03-01,2002,2001,CVX,0.05,20,0.0,0.0
2002-04-01,2002,2001,MSFT,0.05,20,0.056354,2.8177
2002-04-01,2002,2001,XOM,0.05,20,0.0,0.0
2002-04-01,2002,2001,C,0.05,20,0.0,0.0
2002-04-01,2002,2001,WMT,0.05,20,0.0,0.0
2002-04-01,2002,2001,GE,0.05,20,0.0,0.0
2002-04-01,2002,2001,PFE,0.05,20,0.0,0.0
2002-04-01,2002,2001,INTC,0.05,20,0.0,0.0
2002-04-01,2002,2001,IBM,0.05,20,0.0,0.0
2002-04-01,2002,2001,JNJ,0.05,20,0.0,0.0
2002-04-01,2002,2001,AIG,0.05,20,0.0,0.0
2002-04-01,2002,2001,CSCO,0.05,20,0.0,0.0
2002-04-01,2002,2001,VZ,0.05,20,0.0,0.0
2002-04-01,2002,2001,MRK,0.05,20,0.0,0.0
2002-04-01,2002,2001,HD,0.05,20,0.0,0.0
2002-04-01,2002,2001,KO,0.05,20,0.0,0.0
2002-04-01,2002,2001,PG,0.05,20,0.0,0.0
2002-04-01,2002,2001,BMY,0.05,20,0.0,0.0
2002-04-01,2002,2001,T,0.05,20,0.0,0.0
2002-04-01,2002,2001,BAC,0.05,20,0.0,0.0
2002-04-01,2002,2001,CVX,0.05,20,0.0,0.0
2002-05-01,2002,2001,MSFT,0.05,20,0.069815,3.4907
2002-05-01,2002,2001,XOM,0.05,20,0.0,0.0
2002-05-01,2002,2001,C,0.05,20,0.0,0.0
2002-05-01,2002,2001,WMT,0.05,20,0.0,0.0
2002-05-01,2002,2001,GE,0.05,20,0.0,0.0
2002-05-01,2002,2001,PFE,0.05,20,0.0,0.0
2002-05-01,2002,2001,INTC,0.05,20,0.0,0.0
2002-05-01,2002,2001,IBM,0.05,20,0.0,0.0
2002-05-01,2002,2001,JNJ,0.05,20,0.0,0.0
2002-05-01,2002,2001,AIG,0.05,20,0.0,0.0
2002-05-01,2002,2001,CSCO,0.05,20,0.0,0.0
2002-05-01,2002,2001,VZ,0.05,20,0.0,0.0
2002-05-01,2002,2001,MRK,0.05,20,0.0,0.0
2002-05-01,2002,2001,HD,0.05,20,0.0,0.0
2002-05-01,2002,2001,KO,0.05,20,0.0,0.0
2002-05-01,2002,2001,PG,0.05,20,0.0,0.0
2002-05-01,2002,2001,BMY,0.05,20,0.0,0.0
2002-05-01,2002,2001,T,0.05,20,0.0,0.0
2002-05-01,2002,2001,BAC,0.05,20,0.0,0.0
2002-05-01,2002,2001,CVX,0.05,20,0.0,0.0
2002-06-03,2002,2001,MSFT,0.05,20,0.041347,2.0674
2002-06-03,2002,2001,XOM,0.05,20,0.0,0.0
2002-06-03,2002,2001,C,0.05,20,0.0,0.0
2002-06-03,2002,2001,WMT,0.05,20,0.0,0.0
2002-06-03,2002,2001,GE,0.05,20,0.0,0.0
2002-06-03,2002,2001,PFE,0.05,20,0.0,0.0
2002-06-03,2002,2001,INTC,0.05,20,0.0,0.0
2002-06-03,2002,2001,IBM,0.05,20,0.0,0.0
2002-06-03,2002,2001,JNJ,0.05,20,0.0,0.0
2002-06-03,2002,2001,AIG,0.05,20,0.0,0.0
2002-06-03,2002,2001,CSCO,0.05,20,0.0,0.0
2002-06-03,2002,2001,VZ,0.05,20,0.0,0.0
2002-06-03,2002,2001,MRK,0.05,20,0.0,0.0
2002-06-03,2002,2001,HD,0.05,20,0.0,0.0
2002-06-03,2002,2001,KO,0.05,20,0.0,0.0
2002-06-03,2002,2001,PG,0.05,20,0.0,0.0
2002-06-03,2002,2001,BMY,0.05,20,0.0,0.0
2002-06-03,2002,2001,T,0.05,20,0.0,0.0
2002-06-03,2002,2001,BAC,0.05,20,0.0,0.0
2002-06-03,2002,2001,CVX,0.05,20,0.0,0.0
2002-07-01,2002,2001,MSFT,0.05,20,0.077195,3.8598
2002-07-01,2002,2001,XOM,0.05,20,0.0,0.0
2002-07-01,2002,2001,C,0.05,20,0.0,0.0
2002-07-01,2002,2001,WMT,0.05,20,0.0,0.0
2002-07-01,2002,2001,GE,0.05,20,0.0,0.0
2002-07-01,2002,2001,PFE,0.05,20,0.0,0.0
2002-07-01,2002,2001,INTC,0.05,20,0.0,0.0
2002-07-01,2002,2001,IBM,0.05,20,0.0,0.0
2002-07-01,2002,2001,JNJ,0.05,20,0.0,0.0
2002-07-01,2002,2001,AIG,0.05,20,0.0,0.0
2002-07-01,2002,2001,CSCO,0.05,20,0.0,0.0
2002-07-01,2002,2001,VZ,0.05,20,0.0,0.0
2002-07-01,2002,2001,MRK,0.05,20,0.0,0.0
2002-07-01,2002,2001,HD,0.05,20,0.0,0.0
2002-07-01,2002,2001,KO,0.05,20,0.0,0.0
2002-07-01,2002,2001,PG,0.05,20,0.0,0.0
2002-07-01,2002,2001,BMY,0.05,20,0.0,0.0
2002-07-01,2002,2001,T,0.05,20,0.0,0.0
2002-07-01,2002,2001,BAC,0.05,20,0.0,0.0
2002-07-01,2002,2001,CVX,0.05,20,0.0,0.0
2002-08-01,2002,2001,MSFT,0.05,20,0.058223,2.9112
2002-08-01,2002,2001,XOM,0.05,20,0.0,0.0
2002-08-01,2002,2001,C,0.05,20,0.0,0.0
2002-08-01,2002,2001,WMT,0.05,20,0.0,0.0
2002-08-01,2002,2001,GE,0.05,20,0.0,0.0
2002-08-01,2002,2001,PFE,0.05,20,0.0,0.0
2002-08-01,2002,2001,INTC,0.05,20,0.0,0.0
2002-08-01,2002,2001,IBM,0.05,20,0.0,0.0
2002-08-01,2002,2001,JNJ,0.05,20,0.0,0.0
2002-08-01,2002,2001,AIG,0.05,20,0.0,0.0
2002-08-01,2002,2001,CSCO,0.05,20,0.0,0.0
2002-08-01,2002,2001,VZ,0.05,20,0.0,0.0
2002-08-01,2002,2001,MRK,0.05,20,0.0,0.0
2002-08-01,2002,2001,HD,0.05,20,0.0,0.0
2002-08-01,2002,2001,KO,0.05,20,0.0,0.0
2002-08-01,2002,2001,PG,0.05,20,0.0,0.0
2002-08-01,2002,2001,BMY,0.05,20,0.0,0.0
2002-08-01,2002,2001,T,0.05,20,0.0,0.0
2002-08-01,2002,2001,BAC,0.05,20,0.0,0.0
2002-08-01,2002,2001,CVX,0.05,20,0.0,0.0
2002-09-03,2002,2001,MSFT,0.05,20,0.046123,2.3062
2002-09-03,2002,2001,XOM,0.05,20,0.0,0.0
2002-09-03,2002,2001,C,0.05,20,0.0,0.0
2002-09-03,2002,2001,WMT,0.05,20,0.0,0.0
2002-09-03,2002,2001,GE,0.05,20,0.0,0.0
2002-09-03,2002,2001,PFE,0.05,20,0.0,0.0
2002-09-03,2002,2001,INTC,0.05,20,0.0,0.0
2002-09-03,2002,2001,IBM,0.05,20,0.0,0.0
2002-09-03,2002,2001,JNJ,0.05,20,0.0,0.0
2002-09-03,2002,2001,AIG,0.05,20,0.0,0.0
2002-09-03,2002,2001,CSCO,0.05,20,0.0,0.0
2002-09-03,2002,2001,VZ,0.05,20,0.0,0.0
2002-09-03,2002,2001,MRK,0.05,20,0.0,0.0
2002-09-03,2002,2001,HD,0.05,20,0.0,0.0
2002-09-03,2002,2001,KO,0.05,20,0.0,0.0
2002-09-03,2002,2001,PG,0.05,20,0.0,0.0
2002-09-03,2002,2001,BMY,0.05,20,0.0,0.0
2002-09-03,2002,2001,T,0.05,20,0.0,0.0
2002-09-03,2002,2001,BAC,0.05,20,0.0,0.0
2002-09-03,2002,2001,CVX,0.05,20,0.0,0.0
2002-10-01,2002,2001,MSFT,0.05,20,0.059902,2.9951
2002-10-01,2002,2001,XOM,0.05,20,0.0,0.0
2002-10-01,2002,2001,C,0.05,20,0.0,0.0
2002-10-01,2002,2001,WMT,0.05,20,0.0,0.0
2002-10-01,2002,2001,GE,0.05,20,0.0,0.0
2002-10-01,2002,2001,PFE,0.05,20,0.0,0.0
2002-10-01,2002,2001,INTC,0.05,20,0.0,0.0
2002-10-01,2002,2001,IBM,0.05,20,0.0,0.0
2002-10-01,2002,2001,JNJ,0.05,20,0.0,0.0
2002-10-01,2002,2001,AIG,0.05,20,0.0,0.0
2002-10-01,2002,2001,CSCO,0.05,20,0.0,0.0
2002-10-01,2002,2001,VZ,0.05,20,0.0,0.0
2002-10-01,2002,2001,MRK,0.05,20,0.0,0.0
2002-10-01,2002,2001,HD,0.05,20,0.0,0.0
2002-10-01,2002,2001,KO,0.05,20,0.0,0.0
2002-10-01,2002,2001,PG,0.05,20,0.0,0.0
2002-10-01,2002,2001,BMY,0.05,20,0.0,0.0
2002-10-01,2002,2001,T,0.05,20,0.0,0.0
2002-10-01,2002,2001,BAC,0.05,20,0.0,0.0
2002-10-01,2002,2001,CVX,0.05,20,0.0,0.0
2002-11-01,2002,2001,MSFT,0.05,20,0.089593,4.4797
2002-11-01,2002,2001,XOM,0.05,20,0.0,0.0
2002-11-01,2002,2001,C,0.05,20,0.0,0.0
2002-11-01,2002,2001,WMT,0.05,20,0.0,0.0
2002-11-01,2002,2001,GE,0.05,20,0.0,0.0
2002-11-01,2002,2001,PFE,0.05,20,0.0,0.0
2002-11-01,2002,2001,INTC,0.05,20,0.0,0.0
2002-11-01,2002,2001,IBM,0.05,20,0.0,0.0
2002-11-01,2002,2001,JNJ,0.05,20,0.0,0.0
2002-11-01,2002,2001,AIG,0.05,20,0.0,0.0
2002-11-01,2002,2001,CSCO,0.05,20,0.0,0.0
2002-11-01,2002,2001,VZ,0.05,20,0.0,0.0
2002-11-01,2002,2001,MRK,0.05,20,0.0,0.0
2002-11-01,2002,2001,HD,0.05,20,0.0,0.0
2002-11-01,2002,2001,KO,0.05,20,0.0,0.0
2002-11-01,2002,2001,PG,0.05,20,0.0,0.0
2002-11-01,2002,2001,BMY,0.05,20,0.0,0.0
2002-11-01,2002,2001,T,0.05,20,0.0,0.0
2002-11-01,2002,2001,BAC,0.05,20,0.0,0.0
2002-11-01,2002,2001,CVX,0.05,20,0.0,0.0
2002-12-02,2002,2001,MSFT,0.05,20,0.06303,3.1515
2002-12-02,2002,2001,XOM,0.05,20,0.0,0.0
2002-12-02,2002,2001,C,0.05,20,0.0,0.0
2002-12-02,2002,2001,WMT,0.05,20,0.0,0.0
2002-12-02,2002,2001,GE,0.05,20,0.0,0.0
2002-12-02,2002,2001,PFE,0.05,20,0.0,0.0
2002-12-02,2002,2001,INTC,0.05,20,0.0,0.0
2002-12-02,2002,2001,IBM,0.05,20,0.0,0.0
2002-12-02,2002,2001,JNJ,0.05,20,0.0,0.0
2002-12-02,2002,2001,AIG,0.05,20,0.0,0.0
2002-12-02,2002,2001,CSCO,0.05,20,0.0,0.0
2002-12-02,2002,2001,VZ,0.05,20,0.0,0.0
2002-12-02,2002,2001,MRK,0.05,20,0.0,0.0
2002-12-02,2002,2001,HD,0.05,20,0.0,0.0
2002-12-02,2002,2001,KO,0.05,20,0.0,0.0
2002-12-02,2002,2001,PG,0.05,20,0.0,0.0
2002-12-02,2002,2001,BMY,0.05,20,0.0,0.0
2002-12-02,2002,2001,T,0.05,20,0.0,0.0
2002-12-02,2002,2001,BAC,0.05,20,0.0,0.0
2002-12-02,2002,2001,CVX,0.05,20,0.0,0.0
2003-01-02,2003,2002,MSFT,0.05,20,0.342149,17.1075
2003-01-02,2003,2002,XOM,0.05,20,0.0,0.0
2003-01-02,2003,2002,WMT,0.05,20,0.0,0.0
2003-01-02,2003,2002,C,0.05,20,0.0,0.0
2003-01-02,2003,2002,PFE,0.05,20,0.0,0.0
2003-01-02,2003,2002,JNJ,0.05,20,0.0,0.0
2003-01-02,2003,2002,GE,0.05,20,0.0,0.0
2003-01-02,2003,2002,IBM,0.05,20,0.0,0.0
2003-01-02,2003,2002,AIG,0.05,20,0.0,0.0
2003-01-02,2003,2002,MRK,0.05,20,0.0,0.0
2003-01-02,2003,2002,PG,0.05,20,0.0,0.0
2003-01-02,2003,2002,KO,0.05,20,0.0,0.0
2003-01-02,2003,2002,VZ,0.05,20,0.0,0.0
2003-01-02,2003,2002,BAC,0.05,20,0.0,0.0
2003-01-02,2003,2002,INTC,0.05,20,0.0,0.0
2003-01-02,2003,2002,CSCO,0.05,20,0.0,0.0
2003-01-02,2003,2002,WFC,0.05,20,0.0,0.0
2003-01-02,2003,2002,PEP,0.05,20,0.0,0.0
2003-01-02,2003,2002,LLY,0.05,20,0.0,0.0
2003-01-02,2003,2002,CVX,0.05,20,0.0,0.0
2003-02-03,2003,2002,MSFT,0.05,20,0.027026,1.3513
2003-02-03,2003,2002,XOM,0.05,20,0.0,0.0
2003-02-03,2003,2002,WMT,0.05,20,0.0,0.0
2003-02-03,2003,2002,C,0.05,20,0.0,0.0
2003-02-03,2003,2002,PFE,0.05,20,0.0,0.0
2003-02-03,2003,2002,JNJ,0.05,20,0.0,0.0
2003-02-03,2003,2002,GE,0.05,20,0.0,0.0
2003-02-03,2003,2002,IBM,0.05,20,0.0,0.0
2003-02-03,2003,2002,AIG,0.05,20,0.0,0.0
2003-02-03,2003,2002,MRK,0.05,20,0.0,0.0
2003-02-03,2003,2002,PG,0.05,20,0.0,0.0
2003-02-03,2003,2002,KO,0.05,20,0.0,0.0
2003-02-03,2003,2002,VZ,0.05,20,0.0,0.0
2003-02-03,2003,2002,BAC,0.05,20,0.0,0.0
2003-02-03,2003,2002,INTC,0.05,20,0.0,0.0
2003-02-03,2003,2002,CSCO,0.05,20,0.0,0.0
2003-02-03,2003,2002,WFC,0.05,20,0.0,0.0
2003-02-03,2003,2002,PEP,0.05,20,0.0,0.0
2003-02-03,2003,2002,LLY,0.05,20,0.0,0.0
2003-02-03,2003,2002,CVX,0.05,20,0.0,0.0
2003-03-03,2003,2002,MSFT,0.05,20,0.034633,1.7316
2003-03-03,2003,2002,XOM,0.05,20,0.0,0.0
2003-03-03,2003,2002,WMT,0.05,20,0.0,0.0
2003-03-03,2003,2002,C,0.05,20,0.0,0.0
2003-03-03,2003,2002,PFE,0.05,20,0.0,0.0
2003-03-03,2003,2002,JNJ,0.05,20,0.0,0.0
2003-03-03,2003,2002,GE,0.05,20,0.0,0.0
2003-03-03,2003,2002,IBM,0.05,20,0.0,0.0
2003-03-03,2003,2002,AIG,0.05,20,0.0,0.0
2003-03-03,2003,2002,MRK,0.05,20,0.0,0.0
2003-03-03,2003,2002,PG,0.05,20,0.0,0.0
2003-03-03,2003,2002,KO,0.05,20,0.0,0.0
2003-03-03,2003,2002,VZ,0.05,20,0.0,0.0
2003-03-03,2003,2002,BAC,0.05,20,0.0,0.0
2003-03-03,2003,2002,INTC,0.05,20,0.0,0.0
2003-03-03,2003,2002,CSCO,0.05,20,0.0,0.0
2003-03-03,2003,2002,WFC,0.05,20,0.0,0.0
2003-03-03,2003,2002,PEP,0.05,20,0.0,0.0
2003-03-03,2003,2002,LLY,0.05,20,0.0,0.0
2003-03-03,2003,2002,CVX,0.05,20,0.0,0.0
2003-04-01,2003,2002,MSFT,0.05,20,0.032156,1.6078
2003-04-01,2003,2002,XOM,0.05,20,0.0,0.0
2003-04-01,2003,2002,WMT,0.05,20,0.0,0.0
2003-04-01,2003,2002,C,0.05,20,0.0,0.0
2003-04-01,2003,2002,PFE,0.05,20,0.0,0.0
2003-04-01,2003,2002,JNJ,0.05,20,0.0,0.0
2003-04-01,2003,2002,GE,0.05,20,0.0,0.0
2003-04-01,2003,2002,IBM,0.05,20,0.0,0.0
2003-04-01,2003,2002,AIG,0.05,20,0.0,0.0
2003-04-01,2003,2002,MRK,0.05,20,0.0,0.0
2003-04-01,2003,2002,PG,0.05,20,0.0,0.0
2003-04-01,2003,2002,KO,0.05,20,0.0,0.0
2003-04-01,2003,2002,VZ,0.05,20,0.0,0.0
2003-04-01,2003,2002,BAC,0.05,20,0.0,0.0
2003-04-01,2003,2002,INTC,0.05,20,0.0,0.0
2003-04-01,2003,2002,CSCO,0.05,20,0.0,0.0
2003-04-01,2003,2002,WFC,0.05,20,0.0,0.0
2003-04-01,2003,2002,PEP,0.05,20,0.0,0.0
2003-04-01,2003,2002,LLY,0.05,20,0.0,0.0
2003-04-01,2003,2002,CVX,0.05,20,0.0,0.0
2003-05-01,2003,2002,MSFT,0.05,20,0.047323,2.3662
2003-05-01,2003,2002,XOM,0.05,20,0.0,0.0
2003-05-01,2003,2002,WMT,0.05,20,0.0,0.0
2003-05-01,2003,2002,C,0.05,20,0.0,0.0
2003-05-01,2003,2002,PFE,0.05,20,0.0,0.0
2003-05-01,2003,2002,JNJ,0.05,20,0.0,0.0
2003-05-01,2003,2002,GE,0.05,20,0.0,0.0
2003-05-01,2003,2002,IBM,0.05,20,0.0,0.0
2003-05-01,2003,2002,AIG,0.05,20,0.0,0.0
2003-05-01,2003,2002,MRK,0.05,20,0.0,0.0
2003-05-01,2003,2002,PG,0.05,20,0.0,0.0
2003-05-01,2003,2002,KO,0.05,20,0.0,0.0
2003-05-01,2003,2002,VZ,0.05,20,0.0,0.0
2003-05-01,2003,2002,BAC,0.05,20,0.0,0.0
2003-05-01,2003,2002,INTC,0.05,20,0.0,0.0
2003-05-01,2003,2002,CSCO,0.05,20,0.0,0.0
2003-05-01,2003,2002,WFC,0.05,20,0.0,0.0
2003-05-01,2003,2002,PEP,0.05,20,0.0,0.0
2003-05-01,2003,2002,LLY,0.05,20,0.0,0.0
2003-05-01,2003,2002,CVX,0.05,20,0.0,0.0
2003-06-02,2003,2002,MSFT,0.05,20,0.046249,2.3124
2003-06-02,2003,2002,XOM,0.05,20,0.0,0.0
2003-06-02,2003,2002,WMT,0.05,20,0.0,0.0
2003-06-02,2003,2002,C,0.05,20,0.0,0.0
2003-06-02,2003,2002,PFE,0.05,20,0.0,0.0
2003-06-02,2003,2002,JNJ,0.05,20,0.0,0.0
2003-06-02,2003,2002,GE,0.05,20,0.0,0.0
2003-06-02,2003,2002,IBM,0.05,20,0.0,0.0
2003-06-02,2003,2002,AIG,0.05,20,0.0,0.0
2003-06-02,2003,2002,MRK,0.05,20,0.0,0.0
2003-06-02,2003,2002,PG,0.05,20,0.0,0.0
2003-06-02,2003,2002,KO,0.05,20,0.0,0.0
2003-06-02,2003,2002,VZ,0.05,20,0.0,0.0
2003-06-02,2003,2002,BAC,0.05,20,0.0,0.0
2003-06-02,2003,2002,INTC,0.05,20,0.0,0.0
2003-06-02,2003,2002,CSCO,0.05,20,0.0,0.0
2003-06-02,2003,2002,WFC,0.05,20,0.0,0.0
2003-06-02,2003,2002,PEP,0.05,20,0.0,0.0
2003-06-02,2003,2002,LLY,0.05,20,0.0,0.0
2003-06-02,2003,2002,CVX,0.05,20,0.0,0.0
2003-07-01,2003,2002,MSFT,0.05,20,0.03874,1.937
2003-07-01,2003,2002,XOM,0.05,20,0.0,0.0
2003-07-01,2003,2002,WMT,0.05,20,0.0,0.0
2003-07-01,2003,2002,C,0.05,20,0.0,0.0
2003-07-01,2003,2002,PFE,0.05,20,0.0,0.0
2003-07-01,2003,2002,JNJ,0.05,20,0.0,0.0
2003-07-01,2003,2002,GE,0.05,20,0.0,0.0
2003-07-01,2003,2002,IBM,0.05,20,0.0,0.0
2003-07-01,2003,2002,AIG,0.05,20,0.0,0.0
2003-07-01,2003,2002,MRK,0.05,20,0.0,0.0
2003-07-01,2003,2002,PG,0.05,20,0.0,0.0
2003-07-01,2003,2002,KO,0.05,20,0.0,0.0
2003-07-01,2003,2002,VZ,0.05,20,0.0,0.0
2003-07-01,2003,2002,BAC,0.05,20,0.0,0.0
2003-07-01,2003,2002,INTC,0.05,20,0.0,0.0
2003-07-01,2003,2002,CSCO,0.05,20,0.0,0.0
2003-07-01,2003,2002,WFC,0.05,20,0.0,0.0
2003-07-01,2003,2002,PEP,0.05,20,0.0,0.0
2003-07-01,2003,2002,LLY,0.05,20,0.0,0.0
2003-07-01,2003,2002,CVX,0.05,20,0.0,0.0
2003-08-01,2003,2002,MSFT,0.05,20,0.055719,2.7859
2003-08-01,2003,2002,XOM,0.05,20,0.0,0.0
2003-08-01,2003,2002,WMT,0.05,20,0.0,0.0
2003-08-01,2003,2002,C,0.05,20,0.0,0.0
2003-08-01,2003,2002,PFE,0.05,20,0.0,0.0
2003-08-01,2003,2002,JNJ,0.05,20,0.0,0.0
2003-08-01,2003,2002,GE,0.05,20,0.0,0.0
2003-08-01,2003,2002,IBM,0.05,20,0.0,0.0
2003-08-01,2003,2002,AIG,0.05,20,0.0,0.0
2003-08-01,2003,2002,MRK,0.05,20,0.0,0.0
2003-08-01,2003,2002,PG,0.05,20,0.0,0.0
2003-08-01,2003,2002,KO,0.05,20,0.0,0.0
2003-08-01,2003,2002,VZ,0.05,20,0.0,0.0
2003-08-01,2003,2002,BAC,0.05,20,0.0,0.0
2003-08-01,2003,2002,INTC,0.05,20,0.0,0.0
2003-08-01,2003,2002,CSCO,0.05,20,0.0,0.0
2003-08-01,2003,2002,WFC,0.05,20,0.0,0.0
2003-08-01,2003,2002,PEP,0.05,20,0.0,0.0
2003-08-01,2003,2002,LLY,0.05,20,0.0,0.0
2003-08-01,2003,2002,CVX,0.05,20,0.0,0.0
2003-09-02,2003,2002,MSFT,0.05,20,0.039419,1.971
2003-09-02,2003,2002,XOM,0.05,20,0.0,0.0
2003-09-02,2003,2002,WMT,0.05,20,0.0,0.0
2003-09-02,2003,2002,C,0.05,20,0.0,0.0
2003-09-02,2003,2002,PFE,0.05,20,0.0,0.0
2003-09-02,2003,2002,JNJ,0.05,20,0.0,0.0
2003-09-02,2003,2002,GE,0.05,20,0.0,0.0
2003-09-02,2003,2002,IBM,0.05,20,0.0,0.0
2003-09-02,2003,2002,AIG,0.05,20,0.0,0.0
2003-09-02,2003,2002,MRK,0.05,20,0.0,0.0
2003-09-02,2003,2002,PG,0.05,20,0.0,0.0
2003-09-02,2003,2002,KO,0.05,20,0.0,0.0
2003-09-02,2003,2002,VZ,0.05,20,0.0,0.0
2003-09-02,2003,2002,BAC,0.05,20,0.0,0.0
2003-09-02,2003,2002,INTC,0.05,20,0.0,0.0
2003-09-02,2003,2002,CSCO,0.05,20,0.0,0.0
2003-09-02,2003,2002,WFC,0.05,20,0.0,0.0
2003-09-02,2003,2002,PEP,0.05,20,0.0,0.0
2003-09-02,2003,2002,LLY,0.05,20,0.0,0.0
2003-09-02,2003,2002,CVX,0.05,20,0.0,0.0
2003-10-01,2003,2002,MSFT,0.05,20,0.037049,1.8524
2003-10-01,2003,2002,XOM,0.05,20,0.0,0.0
2003-10-01,2003,2002,WMT,0.05,20,0.0,0.0
2003-10-01,2003,2002,C,0.05,20,0.0,0.0
2003-10-01,2003,2002,PFE,0.05,20,0.0,0.0
2003-10-01,2003,2002,JNJ,0.05,20,0.0,0.0
2003-10-01,2003,2002,GE,0.05,20,0.0,0.0
2003-10-01,2003,2002,IBM,0.05,20,0.0,0.0
2003-10-01,2003,2002,AIG,0.05,20,0.0,0.0
2003-10-01,2003,2002,MRK,0.05,20,0.0,0.0
2003-10-01,2003,2002,PG,0.05,20,0.0,0.0
2003-10-01,2003,2002,KO,0.05,20,0.0,0.0
2003-10-01,2003,2002,VZ,0.05,20,0.0,0.0
2003-10-01,2003,2002,BAC,0.05,20,0.0,0.0
2003-10-01,2003,2002,INTC,0.05,20,0.0,0.0
2003-10-01,2003,2002,CSCO,0.05,20,0.0,0.0
2003-10-01,2003,2002,WFC,0.05,20,0.0,0.0
2003-10-01,2003,2002,PEP,0.05,20,0.0,0.0
2003-10-01,2003,2002,LLY,0.05,20,0.0,0.0
2003-10-01,2003,2002,CVX,0.05,20,0.0,0.0
2003-11-03,2003,2002,MSFT,0.05,20,0.045306,2.2653
2003-11-03,2003,2002,XOM,0.05,20,0.0,0.0
2003-11-03,2003,2002,WMT,0.05,20,0.0,0.0
2003-11-03,2003,2002,C,0.05,20,0.0,0.0
2003-11-03,2003,2002,PFE,0.05,20,0.0,0.0
2003-11-03,2003,2002,JNJ,0.05,20,0.0,0.0
2003-11-03,2003,2002,GE,0.05,20,0.0,0.0
2003-11-03,2003,2002,IBM,0.05,20,0.0,0.0
2003-11-03,2003,2002,AIG,0.05,20,0.0,0.0
2003-11-03,2003,2002,MRK,0.05,20,0.0,0.0
2003-11-03,2003,2002,PG,0.05,20,0.0,0.0
2003-11-03,2003,2002,KO,0.05,20,0.0,0.0
2003-11-03,2003,2002,VZ,0.05,20,0.0,0.0
2003-11-03,2003,2002,BAC,0.05,20,0.0,0.0
2003-11-03,2003,2002,INTC,0.05,20,0.0,0.0
2003-11-03,2003,2002,CSCO,0.05,20,0.0,0.0
2003-11-03,2003,2002,WFC,0.05,20,0.0,0.0
2003-11-03,2003,2002,PEP,0.05,20,0.0,0.0
2003-11-03,2003,2002,LLY,0.05,20,0.0,0.0
2003-11-03,2003,2002,CVX,0.05,20,0.0,0.0
2003-12-01,2003,2002,MSFT,0.05,20,0.028517,1.4258
2003-12-01,2003,2002,XOM,0.05,20,0.0,0.0
2003-12-01,2003,2002,WMT,0.05,20,0.0,0.0
2003-12-01,2003,2002,C,0.05,20,0.0,0.0
2003-12-01,2003,2002,PFE,0.05,20,0.0,0.0
2003-12-01,2003,2002,JNJ,0.05,20,0.0,0.0
2003-12-01,2003,2002,GE,0.05,20,0.0,0.0
2003-12-01,2003,2002,IBM,0.05,20,0.0,0.0
2003-12-01,2003,2002,AIG,0.05,20,0.0,0.0
2003-12-01,2003,2002,MRK,0.05,20,0.0,0.0
2003-12-01,2003,2002,PG,0.05,20,0.0,0.0
2003-12-01,2003,2002,KO,0.05,20,0.0,0.0
2003-12-01,2003,2002,VZ,0.05,20,0.0,0.0
2003-12-01,2003,2002,BAC,0.05,20,0.0,0.0
2003-12-01,2003,2002,INTC,0.05,20,0.0,0.0
2003-12-01,2003,2002,CSCO,0.05,20,0.0,0.0
2003-12-01,2003,2002,WFC,0.05,20,0.0,0.0
2003-12-01,2003,2002,PEP,0.05,20,0.0,0.0
2003-12-01,2003,2002,LLY,0.05,20,0.0,0.0
2003-12-01,2003,2002,CVX,0.05,20,0.0,0.0
2004-01-02,2004,2003,MSFT,0.05,20,0.231357,11.5678
2004-01-02,2004,2003,XOM,0.05,20,0.0,0.0
2004-01-02,2004,2003,PFE,0.05,20,0.0,0.0
2004-01-02,2004,2003,C,0.05,20,0.0,0.0
2004-01-02,2004,2003,WMT,0.05,20,0.0,0.0
2004-01-02,2004,2003,INTC,0.05,20,0.0,0.0
2004-01-02,2004,2003,GE,0.05,20,0.0,0.0
2004-01-02,2004,2003,CSCO,0.05,20,0.0,0.0
2004-01-02,2004,2003,JNJ,0.05,20,0.0,0.0
2004-01-02,2004,2003,IBM,0.05,20,0.0,0.0
2004-01-02,2004,2003,AIG,0.05,20,0.0,0.0
2004-01-02,2004,2003,PG,0.05,20,0.0,0.0
2004-01-02,2004,2003,KO,0.05,20,0.0,0.0
2004-01-02,2004,2003,BAC,0.05,20,0.0,0.0
2004-01-02,2004,2003,WFC,0.05,20,0.0,0.0
2004-01-02,2004,2003,MRK,0.05,20,0.0,0.0
2004-01-02,2004,2003,VZ,0.05,20,0.0,0.0
2004-01-02,2004,2003,CVX,0.05,20,0.0,0.0
2004-01-02,2004,2003,UPS,0.05,20,0.0,0.0
2004-01-02,2004,2003,HD,0.05,20,0.0,0.0
2004-02-02,2004,2003,MSFT,0.05,20,0.02896,1.448
2004-02-02,2004,2003,XOM,0.05,20,0.0,0.0
2004-02-02,2004,2003,PFE,0.05,20,0.0,0.0
2004-02-02,2004,2003,C,0.05,20,0.0,0.0
2004-02-02,2004,2003,WMT,0.05,20,0.0,0.0
2004-02-02,2004,2003,INTC,0.05,20,0.0,0.0
2004-02-02,2004,2003,GE,0.05,20,0.0,0.0
2004-02-02,2004,2003,CSCO,0.05,20,0.0,0.0
2004-02-02,2004,2003,JNJ,0.05,20,0.0,0.0
2004-02-02,2004,2003,IBM,0.05,20,0.0,0.0
2004-02-02,2004,2003,AIG,0.05,20,0.0,0.0
2004-02-02,2004,2003,PG,0.05,20,0.0,0.0
2004-02-02,2004,2003,KO,0.05,20,0.0,0.0
2004-02-02,2004,2003,BAC,0.05,20,0.0,0.0
2004-02-02,2004,2003,WFC,0.05,20,0.0,0.0
2004-02-02,2004,2003,MRK,0.05,20,0.0,0.0
2004-02-02,2004,2003,VZ,0.05,20,0.0,0.0
2004-02-02,2004,2003,CVX,0.05,20,0.0,0.0
2004-02-02,2004,2003,UPS,0.05,20,0.0,0.0
2004-02-02,2004,2003,HD,0.05,20,0.0,0.0
2004-03-01,2004,2003,MSFT,0.05,20,0.028901,1.4451
2004-03-01,2004,2003,XOM,0.05,20,0.0,0.0
2004-03-01,2004,2003,PFE,0.05,20,0.0,0.0
2004-03-01,2004,2003,C,0.05,20,0.0,0.0
2004-03-01,2004,2003,WMT,0.05,20,0.0,0.0
2004-03-01,2004,2003,INTC,0.05,20,0.0,0.0
2004-03-01,2004,2003,GE,0.05,20,0.0,0.0
2004-03-01,2004,2003,CSCO,0.05,20,0.0,0.0
2004-03-01,2004,2003,JNJ,0.05,20,0.0,0.0
2004-03-01,2004,2003,IBM,0.05,20,0.0,0.0
2004-03-01,2004,2003,AIG,0.05,20,0.0,0.0
2004-03-01,2004,2003,PG,0.05,20,0.0,0.0
2004-03-01,2004,2003,KO,0.05,20,0.0,0.0
2004-03-01,2004,2003,BAC,0.05,20,0.0,0.0
2004-03-01,2004,2003,WFC,0.05,20,0.0,0.0
2004-03-01,2004,2003,MRK,0.05,20,0.0,0.0
2004-03-01,2004,2003,VZ,0.05,20,0.0,0.0
2004-03-01,2004,2003,CVX,0.05,20,0.0,0.0
2004-03-01,2004,2003,UPS,0.05,20,0.0,0.0
2004-03-01,2004,2003,HD,0.05,20,0.0,0.0
2004-04-01,2004,2003,MSFT,0.05,20,0.03121,1.5605
2004-04-01,2004,2003,XOM,0.05,20,0.0,0.0
2004-04-01,2004,2003,PFE,0.05,20,0.0,0.0
2004-04-01,2004,2003,C,0.05,20,0.0,0.0
2004-04-01,2004,2003,WMT,0.05,20,0.0,0.0
2004-04-01,2004,2003,INTC,0.05,20,0.0,0.0
2004-04-01,2004,2003,GE,0.05,20,0.0,0.0
2004-04-01,2004,2003,CSCO,0.05,20,0.0,0.0
2004-04-01,2004,2003,JNJ,0.05,20,0.0,0.0
2004-04-01,2004,2003,IBM,0.05,20,0.0,0.0
2004-04-01,2004,2003,AIG,0.05,20,0.0,0.0
2004-04-01,2004,2003,PG,0.05,20,0.0,0.0
2004-04-01,2004,2003,KO,0.05,20,0.0,0.0
2004-04-01,2004,2003,BAC,0.05,20,0.0,0.0
2004-04-01,2004,2003,WFC,0.05,20,0.0,0.0
2004-04-01,2004,2003,MRK,0.05,20,0.0,0.0
2004-04-01,2004,2003,VZ,0.05,20,0.0,0.0
2004-04-01,2004,2003,CVX,0.05,20,0.0,0.0
2004-04-01,2004,2003,UPS,0.05,20,0.0,0.0
2004-04-01,2004,2003,HD,0.05,20,0.0,0.0
2004-05-03,2004,2003,MSFT,0.05,20,0.037171,1.8586
2004-05-03,2004,2003,XOM,0.05,20,0.0,0.0
2004-05-03,2004,2003,PFE,0.05,20,0.0,0.0
2004-05-03,2004,2003,C,0.05,20,0.0,0.0
2004-05-03,2004,2003,WMT,0.05,20,0.0,0.0
2004-05-03,2004,2003,INTC,0.05,20,0.0,0.0
2004-05-03,2004,2003,GE,0.05,20,0.0,0.0
2004-05-03,2004,2003,CSCO,0.05,20,0.0,0.0
2004-05-03,2004,2003,JNJ,0.05,20,0.0,0.0
2004-05-03,2004,2003,IBM,0.05,20,0.0,0.0
2004-05-03,2004,2003,AIG,0.05,20,0.0,0.0
2004-05-03,2004,2003,PG,0.05,20,0.0,0.0
2004-05-03,2004,2003,KO,0.05,20,0.0,0.0
2004-05-03,2004,2003,BAC,0.05,20,0.0,0.0
2004-05-03,2004,2003,WFC,0.05,20,0.0,0.0
2004-05-03,2004,2003,MRK,0.05,20,0.0,0.0
2004-05-03,2004,2003,VZ,0.05,20,0.0,0.0
2004-05-03,2004,2003,CVX,0.05,20,0.0,0.0
2004-05-03,2004,2003,UPS,0.05,20,0.0,0.0
2004-05-03,2004,2003,HD,0.05,20,0.0,0.0
2004-06-01,2004,2003,MSFT,0.05,20,0.02632,1.316
2004-06-01,2004,2003,XOM,0.05,20,0.0,0.0
2004-06-01,2004,2003,PFE,0.05,20,0.0,0.0
2004-06-01,2004,2003,C,0.05,20,0.0,0.0
2004-06-01,2004,2003,WMT,0.05,20,0.0,0.0
2004-06-01,2004,2003,INTC,0.05,20,0.0,0.0
2004-06-01,2004,2003,GE,0.05,20,0.0,0.0
2004-06-01,2004,2003,CSCO,0.05,20,0.0,0.0
2004-06-01,2004,2003,JNJ,0.05,20,0.0,0.0
2004-06-01,2004,2003,IBM,0.05,20,0.0,0.0
2004-06-01,2004,2003,AIG,0.05,20,0.0,0.0
2004-06-01,2004,2003,PG,0.05,20,0.0,0.0
2004-06-01,2004,2003,KO,0.05,20,0.0,0.0
2004-06-01,2004,2003,BAC,0.05,20,0.0,0.0
2004-06-01,2004,2003,WFC,0.05,20,0.0,0.0
2004-06-01,2004,2003,MRK,0.05,20,0.0,0.0
2004-06-01,2004,2003,VZ,0.05,20,0.0,0.0
2004-06-01,2004,2003,CVX,0.05,20,0.0,0.0
2004-06-01,2004,2003,UPS,0.05,20,0.0,0.0
2004-06-01,2004,2003,HD,0.05,20,0.0,0.0
2004-07-01,2004,2003,MSFT,0.05,20,0.030503,1.5251
2004-07-01,2004,2003,XOM,0.05,20,0.0,0.0
2004-07-01,2004,2003,PFE,0.05,20,0.0,0.0
2004-07-01,2004,2003,C,0.05,20,0.0,0.0
2004-07-01,2004,2003,WMT,0.05,20,0.0,0.0
2004-07-01,2004,2003,INTC,0.05,20,0.0,0.0
2004-07-01,2004,2003,GE,0.05,20,0.0,0.0
2004-07-01,2004,2003,CSCO,0.05,20,0.0,0.0
2004-07-01,2004,2003,JNJ,0.05,20,0.0,0.0
2004-07-01,2004,2003,IBM,0.05,20,0.0,0.0
2004-07-01,2004,2003,AIG,0.05,20,0.0,0.0
2004-07-01,2004,2003,PG,0.05,20,0.0,0.0
2004-07-01,2004,2003,KO,0.05,20,0.0,0.0
2004-07-01,2004,2003,BAC,0.05,20,0.0,0.0
2004-07-01,2004,2003,WFC,0.05,20,0.0,0.0
2004-07-01,2004,2003,MRK,0.05,20,0.0,0.0
2004-07-01,2004,2003,VZ,0.05,20,0.0,0.0
2004-07-01,2004,2003,CVX,0.05,20,0.0,0.0
2004-07-01,2004,2003,UPS,0.05,20,0.0,0.0
2004-07-01,2004,2003,HD,0.05,20,0.0,0.0
2004-08-02,2004,2003,MSFT,0.05,20,0.043118,2.1559
2004-08-02,2004,2003,XOM,0.05,20,0.0,0.0
2004-08-02,2004,2003,PFE,0.05,20,0.0,0.0
2004-08-02,2004,2003,C,0.05,20,0.0,0.0
2004-08-02,2004,2003,WMT,0.05,20,0.0,0.0
2004-08-02,2004,2003,INTC,0.05,20,0.0,0.0
2004-08-02,2004,2003,GE,0.05,20,0.0,0.0
2004-08-02,2004,2003,CSCO,0.05,20,0.0,0.0
2004-08-02,2004,2003,JNJ,0.05,20,0.0,0.0
2004-08-02,2004,2003,IBM,0.05,20,0.0,0.0
2004-08-02,2004,2003,AIG,0.05,20,0.0,0.0
2004-08-02,2004,2003,PG,0.05,20,0.0,0.0
2004-08-02,2004,2003,KO,0.05,20,0.0,0.0
2004-08-02,2004,2003,BAC,0.05,20,0.0,0.0
2004-08-02,2004,2003,WFC,0.05,20,0.0,0.0
2004-08-02,2004,2003,MRK,0.05,20,0.0,0.0
2004-08-02,2004,2003,VZ,0.05,20,0.0,0.0
2004-08-02,2004,2003,CVX,0.05,20,0.0,0.0
2004-08-02,2004,2003,UPS,0.05,20,0.0,0.0
2004-08-02,2004,2003,HD,0.05,20,0.0,0.0
2004-09-01,2004,2003,MSFT,0.05,20,0.038091,1.9045
2004-09-01,2004,2003,XOM,0.05,20,0.0,0.0
2004-09-01,2004,2003,PFE,0.05,20,0.0,0.0
2004-09-01,2004,2003,C,0.05,20,0.0,0.0
2004-09-01,2004,2003,WMT,0.05,20,0.0,0.0
2004-09-01,2004,2003,INTC,0.05,20,0.0,0.0
2004-09-01,2004,2003,GE,0.05,20,0.0,0.0
2004-09-01,2004,2003,CSCO,0.05,20,0.0,0.0
2004-09-01,2004,2003,JNJ,0.05,20,0.0,0.0
2004-09-01,2004,2003,IBM,0.05,20,0.0,0.0
2004-09-01,2004,2003,AIG,0.05,20,0.0,0.0
2004-09-01,2004,2003,PG,0.05,20,0.0,0.0
2004-09-01,2004,2003,KO,0.05,20,0.0,0.0
2004-09-01,2004,2003,BAC,0.05,20,0.0,0.0
2004-09-01,2004,2003,WFC,0.05,20,0.0,0.0
2004-09-01,2004,2003,MRK,0.05,20,0.0,0.0
2004-09-01,2004,2003,VZ,0.05,20,0.0,0.0
2004-09-01,2004,2003,CVX,0.05,20,0.0,0.0
2004-09-01,2004,2003,UPS,0.05,20,0.0,0.0
2004-09-01,2004,2003,HD,0.05,20,0.0,0.0
2004-10-01,2004,2003,MSFT,0.05,20,0.053309,2.6654
2004-10-01,2004,2003,XOM,0.05,20,0.0,0.0
2004-10-01,2004,2003,PFE,0.05,20,0.0,0.0
2004-10-01,2004,2003,C,0.05,20,0.0,0.0
2004-10-01,2004,2003,WMT,0.05,20,0.0,0.0
2004-10-01,2004,2003,INTC,0.05,20,0.0,0.0
2004-10-01,2004,2003,GE,0.05,20,0.0,0.0
2004-10-01,2004,2003,CSCO,0.05,20,0.0,0.0
2004-10-01,2004,2003,JNJ,0.05,20,0.0,0.0
2004-10-01,2004,2003,IBM,0.05,20,0.0,0.0
2004-10-01,2004,2003,AIG,0.05,20,0.0,0.0
2004-10-01,2004,2003,PG,0.05,20,0.0,0.0
2004-10-01,2004,2003,KO,0.05,20,0.0,0.0
2004-10-01,2004,2003,BAC,0.05,20,0.0,0.0
2004-10-01,2004,2003,WFC,0.05,20,0.0,0.0
2004-10-01,2004,2003,MRK,0.05,20,0.0,0.0
2004-10-01,2004,2003,VZ,0.05,20,0.0,0.0
2004-10-01,2004,2003,CVX,0.05,20,0.0,0.0
2004-10-01,2004,2003,UPS,0.05,20,0.0,0.0
2004-10-01,2004,2003,HD,0.05,20,0.0,0.0
2004-11-01,2004,2003,MSFT,0.05,20,0.033554,1.6777
2004-11-01,2004,2003,XOM,0.05,20,0.0,0.0
2004-11-01,2004,2003,PFE,0.05,20,0.0,0.0
2004-11-01,2004,2003,C,0.05,20,0.0,0.0
2004-11-01,2004,2003,WMT,0.05,20,0.0,0.0
2004-11-01,2004,2003,INTC,0.05,20,0.0,0.0
2004-11-01,2004,2003,GE,0.05,20,0.0,0.0
2004-11-01,2004,2003,CSCO,0.05,20,0.0,0.0
2004-11-01,2004,2003,JNJ,0.05,20,0.0,0.0
2004-11-01,2004,2003,IBM,0.05,20,0.0,0.0
2004-11-01,2004,2003,AIG,0.05,20,0.0,0.0
2004-11-01,2004,2003,PG,0.05,20,0.0,0.0
2004-11-01,2004,2003,KO,0.05,20,0.0,0.0
2004-11-01,2004,2003,BAC,0.05,20,0.0,0.0
2004-11-01,2004,2003,WFC,0.05,20,0.0,0.0
2004-11-01,2004,2003,MRK,0.05,20,0.0,0.0
2004-11-01,2004,2003,VZ,0.05,20,0.0,0.0
2004-11-01,2004,2003,CVX,0.05,20,0.0,0.0
2004-11-01,2004,2003,UPS,0.05,20,0.0,0.0
2004-11-01,2004,2003,HD,0.05,20,0.0,0.0
2004-12-01,2004,2003,MSFT,0.05,20,0.033413,1.6706
2004-12-01,2004,2003,XOM,0.05,20,0.0,0.0
2004-12-01,2004,2003,PFE,0.05,20,0.0,0.0
2004-12-01,2004,2003,C,0.05,20,0.0,0.0
2004-12-01,2004,2003,WMT,0.05,20,0.0,0.0
2004-12-01,2004,2003,INTC,0.05,20,0.0,0.0
2004-12-01,2004,2003,GE,0.05,20,0.0,0.0
2004-12-01,2004,2003,CSCO,0.05,20,0.0,0.0
2004-12-01,2004,2003,JNJ,0.05,20,0.0,0.0
2004-12-01,2004,2003,IBM,0.05,20,0.0,0.0
2004-12-01,2004,2003,AIG,0.05,20,0.0,0.0
2004-12-01,2004,2003,PG,0.05,20,0.0,0.0
2004-12-01,2004,2003,KO,0.05,20,0.0,0.0
2004-12-01,2004,2003,BAC,0.05,20,0.0,0.0
2004-12-01,2004,2003,WFC,0.05,20,0.0,0.0
2004-12-01,2004,2003,MRK,0.05,20,0.0,0.0
2004-12-01,2004,2003,VZ,0.05,20,0.0,0.0
2004-12-01,2004,2003,CVX,0.05,20,0.0,0.0
2004-12-01,2004,2003,UPS,0.05,20,0.0,0.0
2004-12-01,2004,2003,HD,0.05,20,0.0,0.0
2005-01-03,2005,2004,XOM,0.05,20,0.128209,6.4105
2005-01-03,2005,2004,MSFT,0.05,20,0.0,0.0
2005-01-03,2005,2004,C,0.05,20,0.0,0.0
2005-01-03,2005,2004,GE,0.05,20,0.0,0.0
2005-01-03,2005,2004,WMT,0.05,20,0.0,0.0
2005-01-03,2005,2004,BAC,0.05,20,0.0,0.0
2005-01-03,2005,2004,PFE,0.05,20,0.0,0.0
2005-01-03,2005,2004,JNJ,0.05,20,0.0,0.0
2005-01-03,2005,2004,IBM,0.05,20,0.0,0.0
2005-01-03,2005,2004,INTC,0.05,20,0.0,0.0
2005-01-03,2005,2004,AIG,0.05,20,0.0,0.0
2005-01-03,2005,2004,PG,0.05,20,0.0,0.0
2005-01-03,2005,2004,JPM,0.05,20,0.0,0.0
2005-01-03,2005,2004,CSCO,0.05,20,0.0,0.0
2005-01-03,2005,2004,VZ,0.05,20,0.0,0.0
2005-01-03,2005,2004,CVX,0.05,20,0.0,0.0
2005-01-03,2005,2004,WFC,0.05,20,0.0,0.0
2005-01-03,2005,2004,KO,0.05,20,0.0,0.0
2005-01-03,2005,2004,UPS,0.05,20,0.0,0.0
2005-01-03,2005,2004,HD,0.05,20,0.0,0.0
2005-02-01,2005,2004,XOM,0.05,20,0.035027,1.7513
2005-02-01,2005,2004,MSFT,0.05,20,0.0,0.0
2005-02-01,2005,2004,C,0.05,20,0.0,0.0
2005-02-01,2005,2004,GE,0.05,20,0.0,0.0
2005-02-01,2005,2004,WMT,0.05,20,0.0,0.0
2005-02-01,2005,2004,BAC,0.05,20,0.0,0.0
2005-02-01,2005,2004,PFE,0.05,20,0.0,0.0
2005-02-01,2005,2004,JNJ,0.05,20,0.0,0.0
2005-02-01,2005,2004,IBM,0.05,20,0.0,0.0
2005-02-01,2005,2004,INTC,0.05,20,0.0,0.0
2005-02-01,2005,2004,AIG,0.05,20,0.0,0.0
2005-02-01,2005,2004,PG,0.05,20,0.0,0.0
2005-02-01,2005,2004,JPM,0.05,20,0.0,0.0
2005-02-01,2005,2004,CSCO,0.05,20,0.0,0.0
2005-02-01,2005,2004,VZ,0.05,20,0.0,0.0
2005-02-01,2005,2004,CVX,0.05,20,0.0,0.0
2005-02-01,2005,2004,WFC,0.05,20,0.0,0.0
2005-02-01,2005,2004,KO,0.05,20,0.0,0.0
2005-02-01,2005,2004,UPS,0.05,20,0.0,0.0
2005-02-01,2005,2004,HD,0.05,20,0.0,0.0
2005-03-01,2005,2004,XOM,0.05,20,0.047681,2.384
2005-03-01,2005,2004,MSFT,0.05,20,0.0,0.0
2005-03-01,2005,2004,C,0.05,20,0.0,0.0
2005-03-01,2005,2004,GE,0.05,20,0.0,0.0
2005-03-01,2005,2004,WMT,0.05,20,0.0,0.0
2005-03-01,2005,2004,BAC,0.05,20,0.0,0.0
2005-03-01,2005,2004,PFE,0.05,20,0.0,0.0
2005-03-01,2005,2004,JNJ,0.05,20,0.0,0.0
2005-03-01,2005,2004,IBM,0.05,20,0.0,0.0
2005-03-01,2005,2004,INTC,0.05,20,0.0,0.0
2005-03-01,2005,2004,AIG,0.05,20,0.0,0.0
2005-03-01,2005,2004,PG,0.05,20,0.0,0.0
2005-03-01,2005,2004,JPM,0.05,20,0.0,0.0
2005-03-01,2005,2004,CSCO,0.05,20,0.0,0.0
2005-03-01,2005,2004,VZ,0.05,20,0.0,0.0
2005-03-01,2005,2004,CVX,0.05,20,0.0,0.0
2005-03-01,2005,2004,WFC,0.05,20,0.0,0.0
2005-03-01,2005,2004,KO,0.05,20,0.0,0.0
2005-03-01,2005,2004,UPS,0.05,20,0.0,0.0
2005-03-01,2005,2004,HD,0.05,20,0.0,0.0
2005-04-01,2005,2004,XOM,0.05,20,0.032359,1.618
2005-04-01,2005,2004,MSFT,0.05,20,0.0,0.0
2005-04-01,2005,2004,C,0.05,20,0.0,0.0
2005-04-01,2005,2004,GE,0.05,20,0.0,0.0
2005-04-01,2005,2004,WMT,0.05,20,0.0,0.0
2005-04-01,2005,2004,BAC,0.05,20,0.0,0.0
2005-04-01,2005,2004,PFE,0.05,20,0.0,0.0
2005-04-01,2005,2004,JNJ,0.05,20,0.0,0.0
2005-04-01,2005,2004,IBM,0.05,20,0.0,0.0
2005-04-01,2005,2004,INTC,0.05,20,0.0,0.0
2005-04-01,2005,2004,AIG,0.05,20,0.0,0.0
2005-04-01,2005,2004,PG,0.05,20,0.0,0.0
2005-04-01,2005,2004,JPM,0.05,20,0.0,0.0
2005-04-01,2005,2004,CSCO,0.05,20,0.0,0.0
2005-04-01,2005,2004,VZ,0.05,20,0.0,0.0
2005-04-01,2005,2004,CVX,0.05,20,0.0,0.0
2005-04-01,2005,2004,WFC,0.05,20,0.0,0.0
2005-04-01,2005,2004,KO,0.05,20,0.0,0.0
2005-04-01,2005,2004,UPS,0.05,20,0.0,0.0
2005-04-01,2005,2004,HD,0.05,20,0.0,0.0
2005-05-02,2005,2004,XOM,0.05,20,0.048755,2.4378
2005-05-02,2005,2004,MSFT,0.05,20,0.0,0.0
2005-05-02,2005,2004,C,0.05,20,0.0,0.0
2005-05-02,2005,2004,GE,0.05,20,0.0,0.0
2005-05-02,2005,2004,WMT,0.05,20,0.0,0.0
2005-05-02,2005,2004,BAC,0.05,20,0.0,0.0
2005-05-02,2005,2004,PFE,0.05,20,0.0,0.0
2005-05-02,2005,2004,JNJ,0.05,20,0.0,0.0
2005-05-02,2005,2004,IBM,0.05,20,0.0,0.0
2005-05-02,2005,2004,INTC,0.05,20,0.0,0.0
2005-05-02,2005,2004,AIG,0.05,20,0.0,0.0
2005-05-02,2005,2004,PG,0.05,20,0.0,0.0
2005-05-02,2005,2004,JPM,0.05,20,0.0,0.0
2005-05-02,2005,2004,CSCO,0.05,20,0.0,0.0
2005-05-02,2005,2004,VZ,0.05,20,0.0,0.0
2005-05-02,2005,2004,CVX,0.05,20,0.0,0.0
2005-05-02,2005,2004,WFC,0.05,20,0.0,0.0
2005-05-02,2005,2004,KO,0.05,20,0.0,0.0
2005-05-02,2005,2004,UPS,0.05,20,0.0,0.0
2005-05-02,2005,2004,HD,0.05,20,0.0,0.0
2005-06-01,2005,2004,XOM,0.05,20,0.03428,1.714
2005-06-01,2005,2004,MSFT,0.05,20,0.0,0.0
2005-06-01,2005,2004,C,0.05,20,0.0,0.0
2005-06-01,2005,2004,GE,0.05,20,0.0,0.0
2005-06-01,2005,2004,WMT,0.05,20,0.0,0.0
2005-06-01,2005,2004,BAC,0.05,20,0.0,0.0
2005-06-01,2005,2004,PFE,0.05,20,0.0,0.0
2005-06-01,2005,2004,JNJ,0.05,20,0.0,0.0
2005-06-01,2005,2004,IBM,0.05,20,0.0,0.0
2005-06-01,2005,2004,INTC,0.05,20,0.0,0.0
2005-06-01,2005,2004,AIG,0.05,20,0.0,0.0
2005-06-01,2005,2004,PG,0.05,20,0.0,0.0
2005-06-01,2005,2004,JPM,0.05,20,0.0,0.0
2005-06-01,2005,2004,CSCO,0.05,20,0.0,0.0
2005-06-01,2005,2004,VZ,0.05,20,0.0,0.0
2005-06-01,2005,2004,CVX,0.05,20,0.0,0.0
2005-06-01,2005,2004,WFC,0.05,20,0.0,0.0
2005-06-01,2005,2004,KO,0.05,20,0.0,0.0
2005-06-01,2005,2004,UPS,0.05,20,0.0,0.0
2005-06-01,2005,2004,HD,0.05,20,0.0,0.0
2005-07-01,2005,2004,XOM,0.05,20,0.023935,1.1968
2005-07-01,2005,2004,MSFT,0.05,20,0.0,0.0
2005-07-01,2005,2004,C,0.05,20,0.0,0.0
2005-07-01,2005,2004,GE,0.05,20,0.0,0.0
2005-07-01,2005,2004,WMT,0.05,20,0.0,0.0
2005-07-01,2005,2004,BAC,0.05,20,0.0,0.0
2005-07-01,2005,2004,PFE,0.05,20,0.0,0.0
2005-07-01,2005,2004,JNJ,0.05,20,0.0,0.0
2005-07-01,2005,2004,IBM,0.05,20,0.0,0.0
2005-07-01,2005,2004,INTC,0.05,20,0.0,0.0
2005-07-01,2005,2004,AIG,0.05,20,0.0,0.0
2005-07-01,2005,2004,PG,0.05,20,0.0,0.0
2005-07-01,2005,2004,JPM,0.05,20,0.0,0.0
2005-07-01,2005,2004,CSCO,0.05,20,0.0,0.0
2005-07-01,2005,2004,VZ,0.05,20,0.0,0.0
2005-07-01,2005,2004,CVX,0.05,20,0.0,0.0
2005-07-01,2005,2004,WFC,0.05,20,0.0,0.0
2005-07-01,2005,2004,KO,0.05,20,0.0,0.0
2005-07-01,2005,2004,UPS,0.05,20,0.0,0.0
2005-07-01,2005,2004,HD,0.05,20,0.0,0.0
2005-08-01,2005,2004,XOM,0.05,20,0.03433,1.7165
2005-08-01,2005,2004,MSFT,0.05,20,0.0,0.0
2005-08-01,2005,2004,C,0.05,20,0.0,0.0
2005-08-01,2005,2004,GE,0.05,20,0.0,0.0
2005-08-01,2005,2004,WMT,0.05,20,0.0,0.0
2005-08-01,2005,2004,BAC,0.05,20,0.0,0.0
2005-08-01,2005,2004,PFE,0.05,20,0.0,0.0
2005-08-01,2005,2004,JNJ,0.05,20,0.0,0.0
2005-08-01,2005,2004,IBM,0.05,20,0.0,0.0
2005-08-01,2005,2004,INTC,0.05,20,0.0,0.0
2005-08-01,2005,2004,AIG,0.05,20,0.0,0.0
2005-08-01,2005,2004,PG,0.05,20,0.0,0.0
2005-08-01,2005,2004,JPM,0.05,20,0.0,0.0
2005-08-01,2005,2004,CSCO,0.05,20,0.0,0.0
2005-08-01,2005,2004,VZ,0.05,20,0.0,0.0
2005-08-01,2005,2004,CVX,0.05,20,0.0,0.0
2005-08-01,2005,2004,WFC,0.05,20,0.0,0.0
2005-08-01,2005,2004,KO,0.05,20,0.0,0.0
2005-08-01,2005,2004,UPS,0.05,20,0.0,0.0
2005-08-01,2005,2004,HD,0.05,20,0.0,0.0
2005-09-01,2005,2004,XOM,0.05,20,0.031423,1.5711
2005-09-01,2005,2004,MSFT,0.05,20,0.0,0.0
2005-09-01,2005,2004,C,0.05,20,0.0,0.0
2005-09-01,2005,2004,GE,0.05,20,0.0,0.0
2005-09-01,2005,2004,WMT,0.05,20,0.0,0.0
2005-09-01,2005,2004,BAC,0.05,20,0.0,0.0
2005-09-01,2005,2004,PFE,0.05,20,0.0,0.0
2005-09-01,2005,2004,JNJ,0.05,20,0.0,0.0
2005-09-01,2005,2004,IBM,0.05,20,0.0,0.0
2005-09-01,2005,2004,INTC,0.05,20,0.0,0.0
2005-09-01,2005,2004,AIG,0.05,20,0.0,0.0
2005-09-01,2005,2004,PG,0.05,20,0.0,0.0
2005-09-01,2005,2004,JPM,0.05,20,0.0,0.0
2005-09-01,2005,2004,CSCO,0.05,20,0.0,0.0
2005-09-01,2005,2004,VZ,0.05,20,0.0,0.0
2005-09-01,2005,2004,CVX,0.05,20,0.0,0.0
2005-09-01,2005,2004,WFC,0.05,20,0.0,0.0
2005-09-01,2005,2004,KO,0.05,20,0.0,0.0
2005-09-01,2005,2004,UPS,0.05,20,0.0,0.0
2005-09-01,2005,2004,HD,0.05,20,0.0,0.0
2005-10-03,2005,2004,XOM,0.05,20,0.029367,1.4684
2005-10-03,2005,2004,MSFT,0.05,20,0.0,0.0
2005-10-03,2005,2004,C,0.05,20,0.0,0.0
2005-10-03,2005,2004,GE,0.05,20,0.0,0.0
2005-10-03,2005,2004,WMT,0.05,20,0.0,0.0
2005-10-03,2005,2004,BAC,0.05,20,0.0,0.0
2005-10-03,2005,2004,PFE,0.05,20,0.0,0.0
2005-10-03,2005,2004,JNJ,0.05,20,0.0,0.0
2005-10-03,2005,2004,IBM,0.05,20,0.0,0.0
2005-10-03,2005,2004,INTC,0.05,20,0.0,0.0
2005-10-03,2005,2004,AIG,0.05,20,0.0,0.0
2005-10-03,2005,2004,PG,0.05,20,0.0,0.0
2005-10-03,2005,2004,JPM,0.05,20,0.0,0.0
2005-10-03,2005,2004,CSCO,0.05,20,0.0,0.0
2005-10-03,2005,2004,VZ,0.05,20,0.0,0.0
2005-10-03,2005,2004,CVX,0.05,20,0.0,0.0
2005-10-03,2005,2004,WFC,0.05,20,0.0,0.0
2005-10-03,2005,2004,KO,0.05,20,0.0,0.0
2005-10-03,2005,2004,UPS,0.05,20,0.0,0.0
2005-10-03,2005,2004,HD,0.05,20,0.0,0.0
2005-11-01,2005,2004,XOM,0.05,20,0.049676,2.4838
2005-11-01,2005,2004,MSFT,0.05,20,0.0,0.0
2005-11-01,2005,2004,C,0.05,20,0.0,0.0
2005-11-01,2005,2004,GE,0.05,20,0.0,0.0
2005-11-01,2005,2004,WMT,0.05,20,0.0,0.0
2005-11-01,2005,2004,BAC,0.05,20,0.0,0.0
2005-11-01,2005,2004,PFE,0.05,20,0.0,0.0
2005-11-01,2005,2004,JNJ,0.05,20,0.0,0.0
2005-11-01,2005,2004,IBM,0.05,20,0.0,0.0
2005-11-01,2005,2004,INTC,0.05,20,0.0,0.0
2005-11-01,2005,2004,AIG,0.05,20,0.0,0.0
2005-11-01,2005,2004,PG,0.05,20,0.0,0.0
2005-11-01,2005,2004,JPM,0.05,20,0.0,0.0
2005-11-01,2005,2004,CSCO,0.05,20,0.0,0.0
2005-11-01,2005,2004,VZ,0.05,20,0.0,0.0
2005-11-01,2005,2004,CVX,0.05,20,0.0,0.0
2005-11-01,2005,2004,WFC,0.05,20,0.0,0.0
2005-11-01,2005,2004,KO,0.05,20,0.0,0.0
2005-11-01,2005,2004,UPS,0.05,20,0.0,0.0
2005-11-01,2005,2004,HD,0.05,20,0.0,0.0
2005-12-01,2005,2004,XOM,0.05,20,0.028208,1.4104
2005-12-01,2005,2004,MSFT,0.05,20,0.0,0.0
2005-12-01,2005,2004,C,0.05,20,0.0,0.0
2005-12-01,2005,2004,GE,0.05,20,0.0,0.0
2005-12-01,2005,2004,WMT,0.05,20,0.0,0.0
2005-12-01,2005,2004,BAC,0.05,20,0.0,0.0
2005-12-01,2005,2004,PFE,0.05,20,0.0,0.0
2005-12-01,2005,2004,JNJ,0.05,20,0.0,0.0
2005-12-01,2005,2004,IBM,0.05,20,0.0,0.0
2005-12-01,2005,2004,INTC,0.05,20,0.0,0.0
2005-12-01,2005,2004,AIG,0.05,20,0.0,0.0
2005-12-01,2005,2004,PG,0.05,20,0.0,0.0
2005-12-01,2005,2004,JPM,0.05,20,0.0,0.0
2005-12-01,2005,2004,CSCO,0.05,20,0.0,0.0
2005-12-01,2005,2004,VZ,0.05,20,0.0,0.0
2005-12-01,2005,2004,CVX,0.05,20,0.0,0.0
2005-12-01,2005,2004,WFC,0.05,20,0.0,0.0
2005-12-01,2005,2004,KO,0.05,20,0.0,0.0
2005-12-01,2005,2004,UPS,0.05,20,0.0,0.0
2005-12-01,2005,2004,HD,0.05,20,0.0,0.0
2006-01-03,2006,2005,XOM,0.05,20,0.224845,11.2423
2006-01-03,2006,2005,MSFT,0.05,20,0.0,0.0
2006-01-03,2006,2005,C,0.05,20,0.0,0.0
2006-01-03,2006,2005,GE,0.05,20,0.0,0.0
2006-01-03,2006,2005,WMT,0.05,20,0.0,0.0
2006-01-03,2006,2005,BAC,0.05,20,0.0,0.0
2006-01-03,2006,2005,JNJ,0.05,20,0.0,0.0
2006-01-03,2006,2005,PFE,0.05,20,0.0,0.0
2006-01-03,2006,2005,INTC,0.05,20,0.0,0.0
2006-01-03,2006,2005,AIG,0.05,20,0.0,0.0
2006-01-03,2006,2005,JPM,0.05,20,0.0,0.0
2006-01-03,2006,2005,PG,0.05,20,0.0,0.0
2006-01-03,2006,2005,CVX,0.05,20,0.0,0.0
2006-01-03,2006,2005,IBM,0.05,20,0.0,0.0
2006-01-03,2006,2005,CSCO,0.05,20,0.0,0.0
2006-01-03,2006,2005,WFC,0.05,20,0.0,0.0
2006-01-03,2006,2005,PEP,0.05,20,0.0,0.0
2006-01-03,2006,2005,AMGN,0.05,20,0.0,0.0
2006-01-03,2006,2005,KO,0.05,20,0.0,0.0
2006-01-03,2006,2005,HD,0.05,20,0.0,0.0
2006-02-01,2006,2005,XOM,0.05,20,0.050528,2.5264
2006-02-01,2006,2005,MSFT,0.05,20,0.0,0.0
2006-02-01,2006,2005,C,0.05,20,0.0,0.0
2006-02-01,2006,2005,GE,0.05,20,0.0,0.0
2006-02-01,2006,2005,WMT,0.05,20,0.0,0.0
2006-02-01,2006,2005,BAC,0.05,20,0.0,0.0
2006-02-01,2006,2005,JNJ,0.05,20,0.0,0.0
2006-02-01,2006,2005,PFE,0.05,20,0.0,0.0
2006-02-01,2006,2005,INTC,0.05,20,0.0,0.0
2006-02-01,2006,2005,AIG,0.05,20,0.0,0.0
2006-02-01,2006,2005,JPM,0.05,20,0.0,0.0
2006-02-01,2006,2005,PG,0.05,20,0.0,0.0
2006-02-01,2006,2005,CVX,0.05,20,0.0,0.0
2006-02-01,2006,2005,IBM,0.05,20,0.0,0.0
2006-02-01,2006,2005,CSCO,0.05,20,0.0,0.0
2006-02-01,2006,2005,WFC,0.05,20,0.0,0.0
2006-02-01,2006,2005,PEP,0.05,20,0.0,0.0
2006-02-01,2006,2005,AMGN,0.05,20,0.0,0.0
2006-02-01,2006,2005,KO,0.05,20,0.0,0.0
2006-02-01,2006,2005,HD,0.05,20,0.0,0.0
2006-03-01,2006,2005,XOM,0.05,20,0.025597,1.2799
2006-03-01,2006,2005,MSFT,0.05,20,0.0,0.0
2006-03-01,2006,2005,C,0.05,20,0.0,0.0
2006-03-01,2006,2005,GE,0.05,20,0.0,0.0
2006-03-01,2006,2005,WMT,0.05,20,0.0,0.0
2006-03-01,2006,2005,BAC,0.05,20,0.0,0.0
2006-03-01,2006,2005,JNJ,0.05,20,0.0,0.0
2006-03-01,2006,2005,PFE,0.05,20,0.0,0.0
2006-03-01,2006,2005,INTC,0.05,20,0.0,0.0
2006-03-01,2006,2005,AIG,0.05,20,0.0,0.0
2006-03-01,2006,2005,JPM,0.05,20,0.0,0.0
2006-03-01,2006,2005,PG,0.05,20,0.0,0.0
2006-03-01,2006,2005,CVX,0.05,20,0.0,0.0
2006-03-01,2006,2005,IBM,0.05,20,0.0,0.0
2006-03-01,2006,2005,CSCO,0.05,20,0.0,0.0
2006-03-01,2006,2005,WFC,0.05,20,0.0,0.0
2006-03-01,2006,2005,PEP,0.05,20,0.0,0.0
2006-03-01,2006,2005,AMGN,0.05,20,0.0,0.0
2006-03-01,2006,2005,KO,0.05,20,0.0,0.0
2006-03-01,2006,2005,HD,0.05,20,0.0,0.0
2006-04-03,2006,2005,XOM,0.05,20,0.025412,1.2706
2006-04-03,2006,2005,MSFT,0.05,20,0.0,0.0
2006-04-03,2006,2005,C,0.05,20,0.0,0.0
2006-04-03,2006,2005,GE,0.05,20,0.0,0.0
2006-04-03,2006,2005,WMT,0.05,20,0.0,0.0
2006-04-03,2006,2005,BAC,0.05,20,0.0,0.0
2006-04-03,2006,2005,JNJ,0.05,20,0.0,0.0
2006-04-03,2006,2005,PFE,0.05,20,0.0,0.0
2006-04-03,2006,2005,INTC,0.05,20,0.0,0.0
2006-04-03,2006,2005,AIG,0.05,20,0.0,0.0
2006-04-03,2006,2005,JPM,0.05,20,0.0,0.0
2006-04-03,2006,2005,PG,0.05,20,0.0,0.0
2006-04-03,2006,2005,CVX,0.05,20,0.0,0.0
2006-04-03,2006,2005,IBM,0.05,20,0.0,0.0
2006-04-03,2006,2005,CSCO,0.05,20,0.0,0.0
2006-04-03,2006,2005,WFC,0.05,20,0.0,0.0
2006-04-03,2006,2005,PEP,0.05,20,0.0,0.0
2006-04-03,2006,2005,AMGN,0.05,20,0.0,0.0
2006-04-03,2006,2005,KO,0.05,20,0.0,0.0
2006-04-03,2006,2005,HD,0.05,20,0.0,0.0
2006-05-01,2006,2005,XOM,0.05,20,0.041713,2.0856
2006-05-01,2006,2005,MSFT,0.05,20,0.0,0.0
2006-05-01,2006,2005,C,0.05,20,0.0,0.0
2006-05-01,2006,2005,GE,0.05,20,0.0,0.0
2006-05-01,2006,2005,WMT,0.05,20,0.0,0.0
2006-05-01,2006,2005,BAC,0.05,20,0.0,0.0
2006-05-01,2006,2005,JNJ,0.05,20,0.0,0.0
2006-05-01,2006,2005,PFE,0.05,20,0.0,0.0
2006-05-01,2006,2005,INTC,0.05,20,0.0,0.0
2006-05-01,2006,2005,AIG,0.05,20,0.0,0.0
2006-05-01,2006,2005,JPM,0.05,20,0.0,0.0
2006-05-01,2006,2005,PG,0.05,20,0.0,0.0
2006-05-01,2006,2005,CVX,0.05,20,0.0,0.0
2006-05-01,2006,2005,IBM,0.05,20,0.0,0.0
2006-05-01,2006,2005,CSCO,0.05,20,0.0,0.0
2006-05-01,2006,2005,WFC,0.05,20,0.0,0.0
2006-05-01,2006,2005,PEP,0.05,20,0.0,0.0
2006-05-01,2006,2005,AMGN,0.05,20,0.0,0.0
2006-05-01,2006,2005,KO,0.05,20,0.0,0.0
2006-05-01,2006,2005,HD,0.05,20,0.0,0.0
2006-06-01,2006,2005,XOM,0.05,20,0.035353,1.7677
2006-06-01,2006,2005,MSFT,0.05,20,0.0,0.0
2006-06-01,2006,2005,C,0.05,20,0.0,0.0
2006-06-01,2006,2005,GE,0.05,20,0.0,0.0
2006-06-01,2006,2005,WMT,0.05,20,0.0,0.0
2006-06-01,2006,2005,BAC,0.05,20,0.0,0.0
2006-06-01,2006,2005,JNJ,0.05,20,0.0,0.0
2006-06-01,2006,2005,PFE,0.05,20,0.0,0.0
2006-06-01,2006,2005,INTC,0.05,20,0.0,0.0
2006-06-01,2006,2005,AIG,0.05,20,0.0,0.0
2006-06-01,2006,2005,JPM,0.05,20,0.0,0.0
2006-06-01,2006,2005,PG,0.05,20,0.0,0.0
2006-06-01,2006,2005,CVX,0.05,20,0.0,0.0
2006-06-01,2006,2005,IBM,0.05,20,0.0,0.0
2006-06-01,2006,2005,CSCO,0.05,20,0.0,0.0
2006-06-01,2006,2005,WFC,0.05,20,0.0,0.0
2006-06-01,2006,2005,PEP,0.05,20,0.0,0.0
2006-06-01,2006,2005,AMGN,0.05,20,0.0,0.0
2006-06-01,2006,2005,KO,0.05,20,0.0,0.0
2006-06-01,2006,2005,HD,0.05,20,0.0,0.0
2006-07-03,2006,2005,XOM,0.05,20,0.020335,1.0167
2006-07-03,2006,2005,MSFT,0.05,20,0.0,0.0
2006-07-03,2006,2005,C,0.05,20,0.0,0.0
2006-07-03,2006,2005,GE,0.05,20,0.0,0.0
2006-07-03,2006,2005,WMT,0.05,20,0.0,0.0
2006-07-03,2006,2005,BAC,0.05,20,0.0,0.0
2006-07-03,2006,2005,JNJ,0.05,20,0.0,0.0
2006-07-03,2006,2005,PFE,0.05,20,0.0,0.0
2006-07-03,2006,2005,INTC,0.05,20,0.0,0.0
2006-07-03,2006,2005,AIG,0.05,20,0.0,0.0
2006-07-03,2006,2005,JPM,0.05,20,0.0,0.0
2006-07-03,2006,2005,PG,0.05,20,0.0,0.0
2006-07-03,2006,2005,CVX,0.05,20,0.0,0.0
2006-07-03,2006,2005,IBM,0.05,20,0.0,0.0
2006-07-03,2006,2005,CSCO,0.05,20,0.0,0.0
2006-07-03,2006,2005,WFC,0.05,20,0.0,0.0
2006-07-03,2006,2005,PEP,0.05,20,0.0,0.0
2006-07-03,2006,2005,AMGN,0.05,20,0.0,0.0
2006-07-03,2006,2005,KO,0.05,20,0.0,0.0
2006-07-03,2006,2005,HD,0.05,20,0.0,0.0
2006-08-01,2006,2005,XOM,0.05,20,0.043551,2.1776
2006-08-01,2006,2005,MSFT,0.05,20,0.0,0.0
2006-08-01,2006,2005,C,0.05,20,0.0,0.0
2006-08-01,2006,2005,GE,0.05,20,0.0,0.0
2006-08-01,2006,2005,WMT,0.05,20,0.0,0.0
2006-08-01,2006,2005,BAC,0.05,20,0.0,0.0
2006-08-01,2006,2005,JNJ,0.05,20,0.0,0.0
2006-08-01,2006,2005,PFE,0.05,20,0.0,0.0
2006-08-01,2006,2005,INTC,0.05,20,0.0,0.0
2006-08-01,2006,2005,AIG,0.05,20,0.0,0.0
2006-08-01,2006,2005,JPM,0.05,20,0.0,0.0
2006-08-01,2006,2005,PG,0.05,20,0.0,0.0
2006-08-01,2006,2005,CVX,0.05,20,0.0,0.0
2006-08-01,2006,2005,IBM,0.05,20,0.0,0.0
2006-08-01,2006,2005,CSCO,0.05,20,0.0,0.0
2006-08-01,2006,2005,WFC,0.05,20,0.0,0.0
2006-08-01,2006,2005,PEP,0.05,20,0.0,0.0
2006-08-01,2006,2005,AMGN,0.05,20,0.0,0.0
2006-08-01,2006,2005,KO,0.05,20,0.0,0.0
2006-08-01,2006,2005,HD,0.05,20,0.0,0.0
2006-09-01,2006,2005,XOM,0.05,20,0.039466,1.9733
2006-09-01,2006,2005,MSFT,0.05,20,0.0,0.0
2006-09-01,2006,2005,C,0.05,20,0.0,0.0
2006-09-01,2006,2005,GE,0.05,20,0.0,0.0
2006-09-01,2006,2005,WMT,0.05,20,0.0,0.0
2006-09-01,2006,2005,BAC,0.05,20,0.0,0.0
2006-09-01,2006,2005,JNJ,0.05,20,0.0,0.0
2006-09-01,2006,2005,PFE,0.05,20,0.0,0.0
2006-09-01,2006,2005,INTC,0.05,20,0.0,0.0
2006-09-01,2006,2005,AIG,0.05,20,0.0,0.0
2006-09-01,2006,2005,JPM,0.05,20,0.0,0.0
2006-09-01,2006,2005,PG,0.05,20,0.0,0.0
2006-09-01,2006,2005,CVX,0.05,20,0.0,0.0
2006-09-01,2006,2005,IBM,0.05,20,0.0,0.0
2006-09-01,2006,2005,CSCO,0.05,20,0.0,0.0
2006-09-01,2006,2005,WFC,0.05,20,0.0,0.0
2006-09-01,2006,2005,PEP,0.05,20,0.0,0.0
2006-09-01,2006,2005,AMGN,0.05,20,0.0,0.0
2006-09-01,2006,2005,KO,0.05,20,0.0,0.0
2006-09-01,2006,2005,HD,0.05,20,0.0,0.0
2006-10-02,2006,2005,XOM,0.05,20,0.021927,1.0964
2006-10-02,2006,2005,MSFT,0.05,20,0.0,0.0
2006-10-02,2006,2005,C,0.05,20,0.0,0.0
2006-10-02,2006,2005,GE,0.05,20,0.0,0.0
2006-10-02,2006,2005,WMT,0.05,20,0.0,0.0
2006-10-02,2006,2005,BAC,0.05,20,0.0,0.0
2006-10-02,2006,2005,JNJ,0.05,20,0.0,0.0
2006-10-02,2006,2005,PFE,0.05,20,0.0,0.0
2006-10-02,2006,2005,INTC,0.05,20,0.0,0.0
2006-10-02,2006,2005,AIG,0.05,20,0.0,0.0
2006-10-02,2006,2005,JPM,0.05,20,0.0,0.0
2006-10-02,2006,2005,PG,0.05,20,0.0,0.0
2006-10-02,2006,2005,CVX,0.05,20,0.0,0.0
2006-10-02,2006,2005,IBM,0.05,20,0.0,0.0
2006-10-02,2006,2005,CSCO,0.05,20,0.0,0.0
2006-10-02,2006,2005,WFC,0.05,20,0.0,0.0
2006-10-02,2006,2005,PEP,0.05,20,0.0,0.0
2006-10-02,2006,2005,AMGN,0.05,20,0.0,0.0
2006-10-02,2006,2005,KO,0.05,20,0.0,0.0
2006-10-02,2006,2005,HD,0.05,20,0.0,0.0
2006-11-01,2006,2005,XOM,0.05,20,0.027232,1.3616
2006-11-01,2006,2005,MSFT,0.05,20,0.0,0.0
2006-11-01,2006,2005,C,0.05,20,0.0,0.0
2006-11-01,2006,2005,GE,0.05,20,0.0,0.0
2006-11-01,2006,2005,WMT,0.05,20,0.0,0.0
2006-11-01,2006,2005,BAC,0.05,20,0.0,0.0
2006-11-01,2006,2005,JNJ,0.05,20,0.0,0.0
2006-11-01,2006,2005,PFE,0.05,20,0.0,0.0
2006-11-01,2006,2005,INTC,0.05,20,0.0,0.0
2006-11-01,2006,2005,AIG,0.05,20,0.0,0.0
2006-11-01,2006,2005,JPM,0.05,20,0.0,0.0
2006-11-01,2006,2005,PG,0.05,20,0.0,0.0
2006-11-01,2006,2005,CVX,0.05,20,0.0,0.0
2006-11-01,2006,2005,IBM,0.05,20,0.0,0.0
2006-11-01,2006,2005,CSCO,0.05,20,0.0,0.0
2006-11-01,2006,2005,WFC,0.05,20,0.0,0.0
2006-11-01,2006,2005,PEP,0.05,20,0.0,0.0
2006-11-01,2006,2005,AMGN,0.05,20,0.0,0.0
2006-11-01,2006,2005,KO,0.05,20,0.0,0.0
2006-11-01,2006,2005,HD,0.05,20,0.0,0.0
2006-12-01,2006,2005,XOM,0.05,20,0.033679,1.684
2006-12-01,2006,2005,MSFT,0.05,20,0.0,0.0
2006-12-01,2006,2005,C,0.05,20,0.0,0.0
2006-12-01,2006,2005,GE,0.05,20,0.0,0.0
2006-12-01,2006,2005,WMT,0.05,20,0.0,0.0
2006-12-01,2006,2005,BAC,0.05,20,0.0,0.0
2006-12-01,2006,2005,JNJ,0.05,20,0.0,0.0
2006-12-01,2006,2005,PFE,0.05,20,0.0,0.0
2006-12-01,2006,2005,INTC,0.05,20,0.0,0.0
2006-12-01,2006,2005,AIG,0.05,20,0.0,0.0
2006-12-01,2006,2005,JPM,0.05,20,0.0,0.0
2006-12-01,2006,2005,PG,0.05,20,0.0,0.0
2006-12-01,2006,2005,CVX,0.05,20,0.0,0.0
2006-12-01,2006,2005,IBM,0.05,20,0.0,0.0
2006-12-01,2006,2005,CSCO,0.05,20,0.0,0.0
2006-12-01,2006,2005,WFC,0.05,20,0.0,0.0
2006-12-01,2006,2005,PEP,0.05,20,0.0,0.0
2006-12-01,2006,2005,AMGN,0.05,20,0.0,0.0
2006-12-01,2006,2005,KO,0.05,20,0.0,0.0
2006-12-01,2006,2005,HD,0.05,20,0.0,0.0
2007-01-03,2007,2006,XOM,0.05,20,0.322127,16.1063
2007-01-03,2007,2006,MSFT,0.05,20,0.0,0.0
2007-01-03,2007,2006,C,0.05,20,0.0,0.0
2007-01-03,2007,2006,BAC,0.05,20,0.0,0.0
2007-01-03,2007,2006,GE,0.05,20,0.0,0.0
2007-01-03,2007,2006,PG,0.05,20,0.0,0.0
2007-01-03,2007,2006,WMT,0.05,20,0.0,0.0
2007-01-03,2007,2006,JNJ,0.05,20,0.0,0.0
2007-01-03,2007,2006,PFE,0.05,20,0.0,0.0
2007-01-03,2007,2006,JPM,0.05,20,0.0,0.0
2007-01-03,2007,2006,CSCO,0.05,20,0.0,0.0
2007-01-03,2007,2006,CVX,0.05,20,0.0,0.0
2007-01-03,2007,2006,AIG,0.05,20,0.0,0.0
2007-01-03,2007,2006,GOOGL,0.05,20,0.0,0.0
2007-01-03,2007,2006,IBM,0.05,20,0.0,0.0
2007-01-03,2007,2006,WFC,0.05,20,0.0,0.0
2007-01-03,2007,2006,INTC,0.05,20,0.0,0.0
2007-01-03,2007,2006,KO,0.05,20,0.0,0.0
2007-01-03,2007,2006,VZ,0.05,20,0.0,0.0
2007-01-03,2007,2006,T,0.05,20,0.0,0.0
2007-02-01,2007,2006,XOM,0.05,20,0.028129,1.4065
2007-02-01,2007,2006,MSFT,0.05,20,0.0,0.0
2007-02-01,2007,2006,C,0.05,20,0.0,0.0
2007-02-01,2007,2006,BAC,0.05,20,0.0,0.0
2007-02-01,2007,2006,GE,0.05,20,0.0,0.0
2007-02-01,2007,2006,PG,0.05,20,0.0,0.0
2007-02-01,2007,2006,WMT,0.05,20,0.0,0.0
2007-02-01,2007,2006,JNJ,0.05,20,0.0,0.0
2007-02-01,2007,2006,PFE,0.05,20,0.0,0.0
2007-02-01,2007,2006,JPM,0.05,20,0.0,0.0
2007-02-01,2007,2006,CSCO,0.05,20,0.0,0.0
2007-02-01,2007,2006,CVX,0.05,20,0.0,0.0
2007-02-01,2007,2006,AIG,0.05,20,0.0,0.0
2007-02-01,2007,2006,GOOGL,0.05,20,0.0,0.0
2007-02-01,2007,2006,IBM,0.05,20,0.0,0.0
2007-02-01,2007,2006,WFC,0.05,20,0.0,0.0
2007-02-01,2007,2006,INTC,0.05,20,0.0,0.0
2007-02-01,2007,2006,KO,0.05,20,0.0,0.0
2007-02-01,2007,2006,VZ,0.05,20,0.0,0.0
2007-02-01,2007,2006,T,0.05,20,0.0,0.0
2007-03-01,2007,2006,XOM,0.05,20,0.021221,1.061
2007-03-01,2007,2006,MSFT,0.05,20,0.0,0.0
2007-03-01,2007,2006,C,0.05,20,0.0,0.0
2007-03-01,2007,2006,BAC,0.05,20,0.0,0.0
2007-03-01,2007,2006,GE,0.05,20,0.0,0.0
2007-03-01,2007,2006,PG,0.05,20,0.0,0.0
2007-03-01,2007,2006,WMT,0.05,20,0.0,0.0
2007-03-01,2007,2006,JNJ,0.05,20,0.0,0.0
2007-03-01,2007,2006,PFE,0.05,20,0.0,0.0
2007-03-01,2007,2006,JPM,0.05,20,0.0,0.0
2007-03-01,2007,2006,CSCO,0.05,20,0.0,0.0
2007-03-01,2007,2006,CVX,0.05,20,0.0,0.0
2007-03-01,2007,2006,AIG,0.05,20,0.0,0.0
2007-03-01,2007,2006,GOOGL,0.05,20,0.0,0.0
2007-03-01,2007,2006,IBM,0.05,20,0.0,0.0
2007-03-01,2007,2006,WFC,0.05,20,0.0,0.0
2007-03-01,2007,2006,INTC,0.05,20,0.0,0.0
2007-03-01,2007,2006,KO,0.05,20,0.0,0.0
2007-03-01,2007,2006,VZ,0.05,20,0.0,0.0
2007-03-01,2007,2006,T,0.05,20,0.0,0.0
2007-04-02,2007,2006,XOM,0.05,20,0.024186,1.2093
2007-04-02,2007,2006,MSFT,0.05,20,0.0,0.0
2007-04-02,2007,2006,C,0.05,20,0.0,0.0
2007-04-02,2007,2006,BAC,0.05,20,0.0,0.0
2007-04-02,2007,2006,GE,0.05,20,0.0,0.0
2007-04-02,2007,2006,PG,0.05,20,0.0,0.0
2007-04-02,2007,2006,WMT,0.05,20,0.0,0.0
2007-04-02,2007,2006,JNJ,0.05,20,0.0,0.0
2007-04-02,2007,2006,PFE,0.05,20,0.0,0.0
2007-04-02,2007,2006,JPM,0.05,20,0.0,0.0
2007-04-02,2007,2006,CSCO,0.05,20,0.0,0.0
2007-04-02,2007,2006,CVX,0.05,20,0.0,0.0
2007-04-02,2007,2006,AIG,0.05,20,0.0,0.0
2007-04-02,2007,2006,GOOGL,0.05,20,0.0,0.0
2007-04-02,2007,2006,IBM,0.05,20,0.0,0.0
2007-04-02,2007,2006,WFC,0.05,20,0.0,0.0
2007-04-02,2007,2006,INTC,0.05,20,0.0,0.0
2007-04-02,2007,2006,KO,0.05,20,0.0,0.0
2007-04-02,2007,2006,VZ,0.05,20,0.0,0.0
2007-04-02,2007,2006,T,0.05,20,0.0,0.0
2007-05-01,2007,2006,XOM,0.05,20,0.022418,1.1209
2007-05-01,2007,2006,MSFT,0.05,20,0.0,0.0
2007-05-01,2007,2006,C,0.05,20,0.0,0.0
2007-05-01,2007,2006,BAC,0.05,20,0.0,0.0
2007-05-01,2007,2006,GE,0.05,20,0.0,0.0
2007-05-01,2007,2006,PG,0.05,20,0.0,0.0
2007-05-01,2007,2006,WMT,0.05,20,0.0,0.0
2007-05-01,2007,2006,JNJ,0.05,20,0.0,0.0
2007-05-01,2007,2006,PFE,0.05,20,0.0,0.0
2007-05-01,2007,2006,JPM,0.05,20,0.0,0.0
2007-05-01,2007,2006,CSCO,0.05,20,0.0,0.0
2007-05-01,2007,2006,CVX,0.05,20,0.0,0.0
2007-05-01,2007,2006,AIG,0.05,20,0.0,0.0
2007-05-01,2007,2006,GOOGL,0.05,20,0.0,0.0
2007-05-01,2007,2006,IBM,0.05,20,0.0,0.0
2007-05-01,2007,2006,WFC,0.05,20,0.0,0.0
2007-05-01,2007,2006,INTC,0.05,20,0.0,0.0
2007-05-01,2007,2006,KO,0.05,20,0.0,0.0
2007-05-01,2007,2006,VZ,0.05,20,0.0,0.0
2007-05-01,2007,2006,T,0.05,20,0.0,0.0
2007-06-01,2007,2006,XOM,0.05,20,0.02508,1.254
2007-06-01,2007,2006,MSFT,0.05,20,0.0,0.0
2007-06-01,2007,2006,C,0.05,20,0.0,0.0
2007-06-01,2007,2006,BAC,0.05,20,0.0,0.0
2007-06-01,2007,2006,GE,0.05,20,0.0,0.0
2007-06-01,2007,2006,PG,0.05,20,0.0,0.0
2007-06-01,2007,2006,WMT,0.05,20,0.0,0.0
2007-06-01,2007,2006,JNJ,0.05,20,0.0,0.0
2007-06-01,2007,2006,PFE,0.05,20,0.0,0.0
2007-06-01,2007,2006,JPM,0.05,20,0.0,0.0
2007-06-01,2007,2006,CSCO,0.05,20,0.0,0.0
2007-06-01,2007,2006,CVX,0.05,20,0.0,0.0
2007-06-01,2007,2006,AIG,0.05,20,0.0,0.0
2007-06-01,2007,2006,GOOGL,0.05,20,0.0,0.0
2007-06-01,2007,2006,IBM,0.05,20,0.0,0.0
2007-06-01,2007,2006,WFC,0.05,20,0.0,0.0
2007-06-01,2007,2006,INTC,0.05,20,0.0,0.0
2007-06-01,2007,2006,KO,0.05,20,0.0,0.0
2007-06-01,2007,2006,VZ,0.05,20,0.0,0.0
2007-06-01,2007,2006,T,0.05,20,0.0,0.0
2007-07-02,2007,2006,XOM,0.05,20,0.033663,1.6832
2007-07-02,2007,2006,MSFT,0.05,20,0.0,0.0
2007-07-02,2007,2006,C,0.05,20,0.0,0.0
2007-07-02,2007,2006,BAC,0.05,20,0.0,0.0
2007-07-02,2007,2006,GE,0.05,20,0.0,0.0
2007-07-02,2007,2006,PG,0.05,20,0.0,0.0
2007-07-02,2007,2006,WMT,0.05,20,0.0,0.0
2007-07-02,2007,2006,JNJ,0.05,20,0.0,0.0
2007-07-02,2007,2006,PFE,0.05,20,0.0,0.0
2007-07-02,2007,2006,JPM,0.05,20,0.0,0.0
2007-07-02,2007,2006,CSCO,0.05,20,0.0,0.0
2007-07-02,2007,2006,CVX,0.05,20,0.0,0.0
2007-07-02,2007,2006,AIG,0.05,20,0.0,0.0
2007-07-02,2007,2006,GOOGL,0.05,20,0.0,0.0
2007-07-02,2007,2006,IBM,0.05,20,0.0,0.0
2007-07-02,2007,2006,WFC,0.05,20,0.0,0.0
2007-07-02,2007,2006,INTC,0.05,20,0.0,0.0
2007-07-02,2007,2006,KO,0.05,20,0.0,0.0
2007-07-02,2007,2006,VZ,0.05,20,0.0,0.0
2007-07-02,2007,2006,T,0.05,20,0.0,0.0
2007-08-01,2007,2006,XOM,0.05,20,0.036207,1.8103
2007-08-01,2007,2006,MSFT,0.05,20,0.0,0.0
2007-08-01,2007,2006,C,0.05,20,0.0,0.0
2007-08-01,2007,2006,BAC,0.05,20,0.0,0.0
2007-08-01,2007,2006,GE,0.05,20,0.0,0.0
2007-08-01,2007,2006,PG,0.05,20,0.0,0.0
2007-08-01,2007,2006,WMT,0.05,20,0.0,0.0
2007-08-01,2007,2006,JNJ,0.05,20,0.0,0.0
2007-08-01,2007,2006,PFE,0.05,20,0.0,0.0
2007-08-01,2007,2006,JPM,0.05,20,0.0,0.0
2007-08-01,2007,2006,CSCO,0.05,20,0.0,0.0
2007-08-01,2007,2006,CVX,0.05,20,0.0,0.0
2007-08-01,2007,2006,AIG,0.05,20,0.0,0.0
2007-08-01,2007,2006,GOOGL,0.05,20,0.0,0.0
2007-08-01,2007,2006,IBM,0.05,20,0.0,0.0
2007-08-01,2007,2006,WFC,0.05,20,0.0,0.0
2007-08-01,2007,2006,INTC,0.05,20,0.0,0.0
2007-08-01,2007,2006,KO,0.05,20,0.0,0.0
2007-08-01,2007,2006,VZ,0.05,20,0.0,0.0
2007-08-01,2007,2006,T,0.05,20,0.0,0.0
2007-09-04,2007,2006,XOM,0.05,20,0.030086,1.5043
2007-09-04,2007,2006,MSFT,0.05,20,0.0,0.0
2007-09-04,2007,2006,C,0.05,20,0.0,0.0
2007-09-04,2007,2006,BAC,0.05,20,0.0,0.0
2007-09-04,2007,2006,GE,0.05,20,0.0,0.0
2007-09-04,2007,2006,PG,0.05,20,0.0,0.0
2007-09-04,2007,2006,WMT,0.05,20,0.0,0.0
2007-09-04,2007,2006,JNJ,0.05,20,0.0,0.0
2007-09-04,2007,2006,PFE,0.05,20,0.0,0.0
2007-09-04,2007,2006,JPM,0.05,20,0.0,0.0
2007-09-04,2007,2006,CSCO,0.05,20,0.0,0.0
2007-09-04,2007,2006,CVX,0.05,20,0.0,0.0
2007-09-04,2007,2006,AIG,0.05,20,0.0,0.0
2007-09-04,2007,2006,GOOGL,0.05,20,0.0,0.0
2007-09-04,2007,2006,IBM,0.05,20,0.0,0.0
2007-09-04,2007,2006,WFC,0.05,20,0.0,0.0
2007-09-04,2007,2006,INTC,0.05,20,0.0,0.0
2007-09-04,2007,2006,KO,0.05,20,0.0,0.0
2007-09-04,2007,2006,VZ,0.05,20,0.0,0.0
2007-09-04,2007,2006,T,0.05,20,0.0,0.0
2007-10-01,2007,2006,XOM,0.05,20,0.030648,1.5324
2007-10-01,2007,2006,MSFT,0.05,20,0.0,0.0
2007-10-01,2007,2006,C,0.05,20,0.0,0.0
2007-10-01,2007,2006,BAC,0.05,20,0.0,0.0
2007-10-01,2007,2006,GE,0.05,20,0.0,0.0
2007-10-01,2007,2006,PG,0.05,20,0.0,0.0
2007-10-01,2007,2006,WMT,0.05,20,0.0,0.0
2007-10-01,2007,2006,JNJ,0.05,20,0.0,0.0
2007-10-01,2007,2006,PFE,0.05,20,0.0,0.0
2007-10-01,2007,2006,JPM,0.05,20,0.0,0.0
2007-10-01,2007,2006,CSCO,0.05,20,0.0,0.0
2007-10-01,2007,2006,CVX,0.05,20,0.0,0.0
2007-10-01,2007,2006,AIG,0.05,20,0.0,0.0
2007-10-01,2007,2006,GOOGL,0.05,20,0.0,0.0
2007-10-01,2007,2006,IBM,0.05,20,0.0,0.0
2007-10-01,2007,2006,WFC,0.05,20,0.0,0.0
2007-10-01,2007,2006,INTC,0.05,20,0.0,0.0
2007-10-01,2007,2006,KO,0.05,20,0.0,0.0
2007-10-01,2007,2006,VZ,0.05,20,0.0,0.0
2007-10-01,2007,2006,T,0.05,20,0.0,0.0
2007-11-01,2007,2006,XOM,0.05,20,0.057264,2.8632
2007-11-01,2007,2006,MSFT,0.05,20,0.0,0.0
2007-11-01,2007,2006,C,0.05,20,0.0,0.0
2007-11-01,2007,2006,BAC,0.05,20,0.0,0.0
2007-11-01,2007,2006,GE,0.05,20,0.0,0.0
2007-11-01,2007,2006,PG,0.05,20,0.0,0.0
2007-11-01,2007,2006,WMT,0.05,20,0.0,0.0
2007-11-01,2007,2006,JNJ,0.05,20,0.0,0.0
2007-11-01,2007,2006,PFE,0.05,20,0.0,0.0
2007-11-01,2007,2006,JPM,0.05,20,0.0,0.0
2007-11-01,2007,2006,CSCO,0.05,20,0.0,0.0
2007-11-01,2007,2006,CVX,0.05,20,0.0,0.0
2007-11-01,2007,2006,AIG,0.05,20,0.0,0.0
2007-11-01,2007,2006,GOOGL,0.05,20,0.0,0.0
2007-11-01,2007,2006,IBM,0.05,20,0.0,0.0
2007-11-01,2007,2006,WFC,0.05,20,0.0,0.0
2007-11-01,2007,2006,INTC,0.05,20,0.0,0.0
2007-11-01,2007,2006,KO,0.05,20,0.0,0.0
2007-11-01,2007,2006,VZ,0.05,20,0.0,0.0
2007-11-01,2007,2006,T,0.05,20,0.0,0.0
2007-12-03,2007,2006,XOM,0.05,20,0.048917,2.4459
2007-12-03,2007,2006,MSFT,0.05,20,0.0,0.0
2007-12-03,2007,2006,C,0.05,20,0.0,0.0
2007-12-03,2007,2006,BAC,0.05,20,0.0,0.0
2007-12-03,2007,2006,GE,0.05,20,0.0,0.0
2007-12-03,2007,2006,PG,0.05,20,0.0,0.0
2007-12-03,2007,2006,WMT,0.05,20,0.0,0.0
2007-12-03,2007,2006,JNJ,0.05,20,0.0,0.0
2007-12-03,2007,2006,PFE,0.05,20,0.0,0.0
2007-12-03,2007,2006,JPM,0.05,20,0.0,0.0
2007-12-03,2007,2006,CSCO,0.05,20,0.0,0.0
2007-12-03,2007,2006,CVX,0.05,20,0.0,0.0
2007-12-03,2007,2006,AIG,0.05,20,0.0,0.0
2007-12-03,2007,2006,GOOGL,0.05,20,0.0,0.0
2007-12-03,2007,2006,IBM,0.05,20,0.0,0.0
2007-12-03,2007,2006,WFC,0.05,20,0.0,0.0
2007-12-03,2007,2006,INTC,0.05,20,0.0,0.0
2007-12-03,2007,2006,KO,0.05,20,0.0,0.0
2007-12-03,2007,2006,VZ,0.05,20,0.0,0.0
2007-12-03,2007,2006,T,0.05,20,0.0,0.0
2008-01-02,2008,2007,XOM,0.05,20,0.132982,6.6491
2008-01-02,2008,2007,MSFT,0.05,20,0.0,0.0
2008-01-02,2008,2007,PG,0.05,20,0.0,0.0
2008-01-02,2008,2007,GE,0.05,20,0.0,0.0
2008-01-02,2008,2007,GOOGL,0.05,20,0.0,0.0
2008-01-02,2008,2007,CVX,0.05,20,0.0,0.0
2008-01-02,2008,2007,WMT,0.05,20,0.0,0.0
2008-01-02,2008,2007,T,0.05,20,0.0,0.0
2008-01-02,2008,2007,JNJ,0.05,20,0.0,0.0
2008-01-02,2008,2007,BAC,0.05,20,0.0,0.0
2008-01-02,2008,2007,AAPL,0.05,20,0.0,0.0
2008-01-02,2008,2007,CSCO,0.05,20,0.0,0.0
2008-01-02,2008,2007,C,0.05,20,0.0,0.0
2008-01-02,2008,2007,INTC,0.05,20,0.0,0.0
2008-01-02,2008,2007,JPM,0.05,20,0.0,0.0
2008-01-02,2008,2007,PFE,0.05,20,0.0,0.0
2008-01-02,2008,2007,IBM,0.05,20,0.0,0.0
2008-01-02,2008,2007,KO,0.05,20,0.0,0.0
2008-01-02,2008,2007,VZ,0.05,20,0.0,0.0
2008-01-02,2008,2007,AIG,0.05,20,0.0,0.0
2008-02-01,2008,2007,XOM,0.05,20,0.074084,3.7042
2008-02-01,2008,2007,MSFT,0.05,20,0.0,0.0
2008-02-01,2008,2007,PG,0.05,20,0.0,0.0
2008-02-01,2008,2007,GE,0.05,20,0.0,0.0
2008-02-01,2008,2007,GOOGL,0.05,20,0.0,0.0
2008-02-01,2008,2007,CVX,0.05,20,0.0,0.0
2008-02-01,2008,2007,WMT,0.05,20,0.0,0.0
2008-02-01,2008,2007,T,0.05,20,0.0,0.0
2008-02-01,2008,2007,JNJ,0.05,20,0.0,0.0
2008-02-01,2008,2007,BAC,0.05,20,0.0,0.0
2008-02-01,2008,2007,AAPL,0.05,20,0.0,0.0
2008-02-01,2008,2007,CSCO,0.05,20,0.0,0.0
2008-02-01,2008,2007,C,0.05,20,0.0,0.0
2008-02-01,2008,2007,INTC,0.05,20,0.0,0.0
2008-02-01,2008,2007,JPM,0.05,20,0.0,0.0
2008-02-01,2008,2007,PFE,0.05,20,0.0,0.0
2008-02-01,2008,2007,IBM,0.05,20,0.0,0.0
2008-02-01,2008,2007,KO,0.05,20,0.0,0.0
2008-02-01,2008,2007,VZ,0.05,20,0.0,0.0
2008-02-01,2008,2007,AIG,0.05,20,0.0,0.0
2008-03-03,2008,2007,XOM,0.05,20,0.063126,3.1563
2008-03-03,2008,2007,MSFT,0.05,20,0.0,0.0
2008-03-03,2008,2007,PG,0.05,20,0.0,0.0
2008-03-03,2008,2007,GE,0.05,20,0.0,0.0
2008-03-03,2008,2007,GOOGL,0.05,20,0.0,0.0
2008-03-03,2008,2007,CVX,0.05,20,0.0,0.0
2008-03-03,2008,2007,WMT,0.05,20,0.0,0.0
2008-03-03,2008,2007,T,0.05,20,0.0,0.0
2008-03-03,2008,2007,JNJ,0.05,20,0.0,0.0
2008-03-03,2008,2007,BAC,0.05,20,0.0,0.0
2008-03-03,2008,2007,AAPL,0.05,20,0.0,0.0
2008-03-03,2008,2007,CSCO,0.05,20,0.0,0.0
2008-03-03,2008,2007,C,0.05,20,0.0,0.0
2008-03-03,2008,2007,INTC,0.05,20,0.0,0.0
2008-03-03,2008,2007,JPM,0.05,20,0.0,0.0
2008-03-03,2008,2007,PFE,0.05,20,0.0,0.0
2008-03-03,2008,2007,IBM,0.05,20,0.0,0.0
2008-03-03,2008,2007,KO,0.05,20,0.0,0.0
2008-03-03,2008,2007,VZ,0.05,20,0.0,0.0
2008-03-03,2008,2007,AIG,0.05,20,0.0,0.0
2008-04-01,2008,2007,XOM,0.05,20,0.054544,2.7272
2008-04-01,2008,2007,MSFT,0.05,20,0.0,0.0
2008-04-01,2008,2007,PG,0.05,20,0.0,0.0
2008-04-01,2008,2007,GE,0.05,20,0.0,0.0
2008-04-01,2008,2007,GOOGL,0.05,20,0.0,0.0
2008-04-01,2008,2007,CVX,0.05,20,0.0,0.0
2008-04-01,2008,2007,WMT,0.05,20,0.0,0.0
2008-04-01,2008,2007,T,0.05,20,0.0,0.0
2008-04-01,2008,2007,JNJ,0.05,20,0.0,0.0
2008-04-01,2008,2007,BAC,0.05,20,0.0,0.0
2008-04-01,2008,2007,AAPL,0.05,20,0.0,0.0
2008-04-01,2008,2007,CSCO,0.05,20,0.0,0.0
2008-04-01,2008,2007,C,0.05,20,0.0,0.0
2008-04-01,2008,2007,INTC,0.05,20,0.0,0.0
2008-04-01,2008,2007,JPM,0.05,20,0.0,0.0
2008-04-01,2008,2007,PFE,0.05,20,0.0,0.0
2008-04-01,2008,2007,IBM,0.05,20,0.0,0.0
2008-04-01,2008,2007,KO,0.05,20,0.0,0.0
2008-04-01,2008,2007,VZ,0.05,20,0.0,0.0
2008-04-01,2008,2007,AIG,0.05,20,0.0,0.0
2008-05-01,2008,2007,XOM,0.05,20,0.066743,3.3372
2008-05-01,2008,2007,MSFT,0.05,20,0.0,0.0
2008-05-01,2008,2007,PG,0.05,20,0.0,0.0
2008-05-01,2008,2007,GE,0.05,20,0.0,0.0
2008-05-01,2008,2007,GOOGL,0.05,20,0.0,0.0
2008-05-01,2008,2007,CVX,0.05,20,0.0,0.0
2008-05-01,2008,2007,WMT,0.05,20,0.0,0.0
2008-05-01,2008,2007,T,0.05,20,0.0,0.0
2008-05-01,2008,2007,JNJ,0.05,20,0.0,0.0
2008-05-01,2008,2007,BAC,0.05,20,0.0,0.0
2008-05-01,2008,2007,AAPL,0.05,20,0.0,0.0
2008-05-01,2008,2007,CSCO,0.05,20,0.0,0.0
2008-05-01,2008,2007,C,0.05,20,0.0,0.0
2008-05-01,2008,2007,INTC,0.05,20,0.0,0.0
2008-05-01,2008,2007,JPM,0.05,20,0.0,0.0
2008-05-01,2008,2007,PFE,0.05,20,0.0,0.0
2008-05-01,2008,2007,IBM,0.05,20,0.0,0.0
2008-05-01,2008,2007,KO,0.05,20,0.0,0.0
2008-05-01,2008,2007,VZ,0.05,20,0.0,0.0
2008-05-01,2008,2007,AIG,0.05,20,0.0,0.0
2008-06-02,2008,2007,XOM,0.05,20,0.055167,2.7583
2008-06-02,2008,2007,MSFT,0.05,20,0.0,0.0
2008-06-02,2008,2007,PG,0.05,20,0.0,0.0
2008-06-02,2008,2007,GE,0.05,20,0.0,0.0
2008-06-02,2008,2007,GOOGL,0.05,20,0.0,0.0
2008-06-02,2008,2007,CVX,0.05,20,0.0,0.0
2008-06-02,2008,2007,WMT,0.05,20,0.0,0.0
2008-06-02,2008,2007,T,0.05,20,0.0,0.0
2008-06-02,2008,2007,JNJ,0.05,20,0.0,0.0
2008-06-02,2008,2007,BAC,0.05,20,0.0,0.0
2008-06-02,2008,2007,AAPL,0.05,20,0.0,0.0
2008-06-02,2008,2007,CSCO,0.05,20,0.0,0.0
2008-06-02,2008,2007,C,0.05,20,0.0,0.0
2008-06-02,2008,2007,INTC,0.05,20,0.0,0.0
2008-06-02,2008,2007,JPM,0.05,20,0.0,0.0
2008-06-02,2008,2007,PFE,0.05,20,0.0,0.0
2008-06-02,2008,2007,IBM,0.05,20,0.0,0.0
2008-06-02,2008,2007,KO,0.05,20,0.0,0.0
2008-06-02,2008,2007,VZ,0.05,20,0.0,0.0
2008-06-02,2008,2007,AIG,0.05,20,0.0,0.0
2008-07-01,2008,2007,XOM,0.05,20,0.069738,3.4869
2008-07-01,2008,2007,MSFT,0.05,20,0.0,0.0
2008-07-01,2008,2007,PG,0.05,20,0.0,0.0
2008-07-01,2008,2007,GE,0.05,20,0.0,0.0
2008-07-01,2008,2007,GOOGL,0.05,20,0.0,0.0
2008-07-01,2008,2007,CVX,0.05,20,0.0,0.0
2008-07-01,2008,2007,WMT,0.05,20,0.0,0.0
2008-07-01,2008,2007,T,0.05,20,0.0,0.0
2008-07-01,2008,2007,JNJ,0.05,20,0.0,0.0
2008-07-01,2008,2007,BAC,0.05,20,0.0,0.0
2008-07-01,2008,2007,AAPL,0.05,20,0.0,0.0
2008-07-01,2008,2007,CSCO,0.05,20,0.0,0.0
2008-07-01,2008,2007,C,0.05,20,0.0,0.0
2008-07-01,2008,2007,INTC,0.05,20,0.0,0.0
2008-07-01,2008,2007,JPM,0.05,20,0.0,0.0
2008-07-01,2008,2007,PFE,0.05,20,0.0,0.0
2008-07-01,2008,2007,IBM,0.05,20,0.0,0.0
2008-07-01,2008,2007,KO,0.05,20,0.0,0.0
2008-07-01,2008,2007,VZ,0.05,20,0.0,0.0
2008-07-01,2008,2007,AIG,0.05,20,0.0,0.0
2008-08-01,2008,2007,XOM,0.05,20,0.086223,4.3112
2008-08-01,2008,2007,MSFT,0.05,20,0.0,0.0
2008-08-01,2008,2007,PG,0.05,20,0.0,0.0
2008-08-01,2008,2007,GE,0.05,20,0.0,0.0
2008-08-01,2008,2007,GOOGL,0.05,20,0.0,0.0
2008-08-01,2008,2007,CVX,0.05,20,0.0,0.0
2008-08-01,2008,2007,WMT,0.05,20,0.0,0.0
2008-08-01,2008,2007,T,0.05,20,0.0,0.0
2008-08-01,2008,2007,JNJ,0.05,20,0.0,0.0
2008-08-01,2008,2007,BAC,0.05,20,0.0,0.0
2008-08-01,2008,2007,AAPL,0.05,20,0.0,0.0
2008-08-01,2008,2007,CSCO,0.05,20,0.0,0.0
2008-08-01,2008,2007,C,0.05,20,0.0,0.0
2008-08-01,2008,2007,INTC,0.05,20,0.0,0.0
2008-08-01,2008,2007,JPM,0.05,20,0.0,0.0
2008-08-01,2008,2007,PFE,0.05,20,0.0,0.0
2008-08-01,2008,2007,IBM,0.05,20,0.0,0.0
2008-08-01,2008,2007,KO,0.05,20,0.0,0.0
2008-08-01,2008,2007,VZ,0.05,20,0.0,0.0
2008-08-01,2008,2007,AIG,0.05,20,0.0,0.0
2008-09-02,2008,2007,XOM,0.05,20,0.041652,2.0826
2008-09-02,2008,2007,MSFT,0.05,20,0.0,0.0
2008-09-02,2008,2007,PG,0.05,20,0.0,0.0
2008-09-02,2008,2007,GE,0.05,20,0.0,0.0
2008-09-02,2008,2007,GOOGL,0.05,20,0.0,0.0
2008-09-02,2008,2007,CVX,0.05,20,0.0,0.0
2008-09-02,2008,2007,WMT,0.05,20,0.0,0.0
2008-09-02,2008,2007,T,0.05,20,0.0,0.0
2008-09-02,2008,2007,JNJ,0.05,20,0.0,0.0
2008-09-02,2008,2007,BAC,0.05,20,0.0,0.0
2008-09-02,2008,2007,AAPL,0.05,20,0.0,0.0
2008-09-02,2008,2007,CSCO,0.05,20,0.0,0.0
2008-09-02,2008,2007,C,0.05,20,0.0,0.0
2008-09-02,2008,2007,INTC,0.05,20,0.0,0.0
2008-09-02,2008,2007,JPM,0.05,20,0.0,0.0
2008-09-02,2008,2007,PFE,0.05,20,0.0,0.0
2008-09-02,2008,2007,IBM,0.05,20,0.0,0.0
2008-09-02,2008,2007,KO,0.05,20,0.0,0.0
2008-09-02,2008,2007,VZ,0.05,20,0.0,0.0
2008-09-02,2008,2007,AIG,0.05,20,0.0,0.0
2008-10-01,2008,2007,XOM,0.05,20,0.134315,6.7158
2008-10-01,2008,2007,MSFT,0.05,20,0.0,0.0
2008-10-01,2008,2007,PG,0.05,20,0.0,0.0
2008-10-01,2008,2007,GE,0.05,20,0.0,0.0
2008-10-01,2008,2007,GOOGL,0.05,20,0.0,0.0
2008-10-01,2008,2007,CVX,0.05,20,0.0,0.0
2008-10-01,2008,2007,WMT,0.05,20,0.0,0.0
2008-10-01,2008,2007,T,0.05,20,0.0,0.0
2008-10-01,2008,2007,JNJ,0.05,20,0.0,0.0
2008-10-01,2008,2007,BAC,0.05,20,0.0,0.0
2008-10-01,2008,2007,AAPL,0.05,20,0.0,0.0
2008-10-01,2008,2007,CSCO,0.05,20,0.0,0.0
2008-10-01,2008,2007,C,0.05,20,0.0,0.0
2008-10-01,2008,2007,INTC,0.05,20,0.0,0.0
2008-10-01,2008,2007,JPM,0.05,20,0.0,0.0
2008-10-01,2008,2007,PFE,0.05,20,0.0,0.0
2008-10-01,2008,2007,IBM,0.05,20,0.0,0.0
2008-10-01,2008,2007,KO,0.05,20,0.0,0.0
2008-10-01,2008,2007,VZ,0.05,20,0.0,0.0
2008-10-01,2008,2007,AIG,0.05,20,0.0,0.0
2008-11-03,2008,2007,XOM,0.05,20,0.100682,5.0341
2008-11-03,2008,2007,MSFT,0.05,20,0.0,0.0
2008-11-03,2008,2007,PG,0.05,20,0.0,0.0
2008-11-03,2008,2007,GE,0.05,20,0.0,0.0
2008-11-03,2008,2007,GOOGL,0.05,20,0.0,0.0
2008-11-03,2008,2007,CVX,0.05,20,0.0,0.0
2008-11-03,2008,2007,WMT,0.05,20,0.0,0.0
2008-11-03,2008,2007,T,0.05,20,0.0,0.0
2008-11-03,2008,2007,JNJ,0.05,20,0.0,0.0
2008-11-03,2008,2007,BAC,0.05,20,0.0,0.0
2008-11-03,2008,2007,AAPL,0.05,20,0.0,0.0
2008-11-03,2008,2007,CSCO,0.05,20,0.0,0.0
2008-11-03,2008,2007,C,0.05,20,0.0,0.0
2008-11-03,2008,2007,INTC,0.05,20,0.0,0.0
2008-11-03,2008,2007,JPM,0.05,20,0.0,0.0
2008-11-03,2008,2007,PFE,0.05,20,0.0,0.0
2008-11-03,2008,2007,IBM,0.05,20,0.0,0.0
2008-11-03,2008,2007,KO,0.05,20,0.0,0.0
2008-11-03,2008,2007,VZ,0.05,20,0.0,0.0
2008-11-03,2008,2007,AIG,0.05,20,0.0,0.0
2008-12-01,2008,2007,XOM,0.05,20,0.1166,5.83
2008-12-01,2008,2007,MSFT,0.05,20,0.0,0.0
2008-12-01,2008,2007,PG,0.05,20,0.0,0.0
2008-12-01,2008,2007,GE,0.05,20,0.0,0.0
2008-12-01,2008,2007,GOOGL,0.05,20,0.0,0.0
2008-12-01,2008,2007,CVX,0.05,20,0.0,0.0
2008-12-01,2008,2007,WMT,0.05,20,0.0,0.0
2008-12-01,2008,2007,T,0.05,20,0.0,0.0
2008-12-01,2008,2007,JNJ,0.05,20,0.0,0.0
2008-12-01,2008,2007,BAC,0.05,20,0.0,0.0
2008-12-01,2008,2007,AAPL,0.05,20,0.0,0.0
2008-12-01,2008,2007,CSCO,0.05,20,0.0,0.0
2008-12-01,2008,2007,C,0.05,20,0.0,0.0
2008-12-01,2008,2007,INTC,0.05,20,0.0,0.0
2008-12-01,2008,2007,JPM,0.05,20,0.0,0.0
2008-12-01,2008,2007,PFE,0.05,20,0.0,0.0
2008-12-01,2008,2007,IBM,0.05,20,0.0,0.0
2008-12-01,2008,2007,KO,0.05,20,0.0,0.0
2008-12-01,2008,2007,VZ,0.05,20,0.0,0.0
2008-12-01,2008,2007,AIG,0.05,20,0.0,0.0
2009-01-02,2009,2008,XOM,0.05,20,0.407827,20.3913
2009-01-02,2009,2008,WMT,0.05,20,0.0,0.0
2009-01-02,2009,2008,PG,0.05,20,0.0,0.0
2009-01-02,2009,2008,MSFT,0.05,20,0.0,0.0
2009-01-02,2009,2008,JNJ,0.05,20,0.0,0.0
2009-01-02,2009,2008,CVX,0.05,20,0.0,0.0
2009-01-02,2009,2008,T,0.05,20,0.0,0.0
2009-01-02,2009,2008,JPM,0.05,20,0.0,0.0
2009-01-02,2009,2008,PFE,0.05,20,0.0,0.0
2009-01-02,2009,2008,IBM,0.05,20,0.0,0.0
2009-01-02,2009,2008,KO,0.05,20,0.0,0.0
2009-01-02,2009,2008,VZ,0.05,20,0.0,0.0
2009-01-02,2009,2008,WFC,0.05,20,0.0,0.0
2009-01-02,2009,2008,GOOGL,0.05,20,0.0,0.0
2009-01-02,2009,2008,GE,0.05,20,0.0,0.0
2009-01-02,2009,2008,CSCO,0.05,20,0.0,0.0
2009-01-02,2009,2008,ORCL,0.05,20,0.0,0.0
2009-01-02,2009,2008,PM,0.05,20,0.0,0.0
2009-01-02,2009,2008,PEP,0.05,20,0.0,0.0
2009-01-02,2009,2008,INTC,0.05,20,0.0,0.0
2009-02-02,2009,2008,XOM,0.05,20,0.080208,4.0104
2009-02-02,2009,2008,WMT,0.05,20,0.0,0.0
2009-02-02,2009,2008,PG,0.05,20,0.0,0.0
2009-02-02,2009,2008,MSFT,0.05,20,0.0,0.0
2009-02-02,2009,2008,JNJ,0.05,20,0.0,0.0
2009-02-02,2009,2008,CVX,0.05,20,0.0,0.0
2009-02-02,2009,2008,T,0.05,20,0.0,0.0
2009-02-02,2009,2008,JPM,0.05,20,0.0,0.0
2009-02-02,2009,2008,PFE,0.05,20,0.0,0.0
2009-02-02,2009,2008,IBM,0.05,20,0.0,0.0
2009-02-02,2009,2008,KO,0.05,20,0.0,0.0
2009-02-02,2009,2008,VZ,0.05,20,0.0,0.0
2009-02-02,2009,2008,WFC,0.05,20,0.0,0.0
2009-02-02,2009,2008,GOOGL,0.05,20,0.0,0.0
2009-02-02,2009,2008,GE,0.05,20,0.0,0.0
2009-02-02,2009,2008,CSCO,0.05,20,0.0,0.0
2009-02-02,2009,2008,ORCL,0.05,20,0.0,0.0
2009-02-02,2009,2008,PM,0.05,20,0.0,0.0
2009-02-02,2009,2008,PEP,0.05,20,0.0,0.0
2009-02-02,2009,2008,INTC,0.05,20,0.0,0.0
2009-03-02,2009,2008,XOM,0.05,20,0.073971,3.6986
2009-03-02,2009,2008,WMT,0.05,20,0.0,0.0
2009-03-02,2009,2008,PG,0.05,20,0.0,0.0
2009-03-02,2009,2008,MSFT,0.05,20,0.0,0.0
2009-03-02,2009,2008,JNJ,0.05,20,0.0,0.0
2009-03-02,2009,2008,CVX,0.05,20,0.0,0.0
2009-03-02,2009,2008,T,0.05,20,0.0,0.0
2009-03-02,2009,2008,JPM,0.05,20,0.0,0.0
2009-03-02,2009,2008,PFE,0.05,20,0.0,0.0
2009-03-02,2009,2008,IBM,0.05,20,0.0,0.0
2009-03-02,2009,2008,KO,0.05,20,0.0,0.0
2009-03-02,2009,2008,VZ,0.05,20,0.0,0.0
2009-03-02,2009,2008,WFC,0.05,20,0.0,0.0
2009-03-02,2009,2008,GOOGL,0.05,20,0.0,0.0
2009-03-02,2009,2008,GE,0.05,20,0.0,0.0
2009-03-02,2009,2008,CSCO,0.05,20,0.0,0.0
2009-03-02,2009,2008,ORCL,0.05,20,0.0,0.0
2009-03-02,2009,2008,PM,0.05,20,0.0,0.0
2009-03-02,2009,2008,PEP,0.05,20,0.0,0.0
2009-03-02,2009,2008,INTC,0.05,20,0.0,0.0
2009-04-01,2009,2008,XOM,0.05,20,0.046654,2.3327
2009-04-01,2009,2008,WMT,0.05,20,0.0,0.0
2009-04-01,2009,2008,PG,0.05,20,0.0,0.0
2009-04-01,2009,2008,MSFT,0.05,20,0.0,0.0
2009-04-01,2009,2008,JNJ,0.05,20,0.0,0.0
2009-04-01,2009,2008,CVX,0.05,20,0.0,0.0
2009-04-01,2009,2008,T,0.05,20,0.0,0.0
2009-04-01,2009,2008,JPM,0.05,20,0.0,0.0
2009-04-01,2009,2008,PFE,0.05,20,0.0,0.0
2009-04-01,2009,2008,IBM,0.05,20,0.0,0.0
2009-04-01,2009,2008,KO,0.05,20,0.0,0.0
2009-04-01,2009,2008,VZ,0.05,20,0.0,0.0
2009-04-01,2009,2008,WFC,0.05,20,0.0,0.0
2009-04-01,2009,2008,GOOGL,0.05,20,0.0,0.0
2009-04-01,2009,2008,GE,0.05,20,0.0,0.0
2009-04-01,2009,2008,CSCO,0.05,20,0.0,0.0
2009-04-01,2009,2008,ORCL,0.05,20,0.0,0.0
2009-04-01,2009,2008,PM,0.05,20,0.0,0.0
2009-04-01,2009,2008,PEP,0.05,20,0.0,0.0
2009-04-01,2009,2008,INTC,0.05,20,0.0,0.0
2009-05-01,2009,2008,XOM,0.05,20,0.079474,3.9737
2009-05-01,2009,2008,WMT,0.05,20,0.0,0.0
2009-05-01,2009,2008,PG,0.05,20,0.0,0.0
2009-05-01,2009,2008,MSFT,0.05,20,0.0,0.0
2009-05-01,2009,2008,JNJ,0.05,20,0.0,0.0
2009-05-01,2009,2008,CVX,0.05,20,0.0,0.0
2009-05-01,2009,2008,T,0.05,20,0.0,0.0
2009-05-01,2009,2008,JPM,0.05,20,0.0,0.0
2009-05-01,2009,2008,PFE,0.05,20,0.0,0.0
2009-05-01,2009,2008,IBM,0.05,20,0.0,0.0
2009-05-01,2009,2008,KO,0.05,20,0.0,0.0
2009-05-01,2009,2008,VZ,0.05,20,0.0,0.0
2009-05-01,2009,2008,WFC,0.05,20,0.0,0.0
2009-05-01,2009,2008,GOOGL,0.05,20,0.0,0.0
2009-05-01,2009,2008,GE,0.05,20,0.0,0.0
2009-05-01,2009,2008,CSCO,0.05,20,0.0,0.0
2009-05-01,2009,2008,ORCL,0.05,20,0.0,0.0
2009-05-01,2009,2008,PM,0.05,20,0.0,0.0
2009-05-01,2009,2008,PEP,0.05,20,0.0,0.0
2009-05-01,2009,2008,INTC,0.05,20,0.0,0.0
2009-06-01,2009,2008,XOM,0.05,20,0.054785,2.7392
2009-06-01,2009,2008,WMT,0.05,20,0.0,0.0
2009-06-01,2009,2008,PG,0.05,20,0.0,0.0
2009-06-01,2009,2008,MSFT,0.05,20,0.0,0.0
2009-06-01,2009,2008,JNJ,0.05,20,0.0,0.0
2009-06-01,2009,2008,CVX,0.05,20,0.0,0.0
2009-06-01,2009,2008,T,0.05,20,0.0,0.0
2009-06-01,2009,2008,JPM,0.05,20,0.0,0.0
2009-06-01,2009,2008,PFE,0.05,20,0.0,0.0
2009-06-01,2009,2008,IBM,0.05,20,0.0,0.0
2009-06-01,2009,2008,KO,0.05,20,0.0,0.0
2009-06-01,2009,2008,VZ,0.05,20,0.0,0.0
2009-06-01,2009,2008,WFC,0.05,20,0.0,0.0
2009-06-01,2009,2008,GOOGL,0.05,20,0.0,0.0
2009-06-01,2009,2008,GE,0.05,20,0.0,0.0
2009-06-01,2009,2008,CSCO,0.05,20,0.0,0.0
2009-06-01,2009,2008,ORCL,0.05,20,0.0,0.0
2009-06-01,2009,2008,PM,0.05,20,0.0,0.0
2009-06-01,2009,2008,PEP,0.05,20,0.0,0.0
2009-06-01,2009,2008,INTC,0.05,20,0.0,0.0
2009-07-01,2009,2008,XOM,0.05,20,0.041247,2.0624
2009-07-01,2009,2008,WMT,0.05,20,0.0,0.0
2009-07-01,2009,2008,PG,0.05,20,0.0,0.0
2009-07-01,2009,2008,MSFT,0.05,20,0.0,0.0
2009-07-01,2009,2008,JNJ,0.05,20,0.0,0.0
2009-07-01,2009,2008,CVX,0.05,20,0.0,0.0
2009-07-01,2009,2008,T,0.05,20,0.0,0.0
2009-07-01,2009,2008,JPM,0.05,20,0.0,0.0
2009-07-01,2009,2008,PFE,0.05,20,0.0,0.0
2009-07-01,2009,2008,IBM,0.05,20,0.0,0.0
2009-07-01,2009,2008,KO,0.05,20,0.0,0.0
2009-07-01,2009,2008,VZ,0.05,20,0.0,0.0
2009-07-01,2009,2008,WFC,0.05,20,0.0,0.0
2009-07-01,2009,2008,GOOGL,0.05,20,0.0,0.0
2009-07-01,2009,2008,GE,0.05,20,0.0,0.0
2009-07-01,2009,2008,CSCO,0.05,20,0.0,0.0
2009-07-01,2009,2008,ORCL,0.05,20,0.0,0.0
2009-07-01,2009,2008,PM,0.05,20,0.0,0.0
2009-07-01,2009,2008,PEP,0.05,20,0.0,0.0
2009-07-01,2009,2008,INTC,0.05,20,0.0,0.0
2009-08-03,2009,2008,XOM,0.05,20,0.039788,1.9894
2009-08-03,2009,2008,WMT,0.05,20,0.0,0.0
2009-08-03,2009,2008,PG,0.05,20,0.0,0.0
2009-08-03,2009,2008,MSFT,0.05,20,0.0,0.0
2009-08-03,2009,2008,JNJ,0.05,20,0.0,0.0
2009-08-03,2009,2008,CVX,0.05,20,0.0,0.0
2009-08-03,2009,2008,T,0.05,20,0.0,0.0
2009-08-03,2009,2008,JPM,0.05,20,0.0,0.0
2009-08-03,2009,2008,PFE,0.05,20,0.0,0.0
2009-08-03,2009,2008,IBM,0.05,20,0.0,0.0
2009-08-03,2009,2008,KO,0.05,20,0.0,0.0
2009-08-03,2009,2008,VZ,0.05,20,0.0,0.0
2009-08-03,2009,2008,WFC,0.05,20,0.0,0.0
2009-08-03,2009,2008,GOOGL,0.05,20,0.0,0.0
2009-08-03,2009,2008,GE,0.05,20,0.0,0.0
2009-08-03,2009,2008,CSCO,0.05,20,0.0,0.0
2009-08-03,2009,2008,ORCL,0.05,20,0.0,0.0
2009-08-03,2009,2008,PM,0.05,20,0.0,0.0
2009-08-03,2009,2008,PEP,0.05,20,0.0,0.0
2009-08-03,2009,2008,INTC,0.05,20,0.0,0.0
2009-09-01,2009,2008,XOM,0.05,20,0.036197,1.8098
2009-09-01,2009,2008,WMT,0.05,20,0.0,0.0
2009-09-01,2009,2008,PG,0.05,20,0.0,0.0
2009-09-01,2009,2008,MSFT,0.05,20,0.0,0.0
2009-09-01,2009,2008,JNJ,0.05,20,0.0,0.0
2009-09-01,2009,2008,CVX,0.05,20,0.0,0.0
2009-09-01,2009,2008,T,0.05,20,0.0,0.0
2009-09-01,2009,2008,JPM,0.05,20,0.0,0.0
2009-09-01,2009,2008,PFE,0.05,20,0.0,0.0
2009-09-01,2009,2008,IBM,0.05,20,0.0,0.0
2009-09-01,2009,2008,KO,0.05,20,0.0,0.0
2009-09-01,2009,2008,VZ,0.05,20,0.0,0.0
2009-09-01,2009,2008,WFC,0.05,20,0.0,0.0
2009-09-01,2009,2008,GOOGL,0.05,20,0.0,0.0
2009-09-01,2009,2008,GE,0.05,20,0.0,0.0
2009-09-01,2009,2008,CSCO,0.05,20,0.0,0.0
2009-09-01,2009,2008,ORCL,0.05,20,0.0,0.0
2009-09-01,2009,2008,PM,0.05,20,0.0,0.0
2009-09-01,2009,2008,PEP,0.05,20,0.0,0.0
2009-09-01,2009,2008,INTC,0.05,20,0.0,0.0
2009-10-01,2009,2008,XOM,0.05,20,0.043609,2.1804
2009-10-01,2009,2008,WMT,0.05,20,0.0,0.0
2009-10-01,2009,2008,PG,0.05,20,0.0,0.0
2009-10-01,2009,2008,MSFT,0.05,20,0.0,0.0
2009-10-01,2009,2008,JNJ,0.05,20,0.0,0.0
2009-10-01,2009,2008,CVX,0.05,20,0.0,0.0
2009-10-01,2009,2008,T,0.05,20,0.0,0.0
2009-10-01,2009,2008,JPM,0.05,20,0.0,0.0
2009-10-01,2009,2008,PFE,0.05,20,0.0,0.0
2009-10-01,2009,2008,IBM,0.05,20,0.0,0.0
2009-10-01,2009,2008,KO,0.05,20,0.0,0.0
2009-10-01,2009,2008,VZ,0.05,20,0.0,0.0
2009-10-01,2009,2008,WFC,0.05,20,0.0,0.0
2009-10-01,2009,2008,GOOGL,0.05,20,0.0,0.0
2009-10-01,2009,2008,GE,0.05,20,0.0,0.0
2009-10-01,2009,2008,CSCO,0.05,20,0.0,0.0
2009-10-01,2009,2008,ORCL,0.05,20,0.0,0.0
2009-10-01,2009,2008,PM,0.05,20,0.0,0.0
2009-10-01,2009,2008,PEP,0.05,20,0.0,0.0
2009-10-01,2009,2008,INTC,0.05,20,0.0,0.0
2009-11-02,2009,2008,XOM,0.05,20,0.037638,1.8819
2009-11-02,2009,2008,WMT,0.05,20,0.0,0.0
2009-11-02,2009,2008,PG,0.05,20,0.0,0.0
2009-11-02,2009,2008,MSFT,0.05,20,0.0,0.0
2009-11-02,2009,2008,JNJ,0.05,20,0.0,0.0
2009-11-02,2009,2008,CVX,0.05,20,0.0,0.0
2009-11-02,2009,2008,T,0.05,20,0.0,0.0
2009-11-02,2009,2008,JPM,0.05,20,0.0,0.0
2009-11-02,2009,2008,PFE,0.05,20,0.0,0.0
2009-11-02,2009,2008,IBM,0.05,20,0.0,0.0
2009-11-02,2009,2008,KO,0.05,20,0.0,0.0
2009-11-02,2009,2008,VZ,0.05,20,0.0,0.0
2009-11-02,2009,2008,WFC,0.05,20,0.0,0.0
2009-11-02,2009,2008,GOOGL,0.05,20,0.0,0.0
2009-11-02,2009,2008,GE,0.05,20,0.0,0.0
2009-11-02,2009,2008,CSCO,0.05,20,0.0,0.0
2009-11-02,2009,2008,ORCL,0.05,20,0.0,0.0
2009-11-02,2009,2008,PM,0.05,20,0.0,0.0
2009-11-02,2009,2008,PEP,0.05,20,0.0,0.0
2009-11-02,2009,2008,INTC,0.05,20,0.0,0.0
2009-12-01,2009,2008,XOM,0.05,20,0.023819,1.191
2009-12-01,2009,2008,WMT,0.05,20,0.0,0.0
2009-12-01,2009,2008,PG,0.05,20,0.0,0.0
2009-12-01,2009,2008,MSFT,0.05,20,0.0,0.0
2009-12-01,2009,2008,JNJ,0.05,20,0.0,0.0
2009-12-01,2009,2008,CVX,0.05,20,0.0,0.0
2009-12-01,2009,2008,T,0.05,20,0.0,0.0
2009-12-01,2009,2008,JPM,0.05,20,0.0,0.0
2009-12-01,2009,2008,PFE,0.05,20,0.0,0.0
2009-12-01,2009,2008,IBM,0.05,20,0.0,0.0
2009-12-01,2009,2008,KO,0.05,20,0.0,0.0
2009-12-01,2009,2008,VZ,0.05,20,0.0,0.0
2009-12-01,2009,2008,WFC,0.05,20,0.0,0.0
2009-12-01,2009,2008,GOOGL,0.05,20,0.0,0.0
2009-12-01,2009,2008,GE,0.05,20,0.0,0.0
2009-12-01,2009,2008,CSCO,0.05,20,0.0,0.0
2009-12-01,2009,2008,ORCL,0.05,20,0.0,0.0
2009-12-01,2009,2008,PM,0.05,20,0.0,0.0
2009-12-01,2009,2008,PEP,0.05,20,0.0,0.0
2009-12-01,2009,2008,INTC,0.05,20,0.0,0.0
2010-01-04,2010,2009,XOM,0.05,20,0.328133,16.4067
2010-01-04,2010,2009,MSFT,0.05,20,0.0,0.0
2010-01-04,2010,2009,WMT,0.05,20,0.0,0.0
2010-01-04,2010,2009,GOOGL,0.05,20,0.0,0.0
2010-01-04,2010,2009,AAPL,0.05,20,0.0,0.0
2010-01-04,2010,2009,JNJ,0.05,20,0.0,0.0
2010-01-04,2010,2009,PG,0.05,20,0.0,0.0
2010-01-04,2010,2009,JPM,0.05,20,0.0,0.0
2010-01-04,2010,2009,IBM,0.05,20,0.0,0.0
2010-01-04,2010,2009,CVX,0.05,20,0.0,0.0
2010-01-04,2010,2009,WFC,0.05,20,0.0,0.0
2010-01-04,2010,2009,PFE,0.05,20,0.0,0.0
2010-01-04,2010,2009,CSCO,0.05,20,0.0,0.0
2010-01-04,2010,2009,KO,0.05,20,0.0,0.0
2010-01-04,2010,2009,BAC,0.05,20,0.0,0.0
2010-01-04,2010,2009,T,0.05,20,0.0,0.0
2010-01-04,2010,2009,ORCL,0.05,20,0.0,0.0
2010-01-04,2010,2009,INTC,0.05,20,0.0,0.0
2010-01-04,2010,2009,MRK,0.05,20,0.0,0.0
2010-01-04,2010,2009,VZ,0.05,20,0.0,0.0
2010-02-01,2010,2009,XOM,0.05,20,0.043493,2.1746
2010-02-01,2010,2009,MSFT,0.05,20,0.0,0.0
2010-02-01,2010,2009,WMT,0.05,20,0.0,0.0
2010-02-01,2010,2009,GOOGL,0.05,20,0.0,0.0
2010-02-01,2010,2009,AAPL,0.05,20,0.0,0.0
2010-02-01,2010,2009,JNJ,0.05,20,0.0,0.0
2010-02-01,2010,2009,PG,0.05,20,0.0,0.0
2010-02-01,2010,2009,JPM,0.05,20,0.0,0.0
2010-02-01,2010,2009,IBM,0.05,20,0.0,0.0
2010-02-01,2010,2009,CVX,0.05,20,0.0,0.0
2010-02-01,2010,2009,WFC,0.05,20,0.0,0.0
2010-02-01,2010,2009,PFE,0.05,20,0.0,0.0
2010-02-01,2010,2009,CSCO,0.05,20,0.0,0.0
2010-02-01,2010,2009,KO,0.05,20,0.0,0.0
2010-02-01,2010,2009,BAC,0.05,20,0.0,0.0
2010-02-01,2010,2009,T,0.05,20,0.0,0.0
2010-02-01,2010,2009,ORCL,0.05,20,0.0,0.0
2010-02-01,2010,2009,INTC,0.05,20,0.0,0.0
2010-02-01,2010,2009,MRK,0.05,20,0.0,0.0
2010-02-01,2010,2009,VZ,0.05,20,0.0,0.0
2010-03-01,2010,2009,XOM,0.05,20,0.036175,1.8087
2010-03-01,2010,2009,MSFT,0.05,20,0.0,0.0
2010-03-01,2010,2009,WMT,0.05,20,0.0,0.0
2010-03-01,2010,2009,GOOGL,0.05,20,0.0,0.0
2010-03-01,2010,2009,AAPL,0.05,20,0.0,0.0
2010-03-01,2010,2009,JNJ,0.05,20,0.0,0.0
2010-03-01,2010,2009,PG,0.05,20,0.0,0.0
2010-03-01,2010,2009,JPM,0.05,20,0.0,0.0
2010-03-01,2010,2009,IBM,0.05,20,0.0,0.0
2010-03-01,2010,2009,CVX,0.05,20,0.0,0.0
2010-03-01,2010,2009,WFC,0.05,20,0.0,0.0
2010-03-01,2010,2009,PFE,0.05,20,0.0,0.0
2010-03-01,2010,2009,CSCO,0.05,20,0.0,0.0
2010-03-01,2010,2009,KO,0.05,20,0.0,0.0
2010-03-01,2010,2009,BAC,0.05,20,0.0,0.0
2010-03-01,2010,2009,T,0.05,20,0.0,0.0
2010-03-01,2010,2009,ORCL,0.05,20,0.0,0.0
2010-03-01,2010,2009,INTC,0.05,20,0.0,0.0
2010-03-01,2010,2009,MRK,0.05,20,0.0,0.0
2010-03-01,2010,2009,VZ,0.05,20,0.0,0.0
2010-04-01,2010,2009,XOM,0.05,20,0.029611,1.4806
2010-04-01,2010,2009,MSFT,0.05,20,0.0,0.0
2010-04-01,2010,2009,WMT,0.05,20,0.0,0.0
2010-04-01,2010,2009,GOOGL,0.05,20,0.0,0.0
2010-04-01,2010,2009,AAPL,0.05,20,0.0,0.0
2010-04-01,2010,2009,JNJ,0.05,20,0.0,0.0
2010-04-01,2010,2009,PG,0.05,20,0.0,0.0
2010-04-01,2010,2009,JPM,0.05,20,0.0,0.0
2010-04-01,2010,2009,IBM,0.05,20,0.0,0.0
2010-04-01,2010,2009,CVX,0.05,20,0.0,0.0
2010-04-01,2010,2009,WFC,0.05,20,0.0,0.0
2010-04-01,2010,2009,PFE,0.05,20,0.0,0.0
2010-04-01,2010,2009,CSCO,0.05,20,0.0,0.0
2010-04-01,2010,2009,KO,0.05,20,0.0,0.0
2010-04-01,2010,2009,BAC,0.05,20,0.0,0.0
2010-04-01,2010,2009,T,0.05,20,0.0,0.0
2010-04-01,2010,2009,ORCL,0.05,20,0.0,0.0
2010-04-01,2010,2009,INTC,0.05,20,0.0,0.0
2010-04-01,2010,2009,MRK,0.05,20,0.0,0.0
2010-04-01,2010,2009,VZ,0.05,20,0.0,0.0
2010-05-03,2010,2009,XOM,0.05,20,0.037723,1.8862
2010-05-03,2010,2009,MSFT,0.05,20,0.0,0.0
2010-05-03,2010,2009,WMT,0.05,20,0.0,0.0
2010-05-03,2010,2009,GOOGL,0.05,20,0.0,0.0
2010-05-03,2010,2009,AAPL,0.05,20,0.0,0.0
2010-05-03,2010,2009,JNJ,0.05,20,0.0,0.0
2010-05-03,2010,2009,PG,0.05,20,0.0,0.0
2010-05-03,2010,2009,JPM,0.05,20,0.0,0.0
2010-05-03,2010,2009,IBM,0.05,20,0.0,0.0
2010-05-03,2010,2009,CVX,0.05,20,0.0,0.0
2010-05-03,2010,2009,WFC,0.05,20,0.0,0.0
2010-05-03,2010,2009,PFE,0.05,20,0.0,0.0
2010-05-03,2010,2009,CSCO,0.05,20,0.0,0.0
2010-05-03,2010,2009,KO,0.05,20,0.0,0.0
2010-05-03,2010,2009,BAC,0.05,20,0.0,0.0
2010-05-03,2010,2009,T,0.05,20,0.0,0.0
2010-05-03,2010,2009,ORCL,0.05,20,0.0,0.0
2010-05-03,2010,2009,INTC,0.05,20,0.0,0.0
2010-05-03,2010,2009,MRK,0.05,20,0.0,0.0
2010-05-03,2010,2009,VZ,0.05,20,0.0,0.0
2010-06-01,2010,2009,XOM,0.05,20,0.036149,1.8074
2010-06-01,2010,2009,MSFT,0.05,20,0.0,0.0
2010-06-01,2010,2009,WMT,0.05,20,0.0,0.0
2010-06-01,2010,2009,GOOGL,0.05,20,0.0,0.0
2010-06-01,2010,2009,AAPL,0.05,20,0.0,0.0
2010-06-01,2010,2009,JNJ,0.05,20,0.0,0.0
2010-06-01,2010,2009,PG,0.05,20,0.0,0.0
2010-06-01,2010,2009,JPM,0.05,20,0.0,0.0
2010-06-01,2010,2009,IBM,0.05,20,0.0,0.0
2010-06-01,2010,2009,CVX,0.05,20,0.0,0.0
2010-06-01,2010,2009,WFC,0.05,20,0.0,0.0
2010-06-01,2010,2009,PFE,0.05,20,0.0,0.0
2010-06-01,2010,2009,CSCO,0.05,20,0.0,0.0
2010-06-01,2010,2009,KO,0.05,20,0.0,0.0
2010-06-01,2010,2009,BAC,0.05,20,0.0,0.0
2010-06-01,2010,2009,T,0.05,20,0.0,0.0
2010-06-01,2010,2009,ORCL,0.05,20,0.0,0.0
2010-06-01,2010,2009,INTC,0.05,20,0.0,0.0
2010-06-01,2010,2009,MRK,0.05,20,0.0,0.0
2010-06-01,2010,2009,VZ,0.05,20,0.0,0.0
2010-07-01,2010,2009,XOM,0.05,20,0.039508,1.9754
2010-07-01,2010,2009,MSFT,0.05,20,0.0,0.0
2010-07-01,2010,2009,WMT,0.05,20,0.0,0.0
2010-07-01,2010,2009,GOOGL,0.05,20,0.0,0.0
2010-07-01,2010,2009,AAPL,0.05,20,0.0,0.0
2010-07-01,2010,2009,JNJ,0.05,20,0.0,0.0
2010-07-01,2010,2009,PG,0.05,20,0.0,0.0
2010-07-01,2010,2009,JPM,0.05,20,0.0,0.0
2010-07-01,2010,2009,IBM,0.05,20,0.0,0.0
2010-07-01,2010,2009,CVX,0.05,20,0.0,0.0
2010-07-01,2010,2009,WFC,0.05,20,0.0,0.0
2010-07-01,2010,2009,PFE,0.05,20,0.0,0.0
2010-07-01,2010,2009,CSCO,0.05,20,0.0,0.0
2010-07-01,2010,2009,KO,0.05,20,0.0,0.0
2010-07-01,2010,2009,BAC,0.05,20,0.0,0.0
2010-07-01,2010,2009,T,0.05,20,0.0,0.0
2010-07-01,2010,2009,ORCL,0.05,20,0.0,0.0
2010-07-01,2010,2009,INTC,0.05,20,0.0,0.0
2010-07-01,2010,2009,MRK,0.05,20,0.0,0.0
2010-07-01,2010,2009,VZ,0.05,20,0.0,0.0
2010-08-02,2010,2009,XOM,0.05,20,0.036263,1.8132
2010-08-02,2010,2009,MSFT,0.05,20,0.0,0.0
2010-08-02,2010,2009,WMT,0.05,20,0.0,0.0
2010-08-02,2010,2009,GOOGL,0.05,20,0.0,0.0
2010-08-02,2010,2009,AAPL,0.05,20,0.0,0.0
2010-08-02,2010,2009,JNJ,0.05,20,0.0,0.0
2010-08-02,2010,2009,PG,0.05,20,0.0,0.0
2010-08-02,2010,2009,JPM,0.05,20,0.0,0.0
2010-08-02,2010,2009,IBM,0.05,20,0.0,0.0
2010-08-02,2010,2009,CVX,0.05,20,0.0,0.0
2010-08-02,2010,2009,WFC,0.05,20,0.0,0.0
2010-08-02,2010,2009,PFE,0.05,20,0.0,0.0
2010-08-02,2010,2009,CSCO,0.05,20,0.0,0.0
2010-08-02,2010,2009,KO,0.05,20,0.0,0.0
2010-08-02,2010,2009,BAC,0.05,20,0.0,0.0
2010-08-02,2010,2009,T,0.05,20,0.0,0.0
2010-08-02,2010,2009,ORCL,0.05,20,0.0,0.0
2010-08-02,2010,2009,INTC,0.05,20,0.0,0.0
2010-08-02,2010,2009,MRK,0.05,20,0.0,0.0
2010-08-02,2010,2009,VZ,0.05,20,0.0,0.0
2010-09-01,2010,2009,XOM,0.05,20,0.055475,2.7738
2010-09-01,2010,2009,MSFT,0.05,20,0.0,0.0
2010-09-01,2010,2009,WMT,0.05,20,0.0,0.0
2010-09-01,2010,2009,GOOGL,0.05,20,0.0,0.0
2010-09-01,2010,2009,AAPL,0.05,20,0.0,0.0
2010-09-01,2010,2009,JNJ,0.05,20,0.0,0.0
2010-09-01,2010,2009,PG,0.05,20,0.0,0.0
2010-09-01,2010,2009,JPM,0.05,20,0.0,0.0
2010-09-01,2010,2009,IBM,0.05,20,0.0,0.0
2010-09-01,2010,2009,CVX,0.05,20,0.0,0.0
2010-09-01,2010,2009,WFC,0.05,20,0.0,0.0
2010-09-01,2010,2009,PFE,0.05,20,0.0,0.0
2010-09-01,2010,2009,CSCO,0.05,20,0.0,0.0
2010-09-01,2010,2009,KO,0.05,20,0.0,0.0
2010-09-01,2010,2009,BAC,0.05,20,0.0,0.0
2010-09-01,2010,2009,T,0.05,20,0.0,0.0
2010-09-01,2010,2009,ORCL,0.05,20,0.0,0.0
2010-09-01,2010,2009,INTC,0.05,20,0.0,0.0
2010-09-01,2010,2009,MRK,0.05,20,0.0,0.0
2010-09-01,2010,2009,VZ,0.05,20,0.0,0.0
2010-10-01,2010,2009,XOM,0.05,20,0.032882,1.6441
2010-10-01,2010,2009,MSFT,0.05,20,0.0,0.0
2010-10-01,2010,2009,WMT,0.05,20,0.0,0.0
2010-10-01,2010,2009,GOOGL,0.05,20,0.0,0.0
2010-10-01,2010,2009,AAPL,0.05,20,0.0,0.0
2010-10-01,2010,2009,JNJ,0.05,20,0.0,0.0
2010-10-01,2010,2009,PG,0.05,20,0.0,0.0
2010-10-01,2010,2009,JPM,0.05,20,0.0,0.0
2010-10-01,2010,2009,IBM,0.05,20,0.0,0.0
2010-10-01,2010,2009,CVX,0.05,20,0.0,0.0
2010-10-01,2010,2009,WFC,0.05,20,0.0,0.0
2010-10-01,2010,2009,PFE,0.05,20,0.0,0.0
2010-10-01,2010,2009,CSCO,0.05,20,0.0,0.0
2010-10-01,2010,2009,KO,0.05,20,0.0,0.0
2010-10-01,2010,2009,BAC,0.05,20,0.0,0.0
2010-10-01,2010,2009,T,0.05,20,0.0,0.0
2010-10-01,2010,2009,ORCL,0.05,20,0.0,0.0
2010-10-01,2010,2009,INTC,0.05,20,0.0,0.0
2010-10-01,2010,2009,MRK,0.05,20,0.0,0.0
2010-10-01,2010,2009,VZ,0.05,20,0.0,0.0
2010-11-01,2010,2009,XOM,0.05,20,0.037279,1.864
2010-11-01,2010,2009,MSFT,0.05,20,0.0,0.0
2010-11-01,2010,2009,WMT,0.05,20,0.0,0.0
2010-11-01,2010,2009,GOOGL,0.05,20,0.0,0.0
2010-11-01,2010,2009,AAPL,0.05,20,0.0,0.0
2010-11-01,2010,2009,JNJ,0.05,20,0.0,0.0
2010-11-01,2010,2009,PG,0.05,20,0.0,0.0
2010-11-01,2010,2009,JPM,0.05,20,0.0,0.0
2010-11-01,2010,2009,IBM,0.05,20,0.0,0.0
2010-11-01,2010,2009,CVX,0.05,20,0.0,0.0
2010-11-01,2010,2009,WFC,0.05,20,0.0,0.0
2010-11-01,2010,2009,PFE,0.05,20,0.0,0.0
2010-11-01,2010,2009,CSCO,0.05,20,0.0,0.0
2010-11-01,2010,2009,KO,0.05,20,0.0,0.0
2010-11-01,2010,2009,BAC,0.05,20,0.0,0.0
2010-11-01,2010,2009,T,0.05,20,0.0,0.0
2010-11-01,2010,2009,ORCL,0.05,20,0.0,0.0
2010-11-01,2010,2009,INTC,0.05,20,0.0,0.0
2010-11-01,2010,2009,MRK,0.05,20,0.0,0.0
2010-11-01,2010,2009,VZ,0.05,20,0.0,0.0
2010-12-01,2010,2009,XOM,0.05,20,0.041514,2.0757
2010-12-01,2010,2009,MSFT,0.05,20,0.0,0.0
2010-12-01,2010,2009,WMT,0.05,20,0.0,0.0
2010-12-01,2010,2009,GOOGL,0.05,20,0.0,0.0
2010-12-01,2010,2009,AAPL,0.05,20,0.0,0.0
2010-12-01,2010,2009,JNJ,0.05,20,0.0,0.0
2010-12-01,2010,2009,PG,0.05,20,0.0,0.0
2010-12-01,2010,2009,JPM,0.05,20,0.0,0.0
2010-12-01,2010,2009,IBM,0.05,20,0.0,0.0
2010-12-01,2010,2009,CVX,0.05,20,0.0,0.0
2010-12-01,2010,2009,WFC,0.05,20,0.0,0.0
2010-12-01,2010,2009,PFE,0.05,20,0.0,0.0
2010-12-01,2010,2009,CSCO,0.05,20,0.0,0.0
2010-12-01,2010,2009,KO,0.05,20,0.0,0.0
2010-12-01,2010,2009,BAC,0.05,20,0.0,0.0
2010-12-01,2010,2009,T,0.05,20,0.0,0.0
2010-12-01,2010,2009,ORCL,0.05,20,0.0,0.0
2010-12-01,2010,2009,INTC,0.05,20,0.0,0.0
2010-12-01,2010,2009,MRK,0.05,20,0.0,0.0
2010-12-01,2010,2009,VZ,0.05,20,0.0,0.0
2011-01-03,2011,2010,XOM,0.05,20,0.339182,16.9591
2011-01-03,2011,2010,AAPL,0.05,20,0.0,0.0
2011-01-03,2011,2010,MSFT,0.05,20,0.0,0.0
2011-01-03,2011,2010,BRK-B,0.05,20,0.0,0.0
2011-01-03,2011,2010,WMT,0.05,20,0.0,0.0
2011-01-03,2011,2010,GOOGL,0.05,20,0.0,0.0
2011-01-03,2011,2010,CVX,0.05,20,0.0,0.0
2011-01-03,2011,2010,PG,0.05,20,0.0,0.0
2011-01-03,2011,2010,IBM,0.05,20,0.0,0.0
2011-01-03,2011,2010,JNJ,0.05,20,0.0,0.0
2011-01-03,2011,2010,JPM,0.05,20,0.0,0.0
2011-01-03,2011,2010,WFC,0.05,20,0.0,0.0
2011-01-03,2011,2010,ORCL,0.05,20,0.0,0.0
2011-01-03,2011,2010,KO,0.05,20,0.0,0.0
2011-01-03,2011,2010,C,0.05,20,0.0,0.0
2011-01-03,2011,2010,BAC,0.05,20,0.0,0.0
2011-01-03,2011,2010,PFE,0.05,20,0.0,0.0
2011-01-03,2011,2010,T,0.05,20,0.0,0.0
2011-01-03,2011,2010,GE,0.05,20,0.0,0.0
2011-01-03,2011,2010,INTC,0.05,20,0.0,0.0
2011-02-01,2011,2010,XOM,0.05,20,0.032193,1.6097
2011-02-01,2011,2010,AAPL,0.05,20,0.0,0.0
2011-02-01,2011,2010,MSFT,0.05,20,0.0,0.0
2011-02-01,2011,2010,BRK-B,0.05,20,0.0,0.0
2011-02-01,2011,2010,WMT,0.05,20,0.0,0.0
2011-02-01,2011,2010,GOOGL,0.05,20,0.0,0.0
2011-02-01,2011,2010,CVX,0.05,20,0.0,0.0
2011-02-01,2011,2010,PG,0.05,20,0.0,0.0
2011-02-01,2011,2010,IBM,0.05,20,0.0,0.0
2011-02-01,2011,2010,JNJ,0.05,20,0.0,0.0
2011-02-01,2011,2010,JPM,0.05,20,0.0,0.0
2011-02-01,2011,2010,WFC,0.05,20,0.0,0.0
2011-02-01,2011,2010,ORCL,0.05,20,0.0,0.0
2011-02-01,2011,2010,KO,0.05,20,0.0,0.0
2011-02-01,2011,2010,C,0.05,20,0.0,0.0
2011-02-01,2011,2010,BAC,0.05,20,0.0,0.0
2011-02-01,2011,2010,PFE,0.05,20,0.0,0.0
2011-02-01,2011,2010,T,0.05,20,0.0,0.0
2011-02-01,2011,2010,GE,0.05,20,0.0,0.0
2011-02-01,2011,2010,INTC,0.05,20,0.0,0.0
2011-03-01,2011,2010,XOM,0.05,20,0.029708,1.4854
2011-03-01,2011,2010,AAPL,0.05,20,0.0,0.0
2011-03-01,2011,2010,MSFT,0.05,20,0.0,0.0
2011-03-01,2011,2010,BRK-B,0.05,20,0.0,0.0
2011-03-01,2011,2010,WMT,0.05,20,0.0,0.0
2011-03-01,2011,2010,GOOGL,0.05,20,0.0,0.0
2011-03-01,2011,2010,CVX,0.05,20,0.0,0.0
2011-03-01,2011,2010,PG,0.05,20,0.0,0.0
2011-03-01,2011,2010,IBM,0.05,20,0.0,0.0
2011-03-01,2011,2010,JNJ,0.05,20,0.0,0.0
2011-03-01,2011,2010,JPM,0.05,20,0.0,0.0
2011-03-01,2011,2010,WFC,0.05,20,0.0,0.0
2011-03-01,2011,2010,ORCL,0.05,20,0.0,0.0
2011-03-01,2011,2010,KO,0.05,20,0.0,0.0
2011-03-01,2011,2010,C,0.05,20,0.0,0.0
2011-03-01,2011,2010,BAC,0.05,20,0.0,0.0
2011-03-01,2011,2010,PFE,0.05,20,0.0,0.0
2011-03-01,2011,2010,T,0.05,20,0.0,0.0
2011-03-01,2011,2010,GE,0.05,20,0.0,0.0
2011-03-01,2011,2010,INTC,0.05,20,0.0,0.0
2011-04-01,2011,2010,XOM,0.05,20,0.032884,1.6442
2011-04-01,2011,2010,AAPL,0.05,20,0.0,0.0
2011-04-01,2011,2010,MSFT,0.05,20,0.0,0.0
2011-04-01,2011,2010,BRK-B,0.05,20,0.0,0.0
2011-04-01,2011,2010,WMT,0.05,20,0.0,0.0
2011-04-01,2011,2010,GOOGL,0.05,20,0.0,0.0
2011-04-01,2011,2010,CVX,0.05,20,0.0,0.0
2011-04-01,2011,2010,PG,0.05,20,0.0,0.0
2011-04-01,2011,2010,IBM,0.05,20,0.0,0.0
2011-04-01,2011,2010,JNJ,0.05,20,0.0,0.0
2011-04-01,2011,2010,JPM,0.05,20,0.0,0.0
2011-04-01,2011,2010,WFC,0.05,20,0.0,0.0
2011-04-01,2011,2010,ORCL,0.05,20,0.0,0.0
2011-04-01,2011,2010,KO,0.05,20,0.0,0.0
2011-04-01,2011,2010,C,0.05,20,0.0,0.0
2011-04-01,2011,2010,BAC,0.05,20,0.0,0.0
2011-04-01,2011,2010,PFE,0.05,20,0.0,0.0
2011-04-01,2011,2010,T,0.05,20,0.0,0.0
2011-04-01,2011,2010,GE,0.05,20,0.0,0.0
2011-04-01,2011,2010,INTC,0.05,20,0.0,0.0
2011-05-02,2011,2010,XOM,0.05,20,0.039678,1.9839
2011-05-02,2011,2010,AAPL,0.05,20,0.0,0.0
2011-05-02,2011,2010,MSFT,0.05,20,0.0,0.0
2011-05-02,2011,2010,BRK-B,0.05,20,0.0,0.0
2011-05-02,2011,2010,WMT,0.05,20,0.0,0.0
2011-05-02,2011,2010,GOOGL,0.05,20,0.0,0.0
2011-05-02,2011,2010,CVX,0.05,20,0.0,0.0
2011-05-02,2011,2010,PG,0.05,20,0.0,0.0
2011-05-02,2011,2010,IBM,0.05,20,0.0,0.0
2011-05-02,2011,2010,JNJ,0.05,20,0.0,0.0
2011-05-02,2011,2010,JPM,0.05,20,0.0,0.0
2011-05-02,2011,2010,WFC,0.05,20,0.0,0.0
2011-05-02,2011,2010,ORCL,0.05,20,0.0,0.0
2011-05-02,2011,2010,KO,0.05,20,0.0,0.0
2011-05-02,2011,2010,C,0.05,20,0.0,0.0
2011-05-02,2011,2010,BAC,0.05,20,0.0,0.0
2011-05-02,2011,2010,PFE,0.05,20,0.0,0.0
2011-05-02,2011,2010,T,0.05,20,0.0,0.0
2011-05-02,2011,2010,GE,0.05,20,0.0,0.0
2011-05-02,2011,2010,INTC,0.05,20,0.0,0.0
2011-06-01,2011,2010,XOM,0.05,20,0.027346,1.3673
2011-06-01,2011,2010,AAPL,0.05,20,0.0,0.0
2011-06-01,2011,2010,MSFT,0.05,20,0.0,0.0
2011-06-01,2011,2010,BRK-B,0.05,20,0.0,0.0
2011-06-01,2011,2010,WMT,0.05,20,0.0,0.0
2011-06-01,2011,2010,GOOGL,0.05,20,0.0,0.0
2011-06-01,2011,2010,CVX,0.05,20,0.0,0.0
2011-06-01,2011,2010,PG,0.05,20,0.0,0.0
2011-06-01,2011,2010,IBM,0.05,20,0.0,0.0
2011-06-01,2011,2010,JNJ,0.05,20,0.0,0.0
2011-06-01,2011,2010,JPM,0.05,20,0.0,0.0
2011-06-01,2011,2010,WFC,0.05,20,0.0,0.0
2011-06-01,2011,2010,ORCL,0.05,20,0.0,0.0
2011-06-01,2011,2010,KO,0.05,20,0.0,0.0
2011-06-01,2011,2010,C,0.05,20,0.0,0.0
2011-06-01,2011,2010,BAC,0.05,20,0.0,0.0
2011-06-01,2011,2010,PFE,0.05,20,0.0,0.0
2011-06-01,2011,2010,T,0.05,20,0.0,0.0
2011-06-01,2011,2010,GE,0.05,20,0.0,0.0
2011-06-01,2011,2010,INTC,0.05,20,0.0,0.0
2011-07-01,2011,2010,XOM,0.05,20,0.021404,1.0702
2011-07-01,2011,2010,AAPL,0.05,20,0.0,0.0
2011-07-01,2011,2010,MSFT,0.05,20,0.0,0.0
2011-07-01,2011,2010,BRK-B,0.05,20,0.0,0.0
2011-07-01,2011,2010,WMT,0.05,20,0.0,0.0
2011-07-01,2011,2010,GOOGL,0.05,20,0.0,0.0
2011-07-01,2011,2010,CVX,0.05,20,0.0,0.0
2011-07-01,2011,2010,PG,0.05,20,0.0,0.0
2011-07-01,2011,2010,IBM,0.05,20,0.0,0.0
2011-07-01,2011,2010,JNJ,0.05,20,0.0,0.0
2011-07-01,2011,2010,JPM,0.05,20,0.0,0.0
2011-07-01,2011,2010,WFC,0.05,20,0.0,0.0
2011-07-01,2011,2010,ORCL,0.05,20,0.0,0.0
2011-07-01,2011,2010,KO,0.05,20,0.0,0.0
2011-07-01,2011,2010,C,0.05,20,0.0,0.0
2011-07-01,2011,2010,BAC,0.05,20,0.0,0.0
2011-07-01,2011,2010,PFE,0.05,20,0.0,0.0
2011-07-01,2011,2010,T,0.05,20,0.0,0.0
2011-07-01,2011,2010,GE,0.05,20,0.0,0.0
2011-07-01,2011,2010,INTC,0.05,20,0.0,0.0
2011-08-01,2011,2010,XOM,0.05,20,0.052195,2.6097
2011-08-01,2011,2010,AAPL,0.05,20,0.0,0.0
2011-08-01,2011,2010,MSFT,0.05,20,0.0,0.0
2011-08-01,2011,2010,BRK-B,0.05,20,0.0,0.0
2011-08-01,2011,2010,WMT,0.05,20,0.0,0.0
2011-08-01,2011,2010,GOOGL,0.05,20,0.0,0.0
2011-08-01,2011,2010,CVX,0.05,20,0.0,0.0
2011-08-01,2011,2010,PG,0.05,20,0.0,0.0
2011-08-01,2011,2010,IBM,0.05,20,0.0,0.0
2011-08-01,2011,2010,JNJ,0.05,20,0.0,0.0
2011-08-01,2011,2010,JPM,0.05,20,0.0,0.0
2011-08-01,2011,2010,WFC,0.05,20,0.0,0.0
2011-08-01,2011,2010,ORCL,0.05,20,0.0,0.0
2011-08-01,2011,2010,KO,0.05,20,0.0,0.0
2011-08-01,2011,2010,C,0.05,20,0.0,0.0
2011-08-01,2011,2010,BAC,0.05,20,0.0,0.0
2011-08-01,2011,2010,PFE,0.05,20,0.0,0.0
2011-08-01,2011,2010,T,0.05,20,0.0,0.0
2011-08-01,2011,2010,GE,0.05,20,0.0,0.0
2011-08-01,2011,2010,INTC,0.05,20,0.0,0.0
2011-09-01,2011,2010,XOM,0.05,20,0.049934,2.4967
2011-09-01,2011,2010,AAPL,0.05,20,0.0,0.0
2011-09-01,2011,2010,MSFT,0.05,20,0.0,0.0
2011-09-01,2011,2010,BRK-B,0.05,20,0.0,0.0
2011-09-01,2011,2010,WMT,0.05,20,0.0,0.0
2011-09-01,2011,2010,GOOGL,0.05,20,0.0,0.0
2011-09-01,2011,2010,CVX,0.05,20,0.0,0.0
2011-09-01,2011,2010,PG,0.05,20,0.0,0.0
2011-09-01,2011,2010,IBM,0.05,20,0.0,0.0
2011-09-01,2011,2010,JNJ,0.05,20,0.0,0.0
2011-09-01,2011,2010,JPM,0.05,20,0.0,0.0
2011-09-01,2011,2010,WFC,0.05,20,0.0,0.0
2011-09-01,2011,2010,ORCL,0.05,20,0.0,0.0
2011-09-01,2011,2010,KO,0.05,20,0.0,0.0
2011-09-01,2011,2010,C,0.05,20,0.0,0.0
2011-09-01,2011,2010,BAC,0.05,20,0.0,0.0
2011-09-01,2011,2010,PFE,0.05,20,0.0,0.0
2011-09-01,2011,2010,T,0.05,20,0.0,0.0
2011-09-01,2011,2010,GE,0.05,20,0.0,0.0
2011-09-01,2011,2010,INTC,0.05,20,0.0,0.0
2011-10-03,2011,2010,XOM,0.05,20,0.056228,2.8114
2011-10-03,2011,2010,AAPL,0.05,20,0.0,0.0
2011-10-03,2011,2010,MSFT,0.05,20,0.0,0.0
2011-10-03,2011,2010,BRK-B,0.05,20,0.0,0.0
2011-10-03,2011,2010,WMT,0.05,20,0.0,0.0
2011-10-03,2011,2010,GOOGL,0.05,20,0.0,0.0
2011-10-03,2011,2010,CVX,0.05,20,0.0,0.0
2011-10-03,2011,2010,PG,0.05,20,0.0,0.0
2011-10-03,2011,2010,IBM,0.05,20,0.0,0.0
2011-10-03,2011,2010,JNJ,0.05,20,0.0,0.0
2011-10-03,2011,2010,JPM,0.05,20,0.0,0.0
2011-10-03,2011,2010,WFC,0.05,20,0.0,0.0
2011-10-03,2011,2010,ORCL,0.05,20,0.0,0.0
2011-10-03,2011,2010,KO,0.05,20,0.0,0.0
2011-10-03,2011,2010,C,0.05,20,0.0,0.0
2011-10-03,2011,2010,BAC,0.05,20,0.0,0.0
2011-10-03,2011,2010,PFE,0.05,20,0.0,0.0
2011-10-03,2011,2010,T,0.05,20,0.0,0.0
2011-10-03,2011,2010,GE,0.05,20,0.0,0.0
2011-10-03,2011,2010,INTC,0.05,20,0.0,0.0
2011-11-01,2011,2010,XOM,0.05,20,0.039434,1.9717
2011-11-01,2011,2010,AAPL,0.05,20,0.0,0.0
2011-11-01,2011,2010,MSFT,0.05,20,0.0,0.0
2011-11-01,2011,2010,BRK-B,0.05,20,0.0,0.0
2011-11-01,2011,2010,WMT,0.05,20,0.0,0.0
2011-11-01,2011,2010,GOOGL,0.05,20,0.0,0.0
2011-11-01,2011,2010,CVX,0.05,20,0.0,0.0
2011-11-01,2011,2010,PG,0.05,20,0.0,0.0
2011-11-01,2011,2010,IBM,0.05,20,0.0,0.0
2011-11-01,2011,2010,JNJ,0.05,20,0.0,0.0
2011-11-01,2011,2010,JPM,0.05,20,0.0,0.0
2011-11-01,2011,2010,WFC,0.05,20,0.0,0.0
2011-11-01,2011,2010,ORCL,0.05,20,0.0,0.0
2011-11-01,2011,2010,KO,0.05,20,0.0,0.0
2011-11-01,2011,2010,C,0.05,20,0.0,0.0
2011-11-01,2011,2010,BAC,0.05,20,0.0,0.0
2011-11-01,2011,2010,PFE,0.05,20,0.0,0.0
2011-11-01,2011,2010,T,0.05,20,0.0,0.0
2011-11-01,2011,2010,GE,0.05,20,0.0,0.0
2011-11-01,2011,2010,INTC,0.05,20,0.0,0.0
2011-12-01,2011,2010,XOM,0.05,20,0.047963,2.3981
2011-12-01,2011,2010,AAPL,0.05,20,0.0,0.0
2011-12-01,2011,2010,MSFT,0.05,20,0.0,0.0
2011-12-01,2011,2010,BRK-B,0.05,20,0.0,0.0
2011-12-01,2011,2010,WMT,0.05,20,0.0,0.0
2011-12-01,2011,2010,GOOGL,0.05,20,0.0,0.0
2011-12-01,2011,2010,CVX,0.05,20,0.0,0.0
2011-12-01,2011,2010,PG,0.05,20,0.0,0.0
2011-12-01,2011,2010,IBM,0.05,20,0.0,0.0
2011-12-01,2011,2010,JNJ,0.05,20,0.0,0.0
2011-12-01,2011,2010,JPM,0.05,20,0.0,0.0
2011-12-01,2011,2010,WFC,0.05,20,0.0,0.0
2011-12-01,2011,2010,ORCL,0.05,20,0.0,0.0
2011-12-01,2011,2010,KO,0.05,20,0.0,0.0
2011-12-01,2011,2010,C,0.05,20,0.0,0.0
2011-12-01,2011,2010,BAC,0.05,20,0.0,0.0
2011-12-01,2011,2010,PFE,0.05,20,0.0,0.0
2011-12-01,2011,2010,T,0.05,20,0.0,0.0
2011-12-01,2011,2010,GE,0.05,20,0.0,0.0
2011-12-01,2011,2010,INTC,0.05,20,0.0,0.0
2012-01-03,2012,2011,XOM,0.05,20,0.236643,11.8322
2012-01-03,2012,2011,AAPL,0.05,20,0.0,0.0
2012-01-03,2012,2011,MSFT,0.05,20,0.0,0.0
2012-01-03,2012,2011,CVX,0.05,20,0.0,0.0
2012-01-03,2012,2011,GOOGL,0.05,20,0.0,0.0
2012-01-03,2012,2011,IBM,0.05,20,0.0,0.0
2012-01-03,2012,2011,WMT,0.05,20,0.0,0.0
2012-01-03,2012,2011,BRK-B,0.05,20,0.0,0.0
2012-01-03,2012,2011,PG,0.05,20,0.0,0.0
2012-01-03,2012,2011,JNJ,0.05,20,0.0,0.0
2012-01-03,2012,2011,KO,0.05,20,0.0,0.0
2012-01-03,2012,2011,PFE,0.05,20,0.0,0.0
2012-01-03,2012,2011,WFC,0.05,20,0.0,0.0
2012-01-03,2012,2011,PM,0.05,20,0.0,0.0
2012-01-03,2012,2011,T,0.05,20,0.0,0.0
2012-01-03,2012,2011,ORCL,0.05,20,0.0,0.0
2012-01-03,2012,2011,JPM,0.05,20,0.0,0.0
2012-01-03,2012,2011,INTC,0.05,20,0.0,0.0
2012-01-03,2012,2011,VZ,0.05,20,0.0,0.0
2012-01-03,2012,2011,GE,0.05,20,0.0,0.0
2012-02-01,2012,2011,XOM,0.05,20,0.055248,2.7624
2012-02-01,2012,2011,AAPL,0.05,20,0.0,0.0
2012-02-01,2012,2011,MSFT,0.05,20,0.0,0.0
2012-02-01,2012,2011,CVX,0.05,20,0.0,0.0
2012-02-01,2012,2011,GOOGL,0.05,20,0.0,0.0
2012-02-01,2012,2011,IBM,0.05,20,0.0,0.0
2012-02-01,2012,2011,WMT,0.05,20,0.0,0.0
2012-02-01,2012,2011,BRK-B,0.05,20,0.0,0.0
2012-02-01,2012,2011,PG,0.05,20,0.0,0.0
2012-02-01,2012,2011,JNJ,0.05,20,0.0,0.0
2012-02-01,2012,2011,KO,0.05,20,0.0,0.0
2012-02-01,2012,2011,PFE,0.05,20,0.0,0.0
2012-02-01,2012,2011,WFC,0.05,20,0.0,0.0
2012-02-01,2012,2011,PM,0.05,20,0.0,0.0
2012-02-01,2012,2011,T,0.05,20,0.0,0.0
2012-02-01,2012,2011,ORCL,0.05,20,0.0,0.0
2012-02-01,2012,2011,JPM,0.05,20,0.0,0.0
2012-02-01,2012,2011,INTC,0.05,20,0.0,0.0
2012-02-01,2012,2011,VZ,0.05,20,0.0,0.0
2012-02-01,2012,2011,GE,0.05,20,0.0,0.0
2012-03-01,2012,2011,XOM,0.05,20,0.033715,1.6858
2012-03-01,2012,2011,AAPL,0.05,20,0.0,0.0
2012-03-01,2012,2011,MSFT,0.05,20,0.0,0.0
2012-03-01,2012,2011,CVX,0.05,20,0.0,0.0
2012-03-01,2012,2011,GOOGL,0.05,20,0.0,0.0
2012-03-01,2012,2011,IBM,0.05,20,0.0,0.0
2012-03-01,2012,2011,WMT,0.05,20,0.0,0.0
2012-03-01,2012,2011,BRK-B,0.05,20,0.0,0.0
2012-03-01,2012,2011,PG,0.05,20,0.0,0.0
2012-03-01,2012,2011,JNJ,0.05,20,0.0,0.0
2012-03-01,2012,2011,KO,0.05,20,0.0,0.0
2012-03-01,2012,2011,PFE,0.05,20,0.0,0.0
2012-03-01,2012,2011,WFC,0.05,20,0.0,0.0
2012-03-01,2012,2011,PM,0.05,20,0.0,0.0
2012-03-01,2012,2011,T,0.05,20,0.0,0.0
2012-03-01,2012,2011,ORCL,0.05,20,0.0,0.0
2012-03-01,2012,2011,JPM,0.05,20,0.0,0.0
2012-03-01,2012,2011,INTC,0.05,20,0.0,0.0
2012-03-01,2012,2011,VZ,0.05,20,0.0,0.0
2012-03-01,2012,2011,GE,0.05,20,0.0,0.0
2012-04-02,2012,2011,XOM,0.05,20,0.032804,1.6402
2012-04-02,2012,2011,AAPL,0.05,20,0.0,0.0
2012-04-02,2012,2011,MSFT,0.05,20,0.0,0.0
2012-04-02,2012,2011,CVX,0.05,20,0.0,0.0
2012-04-02,2012,2011,GOOGL,0.05,20,0.0,0.0
2012-04-02,2012,2011,IBM,0.05,20,0.0,0.0
2012-04-02,2012,2011,WMT,0.05,20,0.0,0.0
2012-04-02,2012,2011,BRK-B,0.05,20,0.0,0.0
2012-04-02,2012,2011,PG,0.05,20,0.0,0.0
2012-04-02,2012,2011,JNJ,0.05,20,0.0,0.0
2012-04-02,2012,2011,KO,0.05,20,0.0,0.0
2012-04-02,2012,2011,PFE,0.05,20,0.0,0.0
2012-04-02,2012,2011,WFC,0.05,20,0.0,0.0
2012-04-02,2012,2011,PM,0.05,20,0.0,0.0
2012-04-02,2012,2011,T,0.05,20,0.0,0.0
2012-04-02,2012,2011,ORCL,0.05,20,0.0,0.0
2012-04-02,2012,2011,JPM,0.05,20,0.0,0.0
2012-04-02,2012,2011,INTC,0.05,20,0.0,0.0
2012-04-02,2012,2011,VZ,0.05,20,0.0,0.0
2012-04-02,2012,2011,GE,0.05,20,0.0,0.0
2012-05-01,2012,2011,XOM,0.05,20,0.025346,1.2673
2012-05-01,2012,2011,AAPL,0.05,20,0.0,0.0
2012-05-01,2012,2011,MSFT,0.05,20,0.0,0.0
2012-05-01,2012,2011,CVX,0.05,20,0.0,0.0
2012-05-01,2012,2011,GOOGL,0.05,20,0.0,0.0
2012-05-01,2012,2011,IBM,0.05,20,0.0,0.0
2012-05-01,2012,2011,WMT,0.05,20,0.0,0.0
2012-05-01,2012,2011,BRK-B,0.05,20,0.0,0.0
2012-05-01,2012,2011,PG,0.05,20,0.0,0.0
2012-05-01,2012,2011,JNJ,0.05,20,0.0,0.0
2012-05-01,2012,2011,KO,0.05,20,0.0,0.0
2012-05-01,2012,2011,PFE,0.05,20,0.0,0.0
2012-05-01,2012,2011,WFC,0.05,20,0.0,0.0
2012-05-01,2012,2011,PM,0.05,20,0.0,0.0
2012-05-01,2012,2011,T,0.05,20,0.0,0.0
2012-05-01,2012,2011,ORCL,0.05,20,0.0,0.0
2012-05-01,2012,2011,JPM,0.05,20,0.0,0.0
2012-05-01,2012,2011,INTC,0.05,20,0.0,0.0
2012-05-01,2012,2011,VZ,0.05,20,0.0,0.0
2012-05-01,2012,2011,GE,0.05,20,0.0,0.0
2012-06-01,2012,2011,XOM,0.05,20,0.046337,2.3168
2012-06-01,2012,2011,AAPL,0.05,20,0.0,0.0
2012-06-01,2012,2011,MSFT,0.05,20,0.0,0.0
2012-06-01,2012,2011,CVX,0.05,20,0.0,0.0
2012-06-01,2012,2011,GOOGL,0.05,20,0.0,0.0
2012-06-01,2012,2011,IBM,0.05,20,0.0,0.0
2012-06-01,2012,2011,WMT,0.05,20,0.0,0.0
2012-06-01,2012,2011,BRK-B,0.05,20,0.0,0.0
2012-06-01,2012,2011,PG,0.05,20,0.0,0.0
2012-06-01,2012,2011,JNJ,0.05,20,0.0,0.0
2012-06-01,2012,2011,KO,0.05,20,0.0,0.0
2012-06-01,2012,2011,PFE,0.05,20,0.0,0.0
2012-06-01,2012,2011,WFC,0.05,20,0.0,0.0
2012-06-01,2012,2011,PM,0.05,20,0.0,0.0
2012-06-01,2012,2011,T,0.05,20,0.0,0.0
2012-06-01,2012,2011,ORCL,0.05,20,0.0,0.0
2012-06-01,2012,2011,JPM,0.05,20,0.0,0.0
2012-06-01,2012,2011,INTC,0.05,20,0.0,0.0
2012-06-01,2012,2011,VZ,0.05,20,0.0,0.0
2012-06-01,2012,2011,GE,0.05,20,0.0,0.0
2012-07-02,2012,2011,XOM,0.05,20,0.024486,1.2243
2012-07-02,2012,2011,AAPL,0.05,20,0.0,0.0
2012-07-02,2012,2011,MSFT,0.05,20,0.0,0.0
2012-07-02,2012,2011,CVX,0.05,20,0.0,0.0
2012-07-02,2012,2011,GOOGL,0.05,20,0.0,0.0
2012-07-02,2012,2011,IBM,0.05,20,0.0,0.0
2012-07-02,2012,2011,WMT,0.05,20,0.0,0.0
2012-07-02,2012,2011,BRK-B,0.05,20,0.0,0.0
2012-07-02,2012,2011,PG,0.05,20,0.0,0.0
2012-07-02,2012,2011,JNJ,0.05,20,0.0,0.0
2012-07-02,2012,2011,KO,0.05,20,0.0,0.0
2012-07-02,2012,2011,PFE,0.05,20,0.0,0.0
2012-07-02,2012,2011,WFC,0.05,20,0.0,0.0
2012-07-02,2012,2011,PM,0.05,20,0.0,0.0
2012-07-02,2012,2011,T,0.05,20,0.0,0.0
2012-07-02,2012,2011,ORCL,0.05,20,0.0,0.0
2012-07-02,2012,2011,JPM,0.05,20,0.0,0.0
2012-07-02,2012,2011,INTC,0.05,20,0.0,0.0
2012-07-02,2012,2011,VZ,0.05,20,0.0,0.0
2012-07-02,2012,2011,GE,0.05,20,0.0,0.0
2012-08-01,2012,2011,XOM,0.05,20,0.025003,1.2501
2012-08-01,2012,2011,AAPL,0.05,20,0.0,0.0
2012-08-01,2012,2011,MSFT,0.05,20,0.0,0.0
2012-08-01,2012,2011,CVX,0.05,20,0.0,0.0
2012-08-01,2012,2011,GOOGL,0.05,20,0.0,0.0
2012-08-01,2012,2011,IBM,0.05,20,0.0,0.0
2012-08-01,2012,2011,WMT,0.05,20,0.0,0.0
2012-08-01,2012,2011,BRK-B,0.05,20,0.0,0.0
2012-08-01,2012,2011,PG,0.05,20,0.0,0.0
2012-08-01,2012,2011,JNJ,0.05,20,0.0,0.0
2012-08-01,2012,2011,KO,0.05,20,0.0,0.0
2012-08-01,2012,2011,PFE,0.05,20,0.0,0.0
2012-08-01,2012,2011,WFC,0.05,20,0.0,0.0
2012-08-01,2012,2011,PM,0.05,20,0.0,0.0
2012-08-01,2012,2011,T,0.05,20,0.0,0.0
2012-08-01,2012,2011,ORCL,0.05,20,0.0,0.0
2012-08-01,2012,2011,JPM,0.05,20,0.0,0.0
2012-08-01,2012,2011,INTC,0.05,20,0.0,0.0
2012-08-01,2012,2011,VZ,0.05,20,0.0,0.0
2012-08-01,2012,2011,GE,0.05,20,0.0,0.0
2012-09-04,2012,2011,XOM,0.05,20,0.03331,1.6655
2012-09-04,2012,2011,AAPL,0.05,20,0.0,0.0
2012-09-04,2012,2011,MSFT,0.05,20,0.0,0.0
2012-09-04,2012,2011,CVX,0.05,20,0.0,0.0
2012-09-04,2012,2011,GOOGL,0.05,20,0.0,0.0
2012-09-04,2012,2011,IBM,0.05,20,0.0,0.0
2012-09-04,2012,2011,WMT,0.05,20,0.0,0.0
2012-09-04,2012,2011,BRK-B,0.05,20,0.0,0.0
2012-09-04,2012,2011,PG,0.05,20,0.0,0.0
2012-09-04,2012,2011,JNJ,0.05,20,0.0,0.0
2012-09-04,2012,2011,KO,0.05,20,0.0,0.0
2012-09-04,2012,2011,PFE,0.05,20,0.0,0.0
2012-09-04,2012,2011,WFC,0.05,20,0.0,0.0
2012-09-04,2012,2011,PM,0.05,20,0.0,0.0
2012-09-04,2012,2011,T,0.05,20,0.0,0.0
2012-09-04,2012,2011,ORCL,0.05,20,0.0,0.0
2012-09-04,2012,2011,JPM,0.05,20,0.0,0.0
2012-09-04,2012,2011,INTC,0.05,20,0.0,0.0
2012-09-04,2012,2011,VZ,0.05,20,0.0,0.0
2012-09-04,2012,2011,GE,0.05,20,0.0,0.0
2012-10-01,2012,2011,XOM,0.05,20,0.030728,1.5364
2012-10-01,2012,2011,AAPL,0.05,20,0.0,0.0
2012-10-01,2012,2011,MSFT,0.05,20,0.0,0.0
2012-10-01,2012,2011,CVX,0.05,20,0.0,0.0
2012-10-01,2012,2011,GOOGL,0.05,20,0.0,0.0
2012-10-01,2012,2011,IBM,0.05,20,0.0,0.0
2012-10-01,2012,2011,WMT,0.05,20,0.0,0.0
2012-10-01,2012,2011,BRK-B,0.05,20,0.0,0.0
2012-10-01,2012,2011,PG,0.05,20,0.0,0.0
2012-10-01,2012,2011,JNJ,0.05,20,0.0,0.0
2012-10-01,2012,2011,KO,0.05,20,0.0,0.0
2012-10-01,2012,2011,PFE,0.05,20,0.0,0.0
2012-10-01,2012,2011,WFC,0.05,20,0.0,0.0
2012-10-01,2012,2011,PM,0.05,20,0.0,0.0
2012-10-01,2012,2011,T,0.05,20,0.0,0.0
2012-10-01,2012,2011,ORCL,0.05,20,0.0,0.0
2012-10-01,2012,2011,JPM,0.05,20,0.0,0.0
2012-10-01,2012,2011,INTC,0.05,20,0.0,0.0
2012-10-01,2012,2011,VZ,0.05,20,0.0,0.0
2012-10-01,2012,2011,GE,0.05,20,0.0,0.0
2012-11-01,2012,2011,XOM,0.05,20,0.033356,1.6678
2012-11-01,2012,2011,AAPL,0.05,20,0.0,0.0
2012-11-01,2012,2011,MSFT,0.05,20,0.0,0.0
2012-11-01,2012,2011,CVX,0.05,20,0.0,0.0
2012-11-01,2012,2011,GOOGL,0.05,20,0.0,0.0
2012-11-01,2012,2011,IBM,0.05,20,0.0,0.0
2012-11-01,2012,2011,WMT,0.05,20,0.0,0.0
2012-11-01,2012,2011,BRK-B,0.05,20,0.0,0.0
2012-11-01,2012,2011,PG,0.05,20,0.0,0.0
2012-11-01,2012,2011,JNJ,0.05,20,0.0,0.0
2012-11-01,2012,2011,KO,0.05,20,0.0,0.0
2012-11-01,2012,2011,PFE,0.05,20,0.0,0.0
2012-11-01,2012,2011,WFC,0.05,20,0.0,0.0
2012-11-01,2012,2011,PM,0.05,20,0.0,0.0
2012-11-01,2012,2011,T,0.05,20,0.0,0.0
2012-11-01,2012,2011,ORCL,0.05,20,0.0,0.0
2012-11-01,2012,2011,JPM,0.05,20,0.0,0.0
2012-11-01,2012,2011,INTC,0.05,20,0.0,0.0
2012-11-01,2012,2011,VZ,0.05,20,0.0,0.0
2012-11-01,2012,2011,GE,0.05,20,0.0,0.0
2012-12-03,2012,2011,XOM,0.05,20,0.022982,1.1491
2012-12-03,2012,2011,AAPL,0.05,20,0.0,0.0
2012-12-03,2012,2011,MSFT,0.05,20,0.0,0.0
2012-12-03,2012,2011,CVX,0.05,20,0.0,0.0
2012-12-03,2012,2011,GOOGL,0.05,20,0.0,0.0
2012-12-03,2012,2011,IBM,0.05,20,0.0,0.0
2012-12-03,2012,2011,WMT,0.05,20,0.0,0.0
2012-12-03,2012,2011,BRK-B,0.05,20,0.0,0.0
2012-12-03,2012,2011,PG,0.05,20,0.0,0.0
2012-12-03,2012,2011,JNJ,0.05,20,0.0,0.0
2012-12-03,2012,2011,KO,0.05,20,0.0,0.0
2012-12-03,2012,2011,PFE,0.05,20,0.0,0.0
2012-12-03,2012,2011,WFC,0.05,20,0.0,0.0
2012-12-03,2012,2011,PM,0.05,20,0.0,0.0
2012-12-03,2012,2011,T,0.05,20,0.0,0.0
2012-12-03,2012,2011,ORCL,0.05,20,0.0,0.0
2012-12-03,2012,2011,JPM,0.05,20,0.0,0.0
2012-12-03,2012,2011,INTC,0.05,20,0.0,0.0
2012-12-03,2012,2011,VZ,0.05,20,0.0,0.0
2012-12-03,2012,2011,GE,0.05,20,0.0,0.0
2013-01-02,2013,2012,AAPL,0.05,20,0.130793,6.5397
2013-01-02,2013,2012,XOM,0.05,20,0.0,0.0
2013-01-02,2013,2012,GOOGL,0.05,20,0.0,0.0
2013-01-02,2013,2012,WMT,0.05,20,0.0,0.0
2013-01-02,2013,2012,MSFT,0.05,20,0.0,0.0
2013-01-02,2013,2012,BRK-B,0.05,20,0.0,0.0
2013-01-02,2013,2012,CVX,0.05,20,0.0,0.0
2013-01-02,2013,2012,IBM,0.05,20,0.0,0.0
2013-01-02,2013,2012,JNJ,0.05,20,0.0,0.0
2013-01-02,2013,2012,PG,0.05,20,0.0,0.0
2013-01-02,2013,2012,WFC,0.05,20,0.0,0.0
2013-01-02,2013,2012,PFE,0.05,20,0.0,0.0
2013-01-02,2013,2012,JPM,0.05,20,0.0,0.0
2013-01-02,2013,2012,KO,0.05,20,0.0,0.0
2013-01-02,2013,2012,ORCL,0.05,20,0.0,0.0
2013-01-02,2013,2012,T,0.05,20,0.0,0.0
2013-01-02,2013,2012,PM,0.05,20,0.0,0.0
2013-01-02,2013,2012,GE,0.05,20,0.0,0.0
2013-01-02,2013,2012,BAC,0.05,20,0.0,0.0
2013-01-02,2013,2012,VZ,0.05,20,0.0,0.0
2013-02-01,2013,2012,AAPL,0.05,20,0.032816,1.6408
2013-02-01,2013,2012,XOM,0.05,20,0.0,0.0
2013-02-01,2013,2012,GOOGL,0.05,20,0.0,0.0
2013-02-01,2013,2012,WMT,0.05,20,0.0,0.0
2013-02-01,2013,2012,MSFT,0.05,20,0.0,0.0
2013-02-01,2013,2012,BRK-B,0.05,20,0.0,0.0
2013-02-01,2013,2012,CVX,0.05,20,0.0,0.0
2013-02-01,2013,2012,IBM,0.05,20,0.0,0.0
2013-02-01,2013,2012,JNJ,0.05,20,0.0,0.0
2013-02-01,2013,2012,PG,0.05,20,0.0,0.0
2013-02-01,2013,2012,WFC,0.05,20,0.0,0.0
2013-02-01,2013,2012,PFE,0.05,20,0.0,0.0
2013-02-01,2013,2012,JPM,0.05,20,0.0,0.0
2013-02-01,2013,2012,KO,0.05,20,0.0,0.0
2013-02-01,2013,2012,ORCL,0.05,20,0.0,0.0
2013-02-01,2013,2012,T,0.05,20,0.0,0.0
2013-02-01,2013,2012,PM,0.05,20,0.0,0.0
2013-02-01,2013,2012,GE,0.05,20,0.0,0.0
2013-02-01,2013,2012,BAC,0.05,20,0.0,0.0
2013-02-01,2013,2012,VZ,0.05,20,0.0,0.0
2013-03-01,2013,2012,AAPL,0.05,20,0.022693,1.1347
2013-03-01,2013,2012,XOM,0.05,20,0.0,0.0
2013-03-01,2013,2012,GOOGL,0.05,20,0.0,0.0
2013-03-01,2013,2012,WMT,0.05,20,0.0,0.0
2013-03-01,2013,2012,MSFT,0.05,20,0.0,0.0
2013-03-01,2013,2012,BRK-B,0.05,20,0.0,0.0
2013-03-01,2013,2012,CVX,0.05,20,0.0,0.0
2013-03-01,2013,2012,IBM,0.05,20,0.0,0.0
2013-03-01,2013,2012,JNJ,0.05,20,0.0,0.0
2013-03-01,2013,2012,PG,0.05,20,0.0,0.0
2013-03-01,2013,2012,WFC,0.05,20,0.0,0.0
2013-03-01,2013,2012,PFE,0.05,20,0.0,0.0
2013-03-01,2013,2012,JPM,0.05,20,0.0,0.0
2013-03-01,2013,2012,KO,0.05,20,0.0,0.0
2013-03-01,2013,2012,ORCL,0.05,20,0.0,0.0
2013-03-01,2013,2012,T,0.05,20,0.0,0.0
2013-03-01,2013,2012,PM,0.05,20,0.0,0.0
2013-03-01,2013,2012,GE,0.05,20,0.0,0.0
2013-03-01,2013,2012,BAC,0.05,20,0.0,0.0
2013-03-01,2013,2012,VZ,0.05,20,0.0,0.0
2013-04-01,2013,2012,AAPL,0.05,20,0.028405,1.4203
2013-04-01,2013,2012,XOM,0.05,20,0.0,0.0
2013-04-01,2013,2012,GOOGL,0.05,20,0.0,0.0
2013-04-01,2013,2012,WMT,0.05,20,0.0,0.0
2013-04-01,2013,2012,MSFT,0.05,20,0.0,0.0
2013-04-01,2013,2012,BRK-B,0.05,20,0.0,0.0
2013-04-01,2013,2012,CVX,0.05,20,0.0,0.0
2013-04-01,2013,2012,IBM,0.05,20,0.0,0.0
2013-04-01,2013,2012,JNJ,0.05,20,0.0,0.0
2013-04-01,2013,2012,PG,0.05,20,0.0,0.0
2013-04-01,2013,2012,WFC,0.05,20,0.0,0.0
2013-04-01,2013,2012,PFE,0.05,20,0.0,0.0
2013-04-01,2013,2012,JPM,0.05,20,0.0,0.0
2013-04-01,2013,2012,KO,0.05,20,0.0,0.0
2013-04-01,2013,2012,ORCL,0.05,20,0.0,0.0
2013-04-01,2013,2012,T,0.05,20,0.0,0.0
2013-04-01,2013,2012,PM,0.05,20,0.0,0.0
2013-04-01,2013,2012,GE,0.05,20,0.0,0.0
2013-04-01,2013,2012,BAC,0.05,20,0.0,0.0
2013-04-01,2013,2012,VZ,0.05,20,0.0,0.0
2013-05-01,2013,2012,AAPL,0.05,20,0.028517,1.4258
2013-05-01,2013,2012,XOM,0.05,20,0.0,0.0
2013-05-01,2013,2012,GOOGL,0.05,20,0.0,0.0
2013-05-01,2013,2012,WMT,0.05,20,0.0,0.0
2013-05-01,2013,2012,MSFT,0.05,20,0.0,0.0
2013-05-01,2013,2012,BRK-B,0.05,20,0.0,0.0
2013-05-01,2013,2012,CVX,0.05,20,0.0,0.0
2013-05-01,2013,2012,IBM,0.05,20,0.0,0.0
2013-05-01,2013,2012,JNJ,0.05,20,0.0,0.0
2013-05-01,2013,2012,PG,0.05,20,0.0,0.0
2013-05-01,2013,2012,WFC,0.05,20,0.0,0.0
2013-05-01,2013,2012,PFE,0.05,20,0.0,0.0
2013-05-01,2013,2012,JPM,0.05,20,0.0,0.0
2013-05-01,2013,2012,KO,0.05,20,0.0,0.0
2013-05-01,2013,2012,ORCL,0.05,20,0.0,0.0
2013-05-01,2013,2012,T,0.05,20,0.0,0.0
2013-05-01,2013,2012,PM,0.05,20,0.0,0.0
2013-05-01,2013,2012,GE,0.05,20,0.0,0.0
2013-05-01,2013,2012,BAC,0.05,20,0.0,0.0
2013-05-01,2013,2012,VZ,0.05,20,0.0,0.0
2013-06-03,2013,2012,AAPL,0.05,20,0.047511,2.3755
2013-06-03,2013,2012,XOM,0.05,20,0.0,0.0
2013-06-03,2013,2012,GOOGL,0.05,20,0.0,0.0
2013-06-03,2013,2012,WMT,0.05,20,0.0,0.0
2013-06-03,2013,2012,MSFT,0.05,20,0.0,0.0
2013-06-03,2013,2012,BRK-B,0.05,20,0.0,0.0
2013-06-03,2013,2012,CVX,0.05,20,0.0,0.0
2013-06-03,2013,2012,IBM,0.05,20,0.0,0.0
2013-06-03,2013,2012,JNJ,0.05,20,0.0,0.0
2013-06-03,2013,2012,PG,0.05,20,0.0,0.0
2013-06-03,2013,2012,WFC,0.05,20,0.0,0.0
2013-06-03,2013,2012,PFE,0.05,20,0.0,0.0
2013-06-03,2013,2012,JPM,0.05,20,0.0,0.0
2013-06-03,2013,2012,KO,0.05,20,0.0,0.0
2013-06-03,2013,2012,ORCL,0.05,20,0.0,0.0
2013-06-03,2013,2012,T,0.05,20,0.0,0.0
2013-06-03,2013,2012,PM,0.05,20,0.0,0.0
2013-06-03,2013,2012,GE,0.05,20,0.0,0.0
2013-06-03,2013,2012,BAC,0.05,20,0.0,0.0
2013-06-03,2013,2012,VZ,0.05,20,0.0,0.0
2013-07-01,2013,2012,AAPL,0.05,20,0.03406,1.703
2013-07-01,2013,2012,XOM,0.05,20,0.0,0.0
2013-07-01,2013,2012,GOOGL,0.05,20,0.0,0.0
2013-07-01,2013,2012,WMT,0.05,20,0.0,0.0
2013-07-01,2013,2012,MSFT,0.05,20,0.0,0.0
2013-07-01,2013,2012,BRK-B,0.05,20,0.0,0.0
2013-07-01,2013,2012,CVX,0.05,20,0.0,0.0
2013-07-01,2013,2012,IBM,0.05,20,0.0,0.0
2013-07-01,2013,2012,JNJ,0.05,20,0.0,0.0
2013-07-01,2013,2012,PG,0.05,20,0.0,0.0
2013-07-01,2013,2012,WFC,0.05,20,0.0,0.0
2013-07-01,2013,2012,PFE,0.05,20,0.0,0.0
2013-07-01,2013,2012,JPM,0.05,20,0.0,0.0
2013-07-01,2013,2012,KO,0.05,20,0.0,0.0
2013-07-01,2013,2012,ORCL,0.05,20,0.0,0.0
2013-07-01,2013,2012,T,0.05,20,0.0,0.0
2013-07-01,2013,2012,PM,0.05,20,0.0,0.0
2013-07-01,2013,2012,GE,0.05,20,0.0,0.0
2013-07-01,2013,2012,BAC,0.05,20,0.0,0.0
2013-07-01,2013,2012,VZ,0.05,20,0.0,0.0
2013-08-01,2013,2012,AAPL,0.05,20,0.031606,1.5803
2013-08-01,2013,2012,XOM,0.05,20,0.0,0.0
2013-08-01,2013,2012,GOOGL,0.05,20,0.0,0.0
2013-08-01,2013,2012,WMT,0.05,20,0.0,0.0
2013-08-01,2013,2012,MSFT,0.05,20,0.0,0.0
2013-08-01,2013,2012,BRK-B,0.05,20,0.0,0.0
2013-08-01,2013,2012,CVX,0.05,20,0.0,0.0
2013-08-01,2013,2012,IBM,0.05,20,0.0,0.0
2013-08-01,2013,2012,JNJ,0.05,20,0.0,0.0
2013-08-01,2013,2012,PG,0.05,20,0.0,0.0
2013-08-01,2013,2012,WFC,0.05,20,0.0,0.0
2013-08-01,2013,2012,PFE,0.05,20,0.0,0.0
2013-08-01,2013,2012,JPM,0.05,20,0.0,0.0
2013-08-01,2013,2012,KO,0.05,20,0.0,0.0
2013-08-01,2013,2012,ORCL,0.05,20,0.0,0.0
2013-08-01,2013,2012,T,0.05,20,0.0,0.0
2013-08-01,2013,2012,PM,0.05,20,0.0,0.0
2013-08-01,2013,2012,GE,0.05,20,0.0,0.0
2013-08-01,2013,2012,BAC,0.05,20,0.0,0.0
2013-08-01,2013,2012,VZ,0.05,20,0.0,0.0
2013-09-03,2013,2012,AAPL,0.05,20,0.025807,1.2904
2013-09-03,2013,2012,XOM,0.05,20,0.0,0.0
2013-09-03,2013,2012,GOOGL,0.05,20,0.0,0.0
2013-09-03,2013,2012,WMT,0.05,20,0.0,0.0
2013-09-03,2013,2012,MSFT,0.05,20,0.0,0.0
2013-09-03,2013,2012,BRK-B,0.05,20,0.0,0.0
2013-09-03,2013,2012,CVX,0.05,20,0.0,0.0
2013-09-03,2013,2012,IBM,0.05,20,0.0,0.0
2013-09-03,2013,2012,JNJ,0.05,20,0.0,0.0
2013-09-03,2013,2012,PG,0.05,20,0.0,0.0
2013-09-03,2013,2012,WFC,0.05,20,0.0,0.0
2013-09-03,2013,2012,PFE,0.05,20,0.0,0.0
2013-09-03,2013,2012,JPM,0.05,20,0.0,0.0
2013-09-03,2013,2012,KO,0.05,20,0.0,0.0
2013-09-03,2013,2012,ORCL,0.05,20,0.0,0.0
2013-09-03,2013,2012,T,0.05,20,0.0,0.0
2013-09-03,2013,2012,PM,0.05,20,0.0,0.0
2013-09-03,2013,2012,GE,0.05,20,0.0,0.0
2013-09-03,2013,2012,BAC,0.05,20,0.0,0.0
2013-09-03,2013,2012,VZ,0.05,20,0.0,0.0
2013-10-01,2013,2012,AAPL,0.05,20,0.0179,0.895
2013-10-01,2013,2012,XOM,0.05,20,0.0,0.0
2013-10-01,2013,2012,GOOGL,0.05,20,0.0,0.0
2013-10-01,2013,2012,WMT,0.05,20,0.0,0.0
2013-10-01,2013,2012,MSFT,0.05,20,0.0,0.0
2013-10-01,2013,2012,BRK-B,0.05,20,0.0,0.0
2013-10-01,2013,2012,CVX,0.05,20,0.0,0.0
2013-10-01,2013,2012,IBM,0.05,20,0.0,0.0
2013-10-01,2013,2012,JNJ,0.05,20,0.0,0.0
2013-10-01,2013,2012,PG,0.05,20,0.0,0.0
2013-10-01,2013,2012,WFC,0.05,20,0.0,0.0
2013-10-01,2013,2012,PFE,0.05,20,0.0,0.0
2013-10-01,2013,2012,JPM,0.05,20,0.0,0.0
2013-10-01,2013,2012,KO,0.05,20,0.0,0.0
2013-10-01,2013,2012,ORCL,0.05,20,0.0,0.0
2013-10-01,2013,2012,T,0.05,20,0.0,0.0
2013-10-01,2013,2012,PM,0.05,20,0.0,0.0
2013-10-01,2013,2012,GE,0.05,20,0.0,0.0
2013-10-01,2013,2012,BAC,0.05,20,0.0,0.0
2013-10-01,2013,2012,VZ,0.05,20,0.0,0.0
2013-11-01,2013,2012,AAPL,0.05,20,0.035404,1.7702
2013-11-01,2013,2012,XOM,0.05,20,0.0,0.0
2013-11-01,2013,2012,GOOGL,0.05,20,0.0,0.0
2013-11-01,2013,2012,WMT,0.05,20,0.0,0.0
2013-11-01,2013,2012,MSFT,0.05,20,0.0,0.0
2013-11-01,2013,2012,BRK-B,0.05,20,0.0,0.0
2013-11-01,2013,2012,CVX,0.05,20,0.0,0.0
2013-11-01,2013,2012,IBM,0.05,20,0.0,0.0
2013-11-01,2013,2012,JNJ,0.05,20,0.0,0.0
2013-11-01,2013,2012,PG,0.05,20,0.0,0.0
2013-11-01,2013,2012,WFC,0.05,20,0.0,0.0
2013-11-01,2013,2012,PFE,0.05,20,0.0,0.0
2013-11-01,2013,2012,JPM,0.05,20,0.0,0.0
2013-11-01,2013,2012,KO,0.05,20,0.0,0.0
2013-11-01,2013,2012,ORCL,0.05,20,0.0,0.0
2013-11-01,2013,2012,T,0.05,20,0.0,0.0
2013-11-01,2013,2012,PM,0.05,20,0.0,0.0
2013-11-01,2013,2012,GE,0.05,20,0.0,0.0
2013-11-01,2013,2012,BAC,0.05,20,0.0,0.0
2013-11-01,2013,2012,VZ,0.05,20,0.0,0.0
2013-12-02,2013,2012,AAPL,0.05,20,0.029664,1.4832
2013-12-02,2013,2012,XOM,0.05,20,0.0,0.0
2013-12-02,2013,2012,GOOGL,0.05,20,0.0,0.0
2013-12-02,2013,2012,WMT,0.05,20,0.0,0.0
2013-12-02,2013,2012,MSFT,0.05,20,0.0,0.0
2013-12-02,2013,2012,BRK-B,0.05,20,0.0,0.0
2013-12-02,2013,2012,CVX,0.05,20,0.0,0.0
2013-12-02,2013,2012,IBM,0.05,20,0.0,0.0
2013-12-02,2013,2012,JNJ,0.05,20,0.0,0.0
2013-12-02,2013,2012,PG,0.05,20,0.0,0.0
2013-12-02,2013,2012,WFC,0.05,20,0.0,0.0
2013-12-02,2013,2012,PFE,0.05,20,0.0,0.0
2013-12-02,2013,2012,JPM,0.05,20,0.0,0.0
2013-12-02,2013,2012,KO,0.05,20,0.0,0.0
2013-12-02,2013,2012,ORCL,0.05,20,0.0,0.0
2013-12-02,2013,2012,T,0.05,20,0.0,0.0
2013-12-02,2013,2012,PM,0.05,20,0.0,0.0
2013-12-02,2013,2012,GE,0.05,20,0.0,0.0
2013-12-02,2013,2012,BAC,0.05,20,0.0,0.0
2013-12-02,2013,2012,VZ,0.05,20,0.0,0.0
2014-01-02,2014,2013,AAPL,0.05,20,0.228073,11.4037
2014-01-02,2014,2013,XOM,0.05,20,0.0,0.0
2014-01-02,2014,2013,GOOGL,0.05,20,0.0,0.0
2014-01-02,2014,2013,MSFT,0.05,20,0.0,0.0
2014-01-02,2014,2013,BRK-B,0.05,20,0.0,0.0
2014-01-02,2014,2013,JNJ,0.05,20,0.0,0.0
2014-01-02,2014,2013,WMT,0.05,20,0.0,0.0
2014-01-02,2014,2013,CVX,0.05,20,0.0,0.0
2014-01-02,2014,2013,WFC,0.05,20,0.0,0.0
2014-01-02,2014,2013,PG,0.05,20,0.0,0.0
2014-01-02,2014,2013,JPM,0.05,20,0.0,0.0
2014-01-02,2014,2013,IBM,0.05,20,0.0,0.0
2014-01-02,2014,2013,PFE,0.05,20,0.0,0.0
2014-01-02,2014,2013,AMZN,0.05,20,0.0,0.0
2014-01-02,2014,2013,KO,0.05,20,0.0,0.0
2014-01-02,2014,2013,ORCL,0.05,20,0.0,0.0
2014-01-02,2014,2013,GE,0.05,20,0.0,0.0
2014-01-02,2014,2013,BAC,0.05,20,0.0,0.0
2014-01-02,2014,2013,C,0.05,20,0.0,0.0
2014-01-02,2014,2013,VZ,0.05,20,0.0,0.0
2014-02-03,2014,2013,AAPL,0.05,20,0.043059,2.1529
2014-02-03,2014,2013,XOM,0.05,20,0.0,0.0
2014-02-03,2014,2013,GOOGL,0.05,20,0.0,0.0
2014-02-03,2014,2013,MSFT,0.05,20,0.0,0.0
2014-02-03,2014,2013,BRK-B,0.05,20,0.0,0.0
2014-02-03,2014,2013,JNJ,0.05,20,0.0,0.0
2014-02-03,2014,2013,WMT,0.05,20,0.0,0.0
2014-02-03,2014,2013,CVX,0.05,20,0.0,0.0
2014-02-03,2014,2013,WFC,0.05,20,0.0,0.0
2014-02-03,2014,2013,PG,0.05,20,0.0,0.0
2014-02-03,2014,2013,JPM,0.05,20,0.0,0.0
2014-02-03,2014,2013,IBM,0.05,20,0.0,0.0
2014-02-03,2014,2013,PFE,0.05,20,0.0,0.0
2014-02-03,2014,2013,AMZN,0.05,20,0.0,0.0
2014-02-03,2014,2013,KO,0.05,20,0.0,0.0
2014-02-03,2014,2013,ORCL,0.05,20,0.0,0.0
2014-02-03,2014,2013,GE,0.05,20,0.0,0.0
2014-02-03,2014,2013,BAC,0.05,20,0.0,0.0
2014-02-03,2014,2013,C,0.05,20,0.0,0.0
2014-02-03,2014,2013,VZ,0.05,20,0.0,0.0
2014-03-03,2014,2013,AAPL,0.05,20,0.017452,0.8726
2014-03-03,2014,2013,XOM,0.05,20,0.0,0.0
2014-03-03,2014,2013,GOOGL,0.05,20,0.0,0.0
2014-03-03,2014,2013,MSFT,0.05,20,0.0,0.0
2014-03-03,2014,2013,BRK-B,0.05,20,0.0,0.0
2014-03-03,2014,2013,JNJ,0.05,20,0.0,0.0
2014-03-03,2014,2013,WMT,0.05,20,0.0,0.0
2014-03-03,2014,2013,CVX,0.05,20,0.0,0.0
2014-03-03,2014,2013,WFC,0.05,20,0.0,0.0
2014-03-03,2014,2013,PG,0.05,20,0.0,0.0
2014-03-03,2014,2013,JPM,0.05,20,0.0,0.0
2014-03-03,2014,2013,IBM,0.05,20,0.0,0.0
2014-03-03,2014,2013,PFE,0.05,20,0.0,0.0
2014-03-03,2014,2013,AMZN,0.05,20,0.0,0.0
2014-03-03,2014,2013,KO,0.05,20,0.0,0.0
2014-03-03,2014,2013,ORCL,0.05,20,0.0,0.0
2014-03-03,2014,2013,GE,0.05,20,0.0,0.0
2014-03-03,2014,2013,BAC,0.05,20,0.0,0.0
2014-03-03,2014,2013,C,0.05,20,0.0,0.0
2014-03-03,2014,2013,VZ,0.05,20,0.0,0.0
2014-04-01,2014,2013,AAPL,0.05,20,0.030573,1.5287
2014-04-01,2014,2013,XOM,0.05,20,0.0,0.0
2014-04-01,2014,2013,GOOGL,0.05,20,0.0,0.0
2014-04-01,2014,2013,MSFT,0.05,20,0.0,0.0
2014-04-01,2014,2013,BRK-B,0.05,20,0.0,0.0
2014-04-01,2014,2013,JNJ,0.05,20,0.0,0.0
2014-04-01,2014,2013,WMT,0.05,20,0.0,0.0
2014-04-01,2014,2013,CVX,0.05,20,0.0,0.0
2014-04-01,2014,2013,WFC,0.05,20,0.0,0.0
2014-04-01,2014,2013,PG,0.05,20,0.0,0.0
2014-04-01,2014,2013,JPM,0.05,20,0.0,0.0
2014-04-01,2014,2013,IBM,0.05,20,0.0,0.0
2014-04-01,2014,2013,PFE,0.05,20,0.0,0.0
2014-04-01,2014,2013,AMZN,0.05,20,0.0,0.0
2014-04-01,2014,2013,KO,0.05,20,0.0,0.0
2014-04-01,2014,2013,ORCL,0.05,20,0.0,0.0
2014-04-01,2014,2013,GE,0.05,20,0.0,0.0
2014-04-01,2014,2013,BAC,0.05,20,0.0,0.0
2014-04-01,2014,2013,C,0.05,20,0.0,0.0
2014-04-01,2014,2013,VZ,0.05,20,0.0,0.0
2014-05-01,2014,2013,AAPL,0.05,20,0.041276,2.0638
2014-05-01,2014,2013,XOM,0.05,20,0.0,0.0
2014-05-01,2014,2013,GOOGL,0.05,20,0.0,0.0
2014-05-01,2014,2013,MSFT,0.05,20,0.0,0.0
2014-05-01,2014,2013,BRK-B,0.05,20,0.0,0.0
2014-05-01,2014,2013,JNJ,0.05,20,0.0,0.0
2014-05-01,2014,2013,WMT,0.05,20,0.0,0.0
2014-05-01,2014,2013,CVX,0.05,20,0.0,0.0
2014-05-01,2014,2013,WFC,0.05,20,0.0,0.0
2014-05-01,2014,2013,PG,0.05,20,0.0,0.0
2014-05-01,2014,2013,JPM,0.05,20,0.0,0.0
2014-05-01,2014,2013,IBM,0.05,20,0.0,0.0
2014-05-01,2014,2013,PFE,0.05,20,0.0,0.0
2014-05-01,2014,2013,AMZN,0.05,20,0.0,0.0
2014-05-01,2014,2013,KO,0.05,20,0.0,0.0
2014-05-01,2014,2013,ORCL,0.05,20,0.0,0.0
2014-05-01,2014,2013,GE,0.05,20,0.0,0.0
2014-05-01,2014,2013,BAC,0.05,20,0.0,0.0
2014-05-01,2014,2013,C,0.05,20,0.0,0.0
2014-05-01,2014,2013,VZ,0.05,20,0.0,0.0
2014-06-02,2014,2013,AAPL,0.05,20,0.027582,1.3791
2014-06-02,2014,2013,XOM,0.05,20,0.0,0.0
2014-06-02,2014,2013,GOOGL,0.05,20,0.0,0.0
2014-06-02,2014,2013,MSFT,0.05,20,0.0,0.0
2014-06-02,2014,2013,BRK-B,0.05,20,0.0,0.0
2014-06-02,2014,2013,JNJ,0.05,20,0.0,0.0
2014-06-02,2014,2013,WMT,0.05,20,0.0,0.0
2014-06-02,2014,2013,CVX,0.05,20,0.0,0.0
2014-06-02,2014,2013,WFC,0.05,20,0.0,0.0
2014-06-02,2014,2013,PG,0.05,20,0.0,0.0
2014-06-02,2014,2013,JPM,0.05,20,0.0,0.0
2014-06-02,2014,2013,IBM,0.05,20,0.0,0.0
2014-06-02,2014,2013,PFE,0.05,20,0.0,0.0
2014-06-02,2014,2013,AMZN,0.05,20,0.0,0.0
2014-06-02,2014,2013,KO,0.05,20,0.0,0.0
2014-06-02,2014,2013,ORCL,0.05,20,0.0,0.0
2014-06-02,2014,2013,GE,0.05,20,0.0,0.0
2014-06-02,2014,2013,BAC,0.05,20,0.0,0.0
2014-06-02,2014,2013,C,0.05,20,0.0,0.0
2014-06-02,2014,2013,VZ,0.05,20,0.0,0.0
2014-07-01,2014,2013,AAPL,0.05,20,0.024144,1.2072
2014-07-01,2014,2013,XOM,0.05,20,0.0,0.0
2014-07-01,2014,2013,GOOGL,0.05,20,0.0,0.0
2014-07-01,2014,2013,MSFT,0.05,20,0.0,0.0
2014-07-01,2014,2013,BRK-B,0.05,20,0.0,0.0
2014-07-01,2014,2013,JNJ,0.05,20,0.0,0.0
2014-07-01,2014,2013,WMT,0.05,20,0.0,0.0
2014-07-01,2014,2013,CVX,0.05,20,0.0,0.0
2014-07-01,2014,2013,WFC,0.05,20,0.0,0.0
2014-07-01,2014,2013,PG,0.05,20,0.0,0.0
2014-07-01,2014,2013,JPM,0.05,20,0.0,0.0
2014-07-01,2014,2013,IBM,0.05,20,0.0,0.0
2014-07-01,2014,2013,PFE,0.05,20,0.0,0.0
2014-07-01,2014,2013,AMZN,0.05,20,0.0,0.0
2014-07-01,2014,2013,KO,0.05,20,0.0,0.0
2014-07-01,2014,2013,ORCL,0.05,20,0.0,0.0
2014-07-01,2014,2013,GE,0.05,20,0.0,0.0
2014-07-01,2014,2013,BAC,0.05,20,0.0,0.0
2014-07-01,2014,2013,C,0.05,20,0.0,0.0
2014-07-01,2014,2013,VZ,0.05,20,0.0,0.0
2014-08-01,2014,2013,AAPL,0.05,20,0.02534,1.267
2014-08-01,2014,2013,XOM,0.05,20,0.0,0.0
2014-08-01,2014,2013,GOOGL,0.05,20,0.0,0.0
2014-08-01,2014,2013,MSFT,0.05,20,0.0,0.0
2014-08-01,2014,2013,BRK-B,0.05,20,0.0,0.0
2014-08-01,2014,2013,JNJ,0.05,20,0.0,0.0
2014-08-01,2014,2013,WMT,0.05,20,0.0,0.0
2014-08-01,2014,2013,CVX,0.05,20,0.0,0.0
2014-08-01,2014,2013,WFC,0.05,20,0.0,0.0
2014-08-01,2014,2013,PG,0.05,20,0.0,0.0
2014-08-01,2014,2013,JPM,0.05,20,0.0,0.0
2014-08-01,2014,2013,IBM,0.05,20,0.0,0.0
2014-08-01,2014,2013,PFE,0.05,20,0.0,0.0
2014-08-01,2014,2013,AMZN,0.05,20,0.0,0.0
2014-08-01,2014,2013,KO,0.05,20,0.0,0.0
2014-08-01,2014,2013,ORCL,0.05,20,0.0,0.0
2014-08-01,2014,2013,GE,0.05,20,0.0,0.0
2014-08-01,2014,2013,BAC,0.05,20,0.0,0.0
2014-08-01,2014,2013,C,0.05,20,0.0,0.0
2014-08-01,2014,2013,VZ,0.05,20,0.0,0.0
2014-09-02,2014,2013,AAPL,0.05,20,0.023743,1.1872
2014-09-02,2014,2013,XOM,0.05,20,0.0,0.0
2014-09-02,2014,2013,GOOGL,0.05,20,0.0,0.0
2014-09-02,2014,2013,MSFT,0.05,20,0.0,0.0
2014-09-02,2014,2013,BRK-B,0.05,20,0.0,0.0
2014-09-02,2014,2013,JNJ,0.05,20,0.0,0.0
2014-09-02,2014,2013,WMT,0.05,20,0.0,0.0
2014-09-02,2014,2013,CVX,0.05,20,0.0,0.0
2014-09-02,2014,2013,WFC,0.05,20,0.0,0.0
2014-09-02,2014,2013,PG,0.05,20,0.0,0.0
2014-09-02,2014,2013,JPM,0.05,20,0.0,0.0
2014-09-02,2014,2013,IBM,0.05,20,0.0,0.0
2014-09-02,2014,2013,PFE,0.05,20,0.0,0.0
2014-09-02,2014,2013,AMZN,0.05,20,0.0,0.0
2014-09-02,2014,2013,KO,0.05,20,0.0,0.0
2014-09-02,2014,2013,ORCL,0.05,20,0.0,0.0
2014-09-02,2014,2013,GE,0.05,20,0.0,0.0
2014-09-02,2014,2013,BAC,0.05,20,0.0,0.0
2014-09-02,2014,2013,C,0.05,20,0.0,0.0
2014-09-02,2014,2013,VZ,0.05,20,0.0,0.0
2014-10-01,2014,2013,AAPL,0.05,20,0.026751,1.3376
2014-10-01,2014,2013,XOM,0.05,20,0.0,0.0
2014-10-01,2014,2013,GOOGL,0.05,20,0.0,0.0
2014-10-01,2014,2013,MSFT,0.05,20,0.0,0.0
2014-10-01,2014,2013,BRK-B,0.05,20,0.0,0.0
2014-10-01,2014,2013,JNJ,0.05,20,0.0,0.0
2014-10-01,2014,2013,WMT,0.05,20,0.0,0.0
2014-10-01,2014,2013,CVX,0.05,20,0.0,0.0
2014-10-01,2014,2013,WFC,0.05,20,0.0,0.0
2014-10-01,2014,2013,PG,0.05,20,0.0,0.0
2014-10-01,2014,2013,JPM,0.05,20,0.0,0.0
2014-10-01,2014,2013,IBM,0.05,20,0.0,0.0
2014-10-01,2014,2013,PFE,0.05,20,0.0,0.0
2014-10-01,2014,2013,AMZN,0.05,20,0.0,0.0
2014-10-01,2014,2013,KO,0.05,20,0.0,0.0
2014-10-01,2014,2013,ORCL,0.05,20,0.0,0.0
2014-10-01,2014,2013,GE,0.05,20,0.0,0.0
2014-10-01,2014,2013,BAC,0.05,20,0.0,0.0
2014-10-01,2014,2013,C,0.05,20,0.0,0.0
2014-10-01,2014,2013,VZ,0.05,20,0.0,0.0
2014-11-03,2014,2013,AAPL,0.05,20,0.026272,1.3136
2014-11-03,2014,2013,XOM,0.05,20,0.0,0.0
2014-11-03,2014,2013,GOOGL,0.05,20,0.0,0.0
2014-11-03,2014,2013,MSFT,0.05,20,0.0,0.0
2014-11-03,2014,2013,BRK-B,0.05,20,0.0,0.0
2014-11-03,2014,2013,JNJ,0.05,20,0.0,0.0
2014-11-03,2014,2013,WMT,0.05,20,0.0,0.0
2014-11-03,2014,2013,CVX,0.05,20,0.0,0.0
2014-11-03,2014,2013,WFC,0.05,20,0.0,0.0
2014-11-03,2014,2013,PG,0.05,20,0.0,0.0
2014-11-03,2014,2013,JPM,0.05,20,0.0,0.0
2014-11-03,2014,2013,IBM,0.05,20,0.0,0.0
2014-11-03,2014,2013,PFE,0.05,20,0.0,0.0
2014-11-03,2014,2013,AMZN,0.05,20,0.0,0.0
2014-11-03,2014,2013,KO,0.05,20,0.0,0.0
2014-11-03,2014,2013,ORCL,0.05,20,0.0,0.0
2014-11-03,2014,2013,GE,0.05,20,0.0,0.0
2014-11-03,2014,2013,BAC,0.05,20,0.0,0.0
2014-11-03,2014,2013,C,0.05,20,0.0,0.0
2014-11-03,2014,2013,VZ,0.05,20,0.0,0.0
2014-12-01,2014,2013,AAPL,0.05,20,0.042764,2.1382
2014-12-01,2014,2013,XOM,0.05,20,0.0,0.0
2014-12-01,2014,2013,GOOGL,0.05,20,0.0,0.0
2014-12-01,2014,2013,MSFT,0.05,20,0.0,0.0
2014-12-01,2014,2013,BRK-B,0.05,20,0.0,0.0
2014-12-01,2014,2013,JNJ,0.05,20,0.0,0.0
2014-12-01,2014,2013,WMT,0.05,20,0.0,0.0
2014-12-01,2014,2013,CVX,0.05,20,0.0,0.0
2014-12-01,2014,2013,WFC,0.05,20,0.0,0.0
2014-12-01,2014,2013,PG,0.05,20,0.0,0.0
2014-12-01,2014,2013,JPM,0.05,20,0.0,0.0
2014-12-01,2014,2013,IBM,0.05,20,0.0,0.0
2014-12-01,2014,2013,PFE,0.05,20,0.0,0.0
2014-12-01,2014,2013,AMZN,0.05,20,0.0,0.0
2014-12-01,2014,2013,KO,0.05,20,0.0,0.0
2014-12-01,2014,2013,ORCL,0.05,20,0.0,0.0
2014-12-01,2014,2013,GE,0.05,20,0.0,0.0
2014-12-01,2014,2013,BAC,0.05,20,0.0,0.0
2014-12-01,2014,2013,C,0.05,20,0.0,0.0
2014-12-01,2014,2013,VZ,0.05,20,0.0,0.0
2015-01-02,2015,2014,AAPL,0.05,20,0.324218,16.2109
2015-01-02,2015,2014,XOM,0.05,20,0.0,0.0
2015-01-02,2015,2014,MSFT,0.05,20,0.0,0.0
2015-01-02,2015,2014,BRK-B,0.05,20,0.0,0.0
2015-01-02,2015,2014,GOOGL,0.05,20,0.0,0.0
2015-01-02,2015,2014,JNJ,0.05,20,0.0,0.0
2015-01-02,2015,2014,WFC,0.05,20,0.0,0.0
2015-01-02,2015,2014,WMT,0.05,20,0.0,0.0
2015-01-02,2015,2014,PG,0.05,20,0.0,0.0
2015-01-02,2015,2014,JPM,0.05,20,0.0,0.0
2015-01-02,2015,2014,META,0.05,20,0.0,0.0
2015-01-02,2015,2014,CVX,0.05,20,0.0,0.0
2015-01-02,2015,2014,ORCL,0.05,20,0.0,0.0
2015-01-02,2015,2014,VZ,0.05,20,0.0,0.0
2015-01-02,2015,2014,BAC,0.05,20,0.0,0.0
2015-01-02,2015,2014,PFE,0.05,20,0.0,0.0
2015-01-02,2015,2014,KO,0.05,20,0.0,0.0
2015-01-02,2015,2014,INTC,0.05,20,0.0,0.0
2015-01-02,2015,2014,C,0.05,20,0.0,0.0
2015-01-02,2015,2014,DIS,0.05,20,0.0,0.0
2015-02-02,2015,2014,AAPL,0.05,20,0.044644,2.2322
2015-02-02,2015,2014,XOM,0.05,20,0.0,0.0
2015-02-02,2015,2014,MSFT,0.05,20,0.0,0.0
2015-02-02,2015,2014,BRK-B,0.05,20,0.0,0.0
2015-02-02,2015,2014,GOOGL,0.05,20,0.0,0.0
2015-02-02,2015,2014,JNJ,0.05,20,0.0,0.0
2015-02-02,2015,2014,WFC,0.05,20,0.0,0.0
2015-02-02,2015,2014,WMT,0.05,20,0.0,0.0
2015-02-02,2015,2014,PG,0.05,20,0.0,0.0
2015-02-02,2015,2014,JPM,0.05,20,0.0,0.0
2015-02-02,2015,2014,META,0.05,20,0.0,0.0
2015-02-02,2015,2014,CVX,0.05,20,0.0,0.0
2015-02-02,2015,2014,ORCL,0.05,20,0.0,0.0
2015-02-02,2015,2014,VZ,0.05,20,0.0,0.0
2015-02-02,2015,2014,BAC,0.05,20,0.0,0.0
2015-02-02,2015,2014,PFE,0.05,20,0.0,0.0
2015-02-02,2015,2014,KO,0.05,20,0.0,0.0
2015-02-02,2015,2014,INTC,0.05,20,0.0,0.0
2015-02-02,2015,2014,C,0.05,20,0.0,0.0
2015-02-02,2015,2014,DIS,0.05,20,0.0,0.0
2015-03-02,2015,2014,AAPL,0.05,20,0.033377,1.6688
2015-03-02,2015,2014,XOM,0.05,20,0.0,0.0
2015-03-02,2015,2014,MSFT,0.05,20,0.0,0.0
2015-03-02,2015,2014,BRK-B,0.05,20,0.0,0.0
2015-03-02,2015,2014,GOOGL,0.05,20,0.0,0.0
2015-03-02,2015,2014,JNJ,0.05,20,0.0,0.0
2015-03-02,2015,2014,WFC,0.05,20,0.0,0.0
2015-03-02,2015,2014,WMT,0.05,20,0.0,0.0
2015-03-02,2015,2014,PG,0.05,20,0.0,0.0
2015-03-02,2015,2014,JPM,0.05,20,0.0,0.0
2015-03-02,2015,2014,META,0.05,20,0.0,0.0
2015-03-02,2015,2014,CVX,0.05,20,0.0,0.0
2015-03-02,2015,2014,ORCL,0.05,20,0.0,0.0
2015-03-02,2015,2014,VZ,0.05,20,0.0,0.0
2015-03-02,2015,2014,BAC,0.05,20,0.0,0.0
2015-03-02,2015,2014,PFE,0.05,20,0.0,0.0
2015-03-02,2015,2014,KO,0.05,20,0.0,0.0
2015-03-02,2015,2014,INTC,0.05,20,0.0,0.0
2015-03-02,2015,2014,C,0.05,20,0.0,0.0
2015-03-02,2015,2014,DIS,0.05,20,0.0,0.0
2015-04-01,2015,2014,AAPL,0.05,20,0.018142,0.9071
2015-04-01,2015,2014,XOM,0.05,20,0.0,0.0
2015-04-01,2015,2014,MSFT,0.05,20,0.0,0.0
2015-04-01,2015,2014,BRK-B,0.05,20,0.0,0.0
2015-04-01,2015,2014,GOOGL,0.05,20,0.0,0.0
2015-04-01,2015,2014,JNJ,0.05,20,0.0,0.0
2015-04-01,2015,2014,WFC,0.05,20,0.0,0.0
2015-04-01,2015,2014,WMT,0.05,20,0.0,0.0
2015-04-01,2015,2014,PG,0.05,20,0.0,0.0
2015-04-01,2015,2014,JPM,0.05,20,0.0,0.0
2015-04-01,2015,2014,META,0.05,20,0.0,0.0
2015-04-01,2015,2014,CVX,0.05,20,0.0,0.0
2015-04-01,2015,2014,ORCL,0.05,20,0.0,0.0
2015-04-01,2015,2014,VZ,0.05,20,0.0,0.0
2015-04-01,2015,2014,BAC,0.05,20,0.0,0.0
2015-04-01,2015,2014,PFE,0.05,20,0.0,0.0
2015-04-01,2015,2014,KO,0.05,20,0.0,0.0
2015-04-01,2015,2014,INTC,0.05,20,0.0,0.0
2015-04-01,2015,2014,C,0.05,20,0.0,0.0
2015-04-01,2015,2014,DIS,0.05,20,0.0,0.0
2015-05-01,2015,2014,AAPL,0.05,20,0.035323,1.7661
2015-05-01,2015,2014,XOM,0.05,20,0.0,0.0
2015-05-01,2015,2014,MSFT,0.05,20,0.0,0.0
2015-05-01,2015,2014,BRK-B,0.05,20,0.0,0.0
2015-05-01,2015,2014,GOOGL,0.05,20,0.0,0.0
2015-05-01,2015,2014,JNJ,0.05,20,0.0,0.0
2015-05-01,2015,2014,WFC,0.05,20,0.0,0.0
2015-05-01,2015,2014,WMT,0.05,20,0.0,0.0
2015-05-01,2015,2014,PG,0.05,20,0.0,0.0
2015-05-01,2015,2014,JPM,0.05,20,0.0,0.0
2015-05-01,2015,2014,META,0.05,20,0.0,0.0
2015-05-01,2015,2014,CVX,0.05,20,0.0,0.0
2015-05-01,2015,2014,ORCL,0.05,20,0.0,0.0
2015-05-01,2015,2014,VZ,0.05,20,0.0,0.0
2015-05-01,2015,2014,BAC,0.05,20,0.0,0.0
2015-05-01,2015,2014,PFE,0.05,20,0.0,0.0
2015-05-01,2015,2014,KO,0.05,20,0.0,0.0
2015-05-01,2015,2014,INTC,0.05,20,0.0,0.0
2015-05-01,2015,2014,C,0.05,20,0.0,0.0
2015-05-01,2015,2014,DIS,0.05,20,0.0,0.0
2015-06-01,2015,2014,AAPL,0.05,20,0.024389,1.2195
2015-06-01,2015,2014,XOM,0.05,20,0.0,0.0
2015-06-01,2015,2014,MSFT,0.05,20,0.0,0.0
2015-06-01,2015,2014,BRK-B,0.05,20,0.0,0.0
2015-06-01,2015,2014,GOOGL,0.05,20,0.0,0.0
2015-06-01,2015,2014,JNJ,0.05,20,0.0,0.0
2015-06-01,2015,2014,WFC,0.05,20,0.0,0.0
2015-06-01,2015,2014,WMT,0.05,20,0.0,0.0
2015-06-01,2015,2014,PG,0.05,20,0.0,0.0
2015-06-01,2015,2014,JPM,0.05,20,0.0,0.0
2015-06-01,2015,2014,META,0.05,20,0.0,0.0
2015-06-01,2015,2014,CVX,0.05,20,0.0,0.0
2015-06-01,2015,2014,ORCL,0.05,20,0.0,0.0
2015-06-01,2015,2014,VZ,0.05,20,0.0,0.0
2015-06-01,2015,2014,BAC,0.05,20,0.0,0.0
2015-06-01,2015,2014,PFE,0.05,20,0.0,0.0
2015-06-01,2015,2014,KO,0.05,20,0.0,0.0
2015-06-01,2015,2014,INTC,0.05,20,0.0,0.0
2015-06-01,2015,2014,C,0.05,20,0.0,0.0
2015-06-01,2015,2014,DIS,0.05,20,0.0,0.0
2015-07-01,2015,2014,AAPL,0.05,20,0.037363,1.8681
2015-07-01,2015,2014,XOM,0.05,20,0.0,0.0
2015-07-01,2015,2014,MSFT,0.05,20,0.0,0.0
2015-07-01,2015,2014,BRK-B,0.05,20,0.0,0.0
2015-07-01,2015,2014,GOOGL,0.05,20,0.0,0.0
2015-07-01,2015,2014,JNJ,0.05,20,0.0,0.0
2015-07-01,2015,2014,WFC,0.05,20,0.0,0.0
2015-07-01,2015,2014,WMT,0.05,20,0.0,0.0
2015-07-01,2015,2014,PG,0.05,20,0.0,0.0
2015-07-01,2015,2014,JPM,0.05,20,0.0,0.0
2015-07-01,2015,2014,META,0.05,20,0.0,0.0
2015-07-01,2015,2014,CVX,0.05,20,0.0,0.0
2015-07-01,2015,2014,ORCL,0.05,20,0.0,0.0
2015-07-01,2015,2014,VZ,0.05,20,0.0,0.0
2015-07-01,2015,2014,BAC,0.05,20,0.0,0.0
2015-07-01,2015,2014,PFE,0.05,20,0.0,0.0
2015-07-01,2015,2014,KO,0.05,20,0.0,0.0
2015-07-01,2015,2014,INTC,0.05,20,0.0,0.0
2015-07-01,2015,2014,C,0.05,20,0.0,0.0
2015-07-01,2015,2014,DIS,0.05,20,0.0,0.0
2015-08-03,2015,2014,AAPL,0.05,20,0.043317,2.1658
2015-08-03,2015,2014,XOM,0.05,20,0.0,0.0
2015-08-03,2015,2014,MSFT,0.05,20,0.0,0.0
2015-08-03,2015,2014,BRK-B,0.05,20,0.0,0.0
2015-08-03,2015,2014,GOOGL,0.05,20,0.0,0.0
2015-08-03,2015,2014,JNJ,0.05,20,0.0,0.0
2015-08-03,2015,2014,WFC,0.05,20,0.0,0.0
2015-08-03,2015,2014,WMT,0.05,20,0.0,0.0
2015-08-03,2015,2014,PG,0.05,20,0.0,0.0
2015-08-03,2015,2014,JPM,0.05,20,0.0,0.0
2015-08-03,2015,2014,META,0.05,20,0.0,0.0
2015-08-03,2015,2014,CVX,0.05,20,0.0,0.0
2015-08-03,2015,2014,ORCL,0.05,20,0.0,0.0
2015-08-03,2015,2014,VZ,0.05,20,0.0,0.0
2015-08-03,2015,2014,BAC,0.05,20,0.0,0.0
2015-08-03,2015,2014,PFE,0.05,20,0.0,0.0
2015-08-03,2015,2014,KO,0.05,20,0.0,0.0
2015-08-03,2015,2014,INTC,0.05,20,0.0,0.0
2015-08-03,2015,2014,C,0.05,20,0.0,0.0
2015-08-03,2015,2014,DIS,0.05,20,0.0,0.0
2015-09-01,2015,2014,AAPL,0.05,20,0.024888,1.2444
2015-09-01,2015,2014,XOM,0.05,20,0.0,0.0
2015-09-01,2015,2014,MSFT,0.05,20,0.0,0.0
2015-09-01,2015,2014,BRK-B,0.05,20,0.0,0.0
2015-09-01,2015,2014,GOOGL,0.05,20,0.0,0.0
2015-09-01,2015,2014,JNJ,0.05,20,0.0,0.0
2015-09-01,2015,2014,WFC,0.05,20,0.0,0.0
2015-09-01,2015,2014,WMT,0.05,20,0.0,0.0
2015-09-01,2015,2014,PG,0.05,20,0.0,0.0
2015-09-01,2015,2014,JPM,0.05,20,0.0,0.0
2015-09-01,2015,2014,META,0.05,20,0.0,0.0
2015-09-01,2015,2014,CVX,0.05,20,0.0,0.0
2015-09-01,2015,2014,ORCL,0.05,20,0.0,0.0
2015-09-01,2015,2014,VZ,0.05,20,0.0,0.0
2015-09-01,2015,2014,BAC,0.05,20,0.0,0.0
2015-09-01,2015,2014,PFE,0.05,20,0.0,0.0
2015-09-01,2015,2014,KO,0.05,20,0.0,0.0
2015-09-01,2015,2014,INTC,0.05,20,0.0,0.0
2015-09-01,2015,2014,C,0.05,20,0.0,0.0
2015-09-01,2015,2014,DIS,0.05,20,0.0,0.0
2015-10-01,2015,2014,AAPL,0.05,20,0.024361,1.218
2015-10-01,2015,2014,XOM,0.05,20,0.0,0.0
2015-10-01,2015,2014,MSFT,0.05,20,0.0,0.0
2015-10-01,2015,2014,BRK-B,0.05,20,0.0,0.0
2015-10-01,2015,2014,GOOGL,0.05,20,0.0,0.0
2015-10-01,2015,2014,JNJ,0.05,20,0.0,0.0
2015-10-01,2015,2014,WFC,0.05,20,0.0,0.0
2015-10-01,2015,2014,WMT,0.05,20,0.0,0.0
2015-10-01,2015,2014,PG,0.05,20,0.0,0.0
2015-10-01,2015,2014,JPM,0.05,20,0.0,0.0
2015-10-01,2015,2014,META,0.05,20,0.0,0.0
2015-10-01,2015,2014,CVX,0.05,20,0.0,0.0
2015-10-01,2015,2014,ORCL,0.05,20,0.0,0.0
2015-10-01,2015,2014,VZ,0.05,20,0.0,0.0
2015-10-01,2015,2014,BAC,0.05,20,0.0,0.0
2015-10-01,2015,2014,PFE,0.05,20,0.0,0.0
2015-10-01,2015,2014,KO,0.05,20,0.0,0.0
2015-10-01,2015,2014,INTC,0.05,20,0.0,0.0
2015-10-01,2015,2014,C,0.05,20,0.0,0.0
2015-10-01,2015,2014,DIS,0.05,20,0.0,0.0
2015-11-02,2015,2014,AAPL,0.05,20,0.03563,1.7815
2015-11-02,2015,2014,XOM,0.05,20,0.0,0.0
2015-11-02,2015,2014,MSFT,0.05,20,0.0,0.0
2015-11-02,2015,2014,BRK-B,0.05,20,0.0,0.0
2015-11-02,2015,2014,GOOGL,0.05,20,0.0,0.0
2015-11-02,2015,2014,JNJ,0.05,20,0.0,0.0
2015-11-02,2015,2014,WFC,0.05,20,0.0,0.0
2015-11-02,2015,2014,WMT,0.05,20,0.0,0.0
2015-11-02,2015,2014,PG,0.05,20,0.0,0.0
2015-11-02,2015,2014,JPM,0.05,20,0.0,0.0
2015-11-02,2015,2014,META,0.05,20,0.0,0.0
2015-11-02,2015,2014,CVX,0.05,20,0.0,0.0
2015-11-02,2015,2014,ORCL,0.05,20,0.0,0.0
2015-11-02,2015,2014,VZ,0.05,20,0.0,0.0
2015-11-02,2015,2014,BAC,0.05,20,0.0,0.0
2015-11-02,2015,2014,PFE,0.05,20,0.0,0.0
2015-11-02,2015,2014,KO,0.05,20,0.0,0.0
2015-11-02,2015,2014,INTC,0.05,20,0.0,0.0
2015-11-02,2015,2014,C,0.05,20,0.0,0.0
2015-11-02,2015,2014,DIS,0.05,20,0.0,0.0
2015-12-01,2015,2014,AAPL,0.05,20,0.018495,0.9247
2015-12-01,2015,2014,XOM,0.05,20,0.0,0.0
2015-12-01,2015,2014,MSFT,0.05,20,0.0,0.0
2015-12-01,2015,2014,BRK-B,0.05,20,0.0,0.0
2015-12-01,2015,2014,GOOGL,0.05,20,0.0,0.0
2015-12-01,2015,2014,JNJ,0.05,20,0.0,0.0
2015-12-01,2015,2014,WFC,0.05,20,0.0,0.0
2015-12-01,2015,2014,WMT,0.05,20,0.0,0.0
2015-12-01,2015,2014,PG,0.05,20,0.0,0.0
2015-12-01,2015,2014,JPM,0.05,20,0.0,0.0
2015-12-01,2015,2014,META,0.05,20,0.0,0.0
2015-12-01,2015,2014,CVX,0.05,20,0.0,0.0
2015-12-01,2015,2014,ORCL,0.05,20,0.0,0.0
2015-12-01,2015,2014,VZ,0.05,20,0.0,0.0
2015-12-01,2015,2014,BAC,0.05,20,0.0,0.0
2015-12-01,2015,2014,PFE,0.05,20,0.0,0.0
2015-12-01,2015,2014,KO,0.05,20,0.0,0.0
2015-12-01,2015,2014,INTC,0.05,20,0.0,0.0
2015-12-01,2015,2014,C,0.05,20,0.0,0.0
2015-12-01,2015,2014,DIS,0.05,20,0.0,0.0
2016-01-04,2016,2015,AAPL,0.05,20,0.321943,16.0971
2016-01-04,2016,2015,GOOGL,0.05,20,0.0,0.0
2016-01-04,2016,2015,MSFT,0.05,20,0.0,0.0
2016-01-04,2016,2015,BRK-B,0.05,20,0.0,0.0
2016-01-04,2016,2015,XOM,0.05,20,0.0,0.0
2016-01-04,2016,2015,AMZN,0.05,20,0.0,0.0
2016-01-04,2016,2015,META,0.05,20,0.0,0.0
2016-01-04,2016,2015,JNJ,0.05,20,0.0,0.0
2016-01-04,2016,2015,WFC,0.05,20,0.0,0.0
2016-01-04,2016,2015,JPM,0.05,20,0.0,0.0
2016-01-04,2016,2015,PG,0.05,20,0.0,0.0
2016-01-04,2016,2015,WMT,0.05,20,0.0,0.0
2016-01-04,2016,2015,PFE,0.05,20,0.0,0.0
2016-01-04,2016,2015,VZ,0.05,20,0.0,0.0
2016-01-04,2016,2015,KO,0.05,20,0.0,0.0
2016-01-04,2016,2015,V,0.05,20,0.0,0.0
2016-01-04,2016,2015,GE,0.05,20,0.0,0.0
2016-01-04,2016,2015,BAC,0.05,20,0.0,0.0
2016-01-04,2016,2015,DIS,0.05,20,0.0,0.0
2016-01-04,2016,2015,CVX,0.05,20,0.0,0.0
2016-02-01,2016,2015,AAPL,0.05,20,0.055512,2.7756
2016-02-01,2016,2015,GOOGL,0.05,20,0.0,0.0
2016-02-01,2016,2015,MSFT,0.05,20,0.0,0.0
2016-02-01,2016,2015,BRK-B,0.05,20,0.0,0.0
2016-02-01,2016,2015,XOM,0.05,20,0.0,0.0
2016-02-01,2016,2015,AMZN,0.05,20,0.0,0.0
2016-02-01,2016,2015,META,0.05,20,0.0,0.0
2016-02-01,2016,2015,JNJ,0.05,20,0.0,0.0
2016-02-01,2016,2015,WFC,0.05,20,0.0,0.0
2016-02-01,2016,2015,JPM,0.05,20,0.0,0.0
2016-02-01,2016,2015,PG,0.05,20,0.0,0.0
2016-02-01,2016,2015,WMT,0.05,20,0.0,0.0
2016-02-01,2016,2015,PFE,0.05,20,0.0,0.0
2016-02-01,2016,2015,VZ,0.05,20,0.0,0.0
2016-02-01,2016,2015,KO,0.05,20,0.0,0.0
2016-02-01,2016,2015,V,0.05,20,0.0,0.0
2016-02-01,2016,2015,GE,0.05,20,0.0,0.0
2016-02-01,2016,2015,BAC,0.05,20,0.0,0.0
2016-02-01,2016,2015,DIS,0.05,20,0.0,0.0
2016-02-01,2016,2015,CVX,0.05,20,0.0,0.0
2016-03-01,2016,2015,AAPL,0.05,20,0.032241,1.612
2016-03-01,2016,2015,GOOGL,0.05,20,0.0,0.0
2016-03-01,2016,2015,MSFT,0.05,20,0.0,0.0
2016-03-01,2016,2015,BRK-B,0.05,20,0.0,0.0
2016-03-01,2016,2015,XOM,0.05,20,0.0,0.0
2016-03-01,2016,2015,AMZN,0.05,20,0.0,0.0
2016-03-01,2016,2015,META,0.05,20,0.0,0.0
2016-03-01,2016,2015,JNJ,0.05,20,0.0,0.0
2016-03-01,2016,2015,WFC,0.05,20,0.0,0.0
2016-03-01,2016,2015,JPM,0.05,20,0.0,0.0
2016-03-01,2016,2015,PG,0.05,20,0.0,0.0
2016-03-01,2016,2015,WMT,0.05,20,0.0,0.0
2016-03-01,2016,2015,PFE,0.05,20,0.0,0.0
2016-03-01,2016,2015,VZ,0.05,20,0.0,0.0
2016-03-01,2016,2015,KO,0.05,20,0.0,0.0
2016-03-01,2016,2015,V,0.05,20,0.0,0.0
2016-03-01,2016,2015,GE,0.05,20,0.0,0.0
2016-03-01,2016,2015,BAC,0.05,20,0.0,0.0
2016-03-01,2016,2015,DIS,0.05,20,0.0,0.0
2016-03-01,2016,2015,CVX,0.05,20,0.0,0.0
2016-04-01,2016,2015,AAPL,0.05,20,0.024203,1.2101
2016-04-01,2016,2015,GOOGL,0.05,20,0.0,0.0
2016-04-01,2016,2015,MSFT,0.05,20,0.0,0.0
2016-04-01,2016,2015,BRK-B,0.05,20,0.0,0.0
2016-04-01,2016,2015,XOM,0.05,20,0.0,0.0
2016-04-01,2016,2015,AMZN,0.05,20,0.0,0.0
2016-04-01,2016,2015,META,0.05,20,0.0,0.0
2016-04-01,2016,2015,JNJ,0.05,20,0.0,0.0
2016-04-01,2016,2015,WFC,0.05,20,0.0,0.0
2016-04-01,2016,2015,JPM,0.05,20,0.0,0.0
2016-04-01,2016,2015,PG,0.05,20,0.0,0.0
2016-04-01,2016,2015,WMT,0.05,20,0.0,0.0
2016-04-01,2016,2015,PFE,0.05,20,0.0,0.0
2016-04-01,2016,2015,VZ,0.05,20,0.0,0.0
2016-04-01,2016,2015,KO,0.05,20,0.0,0.0
2016-04-01,2016,2015,V,0.05,20,0.0,0.0
2016-04-01,2016,2015,GE,0.05,20,0.0,0.0
2016-04-01,2016,2015,BAC,0.05,20,0.0,0.0
2016-04-01,2016,2015,DIS,0.05,20,0.0,0.0
2016-04-01,2016,2015,CVX,0.05,20,0.0,0.0
2016-05-02,2016,2015,AAPL,0.05,20,0.054272,2.7136
2016-05-02,2016,2015,GOOGL,0.05,20,0.0,0.0
2016-05-02,2016,2015,MSFT,0.05,20,0.0,0.0
2016-05-02,2016,2015,BRK-B,0.05,20,0.0,0.0
2016-05-02,2016,2015,XOM,0.05,20,0.0,0.0
2016-05-02,2016,2015,AMZN,0.05,20,0.0,0.0
2016-05-02,2016,2015,META,0.05,20,0.0,0.0
2016-05-02,2016,2015,JNJ,0.05,20,0.0,0.0
2016-05-02,2016,2015,WFC,0.05,20,0.0,0.0
2016-05-02,2016,2015,JPM,0.05,20,0.0,0.0
2016-05-02,2016,2015,PG,0.05,20,0.0,0.0
2016-05-02,2016,2015,WMT,0.05,20,0.0,0.0
2016-05-02,2016,2015,PFE,0.05,20,0.0,0.0
2016-05-02,2016,2015,VZ,0.05,20,0.0,0.0
2016-05-02,2016,2015,KO,0.05,20,0.0,0.0
2016-05-02,2016,2015,V,0.05,20,0.0,0.0
2016-05-02,2016,2015,GE,0.05,20,0.0,0.0
2016-05-02,2016,2015,BAC,0.05,20,0.0,0.0
2016-05-02,2016,2015,DIS,0.05,20,0.0,0.0
2016-05-02,2016,2015,CVX,0.05,20,0.0,0.0
2016-06-01,2016,2015,AAPL,0.05,20,0.028971,1.4485
2016-06-01,2016,2015,GOOGL,0.05,20,0.0,0.0
2016-06-01,2016,2015,MSFT,0.05,20,0.0,0.0
2016-06-01,2016,2015,BRK-B,0.05,20,0.0,0.0
2016-06-01,2016,2015,XOM,0.05,20,0.0,0.0
2016-06-01,2016,2015,AMZN,0.05,20,0.0,0.0
2016-06-01,2016,2015,META,0.05,20,0.0,0.0
2016-06-01,2016,2015,JNJ,0.05,20,0.0,0.0
2016-06-01,2016,2015,WFC,0.05,20,0.0,0.0
2016-06-01,2016,2015,JPM,0.05,20,0.0,0.0
2016-06-01,2016,2015,PG,0.05,20,0.0,0.0
2016-06-01,2016,2015,WMT,0.05,20,0.0,0.0
2016-06-01,2016,2015,PFE,0.05,20,0.0,0.0
2016-06-01,2016,2015,VZ,0.05,20,0.0,0.0
2016-06-01,2016,2015,KO,0.05,20,0.0,0.0
2016-06-01,2016,2015,V,0.05,20,0.0,0.0
2016-06-01,2016,2015,GE,0.05,20,0.0,0.0
2016-06-01,2016,2015,BAC,0.05,20,0.0,0.0
2016-06-01,2016,2015,DIS,0.05,20,0.0,0.0
2016-06-01,2016,2015,CVX,0.05,20,0.0,0.0
2016-07-01,2016,2015,AAPL,0.05,20,0.046736,2.3368
2016-07-01,2016,2015,GOOGL,0.05,20,0.0,0.0
2016-07-01,2016,2015,MSFT,0.05,20,0.0,0.0
2016-07-01,2016,2015,BRK-B,0.05,20,0.0,0.0
2016-07-01,2016,2015,XOM,0.05,20,0.0,0.0
2016-07-01,2016,2015,AMZN,0.05,20,0.0,0.0
2016-07-01,2016,2015,META,0.05,20,0.0,0.0
2016-07-01,2016,2015,JNJ,0.05,20,0.0,0.0
2016-07-01,2016,2015,WFC,0.05,20,0.0,0.0
2016-07-01,2016,2015,JPM,0.05,20,0.0,0.0
2016-07-01,2016,2015,PG,0.05,20,0.0,0.0
2016-07-01,2016,2015,WMT,0.05,20,0.0,0.0
2016-07-01,2016,2015,PFE,0.05,20,0.0,0.0
2016-07-01,2016,2015,VZ,0.05,20,0.0,0.0
2016-07-01,2016,2015,KO,0.05,20,0.0,0.0
2016-07-01,2016,2015,V,0.05,20,0.0,0.0
2016-07-01,2016,2015,GE,0.05,20,0.0,0.0
2016-07-01,2016,2015,BAC,0.05,20,0.0,0.0
2016-07-01,2016,2015,DIS,0.05,20,0.0,0.0
2016-07-01,2016,2015,CVX,0.05,20,0.0,0.0
2016-08-01,2016,2015,AAPL,0.05,20,0.040373,2.0186
2016-08-01,2016,2015,GOOGL,0.05,20,0.0,0.0
2016-08-01,2016,2015,MSFT,0.05,20,0.0,0.0
2016-08-01,2016,2015,BRK-B,0.05,20,0.0,0.0
2016-08-01,2016,2015,XOM,0.05,20,0.0,0.0
2016-08-01,2016,2015,AMZN,0.05,20,0.0,0.0
2016-08-01,2016,2015,META,0.05,20,0.0,0.0
2016-08-01,2016,2015,JNJ,0.05,20,0.0,0.0
2016-08-01,2016,2015,WFC,0.05,20,0.0,0.0
2016-08-01,2016,2015,JPM,0.05,20,0.0,0.0
2016-08-01,2016,2015,PG,0.05,20,0.0,0.0
2016-08-01,2016,2015,WMT,0.05,20,0.0,0.0
2016-08-01,2016,2015,PFE,0.05,20,0.0,0.0
2016-08-01,2016,2015,VZ,0.05,20,0.0,0.0
2016-08-01,2016,2015,KO,0.05,20,0.0,0.0
2016-08-01,2016,2015,V,0.05,20,0.0,0.0
2016-08-01,2016,2015,GE,0.05,20,0.0,0.0
2016-08-01,2016,2015,BAC,0.05,20,0.0,0.0
2016-08-01,2016,2015,DIS,0.05,20,0.0,0.0
2016-08-01,2016,2015,CVX,0.05,20,0.0,0.0
2016-09-01,2016,2015,AAPL,0.05,20,0.030492,1.5246
2016-09-01,2016,2015,GOOGL,0.05,20,0.0,0.0
2016-09-01,2016,2015,MSFT,0.05,20,0.0,0.0
2016-09-01,2016,2015,BRK-B,0.05,20,0.0,0.0
2016-09-01,2016,2015,XOM,0.05,20,0.0,0.0
2016-09-01,2016,2015,AMZN,0.05,20,0.0,0.0
2016-09-01,2016,2015,META,0.05,20,0.0,0.0
2016-09-01,2016,2015,JNJ,0.05,20,0.0,0.0
2016-09-01,2016,2015,WFC,0.05,20,0.0,0.0
2016-09-01,2016,2015,JPM,0.05,20,0.0,0.0
2016-09-01,2016,2015,PG,0.05,20,0.0,0.0
2016-09-01,2016,2015,WMT,0.05,20,0.0,0.0
2016-09-01,2016,2015,PFE,0.05,20,0.0,0.0
2016-09-01,2016,2015,VZ,0.05,20,0.0,0.0
2016-09-01,2016,2015,KO,0.05,20,0.0,0.0
2016-09-01,2016,2015,V,0.05,20,0.0,0.0
2016-09-01,2016,2015,GE,0.05,20,0.0,0.0
2016-09-01,2016,2015,BAC,0.05,20,0.0,0.0
2016-09-01,2016,2015,DIS,0.05,20,0.0,0.0
2016-09-01,2016,2015,CVX,0.05,20,0.0,0.0
2016-10-03,2016,2015,AAPL,0.05,20,0.030635,1.5317
2016-10-03,2016,2015,GOOGL,0.05,20,0.0,0.0
2016-10-03,2016,2015,MSFT,0.05,20,0.0,0.0
2016-10-03,2016,2015,BRK-B,0.05,20,0.0,0.0
2016-10-03,2016,2015,XOM,0.05,20,0.0,0.0
2016-10-03,2016,2015,AMZN,0.05,20,0.0,0.0
2016-10-03,2016,2015,META,0.05,20,0.0,0.0
2016-10-03,2016,2015,JNJ,0.05,20,0.0,0.0
2016-10-03,2016,2015,WFC,0.05,20,0.0,0.0
2016-10-03,2016,2015,JPM,0.05,20,0.0,0.0
2016-10-03,2016,2015,PG,0.05,20,0.0,0.0
2016-10-03,2016,2015,WMT,0.05,20,0.0,0.0
2016-10-03,2016,2015,PFE,0.05,20,0.0,0.0
2016-10-03,2016,2015,VZ,0.05,20,0.0,0.0
2016-10-03,2016,2015,KO,0.05,20,0.0,0.0
2016-10-03,2016,2015,V,0.05,20,0.0,0.0
2016-10-03,2016,2015,GE,0.05,20,0.0,0.0
2016-10-03,2016,2015,BAC,0.05,20,0.0,0.0
2016-10-03,2016,2015,DIS,0.05,20,0.0,0.0
2016-10-03,2016,2015,CVX,0.05,20,0.0,0.0
2016-11-01,2016,2015,AAPL,0.05,20,0.028479,1.4239
2016-11-01,2016,2015,GOOGL,0.05,20,0.0,0.0
2016-11-01,2016,2015,MSFT,0.05,20,0.0,0.0
2016-11-01,2016,2015,BRK-B,0.05,20,0.0,0.0
2016-11-01,2016,2015,XOM,0.05,20,0.0,0.0
2016-11-01,2016,2015,AMZN,0.05,20,0.0,0.0
2016-11-01,2016,2015,META,0.05,20,0.0,0.0
2016-11-01,2016,2015,JNJ,0.05,20,0.0,0.0
2016-11-01,2016,2015,WFC,0.05,20,0.0,0.0
2016-11-01,2016,2015,JPM,0.05,20,0.0,0.0
2016-11-01,2016,2015,PG,0.05,20,0.0,0.0
2016-11-01,2016,2015,WMT,0.05,20,0.0,0.0
2016-11-01,2016,2015,PFE,0.05,20,0.0,0.0
2016-11-01,2016,2015,VZ,0.05,20,0.0,0.0
2016-11-01,2016,2015,KO,0.05,20,0.0,0.0
2016-11-01,2016,2015,V,0.05,20,0.0,0.0
2016-11-01,2016,2015,GE,0.05,20,0.0,0.0
2016-11-01,2016,2015,BAC,0.05,20,0.0,0.0
2016-11-01,2016,2015,DIS,0.05,20,0.0,0.0
2016-11-01,2016,2015,CVX,0.05,20,0.0,0.0
2016-12-01,2016,2015,AAPL,0.05,20,0.068114,3.4057
2016-12-01,2016,2015,GOOGL,0.05,20,0.0,0.0
2016-12-01,2016,2015,MSFT,0.05,20,0.0,0.0
2016-12-01,2016,2015,BRK-B,0.05,20,0.0,0.0
2016-12-01,2016,2015,XOM,0.05,20,0.0,0.0
2016-12-01,2016,2015,AMZN,0.05,20,0.0,0.0
2016-12-01,2016,2015,META,0.05,20,0.0,0.0
2016-12-01,2016,2015,JNJ,0.05,20,0.0,0.0
2016-12-01,2016,2015,WFC,0.05,20,0.0,0.0
2016-12-01,2016,2015,JPM,0.05,20,0.0,0.0
2016-12-01,2016,2015,PG,0.05,20,0.0,0.0
2016-12-01,2016,2015,WMT,0.05,20,0.0,0.0
2016-12-01,2016,2015,PFE,0.05,20,0.0,0.0
2016-12-01,2016,2015,VZ,0.05,20,0.0,0.0
2016-12-01,2016,2015,KO,0.05,20,0.0,0.0
2016-12-01,2016,2015,V,0.05,20,0.0,0.0
2016-12-01,2016,2015,GE,0.05,20,0.0,0.0
2016-12-01,2016,2015,BAC,0.05,20,0.0,0.0
2016-12-01,2016,2015,DIS,0.05,20,0.0,0.0
2016-12-01,2016,2015,CVX,0.05,20,0.0,0.0
2017-01-03,2017,2016,AAPL,0.05,20,0.219253,10.9627
2017-01-03,2017,2016,GOOGL,0.05,20,0.0,0.0
2017-01-03,2017,2016,MSFT,0.05,20,0.0,0.0
2017-01-03,2017,2016,BRK-B,0.05,20,0.0,0.0
2017-01-03,2017,2016,XOM,0.05,20,0.0,0.0
2017-01-03,2017,2016,AMZN,0.05,20,0.0,0.0
2017-01-03,2017,2016,META,0.05,20,0.0,0.0
2017-01-03,2017,2016,JNJ,0.05,20,0.0,0.0
2017-01-03,2017,2016,JPM,0.05,20,0.0,0.0
2017-01-03,2017,2016,WFC,0.05,20,0.0,0.0
2017-01-03,2017,2016,PG,0.05,20,0.0,0.0
2017-01-03,2017,2016,BAC,0.05,20,0.0,0.0
2017-01-03,2017,2016,CVX,0.05,20,0.0,0.0
2017-01-03,2017,2016,VZ,0.05,20,0.0,0.0
2017-01-03,2017,2016,WMT,0.05,20,0.0,0.0
2017-01-03,2017,2016,T,0.05,20,0.0,0.0
2017-01-03,2017,2016,PFE,0.05,20,0.0,0.0
2017-01-03,2017,2016,V,0.05,20,0.0,0.0
2017-01-03,2017,2016,KO,0.05,20,0.0,0.0
2017-01-03,2017,2016,INTC,0.05,20,0.0,0.0
2017-02-01,2017,2016,AAPL,0.05,20,0.039222,1.9611
2017-02-01,2017,2016,GOOGL,0.05,20,0.0,0.0
2017-02-01,2017,2016,MSFT,0.05,20,0.0,0.0
2017-02-01,2017,2016,BRK-B,0.05,20,0.0,0.0
2017-02-01,2017,2016,XOM,0.05,20,0.0,0.0
2017-02-01,2017,2016,AMZN,0.05,20,0.0,0.0
2017-02-01,2017,2016,META,0.05,20,0.0,0.0
2017-02-01,2017,2016,JNJ,0.05,20,0.0,0.0
2017-02-01,2017,2016,JPM,0.05,20,0.0,0.0
2017-02-01,2017,2016,WFC,0.05,20,0.0,0.0
2017-02-01,2017,2016,PG,0.05,20,0.0,0.0
2017-02-01,2017,2016,BAC,0.05,20,0.0,0.0
2017-02-01,2017,2016,CVX,0.05,20,0.0,0.0
2017-02-01,2017,2016,VZ,0.05,20,0.0,0.0
2017-02-01,2017,2016,WMT,0.05,20,0.0,0.0
2017-02-01,2017,2016,T,0.05,20,0.0,0.0
2017-02-01,2017,2016,PFE,0.05,20,0.0,0.0
2017-02-01,2017,2016,V,0.05,20,0.0,0.0
2017-02-01,2017,2016,KO,0.05,20,0.0,0.0
2017-02-01,2017,2016,INTC,0.05,20,0.0,0.0
2017-03-01,2017,2016,AAPL,0.05,20,0.030434,1.5217
2017-03-01,2017,2016,GOOGL,0.05,20,0.0,0.0
2017-03-01,2017,2016,MSFT,0.05,20,0.0,0.0
2017-03-01,2017,2016,BRK-B,0.05,20,0.0,0.0
2017-03-01,2017,2016,XOM,0.05,20,0.0,0.0
2017-03-01,2017,2016,AMZN,0.05,20,0.0,0.0
2017-03-01,2017,2016,META,0.05,20,0.0,0.0
2017-03-01,2017,2016,JNJ,0.05,20,0.0,0.0
2017-03-01,2017,2016,JPM,0.05,20,0.0,0.0
2017-03-01,2017,2016,WFC,0.05,20,0.0,0.0
2017-03-01,2017,2016,PG,0.05,20,0.0,0.0
2017-03-01,2017,2016,BAC,0.05,20,0.0,0.0
2017-03-01,2017,2016,CVX,0.05,20,0.0,0.0
2017-03-01,2017,2016,VZ,0.05,20,0.0,0.0
2017-03-01,2017,2016,WMT,0.05,20,0.0,0.0
2017-03-01,2017,2016,T,0.05,20,0.0,0.0
2017-03-01,2017,2016,PFE,0.05,20,0.0,0.0
2017-03-01,2017,2016,V,0.05,20,0.0,0.0
2017-03-01,2017,2016,KO,0.05,20,0.0,0.0
2017-03-01,2017,2016,INTC,0.05,20,0.0,0.0
2017-04-03,2017,2016,AAPL,0.05,20,0.02413,1.2065
2017-04-03,2017,2016,GOOGL,0.05,20,0.0,0.0
2017-04-03,2017,2016,MSFT,0.05,20,0.0,0.0
2017-04-03,2017,2016,BRK-B,0.05,20,0.0,0.0
2017-04-03,2017,2016,XOM,0.05,20,0.0,0.0
2017-04-03,2017,2016,AMZN,0.05,20,0.0,0.0
2017-04-03,2017,2016,META,0.05,20,0.0,0.0
2017-04-03,2017,2016,JNJ,0.05,20,0.0,0.0
2017-04-03,2017,2016,JPM,0.05,20,0.0,0.0
2017-04-03,2017,2016,WFC,0.05,20,0.0,0.0
2017-04-03,2017,2016,PG,0.05,20,0.0,0.0
2017-04-03,2017,2016,BAC,0.05,20,0.0,0.0
2017-04-03,2017,2016,CVX,0.05,20,0.0,0.0
2017-04-03,2017,2016,VZ,0.05,20,0.0,0.0
2017-04-03,2017,2016,WMT,0.05,20,0.0,0.0
2017-04-03,2017,2016,T,0.05,20,0.0,0.0
2017-04-03,2017,2016,PFE,0.05,20,0.0,0.0
2017-04-03,2017,2016,V,0.05,20,0.0,0.0
2017-04-03,2017,2016,KO,0.05,20,0.0,0.0
2017-04-03,2017,2016,INTC,0.05,20,0.0,0.0
2017-05-01,2017,2016,AAPL,0.05,20,0.026749,1.3374
2017-05-01,2017,2016,GOOGL,0.05,20,0.0,0.0
2017-05-01,2017,2016,MSFT,0.05,20,0.0,0.0
2017-05-01,2017,2016,BRK-B,0.05,20,0.0,0.0
2017-05-01,2017,2016,XOM,0.05,20,0.0,0.0
2017-05-01,2017,2016,AMZN,0.05,20,0.0,0.0
2017-05-01,2017,2016,META,0.05,20,0.0,0.0
2017-05-01,2017,2016,JNJ,0.05,20,0.0,0.0
2017-05-01,2017,2016,JPM,0.05,20,0.0,0.0
2017-05-01,2017,2016,WFC,0.05,20,0.0,0.0
2017-05-01,2017,2016,PG,0.05,20,0.0,0.0
2017-05-01,2017,2016,BAC,0.05,20,0.0,0.0
2017-05-01,2017,2016,CVX,0.05,20,0.0,0.0
2017-05-01,2017,2016,VZ,0.05,20,0.0,0.0
2017-05-01,2017,2016,WMT,0.05,20,0.0,0.0
2017-05-01,2017,2016,T,0.05,20,0.0,0.0
2017-05-01,2017,2016,PFE,0.05,20,0.0,0.0
2017-05-01,2017,2016,V,0.05,20,0.0,0.0
2017-05-01,2017,2016,KO,0.05,20,0.0,0.0
2017-05-01,2017,2016,INTC,0.05,20,0.0,0.0
2017-06-01,2017,2016,AAPL,0.05,20,0.033046,1.6523
2017-06-01,2017,2016,GOOGL,0.05,20,0.0,0.0
2017-06-01,2017,2016,MSFT,0.05,20,0.0,0.0
2017-06-01,2017,2016,BRK-B,0.05,20,0.0,0.0
2017-06-01,2017,2016,XOM,0.05,20,0.0,0.0
2017-06-01,2017,2016,AMZN,0.05,20,0.0,0.0
2017-06-01,2017,2016,META,0.05,20,0.0,0.0
2017-06-01,2017,2016,JNJ,0.05,20,0.0,0.0
2017-06-01,2017,2016,JPM,0.05,20,0.0,0.0
2017-06-01,2017,2016,WFC,0.05,20,0.0,0.0
2017-06-01,2017,2016,PG,0.05,20,0.0,0.0
2017-06-01,2017,2016,BAC,0.05,20,0.0,0.0
2017-06-01,2017,2016,CVX,0.05,20,0.0,0.0
2017-06-01,2017,2016,VZ,0.05,20,0.0,0.0
2017-06-01,2017,2016,WMT,0.05,20,0.0,0.0
2017-06-01,2017,2016,T,0.05,20,0.0,0.0
2017-06-01,2017,2016,PFE,0.05,20,0.0,0.0
2017-06-01,2017,2016,V,0.05,20,0.0,0.0
2017-06-01,2017,2016,KO,0.05,20,0.0,0.0
2017-06-01,2017,2016,INTC,0.05,20,0.0,0.0
2017-07-03,2017,2016,AAPL,0.05,20,0.036681,1.834
2017-07-03,2017,2016,GOOGL,0.05,20,0.0,0.0
2017-07-03,2017,2016,MSFT,0.05,20,0.0,0.0
2017-07-03,2017,2016,BRK-B,0.05,20,0.0,0.0
2017-07-03,2017,2016,XOM,0.05,20,0.0,0.0
2017-07-03,2017,2016,AMZN,0.05,20,0.0,0.0
2017-07-03,2017,2016,META,0.05,20,0.0,0.0
2017-07-03,2017,2016,JNJ,0.05,20,0.0,0.0
2017-07-03,2017,2016,JPM,0.05,20,0.0,0.0
2017-07-03,2017,2016,WFC,0.05,20,0.0,0.0
2017-07-03,2017,2016,PG,0.05,20,0.0,0.0
2017-07-03,2017,2016,BAC,0.05,20,0.0,0.0
2017-07-03,2017,2016,CVX,0.05,20,0.0,0.0
2017-07-03,2017,2016,VZ,0.05,20,0.0,0.0
2017-07-03,2017,2016,WMT,0.05,20,0.0,0.0
2017-07-03,2017,2016,T,0.05,20,0.0,0.0
2017-07-03,2017,2016,PFE,0.05,20,0.0,0.0
2017-07-03,2017,2016,V,0.05,20,0.0,0.0
2017-07-03,2017,2016,KO,0.05,20,0.0,0.0
2017-07-03,2017,2016,INTC,0.05,20,0.0,0.0
2017-08-01,2017,2016,AAPL,0.05,20,0.027801,1.39
2017-08-01,2017,2016,GOOGL,0.05,20,0.0,0.0
2017-08-01,2017,2016,MSFT,0.05,20,0.0,0.0
2017-08-01,2017,2016,BRK-B,0.05,20,0.0,0.0
2017-08-01,2017,2016,XOM,0.05,20,0.0,0.0
2017-08-01,2017,2016,AMZN,0.05,20,0.0,0.0
2017-08-01,2017,2016,META,0.05,20,0.0,0.0
2017-08-01,2017,2016,JNJ,0.05,20,0.0,0.0
2017-08-01,2017,2016,JPM,0.05,20,0.0,0.0
2017-08-01,2017,2016,WFC,0.05,20,0.0,0.0
2017-08-01,2017,2016,PG,0.05,20,0.0,0.0
2017-08-01,2017,2016,BAC,0.05,20,0.0,0.0
2017-08-01,2017,2016,CVX,0.05,20,0.0,0.0
2017-08-01,2017,2016,VZ,0.05,20,0.0,0.0
2017-08-01,2017,2016,WMT,0.05,20,0.0,0.0
2017-08-01,2017,2016,T,0.05,20,0.0,0.0
2017-08-01,2017,2016,PFE,0.05,20,0.0,0.0
2017-08-01,2017,2016,V,0.05,20,0.0,0.0
2017-08-01,2017,2016,KO,0.05,20,0.0,0.0
2017-08-01,2017,2016,INTC,0.05,20,0.0,0.0
2017-09-01,2017,2016,AAPL,0.05,20,0.024736,1.2368
2017-09-01,2017,2016,GOOGL,0.05,20,0.0,0.0
2017-09-01,2017,2016,MSFT,0.05,20,0.0,0.0
2017-09-01,2017,2016,BRK-B,0.05,20,0.0,0.0
2017-09-01,2017,2016,XOM,0.05,20,0.0,0.0
2017-09-01,2017,2016,AMZN,0.05,20,0.0,0.0
2017-09-01,2017,2016,META,0.05,20,0.0,0.0
2017-09-01,2017,2016,JNJ,0.05,20,0.0,0.0
2017-09-01,2017,2016,JPM,0.05,20,0.0,0.0
2017-09-01,2017,2016,WFC,0.05,20,0.0,0.0
2017-09-01,2017,2016,PG,0.05,20,0.0,0.0
2017-09-01,2017,2016,BAC,0.05,20,0.0,0.0
2017-09-01,2017,2016,CVX,0.05,20,0.0,0.0
2017-09-01,2017,2016,VZ,0.05,20,0.0,0.0
2017-09-01,2017,2016,WMT,0.05,20,0.0,0.0
2017-09-01,2017,2016,T,0.05,20,0.0,0.0
2017-09-01,2017,2016,PFE,0.05,20,0.0,0.0
2017-09-01,2017,2016,V,0.05,20,0.0,0.0
2017-09-01,2017,2016,KO,0.05,20,0.0,0.0
2017-09-01,2017,2016,INTC,0.05,20,0.0,0.0
2017-10-02,2017,2016,AAPL,0.05,20,0.034129,1.7064
2017-10-02,2017,2016,GOOGL,0.05,20,0.0,0.0
2017-10-02,2017,2016,MSFT,0.05,20,0.0,0.0
2017-10-02,2017,2016,BRK-B,0.05,20,0.0,0.0
2017-10-02,2017,2016,XOM,0.05,20,0.0,0.0
2017-10-02,2017,2016,AMZN,0.05,20,0.0,0.0
2017-10-02,2017,2016,META,0.05,20,0.0,0.0
2017-10-02,2017,2016,JNJ,0.05,20,0.0,0.0
2017-10-02,2017,2016,JPM,0.05,20,0.0,0.0
2017-10-02,2017,2016,WFC,0.05,20,0.0,0.0
2017-10-02,2017,2016,PG,0.05,20,0.0,0.0
2017-10-02,2017,2016,BAC,0.05,20,0.0,0.0
2017-10-02,2017,2016,CVX,0.05,20,0.0,0.0
2017-10-02,2017,2016,VZ,0.05,20,0.0,0.0
2017-10-02,2017,2016,WMT,0.05,20,0.0,0.0
2017-10-02,2017,2016,T,0.05,20,0.0,0.0
2017-10-02,2017,2016,PFE,0.05,20,0.0,0.0
2017-10-02,2017,2016,V,0.05,20,0.0,0.0
2017-10-02,2017,2016,KO,0.05,20,0.0,0.0
2017-10-02,2017,2016,INTC,0.05,20,0.0,0.0
2017-11-01,2017,2016,AAPL,0.05,20,0.052863,2.6432
2017-11-01,2017,2016,GOOGL,0.05,20,0.0,0.0
2017-11-01,2017,2016,MSFT,0.05,20,0.0,0.0
2017-11-01,2017,2016,BRK-B,0.05,20,0.0,0.0
2017-11-01,2017,2016,XOM,0.05,20,0.0,0.0
2017-11-01,2017,2016,AMZN,0.05,20,0.0,0.0
2017-11-01,2017,2016,META,0.05,20,0.0,0.0
2017-11-01,2017,2016,JNJ,0.05,20,0.0,0.0
2017-11-01,2017,2016,JPM,0.05,20,0.0,0.0
2017-11-01,2017,2016,WFC,0.05,20,0.0,0.0
2017-11-01,2017,2016,PG,0.05,20,0.0,0.0
2017-11-01,2017,2016,BAC,0.05,20,0.0,0.0
2017-11-01,2017,2016,CVX,0.05,20,0.0,0.0
2017-11-01,2017,2016,VZ,0.05,20,0.0,0.0
2017-11-01,2017,2016,WMT,0.05,20,0.0,0.0
2017-11-01,2017,2016,T,0.05,20,0.0,0.0
2017-11-01,2017,2016,PFE,0.05,20,0.0,0.0
2017-11-01,2017,2016,V,0.05,20,0.0,0.0
2017-11-01,2017,2016,KO,0.05,20,0.0,0.0
2017-11-01,2017,2016,INTC,0.05,20,0.0,0.0
2017-12-01,2017,2016,AAPL,0.05,20,0.023134,1.1567
2017-12-01,2017,2016,GOOGL,0.05,20,0.0,0.0
2017-12-01,2017,2016,MSFT,0.05,20,0.0,0.0
2017-12-01,2017,2016,BRK-B,0.05,20,0.0,0.0
2017-12-01,2017,2016,XOM,0.05,20,0.0,0.0
2017-12-01,2017,2016,AMZN,0.05,20,0.0,0.0
2017-12-01,2017,2016,META,0.05,20,0.0,0.0
2017-12-01,2017,2016,JNJ,0.05,20,0.0,0.0
2017-12-01,2017,2016,JPM,0.05,20,0.0,0.0
2017-12-01,2017,2016,WFC,0.05,20,0.0,0.0
2017-12-01,2017,2016,PG,0.05,20,0.0,0.0
2017-12-01,2017,2016,BAC,0.05,20,0.0,0.0
2017-12-01,2017,2016,CVX,0.05,20,0.0,0.0
2017-12-01,2017,2016,VZ,0.05,20,0.0,0.0
2017-12-01,2017,2016,WMT,0.05,20,0.0,0.0
2017-12-01,2017,2016,T,0.05,20,0.0,0.0
2017-12-01,2017,2016,PFE,0.05,20,0.0,0.0
2017-12-01,2017,2016,V,0.05,20,0.0,0.0
2017-12-01,2017,2016,KO,0.05,20,0.0,0.0
2017-12-01,2017,2016,INTC,0.05,20,0.0,0.0
2018-01-02,2018,2017,AAPL,0.05,20,0.216665,10.8333
2018-01-02,2018,2017,GOOGL,0.05,20,0.0,0.0
2018-01-02,2018,2017,MSFT,0.05,20,0.0,0.0
2018-01-02,2018,2017,AMZN,0.05,20,0.0,0.0
2018-01-02,2018,2017,META,0.05,20,0.0,0.0
2018-01-02,2018,2017,BRK-B,0.05,20,0.0,0.0
2018-01-02,2018,2017,JNJ,0.05,20,0.0,0.0
2018-01-02,2018,2017,JPM,0.05,20,0.0,0.0
2018-01-02,2018,2017,XOM,0.05,20,0.0,0.0
2018-01-02,2018,2017,BAC,0.05,20,0.0,0.0
2018-01-02,2018,2017,WFC,0.05,20,0.0,0.0
2018-01-02,2018,2017,WMT,0.05,20,0.0,0.0
2018-01-02,2018,2017,V,0.05,20,0.0,0.0
2018-01-02,2018,2017,CVX,0.05,20,0.0,0.0
2018-01-02,2018,2017,PG,0.05,20,0.0,0.0
2018-01-02,2018,2017,HD,0.05,20,0.0,0.0
2018-01-02,2018,2017,INTC,0.05,20,0.0,0.0
2018-01-02,2018,2017,VZ,0.05,20,0.0,0.0
2018-01-02,2018,2017,UNH,0.05,20,0.0,0.0
2018-01-02,2018,2017,PFE,0.05,20,0.0,0.0
2018-02-01,2018,2017,AAPL,0.05,20,0.04075,2.0375
2018-02-01,2018,2017,GOOGL,0.05,20,0.0,0.0
2018-02-01,2018,2017,MSFT,0.05,20,0.0,0.0
2018-02-01,2018,2017,AMZN,0.05,20,0.0,0.0
2018-02-01,2018,2017,META,0.05,20,0.0,0.0
2018-02-01,2018,2017,BRK-B,0.05,20,0.0,0.0
2018-02-01,2018,2017,JNJ,0.05,20,0.0,0.0
2018-02-01,2018,2017,JPM,0.05,20,0.0,0.0
2018-02-01,2018,2017,XOM,0.05,20,0.0,0.0
2018-02-01,2018,2017,BAC,0.05,20,0.0,0.0
2018-02-01,2018,2017,WFC,0.05,20,0.0,0.0
2018-02-01,2018,2017,WMT,0.05,20,0.0,0.0
2018-02-01,2018,2017,V,0.05,20,0.0,0.0
2018-02-01,2018,2017,CVX,0.05,20,0.0,0.0
2018-02-01,2018,2017,PG,0.05,20,0.0,0.0
2018-02-01,2018,2017,HD,0.05,20,0.0,0.0
2018-02-01,2018,2017,INTC,0.05,20,0.0,0.0
2018-02-01,2018,2017,VZ,0.05,20,0.0,0.0
2018-02-01,2018,2017,UNH,0.05,20,0.0,0.0
2018-02-01,2018,2017,PFE,0.05,20,0.0,0.0
2018-03-01,2018,2017,AAPL,0.05,20,0.051755,2.5877
2018-03-01,2018,2017,GOOGL,0.05,20,0.0,0.0
2018-03-01,2018,2017,MSFT,0.05,20,0.0,0.0
2018-03-01,2018,2017,AMZN,0.05,20,0.0,0.0
2018-03-01,2018,2017,META,0.05,20,0.0,0.0
2018-03-01,2018,2017,BRK-B,0.05,20,0.0,0.0
2018-03-01,2018,2017,JNJ,0.05,20,0.0,0.0
2018-03-01,2018,2017,JPM,0.05,20,0.0,0.0
2018-03-01,2018,2017,XOM,0.05,20,0.0,0.0
2018-03-01,2018,2017,BAC,0.05,20,0.0,0.0
2018-03-01,2018,2017,WFC,0.05,20,0.0,0.0
2018-03-01,2018,2017,WMT,0.05,20,0.0,0.0
2018-03-01,2018,2017,V,0.05,20,0.0,0.0
2018-03-01,2018,2017,CVX,0.05,20,0.0,0.0
2018-03-01,2018,2017,PG,0.05,20,0.0,0.0
2018-03-01,2018,2017,HD,0.05,20,0.0,0.0
2018-03-01,2018,2017,INTC,0.05,20,0.0,0.0
2018-03-01,2018,2017,VZ,0.05,20,0.0,0.0
2018-03-01,2018,2017,UNH,0.05,20,0.0,0.0
2018-03-01,2018,2017,PFE,0.05,20,0.0,0.0
2018-04-02,2018,2017,AAPL,0.05,20,0.03027,1.5135
2018-04-02,2018,2017,GOOGL,0.05,20,0.0,0.0
2018-04-02,2018,2017,MSFT,0.05,20,0.0,0.0
2018-04-02,2018,2017,AMZN,0.05,20,0.0,0.0
2018-04-02,2018,2017,META,0.05,20,0.0,0.0
2018-04-02,2018,2017,BRK-B,0.05,20,0.0,0.0
2018-04-02,2018,2017,JNJ,0.05,20,0.0,0.0
2018-04-02,2018,2017,JPM,0.05,20,0.0,0.0
2018-04-02,2018,2017,XOM,0.05,20,0.0,0.0
2018-04-02,2018,2017,BAC,0.05,20,0.0,0.0
2018-04-02,2018,2017,WFC,0.05,20,0.0,0.0
2018-04-02,2018,2017,WMT,0.05,20,0.0,0.0
2018-04-02,2018,2017,V,0.05,20,0.0,0.0
2018-04-02,2018,2017,CVX,0.05,20,0.0,0.0
2018-04-02,2018,2017,PG,0.05,20,0.0,0.0
2018-04-02,2018,2017,HD,0.05,20,0.0,0.0
2018-04-02,2018,2017,INTC,0.05,20,0.0,0.0
2018-04-02,2018,2017,VZ,0.05,20,0.0,0.0
2018-04-02,2018,2017,UNH,0.05,20,0.0,0.0
2018-04-02,2018,2017,PFE,0.05,20,0.0,0.0
2018-05-01,2018,2017,AAPL,0.05,20,0.038503,1.9252
2018-05-01,2018,2017,GOOGL,0.05,20,0.0,0.0
2018-05-01,2018,2017,MSFT,0.05,20,0.0,0.0
2018-05-01,2018,2017,AMZN,0.05,20,0.0,0.0
2018-05-01,2018,2017,META,0.05,20,0.0,0.0
2018-05-01,2018,2017,BRK-B,0.05,20,0.0,0.0
2018-05-01,2018,2017,JNJ,0.05,20,0.0,0.0
2018-05-01,2018,2017,JPM,0.05,20,0.0,0.0
2018-05-01,2018,2017,XOM,0.05,20,0.0,0.0
2018-05-01,2018,2017,BAC,0.05,20,0.0,0.0
2018-05-01,2018,2017,WFC,0.05,20,0.0,0.0
2018-05-01,2018,2017,WMT,0.05,20,0.0,0.0
2018-05-01,2018,2017,V,0.05,20,0.0,0.0
2018-05-01,2018,2017,CVX,0.05,20,0.0,0.0
2018-05-01,2018,2017,PG,0.05,20,0.0,0.0
2018-05-01,2018,2017,HD,0.05,20,0.0,0.0
2018-05-01,2018,2017,INTC,0.05,20,0.0,0.0
2018-05-01,2018,2017,VZ,0.05,20,0.0,0.0
2018-05-01,2018,2017,UNH,0.05,20,0.0,0.0
2018-05-01,2018,2017,PFE,0.05,20,0.0,0.0
2018-06-01,2018,2017,AAPL,0.05,20,0.04123,2.0615
2018-06-01,2018,2017,GOOGL,0.05,20,0.0,0.0
2018-06-01,2018,2017,MSFT,0.05,20,0.0,0.0
2018-06-01,2018,2017,AMZN,0.05,20,0.0,0.0
2018-06-01,2018,2017,META,0.05,20,0.0,0.0
2018-06-01,2018,2017,BRK-B,0.05,20,0.0,0.0
2018-06-01,2018,2017,JNJ,0.05,20,0.0,0.0
2018-06-01,2018,2017,JPM,0.05,20,0.0,0.0
2018-06-01,2018,2017,XOM,0.05,20,0.0,0.0
2018-06-01,2018,2017,BAC,0.05,20,0.0,0.0
2018-06-01,2018,2017,WFC,0.05,20,0.0,0.0
2018-06-01,2018,2017,WMT,0.05,20,0.0,0.0
2018-06-01,2018,2017,V,0.05,20,0.0,0.0
2018-06-01,2018,2017,CVX,0.05,20,0.0,0.0
2018-06-01,2018,2017,PG,0.05,20,0.0,0.0
2018-06-01,2018,2017,HD,0.05,20,0.0,0.0
2018-06-01,2018,2017,INTC,0.05,20,0.0,0.0
2018-06-01,2018,2017,VZ,0.05,20,0.0,0.0
2018-06-01,2018,2017,UNH,0.05,20,0.0,0.0
2018-06-01,2018,2017,PFE,0.05,20,0.0,0.0
2018-07-02,2018,2017,AAPL,0.05,20,0.025514,1.2757
2018-07-02,2018,2017,GOOGL,0.05,20,0.0,0.0
2018-07-02,2018,2017,MSFT,0.05,20,0.0,0.0
2018-07-02,2018,2017,AMZN,0.05,20,0.0,0.0
2018-07-02,2018,2017,META,0.05,20,0.0,0.0
2018-07-02,2018,2017,BRK-B,0.05,20,0.0,0.0
2018-07-02,2018,2017,JNJ,0.05,20,0.0,0.0
2018-07-02,2018,2017,JPM,0.05,20,0.0,0.0
2018-07-02,2018,2017,XOM,0.05,20,0.0,0.0
2018-07-02,2018,2017,BAC,0.05,20,0.0,0.0
2018-07-02,2018,2017,WFC,0.05,20,0.0,0.0
2018-07-02,2018,2017,WMT,0.05,20,0.0,0.0
2018-07-02,2018,2017,V,0.05,20,0.0,0.0
2018-07-02,2018,2017,CVX,0.05,20,0.0,0.0
2018-07-02,2018,2017,PG,0.05,20,0.0,0.0
2018-07-02,2018,2017,HD,0.05,20,0.0,0.0
2018-07-02,2018,2017,INTC,0.05,20,0.0,0.0
2018-07-02,2018,2017,VZ,0.05,20,0.0,0.0
2018-07-02,2018,2017,UNH,0.05,20,0.0,0.0
2018-07-02,2018,2017,PFE,0.05,20,0.0,0.0
2018-08-01,2018,2017,AAPL,0.05,20,0.03547,1.7735
2018-08-01,2018,2017,GOOGL,0.05,20,0.0,0.0
2018-08-01,2018,2017,MSFT,0.05,20,0.0,0.0
2018-08-01,2018,2017,AMZN,0.05,20,0.0,0.0
2018-08-01,2018,2017,META,0.05,20,0.0,0.0
2018-08-01,2018,2017,BRK-B,0.05,20,0.0,0.0
2018-08-01,2018,2017,JNJ,0.05,20,0.0,0.0
2018-08-01,2018,2017,JPM,0.05,20,0.0,0.0
2018-08-01,2018,2017,XOM,0.05,20,0.0,0.0
2018-08-01,2018,2017,BAC,0.05,20,0.0,0.0
2018-08-01,2018,2017,WFC,0.05,20,0.0,0.0
2018-08-01,2018,2017,WMT,0.05,20,0.0,0.0
2018-08-01,2018,2017,V,0.05,20,0.0,0.0
2018-08-01,2018,2017,CVX,0.05,20,0.0,0.0
2018-08-01,2018,2017,PG,0.05,20,0.0,0.0
2018-08-01,2018,2017,HD,0.05,20,0.0,0.0
2018-08-01,2018,2017,INTC,0.05,20,0.0,0.0
2018-08-01,2018,2017,VZ,0.05,20,0.0,0.0
2018-08-01,2018,2017,UNH,0.05,20,0.0,0.0
2018-08-01,2018,2017,PFE,0.05,20,0.0,0.0
2018-09-04,2018,2017,AAPL,0.05,20,0.037426,1.8713
2018-09-04,2018,2017,GOOGL,0.05,20,0.0,0.0
2018-09-04,2018,2017,MSFT,0.05,20,0.0,0.0
2018-09-04,2018,2017,AMZN,0.05,20,0.0,0.0
2018-09-04,2018,2017,META,0.05,20,0.0,0.0
2018-09-04,2018,2017,BRK-B,0.05,20,0.0,0.0
2018-09-04,2018,2017,JNJ,0.05,20,0.0,0.0
2018-09-04,2018,2017,JPM,0.05,20,0.0,0.0
2018-09-04,2018,2017,XOM,0.05,20,0.0,0.0
2018-09-04,2018,2017,BAC,0.05,20,0.0,0.0
2018-09-04,2018,2017,WFC,0.05,20,0.0,0.0
2018-09-04,2018,2017,WMT,0.05,20,0.0,0.0
2018-09-04,2018,2017,V,0.05,20,0.0,0.0
2018-09-04,2018,2017,CVX,0.05,20,0.0,0.0
2018-09-04,2018,2017,PG,0.05,20,0.0,0.0
2018-09-04,2018,2017,HD,0.05,20,0.0,0.0
2018-09-04,2018,2017,INTC,0.05,20,0.0,0.0
2018-09-04,2018,2017,VZ,0.05,20,0.0,0.0
2018-09-04,2018,2017,UNH,0.05,20,0.0,0.0
2018-09-04,2018,2017,PFE,0.05,20,0.0,0.0
2018-10-01,2018,2017,AAPL,0.05,20,0.030107,1.5053
2018-10-01,2018,2017,GOOGL,0.05,20,0.0,0.0
2018-10-01,2018,2017,MSFT,0.05,20,0.0,0.0
2018-10-01,2018,2017,AMZN,0.05,20,0.0,0.0
2018-10-01,2018,2017,META,0.05,20,0.0,0.0
2018-10-01,2018,2017,BRK-B,0.05,20,0.0,0.0
2018-10-01,2018,2017,JNJ,0.05,20,0.0,0.0
2018-10-01,2018,2017,JPM,0.05,20,0.0,0.0
2018-10-01,2018,2017,XOM,0.05,20,0.0,0.0
2018-10-01,2018,2017,BAC,0.05,20,0.0,0.0
2018-10-01,2018,2017,WFC,0.05,20,0.0,0.0
2018-10-01,2018,2017,WMT,0.05,20,0.0,0.0
2018-10-01,2018,2017,V,0.05,20,0.0,0.0
2018-10-01,2018,2017,CVX,0.05,20,0.0,0.0
2018-10-01,2018,2017,PG,0.05,20,0.0,0.0
2018-10-01,2018,2017,HD,0.05,20,0.0,0.0
2018-10-01,2018,2017,INTC,0.05,20,0.0,0.0
2018-10-01,2018,2017,VZ,0.05,20,0.0,0.0
2018-10-01,2018,2017,UNH,0.05,20,0.0,0.0
2018-10-01,2018,2017,PFE,0.05,20,0.0,0.0
2018-11-01,2018,2017,AAPL,0.05,20,0.055951,2.7975
2018-11-01,2018,2017,GOOGL,0.05,20,0.0,0.0
2018-11-01,2018,2017,MSFT,0.05,20,0.0,0.0
2018-11-01,2018,2017,AMZN,0.05,20,0.0,0.0
2018-11-01,2018,2017,META,0.05,20,0.0,0.0
2018-11-01,2018,2017,BRK-B,0.05,20,0.0,0.0
2018-11-01,2018,2017,JNJ,0.05,20,0.0,0.0
2018-11-01,2018,2017,JPM,0.05,20,0.0,0.0
2018-11-01,2018,2017,XOM,0.05,20,0.0,0.0
2018-11-01,2018,2017,BAC,0.05,20,0.0,0.0
2018-11-01,2018,2017,WFC,0.05,20,0.0,0.0
2018-11-01,2018,2017,WMT,0.05,20,0.0,0.0
2018-11-01,2018,2017,V,0.05,20,0.0,0.0
2018-11-01,2018,2017,CVX,0.05,20,0.0,0.0
2018-11-01,2018,2017,PG,0.05,20,0.0,0.0
2018-11-01,2018,2017,HD,0.05,20,0.0,0.0
2018-11-01,2018,2017,INTC,0.05,20,0.0,0.0
2018-11-01,2018,2017,VZ,0.05,20,0.0,0.0
2018-11-01,2018,2017,UNH,0.05,20,0.0,0.0
2018-11-01,2018,2017,PFE,0.05,20,0.0,0.0
2018-12-03,2018,2017,AAPL,0.05,20,0.038291,1.9145
2018-12-03,2018,2017,GOOGL,0.05,20,0.0,0.0
2018-12-03,2018,2017,MSFT,0.05,20,0.0,0.0
2018-12-03,2018,2017,AMZN,0.05,20,0.0,0.0
2018-12-03,2018,2017,META,0.05,20,0.0,0.0
2018-12-03,2018,2017,BRK-B,0.05,20,0.0,0.0
2018-12-03,2018,2017,JNJ,0.05,20,0.0,0.0
2018-12-03,2018,2017,JPM,0.05,20,0.0,0.0
2018-12-03,2018,2017,XOM,0.05,20,0.0,0.0
2018-12-03,2018,2017,BAC,0.05,20,0.0,0.0
2018-12-03,2018,2017,WFC,0.05,20,0.0,0.0
2018-12-03,2018,2017,WMT,0.05,20,0.0,0.0
2018-12-03,2018,2017,V,0.05,20,0.0,0.0
2018-12-03,2018,2017,CVX,0.05,20,0.0,0.0
2018-12-03,2018,2017,PG,0.05,20,0.0,0.0
2018-12-03,2018,2017,HD,0.05,20,0.0,0.0
2018-12-03,2018,2017,INTC,0.05,20,0.0,0.0
2018-12-03,2018,2017,VZ,0.05,20,0.0,0.0
2018-12-03,2018,2017,UNH,0.05,20,0.0,0.0
2018-12-03,2018,2017,PFE,0.05,20,0.0,0.0
2019-01-02,2019,2018,MSFT,0.05,20,0.134784,6.7392
2019-01-02,2019,2018,AAPL,0.05,20,0.0,0.0
2019-01-02,2019,2018,AMZN,0.05,20,0.0,0.0
2019-01-02,2019,2018,GOOGL,0.05,20,0.0,0.0
2019-01-02,2019,2018,BRK-B,0.05,20,0.0,0.0
2019-01-02,2019,2018,META,0.05,20,0.0,0.0
2019-01-02,2019,2018,JNJ,0.05,20,0.0,0.0
2019-01-02,2019,2018,JPM,0.05,20,0.0,0.0
2019-01-02,2019,2018,V,0.05,20,0.0,0.0
2019-01-02,2019,2018,XOM,0.05,20,0.0,0.0
2019-01-02,2019,2018,WMT,0.05,20,0.0,0.0
2019-01-02,2019,2018,UNH,0.05,20,0.0,0.0
2019-01-02,2019,2018,BAC,0.05,20,0.0,0.0
2019-01-02,2019,2018,PFE,0.05,20,0.0,0.0
2019-01-02,2019,2018,VZ,0.05,20,0.0,0.0
2019-01-02,2019,2018,PG,0.05,20,0.0,0.0
2019-01-02,2019,2018,INTC,0.05,20,0.0,0.0
2019-01-02,2019,2018,WFC,0.05,20,0.0,0.0
2019-01-02,2019,2018,CVX,0.05,20,0.0,0.0
2019-01-02,2019,2018,KO,0.05,20,0.0,0.0
2019-02-01,2019,2018,MSFT,0.05,20,0.043191,2.1596
2019-02-01,2019,2018,AAPL,0.05,20,0.0,0.0
2019-02-01,2019,2018,AMZN,0.05,20,0.0,0.0
2019-02-01,2019,2018,GOOGL,0.05,20,0.0,0.0
2019-02-01,2019,2018,BRK-B,0.05,20,0.0,0.0
2019-02-01,2019,2018,META,0.05,20,0.0,0.0
2019-02-01,2019,2018,JNJ,0.05,20,0.0,0.0
2019-02-01,2019,2018,JPM,0.05,20,0.0,0.0
2019-02-01,2019,2018,V,0.05,20,0.0,0.0
2019-02-01,2019,2018,XOM,0.05,20,0.0,0.0
2019-02-01,2019,2018,WMT,0.05,20,0.0,0.0
2019-02-01,2019,2018,UNH,0.05,20,0.0,0.0
2019-02-01,2019,2018,BAC,0.05,20,0.0,0.0
2019-02-01,2019,2018,PFE,0.05,20,0.0,0.0
2019-02-01,2019,2018,VZ,0.05,20,0.0,0.0
2019-02-01,2019,2018,PG,0.05,20,0.0,0.0
2019-02-01,2019,2018,INTC,0.05,20,0.0,0.0
2019-02-01,2019,2018,WFC,0.05,20,0.0,0.0
2019-02-01,2019,2018,CVX,0.05,20,0.0,0.0
2019-02-01,2019,2018,KO,0.05,20,0.0,0.0
2019-03-01,2019,2018,MSFT,0.05,20,0.039681,1.9841
2019-03-01,2019,2018,AAPL,0.05,20,0.0,0.0
2019-03-01,2019,2018,AMZN,0.05,20,0.0,0.0
2019-03-01,2019,2018,GOOGL,0.05,20,0.0,0.0
2019-03-01,2019,2018,BRK-B,0.05,20,0.0,0.0
2019-03-01,2019,2018,META,0.05,20,0.0,0.0
2019-03-01,2019,2018,JNJ,0.05,20,0.0,0.0
2019-03-01,2019,2018,JPM,0.05,20,0.0,0.0
2019-03-01,2019,2018,V,0.05,20,0.0,0.0
2019-03-01,2019,2018,XOM,0.05,20,0.0,0.0
2019-03-01,2019,2018,WMT,0.05,20,0.0,0.0
2019-03-01,2019,2018,UNH,0.05,20,0.0,0.0
2019-03-01,2019,2018,BAC,0.05,20,0.0,0.0
2019-03-01,2019,2018,PFE,0.05,20,0.0,0.0
2019-03-01,2019,2018,VZ,0.05,20,0.0,0.0
2019-03-01,2019,2018,PG,0.05,20,0.0,0.0
2019-03-01,2019,2018,INTC,0.05,20,0.0,0.0
2019-03-01,2019,2018,WFC,0.05,20,0.0,0.0
2019-03-01,2019,2018,CVX,0.05,20,0.0,0.0
2019-03-01,2019,2018,KO,0.05,20,0.0,0.0
2019-04-01,2019,2018,MSFT,0.05,20,0.029157,1.4578
2019-04-01,2019,2018,AAPL,0.05,20,0.0,0.0
2019-04-01,2019,2018,AMZN,0.05,20,0.0,0.0
2019-04-01,2019,2018,GOOGL,0.05,20,0.0,0.0
2019-04-01,2019,2018,BRK-B,0.05,20,0.0,0.0
2019-04-01,2019,2018,META,0.05,20,0.0,0.0
2019-04-01,2019,2018,JNJ,0.05,20,0.0,0.0
2019-04-01,2019,2018,JPM,0.05,20,0.0,0.0
2019-04-01,2019,2018,V,0.05,20,0.0,0.0
2019-04-01,2019,2018,XOM,0.05,20,0.0,0.0
2019-04-01,2019,2018,WMT,0.05,20,0.0,0.0
2019-04-01,2019,2018,UNH,0.05,20,0.0,0.0
2019-04-01,2019,2018,BAC,0.05,20,0.0,0.0
2019-04-01,2019,2018,PFE,0.05,20,0.0,0.0
2019-04-01,2019,2018,VZ,0.05,20,0.0,0.0
2019-04-01,2019,2018,PG,0.05,20,0.0,0.0
2019-04-01,2019,2018,INTC,0.05,20,0.0,0.0
2019-04-01,2019,2018,WFC,0.05,20,0.0,0.0
2019-04-01,2019,2018,CVX,0.05,20,0.0,0.0
2019-04-01,2019,2018,KO,0.05,20,0.0,0.0
2019-05-01,2019,2018,MSFT,0.05,20,0.050407,2.5204
2019-05-01,2019,2018,AAPL,0.05,20,0.0,0.0
2019-05-01,2019,2018,AMZN,0.05,20,0.0,0.0
2019-05-01,2019,2018,GOOGL,0.05,20,0.0,0.0
2019-05-01,2019,2018,BRK-B,0.05,20,0.0,0.0
2019-05-01,2019,2018,META,0.05,20,0.0,0.0
2019-05-01,2019,2018,JNJ,0.05,20,0.0,0.0
2019-05-01,2019,2018,JPM,0.05,20,0.0,0.0
2019-05-01,2019,2018,V,0.05,20,0.0,0.0
2019-05-01,2019,2018,XOM,0.05,20,0.0,0.0
2019-05-01,2019,2018,WMT,0.05,20,0.0,0.0
2019-05-01,2019,2018,UNH,0.05,20,0.0,0.0
2019-05-01,2019,2018,BAC,0.05,20,0.0,0.0
2019-05-01,2019,2018,PFE,0.05,20,0.0,0.0
2019-05-01,2019,2018,VZ,0.05,20,0.0,0.0
2019-05-01,2019,2018,PG,0.05,20,0.0,0.0
2019-05-01,2019,2018,INTC,0.05,20,0.0,0.0
2019-05-01,2019,2018,WFC,0.05,20,0.0,0.0
2019-05-01,2019,2018,CVX,0.05,20,0.0,0.0
2019-05-01,2019,2018,KO,0.05,20,0.0,0.0
2019-06-03,2019,2018,MSFT,0.05,20,0.042493,2.1247
2019-06-03,2019,2018,AAPL,0.05,20,0.0,0.0
2019-06-03,2019,2018,AMZN,0.05,20,0.0,0.0
2019-06-03,2019,2018,GOOGL,0.05,20,0.0,0.0
2019-06-03,2019,2018,BRK-B,0.05,20,0.0,0.0
2019-06-03,2019,2018,META,0.05,20,0.0,0.0
2019-06-03,2019,2018,JNJ,0.05,20,0.0,0.0
2019-06-03,2019,2018,JPM,0.05,20,0.0,0.0
2019-06-03,2019,2018,V,0.05,20,0.0,0.0
2019-06-03,2019,2018,XOM,0.05,20,0.0,0.0
2019-06-03,2019,2018,WMT,0.05,20,0.0,0.0
2019-06-03,2019,2018,UNH,0.05,20,0.0,0.0
2019-06-03,2019,2018,BAC,0.05,20,0.0,0.0
2019-06-03,2019,2018,PFE,0.05,20,0.0,0.0
2019-06-03,2019,2018,VZ,0.05,20,0.0,0.0
2019-06-03,2019,2018,PG,0.05,20,0.0,0.0
2019-06-03,2019,2018,INTC,0.05,20,0.0,0.0
2019-06-03,2019,2018,WFC,0.05,20,0.0,0.0
2019-06-03,2019,2018,CVX,0.05,20,0.0,0.0
2019-06-03,2019,2018,KO,0.05,20,0.0,0.0
2019-07-01,2019,2018,MSFT,0.05,20,0.021436,1.0718
2019-07-01,2019,2018,AAPL,0.05,20,0.0,0.0
2019-07-01,2019,2018,AMZN,0.05,20,0.0,0.0
2019-07-01,2019,2018,GOOGL,0.05,20,0.0,0.0
2019-07-01,2019,2018,BRK-B,0.05,20,0.0,0.0
2019-07-01,2019,2018,META,0.05,20,0.0,0.0
2019-07-01,2019,2018,JNJ,0.05,20,0.0,0.0
2019-07-01,2019,2018,JPM,0.05,20,0.0,0.0
2019-07-01,2019,2018,V,0.05,20,0.0,0.0
2019-07-01,2019,2018,XOM,0.05,20,0.0,0.0
2019-07-01,2019,2018,WMT,0.05,20,0.0,0.0
2019-07-01,2019,2018,UNH,0.05,20,0.0,0.0
2019-07-01,2019,2018,BAC,0.05,20,0.0,0.0
2019-07-01,2019,2018,PFE,0.05,20,0.0,0.0
2019-07-01,2019,2018,VZ,0.05,20,0.0,0.0
2019-07-01,2019,2018,PG,0.05,20,0.0,0.0
2019-07-01,2019,2018,INTC,0.05,20,0.0,0.0
2019-07-01,2019,2018,WFC,0.05,20,0.0,0.0
2019-07-01,2019,2018,CVX,0.05,20,0.0,0.0
2019-07-01,2019,2018,KO,0.05,20,0.0,0.0
2019-08-01,2019,2018,MSFT,0.05,20,0.039988,1.9994
2019-08-01,2019,2018,AAPL,0.05,20,0.0,0.0
2019-08-01,2019,2018,AMZN,0.05,20,0.0,0.0
2019-08-01,2019,2018,GOOGL,0.05,20,0.0,0.0
2019-08-01,2019,2018,BRK-B,0.05,20,0.0,0.0
2019-08-01,2019,2018,META,0.05,20,0.0,0.0
2019-08-01,2019,2018,JNJ,0.05,20,0.0,0.0
2019-08-01,2019,2018,JPM,0.05,20,0.0,0.0
2019-08-01,2019,2018,V,0.05,20,0.0,0.0
2019-08-01,2019,2018,XOM,0.05,20,0.0,0.0
2019-08-01,2019,2018,WMT,0.05,20,0.0,0.0
2019-08-01,2019,2018,UNH,0.05,20,0.0,0.0
2019-08-01,2019,2018,BAC,0.05,20,0.0,0.0
2019-08-01,2019,2018,PFE,0.05,20,0.0,0.0
2019-08-01,2019,2018,VZ,0.05,20,0.0,0.0
2019-08-01,2019,2018,PG,0.05,20,0.0,0.0
2019-08-01,2019,2018,INTC,0.05,20,0.0,0.0
2019-08-01,2019,2018,WFC,0.05,20,0.0,0.0
2019-08-01,2019,2018,CVX,0.05,20,0.0,0.0
2019-08-01,2019,2018,KO,0.05,20,0.0,0.0
2019-09-03,2019,2018,MSFT,0.05,20,0.03603,1.8015
2019-09-03,2019,2018,AAPL,0.05,20,0.0,0.0
2019-09-03,2019,2018,AMZN,0.05,20,0.0,0.0
2019-09-03,2019,2018,GOOGL,0.05,20,0.0,0.0
2019-09-03,2019,2018,BRK-B,0.05,20,0.0,0.0
2019-09-03,2019,2018,META,0.05,20,0.0,0.0
2019-09-03,2019,2018,JNJ,0.05,20,0.0,0.0
2019-09-03,2019,2018,JPM,0.05,20,0.0,0.0
2019-09-03,2019,2018,V,0.05,20,0.0,0.0
2019-09-03,2019,2018,XOM,0.05,20,0.0,0.0
2019-09-03,2019,2018,WMT,0.05,20,0.0,0.0
2019-09-03,2019,2018,UNH,0.05,20,0.0,0.0
2019-09-03,2019,2018,BAC,0.05,20,0.0,0.0
2019-09-03,2019,2018,PFE,0.05,20,0.0,0.0
2019-09-03,2019,2018,VZ,0.05,20,0.0,0.0
2019-09-03,2019,2018,PG,0.05,20,0.0,0.0
2019-09-03,2019,2018,INTC,0.05,20,0.0,0.0
2019-09-03,2019,2018,WFC,0.05,20,0.0,0.0
2019-09-03,2019,2018,CVX,0.05,20,0.0,0.0
2019-09-03,2019,2018,KO,0.05,20,0.0,0.0
2019-10-01,2019,2018,MSFT,0.05,20,0.033197,1.6598
2019-10-01,2019,2018,AAPL,0.05,20,0.0,0.0
2019-10-01,2019,2018,AMZN,0.05,20,0.0,0.0
2019-10-01,2019,2018,GOOGL,0.05,20,0.0,0.0
2019-10-01,2019,2018,BRK-B,0.05,20,0.0,0.0
2019-10-01,2019,2018,META,0.05,20,0.0,0.0
2019-10-01,2019,2018,JNJ,0.05,20,0.0,0.0
2019-10-01,2019,2018,JPM,0.05,20,0.0,0.0
2019-10-01,2019,2018,V,0.05,20,0.0,0.0
2019-10-01,2019,2018,XOM,0.05,20,0.0,0.0
2019-10-01,2019,2018,WMT,0.05,20,0.0,0.0
2019-10-01,2019,2018,UNH,0.05,20,0.0,0.0
2019-10-01,2019,2018,BAC,0.05,20,0.0,0.0
2019-10-01,2019,2018,PFE,0.05,20,0.0,0.0
2019-10-01,2019,2018,VZ,0.05,20,0.0,0.0
2019-10-01,2019,2018,PG,0.05,20,0.0,0.0
2019-10-01,2019,2018,INTC,0.05,20,0.0,0.0
2019-10-01,2019,2018,WFC,0.05,20,0.0,0.0
2019-10-01,2019,2018,CVX,0.05,20,0.0,0.0
2019-10-01,2019,2018,KO,0.05,20,0.0,0.0
2019-11-01,2019,2018,MSFT,0.05,20,0.036523,1.8262
2019-11-01,2019,2018,AAPL,0.05,20,0.0,0.0
2019-11-01,2019,2018,AMZN,0.05,20,0.0,0.0
2019-11-01,2019,2018,GOOGL,0.05,20,0.0,0.0
2019-11-01,2019,2018,BRK-B,0.05,20,0.0,0.0
2019-11-01,2019,2018,META,0.05,20,0.0,0.0
2019-11-01,2019,2018,JNJ,0.05,20,0.0,0.0
2019-11-01,2019,2018,JPM,0.05,20,0.0,0.0
2019-11-01,2019,2018,V,0.05,20,0.0,0.0
2019-11-01,2019,2018,XOM,0.05,20,0.0,0.0
2019-11-01,2019,2018,WMT,0.05,20,0.0,0.0
2019-11-01,2019,2018,UNH,0.05,20,0.0,0.0
2019-11-01,2019,2018,BAC,0.05,20,0.0,0.0
2019-11-01,2019,2018,PFE,0.05,20,0.0,0.0
2019-11-01,2019,2018,VZ,0.05,20,0.0,0.0
2019-11-01,2019,2018,PG,0.05,20,0.0,0.0
2019-11-01,2019,2018,INTC,0.05,20,0.0,0.0
2019-11-01,2019,2018,WFC,0.05,20,0.0,0.0
2019-11-01,2019,2018,CVX,0.05,20,0.0,0.0
2019-11-01,2019,2018,KO,0.05,20,0.0,0.0
2019-12-02,2019,2018,MSFT,0.05,20,0.023662,1.1831
2019-12-02,2019,2018,AAPL,0.05,20,0.0,0.0
2019-12-02,2019,2018,AMZN,0.05,20,0.0,0.0
2019-12-02,2019,2018,GOOGL,0.05,20,0.0,0.0
2019-12-02,2019,2018,BRK-B,0.05,20,0.0,0.0
2019-12-02,2019,2018,META,0.05,20,0.0,0.0
2019-12-02,2019,2018,JNJ,0.05,20,0.0,0.0
2019-12-02,2019,2018,JPM,0.05,20,0.0,0.0
2019-12-02,2019,2018,V,0.05,20,0.0,0.0
2019-12-02,2019,2018,XOM,0.05,20,0.0,0.0
2019-12-02,2019,2018,WMT,0.05,20,0.0,0.0
2019-12-02,2019,2018,UNH,0.05,20,0.0,0.0
2019-12-02,2019,2018,BAC,0.05,20,0.0,0.0
2019-12-02,2019,2018,PFE,0.05,20,0.0,0.0
2019-12-02,2019,2018,VZ,0.05,20,0.0,0.0
2019-12-02,2019,2018,PG,0.05,20,0.0,0.0
2019-12-02,2019,2018,INTC,0.05,20,0.0,0.0
2019-12-02,2019,2018,WFC,0.05,20,0.0,0.0
2019-12-02,2019,2018,CVX,0.05,20,0.0,0.0
2019-12-02,2019,2018,KO,0.05,20,0.0,0.0
2020-01-02,2020,2019,AAPL,0.05,20,0.311099,15.555
2020-01-02,2020,2019,MSFT,0.05,20,0.0,0.0
2020-01-02,2020,2019,GOOGL,0.05,20,0.0,0.0
2020-01-02,2020,2019,AMZN,0.05,20,0.0,0.0
2020-01-02,2020,2019,META,0.05,20,0.0,0.0
2020-01-02,2020,2019,BRK-B,0.05,20,0.0,0.0
2020-01-02,2020,2019,JPM,0.05,20,0.0,0.0
2020-01-02,2020,2019,V,0.05,20,0.0,0.0
2020-01-02,2020,2019,JNJ,0.05,20,0.0,0.0
2020-01-02,2020,2019,WMT,0.05,20,0.0,0.0
2020-01-02,2020,2019,BAC,0.05,20,0.0,0.0
2020-01-02,2020,2019,PG,0.05,20,0.0,0.0
2020-01-02,2020,2019,MA,0.05,20,0.0,0.0
2020-01-02,2020,2019,XOM,0.05,20,0.0,0.0
2020-01-02,2020,2019,UNH,0.05,20,0.0,0.0
2020-01-02,2020,2019,DIS,0.05,20,0.0,0.0
2020-01-02,2020,2019,INTC,0.05,20,0.0,0.0
2020-01-02,2020,2019,VZ,0.05,20,0.0,0.0
2020-01-02,2020,2019,HD,0.05,20,0.0,0.0
2020-01-02,2020,2019,KO,0.05,20,0.0,0.0
2020-02-03,2020,2019,AAPL,0.05,20,0.050361,2.5181
2020-02-03,2020,2019,MSFT,0.05,20,0.0,0.0
2020-02-03,2020,2019,GOOGL,0.05,20,0.0,0.0
2020-02-03,2020,2019,AMZN,0.05,20,0.0,0.0
2020-02-03,2020,2019,META,0.05,20,0.0,0.0
2020-02-03,2020,2019,BRK-B,0.05,20,0.0,0.0
2020-02-03,2020,2019,JPM,0.05,20,0.0,0.0
2020-02-03,2020,2019,V,0.05,20,0.0,0.0
2020-02-03,2020,2019,JNJ,0.05,20,0.0,0.0
2020-02-03,2020,2019,WMT,0.05,20,0.0,0.0
2020-02-03,2020,2019,BAC,0.05,20,0.0,0.0
2020-02-03,2020,2019,PG,0.05,20,0.0,0.0
2020-02-03,2020,2019,MA,0.05,20,0.0,0.0
2020-02-03,2020,2019,XOM,0.05,20,0.0,0.0
2020-02-03,2020,2019,UNH,0.05,20,0.0,0.0
2020-02-03,2020,2019,DIS,0.05,20,0.0,0.0
2020-02-03,2020,2019,INTC,0.05,20,0.0,0.0
2020-02-03,2020,2019,VZ,0.05,20,0.0,0.0
2020-02-03,2020,2019,HD,0.05,20,0.0,0.0
2020-02-03,2020,2019,KO,0.05,20,0.0,0.0
2020-03-02,2020,2019,AAPL,0.05,20,0.029619,1.4809
2020-03-02,2020,2019,MSFT,0.05,20,0.0,0.0
2020-03-02,2020,2019,GOOGL,0.05,20,0.0,0.0
2020-03-02,2020,2019,AMZN,0.05,20,0.0,0.0
2020-03-02,2020,2019,META,0.05,20,0.0,0.0
2020-03-02,2020,2019,BRK-B,0.05,20,0.0,0.0
2020-03-02,2020,2019,JPM,0.05,20,0.0,0.0
2020-03-02,2020,2019,V,0.05,20,0.0,0.0
2020-03-02,2020,2019,JNJ,0.05,20,0.0,0.0
2020-03-02,2020,2019,WMT,0.05,20,0.0,0.0
2020-03-02,2020,2019,BAC,0.05,20,0.0,0.0
2020-03-02,2020,2019,PG,0.05,20,0.0,0.0
2020-03-02,2020,2019,MA,0.05,20,0.0,0.0
2020-03-02,2020,2019,XOM,0.05,20,0.0,0.0
2020-03-02,2020,2019,UNH,0.05,20,0.0,0.0
2020-03-02,2020,2019,DIS,0.05,20,0.0,0.0
2020-03-02,2020,2019,INTC,0.05,20,0.0,0.0
2020-03-02,2020,2019,VZ,0.05,20,0.0,0.0
2020-03-02,2020,2019,HD,0.05,20,0.0,0.0
2020-03-02,2020,2019,KO,0.05,20,0.0,0.0
2020-04-01,2020,2019,AAPL,0.05,20,0.087438,4.3719
2020-04-01,2020,2019,MSFT,0.05,20,0.0,0.0
2020-04-01,2020,2019,GOOGL,0.05,20,0.0,0.0
2020-04-01,2020,2019,AMZN,0.05,20,0.0,0.0
2020-04-01,2020,2019,META,0.05,20,0.0,0.0
2020-04-01,2020,2019,BRK-B,0.05,20,0.0,0.0
2020-04-01,2020,2019,JPM,0.05,20,0.0,0.0
2020-04-01,2020,2019,V,0.05,20,0.0,0.0
2020-04-01,2020,2019,JNJ,0.05,20,0.0,0.0
2020-04-01,2020,2019,WMT,0.05,20,0.0,0.0
2020-04-01,2020,2019,BAC,0.05,20,0.0,0.0
2020-04-01,2020,2019,PG,0.05,20,0.0,0.0
2020-04-01,2020,2019,MA,0.05,20,0.0,0.0
2020-04-01,2020,2019,XOM,0.05,20,0.0,0.0
2020-04-01,2020,2019,UNH,0.05,20,0.0,0.0
2020-04-01,2020,2019,DIS,0.05,20,0.0,0.0
2020-04-01,2020,2019,INTC,0.05,20,0.0,0.0
2020-04-01,2020,2019,VZ,0.05,20,0.0,0.0
2020-04-01,2020,2019,HD,0.05,20,0.0,0.0
2020-04-01,2020,2019,KO,0.05,20,0.0,0.0
2020-05-01,2020,2019,AAPL,0.05,20,0.042891,2.1446
2020-05-01,2020,2019,MSFT,0.05,20,0.0,0.0
2020-05-01,2020,2019,GOOGL,0.05,20,0.0,0.0
2020-05-01,2020,2019,AMZN,0.05,20,0.0,0.0
2020-05-01,2020,2019,META,0.05,20,0.0,0.0
2020-05-01,2020,2019,BRK-B,0.05,20,0.0,0.0
2020-05-01,2020,2019,JPM,0.05,20,0.0,0.0
2020-05-01,2020,2019,V,0.05,20,0.0,0.0
2020-05-01,2020,2019,JNJ,0.05,20,0.0,0.0
2020-05-01,2020,2019,WMT,0.05,20,0.0,0.0
2020-05-01,2020,2019,BAC,0.05,20,0.0,0.0
2020-05-01,2020,2019,PG,0.05,20,0.0,0.0
2020-05-01,2020,2019,MA,0.05,20,0.0,0.0
2020-05-01,2020,2019,XOM,0.05,20,0.0,0.0
2020-05-01,2020,2019,UNH,0.05,20,0.0,0.0
2020-05-01,2020,2019,DIS,0.05,20,0.0,0.0
2020-05-01,2020,2019,INTC,0.05,20,0.0,0.0
2020-05-01,2020,2019,VZ,0.05,20,0.0,0.0
2020-05-01,2020,2019,HD,0.05,20,0.0,0.0
2020-05-01,2020,2019,KO,0.05,20,0.0,0.0
2020-06-01,2020,2019,AAPL,0.05,20,0.037838,1.8919
2020-06-01,2020,2019,MSFT,0.05,20,0.0,0.0
2020-06-01,2020,2019,GOOGL,0.05,20,0.0,0.0
2020-06-01,2020,2019,AMZN,0.05,20,0.0,0.0
2020-06-01,2020,2019,META,0.05,20,0.0,0.0
2020-06-01,2020,2019,BRK-B,0.05,20,0.0,0.0
2020-06-01,2020,2019,JPM,0.05,20,0.0,0.0
2020-06-01,2020,2019,V,0.05,20,0.0,0.0
2020-06-01,2020,2019,JNJ,0.05,20,0.0,0.0
2020-06-01,2020,2019,WMT,0.05,20,0.0,0.0
2020-06-01,2020,2019,BAC,0.05,20,0.0,0.0
2020-06-01,2020,2019,PG,0.05,20,0.0,0.0
2020-06-01,2020,2019,MA,0.05,20,0.0,0.0
2020-06-01,2020,2019,XOM,0.05,20,0.0,0.0
2020-06-01,2020,2019,UNH,0.05,20,0.0,0.0
2020-06-01,2020,2019,DIS,0.05,20,0.0,0.0
2020-06-01,2020,2019,INTC,0.05,20,0.0,0.0
2020-06-01,2020,2019,VZ,0.05,20,0.0,0.0
2020-06-01,2020,2019,HD,0.05,20,0.0,0.0
2020-06-01,2020,2019,KO,0.05,20,0.0,0.0
2020-07-01,2020,2019,AAPL,0.05,20,0.043635,2.1818
2020-07-01,2020,2019,MSFT,0.05,20,0.0,0.0
2020-07-01,2020,2019,GOOGL,0.05,20,0.0,0.0
2020-07-01,2020,2019,AMZN,0.05,20,0.0,0.0
2020-07-01,2020,2019,META,0.05,20,0.0,0.0
2020-07-01,2020,2019,BRK-B,0.05,20,0.0,0.0
2020-07-01,2020,2019,JPM,0.05,20,0.0,0.0
2020-07-01,2020,2019,V,0.05,20,0.0,0.0
2020-07-01,2020,2019,JNJ,0.05,20,0.0,0.0
2020-07-01,2020,2019,WMT,0.05,20,0.0,0.0
2020-07-01,2020,2019,BAC,0.05,20,0.0,0.0
2020-07-01,2020,2019,PG,0.05,20,0.0,0.0
2020-07-01,2020,2019,MA,0.05,20,0.0,0.0
2020-07-01,2020,2019,XOM,0.05,20,0.0,0.0
2020-07-01,2020,2019,UNH,0.05,20,0.0,0.0
2020-07-01,2020,2019,DIS,0.05,20,0.0,0.0
2020-07-01,2020,2019,INTC,0.05,20,0.0,0.0
2020-07-01,2020,2019,VZ,0.05,20,0.0,0.0
2020-07-01,2020,2019,HD,0.05,20,0.0,0.0
2020-07-01,2020,2019,KO,0.05,20,0.0,0.0
2020-08-03,2020,2019,AAPL,0.05,20,0.046363,2.3181
2020-08-03,2020,2019,MSFT,0.05,20,0.0,0.0
2020-08-03,2020,2019,GOOGL,0.05,20,0.0,0.0
2020-08-03,2020,2019,AMZN,0.05,20,0.0,0.0
2020-08-03,2020,2019,META,0.05,20,0.0,0.0
2020-08-03,2020,2019,BRK-B,0.05,20,0.0,0.0
2020-08-03,2020,2019,JPM,0.05,20,0.0,0.0
2020-08-03,2020,2019,V,0.05,20,0.0,0.0
2020-08-03,2020,2019,JNJ,0.05,20,0.0,0.0
2020-08-03,2020,2019,WMT,0.05,20,0.0,0.0
2020-08-03,2020,2019,BAC,0.05,20,0.0,0.0
2020-08-03,2020,2019,PG,0.05,20,0.0,0.0
2020-08-03,2020,2019,MA,0.05,20,0.0,0.0
2020-08-03,2020,2019,XOM,0.05,20,0.0,0.0
2020-08-03,2020,2019,UNH,0.05,20,0.0,0.0
2020-08-03,2020,2019,DIS,0.05,20,0.0,0.0
2020-08-03,2020,2019,INTC,0.05,20,0.0,0.0
2020-08-03,2020,2019,VZ,0.05,20,0.0,0.0
2020-08-03,2020,2019,HD,0.05,20,0.0,0.0
2020-08-03,2020,2019,KO,0.05,20,0.0,0.0
2020-09-01,2020,2019,AAPL,0.05,20,0.039401,1.97
2020-09-01,2020,2019,MSFT,0.05,20,0.0,0.0
2020-09-01,2020,2019,GOOGL,0.05,20,0.0,0.0
2020-09-01,2020,2019,AMZN,0.05,20,0.0,0.0
2020-09-01,2020,2019,META,0.05,20,0.0,0.0
2020-09-01,2020,2019,BRK-B,0.05,20,0.0,0.0
2020-09-01,2020,2019,JPM,0.05,20,0.0,0.0
2020-09-01,2020,2019,V,0.05,20,0.0,0.0
2020-09-01,2020,2019,JNJ,0.05,20,0.0,0.0
2020-09-01,2020,2019,WMT,0.05,20,0.0,0.0
2020-09-01,2020,2019,BAC,0.05,20,0.0,0.0
2020-09-01,2020,2019,PG,0.05,20,0.0,0.0
2020-09-01,2020,2019,MA,0.05,20,0.0,0.0
2020-09-01,2020,2019,XOM,0.05,20,0.0,0.0
2020-09-01,2020,2019,UNH,0.05,20,0.0,0.0
2020-09-01,2020,2019,DIS,0.05,20,0.0,0.0
2020-09-01,2020,2019,INTC,0.05,20,0.0,0.0
2020-09-01,2020,2019,VZ,0.05,20,0.0,0.0
2020-09-01,2020,2019,HD,0.05,20,0.0,0.0
2020-09-01,2020,2019,KO,0.05,20,0.0,0.0
2020-10-01,2020,2019,AAPL,0.05,20,0.03985,1.9925
2020-10-01,2020,2019,MSFT,0.05,20,0.0,0.0
2020-10-01,2020,2019,GOOGL,0.05,20,0.0,0.0
2020-10-01,2020,2019,AMZN,0.05,20,0.0,0.0
2020-10-01,2020,2019,META,0.05,20,0.0,0.0
2020-10-01,2020,2019,BRK-B,0.05,20,0.0,0.0
2020-10-01,2020,2019,JPM,0.05,20,0.0,0.0
2020-10-01,2020,2019,V,0.05,20,0.0,0.0
2020-10-01,2020,2019,JNJ,0.05,20,0.0,0.0
2020-10-01,2020,2019,WMT,0.05,20,0.0,0.0
2020-10-01,2020,2019,BAC,0.05,20,0.0,0.0
2020-10-01,2020,2019,PG,0.05,20,0.0,0.0
2020-10-01,2020,2019,MA,0.05,20,0.0,0.0
2020-10-01,2020,2019,XOM,0.05,20,0.0,0.0
2020-10-01,2020,2019,UNH,0.05,20,0.0,0.0
2020-10-01,2020,2019,DIS,0.05,20,0.0,0.0
2020-10-01,2020,2019,INTC,0.05,20,0.0,0.0
2020-10-01,2020,2019,VZ,0.05,20,0.0,0.0
2020-10-01,2020,2019,HD,0.05,20,0.0,0.0
2020-10-01,2020,2019,KO,0.05,20,0.0,0.0
2020-11-02,2020,2019,AAPL,0.05,20,0.038266,1.9133
2020-11-02,2020,2019,MSFT,0.05,20,0.0,0.0
2020-11-02,2020,2019,GOOGL,0.05,20,0.0,0.0
2020-11-02,2020,2019,AMZN,0.05,20,0.0,0.0
2020-11-02,2020,2019,META,0.05,20,0.0,0.0
2020-11-02,2020,2019,BRK-B,0.05,20,0.0,0.0
2020-11-02,2020,2019,JPM,0.05,20,0.0,0.0
2020-11-02,2020,2019,V,0.05,20,0.0,0.0
2020-11-02,2020,2019,JNJ,0.05,20,0.0,0.0
2020-11-02,2020,2019,WMT,0.05,20,0.0,0.0
2020-11-02,2020,2019,BAC,0.05,20,0.0,0.0
2020-11-02,2020,2019,PG,0.05,20,0.0,0.0
2020-11-02,2020,2019,MA,0.05,20,0.0,0.0
2020-11-02,2020,2019,XOM,0.05,20,0.0,0.0
2020-11-02,2020,2019,UNH,0.05,20,0.0,0.0
2020-11-02,2020,2019,DIS,0.05,20,0.0,0.0
2020-11-02,2020,2019,INTC,0.05,20,0.0,0.0
2020-11-02,2020,2019,VZ,0.05,20,0.0,0.0
2020-11-02,2020,2019,HD,0.05,20,0.0,0.0
2020-11-02,2020,2019,KO,0.05,20,0.0,0.0
2020-12-01,2020,2019,AAPL,0.05,20,0.045964,2.2982
2020-12-01,2020,2019,MSFT,0.05,20,0.0,0.0
2020-12-01,2020,2019,GOOGL,0.05,20,0.0,0.0
2020-12-01,2020,2019,AMZN,0.05,20,0.0,0.0
2020-12-01,2020,2019,META,0.05,20,0.0,0.0
2020-12-01,2020,2019,BRK-B,0.05,20,0.0,0.0
2020-12-01,2020,2019,JPM,0.05,20,0.0,0.0
2020-12-01,2020,2019,V,0.05,20,0.0,0.0
2020-12-01,2020,2019,JNJ,0.05,20,0.0,0.0
2020-12-01,2020,2019,WMT,0.05,20,0.0,0.0
2020-12-01,2020,2019,BAC,0.05,20,0.0,0.0
2020-12-01,2020,2019,PG,0.05,20,0.0,0.0
2020-12-01,2020,2019,MA,0.05,20,0.0,0.0
2020-12-01,2020,2019,XOM,0.05,20,0.0,0.0
2020-12-01,2020,2019,UNH,0.05,20,0.0,0.0
2020-12-01,2020,2019,DIS,0.05,20,0.0,0.0
2020-12-01,2020,2019,INTC,0.05,20,0.0,0.0
2020-12-01,2020,2019,VZ,0.05,20,0.0,0.0
2020-12-01,2020,2019,HD,0.05,20,0.0,0.0
2020-12-01,2020,2019,KO,0.05,20,0.0,0.0
2021-01-04,2021,2020,AAPL,0.05,20,0.342173,17.1087
2021-01-04,2021,2020,MSFT,0.05,20,0.0,0.0
2021-01-04,2021,2020,AMZN,0.05,20,0.0,0.0
2021-01-04,2021,2020,GOOGL,0.05,20,0.0,0.0
2021-01-04,2021,2020,META,0.05,20,0.0,0.0
2021-01-04,2021,2020,TSLA,0.05,20,0.0,0.0
2021-01-04,2021,2020,BRK-B,0.05,20,0.0,0.0
2021-01-04,2021,2020,V,0.05,20,0.0,0.0
2021-01-04,2021,2020,JNJ,0.05,20,0.0,0.0
2021-01-04,2021,2020,WMT,0.05,20,0.0,0.0
2021-01-04,2021,2020,JPM,0.05,20,0.0,0.0
2021-01-04,2021,2020,MA,0.05,20,0.0,0.0
2021-01-04,2021,2020,PG,0.05,20,0.0,0.0
2021-01-04,2021,2020,UNH,0.05,20,0.0,0.0
2021-01-04,2021,2020,NVDA,0.05,20,0.0,0.0
2021-01-04,2021,2020,DIS,0.05,20,0.0,0.0
2021-01-04,2021,2020,HD,0.05,20,0.0,0.0
2021-01-04,2021,2020,PYPL,0.05,20,0.0,0.0
2021-01-04,2021,2020,BAC,0.05,20,0.0,0.0
2021-01-04,2021,2020,VZ,0.05,20,0.0,0.0
2021-02-01,2021,2020,AAPL,0.05,20,0.043745,2.1872
2021-02-01,2021,2020,MSFT,0.05,20,0.0,0.0
2021-02-01,2021,2020,AMZN,0.05,20,0.0,0.0
2021-02-01,2021,2020,GOOGL,0.05,20,0.0,0.0
2021-02-01,2021,2020,META,0.05,20,0.0,0.0
2021-02-01,2021,2020,TSLA,0.05,20,0.0,0.0
2021-02-01,2021,2020,BRK-B,0.05,20,0.0,0.0
2021-02-01,2021,2020,V,0.05,20,0.0,0.0
2021-02-01,2021,2020,JNJ,0.05,20,0.0,0.0
2021-02-01,2021,2020,WMT,0.05,20,0.0,0.0
2021-02-01,2021,2020,JPM,0.05,20,0.0,0.0
2021-02-01,2021,2020,MA,0.05,20,0.0,0.0
2021-02-01,2021,2020,PG,0.05,20,0.0,0.0
2021-02-01,2021,2020,UNH,0.05,20,0.0,0.0
2021-02-01,2021,2020,NVDA,0.05,20,0.0,0.0
2021-02-01,2021,2020,DIS,0.05,20,0.0,0.0
2021-02-01,2021,2020,HD,0.05,20,0.0,0.0
2021-02-01,2021,2020,PYPL,0.05,20,0.0,0.0
2021-02-01,2021,2020,BAC,0.05,20,0.0,0.0
2021-02-01,2021,2020,VZ,0.05,20,0.0,0.0
2021-03-01,2021,2020,AAPL,0.05,20,0.071851,3.5926
2021-03-01,2021,2020,MSFT,0.05,20,0.0,0.0
2021-03-01,2021,2020,AMZN,0.05,20,0.0,0.0
2021-03-01,2021,2020,GOOGL,0.05,20,0.0,0.0
2021-03-01,2021,2020,META,0.05,20,0.0,0.0
2021-03-01,2021,2020,TSLA,0.05,20,0.0,0.0
2021-03-01,2021,2020,BRK-B,0.05,20,0.0,0.0
2021-03-01,2021,2020,V,0.05,20,0.0,0.0
2021-03-01,2021,2020,JNJ,0.05,20,0.0,0.0
2021-03-01,2021,2020,WMT,0.05,20,0.0,0.0
2021-03-01,2021,2020,JPM,0.05,20,0.0,0.0
2021-03-01,2021,2020,MA,0.05,20,0.0,0.0
2021-03-01,2021,2020,PG,0.05,20,0.0,0.0
2021-03-01,2021,2020,UNH,0.05,20,0.0,0.0
2021-03-01,2021,2020,NVDA,0.05,20,0.0,0.0
2021-03-01,2021,2020,DIS,0.05,20,0.0,0.0
2021-03-01,2021,2020,HD,0.05,20,0.0,0.0
2021-03-01,2021,2020,PYPL,0.05,20,0.0,0.0
2021-03-01,2021,2020,BAC,0.05,20,0.0,0.0
2021-03-01,2021,2020,VZ,0.05,20,0.0,0.0
2021-04-01,2021,2020,AAPL,0.05,20,0.048568,2.4284
2021-04-01,2021,2020,MSFT,0.05,20,0.0,0.0
2021-04-01,2021,2020,AMZN,0.05,20,0.0,0.0
2021-04-01,2021,2020,GOOGL,0.05,20,0.0,0.0
2021-04-01,2021,2020,META,0.05,20,0.0,0.0
2021-04-01,2021,2020,TSLA,0.05,20,0.0,0.0
2021-04-01,2021,2020,BRK-B,0.05,20,0.0,0.0
2021-04-01,2021,2020,V,0.05,20,0.0,0.0
2021-04-01,2021,2020,JNJ,0.05,20,0.0,0.0
2021-04-01,2021,2020,WMT,0.05,20,0.0,0.0
2021-04-01,2021,2020,JPM,0.05,20,0.0,0.0
2021-04-01,2021,2020,MA,0.05,20,0.0,0.0
2021-04-01,2021,2020,PG,0.05,20,0.0,0.0
2021-04-01,2021,2020,UNH,0.05,20,0.0,0.0
2021-04-01,2021,2020,NVDA,0.05,20,0.0,0.0
2021-04-01,2021,2020,DIS,0.05,20,0.0,0.0
2021-04-01,2021,2020,HD,0.05,20,0.0,0.0
2021-04-01,2021,2020,PYPL,0.05,20,0.0,0.0
2021-04-01,2021,2020,BAC,0.05,20,0.0,0.0
2021-04-01,2021,2020,VZ,0.05,20,0.0,0.0
2021-05-03,2021,2020,AAPL,0.05,20,0.033197,1.6599
2021-05-03,2021,2020,MSFT,0.05,20,0.0,0.0
2021-05-03,2021,2020,AMZN,0.05,20,0.0,0.0
2021-05-03,2021,2020,GOOGL,0.05,20,0.0,0.0
2021-05-03,2021,2020,META,0.05,20,0.0,0.0
2021-05-03,2021,2020,TSLA,0.05,20,0.0,0.0
2021-05-03,2021,2020,BRK-B,0.05,20,0.0,0.0
2021-05-03,2021,2020,V,0.05,20,0.0,0.0
2021-05-03,2021,2020,JNJ,0.05,20,0.0,0.0
2021-05-03,2021,2020,WMT,0.05,20,0.0,0.0
2021-05-03,2021,2020,JPM,0.05,20,0.0,0.0
2021-05-03,2021,2020,MA,0.05,20,0.0,0.0
2021-05-03,2021,2020,PG,0.05,20,0.0,0.0
2021-05-03,2021,2020,UNH,0.05,20,0.0,0.0
2021-05-03,2021,2020,NVDA,0.05,20,0.0,0.0
2021-05-03,2021,2020,DIS,0.05,20,0.0,0.0
2021-05-03,2021,2020,HD,0.05,20,0.0,0.0
2021-05-03,2021,2020,PYPL,0.05,20,0.0,0.0
2021-05-03,2021,2020,BAC,0.05,20,0.0,0.0
2021-05-03,2021,2020,VZ,0.05,20,0.0,0.0
2021-06-01,2021,2020,AAPL,0.05,20,0.039338,1.9669
2021-06-01,2021,2020,MSFT,0.05,20,0.0,0.0
2021-06-01,2021,2020,AMZN,0.05,20,0.0,0.0
2021-06-01,2021,2020,GOOGL,0.05,20,0.0,0.0
2021-06-01,2021,2020,META,0.05,20,0.0,0.0
2021-06-01,2021,2020,TSLA,0.05,20,0.0,0.0
2021-06-01,2021,2020,BRK-B,0.05,20,0.0,0.0
2021-06-01,2021,2020,V,0.05,20,0.0,0.0
2021-06-01,2021,2020,JNJ,0.05,20,0.0,0.0
2021-06-01,2021,2020,WMT,0.05,20,0.0,0.0
2021-06-01,2021,2020,JPM,0.05,20,0.0,0.0
2021-06-01,2021,2020,MA,0.05,20,0.0,0.0
2021-06-01,2021,2020,PG,0.05,20,0.0,0.0
2021-06-01,2021,2020,UNH,0.05,20,0.0,0.0
2021-06-01,2021,2020,NVDA,0.05,20,0.0,0.0
2021-06-01,2021,2020,DIS,0.05,20,0.0,0.0
2021-06-01,2021,2020,HD,0.05,20,0.0,0.0
2021-06-01,2021,2020,PYPL,0.05,20,0.0,0.0
2021-06-01,2021,2020,BAC,0.05,20,0.0,0.0
2021-06-01,2021,2020,VZ,0.05,20,0.0,0.0
2021-07-01,2021,2020,AAPL,0.05,20,0.051523,2.5762
2021-07-01,2021,2020,MSFT,0.05,20,0.0,0.0
2021-07-01,2021,2020,AMZN,0.05,20,0.0,0.0
2021-07-01,2021,2020,GOOGL,0.05,20,0.0,0.0
2021-07-01,2021,2020,META,0.05,20,0.0,0.0
2021-07-01,2021,2020,TSLA,0.05,20,0.0,0.0
2021-07-01,2021,2020,BRK-B,0.05,20,0.0,0.0
2021-07-01,2021,2020,V,0.05,20,0.0,0.0
2021-07-01,2021,2020,JNJ,0.05,20,0.0,0.0
2021-07-01,2021,2020,WMT,0.05,20,0.0,0.0
2021-07-01,2021,2020,JPM,0.05,20,0.0,0.0
2021-07-01,2021,2020,MA,0.05,20,0.0,0.0
2021-07-01,2021,2020,PG,0.05,20,0.0,0.0
2021-07-01,2021,2020,UNH,0.05,20,0.0,0.0
2021-07-01,2021,2020,NVDA,0.05,20,0.0,0.0
2021-07-01,2021,2020,DIS,0.05,20,0.0,0.0
2021-07-01,2021,2020,HD,0.05,20,0.0,0.0
2021-07-01,2021,2020,PYPL,0.05,20,0.0,0.0
2021-07-01,2021,2020,BAC,0.05,20,0.0,0.0
2021-07-01,2021,2020,VZ,0.05,20,0.0,0.0
2021-08-02,2021,2020,AAPL,0.05,20,0.033954,1.6977
2021-08-02,2021,2020,MSFT,0.05,20,0.0,0.0
2021-08-02,2021,2020,AMZN,0.05,20,0.0,0.0
2021-08-02,2021,2020,GOOGL,0.05,20,0.0,0.0
2021-08-02,2021,2020,META,0.05,20,0.0,0.0
2021-08-02,2021,2020,TSLA,0.05,20,0.0,0.0
2021-08-02,2021,2020,BRK-B,0.05,20,0.0,0.0
2021-08-02,2021,2020,V,0.05,20,0.0,0.0
2021-08-02,2021,2020,JNJ,0.05,20,0.0,0.0
2021-08-02,2021,2020,WMT,0.05,20,0.0,0.0
2021-08-02,2021,2020,JPM,0.05,20,0.0,0.0
2021-08-02,2021,2020,MA,0.05,20,0.0,0.0
2021-08-02,2021,2020,PG,0.05,20,0.0,0.0
2021-08-02,2021,2020,UNH,0.05,20,0.0,0.0
2021-08-02,2021,2020,NVDA,0.05,20,0.0,0.0
2021-08-02,2021,2020,DIS,0.05,20,0.0,0.0
2021-08-02,2021,2020,HD,0.05,20,0.0,0.0
2021-08-02,2021,2020,PYPL,0.05,20,0.0,0.0
2021-08-02,2021,2020,BAC,0.05,20,0.0,0.0
2021-08-02,2021,2020,VZ,0.05,20,0.0,0.0
2021-09-01,2021,2020,AAPL,0.05,20,0.038186,1.9093
2021-09-01,2021,2020,MSFT,0.05,20,0.0,0.0
2021-09-01,2021,2020,AMZN,0.05,20,0.0,0.0
2021-09-01,2021,2020,GOOGL,0.05,20,0.0,0.0
2021-09-01,2021,2020,META,0.05,20,0.0,0.0
2021-09-01,2021,2020,TSLA,0.05,20,0.0,0.0
2021-09-01,2021,2020,BRK-B,0.05,20,0.0,0.0
2021-09-01,2021,2020,V,0.05,20,0.0,0.0
2021-09-01,2021,2020,JNJ,0.05,20,0.0,0.0
2021-09-01,2021,2020,WMT,0.05,20,0.0,0.0
2021-09-01,2021,2020,JPM,0.05,20,0.0,0.0
2021-09-01,2021,2020,MA,0.05,20,0.0,0.0
2021-09-01,2021,2020,PG,0.05,20,0.0,0.0
2021-09-01,2021,2020,UNH,0.05,20,0.0,0.0
2021-09-01,2021,2020,NVDA,0.05,20,0.0,0.0
2021-09-01,2021,2020,DIS,0.05,20,0.0,0.0
2021-09-01,2021,2020,HD,0.05,20,0.0,0.0
2021-09-01,2021,2020,PYPL,0.05,20,0.0,0.0
2021-09-01,2021,2020,BAC,0.05,20,0.0,0.0
2021-09-01,2021,2020,VZ,0.05,20,0.0,0.0
2021-10-01,2021,2020,AAPL,0.05,20,0.0381,1.905
2021-10-01,2021,2020,MSFT,0.05,20,0.0,0.0
2021-10-01,2021,2020,AMZN,0.05,20,0.0,0.0
2021-10-01,2021,2020,GOOGL,0.05,20,0.0,0.0
2021-10-01,2021,2020,META,0.05,20,0.0,0.0
2021-10-01,2021,2020,TSLA,0.05,20,0.0,0.0
2021-10-01,2021,2020,BRK-B,0.05,20,0.0,0.0
2021-10-01,2021,2020,V,0.05,20,0.0,0.0
2021-10-01,2021,2020,JNJ,0.05,20,0.0,0.0
2021-10-01,2021,2020,WMT,0.05,20,0.0,0.0
2021-10-01,2021,2020,JPM,0.05,20,0.0,0.0
2021-10-01,2021,2020,MA,0.05,20,0.0,0.0
2021-10-01,2021,2020,PG,0.05,20,0.0,0.0
2021-10-01,2021,2020,UNH,0.05,20,0.0,0.0
2021-10-01,2021,2020,NVDA,0.05,20,0.0,0.0
2021-10-01,2021,2020,DIS,0.05,20,0.0,0.0
2021-10-01,2021,2020,HD,0.05,20,0.0,0.0
2021-10-01,2021,2020,PYPL,0.05,20,0.0,0.0
2021-10-01,2021,2020,BAC,0.05,20,0.0,0.0
2021-10-01,2021,2020,VZ,0.05,20,0.0,0.0
2021-11-01,2021,2020,AAPL,0.05,20,0.082824,4.1412
2021-11-01,2021,2020,MSFT,0.05,20,0.0,0.0
2021-11-01,2021,2020,AMZN,0.05,20,0.0,0.0
2021-11-01,2021,2020,GOOGL,0.05,20,0.0,0.0
2021-11-01,2021,2020,META,0.05,20,0.0,0.0
2021-11-01,2021,2020,TSLA,0.05,20,0.0,0.0
2021-11-01,2021,2020,BRK-B,0.05,20,0.0,0.0
2021-11-01,2021,2020,V,0.05,20,0.0,0.0
2021-11-01,2021,2020,JNJ,0.05,20,0.0,0.0
2021-11-01,2021,2020,WMT,0.05,20,0.0,0.0
2021-11-01,2021,2020,JPM,0.05,20,0.0,0.0
2021-11-01,2021,2020,MA,0.05,20,0.0,0.0
2021-11-01,2021,2020,PG,0.05,20,0.0,0.0
2021-11-01,2021,2020,UNH,0.05,20,0.0,0.0
2021-11-01,2021,2020,NVDA,0.05,20,0.0,0.0
2021-11-01,2021,2020,DIS,0.05,20,0.0,0.0
2021-11-01,2021,2020,HD,0.05,20,0.0,0.0
2021-11-01,2021,2020,PYPL,0.05,20,0.0,0.0
2021-11-01,2021,2020,BAC,0.05,20,0.0,0.0
2021-11-01,2021,2020,VZ,0.05,20,0.0,0.0
2021-12-01,2021,2020,AAPL,0.05,20,0.069111,3.4556
2021-12-01,2021,2020,MSFT,0.05,20,0.0,0.0
2021-12-01,2021,2020,AMZN,0.05,20,0.0,0.0
2021-12-01,2021,2020,GOOGL,0.05,20,0.0,0.0
2021-12-01,2021,2020,META,0.05,20,0.0,0.0
2021-12-01,2021,2020,TSLA,0.05,20,0.0,0.0
2021-12-01,2021,2020,BRK-B,0.05,20,0.0,0.0
2021-12-01,2021,2020,V,0.05,20,0.0,0.0
2021-12-01,2021,2020,JNJ,0.05,20,0.0,0.0
2021-12-01,2021,2020,WMT,0.05,20,0.0,0.0
2021-12-01,2021,2020,JPM,0.05,20,0.0,0.0
2021-12-01,2021,2020,MA,0.05,20,0.0,0.0
2021-12-01,2021,2020,PG,0.05,20,0.0,0.0
2021-12-01,2021,2020,UNH,0.05,20,0.0,0.0
2021-12-01,2021,2020,NVDA,0.05,20,0.0,0.0
2021-12-01,2021,2020,DIS,0.05,20,0.0,0.0
2021-12-01,2021,2020,HD,0.05,20,0.0,0.0
2021-12-01,2021,2020,PYPL,0.05,20,0.0,0.0
2021-12-01,2021,2020,BAC,0.05,20,0.0,0.0
2021-12-01,2021,2020,VZ,0.05,20,0.0,0.0
2022-01-03,2022,2021,AAPL,0.05,20,0.24682,12.341
2022-01-03,2022,2021,MSFT,0.05,20,0.0,0.0
2022-01-03,2022,2021,GOOGL,0.05,20,0.0,0.0
2022-01-03,2022,2021,AMZN,0.05,20,0.0,0.0
2022-01-03,2022,2021,TSLA,0.05,20,0.0,0.0
2022-01-03,2022,2021,META,0.05,20,0.0,0.0
2022-01-03,2022,2021,NVDA,0.05,20,0.0,0.0
2022-01-03,2022,2021,BRK-B,0.05,20,0.0,0.0
2022-01-03,2022,2021,UNH,0.05,20,0.0,0.0
2022-01-03,2022,2021,JPM,0.05,20,0.0,0.0
2022-01-03,2022,2021,V,0.05,20,0.0,0.0
2022-01-03,2022,2021,JNJ,0.05,20,0.0,0.0
2022-01-03,2022,2021,HD,0.05,20,0.0,0.0
2022-01-03,2022,2021,WMT,0.05,20,0.0,0.0
2022-01-03,2022,2021,PG,0.05,20,0.0,0.0
2022-01-03,2022,2021,BAC,0.05,20,0.0,0.0
2022-01-03,2022,2021,MA,0.05,20,0.0,0.0
2022-01-03,2022,2021,PFE,0.05,20,0.0,0.0
2022-01-03,2022,2021,DIS,0.05,20,0.0,0.0
2022-01-03,2022,2021,AVGO,0.05,20,0.0,0.0
2022-02-01,2022,2021,AAPL,0.05,20,0.056514,2.8257
2022-02-01,2022,2021,MSFT,0.05,20,0.0,0.0
2022-02-01,2022,2021,GOOGL,0.05,20,0.0,0.0
2022-02-01,2022,2021,AMZN,0.05,20,0.0,0.0
2022-02-01,2022,2021,TSLA,0.05,20,0.0,0.0
2022-02-01,2022,2021,META,0.05,20,0.0,0.0
2022-02-01,2022,2021,NVDA,0.05,20,0.0,0.0
2022-02-01,2022,2021,BRK-B,0.05,20,0.0,0.0
2022-02-01,2022,2021,UNH,0.05,20,0.0,0.0
2022-02-01,2022,2021,JPM,0.05,20,0.0,0.0
2022-02-01,2022,2021,V,0.05,20,0.0,0.0
2022-02-01,2022,2021,JNJ,0.05,20,0.0,0.0
2022-02-01,2022,2021,HD,0.05,20,0.0,0.0
2022-02-01,2022,2021,WMT,0.05,20,0.0,0.0
2022-02-01,2022,2021,PG,0.05,20,0.0,0.0
2022-02-01,2022,2021,BAC,0.05,20,0.0,0.0
2022-02-01,2022,2021,MA,0.05,20,0.0,0.0
2022-02-01,2022,2021,PFE,0.05,20,0.0,0.0
2022-02-01,2022,2021,DIS,0.05,20,0.0,0.0
2022-02-01,2022,2021,AVGO,0.05,20,0.0,0.0
2022-03-01,2022,2021,AAPL,0.05,20,0.050816,2.5408
2022-03-01,2022,2021,MSFT,0.05,20,0.0,0.0
2022-03-01,2022,2021,GOOGL,0.05,20,0.0,0.0
2022-03-01,2022,2021,AMZN,0.05,20,0.0,0.0
2022-03-01,2022,2021,TSLA,0.05,20,0.0,0.0
2022-03-01,2022,2021,META,0.05,20,0.0,0.0
2022-03-01,2022,2021,NVDA,0.05,20,0.0,0.0
2022-03-01,2022,2021,BRK-B,0.05,20,0.0,0.0
2022-03-01,2022,2021,UNH,0.05,20,0.0,0.0
2022-03-01,2022,2021,JPM,0.05,20,0.0,0.0
2022-03-01,2022,2021,V,0.05,20,0.0,0.0
2022-03-01,2022,2021,JNJ,0.05,20,0.0,0.0
2022-03-01,2022,2021,HD,0.05,20,0.0,0.0
2022-03-01,2022,2021,WMT,0.05,20,0.0,0.0
2022-03-01,2022,2021,PG,0.05,20,0.0,0.0
2022-03-01,2022,2021,BAC,0.05,20,0.0,0.0
2022-03-01,2022,2021,MA,0.05,20,0.0,0.0
2022-03-01,2022,2021,PFE,0.05,20,0.0,0.0
2022-03-01,2022,2021,DIS,0.05,20,0.0,0.0
2022-03-01,2022,2021,AVGO,0.05,20,0.0,0.0
2022-04-01,2022,2021,AAPL,0.05,20,0.054691,2.7346
2022-04-01,2022,2021,MSFT,0.05,20,0.0,0.0
2022-04-01,2022,2021,GOOGL,0.05,20,0.0,0.0
2022-04-01,2022,2021,AMZN,0.05,20,0.0,0.0
2022-04-01,2022,2021,TSLA,0.05,20,0.0,0.0
2022-04-01,2022,2021,META,0.05,20,0.0,0.0
2022-04-01,2022,2021,NVDA,0.05,20,0.0,0.0
2022-04-01,2022,2021,BRK-B,0.05,20,0.0,0.0
2022-04-01,2022,2021,UNH,0.05,20,0.0,0.0
2022-04-01,2022,2021,JPM,0.05,20,0.0,0.0
2022-04-01,2022,2021,V,0.05,20,0.0,0.0
2022-04-01,2022,2021,JNJ,0.05,20,0.0,0.0
2022-04-01,2022,2021,HD,0.05,20,0.0,0.0
2022-04-01,2022,2021,WMT,0.05,20,0.0,0.0
2022-04-01,2022,2021,PG,0.05,20,0.0,0.0
2022-04-01,2022,2021,BAC,0.05,20,0.0,0.0
2022-04-01,2022,2021,MA,0.05,20,0.0,0.0
2022-04-01,2022,2021,PFE,0.05,20,0.0,0.0
2022-04-01,2022,2021,DIS,0.05,20,0.0,0.0
2022-04-01,2022,2021,AVGO,0.05,20,0.0,0.0
2022-05-02,2022,2021,AAPL,0.05,20,0.084996,4.2498
2022-05-02,2022,2021,MSFT,0.05,20,0.0,0.0
2022-05-02,2022,2021,GOOGL,0.05,20,0.0,0.0
2022-05-02,2022,2021,AMZN,0.05,20,0.0,0.0
2022-05-02,2022,2021,TSLA,0.05,20,0.0,0.0
2022-05-02,2022,2021,META,0.05,20,0.0,0.0
2022-05-02,2022,2021,NVDA,0.05,20,0.0,0.0
2022-05-02,2022,2021,BRK-B,0.05,20,0.0,0.0
2022-05-02,2022,2021,UNH,0.05,20,0.0,0.0
2022-05-02,2022,2021,JPM,0.05,20,0.0,0.0
2022-05-02,2022,2021,V,0.05,20,0.0,0.0
2022-05-02,2022,2021,JNJ,0.05,20,0.0,0.0
2022-05-02,2022,2021,HD,0.05,20,0.0,0.0
2022-05-02,2022,2021,WMT,0.05,20,0.0,0.0
2022-05-02,2022,2021,PG,0.05,20,0.0,0.0
2022-05-02,2022,2021,BAC,0.05,20,0.0,0.0
2022-05-02,2022,2021,MA,0.05,20,0.0,0.0
2022-05-02,2022,2021,PFE,0.05,20,0.0,0.0
2022-05-02,2022,2021,DIS,0.05,20,0.0,0.0
2022-05-02,2022,2021,AVGO,0.05,20,0.0,0.0
2022-06-01,2022,2021,AAPL,0.05,20,0.043061,2.153
2022-06-01,2022,2021,MSFT,0.05,20,0.0,0.0
2022-06-01,2022,2021,GOOGL,0.05,20,0.0,0.0
2022-06-01,2022,2021,AMZN,0.05,20,0.0,0.0
2022-06-01,2022,2021,TSLA,0.05,20,0.0,0.0
2022-06-01,2022,2021,META,0.05,20,0.0,0.0
2022-06-01,2022,2021,NVDA,0.05,20,0.0,0.0
2022-06-01,2022,2021,BRK-B,0.05,20,0.0,0.0
2022-06-01,2022,2021,UNH,0.05,20,0.0,0.0
2022-06-01,2022,2021,JPM,0.05,20,0.0,0.0
2022-06-01,2022,2021,V,0.05,20,0.0,0.0
2022-06-01,2022,2021,JNJ,0.05,20,0.0,0.0
2022-06-01,2022,2021,HD,0.05,20,0.0,0.0
2022-06-01,2022,2021,WMT,0.05,20,0.0,0.0
2022-06-01,2022,2021,PG,0.05,20,0.0,0.0
2022-06-01,2022,2021,BAC,0.05,20,0.0,0.0
2022-06-01,2022,2021,MA,0.05,20,0.0,0.0
2022-06-01,2022,2021,PFE,0.05,20,0.0,0.0
2022-06-01,2022,2021,DIS,0.05,20,0.0,0.0
2022-06-01,2022,2021,AVGO,0.05,20,0.0,0.0
2022-07-01,2022,2021,AAPL,0.05,20,0.057236,2.8618
2022-07-01,2022,2021,MSFT,0.05,20,0.0,0.0
2022-07-01,2022,2021,GOOGL,0.05,20,0.0,0.0
2022-07-01,2022,2021,AMZN,0.05,20,0.0,0.0
2022-07-01,2022,2021,TSLA,0.05,20,0.0,0.0
2022-07-01,2022,2021,META,0.05,20,0.0,0.0
2022-07-01,2022,2021,NVDA,0.05,20,0.0,0.0
2022-07-01,2022,2021,BRK-B,0.05,20,0.0,0.0
2022-07-01,2022,2021,UNH,0.05,20,0.0,0.0
2022-07-01,2022,2021,JPM,0.05,20,0.0,0.0
2022-07-01,2022,2021,V,0.05,20,0.0,0.0
2022-07-01,2022,2021,JNJ,0.05,20,0.0,0.0
2022-07-01,2022,2021,HD,0.05,20,0.0,0.0
2022-07-01,2022,2021,WMT,0.05,20,0.0,0.0
2022-07-01,2022,2021,PG,0.05,20,0.0,0.0
2022-07-01,2022,2021,BAC,0.05,20,0.0,0.0
2022-07-01,2022,2021,MA,0.05,20,0.0,0.0
2022-07-01,2022,2021,PFE,0.05,20,0.0,0.0
2022-07-01,2022,2021,DIS,0.05,20,0.0,0.0
2022-07-01,2022,2021,AVGO,0.05,20,0.0,0.0
2022-08-01,2022,2021,AAPL,0.05,20,0.059722,2.9861
2022-08-01,2022,2021,MSFT,0.05,20,0.0,0.0
2022-08-01,2022,2021,GOOGL,0.05,20,0.0,0.0
2022-08-01,2022,2021,AMZN,0.05,20,0.0,0.0
2022-08-01,2022,2021,TSLA,0.05,20,0.0,0.0
2022-08-01,2022,2021,META,0.05,20,0.0,0.0
2022-08-01,2022,2021,NVDA,0.05,20,0.0,0.0
2022-08-01,2022,2021,BRK-B,0.05,20,0.0,0.0
2022-08-01,2022,2021,UNH,0.05,20,0.0,0.0
2022-08-01,2022,2021,JPM,0.05,20,0.0,0.0
2022-08-01,2022,2021,V,0.05,20,0.0,0.0
2022-08-01,2022,2021,JNJ,0.05,20,0.0,0.0
2022-08-01,2022,2021,HD,0.05,20,0.0,0.0
2022-08-01,2022,2021,WMT,0.05,20,0.0,0.0
2022-08-01,2022,2021,PG,0.05,20,0.0,0.0
2022-08-01,2022,2021,BAC,0.05,20,0.0,0.0
2022-08-01,2022,2021,MA,0.05,20,0.0,0.0
2022-08-01,2022,2021,PFE,0.05,20,0.0,0.0
2022-08-01,2022,2021,DIS,0.05,20,0.0,0.0
2022-08-01,2022,2021,AVGO,0.05,20,0.0,0.0
2022-09-01,2022,2021,AAPL,0.05,20,0.039316,1.9658
2022-09-01,2022,2021,MSFT,0.05,20,0.0,0.0
2022-09-01,2022,2021,GOOGL,0.05,20,0.0,0.0
2022-09-01,2022,2021,AMZN,0.05,20,0.0,0.0
2022-09-01,2022,2021,TSLA,0.05,20,0.0,0.0
2022-09-01,2022,2021,META,0.05,20,0.0,0.0
2022-09-01,2022,2021,NVDA,0.05,20,0.0,0.0
2022-09-01,2022,2021,BRK-B,0.05,20,0.0,0.0
2022-09-01,2022,2021,UNH,0.05,20,0.0,0.0
2022-09-01,2022,2021,JPM,0.05,20,0.0,0.0
2022-09-01,2022,2021,V,0.05,20,0.0,0.0
2022-09-01,2022,2021,JNJ,0.05,20,0.0,0.0
2022-09-01,2022,2021,HD,0.05,20,0.0,0.0
2022-09-01,2022,2021,WMT,0.05,20,0.0,0.0
2022-09-01,2022,2021,PG,0.05,20,0.0,0.0
2022-09-01,2022,2021,BAC,0.05,20,0.0,0.0
2022-09-01,2022,2021,MA,0.05,20,0.0,0.0
2022-09-01,2022,2021,PFE,0.05,20,0.0,0.0
2022-09-01,2022,2021,DIS,0.05,20,0.0,0.0
2022-09-01,2022,2021,AVGO,0.05,20,0.0,0.0
2022-10-03,2022,2021,AAPL,0.05,20,0.047475,2.3738
2022-10-03,2022,2021,MSFT,0.05,20,0.0,0.0
2022-10-03,2022,2021,GOOGL,0.05,20,0.0,0.0
2022-10-03,2022,2021,AMZN,0.05,20,0.0,0.0
2022-10-03,2022,2021,TSLA,0.05,20,0.0,0.0
2022-10-03,2022,2021,META,0.05,20,0.0,0.0
2022-10-03,2022,2021,NVDA,0.05,20,0.0,0.0
2022-10-03,2022,2021,BRK-B,0.05,20,0.0,0.0
2022-10-03,2022,2021,UNH,0.05,20,0.0,0.0
2022-10-03,2022,2021,JPM,0.05,20,0.0,0.0
2022-10-03,2022,2021,V,0.05,20,0.0,0.0
2022-10-03,2022,2021,JNJ,0.05,20,0.0,0.0
2022-10-03,2022,2021,HD,0.05,20,0.0,0.0
2022-10-03,2022,2021,WMT,0.05,20,0.0,0.0
2022-10-03,2022,2021,PG,0.05,20,0.0,0.0
2022-10-03,2022,2021,BAC,0.05,20,0.0,0.0
2022-10-03,2022,2021,MA,0.05,20,0.0,0.0
2022-10-03,2022,2021,PFE,0.05,20,0.0,0.0
2022-10-03,2022,2021,DIS,0.05,20,0.0,0.0
2022-10-03,2022,2021,AVGO,0.05,20,0.0,0.0
2022-11-01,2022,2021,AAPL,0.05,20,0.080625,4.0312
2022-11-01,2022,2021,MSFT,0.05,20,0.0,0.0
2022-11-01,2022,2021,GOOGL,0.05,20,0.0,0.0
2022-11-01,2022,2021,AMZN,0.05,20,0.0,0.0
2022-11-01,2022,2021,TSLA,0.05,20,0.0,0.0
2022-11-01,2022,2021,META,0.05,20,0.0,0.0
2022-11-01,2022,2021,NVDA,0.05,20,0.0,0.0
2022-11-01,2022,2021,BRK-B,0.05,20,0.0,0.0
2022-11-01,2022,2021,UNH,0.05,20,0.0,0.0
2022-11-01,2022,2021,JPM,0.05,20,0.0,0.0
2022-11-01,2022,2021,V,0.05,20,0.0,0.0
2022-11-01,2022,2021,JNJ,0.05,20,0.0,0.0
2022-11-01,2022,2021,HD,0.05,20,0.0,0.0
2022-11-01,2022,2021,WMT,0.05,20,0.0,0.0
2022-11-01,2022,2021,PG,0.05,20,0.0,0.0
2022-11-01,2022,2021,BAC,0.05,20,0.0,0.0
2022-11-01,2022,2021,MA,0.05,20,0.0,0.0
2022-11-01,2022,2021,PFE,0.05,20,0.0,0.0
2022-11-01,2022,2021,DIS,0.05,20,0.0,0.0
2022-11-01,2022,2021,AVGO,0.05,20,0.0,0.0
2022-12-01,2022,2021,AAPL,0.05,20,0.067369,3.3685
2022-12-01,2022,2021,MSFT,0.05,20,0.0,0.0
2022-12-01,2022,2021,GOOGL,0.05,20,0.0,0.0
2022-12-01,2022,2021,AMZN,0.05,20,0.0,0.0
2022-12-01,2022,2021,TSLA,0.05,20,0.0,0.0
2022-12-01,2022,2021,META,0.05,20,0.0,0.0
2022-12-01,2022,2021,NVDA,0.05,20,0.0,0.0
2022-12-01,2022,2021,BRK-B,0.05,20,0.0,0.0
2022-12-01,2022,2021,UNH,0.05,20,0.0,0.0
2022-12-01,2022,2021,JPM,0.05,20,0.0,0.0
2022-12-01,2022,2021,V,0.05,20,0.0,0.0
2022-12-01,2022,2021,JNJ,0.05,20,0.0,0.0
2022-12-01,2022,2021,HD,0.05,20,0.0,0.0
2022-12-01,2022,2021,WMT,0.05,20,0.0,0.0
2022-12-01,2022,2021,PG,0.05,20,0.0,0.0
2022-12-01,2022,2021,BAC,0.05,20,0.0,0.0
2022-12-01,2022,2021,MA,0.05,20,0.0,0.0
2022-12-01,2022,2021,PFE,0.05,20,0.0,0.0
2022-12-01,2022,2021,DIS,0.05,20,0.0,0.0
2022-12-01,2022,2021,AVGO,0.05,20,0.0,0.0
2023-01-03,2023,2022,AAPL,0.05,20,0.358446,17.9223
2023-01-03,2023,2022,MSFT,0.05,20,0.0,0.0
2023-01-03,2023,2022,GOOGL,0.05,20,0.0,0.0
2023-01-03,2023,2022,AMZN,0.05,20,0.0,0.0
2023-01-03,2023,2022,BRK-B,0.05,20,0.0,0.0
2023-01-03,2023,2022,UNH,0.05,20,0.0,0.0
2023-01-03,2023,2022,JNJ,0.05,20,0.0,0.0
2023-01-03,2023,2022,XOM,0.05,20,0.0,0.0
2023-01-03,2023,2022,V,0.05,20,0.0,0.0
2023-01-03,2023,2022,JPM,0.05,20,0.0,0.0
2023-01-03,2023,2022,TSLA,0.05,20,0.0,0.0
2023-01-03,2023,2022,WMT,0.05,20,0.0,0.0
2023-01-03,2023,2022,NVDA,0.05,20,0.0,0.0
2023-01-03,2023,2022,PG,0.05,20,0.0,0.0
2023-01-03,2023,2022,LLY,0.05,20,0.0,0.0
2023-01-03,2023,2022,CVX,0.05,20,0.0,0.0
2023-01-03,2023,2022,MA,0.05,20,0.0,0.0
2023-01-03,2023,2022,HD,0.05,20,0.0,0.0
2023-01-03,2023,2022,META,0.05,20,0.0,0.0
2023-01-03,2023,2022,PFE,0.05,20,0.0,0.0
2023-02-01,2023,2022,AAPL,0.05,20,0.099101,4.9551
2023-02-01,2023,2022,MSFT,0.05,20,0.0,0.0
2023-02-01,2023,2022,GOOGL,0.05,20,0.0,0.0
2023-02-01,2023,2022,AMZN,0.05,20,0.0,0.0
2023-02-01,2023,2022,BRK-B,0.05,20,0.0,0.0
2023-02-01,2023,2022,UNH,0.05,20,0.0,0.0
2023-02-01,2023,2022,JNJ,0.05,20,0.0,0.0
2023-02-01,2023,2022,XOM,0.05,20,0.0,0.0
2023-02-01,2023,2022,V,0.05,20,0.0,0.0
2023-02-01,2023,2022,JPM,0.05,20,0.0,0.0
2023-02-01,2023,2022,TSLA,0.05,20,0.0,0.0
2023-02-01,2023,2022,WMT,0.05,20,0.0,0.0
2023-02-01,2023,2022,NVDA,0.05,20,0.0,0.0
2023-02-01,2023,2022,PG,0.05,20,0.0,0.0
2023-02-01,2023,2022,LLY,0.05,20,0.0,0.0
2023-02-01,2023,2022,CVX,0.05,20,0.0,0.0
2023-02-01,2023,2022,MA,0.05,20,0.0,0.0
2023-02-01,2023,2022,HD,0.05,20,0.0,0.0
2023-02-01,2023,2022,META,0.05,20,0.0,0.0
2023-02-01,2023,2022,PFE,0.05,20,0.0,0.0
2023-03-01,2023,2022,AAPL,0.05,20,0.067114,3.3557
2023-03-01,2023,2022,MSFT,0.05,20,0.0,0.0
2023-03-01,2023,2022,GOOGL,0.05,20,0.0,0.0
2023-03-01,2023,2022,AMZN,0.05,20,0.0,0.0
2023-03-01,2023,2022,BRK-B,0.05,20,0.0,0.0
2023-03-01,2023,2022,UNH,0.05,20,0.0,0.0
2023-03-01,2023,2022,JNJ,0.05,20,0.0,0.0
2023-03-01,2023,2022,XOM,0.05,20,0.0,0.0
2023-03-01,2023,2022,V,0.05,20,0.0,0.0
2023-03-01,2023,2022,JPM,0.05,20,0.0,0.0
2023-03-01,2023,2022,TSLA,0.05,20,0.0,0.0
2023-03-01,2023,2022,WMT,0.05,20,0.0,0.0
2023-03-01,2023,2022,NVDA,0.05,20,0.0,0.0
2023-03-01,2023,2022,PG,0.05,20,0.0,0.0
2023-03-01,2023,2022,LLY,0.05,20,0.0,0.0
2023-03-01,2023,2022,CVX,0.05,20,0.0,0.0
2023-03-01,2023,2022,MA,0.05,20,0.0,0.0
2023-03-01,2023,2022,HD,0.05,20,0.0,0.0
2023-03-01,2023,2022,META,0.05,20,0.0,0.0
2023-03-01,2023,2022,PFE,0.05,20,0.0,0.0
2023-04-03,2023,2022,AAPL,0.05,20,0.061431,3.0715
2023-04-03,2023,2022,MSFT,0.05,20,0.0,0.0
2023-04-03,2023,2022,GOOGL,0.05,20,0.0,0.0
2023-04-03,2023,2022,AMZN,0.05,20,0.0,0.0
2023-04-03,2023,2022,BRK-B,0.05,20,0.0,0.0
2023-04-03,2023,2022,UNH,0.05,20,0.0,0.0
2023-04-03,2023,2022,JNJ,0.05,20,0.0,0.0
2023-04-03,2023,2022,XOM,0.05,20,0.0,0.0
2023-04-03,2023,2022,V,0.05,20,0.0,0.0
2023-04-03,2023,2022,JPM,0.05,20,0.0,0.0
2023-04-03,2023,2022,TSLA,0.05,20,0.0,0.0
2023-04-03,2023,2022,WMT,0.05,20,0.0,0.0
2023-04-03,2023,2022,NVDA,0.05,20,0.0,0.0
2023-04-03,2023,2022,PG,0.05,20,0.0,0.0
2023-04-03,2023,2022,LLY,0.05,20,0.0,0.0
2023-04-03,2023,2022,CVX,0.05,20,0.0,0.0
2023-04-03,2023,2022,MA,0.05,20,0.0,0.0
2023-04-03,2023,2022,HD,0.05,20,0.0,0.0
2023-04-03,2023,2022,META,0.05,20,0.0,0.0
2023-04-03,2023,2022,PFE,0.05,20,0.0,0.0
2023-05-01,2023,2022,AAPL,0.05,20,0.040148,2.0074
2023-05-01,2023,2022,MSFT,0.05,20,0.0,0.0
2023-05-01,2023,2022,GOOGL,0.05,20,0.0,0.0
2023-05-01,2023,2022,AMZN,0.05,20,0.0,0.0
2023-05-01,2023,2022,BRK-B,0.05,20,0.0,0.0
2023-05-01,2023,2022,UNH,0.05,20,0.0,0.0
2023-05-01,2023,2022,JNJ,0.05,20,0.0,0.0
2023-05-01,2023,2022,XOM,0.05,20,0.0,0.0
2023-05-01,2023,2022,V,0.05,20,0.0,0.0
2023-05-01,2023,2022,JPM,0.05,20,0.0,0.0
2023-05-01,2023,2022,TSLA,0.05,20,0.0,0.0
2023-05-01,2023,2022,WMT,0.05,20,0.0,0.0
2023-05-01,2023,2022,NVDA,0.05,20,0.0,0.0
2023-05-01,2023,2022,PG,0.05,20,0.0,0.0
2023-05-01,2023,2022,LLY,0.05,20,0.0,0.0
2023-05-01,2023,2022,CVX,0.05,20,0.0,0.0
2023-05-01,2023,2022,MA,0.05,20,0.0,0.0
2023-05-01,2023,2022,HD,0.05,20,0.0,0.0
2023-05-01,2023,2022,META,0.05,20,0.0,0.0
2023-05-01,2023,2022,PFE,0.05,20,0.0,0.0
2023-06-01,2023,2022,AAPL,0.05,20,0.092523,4.6262
2023-06-01,2023,2022,MSFT,0.05,20,0.0,0.0
2023-06-01,2023,2022,GOOGL,0.05,20,0.0,0.0
2023-06-01,2023,2022,AMZN,0.05,20,0.0,0.0
2023-06-01,2023,2022,BRK-B,0.05,20,0.0,0.0
2023-06-01,2023,2022,UNH,0.05,20,0.0,0.0
2023-06-01,2023,2022,JNJ,0.05,20,0.0,0.0
2023-06-01,2023,2022,XOM,0.05,20,0.0,0.0
2023-06-01,2023,2022,V,0.05,20,0.0,0.0
2023-06-01,2023,2022,JPM,0.05,20,0.0,0.0
2023-06-01,2023,2022,TSLA,0.05,20,0.0,0.0
2023-06-01,2023,2022,WMT,0.05,20,0.0,0.0
2023-06-01,2023,2022,NVDA,0.05,20,0.0,0.0
2023-06-01,2023,2022,PG,0.05,20,0.0,0.0
2023-06-01,2023,2022,LLY,0.05,20,0.0,0.0
2023-06-01,2023,2022,CVX,0.05,20,0.0,0.0
2023-06-01,2023,2022,MA,0.05,20,0.0,0.0
2023-06-01,2023,2022,HD,0.05,20,0.0,0.0
2023-06-01,2023,2022,META,0.05,20,0.0,0.0
2023-06-01,2023,2022,PFE,0.05,20,0.0,0.0
2023-07-03,2023,2022,AAPL,0.05,20,0.034965,1.7482
2023-07-03,2023,2022,MSFT,0.05,20,0.0,0.0
2023-07-03,2023,2022,GOOGL,0.05,20,0.0,0.0
2023-07-03,2023,2022,AMZN,0.05,20,0.0,0.0
2023-07-03,2023,2022,BRK-B,0.05,20,0.0,0.0
2023-07-03,2023,2022,UNH,0.05,20,0.0,0.0
2023-07-03,2023,2022,JNJ,0.05,20,0.0,0.0
2023-07-03,2023,2022,XOM,0.05,20,0.0,0.0
2023-07-03,2023,2022,V,0.05,20,0.0,0.0
2023-07-03,2023,2022,JPM,0.05,20,0.0,0.0
2023-07-03,2023,2022,TSLA,0.05,20,0.0,0.0
2023-07-03,2023,2022,WMT,0.05,20,0.0,0.0
2023-07-03,2023,2022,NVDA,0.05,20,0.0,0.0
2023-07-03,2023,2022,PG,0.05,20,0.0,0.0
2023-07-03,2023,2022,LLY,0.05,20,0.0,0.0
2023-07-03,2023,2022,CVX,0.05,20,0.0,0.0
2023-07-03,2023,2022,MA,0.05,20,0.0,0.0
2023-07-03,2023,2022,HD,0.05,20,0.0,0.0
2023-07-03,2023,2022,META,0.05,20,0.0,0.0
2023-07-03,2023,2022,PFE,0.05,20,0.0,0.0
2023-08-01,2023,2022,AAPL,0.05,20,0.033131,1.6566
2023-08-01,2023,2022,MSFT,0.05,20,0.0,0.0
2023-08-01,2023,2022,GOOGL,0.05,20,0.0,0.0
2023-08-01,2023,2022,AMZN,0.05,20,0.0,0.0
2023-08-01,2023,2022,BRK-B,0.05,20,0.0,0.0
2023-08-01,2023,2022,UNH,0.05,20,0.0,0.0
2023-08-01,2023,2022,JNJ,0.05,20,0.0,0.0
2023-08-01,2023,2022,XOM,0.05,20,0.0,0.0
2023-08-01,2023,2022,V,0.05,20,0.0,0.0
2023-08-01,2023,2022,JPM,0.05,20,0.0,0.0
2023-08-01,2023,2022,TSLA,0.05,20,0.0,0.0
2023-08-01,2023,2022,WMT,0.05,20,0.0,0.0
2023-08-01,2023,2022,NVDA,0.05,20,0.0,0.0
2023-08-01,2023,2022,PG,0.05,20,0.0,0.0
2023-08-01,2023,2022,LLY,0.05,20,0.0,0.0
2023-08-01,2023,2022,CVX,0.05,20,0.0,0.0
2023-08-01,2023,2022,MA,0.05,20,0.0,0.0
2023-08-01,2023,2022,HD,0.05,20,0.0,0.0
2023-08-01,2023,2022,META,0.05,20,0.0,0.0
2023-08-01,2023,2022,PFE,0.05,20,0.0,0.0
2023-09-01,2023,2022,AAPL,0.05,20,0.044426,2.2213
2023-09-01,2023,2022,MSFT,0.05,20,0.0,0.0
2023-09-01,2023,2022,GOOGL,0.05,20,0.0,0.0
2023-09-01,2023,2022,AMZN,0.05,20,0.0,0.0
2023-09-01,2023,2022,BRK-B,0.05,20,0.0,0.0
2023-09-01,2023,2022,UNH,0.05,20,0.0,0.0
2023-09-01,2023,2022,JNJ,0.05,20,0.0,0.0
2023-09-01,2023,2022,XOM,0.05,20,0.0,0.0
2023-09-01,2023,2022,V,0.05,20,0.0,0.0
2023-09-01,2023,2022,JPM,0.05,20,0.0,0.0
2023-09-01,2023,2022,TSLA,0.05,20,0.0,0.0
2023-09-01,2023,2022,WMT,0.05,20,0.0,0.0
2023-09-01,2023,2022,NVDA,0.05,20,0.0,0.0
2023-09-01,2023,2022,PG,0.05,20,0.0,0.0
2023-09-01,2023,2022,LLY,0.05,20,0.0,0.0
2023-09-01,2023,2022,CVX,0.05,20,0.0,0.0
2023-09-01,2023,2022,MA,0.05,20,0.0,0.0
2023-09-01,2023,2022,HD,0.05,20,0.0,0.0
2023-09-01,2023,2022,META,0.05,20,0.0,0.0
2023-09-01,2023,2022,PFE,0.05,20,0.0,0.0
2023-10-02,2023,2022,AAPL,0.05,20,0.036576,1.8288
2023-10-02,2023,2022,MSFT,0.05,20,0.0,0.0
2023-10-02,2023,2022,GOOGL,0.05,20,0.0,0.0
2023-10-02,2023,2022,AMZN,0.05,20,0.0,0.0
2023-10-02,2023,2022,BRK-B,0.05,20,0.0,0.0
2023-10-02,2023,2022,UNH,0.05,20,0.0,0.0
2023-10-02,2023,2022,JNJ,0.05,20,0.0,0.0
2023-10-02,2023,2022,XOM,0.05,20,0.0,0.0
2023-10-02,2023,2022,V,0.05,20,0.0,0.0
2023-10-02,2023,2022,JPM,0.05,20,0.0,0.0
2023-10-02,2023,2022,TSLA,0.05,20,0.0,0.0
2023-10-02,2023,2022,WMT,0.05,20,0.0,0.0
2023-10-02,2023,2022,NVDA,0.05,20,0.0,0.0
2023-10-02,2023,2022,PG,0.05,20,0.0,0.0
2023-10-02,2023,2022,LLY,0.05,20,0.0,0.0
2023-10-02,2023,2022,CVX,0.05,20,0.0,0.0
2023-10-02,2023,2022,MA,0.05,20,0.0,0.0
2023-10-02,2023,2022,HD,0.05,20,0.0,0.0
2023-10-02,2023,2022,META,0.05,20,0.0,0.0
2023-10-02,2023,2022,PFE,0.05,20,0.0,0.0
2023-11-01,2023,2022,AAPL,0.05,20,0.055464,2.7732
2023-11-01,2023,2022,MSFT,0.05,20,0.0,0.0
2023-11-01,2023,2022,GOOGL,0.05,20,0.0,0.0
2023-11-01,2023,2022,AMZN,0.05,20,0.0,0.0
2023-11-01,2023,2022,BRK-B,0.05,20,0.0,0.0
2023-11-01,2023,2022,UNH,0.05,20,0.0,0.0
2023-11-01,2023,2022,JNJ,0.05,20,0.0,0.0
2023-11-01,2023,2022,XOM,0.05,20,0.0,0.0
2023-11-01,2023,2022,V,0.05,20,0.0,0.0
2023-11-01,2023,2022,JPM,0.05,20,0.0,0.0
2023-11-01,2023,2022,TSLA,0.05,20,0.0,0.0
2023-11-01,2023,2022,WMT,0.05,20,0.0,0.0
2023-11-01,2023,2022,NVDA,0.05,20,0.0,0.0
2023-11-01,2023,2022,PG,0.05,20,0.0,0.0
2023-11-01,2023,2022,LLY,0.05,20,0.0,0.0
2023-11-01,2023,2022,CVX,0.05,20,0.0,0.0
2023-11-01,2023,2022,MA,0.05,20,0.0,0.0
2023-11-01,2023,2022,HD,0.05,20,0.0,0.0
2023-11-01,2023,2022,META,0.05,20,0.0,0.0
2023-11-01,2023,2022,PFE,0.05,20,0.0,0.0
2023-12-01,2023,2022,AAPL,0.05,20,0.044355,2.2178
2023-12-01,2023,2022,MSFT,0.05,20,0.0,0.0
2023-12-01,2023,2022,GOOGL,0.05,20,0.0,0.0
2023-12-01,2023,2022,AMZN,0.05,20,0.0,0.0
2023-12-01,2023,2022,BRK-B,0.05,20,0.0,0.0
2023-12-01,2023,2022,UNH,0.05,20,0.0,0.0
2023-12-01,2023,2022,JNJ,0.05,20,0.0,0.0
2023-12-01,2023,2022,XOM,0.05,20,0.0,0.0
2023-12-01,2023,2022,V,0.05,20,0.0,0.0
2023-12-01,2023,2022,JPM,0.05,20,0.0,0.0
2023-12-01,2023,2022,TSLA,0.05,20,0.0,0.0
2023-12-01,2023,2022,WMT,0.05,20,0.0,0.0
2023-12-01,2023,2022,NVDA,0.05,20,0.0,0.0
2023-12-01,2023,2022,PG,0.05,20,0.0,0.0
2023-12-01,2023,2022,LLY,0.05,20,0.0,0.0
2023-12-01,2023,2022,CVX,0.05,20,0.0,0.0
2023-12-01,2023,2022,MA,0.05,20,0.0,0.0
2023-12-01,2023,2022,HD,0.05,20,0.0,0.0
2023-12-01,2023,2022,META,0.05,20,0.0,0.0
2023-12-01,2023,2022,PFE,0.05,20,0.0,0.0
2024-01-02,2024,2023,AAPL,0.05,20,0.227924,11.3962
2024-01-02,2024,2023,MSFT,0.05,20,0.0,0.0
2024-01-02,2024,2023,GOOGL,0.05,20,0.0,0.0
2024-01-02,2024,2023,AMZN,0.05,20,0.0,0.0
2024-01-02,2024,2023,NVDA,0.05,20,0.0,0.0
2024-01-02,2024,2023,META,0.05,20,0.0,0.0
2024-01-02,2024,2023,TSLA,0.05,20,0.0,0.0
2024-01-02,2024,2023,BRK-B,0.05,20,0.0,0.0
2024-01-02,2024,2023,LLY,0.05,20,0.0,0.0
2024-01-02,2024,2023,V,0.05,20,0.0,0.0
2024-01-02,2024,2023,AVGO,0.05,20,0.0,0.0
2024-01-02,2024,2023,JPM,0.05,20,0.0,0.0
2024-01-02,2024,2023,UNH,0.05,20,0.0,0.0
2024-01-02,2024,2023,WMT,0.05,20,0.0,0.0
2024-01-02,2024,2023,MA,0.05,20,0.0,0.0
2024-01-02,2024,2023,XOM,0.05,20,0.0,0.0
2024-01-02,2024,2023,JNJ,0.05,20,0.0,0.0
2024-01-02,2024,2023,PG,0.05,20,0.0,0.0
2024-01-02,2024,2023,HD,0.05,20,0.0,0.0
2024-01-02,2024,2023,COST,0.05,20,0.0,0.0
2024-02-01,2024,2023,AAPL,0.05,20,0.050875,2.5437
2024-02-01,2024,2023,MSFT,0.05,20,0.0,0.0
2024-02-01,2024,2023,GOOGL,0.05,20,0.0,0.0
2024-02-01,2024,2023,AMZN,0.05,20,0.0,0.0
2024-02-01,2024,2023,NVDA,0.05,20,0.0,0.0
2024-02-01,2024,2023,META,0.05,20,0.0,0.0
2024-02-01,2024,2023,TSLA,0.05,20,0.0,0.0
2024-02-01,2024,2023,BRK-B,0.05,20,0.0,0.0
2024-02-01,2024,2023,LLY,0.05,20,0.0,0.0
2024-02-01,2024,2023,V,0.05,20,0.0,0.0
2024-02-01,2024,2023,AVGO,0.05,20,0.0,0.0
2024-02-01,2024,2023,JPM,0.05,20,0.0,0.0
2024-02-01,2024,2023,UNH,0.05,20,0.0,0.0
2024-02-01,2024,2023,WMT,0.05,20,0.0,0.0
2024-02-01,2024,2023,MA,0.05,20,0.0,0.0
2024-02-01,2024,2023,XOM,0.05,20,0.0,0.0
2024-02-01,2024,2023,JNJ,0.05,20,0.0,0.0
2024-02-01,2024,2023,PG,0.05,20,0.0,0.0
2024-02-01,2024,2023,HD,0.05,20,0.0,0.0
2024-02-01,2024,2023,COST,0.05,20,0.0,0.0
2024-03-01,2024,2023,AAPL,0.05,20,0.054053,2.7026
2024-03-01,2024,2023,MSFT,0.05,20,0.0,0.0
2024-03-01,2024,2023,GOOGL,0.05,20,0.0,0.0
2024-03-01,2024,2023,AMZN,0.05,20,0.0,0.0
2024-03-01,2024,2023,NVDA,0.05,20,0.0,0.0
2024-03-01,2024,2023,META,0.05,20,0.0,0.0
2024-03-01,2024,2023,TSLA,0.05,20,0.0,0.0
2024-03-01,2024,2023,BRK-B,0.05,20,0.0,0.0
2024-03-01,2024,2023,LLY,0.05,20,0.0,0.0
2024-03-01,2024,2023,V,0.05,20,0.0,0.0
2024-03-01,2024,2023,AVGO,0.05,20,0.0,0.0
2024-03-01,2024,2023,JPM,0.05,20,0.0,0.0
2024-03-01,2024,2023,UNH,0.05,20,0.0,0.0
2024-03-01,2024,2023,WMT,0.05,20,0.0,0.0
2024-03-01,2024,2023,MA,0.05,20,0.0,0.0
2024-03-01,2024,2023,XOM,0.05,20,0.0,0.0
2024-03-01,2024,2023,JNJ,0.05,20,0.0,0.0
2024-03-01,2024,2023,PG,0.05,20,0.0,0.0
2024-03-01,2024,2023,HD,0.05,20,0.0,0.0
2024-03-01,2024,2023,COST,0.05,20,0.0,0.0
2024-04-01,2024,2023,AAPL,0.05,20,0.037323,1.8661
2024-04-01,2024,2023,MSFT,0.05,20,0.0,0.0
2024-04-01,2024,2023,GOOGL,0.05,20,0.0,0.0
2024-04-01,2024,2023,AMZN,0.05,20,0.0,0.0
2024-04-01,2024,2023,NVDA,0.05,20,0.0,0.0
2024-04-01,2024,2023,META,0.05,20,0.0,0.0
2024-04-01,2024,2023,TSLA,0.05,20,0.0,0.0
2024-04-01,2024,2023,BRK-B,0.05,20,0.0,0.0
2024-04-01,2024,2023,LLY,0.05,20,0.0,0.0
2024-04-01,2024,2023,V,0.05,20,0.0,0.0
2024-04-01,2024,2023,AVGO,0.05,20,0.0,0.0
2024-04-01,2024,2023,JPM,0.05,20,0.0,0.0
2024-04-01,2024,2023,UNH,0.05,20,0.0,0.0
2024-04-01,2024,2023,WMT,0.05,20,0.0,0.0
2024-04-01,2024,2023,MA,0.05,20,0.0,0.0
2024-04-01,2024,2023,XOM,0.05,20,0.0,0.0
2024-04-01,2024,2023,JNJ,0.05,20,0.0,0.0
2024-04-01,2024,2023,PG,0.05,20,0.0,0.0
2024-04-01,2024,2023,HD,0.05,20,0.0,0.0
2024-04-01,2024,2023,COST,0.05,20,0.0,0.0
2024-05-01,2024,2023,AAPL,0.05,20,0.038727,1.9363
2024-05-01,2024,2023,MSFT,0.05,20,0.0,0.0
2024-05-01,2024,2023,GOOGL,0.05,20,0.0,0.0
2024-05-01,2024,2023,AMZN,0.05,20,0.0,0.0
2024-05-01,2024,2023,NVDA,0.05,20,0.0,0.0
2024-05-01,2024,2023,META,0.05,20,0.0,0.0
2024-05-01,2024,2023,TSLA,0.05,20,0.0,0.0
2024-05-01,2024,2023,BRK-B,0.05,20,0.0,0.0
2024-05-01,2024,2023,LLY,0.05,20,0.0,0.0
2024-05-01,2024,2023,V,0.05,20,0.0,0.0
2024-05-01,2024,2023,AVGO,0.05,20,0.0,0.0
2024-05-01,2024,2023,JPM,0.05,20,0.0,0.0
2024-05-01,2024,2023,UNH,0.05,20,0.0,0.0
2024-05-01,2024,2023,WMT,0.05,20,0.0,0.0
2024-05-01,2024,2023,MA,0.05,20,0.0,0.0
2024-05-01,2024,2023,XOM,0.05,20,0.0,0.0
2024-05-01,2024,2023,JNJ,0.05,20,0.0,0.0
2024-05-01,2024,2023,PG,0.05,20,0.0,0.0
2024-05-01,2024,2023,HD,0.05,20,0.0,0.0
2024-05-01,2024,2023,COST,0.05,20,0.0,0.0
2024-06-03,2024,2023,AAPL,0.05,20,0.044925,2.2463
2024-06-03,2024,2023,MSFT,0.05,20,0.0,0.0
2024-06-03,2024,2023,GOOGL,0.05,20,0.0,0.0
2024-06-03,2024,2023,AMZN,0.05,20,0.0,0.0
2024-06-03,2024,2023,NVDA,0.05,20,0.0,0.0
2024-06-03,2024,2023,META,0.05,20,0.0,0.0
2024-06-03,2024,2023,TSLA,0.05,20,0.0,0.0
2024-06-03,2024,2023,BRK-B,0.05,20,0.0,0.0
2024-06-03,2024,2023,LLY,0.05,20,0.0,0.0
2024-06-03,2024,2023,V,0.05,20,0.0,0.0
2024-06-03,2024,2023,AVGO,0.05,20,0.0,0.0
2024-06-03,2024,2023,JPM,0.05,20,0.0,0.0
2024-06-03,2024,2023,UNH,0.05,20,0.0,0.0
2024-06-03,2024,2023,WMT,0.05,20,0.0,0.0
2024-06-03,2024,2023,MA,0.05,20,0.0,0.0
2024-06-03,2024,2023,XOM,0.05,20,0.0,0.0
2024-06-03,2024,2023,JNJ,0.05,20,0.0,0.0
2024-06-03,2024,2023,PG,0.05,20,0.0,0.0
2024-06-03,2024,2023,HD,0.05,20,0.0,0.0
2024-06-03,2024,2023,COST,0.05,20,0.0,0.0
2024-07-01,2024,2023,AAPL,0.05,20,0.048112,2.4056
2024-07-01,2024,2023,MSFT,0.05,20,0.0,0.0
2024-07-01,2024,2023,GOOGL,0.05,20,0.0,0.0
2024-07-01,2024,2023,AMZN,0.05,20,0.0,0.0
2024-07-01,2024,2023,NVDA,0.05,20,0.0,0.0
2024-07-01,2024,2023,META,0.05,20,0.0,0.0
2024-07-01,2024,2023,TSLA,0.05,20,0.0,0.0
2024-07-01,2024,2023,BRK-B,0.05,20,0.0,0.0
2024-07-01,2024,2023,LLY,0.05,20,0.0,0.0
2024-07-01,2024,2023,V,0.05,20,0.0,0.0
2024-07-01,2024,2023,AVGO,0.05,20,0.0,0.0
2024-07-01,2024,2023,JPM,0.05,20,0.0,0.0
2024-07-01,2024,2023,UNH,0.05,20,0.0,0.0
2024-07-01,2024,2023,WMT,0.05,20,0.0,0.0
2024-07-01,2024,2023,MA,0.05,20,0.0,0.0
2024-07-01,2024,2023,XOM,0.05,20,0.0,0.0
2024-07-01,2024,2023,JNJ,0.05,20,0.0,0.0
2024-07-01,2024,2023,PG,0.05,20,0.0,0.0
2024-07-01,2024,2023,HD,0.05,20,0.0,0.0
2024-07-01,2024,2023,COST,0.05,20,0.0,0.0
2024-08-01,2024,2023,AAPL,0.05,20,0.057114,2.8557
2024-08-01,2024,2023,MSFT,0.05,20,0.0,0.0
2024-08-01,2024,2023,GOOGL,0.05,20,0.0,0.0
2024-08-01,2024,2023,AMZN,0.05,20,0.0,0.0
2024-08-01,2024,2023,NVDA,0.05,20,0.0,0.0
2024-08-01,2024,2023,META,0.05,20,0.0,0.0
2024-08-01,2024,2023,TSLA,0.05,20,0.0,0.0
2024-08-01,2024,2023,BRK-B,0.05,20,0.0,0.0
2024-08-01,2024,2023,LLY,0.05,20,0.0,0.0
2024-08-01,2024,2023,V,0.05,20,0.0,0.0
2024-08-01,2024,2023,AVGO,0.05,20,0.0,0.0
2024-08-01,2024,2023,JPM,0.05,20,0.0,0.0
2024-08-01,2024,2023,UNH,0.05,20,0.0,0.0
2024-08-01,2024,2023,WMT,0.05,20,0.0,0.0
2024-08-01,2024,2023,MA,0.05,20,0.0,0.0
2024-08-01,2024,2023,XOM,0.05,20,0.0,0.0
2024-08-01,2024,2023,JNJ,0.05,20,0.0,0.0
2024-08-01,2024,2023,PG,0.05,20,0.0,0.0
2024-08-01,2024,2023,HD,0.05,20,0.0,0.0
2024-08-01,2024,2023,COST,0.05,20,0.0,0.0
2024-09-03,2024,2023,AAPL,0.05,20,0.044793,2.2396
2024-09-03,2024,2023,MSFT,0.05,20,0.0,0.0
2024-09-03,2024,2023,GOOGL,0.05,20,0.0,0.0
2024-09-03,2024,2023,AMZN,0.05,20,0.0,0.0
2024-09-03,2024,2023,NVDA,0.05,20,0.0,0.0
2024-09-03,2024,2023,META,0.05,20,0.0,0.0
2024-09-03,2024,2023,TSLA,0.05,20,0.0,0.0
2024-09-03,2024,2023,BRK-B,0.05,20,0.0,0.0
2024-09-03,2024,2023,LLY,0.05,20,0.0,0.0
2024-09-03,2024,2023,V,0.05,20,0.0,0.0
2024-09-03,2024,2023,AVGO,0.05,20,0.0,0.0
2024-09-03,2024,2023,JPM,0.05,20,0.0,0.0
2024-09-03,2024,2023,UNH,0.05,20,0.0,0.0
2024-09-03,2024,2023,WMT,0.05,20,0.0,0.0
2024-09-03,2024,2023,MA,0.05,20,0.0,0.0
2024-09-03,2024,2023,XOM,0.05,20,0.0,0.0
2024-09-03,2024,2023,JNJ,0.05,20,0.0,0.0
2024-09-03,2024,2023,PG,0.05,20,0.0,0.0
2024-09-03,2024,2023,HD,0.05,20,0.0,0.0
2024-09-03,2024,2023,COST,0.05,20,0.0,0.0
2024-10-01,2024,2023,AAPL,0.05,20,0.043048,2.1524
2024-10-01,2024,2023,MSFT,0.05,20,0.0,0.0
2024-10-01,2024,2023,GOOGL,0.05,20,0.0,0.0
2024-10-01,2024,2023,AMZN,0.05,20,0.0,0.0
2024-10-01,2024,2023,NVDA,0.05,20,0.0,0.0
2024-10-01,2024,2023,META,0.05,20,0.0,0.0
2024-10-01,2024,2023,TSLA,0.05,20,0.0,0.0
2024-10-01,2024,2023,BRK-B,0.05,20,0.0,0.0
2024-10-01,2024,2023,LLY,0.05,20,0.0,0.0
2024-10-01,2024,2023,V,0.05,20,0.0,0.0
2024-10-01,2024,2023,AVGO,0.05,20,0.0,0.0
2024-10-01,2024,2023,JPM,0.05,20,0.0,0.0
2024-10-01,2024,2023,UNH,0.05,20,0.0,0.0
2024-10-01,2024,2023,WMT,0.05,20,0.0,0.0
2024-10-01,2024,2023,MA,0.05,20,0.0,0.0
2024-10-01,2024,2023,XOM,0.05,20,0.0,0.0
2024-10-01,2024,2023,JNJ,0.05,20,0.0,0.0
2024-10-01,2024,2023,PG,0.05,20,0.0,0.0
2024-10-01,2024,2023,HD,0.05,20,0.0,0.0
2024-10-01,2024,2023,COST,0.05,20,0.0,0.0
2024-11-01,2024,2023,AAPL,0.05,20,0.030725,1.5362
2024-11-01,2024,2023,MSFT,0.05,20,0.0,0.0
2024-11-01,2024,2023,GOOGL,0.05,20,0.0,0.0
2024-11-01,2024,2023,AMZN,0.05,20,0.0,0.0
2024-11-01,2024,2023,NVDA,0.05,20,0.0,0.0
2024-11-01,2024,2023,META,0.05,20,0.0,0.0
2024-11-01,2024,2023,TSLA,0.05,20,0.0,0.0
2024-11-01,2024,2023,BRK-B,0.05,20,0.0,0.0
2024-11-01,2024,2023,LLY,0.05,20,0.0,0.0
2024-11-01,2024,2023,V,0.05,20,0.0,0.0
2024-11-01,2024,2023,AVGO,0.05,20,0.0,0.0
2024-11-01,2024,2023,JPM,0.05,20,0.0,0.0
2024-11-01,2024,2023,UNH,0.05,20,0.0,0.0
2024-11-01,2024,2023,WMT,0.05,20,0.0,0.0
2024-11-01,2024,2023,MA,0.05,20,0.0,0.0
2024-11-01,2024,2023,XOM,0.05,20,0.0,0.0
2024-11-01,2024,2023,JNJ,0.05,20,0.0,0.0
2024-11-01,2024,2023,PG,0.05,20,0.0,0.0
2024-11-01,2024,2023,HD,0.05,20,0.0,0.0
2024-11-01,2024,2023,COST,0.05,20,0.0,0.0
2024-12-02,2024,2023,AAPL,0.05,20,0.054773,2.7387
2024-12-02,2024,2023,MSFT,0.05,20,0.0,0.0
2024-12-02,2024,2023,GOOGL,0.05,20,0.0,0.0
2024-12-02,2024,2023,AMZN,0.05,20,0.0,0.0
2024-12-02,2024,2023,NVDA,0.05,20,0.0,0.0
2024-12-02,2024,2023,META,0.05,20,0.0,0.0
2024-12-02,2024,2023,TSLA,0.05,20,0.0,0.0
2024-12-02,2024,2023,BRK-B,0.05,20,0.0,0.0
2024-12-02,2024,2023,LLY,0.05,20,0.0,0.0
2024-12-02,2024,2023,V,0.05,20,0.0,0.0
2024-12-02,2024,2023,AVGO,0.05,20,0.0,0.0
2024-12-02,2024,2023,JPM,0.05,20,0.0,0.0
2024-12-02,2024,2023,UNH,0.05,20,0.0,0.0
2024-12-02,2024,2023,WMT,0.05,20,0.0,0.0
2024-12-02,2024,2023,MA,0.05,20,0.0,0.0
2024-12-02,2024,2023,XOM,0.05,20,0.0,0.0
2024-12-02,2024,2023,JNJ,0.05,20,0.0,0.0
2024-12-02,2024,2023,PG,0.05,20,0.0,0.0
2024-12-02,2024,2023,HD,0.05,20,0.0,0.0
2024-12-02,2024,2023,COST,0.05,20,0.0,0.0
2025-01-02,2025,2024,AAPL,0.05,20,0.174169,8.7084
2025-01-02,2025,2024,NVDA,0.05,20,0.0,0.0
2025-01-02,2025,2024,MSFT,0.05,20,0.0,0.0
2025-01-02,2025,2024,GOOGL,0.05,20,0.0,0.0
2025-01-02,2025,2024,AMZN,0.05,20,0.0,0.0
2025-01-02,2025,2024,META,0.05,20,0.0,0.0
2025-01-02,2025,2024,TSLA,0.05,20,0.0,0.0
2025-01-02,2025,2024,AVGO,0.05,20,0.0,0.0
2025-01-02,2025,2024,BRK-B,0.05,20,0.0,0.0
2025-01-02,2025,2024,WMT,0.05,20,0.0,0.0
2025-01-02,2025,2024,LLY,0.05,20,0.0,0.0
2025-01-02,2025,2024,JPM,0.05,20,0.0,0.0
2025-01-02,2025,2024,V,0.05,20,0.0,0.0
2025-01-02,2025,2024,MA,0.05,20,0.0,0.0
2025-01-02,2025,2024,XOM,0.05,20,0.0,0.0
2025-01-02,2025,2024,ORCL,0.05,20,0.0,0.0
2025-01-02,2025,2024,UNH,0.05,20,0.0,0.0
2025-01-02,2025,2024,COST,0.05,20,0.0,0.0
2025-01-02,2025,2024,PG,0.05,20,0.0,0.0
2025-01-02,2025,2024,HD,0.05,20,0.0,0.0
2025-02-03,2025,2024,AAPL,0.05,20,0.049871,2.4936
2025-02-03,2025,2024,NVDA,0.05,20,0.0,0.0
2025-02-03,2025,2024,MSFT,0.05,20,0.0,0.0
2025-02-03,2025,2024,GOOGL,0.05,20,0.0,0.0
2025-02-03,2025,2024,AMZN,0.05,20,0.0,0.0
2025-02-03,2025,2024,META,0.05,20,0.0,0.0
2025-02-03,2025,2024,TSLA,0.05,20,0.0,0.0
2025-02-03,2025,2024,AVGO,0.05,20,0.0,0.0
2025-02-03,2025,2024,BRK-B,0.05,20,0.0,0.0
2025-02-03,2025,2024,WMT,0.05,20,0.0,0.0
2025-02-03,2025,2024,LLY,0.05,20,0.0,0.0
2025-02-03,2025,2024,JPM,0.05,20,0.0,0.0
2025-02-03,2025,2024,V,0.05,20,0.0,0.0
2025-02-03,2025,2024,MA,0.05,20,0.0,0.0
2025-02-03,2025,2024,XOM,0.05,20,0.0,0.0
2025-02-03,2025,2024,ORCL,0.05,20,0.0,0.0
2025-02-03,2025,2024,UNH,0.05,20,0.0,0.0
2025-02-03,2025,2024,COST,0.05,20,0.0,0.0
2025-02-03,2025,2024,PG,0.05,20,0.0,0.0
2025-02-03,2025,2024,HD,0.05,20,0.0,0.0
2025-03-03,2025,2024,AAPL,0.05,20,0.076451,3.8225
2025-03-03,2025,2024,NVDA,0.05,20,0.0,0.0
2025-03-03,2025,2024,MSFT,0.05,20,0.0,0.0
2025-03-03,2025,2024,GOOGL,0.05,20,0.0,0.0
2025-03-03,2025,2024,AMZN,0.05,20,0.0,0.0
2025-03-03,2025,2024,META,0.05,20,0.0,0.0
2025-03-03,2025,2024,TSLA,0.05,20,0.0,0.0
2025-03-03,2025,2024,AVGO,0.05,20,0.0,0.0
2025-03-03,2025,2024,BRK-B,0.05,20,0.0,0.0
2025-03-03,2025,2024,WMT,0.05,20,0.0,0.0
2025-03-03,2025,2024,LLY,0.05,20,0.0,0.0
2025-03-03,2025,2024,JPM,0.05,20,0.0,0.0
2025-03-03,2025,2024,V,0.05,20,0.0,0.0
2025-03-03,2025,2024,MA,0.05,20,0.0,0.0
2025-03-03,2025,2024,XOM,0.05,20,0.0,0.0
2025-03-03,2025,2024,ORCL,0.05,20,0.0,0.0
2025-03-03,2025,2024,UNH,0.05,20,0.0,0.0
2025-03-03,2025,2024,COST,0.05,20,0.0,0.0
2025-03-03,2025,2024,PG,0.05,20,0.0,0.0
2025-03-03,2025,2024,HD,0.05,20,0.0,0.0
2025-04-01,2025,2024,AAPL,0.05,20,0.057525,2.8763
2025-04-01,2025,2024,NVDA,0.05,20,0.0,0.0
2025-04-01,2025,2024,MSFT,0.05,20,0.0,0.0
2025-04-01,2025,2024,GOOGL,0.05,20,0.0,0.0
2025-04-01,2025,2024,AMZN,0.05,20,0.0,0.0
2025-04-01,2025,2024,META,0.05,20,0.0,0.0
2025-04-01,2025,2024,TSLA,0.05,20,0.0,0.0
2025-04-01,2025,2024,AVGO,0.05,20,0.0,0.0
2025-04-01,2025,2024,BRK-B,0.05,20,0.0,0.0
2025-04-01,2025,2024,WMT,0.05,20,0.0,0.0
2025-04-01,2025,2024,LLY,0.05,20,0.0,0.0
2025-04-01,2025,2024,JPM,0.05,20,0.0,0.0
2025-04-01,2025,2024,V,0.05,20,0.0,0.0
2025-04-01,2025,2024,MA,0.05,20,0.0,0.0
2025-04-01,2025,2024,XOM,0.05,20,0.0,0.0
2025-04-01,2025,2024,ORCL,0.05,20,0.0,0.0
2025-04-01,2025,2024,UNH,0.05,20,0.0,0.0
2025-04-01,2025,2024,COST,0.05,20,0.0,0.0
2025-04-01,2025,2024,PG,0.05,20,0.0,0.0
2025-04-01,2025,2024,HD,0.05,20,0.0,0.0
2025-05-01,2025,2024,AAPL,0.05,20,0.054818,2.7409
2025-05-01,2025,2024,NVDA,0.05,20,0.0,0.0
2025-05-01,2025,2024,MSFT,0.05,20,0.0,0.0
2025-05-01,2025,2024,GOOGL,0.05,20,0.0,0.0
2025-05-01,2025,2024,AMZN,0.05,20,0.0,0.0
2025-05-01,2025,2024,META,0.05,20,0.0,0.0
2025-05-01,2025,2024,TSLA,0.05,20,0.0,0.0
2025-05-01,2025,2024,AVGO,0.05,20,0.0,0.0
2025-05-01,2025,2024,BRK-B,0.05,20,0.0,0.0
2025-05-01,2025,2024,WMT,0.05,20,0.0,0.0
2025-05-01,2025,2024,LLY,0.05,20,0.0,0.0
2025-05-01,2025,2024,JPM,0.05,20,0.0,0.0
2025-05-01,2025,2024,V,0.05,20,0.0,0.0
2025-05-01,2025,2024,MA,0.05,20,0.0,0.0
2025-05-01,2025,2024,XOM,0.05,20,0.0,0.0
2025-05-01,2025,2024,ORCL,0.05,20,0.0,0.0
2025-05-01,2025,2024,UNH,0.05,20,0.0,0.0
2025-05-01,2025,2024,COST,0.05,20,0.0,0.0
2025-05-01,2025,2024,PG,0.05,20,0.0,0.0
2025-05-01,2025,2024,HD,0.05,20,0.0,0.0
2025-06-02,2025,2024,AAPL,0.05,20,0.093111,4.6555
2025-06-02,2025,2024,NVDA,0.05,20,0.0,0.0
2025-06-02,2025,2024,MSFT,0.05,20,0.0,0.0
2025-06-02,2025,2024,GOOGL,0.05,20,0.0,0.0
2025-06-02,2025,2024,AMZN,0.05,20,0.0,0.0
2025-06-02,2025,2024,META,0.05,20,0.0,0.0
2025-06-02,2025,2024,TSLA,0.05,20,0.0,0.0
2025-06-02,2025,2024,AVGO,0.05,20,0.0,0.0
2025-06-02,2025,2024,BRK-B,0.05,20,0.0,0.0
2025-06-02,2025,2024,WMT,0.05,20,0.0,0.0
2025-06-02,2025,2024,LLY,0.05,20,0.0,0.0
2025-06-02,2025,2024,JPM,0.05,20,0.0,0.0
2025-06-02,2025,2024,V,0.05,20,0.0,0.0
2025-06-02,2025,2024,MA,0.05,20,0.0,0.0
2025-06-02,2025,2024,XOM,0.05,20,0.0,0.0
2025-06-02,2025,2024,ORCL,0.05,20,0.0,0.0
2025-06-02,2025,2024,UNH,0.05,20,0.0,0.0
2025-06-02,2025,2024,COST,0.05,20,0.0,0.0
2025-06-02,2025,2024,PG,0.05,20,0.0,0.0
2025-06-02,2025,2024,HD,0.05,20,0.0,0.0
2025-07-01,2025,2024,AAPL,0.05,20,0.068812,3.4406
2025-07-01,2025,2024,NVDA,0.05,20,0.0,0.0
2025-07-01,2025,2024,MSFT,0.05,20,0.0,0.0
2025-07-01,2025,2024,GOOGL,0.05,20,0.0,0.0
2025-07-01,2025,2024,AMZN,0.05,20,0.0,0.0
2025-07-01,2025,2024,META,0.05,20,0.0,0.0
2025-07-01,2025,2024,TSLA,0.05,20,0.0,0.0
2025-07-01,2025,2024,AVGO,0.05,20,0.0,0.0
2025-07-01,2025,2024,BRK-B,0.05,20,0.0,0.0
2025-07-01,2025,2024,WMT,0.05,20,0.0,0.0
2025-07-01,2025,2024,LLY,0.05,20,0.0,0.0
2025-07-01,2025,2024,JPM,0.05,20,0.0,0.0
2025-07-01,2025,2024,V,0.05,20,0.0,0.0
2025-07-01,2025,2024,MA,0.05,20,0.0,0.0
2025-07-01,2025,2024,XOM,0.05,20,0.0,0.0
2025-07-01,2025,2024,ORCL,0.05,20,0.0,0.0
2025-07-01,2025,2024,UNH,0.05,20,0.0,0.0
2025-07-01,2025,2024,COST,0.05,20,0.0,0.0
2025-07-01,2025,2024,PG,0.05,20,0.0,0.0
2025-07-01,2025,2024,HD,0.05,20,0.0,0.0
2025-08-01,2025,2024,AAPL,0.05,20,0.055802,2.7901
2025-08-01,2025,2024,NVDA,0.05,20,0.0,0.0
2025-08-01,2025,2024,MSFT,0.05,20,0.0,0.0
2025-08-01,2025,2024,GOOGL,0.05,20,0.0,0.0
2025-08-01,2025,2024,AMZN,0.05,20,0.0,0.0
2025-08-01,2025,2024,META,0.05,20,0.0,0.0
2025-08-01,2025,2024,TSLA,0.05,20,0.0,0.0
2025-08-01,2025,2024,AVGO,0.05,20,0.0,0.0
2025-08-01,2025,2024,BRK-B,0.05,20,0.0,0.0
2025-08-01,2025,2024,WMT,0.05,20,0.0,0.0
2025-08-01,2025,2024,LLY,0.05,20,0.0,0.0
2025-08-01,2025,2024,JPM,0.05,20,0.0,0.0
2025-08-01,2025,2024,V,0.05,20,0.0,0.0
2025-08-01,2025,2024,MA,0.05,20,0.0,0.0
2025-08-01,2025,2024,XOM,0.05,20,0.0,0.0
2025-08-01,2025,2024,ORCL,0.05,20,0.0,0.0
2025-08-01,2025,2024,UNH,0.05,20,0.0,0.0
2025-08-01,2025,2024,COST,0.05,20,0.0,0.0
2025-08-01,2025,2024,PG,0.05,20,0.0,0.0
2025-08-01,2025,2024,HD,0.05,20,0.0,0.0
2025-09-02,2025,2024,AAPL,0.05,20,0.054472,2.7236
2025-09-02,2025,2024,NVDA,0.05,20,0.0,0.0
2025-09-02,2025,2024,MSFT,0.05,20,0.0,0.0
2025-09-02,2025,2024,GOOGL,0.05,20,0.0,0.0
2025-09-02,2025,2024,AMZN,0.05,20,0.0,0.0
2025-09-02,2025,2024,META,0.05,20,0.0,0.0
2025-09-02,2025,2024,TSLA,0.05,20,0.0,0.0
2025-09-02,2025,2024,AVGO,0.05,20,0.0,0.0
2025-09-02,2025,2024,BRK-B,0.05,20,0.0,0.0
2025-09-02,2025,2024,WMT,0.05,20,0.0,0.0
2025-09-02,2025,2024,LLY,0.05,20,0.0,0.0
2025-09-02,2025,2024,JPM,0.05,20,0.0,0.0
2025-09-02,2025,2024,V,0.05,20,0.0,0.0
2025-09-02,2025,2024,MA,0.05,20,0.0,0.0
2025-09-02,2025,2024,XOM,0.05,20,0.0,0.0
2025-09-02,2025,2024,ORCL,0.05,20,0.0,0.0
2025-09-02,2025,2024,UNH,0.05,20,0.0,0.0
2025-09-02,2025,2024,COST,0.05,20,0.0,0.0
2025-09-02,2025,2024,PG,0.05,20,0.0,0.0
2025-09-02,2025,2024,HD,0.05,20,0.0,0.0
2025-10-01,2025,2024,AAPL,0.05,20,0.069536,3.4768
2025-10-01,2025,2024,NVDA,0.05,20,0.0,0.0
2025-10-01,2025,2024,MSFT,0.05,20,0.0,0.0
2025-10-01,2025,2024,GOOGL,0.05,20,0.0,0.0
2025-10-01,2025,2024,AMZN,0.05,20,0.0,0.0
2025-10-01,2025,2024,META,0.05,20,0.0,0.0
2025-10-01,2025,2024,TSLA,0.05,20,0.0,0.0
2025-10-01,2025,2024,AVGO,0.05,20,0.0,0.0
2025-10-01,2025,2024,BRK-B,0.05,20,0.0,0.0
2025-10-01,2025,2024,WMT,0.05,20,0.0,0.0
2025-10-01,2025,2024,LLY,0.05,20,0.0,0.0
2025-10-01,2025,2024,JPM,0.05,20,0.0,0.0
2025-10-01,2025,2024,V,0.05,20,0.0,0.0
2025-10-01,2025,2024,MA,0.05,20,0.0,0.0
2025-10-01,2025,2024,XOM,0.05,20,0.0,0.0
2025-10-01,2025,2024,ORCL,0.05,20,0.0,0.0
2025-10-01,2025,2024,UNH,0.05,20,0.0,0.0
2025-10-01,2025,2024,COST,0.05,20,0.0,0.0
2025-10-01,2025,2024,PG,0.05,20,0.0,0.0
2025-10-01,2025,2024,HD,0.05,20,0.0,0.0
2025-11-03,2025,2024,AAPL,0.05,20,0.057414,2.8707
2025-11-03,2025,2024,NVDA,0.05,20,0.0,0.0
2025-11-03,2025,2024,MSFT,0.05,20,0.0,0.0
2025-11-03,2025,2024,GOOGL,0.05,20,0.0,0.0
2025-11-03,2025,2024,AMZN,0.05,20,0.0,0.0
2025-11-03,2025,2024,META,0.05,20,0.0,0.0
2025-11-03,2025,2024,TSLA,0.05,20,0.0,0.0
2025-11-03,2025,2024,AVGO,0.05,20,0.0,0.0
2025-11-03,2025,2024,BRK-B,0.05,20,0.0,0.0
2025-11-03,2025,2024,WMT,0.05,20,0.0,0.0
2025-11-03,2025,2024,LLY,0.05,20,0.0,0.0
2025-11-03,2025,2024,JPM,0.05,20,0.0,0.0
2025-11-03,2025,2024,V,0.05,20,0.0,0.0
2025-11-03,2025,2024,MA,0.05,20,0.0,0.0
2025-11-03,2025,2024,XOM,0.05,20,0.0,0.0
2025-11-03,2025,2024,ORCL,0.05,20,0.0,0.0
2025-11-03,2025,2024,UNH,0.05,20,0.0,0.0
2025-11-03,2025,2024,COST,0.05,20,0.0,0.0
2025-11-03,2025,2024,PG,0.05,20,0.0,0.0
2025-11-03,2025,2024,HD,0.05,20,0.0,0.0
2025-12-01,2025,2024,AAPL,0.05,20,0.067506,3.3753
2025-12-01,2025,2024,NVDA,0.05,20,0.0,0.0
2025-12-01,2025,2024,MSFT,0.05,20,0.0,0.0
2025-12-01,2025,2024,GOOGL,0.05,20,0.0,0.0
2025-12-01,2025,2024,AMZN,0.05,20,0.0,0.0
2025-12-01,2025,2024,META,0.05,20,0.0,0.0
2025-12-01,2025,2024,TSLA,0.05,20,0.0,0.0
2025-12-01,2025,2024,AVGO,0.05,20,0.0,0.0
2025-12-01,2025,2024,BRK-B,0.05,20,0.0,0.0
2025-12-01,2025,2024,WMT,0.05,20,0.0,0.0
2025-12-01,2025,2024,LLY,0.05,20,0.0,0.0
2025-12-01,2025,2024,JPM,0.05,20,0.0,0.0
2025-12-01,2025,2024,V,0.05,20,0.0,0.0
2025-12-01,2025,2024,MA,0.05,20,0.0,0.0
2025-12-01,2025,2024,XOM,0.05,20,0.0,0.0
2025-12-01,2025,2024,ORCL,0.05,20,0.0,0.0
2025-12-01,2025,2024,UNH,0.05,20,0.0,0.0
2025-12-01,2025,2024,COST,0.05,20,0.0,0.0
2025-12-01,2025,2024,PG,0.05,20,0.0,0.0
2025-12-01,2025,2024,HD,0.05,20,0.0,0.0
