date,log_return,cumulative_value
1998-01-02,0.00851496046339155,1.0035085592749438
1998-01-05,0.005134861021255558,1.0086746885872937
1998-01-06,-0.009187889825087423,0.999449541393974
1998-01-07,-0.003149469987146637,0.9963067567105197
1998-01-08,-0.00459534914112234,0.9917388828378166
1998-01-09,-0.029871191572380117,0.962552546191517
1998-01-12,0.01971827900198074,0.981720787149181
1998-01-13,0.008826590308542137,0.9904243893932159
1998-01-14,0.003475284096510774,0.9938723834316034
1998-01-15,-0.007266883488193339,0.9866762071739879
1998-01-16,0.010768758978996113,0.997358901885921
1998-01-20,0.025799673803642557,1.0234252419073613
1998-01-21,-0.011434158458466643,1.0117898825591962
1998-01-22,-0.0072739293719811405,1.0044568965576646
1998-01-23,-0.004105676231773237,1.0003413760301636
1998-01-26,-0.0004942815393234292,0.999847047933661
1998-01-27,0.016180034221200824,1.016156192845791
1998-01-28,0.011505869804481535,1.0279154743535772
1998-01-29,0.007466498153166481,1.0356191272104118
1998-01-30,-0.004335563078861437,1.0311388544293538
1998-02-02,0.01992038348081359,1.0518854902472354
1998-02-03,0.0018362421281098438,1.0538187811502557
1998-02-04,-6.505094749539217e-06,1.0538119259815324
1998-02-05,-0.006475659787260244,1.0470098462162687
1998-02-06,0.007396447320864835,1.0547827097399414
1998-02-09,-0.006028473876024387,1.0484431079908911
1998-02-10,0.010580544394084089,1.059595099875606
1998-02-11,0.003846519137483408,1.0636787014961722
1998-02-12,0.004497692562995241,1.0684735761342556
1998-02-13,-0.004439336360674427,1.0637407755568666
1998-02-17,3.179266220989341e-05,1.063774595245629
1998-02-18,0.010617734743046088,1.0751296475138208
1998-02-19,-0.0037429253628113142,1.0711130391097834
1998-02-20,0.00744831324445397,1.0791208097164224
1998-02-23,0.011064262798008827,1.0911267820840471
1998-02-24,-0.007259248548005608,1.083234701519881
1998-02-25,0.012810224639766407,1.0972004425406643
1998-02-26,0.00024828379015824165,1.0974728934462736
1998-02-27,-0.0021750100435431333,1.0950884728898327
1998-03-02,-0.006139651366050346,1.0883856091301636
1998-03-03,0.0031470382675297085,1.0918161955539687
1998-03-04,-0.01061980193771337,1.080282674057627
1998-03-05,-0.013829403750552156,1.0654458375588247
1998-03-06,0.021981156254281674,1.0891248617490903
1998-03-09,-0.001080459714458581,1.0879487417015368
1998-03-10,0.009930146721570318,1.0988060504488015
1998-03-11,0.004719123976191167,1.1040037069733835
1998-03-12,0.004688370963575818,1.1091918383357755
1998-03-13,-0.0005839734134015714,1.1085442888860593
1998-03-16,0.011025062868124753,1.1208336805378107
1998-03-17,-5.482327491227179e-05,1.120772234449165
1998-03-18,0.00028526426942529303,1.1210919963279684
1998-03-19,0.004642822464155939,1.1263091291720693
1998-03-20,0.011537762756504711,1.1393794729645281
1998-03-23,-0.004656840121690208,1.1340859001485704
1998-03-24,0.01063672329798474,1.1462132413104558
1998-03-25,-0.0013072957807770402,1.1447157806015194
1998-03-26,-0.0017455309345906958,1.1427193866857315
1998-03-27,-0.006707232852192755,1.1350805480465824
1998-03-30,-0.00012823082034416303,1.134935005068497
1998-03-31,0.009069521781344621,1.1452751419875922
1998-04-01,0.0076487251039735115,1.1540686233073556
1998-04-02,0.011931864169278418,1.167921293100582
1998-04-03,0.003406184962038733,1.171906231912511
1998-04-06,-0.0018197036877677316,1.1697756489233635
1998-04-07,-0.009092604250918063,1.1591875515229364
1998-04-08,-0.013022685257491002,1.1441896850892637
1998-04-09,0.004308000350499575,1.1491294873488402
1998-04-13,-0.003498932983301829,1.145115786213935
1998-04-14,0.0027606892561429725,1.1482814627760372
1998-04-15,0.002523223083897684,1.1511824915018956
1998-04-16,-0.006780706555937217,1.1434030656434835
1998-04-17,0.02320473331239401,1.170245662035214
1998-04-20,0.00882353736250911,1.1806170572656567
1998-04-21,0.008229782468339247,1.190373369925165
1998-04-22,0.010134394895929067,1.2024984199761952
1998-04-23,-0.008186826346021317,1.1926939626863133
1998-04-24,-0.012324890759191399,1.1780843557283298
1998-04-27,-0.020081449599813558,1.154662671885666
1998-04-28,-0.004345869693046222,1.1496555464122704
1998-04-29,0.004269024271643587,1.1545739447552477
1998-04-30,0.016231866098671038,1.1734677605383481
1998-05-01,0.002121304036098363,1.1759596845648
1998-05-04,0.004179663421119165,1.1808850863334976
1998-05-05,-0.005545009659756197,1.1743551880286005
1998-05-06,-0.009295566022886175,1.1634894715761765
1998-05-07,-0.011514868718281284,1.1501688826557346
1998-05-08,0.0142876038092496,1.1667199962868964
1998-05-11,-0.006433910338308719,1.159237521039829
1998-05-12,0.009806071213801865,1.170661004934028
1998-05-13,0.0029189009595532093,1.1740830403261966
1998-05-14,-0.0005772150289451097,1.1734055375013077
1998-05-15,-0.011052334812640688,1.1605080714758116
1998-05-18,0.00499347842951218,1.166317536144762
1998-05-19,0.0029950591924024026,1.1698159625846023
1998-05-20,0.010842030370073372,1.182568147649587
1998-05-21,-0.007971503223034868,1.17317877527569
1998-05-22,-0.007049497598850299,1.1649375367412786
1998-05-26,-0.015949388195724914,1.1465048812772587
1998-05-27,0.00880018976560673,1.1566388668972385
1998-05-28,0.0019784751320864945,1.1589295133785473
1998-05-29,-0.012027586102290813,1.1450738808092777
1998-06-01,0.00011499832340527714,1.1452055699576165
1998-06-02,0.003974295468362759,1.1497660115330974
1998-06-03,-0.012334642287835857,1.1356711652125586
1998-06-04,0.01791308907001598,1.1561978431762856
1998-06-05,0.021851958119928138,1.1817410986806842
1998-06-08,-0.0016338157788897839,1.1798119278111372
1998-06-09,0.009688422348107866,1.191297995149513
1998-06-10,-0.003067043608751406,1.1876498296484965
1998-06-11,-0.013178246520022337,1.1721013631954709
1998-06-12,0.009082303734533182,1.182795232759639
1998-06-15,-0.018461681814294244,1.161159177030505
1998-06-16,0.011853810030120529,1.1750052394981154
1998-06-17,0.014866918301558911,1.1926044452198994
1998-06-18,0.0007187109955522775,1.1934618912390553
1998-06-19,-0.0019850668057063738,1.1910951395122065
1998-06-22,0.0008048737424794955,1.1920542066269884
1998-06-23,0.018606860457507497,1.2144422324241653
1998-06-24,0.0144463377846737,1.2321138126097457
1998-06-25,-0.005928396304524732,1.2248309627765048
1998-06-26,0.007078861578508788,1.2335321324721868
1998-06-29,0.007374308175892417,1.2426622011572672
1998-06-30,-0.009318971240014974,1.231135659017697
1998-07-01,0.007445719815131655,1.2403365613524093
1998-07-02,-9.189851593211274e-05,1.2402225815005345
1998-07-06,0.005447519685423537,1.2469971539828337
1998-07-07,0.0015859844394528655,1.2489764412095812
1998-07-08,0.01249920130043637,1.2646856207464732
1998-07-09,-0.002212710656808763,1.261890331120006
1998-07-10,0.00918843017936509,1.2735385548144078
1998-07-13,0.006101492451031956,1.2813327947603501
1998-07-14,0.007044622112279536,1.290391169050014
1998-07-15,-0.006905696295560866,1.2815108173310297
1998-07-16,0.009016266212650214,1.2931175058829003
1998-07-17,0.007683250667940419,1.3030911176395403
1998-07-20,0.0022061020093936665,1.305969042903731
1998-07-21,-0.01993267106754868,1.2801953145161695
1998-07-22,0.0015956118601304556,1.2822396398844629
1998-07-23,-0.02492372640175496,1.2506764203278613
1998-07-24,0.010269461106615243,1.2635863688317017
1998-07-27,0.010088653073721638,1.276398774622707
1998-07-28,-0.01681176488840683,1.2551196296950191
1998-07-29,-0.005056740958290281,1.248788834940747
1998-07-30,0.019746895859633545,1.2736936248860489
1998-07-31,-0.021379062245392735,1.2467522662430433
1998-08-03,-0.005876306933893513,1.2394474509446585
1998-08-04,-0.03973635717714914,1.1911620211758986
1998-08-05,0.01506116832232493,1.2092380945730823
1998-08-06,0.011320928972552114,1.2230055764545733
1998-08-07,-0.00812440552809512,1.2131096369337357
1998-08-10,-0.0023865565488253564,1.2102179341638708
1998-08-11,-0.010603877677468265,1.1974527311645764
1998-08-12,0.008235525336926692,1.2073551031213854
1998-08-13,-0.005870890768123636,1.2002876197039762
1998-08-14,-0.009976470676483128,1.1883725196116226
1998-08-17,0.023438897766062842,1.2165556622422642
1998-08-18,0.01787294578934728,1.2384945680659056
1998-08-19,-0.0008960927806354486,1.2373852591207037
1998-08-20,-0.009384339766220495,1.2258275310708295
1998-08-21,-0.0032614548618680036,1.221836062445317
1998-08-24,0.007336287869649608,1.2308327643755423
1998-08-25,0.008327511787731045,1.2411253350009825
1998-08-26,0.0011692600600450955,1.2425773820295745
1998-08-27,-0.03678170922086819,1.1977035885021785
1998-08-28,-0.020457913968904663,1.1734500062685616
1998-08-31,-0.08534468237805215,1.0774568015045605
1998-09-01,0.04977383245611717,1.1324430421886547
1998-09-02,-0.011960812472113962,1.1189787855671072
1998-09-03,-0.003357972644493379,1.1152275871511061
1998-09-04,-0.012603202565577877,1.1012603488105845
1998-09-08,0.04705996434610146,1.1543244255492053
1998-09-09,-0.02045562423679645,1.1309518640020966
1998-09-10,-0.025522225862717535,1.102452683327969
1998-09-11,0.029966019856724212,1.135988764287714
1998-09-14,0.015350500718757452,1.1535612890964249
1998-09-15,0.006945187287759432,1.1616008741930386
1998-09-16,0.000986765036362342,1.1627476670363879
1998-09-17,-0.02811339725892374,1.1305141004824235
1998-09-18,0.002414458485582086,1.1332469777270964
1998-09-21,0.008948852896654582,1.1434337502092635
1998-09-22,0.007851750888818256,1.1524470459444205
1998-09-23,0.0319342149484832,1.1898434723859752
1998-09-24,-0.01776677818449165,1.1688904721545241
1998-09-25,-0.000932000111640171,1.167801573609584
1998-09-28,0.0051419306952005224,1.173821792877685
1998-09-29,0.0017478315686955167,1.1758752296713693
1998-09-30,-0.02422296972973245,1.1477342446599093
1998-10-01,-0.030111559708417314,1.1136893216443835
1998-10-02,0.014156110574326539,1.129566948397533
1998-10-05,-0.011195858775342156,1.1169910069611602
1998-10-06,-0.004960226201171669,1.1114641973466133
1998-10-07,-0.01468077209478734,1.095266234991918
1998-10-08,-0.007586558855045251,1.0869883731843668
1998-10-09,0.0181095402026229,1.1068525555553537
1998-10-12,0.01028073661861314,1.1182905097087272
1998-10-13,-0.0030985591771941394,1.1148307832387911
1998-10-14,0.014328167195759686,1.130919248968432
1998-10-15,0.045772265774210126,1.1838869641700518
1998-10-16,0.007643268826139304,1.1929703998465202
1998-10-19,-0.0003025268550439378,1.192609548849605
1998-10-20,-0.003989599234716016,1.1878609934212736
1998-10-21,0.01647737408444905,1.2075959671343068
1998-10-22,0.013681050251937377,1.2242306789481512
1998-10-23,-0.0009004824307429637,1.2231287769267454
1998-10-26,0.0023816262977075977,1.2260452842240248
1998-10-27,-0.011337120617764209,1.2122239560243604
1998-10-28,-7.82102956484482e-05,1.2121291513377672
1998-10-29,0.020729193541890248,1.2375178455727178
1998-10-30,0.005343075799251371,1.2441476933414681
1998-11-02,0.013548064008830976,1.2611181850038773
1998-11-03,0.0004863694997196936,1.2617317036108797
1998-11-04,-3.2608168175657486e-05,1.2616905615220835
1998-11-05,0.017890518684353558,1.2844659846781417
1998-11-06,0.009529633829523251,1.2967649845848328
1998-11-09,-0.008349966188866262,1.2859821217288765
1998-11-10,0.005438491818107614,1.2929949773701044
1998-11-11,-0.005815972581456404,1.2854967798252925
1998-11-12,-0.004347826680707798,1.279919795294494
1998-11-13,0.006897499194232816,1.288778557582453
1998-11-16,0.010763543260161773,1.3027253049003547
1998-11-17,0.005978073001451038,1.310536416308638
1998-11-18,0.010111589857421303,1.3238552468384555
1998-11-19,0.006526103464638724,1.3325231160936066
1998-11-20,0.012676478585890334,1.3495223343153606
1998-11-23,0.02468196346452751,1.3832456622376814
1998-11-24,-0.002364815554810007,1.3799784061311666
1998-11-25,0.006143947612598361,1.3884830203643805
1998-11-27,0.006596239806792232,1.397672060572572
1998-11-30,-0.025363318517667457,1.3626682418885463
1998-12-01,0.014708603415662271,1.382859315880372
1998-12-02,-0.005726212446316928,1.3749633980809222
1998-12-03,-0.022208380826877164,1.3447642654373175
1998-12-04,0.02454233855811192,1.378176252408673
1998-12-07,0.010905680517094576,1.3932884569720125
1998-12-08,-0.0006352116935044685,1.3924037048839046
1998-12-09,-0.0007460119531018562,1.3913653424400723
1998-12-10,-0.016522199451315233,1.3685657947351135
1998-12-11,0.0065323044097661785,1.3775349458302102
1998-12-14,-0.025232960528630305,1.3432105353459836
1998-12-15,0.027075650708059992,1.3800756560987264
1998-12-16,-0.00243915669552889,1.3767135373559443
1998-12-17,0.011773370982637544,1.3930178868139904
1998-12-18,0.01396552609044441,1.4126085933115222
1998-12-21,0.012366427448476191,1.430185975699457
1998-12-22,-0.00042012546648883566,1.429585244349356
1998-12-23,0.02418616871987933,1.4645829585421293
1998-12-24,-0.0037739877471890944,1.4590660573087708
1998-12-28,-8.28243767876765e-05,1.458945216076251
1998-12-29,0.011785213414774523,1.4762409133654002
1998-12-30,-0.011389041338982659,1.4595233239385053
1998-12-31,-0.005983340772880367,1.4508165722320496
1999-01-04,-0.005117555858029064,1.4408211553309402
1999-01-05,0.013872627235347346,1.4609484163366948
1999-01-06,0.02236778740081463,1.4939948094677822
1999-01-07,0.007664141835759792,1.5054889878330133
1999-01-08,-6.353681694008765e-05,1.5053933368934984
1999-01-11,-0.018111070262009785,1.4783744613104621
1999-01-12,-0.02320953595172324,1.4444572005811063
1999-01-13,-0.002310714065006155,1.441123326309916
1999-01-14,-0.015200909216204627,1.4193825994945575
1999-01-15,0.020616075068043575,1.4489484160924113
1999-01-19,0.01309408819229872,1.4680458332090458
1999-01-20,0.009009443101736906,1.4813318686352865
1999-01-21,-0.015339344932374018,1.458782595823264
1999-01-22,-0.012716088331699219,1.4403500309162556
1999-01-25,0.006457429926094609,1.4496810852003856
1999-01-26,0.023921344063612827,1.4847775084415724
1999-01-27,-0.004194646188966211,1.4785624362516394
1999-01-28,0.019752405844292803,1.5080579462152444
1999-01-29,0.015392627763014883,1.5314504953566808
1999-02-01,-0.010053262316468572,1.5161315534937772
1999-02-02,-0.01065938580783216,1.5000563504337865
1999-02-03,0.00646471353129495,1.5097851982444506
1999-02-04,-0.020663412503124087,1.4789079967237637
1999-02-05,-0.013516632792811005,1.459052631533776
1999-02-08,0.004935726377072046,1.4662719176472365
1999-02-09,-0.022524816430557405,1.4336136039275305
1999-02-10,0.013636112933740011,1.4532964144575835
1999-02-11,0.028681729457192856,1.4955829963366745
1999-02-12,-0.018879154760959815,1.4676125137960905
1999-02-16,0.01288704830127353,1.4866480999626597
1999-02-17,-0.009933189288052178,1.4719540432240437
1999-02-18,0.011881386672042953,1.4895472070013391
1999-02-19,0.0019472438223767192,1.4924505444338547
1999-02-22,0.025302164816427018,1.5306945620123775
1999-02-23,-0.0005235940150699159,1.5298933092846796
1999-02-24,-0.01761971192925524,1.5031731221717917
1999-02-25,-0.0043206099065316505,1.4966925076739985
1999-02-26,-0.0008945304170332718,1.4953542693376234
1999-03-01,-0.0006746358265389593,1.4943457899905586
1999-03-02,-0.011454414811720387,1.477326591997934
1999-03-03,-0.0024312280636474264,1.4737392367347233
1999-03-04,0.01750958416272575,1.4997710358452625
1999-03-05,0.026059487011193413,1.5393679971000676
1999-03-08,0.006417631536645411,1.5492788618280648
1999-03-09,0.0017440616478278579,1.551983257303476
1999-03-10,0.0014904996432707834,1.5542982125862874
1999-03-11,0.012028425101551499,1.5731068646795188
1999-03-12,-6.22002342041511e-05,1.5730090201071167
1999-03-15,0.011582603408205177,1.5913344831567529
1999-03-16,-0.0026065464820655003,1.587191996994624
1999-03-17,-0.01466899744590578,1.5640794152901778
1999-03-18,0.013537331143976664,1.5853968412471497
1999-03-19,-0.014641496798281063,1.5623533656169573
1999-03-22,-0.0008282751599216941,1.5610598429035134
1999-03-23,-0.02896861670921481,1.5164868250143315
1999-03-24,0.004598217006055685,1.5234760171188497
1999-03-25,0.01834560860325137,1.5516830584027455
1999-03-26,-0.008937378091244145,1.5378768677044787
1999-03-29,0.025624522895599546,1.577793466478052
1999-03-30,-0.000345007319112089,1.5772492100756894
1999-03-31,-0.015073279289245897,1.5536531738032024
1999-04-01,0.00600438532348091,1.5630099689079509
1999-04-05,0.02260767414974336,1.5987484487623045
1999-04-06,-0.0031728425265353253,1.5936839104348257
1999-04-07,0.015234416744777381,1.6181486350297094
1999-04-08,0.01589328069643746,1.6440717817463426
1999-04-09,0.0042127902555581945,1.6510125210021536
1999-04-12,0.007171721614443826,1.6628956836190691
1999-04-13,-0.010742895230750405,1.6451269840391098
1999-04-14,-0.029565606639279575,1.5971997960959903
1999-04-15,-0.011481971387203012,1.578965675886007
1999-04-16,-0.0018253633780925963,1.5760861186846549
1999-04-19,-0.03391081989602947,1.5235357941976149
1999-04-20,0.01988738427757405,1.5541382285643806
1999-04-21,0.02717887115648074,1.596957201106629
1999-04-22,0.019887935398549186,1.6290353091122138
1999-04-23,-0.0019298292300367836,1.6258945806654428
1999-04-26,-9.685172287406235e-05,1.6257371175995015
1999-04-27,0.0022288654613398804,1.6293647081139657
1999-04-28,-0.01685432037576744,1.6021330038833739
1999-04-29,-0.008381077664275328,1.5887615147641618
1999-04-30,-0.006305374159351942,1.5787752954738996
1999-05-03,0.012821240842354484,1.5991474729991244
1999-05-04,-0.02068620948155135,1.5664069792525255
1999-05-05,0.011510228679544912,1.58454084404875
1999-05-06,-0.018138691490252448,1.556058444173931
1999-05-07,0.010062020109837057,1.571794571379681
1999-05-10,-0.010536267485923779,1.5553206624990834
1999-05-11,0.013728518858942884,1.5768201519487566
1999-05-12,0.006566679695235295,1.5872086966156729
1999-05-13,0.007726412880308275,1.5995196247455807
1999-05-14,-0.02374257785361802,1.5619901912349927
1999-05-17,0.006480597091073165,1.5721456916351195
1999-05-18,-0.00817015338478137,1.5593533490505962
1999-05-19,0.008083688320441582,1.572009761833415
1999-05-20,-0.007050725400022926,1.560964935451195
1999-05-21,-0.011370523886126957,1.5433164726465025
1999-05-24,-0.020815494893888148,1.5115236164469794
1999-05-25,-0.020165118387424564,1.4813488253889773
1999-05-26,0.01975567075968565,1.510904853372135
1999-05-27,-0.014757461662493601,1.4887714510289294
1999-05-28,0.020146376301600762,1.5190689687578063
1999-06-01,-0.009990288015107098,1.503968586421448
1999-06-02,0.0019099983127172082,1.506843908940352
1999-06-03,0.005658986624116099,1.5153952917252045
1999-06-04,0.028804448151943322,1.559680155493519
1999-06-07,0.00043304883949335645,1.5603557194403703
1999-06-08,-0.014623628161087797,1.5377036887150286
1999-06-09,0.0008689427977906136,1.5390404459591522
1999-06-10,-0.016366012824464926,1.5140574836544536
1999-06-11,-0.005536357804494143,1.5056982808089894
1999-06-14,-0.0008663292671660396,1.5043944151908244
1999-06-15,0.008199950133833083,1.5167810900292598
1999-06-16,0.02308541895924353,1.5522039192256232
1999-06-17,0.011338681981935552,1.5699040241319882
1999-06-18,-0.002923271588505679,1.5653214695906668
1999-06-21,0.004640176631827667,1.5726017154457834
1999-06-22,-0.0063542561995423704,1.5626406822405088
1999-06-23,-0.004931344713627421,1.5549537314526112
1999-06-24,-0.009066051699405072,1.5409201512370099
1999-06-25,0.0011825017471835475,1.5427433697752193
1999-06-28,0.012393162917287133,1.5619818059974941
1999-06-29,0.019324188509787142,1.592459365502265
1999-06-30,0.02580548617383812,1.6340883718981212
1999-07-01,0.0066351010238331265,1.64496676302993
1999-07-02,0.009673234942317104,1.6609561227387395
1999-07-06,-0.0028046965511274243,1.6563041715349476
1999-07-07,0.007871977586654602,1.6693940147301616
1999-07-08,-0.004814138828258023,1.6613766340601632
1999-07-09,0.005898068093598395,1.6712045008002674
1999-07-12,-0.0026001872323813116,1.6668647007859883
1999-07-13,-0.004305919744149521,1.65970274562789
1999-07-14,0.002953032385829725,1.664611145351319
1999-07-15,0.012910578119937195,1.6862415677606473
1999-07-16,0.008291939968234617,1.700281912011577
1999-07-19,-0.009712216773279953,1.683848337900982
1999-07-20,-0.02324967076970376,1.6451510115953567
1999-07-21,-0.00360008079387171,1.6392389833105099
1999-07-22,-0.01007291930091058,1.6228099444205404
1999-07-23,-0.0029476288480998016,1.6180335459965927
1999-07-26,-0.006402373840690247,1.607707381603506
1999-07-27,0.00704097579023315,1.619067155370846
1999-07-28,0.0027412351441792175,1.6235114878551045
1999-07-29,-0.0179105424387423,1.5946923698669984
1999-07-30,-0.008878906041914122,1.580595919286957
1999-08-02,-0.0018452256479068142,1.5776820523554853
1999-08-03,-0.002046956686539016,1.5744559085439773
1999-08-04,-0.014414761011719351,1.5519232941851862
1999-08-05,0.007962345537266192,1.5643295696816573
1999-08-06,-0.012498617166509473,1.5448992920107545
1999-08-09,-0.0036867604839229814,1.5392141047507124
1999-08-10,-0.005538356759863157,1.5307129508503021
1999-08-11,0.013623079495142033,1.5517086634829
1999-08-12,0.002030854426463645,1.554863159968099
1999-08-13,0.026041751595158636,1.5958863597583322
1999-08-16,0.006296451561250757,1.6059664821184612
1999-08-17,0.013483201514096523,1.6277666898525194
1999-08-18,-0.008955842463839,1.6132537526034323
1999-08-19,-0.011664034936129535,1.5945460203912556
1999-08-20,0.01585789077613458,1.620033713426945
1999-08-23,0.024870515389155638,1.6608299962866797
1999-08-24,0.007484590219357277,1.6733072636023165
1999-08-25,0.01896326994023643,1.7053414171191748
1999-08-26,-0.014850517749346825,1.6802033329083752
1999-08-27,-0.009011060041183464,1.665130930942462
1999-08-30,-0.017378179897449483,1.6364439715960792
1999-08-31,-0.006561310610477492,1.6257419025955933
1999-09-01,0.010046828032424718,1.64215777756958
1999-09-02,-0.007347130211802149,1.6301368443048732
1999-09-03,0.02963245792822654,1.679164625102777
1999-09-07,-0.00720256964884761,1.6671137755769034
1999-09-08,-0.005377587490783608,1.6581727874113195
1999-09-09,0.0016011018491801665,1.6608298174477423
1999-09-10,0.00270333552828048,1.6653256718631784
1999-09-13,-0.003521825565714837,1.659471000953028
1999-09-14,-0.0070577148897547,1.6478001609361415
1999-09-15,-0.016202378269100346,1.6213170038355025
1999-09-16,0.003242950280355479,1.6265833889647747
1999-09-17,0.014333790221260485,1.6500663921986756
1999-09-20,0.001440873880583434,1.6524456434532835
1999-09-21,-0.019957905948349057,1.6197932096484238
1999-09-22,0.0038253680777827867,1.6260013815860233
1999-09-23,-0.022047493219514824,1.5905444318466049
1999-09-24,-0.0003836601318048914,1.5899343204054428
1999-09-27,0.0006545628728451618,1.5909753730618812
1999-09-28,0.0027075203009988094,1.5952888079040075
1999-09-29,-0.02128793383481812,1.5616873273013179
1999-09-30,0.016063778006047292,1.5869765018754283
1999-10-01,0.005226519083175144,1.595292577981764
1999-10-04,0.020663126584769063,1.6285992352421312
1999-10-05,-0.0019820558662538975,1.6253744574747124
1999-10-06,0.019378625326067815,1.6571791504166422
1999-10-07,-0.009603448840867923,1.6413406888796196
1999-10-08,0.020526567988288794,1.6753799394510058
1999-10-11,-0.004489180533285451,1.6678757129572692
1999-10-12,-0.01636276408322464,1.6408067218554152
1999-10-13,-0.02262646123116928,1.6040979332624552
1999-10-14,-0.0010333038671536498,1.6024412687310594
1999-10-15,-0.02907889510231015,1.5565150255295774
1999-10-18,0.012780754919214753,1.5765361324968934
1999-10-19,0.016207785333818326,1.602296486932715
1999-10-20,0.021341928152252568,1.6368600985903081
1999-10-21,-0.0012755025957141106,1.6347736102292725
1999-10-22,0.01443858760348451,1.658548658232964
1999-10-25,-0.01055782049941296,1.6411301119522514
1999-10-26,-0.010951233182085135,1.6232557651222888
1999-10-27,0.014039228700857047,1.6462057471196903
1999-10-28,0.03544888446059538,1.7056085658254008
1999-10-29,0.01622379352773947,1.7335056937572861
1999-11-01,-0.006531969081325451,1.722219389188615
1999-11-02,-0.008658101181498864,1.7073726046876538
1999-11-03,0.0017980173497435588,1.7104452517619457
1999-11-04,0.003002439628568568,1.7155884776172008
1999-11-05,0.007637114392323488,1.7287407819711695
1999-11-08,0.008498769636111545,1.7434955615638428
1999-11-09,-0.010249362508166092,1.7257171080638054
1999-11-10,0.003579340515257756,1.7319051050942604
1999-11-11,0.0048358048194627815,1.740300543137594
1999-11-12,0.007105094371733434,1.752709574197075
1999-11-15,-0.00739518993434819,1.7397957628932081
1999-11-16,0.01940504354162749,1.7738862695676645
1999-11-17,-0.004348858421921188,1.766188639408425
1999-11-18,0.007565968600575973,1.7796022466754007
1999-11-19,0.0024796101208665678,1.7840204418543546
1999-11-22,0.005032074258208008,1.7930203904094395
1999-11-23,-0.010191536121489308,1.7748395609899192
1999-11-24,0.007963448399380006,1.7890298310011734
1999-11-26,-0.0008719351539751437,1.7874705928760675
1999-11-29,-0.004799380813091582,1.7789123942632572
1999-11-30,-0.009634723069462395,1.7618553677900342
1999-12-01,0.008570850332175478,1.7770208642170096
1999-12-02,-0.0006926637564586232,1.7757904124637582
1999-12-03,0.01959803705924082,1.8109356830496555
1999-12-06,-0.007407846039713601,1.7975701164724027
1999-12-07,-0.010205037124933055,1.7793191310829568
1999-12-08,-0.004011888289659165,1.7721950016584875
1999-12-09,0.005662905177253861,1.782259243436508
1999-12-10,0.005878182635074635,1.7927665404229256
1999-12-13,0.004547206485110311,1.800937182782035
1999-12-14,-0.0047825471345728145,1.7923446792234592
1999-12-15,0.008361807371125152,1.8073947554012944
1999-12-16,0.0040338296547436,1.8147002025220278
1999-12-17,-0.003108850094278603,1.8090673320380803
1999-12-20,-0.004494850651425115,1.8009540921228284
1999-12-21,0.005085427860418707,1.8101360415205863
1999-12-22,0.005027404537189292,1.819259241461468
1999-12-23,0.015089024594974567,1.8469182377599407
1999-12-27,0.003039064833168109,1.8525396796626568
1999-12-28,-0.004454604654038774,1.8443057009596762
1999-12-29,-0.0057542016981685885,1.8337236687354819
1999-12-30,-0.0006481350692020672,1.8325355531898162
1999-12-31,0.001212330439584691,1.8347585390470116
2000-01-03,-0.0077178200070103994,1.81713330865805
2000-01-04,-0.04683358859794674,1.7339925216508343
2000-01-05,0.00792183862458181,1.7477834833485937
2000-01-06,-0.0032349461151262872,1.7421386332746824
2000-01-07,0.04782369626674273,1.8274785118513568
2000-01-10,0.006623621862081363,1.8396232150343215
2000-01-11,-0.008363637499280941,1.824301435546905
2000-01-12,-0.006173310031691125,1.813074147614371
2000-01-13,0.00595023703941587,1.823894528553533
2000-01-14,0.015294486675381672,1.8520044747591269
2000-01-18,-0.0017179238666699776,1.8488256033820694
2000-01-19,-3.444408148141121e-05,1.8487619233790475
2000-01-20,-0.005172759405300548,1.8392234142270223
2000-01-21,-0.004312018707262622,1.8313097227129012
2000-01-24,-0.031810804121014585,1.773971116550048
2000-01-25,0.006447107052815703,1.7854450453276476
2000-01-26,-0.01095223760916056,1.7659971205002498
2000-01-27,-0.010605266541821753,1.7473672125063087
2000-01-28,-0.023298731662938745,1.707126373277485
2000-01-31,0.03295382984400495,1.7643199228474211
2000-02-01,0.016349697003097696,1.7934031218927504
2000-02-02,-0.004968757598576514,1.7845142381456638
2000-02-03,0.003341204098002906,1.7904866363756777
2000-02-04,-0.0022902484473945927,1.7863906693180946
2000-02-07,0.0005369580171329269,1.78735014368539
2000-02-08,0.012189622384803955,1.8092705966044715
2000-02-09,-0.02141796237079577,1.7709317426974656
2000-02-10,0.00032786520407179976,1.7715124647887637
2000-02-11,-0.020479471247259254,1.7356017970409932
2000-02-14,0.006456306885533522,1.7468436261729436
2000-02-15,0.007887279417388697,1.760675947936386
2000-02-16,-0.019934938382947333,1.7259245160774341
2000-02-17,-0.005539088748942459,1.71639089517053
2000-02-18,-0.028900651861136776,1.6674960294274483
2000-02-22,-0.0003965649318923107,1.6668348900791126
2000-02-23,0.009146700488342248,1.6821508681336976
2000-02-24,-0.01449191856763848,1.6579490635863354
2000-02-25,-0.014056695914426336,1.6348068106208253
2000-02-28,0.014952687838607254,1.659435238258839
2000-02-29,0.012162415574657073,1.679741213790566
2000-03-01,0.00342509274889345,1.6855043472411668
2000-03-02,0.002697796188052155,1.6900576336017854
2000-03-03,0.018111868850734385,1.7209466200507337
2000-03-06,-0.023639906822428464,1.6807407067181563
2000-03-07,-0.03641070868649875,1.6206444591353557
2000-03-08,0.02376596159573602,1.6596219675028803
2000-03-09,0.025481145574356868,1.7024544290208685
2000-03-10,-0.01182674076313523,1.6824385365180348
2000-03-13,-0.006174407443252541,1.6720824796532112
2000-03-14,-0.017360624160568966,1.643304607846419
2000-03-15,0.03308938886829659,1.6985901918463577
2000-03-16,0.0460822537931911,1.7786966231120562
2000-03-17,0.0016118427704071027,1.78156591420661
2000-03-20,-0.005947815977094728,1.7710009384097494
2000-03-21,0.02587462931877429,1.8174229170420846
2000-03-22,0.0025046339230434225,1.821980601415469
2000-03-23,0.020894725960344803,1.8604509003297256
2000-03-24,-0.001984774572465839,1.8567619867313723
2000-03-27,-0.001558785378798739,1.8538699479140504
2000-03-28,-0.0052425014648283105,1.8441764632514381
2000-03-29,0.011905923598230391,1.8662643145455444
2000-03-30,-0.014794104031012405,1.8388578331545162
2000-03-31,-0.002472360761547027,1.8343171286445386
2000-04-03,0.019345577743299303,1.8701485253086771
2000-04-04,0.008131286796849213,1.8854172323107767
2000-04-05,-0.01450625536671188,1.8582643082420744
2000-04-06,0.0030402967412148847,1.8639225802171882
2000-04-07,0.012677535048703883,1.8877029437547974
2000-04-10,-0.0033480415403135313,1.8813934040776397
2000-04-11,0.0016430701176965092,1.884487206330504
2000-04-12,-0.02367038906066668,1.8404044472377945
2000-04-13,-0.015585148065709455,1.8119438289821033
2000-04-14,-0.06419096137044893,1.6992878411338401
2000-04-17,0.03915931889594887,1.7671508585341504
2000-04-18,0.022750240266071614,1.807814768144282
2000-04-19,-0.021732700236971367,1.7689499204236845
2000-04-20,-0.0022735834683235497,1.764932633677191
2000-04-24,0.007958199903949024,1.7790343581388919
2000-04-25,0.02551442199964078,1.8250094108880772
2000-04-26,-0.01725852274531457,1.7937826831421357
2000-04-27,0.0037318856923496757,1.8004893816048921
2000-04-28,-0.007456915650783292,1.7871132185981664
2000-05-01,0.0037794367624184007,1.7938802797799054
2000-05-02,-0.0076678622139788035,1.7801776550238337
2000-05-03,-0.016671445490303735,1.750745539922888
2000-05-04,-0.010566066046064181,1.7323444317742305
2000-05-05,0.020928135649835936,1.7689812035066383
2000-05-08,-0.0033485136348234343,1.7630676521561086
2000-05-09,-0.006007418522160628,1.7525079170185234
2000-05-10,-0.01818692868953803,1.7209232649958748
2000-05-11,0.019792194379766172,1.7553234170577734
2000-05-12,0.0007026656219123242,1.7565572559155855
2000-05-15,0.02343920541164811,1.798215877508225
2000-05-16,0.00705860142730513,1.810953669278279
2000-05-17,-0.01362759962212105,1.7864421139090643
2000-05-18,-0.008580489752902317,1.7711791411913496
2000-05-19,-0.015679463070874467,1.7436245880656251
2000-05-22,-8.469316441210486e-05,1.743476921234989
2000-05-23,-0.023421321443250983,1.7031168756045694
2000-05-24,0.017622567235328946,1.7333961832100975
2000-05-25,-0.011948986228230232,1.712807110335075
2000-05-26,0.0019872164521657558,1.7162142130081335
2000-05-30,0.028229747412613942,1.765352828857545
2000-05-31,-0.004584547528872884,1.7572780087497966
2000-06-01,0.013591344688967904,1.7813248239895338
2000-06-02,0.008194828499413791,1.7959824517688874
2000-06-05,-0.006984063118640678,1.783482896614508
2000-06-06,-0.003525818387680057,1.7772057323968466
2000-06-07,0.014231384728805297,1.802678658499829
2000-06-08,-0.004338912630109824,1.7948739375460034
2000-06-09,-0.0005134943035420712,1.7939525165959485
2000-06-12,-0.010963314056531875,1.7743922702346533
2000-06-13,0.0280095143949988,1.8247947149151686
2000-06-14,0.0005605232549942946,1.8258178415048048
2000-06-15,0.0055371660684509025,1.8359557398147281
2000-06-16,-0.012561048185752498,1.8130384452440065
2000-06-19,0.01745050640495491,1.8449545504233793
2000-06-20,-0.009690748681575543,1.8271619107887564
2000-06-21,0.003980452253105121,1.8344493355346405
2000-06-22,-0.013324408260344355,1.8101685067265358
2000-06-23,0.000890512825425889,1.8117812029547211
2000-06-26,0.009623133863902057,1.8293003754777675
2000-06-27,-0.0014310905151192505,1.826684353389788
2000-06-28,0.0016446262539689717,1.8296910381937648
2000-06-29,-0.0084037443865548,1.8143792108576495
2000-06-30,0.010646799141794902,1.8337997416783753
2000-07-03,0.006151110169645568,1.8451144091262377
2000-07-05,-0.0170376441977099,1.8139442929984597
2000-07-06,0.004855223167598444,1.8227728122270812
2000-07-07,0.012690250994608302,1.8460516514708478
2000-07-10,-0.001774732703861416,1.8427783087453222
2000-07-11,-0.001772642632632364,1.8395146148888002
2000-07-12,0.0028273458474860243,1.8447229182645093
2000-07-13,-0.008788814193427077,1.8285810292334421
2000-07-14,-0.0005023009905352544,1.8276627618138084
2000-07-17,0.006585840619651363,1.8397391805044865
2000-07-18,-0.012368365938494755,1.817124753134106
2000-07-19,-0.0011156228051666345,1.8150986577089498
2000-07-20,0.01150609560875964,1.8361039692241719
2000-07-21,-0.007930955872534676,1.8215995028358813
2000-07-24,0.001383662456044524,1.8241217262284075
2000-07-25,0.0012438274926400588,1.826392030622223
2000-07-26,-0.011114938918158436,1.8062041958727826
2000-07-27,0.011805920265958144,1.8276544695598025
2000-07-28,-0.016980877385189583,1.7968813101831056
2000-07-31,0.006286439322422657,1.8082128757910227
2000-08-01,0.003655534915056791,1.814834957343292
2000-08-02,0.001934338395616378,1.8183488597254824
2000-08-03,0.009676881512181428,1.8360302184190622
2000-08-04,0.002616417600373526,1.8408403300837366
2000-08-07,0.0022611846479043333,1.8450075195942837
2000-08-08,-0.0037346786759820494,1.8381298602716651
2000-08-09,-0.006625220916807625,1.8259920959560316
2000-08-10,-0.008838159399289601,1.8099247940266228
2000-08-11,0.010590201590478378,1.8291941153663853
2000-08-14,0.013329986860329261,1.8537404868273804
2000-08-15,-0.007687465220617661,1.8395445565783581
2000-08-16,-0.0028141894060740554,1.8343750072324922
2000-08-17,0.006078602090358197,1.8455594012884644
2000-08-18,-0.006828908399781081,1.8329991803010763
2000-08-21,0.011614261116443547,1.8544122190170398
2000-08-22,-0.0032521402842571796,1.8483912062317984
2000-08-23,0.006549101724300755,1.8605362343710117
2000-08-24,0.0018958203583846003,1.8640668224645862
2000-08-25,0.0005891951782613212,1.8651654452681863
2000-08-28,0.007702956019099745,1.8795882103086903
2000-08-29,-0.004651600860382912,1.870865419371564
2000-08-30,-0.008965405660472459,1.8541673164312784
2000-08-31,0.007739836380169234,1.868573948650881
2000-09-01,0.003937951771508464,1.8759468102009031
2000-09-05,-0.011430268928823477,1.8546263152876599
2000-09-06,-0.015590456539760728,1.8259360724379008
2000-09-07,0.009389420545831396,1.8431612949915688
2000-09-08,0.0007141066031192034,1.8444779787132526
2000-09-11,-0.0027351707034679,1.8394399097129328
2000-09-12,-0.0032325741208900434,1.8335033841627868
2000-09-13,-0.0006921696360773133,1.832234727905945
2000-09-14,-0.003627170631498332,1.825600938127649
2000-09-15,-0.012400843548940835,1.803101739361287
2000-09-18,-0.007202732983612647,1.790161138781486
2000-09-19,0.013033326687709477,1.8136456016285398
2000-09-20,-0.005733152183219192,1.8032774448974358
2000-09-21,0.001044065465981826,1.8051611677971344
2000-09-22,0.004747341675364867,1.8137512585546107
2000-09-25,-0.01036735369199606,1.7950445946008813
2000-09-26,-0.009610319520872426,1.7778762711656204
2000-09-27,0.005093640718539668,1.7869552369983739
2000-09-28,0.016736534604096267,1.8171143506935399
2000-09-29,-0.010344343627154053,1.7984143816425517
2000-10-02,0.002404824616216101,1.8027444572671079
2000-10-03,-0.010299912066853148,1.7842716453593623
2000-10-04,0.003888836516392929,1.7912238954093334
2000-10-05,0.014530884029347397,1.8174419868068117
2000-10-06,-0.012708110500849853,1.794491868391999
2000-10-09,-0.011109093832816237,1.7746670118246781
2000-10-10,-0.003962560773585396,1.7676487003636843
2000-10-11,-0.015629595674718152,1.7402358498090122
2000-10-12,-0.024352084152615767,1.698369317574897
2000-10-13,0.02591611776573405,1.7429597667664367
2000-10-16,0.0007973063450082918,1.7443499937923412
2000-10-17,-0.001951066435228641,1.7409499689838646
2000-10-18,-0.009196534983343765,1.7250126580350427
2000-10-19,0.02215848076724092,1.7636629523199452
2000-10-20,-0.0020044768164522424,1.7601312715885618
2000-10-23,0.0030939012952018166,1.765585376890524
2000-10-24,0.003364893686391116,1.7715363906272497
2000-10-25,-0.0042614381084970275,1.7640031605387247
2000-10-26,0.004901865065322255,1.7726712936592621
2000-10-27,0.007561935624839196,1.7861269310786223
2000-10-30,0.004367046266279046,1.7939440865404048
2000-10-31,0.011671649602740107,1.8150050422838786
2000-11-01,-0.006520551065947612,1.803208710309164
2000-11-02,0.00256686096591787,1.8078432419155406
2000-11-03,-0.0016949388945316972,1.804781653425256
2000-11-06,0.00466320101220178,1.8132173664846292
2000-11-07,-0.0007605703824515577,1.8118388113692838
2000-11-08,-0.010022995309377997,1.793769465218382
2000-11-09,0.005582434266728871,1.8038110675624683
2000-11-10,-0.02191784689679554,1.7647055328010923
2000-11-13,-0.007921613620009297,1.7507814408688958
2000-11-14,0.02371265200488575,1.7927932490572842
2000-11-15,0.0055938161443067295,1.802849906199432
2000-11-16,-0.005021414606333831,1.7938197404249039
2000-11-17,0.0025326153500736743,1.798368553600412
2000-11-20,-0.015997789870774482,1.7698275366697132
2000-11-21,0.003767598772824818,1.7765081136894192
2000-11-22,-0.013219533783851661,1.7531780506960362
2000-11-24,0.006800495423630757,1.7651411614420094
2000-11-27,0.010014378558484584,1.7829067604864715
2000-11-28,-0.00022169645358667445,1.7825115401916836
2000-11-29,0.012230387248294226,1.8044462079237564
2000-11-30,-0.01597159775190205,1.7758552483530043
2000-12-01,-0.012107799906427704,1.7544831937162575
2000-12-04,0.01468783689647806,1.7804429362400906
2000-12-05,0.029023140393716156,1.8328741605640462
2000-12-06,-0.019780957108425493,1.7969743918839163
2000-12-07,-0.0008127552913498093,1.7955144847924636
2000-12-08,0.009119733572406776,1.8119639920730608
2000-12-11,-0.0023735627385014853,1.8076682819434835
2000-12-12,-0.003882568791005787,1.8006634925751925
2000-12-13,-0.0009609520868361293,1.7989339723604334
2000-12-14,-0.012598578601753832,1.7764121308018048
2000-12-15,-0.02863713214162176,1.7262622829993157
2000-12-18,0.016418729347035355,1.754839273172969
2000-12-19,-0.015296873753728851,1.7281999867056568
2000-12-20,-0.028125483378982897,1.6802707033038031
2000-12-21,0.006465988535954913,1.691170515463065
2000-12-22,0.019047128940248497,1.7236911878675512
2000-12-26,0.004315613886972668,1.7311460480736156
2000-12-27,0.009723466140531805,1.7480608902351684
2000-12-28,0.0007825643873486575,1.7494293958368172
2000-12-29,-0.00583801045606281,1.7392459631479766
2001-01-02,-0.014915585619466131,1.7108416168861234
2001-01-03,0.040412676087055954,1.7813973762240092
2001-01-04,-0.01571217068600322,1.7536264982956107
2001-01-05,-0.019263628123389276,1.720168584612969
2001-01-08,-0.0030556266495724107,1.7149204139525838
2001-01-09,0.007951551297548381,1.7286110503592444
2001-01-10,0.0023893495175443293,1.7327462445832889
2001-01-11,0.003912776230431675,1.7395393742337815
2001-01-12,-0.010686112091020659,1.721049430252446
2001-01-16,0.004851192447901053,1.729418856686224
2001-01-17,-0.007291561102524582,1.7168545557717423
2001-01-18,0.02098519852451196,1.7532637807255254
2001-01-19,-0.001838288515721234,1.7500437366442074
2001-01-22,-0.00359284812091575,1.7437673770484359
2001-01-23,0.010777224302301994,1.7626619820184413
2001-01-24,-0.000790976258893049,1.7612683094918138
2001-01-25,-0.003579397722881034,1.7549752990279808
2001-01-26,0.00043508624755114256,1.7557390307779226
2001-01-29,-0.0007537043233278285,1.7544162212460421
2001-01-30,0.008149384234349296,1.7687720492688273
2001-01-31,0.0002127761723360227,1.7691484418574728
2001-02-01,0.012766799929859515,1.7918795993837011
2001-02-02,-0.019722183910411552,1.7568860294543827
2001-02-05,0.003691961078273382,1.7633843727279648
2001-02-06,0.0007225503257478873,1.764658967104736
2001-02-07,-0.003950661752635022,1.7577011494586205
2001-02-08,-0.010331386100860386,1.7396351443637292
2001-02-09,-0.019788207995354717,1.7055492439873055
2001-02-12,0.01908235925774926,1.7384076583538746
2001-02-13,-0.011881740355397892,1.717874575866764
2001-02-14,-0.0039037088692470473,1.711181565929357
2001-02-15,0.003034592224731426,1.7163821911018486
2001-02-16,-0.010907489047102177,1.6977625027784624
2001-02-20,-0.013691024737749349,1.6746767885024503
2001-02-21,-0.022431057677253098,1.6375301931007775
2001-02-22,-0.0012130482004737097,1.6355449943611273
2001-02-23,-0.005583481172447598,1.6264384065675093
2001-02-26,0.018405203949712106,1.656650514292577
2001-02-27,-0.008028772435145142,1.6434028965259542
2001-02-28,-0.017714731357728428,1.6145467993176696
2001-03-01,0.0011296016670161503,1.6163716245424227
2001-03-02,-0.013882353310199056,1.5940876176776817
2001-03-05,0.0011109053845434554,1.5958594822002903
2001-03-06,0.0036218560671842388,1.6016499353122862
2001-03-07,0.00627687294235931,1.611734906383829
2001-03-08,0.0076759823491003324,1.624154159079701
2001-03-09,-0.027126195662229156,1.5806892199987965
2001-03-12,-0.041073579455383126,1.5170799287275936
2001-03-13,0.019451370906127006,1.546878081052647
2001-03-14,-0.030095673404192908,1.5010173103958653
2001-03-15,0.003544839262957607,1.5063476174513346
2001-03-16,-0.01825174498104688,1.4791035272836046
2001-03-19,0.012451257641173887,1.4976353592659677
2001-03-20,-0.02812298489724685,1.456104111233486
2001-03-21,-0.019958474610189902,1.4273305872560014
2001-03-22,0.007355505154484857,1.4378680313505907
2001-03-23,0.014139171086789486,1.458342699765629
2001-03-26,0.009494896015870728,1.4722554576270288
2001-03-27,0.03288596680166422,1.521476913360054
2001-03-28,-0.024913817289780614,1.4840394075493855
2001-03-29,-0.002868308447978347,1.4797888236865775
2001-03-30,0.011961238281470674,1.4975952113378015
2001-04-02,-0.0066214649846714395,1.487711694874692
2001-04-03,-0.03144517530344425,1.4416582144515957
2001-04-04,-0.00010498458561355438,1.4415068705058849
2001-04-05,0.03835565527183484,1.4978708397419698
2001-04-06,-0.011045202809404122,1.4814175845744562
2001-04-09,0.002159725348765647,1.484620497144727
2001-04-10,0.019371135966657974,1.5136596351487548
2001-04-11,-0.0029075269984873563,1.5092650207189908
2001-04-12,0.013574844113406904,1.5298927504427802
2001-04-16,-0.001923427164886927,1.5269529413279068
2001-04-17,0.013560554320409245,1.5478003010453738
2001-04-18,0.032929171514753046,1.5996165333547951
2001-04-19,0.01653030791271745,1.6262784448834007
2001-04-20,-0.007531154104194925,1.6140766955975598
2001-04-23,-0.0138434429281263,1.591886267325796
2001-04-24,-0.013512451963015506,1.5705206565904317
2001-04-25,0.020163337442326342,1.6025090067401233
2001-04-26,0.0036946703377349222,1.608440700311834
2001-04-27,0.013093305785687638,1.6296389811834862
2001-04-30,-0.0049091102041647254,1.6216585083691366
2001-05-01,0.020866864575175666,1.6558529616090112
2001-05-02,0.000863683839904407,1.6572837128226228
2001-05-03,-0.012846341347462419,1.6361298463479692
2001-05-04,0.01560034581205962,1.6618541702081284
2001-05-07,0.0034203910866080307,1.6675480935703733
2001-05-08,0.0007752976167890954,1.668841440932979
2001-05-09,-0.009645676955684787,1.6528217202336917
2001-05-10,-0.005527371294386649,1.643711162814651
2001-05-11,-0.008354616048723305,1.6300357929312146
2001-05-14,0.003959965317244346,1.6365034755847672
2001-05-15,-0.00013217065397276863,1.6362871921436473
2001-05-16,0.024626841622546608,1.6770840648777061
2001-05-17,-0.004945263908075113,1.6688109148962844
2001-05-18,0.00497912194318195,1.6771408486101393
2001-05-21,0.011376918121097732,1.6963304952589677
2001-05-22,-0.0056653966267056904,1.6867472821773435
2001-05-23,-0.013481870258912287,1.6641593798755272
2001-05-24,0.0075875953999009794,1.6768343734826487
2001-05-25,-0.013534822800585483,1.6542916176103013
2001-05-29,-0.005119242523093298,1.645844537389426
2001-05-30,-0.013862993761939708,1.6231856278812313
2001-05-31,0.0019202570836494974,1.6263055561547335
2001-06-01,0.007966954700778055,1.6393140089208311
2001-06-04,0.008280585727622025,1.6529448468806922
2001-06-05,0.014709907291479998,1.6774392256812134
2001-06-06,-0.008923132414747575,1.6625377959418364
2001-06-07,0.007013611736457497,1.6742391770450744
2001-06-08,-0.007745808189989248,1.6613209372079742
2001-06-11,-0.005734716739355213,1.6518209979855092
2001-06-12,0.0024926441455192633,1.6559435358009205
2001-06-13,-0.012324809253527559,1.6356596021558094
2001-06-14,-0.011009079744249741,1.617751253255509
2001-06-15,-0.010534914746263455,1.6007978399007612
2001-06-18,-0.0016855602738137317,1.5981018714024138
2001-06-19,0.0073292949470192235,1.6098578603021352
2001-06-20,0.008482611685852222,1.623571741935373
2001-06-21,0.00845460683399594,1.6373565933174732
2001-06-22,-0.011832060019223482,1.6180974541633166
2001-06-25,-0.006098690004281101,1.6082592100876947
2001-06-26,0.0008936488121841902,1.6096970713963084
2001-06-27,-0.0068374429394734565,1.5987284010821463
2001-06-28,0.016330037666121466,1.6250500277370357
2001-06-29,-0.008178761072869694,1.6118133354861706
2001-07-02,0.012982308061813747,1.6328748102140203
2001-07-03,-0.00018988880146014237,1.6325647750104124
2001-07-05,-0.01591248806518746,1.606792204189787
2001-07-06,-0.021353238983557968,1.5728457099054896
2001-07-09,0.011006814771992711,1.5902533569282338
2001-07-10,-0.015379112134864157,1.5659837729020234
2001-07-11,0.006615294327417181,1.5763775575395302
2001-07-12,0.022660574910467097,1.6125069900953994
2001-07-13,0.007014268831425453,1.6238573081713998
2001-07-16,-0.0015476953585915852,1.621346015611735
2001-07-17,0.011477134439860365,1.6400616171019904
2001-07-18,-0.003395268395023693,1.634502610228007
2001-07-19,0.008753215490690004,1.6488725636944932
2001-07-20,-0.005378493650695526,1.6400279198319059
2001-07-23,-0.019122783048178833,1.608963982810239
2001-07-24,-0.012899235375214452,1.5883428619602014
2001-07-25,0.020032977716415597,1.6204829551399287
2001-07-26,0.005834887105527543,1.6299659293769606
2001-07-27,-0.003800639904390393,1.623782773240849
2001-07-30,0.0005548531243449519,1.6246839841825718
2001-07-31,0.006200590003303643,1.6347892804762383
2001-08-01,0.00266224431267666,1.6391472874062292
2001-08-02,0.0028377184113775994,1.643805331826069
2001-08-03,-0.006338676460461721,1.6334187350785385
2001-08-06,-0.012139815674900774,1.613709209774091
2001-08-07,0.006728092571603712,1.6246030008442074
2001-08-08,-0.016404208860737193,1.5981700722944534
2001-08-09,0.002046886844769583,1.6014446958397457
2001-08-10,0.008039418817522221,1.6143712719194532
2001-08-13,0.00042446423785087603,1.6150566602421224
2001-08-14,-0.0008527570083810951,1.613679996419455
2001-08-15,-0.005581540977088168,1.604698264665209
2001-08-16,0.0048582672974969675,1.6125132861270464
2001-08-17,-0.02053709390455748,1.5797346899847158
2001-08-20,0.012321177516995173,1.5993192864112091
2001-08-21,-0.01733887509000702,1.571827912562978
2001-08-22,0.006851828357510988,1.5826347887781926
2001-08-23,-0.005003397775477209,1.5747360142302742
2001-08-24,0.023112626831405123,1.6115561662256712
2001-08-27,-0.007810792925339734,1.5990176662832274
2001-08-28,-0.018113695804810807,1.5703142935785772
2001-08-29,-0.01079124156563915,1.5534597569508795
2001-08-30,-0.018780677433473295,1.524556986681328
2001-08-31,-8.003557654181428e-06,1.524544784850417
2001-09-04,0.007168546510195395,1.5355128205155901
2001-09-05,0.0069196687815248235,1.5461749071540667
2001-09-06,-0.023765282081557156,1.5098628169104913
2001-09-07,-0.01772808658246986,1.4833317059382036
2001-09-10,0.012790108229700647,1.5024255247112202
2001-09-17,-0.032664942210809025,1.454141767980271
2001-09-18,0.003159478563006507,1.458743363216653
2001-09-19,-0.011907061876533032,1.4414770154631074
2001-09-20,-0.029158925976447005,1.400051983660646
2001-09-21,-0.02795998531677677,1.3614487386786802
2001-09-24,0.040200841145750656,1.4172951383239345
2001-09-25,0.012109122079505789,1.4345616684539069
2001-09-26,0.0005029612180349114,1.4352833788189665
2001-09-27,0.00924944552369525,1.4486205398293204
2001-09-28,0.016003100747553147,1.4719894490496408
2001-10-01,0.004558816887156675,1.478715298717707
2001-10-02,0.011341567290840099,1.4955817127719542
2001-10-03,0.014521137352742245,1.5174577080085463
2001-10-04,-0.005149915229712687,1.50966301767218
2001-10-05,0.009026068744002748,1.5233510213511374
2001-10-08,-0.002444289162105753,1.519632057922162
2001-10-09,-0.00729873064829468,1.5085810510666604
2001-10-10,0.022226947361102412,1.5424876265991756
2001-10-11,0.008225015306749836,1.5552269296008485
2001-10-12,-0.002245264400022188,1.551738951124114
2001-10-15,-0.0014727454611957284,1.5494553166458047
2001-10-16,0.005718992480050963,1.5583420272440545
2001-10-17,-0.012531338466345793,1.5389357630405394
2001-10-18,-0.00021606163213319727,1.5386032939860252
2001-10-19,0.006595817539484338,1.5487851826051764
2001-10-22,0.01291433385734271,1.5689164225132761
2001-10-23,-0.00881246123465662,1.555151149410801
2001-10-24,0.0031644550761135717,1.5600801500470614
2001-10-25,0.008381467748038277,1.5732108619600458
2001-10-26,0.00048468855077100513,1.5739735640743462
2001-10-29,-0.02316341304996552,1.5379339756036954
2001-10-30,-0.01280797686302234,1.51836176062403
2001-10-31,-0.0008200198409825454,1.5171171842129456
2001-11-01,0.025781161591359045,1.5567387782745419
2001-11-02,0.002914542396631542,1.5612825777759844
2001-11-05,0.010094065484910646,1.5771220743237002
2001-11-06,0.01618810384217744,1.6028604559624435
2001-11-07,-0.005254325094984826,1.5944605931750684
2001-11-08,0.0020030086956932245,1.5976575122676608
2001-11-09,0.0027548785794260914,1.6020649328923442
2001-11-12,-0.00217227530218119,1.5985885839665985
2001-11-13,0.01314423785259649,1.6197395144518645
2001-11-14,0.0032631218836832545,1.6250335547591668
2001-11-15,0.0034531358139143985,1.6306547160569866
2001-11-16,-0.0042693029992708085,1.6237077967903382
2001-11-19,0.007780665292796658,1.6363906000306023
2001-11-20,-0.006386897758756291,1.6259724458328217
2001-11-21,-0.003325065975290769,1.6205749586498275
2001-11-23,0.007735537786345128,1.6331595891667445
2001-11-26,0.001702600076910003,1.6359425752927748
2001-11-27,-0.011815536702867415,1.616726781761762
2001-11-28,-0.01413624220148838,1.5940331198629345
2001-11-29,0.009648381601143053,1.6094873941681862
2001-11-30,0.0011270461426699588,1.611302383323601
2001-12-03,-0.004778590426043735,1.603620996897991
2001-12-04,0.008095913332194131,1.6166564693346404
2001-12-05,0.018991302994174664,1.647652275960722
2001-12-06,-0.005136099012092616,1.6392114657078523
2001-12-07,-0.003261023647481741,1.6338746648013514
2001-12-10,-0.012120329704323406,1.6141910918285856
2001-12-11,-0.004661587058200595,1.6066839108088924
2001-12-12,0.00214481519188492,1.6101336490724039
2001-12-13,-0.01321936883693768,1.5889887674078795
2001-12-14,0.00819442989849608,1.6020631197433637
2001-12-17,0.01186950749916037,1.6211921212886793
2001-12-18,0.006856462123464698,1.632345957896152
2001-12-19,0.008007005669985065,1.6454686277723267
2001-12-20,-0.008389596788422313,1.631721556283316
2001-12-21,0.0038771717922420883,1.6380603013353119
2001-12-24,-0.0031677727596724995,1.6328795086533507
2001-12-26,0.0036002599904449194,1.6387688947166243
2001-12-27,0.004532558187821601,1.6462135690527986
2001-12-28,-0.0026975117156955307,1.6417788726755727
2001-12-31,-0.014329813141450612,1.6184202502682121
2002-01-02,0.011232027053968608,1.6337968407988677
2002-01-03,0.009916779000679714,1.650079445055942
2002-01-04,0.002359935094187525,1.6539781239516933
2002-01-07,-0.010937264057680514,1.6359866963116487
2002-01-08,-0.0008353797685411001,1.6346205968093361
2002-01-09,-0.00675029073950996,1.6236235907838723
2002-01-10,0.0030079959350433963,1.6285147966206432
2002-01-11,-0.008746469248644372,1.6143331520986166
2002-01-14,-0.0029439020395920306,1.6095877019370037
2002-01-15,0.006825362564099135,1.6206112988091295
2002-01-16,-0.01416321773408975,1.5978200081149785
2002-01-17,0.010272212798840696,1.614317744313468
2002-01-18,-0.01187912517217594,1.5952545131883913
2002-01-22,-0.006226853745377292,1.5853519595213488
2002-01-23,0.004617577820311978,1.5926893730686784
2002-01-24,-0.0030332822167130425,1.5878656163229137
2002-01-25,-0.0010792836783574458,1.586152783362387
2002-01-28,0.002051939086274908,1.5894108137521736
2002-01-29,-0.028559041951408695,1.5446608137453475
2002-01-30,0.011274665262372079,1.5621748945340692
2002-01-31,0.016017398109170692,1.5873983394466689
2002-02-01,-0.005517363879411116,1.578664202049997
2002-02-04,-0.022673070960707784,1.5432737576807358
2002-02-05,0.0027244283228933246,1.5474840291032632
2002-02-06,-0.005171296210451589,1.539502186830905
2002-02-07,-0.008212420321055834,1.526910920938279
2002-02-08,0.011620317653476361,1.5447576020982348
2002-02-11,0.01188189768628492,1.5632217310930825
2002-02-12,-0.0021356904781861664,1.559886735853107
2002-02-13,0.01212910954308892,1.5789219798629066
2002-02-14,-7.706642964439276e-05,1.578800302671905
2002-02-15,-0.012159244375409037,1.559719522989377
2002-02-19,-0.014451948488966661,1.5373406355511183
2002-02-20,0.014274793056006842,1.5594432346756966
2002-02-21,-0.020314881711235817,1.5280829485895107
2002-02-22,0.012017041312584699,1.546556762488867
2002-02-25,0.014384715154392597,1.5689643177576242
2002-02-26,-0.0023516808450007197,1.5652789495284638
2002-02-27,0.00171031178868856,1.5679583552248608
2002-02-28,-0.0025830844304483846,1.5639134128727912
2002-03-01,0.02592663262396334,1.6049906172282942
2002-03-04,0.012936723370129237,1.6258888225481865
2002-03-05,-0.009021601524815624,1.6112866679158737
2002-03-06,0.013587853906672576,1.6333300175144194
2002-03-07,-0.0039061056375925512,1.626962502114971
2002-03-08,0.0037085002052243683,1.6330072945170675
2002-03-11,0.0004094027121277497,1.6336759890056958
2002-03-12,0.002108152401464797,1.6371236597959862
2002-03-13,-0.007033864341270422,1.6256487578252552
2002-03-14,0.0006206634298253573,1.6266580517424902
2002-03-15,0.0091146376851223,1.6415522249047187
2002-03-18,-0.005318188486272295,1.632845313781407
2002-03-19,0.004993170332036323,1.641018777325268
2002-03-20,-0.01978803606124739,1.6088654137161442
2002-03-21,0.0012273943999270434,1.6108413384866143
2002-03-22,-0.0032662095643001673,1.6055885760814421
2002-03-25,-0.011396813692658702,1.5873938600454207
2002-03-26,0.007163466770537506,1.5988059294023587
2002-03-27,0.0017050108518261522,1.6015342360972682
2002-03-28,0.0006460899967897559,1.6025693056847743
2002-04-01,-0.0017645909782051572,1.5997439199042796
2002-04-02,-0.009100257115855586,1.585251879572867
2002-04-03,-0.006462615153614326,1.575040039890351
2002-04-04,-0.0033613096378926352,1.569754730381392
2002-04-05,-0.00774758544664576,1.5576399123706897
2002-04-08,-0.0008252638311486737,1.5563549787665973
2002-04-09,-0.01380805517481981,1.535012431980645
2002-04-10,0.013171876636548457,1.5553651740108287
2002-04-11,-0.027189997346562404,1.513644561026411
2002-04-12,0.007390809536818445,1.52487306242887
2002-04-15,-0.011781696323308654,1.5070128892387897
2002-04-16,0.023061611084914856,1.5421708761183093
2002-04-17,-0.0036954058235996227,1.5364824458842665
2002-04-18,-0.00016690750267622502,1.5362260168368793
2002-04-19,-0.0011132521944197515,1.5345167614451964
2002-04-22,-0.01648465208235471,1.509428143226547
2002-04-23,-0.008993746169703666,1.4959135939541894
2002-04-24,-0.0044375968920832695,1.4892900396402482
2002-04-25,0.0019537002194510247,1.4922025100381526
2002-04-26,-0.013985390951145753,1.4714787274390941
2002-04-29,-0.0069557151908900975,1.4612790546344345
2002-04-30,0.010008387158612757,1.4759775324958664
2002-05-01,0.013003801083460052,1.4952961864694332
2002-05-02,0.0014722492917641627,1.4974992565571958
2002-05-03,-0.015181642318074649,1.4749364619697887
2002-05-06,-0.019739554337533428,1.446107346578546
2002-05-07,-0.002654715710905134,1.4422734339116536
2002-05-08,0.042374678378203245,1.5047026750285097
2002-05-09,-0.014801623439528315,1.4825946535806658
2002-05-10,-0.013483626324669946,1.4627380714871883
2002-05-13,0.021038518669618533,1.4938379139133577
2002-05-14,0.021195398753444308,1.5258383370426707
2002-05-15,-0.007905113821916906,1.5138239613836675
2002-05-16,0.014239130519253893,1.5355336954132335
2002-05-17,0.01014470254116743,1.5511905105849526
2002-05-20,-0.01564366283400071,1.5271130302645526
2002-05-21,-0.014608927508226125,1.5049657148611766
2002-05-22,0.009086182270738163,1.5187024202551973
2002-05-23,0.006953084346607937,1.529298882638191
2002-05-24,-0.013656849124030805,1.5085554459282302
2002-05-28,-0.011933423902390152,1.4906602024411302
2002-05-29,-0.007040671707240667,1.4802018135727455
2002-05-30,-0.0025540248962779098,1.476426164892123
2002-05-31,0.0021232916487980147,1.479564378730705
2002-06-03,-0.024904930758616942,1.443170998710533
2002-06-04,0.004964714629396085,1.4503537462729108
2002-06-05,0.008670156958111616,1.4629832115061339
2002-06-06,-0.02461699359443639,1.4274086292786365
2002-06-07,-0.00316143425079933,1.42290309647362
2002-06-10,0.0031534013074253427,1.427397163032
2002-06-11,-0.01762276314646948,1.4024628321167565
2002-06-12,0.017358352507533627,1.4270197939285088
2002-06-13,-0.008922844326282285,1.4143433574962443
2002-06-14,0.0006011575006375384,1.4151938562303132
2002-06-17,0.026421185301905844,1.453083293134463
2002-06-18,-0.0020877400936937704,1.4500527974283457
2002-06-19,-0.019549245967622062,1.4219806473380237
2002-06-20,-0.011046020360850398,1.4063598527921448
2002-06-21,-0.01911250643441282,1.3797360255333513
2002-06-24,0.008243869037718943,1.3911574021165625
2002-06-25,-0.020512559787622967,1.3629118870271453
2002-06-26,0.00519106091758367,1.3700052407448546
2002-06-27,0.019638994387367895,1.3971767027655215
2002-06-28,-0.007356079316761331,1.3869366695443366
2002-07-01,-0.02098178875473276,1.3581394226595414
2002-07-02,-0.016781372942642824,1.3355381491013965
2002-07-03,0.010444621791266531,1.349560441251411
2002-07-05,0.03520000794235078,1.3979109565117032
2002-07-08,-0.009318430463451582,1.3849451248913895
2002-07-09,-0.025754957884894354,1.3497313328654523
2002-07-10,-0.030882490441443335,1.308685331428854
2002-07-11,0.005266449369790719,1.3155956368829962
2002-07-12,-0.013109764473027634,1.2984610485540042
2002-07-15,-0.003933588900228467,1.2933634690500646
2002-07-16,-0.01805856001931638,1.2702168138775636
2002-07-17,0.007322974075605629,1.279552720255644
2002-07-18,-0.028643060600412516,1.2434223268279918
2002-07-19,-0.04439645897657904,1.189426264259748
2002-07-22,-0.03695714592476012,1.1462708269482271
2002-07-23,-0.02874559099121146,1.1137896761213855
2002-07-24,0.055246351590351524,1.1770539624298388
2002-07-25,-0.0055253737605068754,1.170568233888911
2002-07-26,0.022201232447445752,1.1968469215954958
2002-07-29,0.05352162511309248,1.2626493326520671
2002-07-30,-0.0012152555222401957,1.2611158230696329
2002-07-31,0.021609654495617515,1.2886646889728108
2002-08-01,-0.035838329624033216,1.2432988721207958
2002-08-02,-0.014089679904385645,1.2259040206979357
2002-08-05,-0.035618447528710115,1.1830077077210996
2002-08-06,0.02638060836047449,1.2146314637176017
2002-08-07,0.02547141142709895,1.2459672303814613
2002-08-08,0.032726401329239534,1.2874178188437875
2002-08-09,0.00554469864420989,1.2945759892884077
2002-08-12,-0.005195143234947603,1.2878679213696482
2002-08-13,-0.02035989619484291,1.2619121887913218
2002-08-14,0.044439881709434866,1.3192561597436883
2002-08-15,0.005936981019402348,1.3271118550060355
2002-08-16,-0.0018197045458412785,1.3246990994475547
2002-08-19,0.023793459239430742,1.3565962403257237
2002-08-20,-0.016723267784519717,1.334098163137664
2002-08-21,0.015786775146867993,1.355326392628709
2002-08-22,0.011978180964142854,1.3716583557589885
2002-08-23,-0.020447478035423402,1.3438962019441578
2002-08-26,0.007810124986779666,1.3544332936905836
2002-08-27,-0.014459144086128254,1.334990251158902
2002-08-28,-0.01911331008874717,1.3097164707347644
2002-08-29,-0.0027076552914158235,1.3061750066981004
2002-08-30,-0.003063405989348134,1.302179784976934
2002-09-03,-0.046817793033419264,1.2426197155865741
2002-09-04,0.020589541911910692,1.2684698947608732
2002-09-05,-0.017334224160259072,1.246671428834274
2002-09-06,0.017364039613374255,1.2685077153293645
2002-09-09,0.006975639131765506,1.2773873017763548
2002-09-10,0.011679330226164781,1.2923937921972577
2002-09-11,0.0004287204977074195,1.2929479866958646
2002-09-12,-0.026716090023199503,1.2588628105375745
2002-09-13,0.005315713194070806,1.265572381467186
2002-09-16,0.0078123957271388385,1.2754982556769696
2002-09-17,-0.019564719985665103,1.250786021701898
2002-09-18,-0.004734175817437495,1.2448785752435947
2002-09-19,-0.029277561628533132,1.2089599367907478
2002-09-20,-0.0003250792161585008,1.2085669929145328
2002-09-23,-0.011468046255363696,1.1947862608057083
2002-09-24,-0.01580205333918663,1.176054573922356
2002-09-25,0.02430963954412581,1.2049943695274559
2002-09-26,0.016664814010964535,1.2252436330586125
2002-09-27,-0.03683872855344488,1.1809284838555754
2002-09-30,-0.015809994725647574,1.1624048260603794
2002-10-01,0.04289297125791693,1.2133485769599708
2002-10-02,-0.018946576453296202,1.190576186023312
2002-10-03,-0.004084919335036388,1.1857226981434348
2002-10-04,-0.017069726618949153,1.16565450242701
2002-10-07,-0.01584601494355815,1.1473290995183267
2002-10-08,0.01787374330890563,1.168020531146854
2002-10-09,-0.021050703521542,1.1436898645316582
2002-10-10,0.02810338955672272,1.1762873305398782
2002-10-11,0.03785303541203508,1.2216668341143517
2002-10-14,0.009051822110485304,1.232775345260104
2002-10-15,0.0468360997482479,1.2918872136252177
2002-10-16,-0.02760662625240289,1.2567103573906124
2002-10-17,0.022849032884921083,1.2857555371634872
2002-10-18,0.008717515454581928,1.2970131287504745
2002-10-21,0.009006034803641374,1.3087468318895636
2002-10-22,-0.005609259652650169,1.3014262817176159
2002-10-23,0.0021511930935758728,1.3042289143678496
2002-10-24,-0.012548267454946731,1.287965354281872
2002-10-25,0.014351375248670544,1.3065827011160427
2002-10-28,-0.005728035608675365,1.2991199427558415
2002-10-29,-0.008703086285012734,1.2878626474612858
2002-10-30,0.01173702328466021,1.3030673759209797
2002-10-31,-0.004579977858550315,1.2971130020496482
2002-11-01,0.013567326065376927,1.314831280133902
2002-11-04,0.00447386627069347,1.3207268375840264
2002-11-05,0.014735252812412713,1.3403321714705125
2002-11-06,0.0038419695664122467,1.3454915917035442
2002-11-07,-0.020733919614707698,1.317881499033833
2002-11-08,-0.00035013552163871785,1.3174201426810477
2002-11-11,-0.018898135987067098,1.292757134124271
2002-11-12,0.007452925796899813,1.3024279502913185
2002-11-13,-0.005083336109608999,1.2958240703526336
2002-11-14,0.019262773726567574,1.3210271979753363
2002-11-15,0.007269249200478416,1.3306650614534385
2002-11-18,-0.008343818386759664,1.3196084252753868
2002-11-19,-0.005108977585107572,1.312883768097978
2002-11-20,0.019674293215525374,1.3389695970010393
2002-11-21,0.017162616064808008,1.3621481514880642
2002-11-22,-0.007740164826378481,1.3516455984574536
2002-11-25,0.00602266035063233,1.3598106638386018
2002-11-26,-0.021751650763230747,1.3305519039393843
2002-11-27,0.026056765975458276,1.3656774248931558
2002-11-29,-0.004452509083132638,1.3596102508513463
2002-12-02,-0.005135434160282628,1.3526459595597355
2002-12-03,-0.011481556973881927,1.3372042947210976
2002-12-04,-0.00042434763537303337,1.3366369756193948
2002-12-05,-0.012522672283645876,1.3200030766175643
2002-12-06,0.004634380184808719,1.3261346698124692
2002-12-09,-0.01802711652243383,1.3024424781596202
2002-12-10,0.014791555475051099,1.3218508142066605
2002-12-11,-0.0001516070752641975,1.321650427461191
2002-12-12,-0.008214624677470922,1.3108380359156508
2002-12-13,-0.01167487394312885,1.2956231558088178
2002-12-16,0.022847199325608244,1.3255652604605181
2002-12-17,-0.012226676433558053,1.3094566807992647
2002-12-18,-0.012352662535006352,1.293380898090673
2002-12-19,-0.008897390047827067,1.2819242265766386
2002-12-20,0.014341594019238957,1.3004415298329188
2002-12-23,0.0008445589099864448,1.3015402932337552
2002-12-24,-0.005136638516439764,1.2948718924770877
2002-12-26,-0.006465425491895344,1.2865270004427916
2002-12-27,-0.015075610183468261,1.267277286067264
2002-12-30,0.003989117862327568,1.2723427010771986
2002-12-31,-0.0007394971120820562,1.2714021551325403
2003-01-02,0.031838216239712704,1.309917902756134
2003-01-03,0.0020390135815846516,1.3125915680442015
2003-01-06,0.02091772381680028,1.340337171716787
2003-01-07,-0.006150342490718744,1.3321189374411355
2003-01-08,-0.013441032781244124,1.3143336770269067
2003-01-09,0.016937806186927664,1.3367852092075894
2003-01-10,0.0005442941075287352,1.3375130115712937
2003-01-13,0.0007778962681947568,1.3385538627362885
2003-01-14,0.008451839037509705,1.349915048352455
2003-01-15,-0.01459473071712933,1.3303564749601788
2003-01-16,-0.004965982802973066,1.323766324414138
2003-01-17,-0.017369631285604283,1.30097153311475
2003-01-21,-0.0117573884468016,1.285765074733891
2003-01-22,-0.008981521309692157,1.2742686532754774
2003-01-23,0.006814153554265133,1.2829813667190562
2003-01-24,-0.03237380511333285,1.2421115039297748
2003-01-27,-0.013962147190818792,1.2248894683555935
2003-01-28,0.013367340799597694,1.2413729077512679
2003-01-29,0.009127819691315169,1.2527558073179113
2003-01-30,-0.024117273564531302,1.222904169759958
2003-01-31,0.013267690708930618,1.2392373965553714
2003-02-03,0.008861465181891421,1.2502676555453558
2003-02-04,-0.014402890585865859,1.2323892467442725
2003-02-05,-0.007049894622809847,1.2237315860759836
2003-02-06,-0.004791471048107319,1.2178821365357684
2003-02-07,-0.014717626007064442,1.2000890598302847
2003-02-10,0.00908154077849186,1.2110373560180365
2003-02-11,-0.007059313957137436,1.2025183675928772
2003-02-12,-0.010713038859688544,1.189704501864969
2003-02-13,0.004728388174654744,1.1953432070506997
2003-02-14,0.018784743840461554,1.2180096481260216
2003-02-18,0.018915139893059367,1.241267742626148
2003-02-19,-0.00390368807366744,1.2364316659517731
2003-02-20,-0.012128125815792411,1.2215266348902352
2003-02-21,0.013408787391805472,1.2380161308428197
2003-02-24,-0.016774597059799407,1.2174221201154574
2003-02-25,0.004891286392541556,1.2233914673578032
2003-02-26,-0.015294202145545811,1.2048230276361653
2003-02-27,0.010723666591290962,1.217812671912593
2003-02-28,0.0029437090158670647,1.221402839666606
2003-03-03,-0.007957966823347895,1.2117215292565664
2003-03-04,-0.012057249892794634,1.1971992254349257
2003-03-05,0.01342194374822094,1.213376287044106
2003-03-06,-0.008362130888981653,1.20327218052248
2003-03-07,0.00854204727119074,1.2135946129555444
2003-03-10,-0.023748602295042675,1.1851129753028755
2003-03-11,-0.005847416866928974,1.1782033471280262
2003-03-12,0.006069763703198204,1.1853765107206031
2003-03-13,0.03424263443876493,1.2266698874232984
2003-03-14,0.0014309919180716007,1.2284264986668327
2003-03-17,0.031016321601213395,1.2671248073019303
2003-03-18,0.004655140310524513,1.2730372019071376
2003-03-19,0.011604792649485796,1.287896587956767
2003-03-20,3.2726819450482513e-07,1.287897009444427
2003-03-21,0.023440076336741028,1.3184420036238214
2003-03-24,-0.03460337214512691,1.2735997847071396
2003-03-25,0.011463046895552352,1.2882831158381811
2003-03-26,-0.007380700756160411,1.2788096869480305
2003-03-27,-0.0015141251643341438,1.276874874164632
2003-03-28,-0.005269135850217206,1.2701645413419014
2003-03-31,-0.017543097470111818,1.248076236124738
2003-04-01,0.013708199008202542,1.265302917171564
2003-04-02,0.026195912516866433,1.2988866393415934
2003-04-03,-0.007418157738729655,1.2892869434173506
2003-04-04,0.005474857391361644,1.296364963464548
2003-04-07,-0.004368750224801808,1.2907138219400176
2003-04-08,0.001006405554200025,1.2920134573697635
2003-04-09,-0.014965584620355932,1.2728216868705915
2003-04-10,0.0042454986915382974,1.2782369367611046
2003-04-11,-0.0038402685583505494,1.2733375770923583
2003-04-14,0.015039535749029895,1.2926327143649332
2003-04-15,0.00539517729259142,1.2996255438483266
2003-04-16,-0.011369914652286659,1.284932599382598
2003-04-17,0.015860252879158855,1.305474424005922
2003-04-21,-0.0015565101259582626,1.3034440204275675
2003-04-22,0.02119408861757823,1.3313641542890262
2003-04-23,0.006552499700450768,1.3401165612677046
2003-04-24,-0.007877154022374155,1.3296017245707779
2003-04-25,-0.012882866743839495,1.3125825062782732
2003-04-28,0.018812533399892625,1.3375092408810616
2003-04-29,0.0014025405651866118,1.3393864679835623
2003-04-30,-0.002232819983923607,1.3363991953737255
2003-05-01,0.0022938687044733617,1.3394682383097158
2003-05-02,0.012007981601463841,1.3556495060204274
2003-05-05,-0.00498426684459837,1.348909398335959
2003-05-06,0.007861474744542412,1.3595556081279607
2003-05-07,-0.0037416156131706607,1.354478178456217
2003-05-08,-0.009981858772526326,1.3410252230204052
2003-05-09,0.01446451770518366,1.3605634711177803
2003-05-12,0.009578091531472304,1.3736576812451844
2003-05-13,-0.005312273869789495,1.3663797836470237
2003-05-14,-0.00421272445980079,1.3606357097064976
2003-05-15,0.007048556382262974,1.3702601064268571
2003-05-16,-0.006168424574487065,1.3618337756240286
2003-05-19,-0.02462429785035127,1.3287090849972751
2003-05-20,-0.0040831301449002965,1.3232948539057583
2003-05-21,0.0007072873539858438,1.3242311346922688
2003-05-22,0.003486691935572961,1.328856379426427
2003-05-23,-0.001110580061279587,1.3273813972216477
2003-05-27,0.021035583887101906,1.3555993904136157
2003-05-28,-0.001746697343532702,1.3532336352900642
2003-05-29,-0.0008175974314184728,1.3521276871175418
2003-05-30,0.009817934328159817,1.3654681687800967
2003-06-02,0.0013029187190634086,1.3672484223284758
2003-06-03,0.009385936343040913,1.380141742271887
2003-06-04,0.01326755756783357,1.398574863140604
2003-06-05,0.002217539470454786,1.4016796993781262
2003-06-06,-0.0022775407878483514,1.398490949323837
2003-06-09,-0.005061035167897453,1.391431017797654
2003-06-10,0.009013205502913934,1.4040289601400946
2003-06-11,0.013259095527466744,1.4227690782061695
2003-06-12,0.0026546102288937876,1.42655099308858
2003-06-13,-0.00849060922879998,1.4144899811876748
2003-06-16,0.0222798899406673,1.446358355971845
2003-06-17,0.00219847279434699,1.4495416333605535
2003-06-18,0.0015933927316013534,1.4518531635619527
2003-06-19,-0.014799457897344511,1.4305247376502666
2003-06-20,0.0011841585057821467,1.4322197090454223
2003-06-23,-0.012076926722885408,1.4150269235401292
2003-06-24,0.0009550508098322133,1.4163789916935121
2003-06-25,-0.009849845054053008,1.4024963612073778
2003-06-26,0.011319339844280529,1.4184618832671327
2003-06-27,-0.011807902210680902,1.401811321622185
2003-06-30,-0.0031373160176266504,1.397420288140661
2003-07-01,0.011342583959648609,1.4133608779231666
2003-07-02,0.011720507645703773,1.430023642179966
2003-07-03,-0.009187371567353851,1.416945651797888
2003-07-07,0.01691509636531474,1.4411172804258097
2003-07-08,0.0005720095086035928,1.4419418490212819
2003-07-09,-0.005466341889681216,1.434081205944335
2003-07-10,-0.008922404769237184,1.421342666663505
2003-07-11,0.011830101305320216,1.4382571471420056
2003-07-14,0.00469370720969268,1.4450237729401922
2003-07-15,-0.003367045272688666,1.4401664944038688
2003-07-16,-0.0020892485537137733,1.4371607695847664
2003-07-17,-0.010746268961291355,1.4217993402705225
2003-07-18,0.01105164649531958,1.4375997132149347
2003-07-21,-0.015327777636464363,1.4157325203384168
2003-07-22,0.007970767441780947,1.4270620877076459
2003-07-23,0.0020828464196637623,1.4300375364934044
2003-07-24,-0.010218792528524666,1.4154986908401197
2003-07-25,0.019395102128768636,1.4432203961643977
2003-07-28,-0.005193509123705063,1.4357444478759895
2003-07-29,-0.008726749847825453,1.4232695769427388
2003-07-30,0.001951912005915577,1.4260503869829817
2003-07-31,0.0022424006174723045,1.4292517512804699
2003-08-01,-0.01382138297629422,1.409633404109062
2003-08-04,0.005460117917610141,1.4173512196333262
2003-08-05,-0.015656192866940893,1.3953337005769861
2003-08-06,0.00042255744171164046,1.3959234338051432
2003-08-07,0.007840011009027545,1.4069105019843473
2003-08-08,0.0013347559478882525,1.4087896379599927
2003-08-11,0.0013833282659124187,1.4107398050365412
2003-08-12,0.007067759497011384,1.420745893351261
2003-08-13,-0.008865525659527121,1.4082059031149559
2003-08-14,0.005456175123001635,1.4159103203431371
2003-08-15,0.00052018950773961,1.4166470536395321
2003-08-18,0.007318834857182829,1.4270532938015383
2003-08-19,0.00014404646317599517,1.4272588705872231
2003-08-20,-0.002820033484290322,1.4232396226519148
2003-08-21,-0.0008369152190084422,1.4220489900501898
2003-08-22,-0.007586721612854636,1.4113011223353868
2003-08-25,0.0030493911382509717,1.415611299839832
2003-08-26,0.005491793265304292,1.4234069308466368
2003-08-27,-0.0015287946194358836,1.421232496544731
2003-08-28,0.0048341386252706234,1.4281195645605966
2003-08-29,0.0020339037764103523,1.4310271782369977
2003-09-02,0.013553258474091737,1.4505542885420495
2003-09-03,0.0041881996119917594,1.4566422393279865
2003-09-04,0.00355989047718688,1.4618369670092541
2003-09-05,-0.005868756128429179,1.453282927687418
2003-09-08,0.012456863443208163,1.4714994997773487
2003-09-09,-0.006027242464999755,1.462657089947723
2003-09-10,-0.005767152728544297,1.4542460004521325
2003-09-11,0.0030910888842953397,1.458748158800194
2003-09-12,0.0026357994246347027,1.4625981980945326
2003-09-15,-0.00568904389392871,1.454301036582686
2003-09-16,0.013860262695790286,1.4745983692326916
2003-09-17,-0.004800095452402922,1.4675371172064247
2003-09-18,0.01290130981291599,1.4865929263568853
2003-09-19,-0.004345439174200552,1.480147042459851
2003-09-22,-0.012910208913872281,1.461160856439542
2003-09-23,0.005575905525620452,1.4693309078825538
2003-09-24,-0.018222156423536556,1.4427989986902472
2003-09-25,-0.0037344215797257005,1.4374210270310963
2003-09-26,-0.003952332738783152,1.4317510729998482
2003-09-29,0.011426521859392426,1.4482048335359754
2003-09-30,-0.012925319493673844,1.4296067752143917
2003-10-01,0.02515315986033537,1.4660219615563128
2003-10-02,0.0019312637400964341,1.4688559723431345
2003-10-03,0.007393453773149384,1.4797561363503504
2003-10-06,0.0032226753734574064,1.484532602375519
2003-10-07,0.0042353803778047636,1.4908334965525933
2003-10-08,-0.005259645331362518,1.4830128261181394
2003-10-09,0.0005189223108501142,1.4837825942685492
2003-10-10,0.0005751393197333759,1.4846362214341922
2003-10-13,0.005549733763673683,1.4928984626123787
2003-10-14,0.005683677533505892,1.501407775251478
2003-10-15,-0.0014741442072080488,1.4991961142310883
2003-10-16,0.0021119284095148963,1.502365654839519
2003-10-17,-0.008915034401311311,1.48903153870906
2003-10-20,0.006977437498508306,1.4994574941312526
2003-10-21,-0.00047848869525421363,1.498740192295392
2003-10-22,-0.015523894441472834,1.4756535685477972
2003-10-23,0.005352454503092563,1.4835731127286416
2003-10-24,-0.006391778263130228,1.474120683452356
2003-10-27,-0.006016794599366365,1.4652778315743165
2003-10-28,0.014435813168138243,1.4865837225228316
2003-10-29,-0.001790228858732125,1.4839247782114116
2003-10-30,-0.0030641440952394457,1.4793847780240221
2003-10-31,0.007517625871192528,1.49054814774878
2003-11-03,0.007736046685443675,1.5021238150277811
2003-11-04,-0.007715825106913463,1.4905782892899566
2003-11-05,-0.0008334889943973298,1.4893364263020064
2003-11-06,0.007943731228946373,1.5012144299550334
2003-11-07,-0.009146492279900602,1.4875461872873805
2003-11-10,-0.002087547549021954,1.4844441028909272
2003-11-11,0.001447505571976396,1.4865943999091522
2003-11-12,0.010928740948784623,1.5029301067650513
2003-11-13,-0.0004959587637669421,1.502184900218406
2003-11-14,-0.004712977343578799,1.4951217940214474
2003-11-17,-0.004926030747992554,1.4877748884899056
2003-11-18,-0.0047677978717539805,1.4806983616728977
2003-11-19,0.010294963889341691,1.4960208346596189
2003-11-20,-0.011119888635772337,1.4794774006220857
2003-11-21,-0.0021196670007519653,1.476344722487785
2003-11-24,0.013779375367479576,1.4968286342375472
2003-11-25,-0.001421299328340721,1.494702703854658
2003-11-26,0.0014205097381911134,1.4968274523568685
2003-11-28,-0.0009308573458975868,1.4954347678231783
2003-12-01,0.010831225379982481,1.5117201951909482
2003-12-02,-0.004642505029160872,1.5047182923425946
2003-12-03,-0.0015340757305167332,1.5024117102172336
2003-12-04,0.00835892288013378,1.515022888339654
2003-12-05,-0.007053361783385908,1.5043744814774975
2003-12-08,0.0074499509970768355,1.515623849235092
2003-12-09,-0.008974112309240247,1.5020833185882854
2003-12-10,0.004525984555588326,1.50889713246613
2003-12-11,0.007324345370576491,1.5199893883616251
2003-12-12,0.0023835262802585707,1.5236166441269572
2003-12-15,-0.0027765592496926048,1.5193920998035457
2003-12-16,0.010065566251892427,1.5347628696229916
2003-12-17,-0.0014716845696888167,1.5325058440118846
2003-12-18,0.010878366696623646,1.5492680117504145
2003-12-19,-0.0021561819179605718,1.545931106857206
2003-12-22,0.00026385112371948746,1.5463390563335402
2003-12-23,0.001043555433120428,1.5479535891379435
2003-12-24,-0.0019002160375282628,1.545014935824837
2003-12-26,0.0019310282282466568,1.5480012857139693
2003-12-29,0.012852371867666407,1.5680251754945778
2003-12-30,-8.9303939465689e-05,1.5678851509216907
2003-12-31,0.002760405650552287,1.572219128968439
2004-01-02,-0.0026934171303788974,1.565393359682266
2004-01-05,0.013544017901490858,1.5867393039864814
2004-01-06,0.0007741562417576895,1.5879681637260505
2004-01-07,0.002606572966657407,1.5921127178082612
2004-01-08,0.004056852241443681,1.5985848031265582
2004-01-09,-0.00994627884988094,1.58276364416887
2004-01-12,0.003394035404411248,1.5881447266406024
2004-01-13,-0.007051287449144348,1.5769856508241822
2004-01-14,0.006177228787026036,1.5867572014631215
2004-01-15,-0.0023323551087844727,1.583060632729115
2004-01-16,0.007438256722470833,1.5948797464299493
2004-01-20,0.001101081678142367,1.5966368064533645
2004-01-21,0.00898449207704534,1.6110464117533898
2004-01-22,-0.0019630634999934803,1.6078869274944154
2004-01-23,-0.0019837550029283687,1.6047004354126388
2004-01-26,0.014995132655183416,1.6289444481282906
2004-01-27,-0.010018717877143835,1.6127059933408772
2004-01-28,-0.011693716325686868,1.593957301525344
2004-01-29,0.008597387033141531,1.6077202472725318
2004-01-30,-0.00625059468194406,1.5977023810719015
2004-02-02,0.004744629293313243,1.605300898410606
2004-02-03,0.0019222566008785234,1.6083896664102089
2004-02-04,-0.006084127935190122,1.5986337261986223
2004-02-05,0.0008741265302546261,1.6000317452846202
2004-02-06,0.010377195465402639,1.616722036889583
2004-02-09,-0.0031137971472281517,1.6116957219469699
2004-02-10,0.0029449317476949784,1.6164490515264294
2004-02-11,0.007485931114607838,1.628595083233698
2004-02-12,-0.0056238033374768955,1.619461890480556
2004-02-13,-0.003928555582221541,1.6131122251036816
2004-02-17,0.009063734828109475,1.6277995068253155
2004-02-18,-0.007458303854541932,1.6157040453712896
2004-02-19,-0.005530186393265558,1.60679356187041
2004-02-20,-0.001425851525966751,1.6045041453901696
2004-02-23,2.3730127942161604e-05,1.6045422209305904
2004-02-24,0.002945360167683971,1.6092751423330092
2004-02-25,0.002429947119439603,1.613190350777756
2004-02-26,0.0001734466980864263,1.6134701775842997
2004-02-27,-0.002349002379821025,1.6096845802266695
2004-03-01,0.007105401661821348,1.6211627659868069
2004-03-02,-0.0071141077978967866,1.6096705661546797
2004-03-03,0.001058630563363195,1.6113755149091595
2004-03-04,0.0030047968872895826,1.6162246527292345
2004-03-05,0.0009708249313074244,1.6177944858099467
2004-03-08,-0.006481379015119319,1.6073428536613763
2004-03-09,-0.003420380175554581,1.601854521471369
2004-03-10,-0.012623182606229983,1.5817611075689317
2004-03-11,-0.015686270454060118,1.5571427648282343
2004-03-12,0.010022769227547237,1.572828121462348
2004-03-15,-0.011738686956958937,1.554473127045276
2004-03-16,0.006697245500774928,1.5649187546244092
2004-03-17,0.00878901401018517,1.578733467407325
2004-03-18,0.0005963198323713392,1.5796751782364844
2004-03-19,-0.013874409701290322,1.5579094600205639
2004-03-22,-0.011672044985532332,1.5398311812048053
2004-03-23,-0.0013707178711794801,1.537721952994776
2004-03-24,-0.0013125068496274328,1.5357050063163584
2004-03-25,0.015440318459680549,1.5596007851571556
2004-03-26,-0.001358435428680807,1.5574836065467936
2004-03-29,0.011320936519923564,1.5752159636453678
2004-03-30,0.003173342050132014,1.5802226023880235
2004-03-31,-0.003072899120449874,1.5753741908979098
2004-04-01,0.005294815568220304,1.5837376285805491
2004-04-02,0.007574474272469861,1.5957791550476423
2004-04-05,0.007388317495416004,1.6076129401473602
2004-04-06,1.3299877622040603e-05,1.6076343213449111
2004-04-07,-0.006531329100692521,1.5971685474297876
2004-04-08,-0.0024433870547446797,1.5932708102561983
2004-04-12,0.006461768142212574,1.6035994916530225
2004-04-13,-0.010884107457677338,1.5862403830370526
2004-04-14,0.002192340817170168,1.5897217773816874
2004-04-15,0.0035858218758717552,1.5954324691502462
2004-04-16,0.002771203556008985,1.5998598690619406
2004-04-19,0.001679406540106888,1.6025489415802616
2004-04-20,-0.014723061074199597,1.5791273574329063
2004-04-21,0.004284724921841117,1.585907999996409
2004-04-22,0.007771348597683166,1.5982806577571886
2004-04-23,0.003559256869820802,1.6039794849469176
2004-04-26,-0.0036570753000079036,1.5981243240985297
2004-04-27,0.0029189419604899653,1.6027959710624389
2004-04-28,-0.011939846202768577,1.5837726275679977
2004-04-29,-0.004073461961347987,1.5773343120335157
2004-04-30,-0.004816023602806824,1.5697560958387518
2004-05-03,0.008305848189387312,1.582848548359228
2004-05-04,0.0015456501301231,1.5852969701382384
2004-05-05,0.0008829411738207523,1.5866973122247758
2004-05-06,-0.005342591963053343,1.5782428404230948
2004-05-07,-0.010731321497989534,1.5613967611148012
2004-05-10,-0.007705257723297677,1.5494120286835535
2004-05-11,0.0064237272820017,1.5593970652437361
2004-05-12,0.004382996704704651,1.566246897873133
2004-05-13,-0.003056569272205644,1.5614668647051577
2004-05-14,0.0002239054118163739,1.5618165247304623
2004-05-17,-0.006729134814861817,1.5513421321039567
2004-05-18,0.005813229063951245,1.5603867028845748
2004-05-19,-0.003813811417041205,1.5544470158846333
2004-05-20,0.0028947929906520827,1.5589533374978168
2004-05-21,0.0025306137544611317,1.5629034422429107
2004-05-24,-0.000691498517092576,1.5618230704110507
2004-05-25,0.015616735051598333,1.5864050933774225
2004-05-26,-0.0004854207737159163,1.5856352062642851
2004-05-27,0.005885945292650672,1.594995688963024
2004-05-28,-0.0013303058108929398,1.592875267646758
2004-06-01,0.0010611366724047027,1.5945664231226833
2004-06-02,0.004523603057947527,1.601795948092919
2004-06-03,-0.004596740895493971,1.59444980424735
2004-06-04,0.003615171660232449,1.6002244458644004
2004-06-07,0.014508770000040971,1.623610978966914
2004-06-08,0.0010181963616095213,1.625264975662181
2004-06-09,-0.008106272227981647,1.6121433907498772
2004-06-10,0.005505240210191973,1.6210431024170444
2004-06-14,-0.00828257949142634,1.607672133557013
2004-06-15,0.005637733570487778,1.6167613579531157
2004-06-16,0.0012368813598461134,1.618762337171932
2004-06-17,-0.0011788722652629102,1.6168551475359458
2004-06-18,0.00327524775399742,1.6221594304050333
2004-06-21,-0.0036567311717618078,1.6162384617434147
2004-06-22,0.0004478411563457892,1.6169624419470179
2004-06-23,0.00669532875383047,1.6278248602313623
2004-06-24,-0.0037205869638939912,1.6217796491172516
2004-06-25,-0.011571178607171065,1.6031219013783244
2004-06-28,6.48162391348802e-05,1.603225813078393
2004-06-29,0.002254974234839904,1.6068451251736204
2004-06-30,0.0007988182815148842,1.6081292152442013
2004-07-01,-0.0072683938241838095,1.5964830744282736
2004-07-02,-0.0023921099279166926,1.592668675465889
2004-07-06,-0.004805514605057328,1.5850334431883755
2004-07-07,0.0019320771894133497,1.5880988104579417
2004-07-08,-0.006927648887726821,1.5771350399244726
2004-07-09,0.0035031205603889264,1.5826696226045671
2004-07-12,0.0018349966628679795,1.5855764823037248
2004-07-13,0.0020674091541901083,1.5888579084943968
2004-07-14,-0.004014670975113931,1.5824919539224231
2004-07-15,-0.006798941176886508,1.571769177284151
2004-07-16,-0.0018121135833383286,1.5689235321029653
2004-07-19,-0.0001319437298119037,1.5687165361365603
2004-07-20,0.0045701143318186,1.5759021571090774
2004-07-21,-0.012832881999206567,1.5558079994246772
2004-07-22,0.006816717147345673,1.566449732125243
2004-07-23,-0.01180959621416649,1.5480593982436384
2004-07-26,0.0005568564799960081,1.5489216852137304
2004-07-27,0.008665507009394256,1.5624022003277036
2004-07-28,0.0022332722011497138,1.5658953688749664
2004-07-29,0.0036815669294608714,1.5716709425370312
2004-07-30,-0.00031680582271383735,1.5711731068938244
2004-08-02,0.00624671431189357,1.5810184950756703
2004-08-03,-0.002747290111958529,1.5766809395871557
2004-08-04,-0.000110514588699502,1.5765067029696282
2004-08-05,-0.015508943525741075,1.5522453696602565
2004-08-06,-0.013720928733154412,1.5310925714431578
2004-08-09,0.002563717914581341,1.5350228968675788
2004-08-10,0.010464897869851884,1.5511711019988623
2004-08-11,-0.002413578922223331,1.547431742557142
2004-08-12,-0.010000031606579975,1.5320344910345125
2004-08-13,0.0038268338434504653,1.5379085648577415
2004-08-16,0.010515241032789014,1.5541653664039505
2004-08-17,0.0017928148666039158,1.5569541963589177
2004-08-18,0.01138251089702221,1.5747774889421202
2004-08-19,-0.003223320496650811,1.5697096484092983
2004-08-20,0.004458049060436512,1.5767231126006924
2004-08-23,-0.0021175945867234367,1.5733877849549294
2004-08-24,0.0007648297045072248,1.5745916189748972
2004-08-25,0.006236934261042855,1.5844429324535891
2004-08-26,-0.0013470748220216313,1.582310006200513
2004-08-27,0.0036925479940655183,1.5881635624575479
2004-08-30,-0.00538711039274816,1.5796309537128355
2004-08-31,0.005355272225839646,1.5881129990458958
2004-09-01,0.00016053125975766142,1.5883679612904278
2004-09-02,0.010454903408994368,1.605061306504314
2004-09-03,-0.005568729605742276,1.5961479950325184
2004-09-07,0.006406359503943629,1.606406317074981
2004-09-08,-0.0028128494804245388,1.6018940869877833
2004-09-09,0.0003470144150100793,1.6024500637876904
2004-09-10,0.0035079811254177056,1.6080812997257747
2004-09-13,0.00015701246142506704,1.608333808351798
2004-09-14,0.0032735779702197216,1.613607441590884
2004-09-15,-0.007932040528578323,1.6008588699026631
2004-09-16,-0.0007786226913171295,1.5996128899980222
2004-09-17,0.004857102288947289,1.6074012726013536
2004-09-20,-0.006135969356649815,1.5975685052787096
2004-09-21,0.006472837444043246,1.607942846008006
2004-09-22,-0.01391176978709542,1.5857283947454834
2004-09-23,-0.006969585113998392,1.574714949882883
2004-09-24,0.0011767150901239977,1.5765690313759504
2004-09-27,-0.0028297942283032522,1.5721139718542128
2004-09-28,0.005650912555090121,1.5810229987943798
2004-09-29,0.004061048175360801,1.5874566642294166
2004-09-30,-0.014641091623742032,1.5643838832680603
2004-10-01,0.012991028095459715,1.584839419788674
2004-10-04,0.005003507105438798,1.5927890465084982
2004-10-05,0.0001278145794773581,1.5929926411815805
2004-10-06,0.005412030901193872,1.6016373381643199
2004-10-07,-0.010513252842525751,1.584887123766767
2004-10-08,-0.006687285873108973,1.5743238895424712
2004-10-11,0.004901027968729776,1.582058633572949
2004-10-12,-0.000291338129712806,1.58159778670394
2004-10-13,-0.008460551806843566,1.568273043515012
2004-10-14,-0.011736438609042889,1.54997469199738
2004-10-15,0.0035510336015058784,1.55548848825403
2004-10-18,0.006632527424965228,1.5658395973733736
2004-10-19,-0.00668008976141446,1.555414507346575
2004-10-20,0.0007091248466956102,1.556517881589454
2004-10-21,-0.0007435260934635393,1.5553610000686453
2004-10-22,-0.013380159667213617,1.5346886297665718
2004-10-25,-0.0003434158075924325,1.5341616839173235
2004-10-26,0.01444525671538474,1.556483880056699
2004-10-27,0.008375347896978382,1.5695747176850172
2004-10-28,0.0027548260656416034,1.573904584305678
2004-10-29,0.002200866925239415,1.57737235349825
2004-11-01,-0.0023095328092517906,1.5737335638648855
2004-11-02,-0.0010117307607272264,1.5721421743737303
2004-11-03,0.012182199226639368,1.591411456364841
2004-11-04,0.012998247201998023,1.6122320382666835
2004-11-05,0.0027500195044361563,1.6166718097486588
2004-11-08,-0.0010623376287511024,1.614955270385435
2004-11-09,-0.002761361679549953,1.610501946236691
2004-11-10,-0.002681570564386904,1.6061890568667998
2004-11-11,0.008827916435770577,1.6204311310685455
2004-11-12,0.011158099313373911,1.6386133132119693
2004-11-15,0.000931494557697032,1.6401403837139095
2004-11-16,-0.0066940987576026316,1.6291977882785689
2004-11-17,0.0033043912898575514,1.6345901996715861
2004-11-18,0.001661024574416595,1.6373075503306875
2004-11-19,-0.010110564477821951,1.6208368511137485
2004-11-22,0.005107271409397031,1.6291360799900165
2004-11-23,-0.0011974612878337205,1.6271864201556736
2004-11-24,0.001100979044974644,1.6289789048695225
2004-11-26,-0.0004381762937015401,1.6282652812883547
2004-11-29,-0.0032025898921304104,1.6230589566680198
2004-11-30,-0.005501354297744957,1.614154450181596
2004-12-01,0.013356817317235984,1.6358590457713011
2004-12-02,0.0005818050613861202,1.6368110737643426
2004-12-03,0.002028613760631645,1.640134901473578
2004-12-06,-0.0010646286929263716,1.6383896959599713
2004-12-07,-0.009379664896225097,1.6230939960525852
2004-12-08,0.008041690797769094,1.6361990388316527
2004-12-09,0.0038979901386053313,1.6425893731885663
2004-12-10,-0.004874764597298986,1.634601621686323
2004-12-13,0.0071884625971782405,1.6463942288820943
2004-12-14,0.001718523878124155,1.6492260292385639
2004-12-15,-0.0005738296865656116,1.6482799258601937
2004-12-16,0.0015562431167830974,1.650847047163667
2004-12-17,-0.011113881498582954,1.632601307012758
2004-12-20,0.0006904892407703326,1.6337289899313747
2004-12-21,0.009415260751381193,1.6491836148632601
2004-12-22,0.003708899511635685,1.6553116282352138
2004-12-23,0.0018367354105895241,1.6583547916057817
2004-12-27,-0.005496114029016567,1.6492652859311288
2004-12-28,0.005414720263000256,1.6582198173570075
2004-12-29,-0.0006438520768697423,1.6571525127137219
2004-12-30,-0.0011820405864195413,1.655194848433065
2004-12-31,-0.0011860160652471447,1.653232924418385
2005-01-03,-0.004457951428986583,1.6441204570892747
2005-01-04,-0.009450466971917185,1.628655939563963
2005-01-05,-0.0004901768546355834,1.6278578057475668
2005-01-06,0.00415269100228262,1.634631851735625
2005-01-07,-0.0023907068849315294,1.6307285937453102
2005-01-10,0.0019402626893842217,1.6338957071146367
2005-01-11,-0.0055199796123182225,1.6249014829277335
2005-01-12,0.0006223144089777874,1.6259129972410502
2005-01-13,-0.012965401761833781,1.6049684526201051
2005-01-14,0.003103045493487142,1.6099564777762594
2005-01-18,0.008582844332302537,1.6238339525190222
2005-01-19,-0.010619640886462908,1.6066806611884337
2005-01-20,-0.004118958349840464,1.6000764210956335
2005-01-21,-0.007315784448952333,1.5884133212772469
2005-01-24,-0.0006805946370411445,1.5873326234896559
2005-01-25,0.00652933887387733,1.5977307656495536
2005-01-26,0.0034031734620796695,1.6031773832262515
2005-01-27,-0.0013597304357446157,1.6009989755036544
2005-01-28,-0.003807941612945213,1.594914057741151
2005-01-31,0.005793059045855673,1.604180303089705
2005-02-01,0.005825545526156811,1.6135528019306864
2005-02-02,0.003803257093962698,1.6197012427103081
2005-02-03,-0.0031627590479635036,1.6145866103882458
2005-02-04,0.010342290577154196,1.63137178322657
2005-02-07,0.001705477077805083,1.634156424304042
2005-02-08,0.0019765001234997724,1.6373895287416327
2005-02-09,-0.006921469635389985,1.6260955175033034
2005-02-10,0.005124571563282205,1.634449948508128
2005-02-11,0.0059863857047495654,1.6442637415823849
2005-02-14,0.0022701111045505804,1.6480006429467893
2005-02-15,0.0032881940120416185,1.6534285078385804
2005-02-16,-0.0006306204856148291,1.6523861506504798
2005-02-17,-0.008562595128789107,1.6382978393759575
2005-02-18,0.0026963903758270564,1.64272129089878
2005-02-22,-0.01265354341907482,1.622066002608728
2005-02-23,0.003584367709288121,1.627890515973665
2005-02-24,0.006099621964937436,1.6378503775365658
2005-02-25,0.00876856983632517,1.6522751327663725
2005-02-28,-0.006698683169642349,1.6412440532454367
2005-03-01,0.004558343774885128,1.6487424850898336
2005-03-02,0.00046553044586354386,1.6495102035983364
2005-03-03,-0.0004392080027124424,1.648785884591356
2005-03-04,0.008599286729694096,1.6630254042769232
2005-03-07,0.001981613584524997,1.6663241453450488
2005-03-08,-0.002903753891843023,1.6614925683730508
2005-03-09,-0.009098369620183306,1.646444256226384
2005-03-10,0.0011654774230742872,1.6483642684834996
2005-03-11,-0.009210403521951736,1.633251870893431
2005-03-14,0.0036193199952553223,1.6391738423373134
2005-03-15,-0.009248643742901604,1.6240835971525944
2005-03-16,-0.005921305291902102,1.6144953179337456
2005-03-17,-0.0003536347517060853,1.613924477223363
2005-03-18,-0.0017626880699985212,1.611082137616486
2005-03-21,-0.006603896673425971,1.6004777712564184
2005-03-22,-0.012460674445105372,1.5806584761262081
2005-03-23,0.0031776461129622785,1.5856892381463321
2005-03-24,-0.0020135338110639912,1.5824996115396395
2005-03-28,0.004163404508696965,1.5891019320858852
2005-03-29,-0.006706725152988599,1.5784799214551886
2005-03-30,0.011218391649182315,1.596287627573894
2005-03-31,-0.0043657471990879125,1.5893338296415973
2005-04-01,-0.009306826544643907,1.5746107940089797
2005-04-04,0.003019003742153359,1.5793717329186354
2005-04-05,0.0052402652695121826,1.5876697827605355
2005-04-06,0.0019186608094046882,1.590718906732944
2005-04-07,0.004848008145150195,1.5984494486735543
2005-04-08,-0.008504987210922545,1.58491230477361
2005-04-11,0.0016703970928521007,1.587561950043715
2005-04-12,0.007455951618919607,1.599442972258701
2005-04-13,-0.011575415664226563,1.5810354976432963
2005-04-14,-0.006789086635099422,1.5703380646647993
2005-04-15,-0.015985144649813335,1.5454355489751193
2005-04-18,0.00410566156766262,1.551793627441828
2005-04-19,0.0038728606015712196,1.5578151605961366
2005-04-20,-0.014300318507759814,1.535696436956897
2005-04-21,0.018838094488391997,1.564900239907871
2005-04-22,-0.005960128756963431,1.555600972928731
2005-04-25,0.006658827877316579,1.5659940163947732
2005-04-26,-0.005128304887740259,1.5579836789084214
2005-04-27,0.004873613969270949,1.5655952227271388
2005-04-28,-0.011482506294991866,1.5477210820816414
2005-04-29,0.013065357339805288,1.5680752890311573
2005-05-02,0.006883274709916358,1.578906014678556
2005-05-03,4.8420232858660096e-05,1.5789824675263662
2005-05-04,0.007421274643325107,1.590744119317633
2005-05-05,-0.0008424758869208648,1.5894045201240896
2005-05-06,-0.0012591497203979839,1.5874044813053838
2005-05-09,0.006335776716448802,1.5974938499002855
2005-05-10,-0.01042588753180992,1.580925080833842
2005-05-11,0.006097725968347754,1.5905945797695002
2005-05-12,-0.008521859620349102,1.5770973484859454
2005-05-13,-0.003699329847661828,1.5712739232186264
2005-05-16,0.0095860282264562,1.5864086243379194
2005-05-17,0.008027753584421756,1.599195176835772
2005-05-18,0.009882416603293271,1.6150774381066992
2005-05-19,0.005288359341148036,1.6236411720560975
2005-05-20,-0.0020154921917638117,1.6203720315218633
2005-05-23,0.003736667113174859,1.626438148875499
2005-05-24,0.0015550107965598707,1.6289692451879556
2005-05-25,-0.00190066927568624,1.625876053890611
2005-05-26,0.0060731758682187045,1.6357803298687628
2005-05-27,0.0004122297739323503,1.6364547862302932
2005-05-31,-0.010368318987043887,1.619575158895005
2005-06-01,0.01000757223054263,1.6358645469438546
2005-06-02,0.0019641790274636146,1.6390808354278898
2005-06-03,-0.009591902580349842,1.623434092713225
2005-06-06,-0.00046288693200034547,1.6226828001819062
2005-06-07,0.0005801217961899011,1.6236244269452909
2005-06-08,-0.002311703280992456,1.6198754239911837
2005-06-09,0.0036229768896927266,1.6257548392782597
2005-06-10,-0.0030499536595057584,1.6208039162375463
2005-06-13,-1.4466537546328896e-05,1.6207804689864376
2005-06-14,0.0021689102318032207,1.6242996113014623
2005-06-15,0.003602851582127781,1.6301622765405435
2005-06-16,0.002837516947041408,1.634794458466011
2005-06-17,0.0037774427562370593,1.6409814791523978
2005-06-20,-0.0007294923403124399,1.6397848322582005
2005-06-21,-0.0017415680167584301,1.6369315207791695
2005-06-22,-0.0005877719635733197,1.6359696610297545
2005-06-23,-0.010971838208393748,1.6181181774713949
2005-06-24,-0.010872180509001681,1.6006209931872062
2005-06-27,-0.0006841723280123933,1.5995262671293722
2005-06-28,0.008633792164483083,1.613396032660894
2005-06-29,0.0009744061547473926,1.6149689018674325
2005-06-30,-0.011366480624346377,1.5967163194618674
2005-07-01,0.00227278534397837,1.6003494399988631
2005-07-05,0.007956218164017008,1.61313295606906
2005-07-06,-0.00928943171984502,1.598217254076805
2005-07-07,0.001366845718132943,1.6004032641160795
2005-07-08,0.012810830749309199,1.6210376490655791
2005-07-11,0.004192987459542704,1.6278489093849664
2005-07-12,0.0036846138279817303,1.6338579677176277
2005-07-13,0.002583936902336689,1.6380852127287657
2005-07-14,0.0047007375644583195,1.6458035481440108
2005-07-15,0.0006992806904107153,1.6469548292728546
2005-07-18,-0.007643474689730332,1.6344143591570983
2005-07-19,0.007518449556697765,1.6467489313976988
2005-07-20,0.0005257184588279327,1.647614885312024
2005-07-21,-0.007307545679917213,1.6356187488153944
2005-07-22,0.0014787085541328004,1.6380391413370992
2005-07-25,-0.004015769710773877,1.631474343548528
2005-07-26,0.0006222814217601876,1.632489895669434
2005-07-27,0.004008652691804678,1.63904711471011
2005-07-28,0.004581250834313805,1.646573227012911
2005-07-29,-0.010071983342509227,1.6300722073906506
2005-08-01,0.0015748909040134303,1.6326414158634523
2005-08-02,0.007617068984314665,1.645124841354262
2005-08-03,0.0025837587336540783,1.6493809430332613
2005-08-04,-0.008026013973051653,1.6361959707015203
2005-08-05,-0.0051321508639755155,1.6278202771821393
2005-08-08,-0.002259452836227521,1.6241464460270507
2005-08-09,0.0065982817721250845,1.63489845530109
2005-08-10,-0.004896318152767073,1.6269130378421803
2005-08-11,0.0036392683540544674,1.632844597698036
2005-08-12,-0.006702294917928766,1.6219373841600428
2005-08-15,0.002542399551614735,1.626066243419235
2005-08-16,-0.010374436071231794,1.6092839271843633
2005-08-17,-0.0003777679435322721,1.6086761061195167
2005-08-18,-4.7015413725743656e-05,1.6086004753247574
2005-08-19,0.0008474412641602905,1.609964247521896
2005-08-22,0.002449436866462043,1.6139125869334356
2005-08-23,-0.004604452252198974,1.60649848552449
2005-08-24,-0.009462477545016836,1.591368725079493
2005-08-25,0.0011845218936079652,1.593254853034547
2005-08-26,-0.005675755262201245,1.58423754264895
2005-08-29,0.007758288358766696,1.5965763163254545
2005-08-30,-0.004823451480878594,1.588893850822754
2005-08-31,0.009086313889899103,1.6033968286116447
2005-09-01,0.00011841581703380202,1.603586707399238
2005-09-02,-0.002937628537167448,1.5988828777605542
2005-09-06,0.014349047070760458,1.621990714672679
2005-09-07,0.0026609574497708515,1.6263125104555796
2005-09-08,-0.004083542088828177,1.619684936068763
2005-09-09,0.005098906358531122,1.6279646486891914
2005-09-12,-0.0018125779980669428,1.6250165084595656
2005-09-13,-0.008320236275340492,1.6115520784516775
2005-09-14,-0.0036491685310049917,1.6056819703418825
2005-09-15,-0.00012134926222871412,1.6054871338412795
2005-09-16,0.008894870006055893,1.619831433960549
2005-09-19,-0.005384797962660732,1.6111324112148477
2005-09-20,-0.006446105199046273,1.6007802835008804
2005-09-21,-0.006587957240603469,1.5902690731602618
2005-09-22,0.00346869090725197,1.5957948030184947
2005-09-23,-0.003009864215156443,1.590998898477506
2005-09-26,5.0516187587135416e-05,1.59107927170637
2005-09-27,-0.0013827783628255822,1.588880682147272
2005-09-28,0.0037848354760434194,1.5949057288330963
2005-09-29,0.010106845839382306,1.611106928767607
2005-09-30,-0.0029775169725275597,1.6063169651804114
2005-10-03,-0.0035604206412280354,1.6006079703436404
2005-10-04,-0.008943082146023072,1.5863574186866036
2005-10-05,-0.01066342030802983,1.5695312942301953
2005-10-06,-3.1897254463445543e-06,1.5695262878642717
2005-10-07,0.0016411711188165292,1.57210426394945
2005-10-10,-0.004528636026668636,1.5650008724194604
2005-10-11,0.0015005064416495422,1.5673509290063032
2005-10-12,-0.00185147165036099,1.564451707936089
2005-10-13,0.0008582619214035634,1.5657949936279079
2005-10-14,0.00442881285866449,1.5727449853761508
2005-10-17,-0.0008269302448236194,1.5714449725643855
2005-10-18,-0.008500324300740493,1.5581437929372268
2005-10-19,0.013200595748665497,1.5788485763442743
2005-10-20,-0.013080809856672307,1.5583304477604014
2005-10-21,-0.001291506131326897,1.5563191535114806
2005-10-24,0.013528296642451074,1.5775165598050864
2005-10-25,-0.0005824492768887451,1.5765980039576106
2005-10-26,-0.0033234576078716997,1.5713669447434884
2005-10-27,-0.0078083310640040295,1.5591449701257218
2005-10-28,0.01625583042703284,1.5846972907818244
2005-10-31,0.0034074213853539713,1.590106232257791
2005-11-01,-0.003919300691495048,1.583886324608284
2005-11-02,0.008827925174756633,1.597930654505227
2005-11-03,0.0036400564437592095,1.6037578114367514
2005-11-04,0.0015687885791603126,1.6062757429097352
2005-11-07,0.0038764966588364235,1.6125145500050628
2005-11-08,-0.00268728583488719,1.6081870796753808
2005-11-09,0.0029163457362988824,1.6128839547352023
2005-11-10,0.007742384378409879,1.625419989046495
2005-11-11,0.004127404194060639,1.6321426182868661
2005-11-14,0.0009654101364546486,1.6337190661516343
2005-11-15,-0.00422325589177675,1.6268340014085574
2005-11-16,0.001146178597141086,1.628699712737017
2005-11-17,0.007227349164254907,1.6405135341266448
2005-11-18,0.005996780291724937,1.6503808899686374
2005-11-21,0.0034289820308760948,1.6560497300052734
2005-11-22,0.005579302156909735,1.6653151551039873
2005-11-23,0.005400323607271007,1.6743327228262617
2005-11-25,0.002335472795087101,1.6782476511751971
2005-11-28,-0.006180775891097698,1.667906768811894
2005-11-29,-0.00046120356007835065,1.6671377016341316
2005-11-30,-0.007111288986120088,1.6553242578486984
2005-12-01,0.006458141791547892,1.6660491708454566
2005-12-02,-0.001006386887912848,1.6643733242217773
2005-12-05,-0.003218031540796358,1.6590259270298653
2005-12-06,0.00029631115364361747,1.659517587754909
2005-12-07,-0.0055893687337947185,1.65026780633731
2005-12-08,-0.004640608307163901,1.6426273018521416
2005-12-09,9.17312188226059e-05,1.6427779889678624
2005-12-12,0.000635482587178853,1.6438222775529145
2005-12-13,0.006343718646722094,1.6542833696174046
2005-12-14,0.005708538749355977,1.663753916107718
2005-12-15,-0.0022928764269594852,1.659943504044579
2005-12-16,-0.004155142194939183,1.6530605125569067
2005-12-19,-0.0012005173752391227,1.6510771754427993
2005-12-20,-0.0029360937810579122,1.6462365677324626
2005-12-21,0.002343053234945109,1.6500983100151327
2005-12-22,0.0029083661275256223,1.6549043855730279
2005-12-23,0.00029242442550605406,1.655388390801273
2005-12-27,-0.009989128573241877,1.6389348185660937
2005-12-28,-1.9459488412045448e-05,1.6389029260432908
2005-12-29,-0.0030296319931650086,1.6339451671894127
2005-12-30,-0.004900748568990124,1.6259572022408602
2006-01-03,0.017637624163680178,1.652843216030104
2006-01-04,0.0009231188984271183,1.65436969128964
2006-01-05,-0.0002536009536410292,1.6539501947528632
2006-01-06,0.007127262608686643,1.6657804406880736
2006-01-09,0.0018511988071124301,1.6688669874772035
2006-01-10,-0.00023560706531852382,1.668473836940218
2006-01-11,0.006075003553584691,1.6786406719402691
2006-01-12,-0.007941760396969564,1.6653621073120315
2006-01-13,-0.00048015401582679,1.6645626689505288
2006-01-17,-0.0051568817186459165,1.6560008113709799
2006-01-18,-0.0062306193123012315,1.6457149775670161
2006-01-19,0.0011323782781452352,1.6475796049921798
2006-01-20,-0.02276075146450414,1.6105030013845363
2006-01-23,0.0002920769696715718,1.6109734609226813
2006-01-24,-0.00045075461037347885,1.6102474708419614
2006-01-25,0.0003934551345471577,1.6108811556323481
2006-01-26,0.0030707792642952823,1.6158354189136903
2006-01-27,0.007820252512869929,1.6285211982564622
2006-01-30,0.001702340312796056,1.631295856578784
2006-01-31,-0.0059068063292868145,1.6216885101890688
2006-02-01,0.0037561327097227924,1.6277912416066724
2006-02-02,-0.007311154709417937,1.6159336073227992
2006-02-03,-0.008159350461368262,1.602802283087988
2006-02-06,-0.0025879836307066903,1.5986596199005338
2006-02-07,-0.004329051899016117,1.5917538978365604
2006-02-08,0.013204484656195874,1.612911568407928
2006-02-09,0.00013625993213345924,1.613131358602735
2006-02-10,0.0025272841106339507,1.6172133558644075
2006-02-13,-0.0037221499323146514,1.6112050341552662
2006-02-14,0.009151632382995645,1.6260178677412296
2006-02-15,0.004822155804155323,1.63387771471263
2006-02-16,0.004681317585752487,1.6415443461587786
2006-02-17,-0.0010890804689341065,1.6397575454339834
2006-02-21,-0.0022544813771692342,1.6360649066414685
2006-02-22,0.005412763787806325,1.644944549547778
2006-02-23,-0.0024507664520229465,1.6409181105764028
2006-02-24,0.002364929048016001,1.644803357837761
2006-02-27,0.0038596829206648444,1.651164044486329
2006-02-28,-0.007305493976746103,1.6391454299158743
2006-03-01,0.007396274539669384,1.6513139448916847
2006-03-02,-0.004514380522401047,1.6438760866753563
2006-03-03,6.245399649911136e-05,1.643978756512756
2006-03-06,-0.003506068030779857,1.6382249476679513
2006-03-07,0.0018862607664349208,1.6413179833321638
2006-03-08,0.0034977256948058666,1.6470689151436804
2006-03-09,-0.006345842026544352,1.636649969457023
2006-03-10,0.0072062802525526045,1.6484867260810303
2006-03-13,0.001243105173849507,1.6505372426990954
2006-03-14,0.007148583856475374,1.6623785203435846
2006-03-15,0.0023233427572730302,1.6662452856098344
2006-03-16,0.0020906815257326727,1.6697325179216738
2006-03-17,0.001981604539839814,1.6730445479425737
2006-03-20,0.001420822989267311,1.675423337617708
2006-03-21,-0.0035576682249461914,1.6694733276026896
2006-03-22,0.004818416036327991,1.677536956013667
2006-03-23,-0.004357941361270713,1.6702422548129012
2006-03-24,4.269028468453184e-05,1.6703135594522482
2006-03-27,-0.0012481041688314895,1.6682301345715367
2006-03-28,-0.008998741125484279,1.6532855057237947
2006-03-29,0.003230049843791332,1.6586343341540595
2006-03-30,-0.000239590149728085,1.6582369893074518
2006-03-31,-0.004236966278496852,1.6512259583413214
2006-04-03,0.001375934397626064,1.6534995006995354
2006-04-04,0.0043840128855595,1.6607643768365214
2006-04-05,0.0030204096993251546,1.6657881487740862
2006-04-06,-0.005807091812560239,1.6561427968811682
2006-04-07,-0.01072977040204319,1.638467759040522
2006-04-10,0.0014842946119426074,1.6409015336795725
2006-04-11,-0.005337186165993729,1.6321670661876297
2006-04-12,-0.0003409464102121403,1.6316106795399514
2006-04-13,0.0026281902638955173,1.6359045028631225
2006-04-17,-0.005416053972338336,1.6270683060412812
2006-04-18,0.014794373835590983,1.6513187052400757
2006-04-19,-0.0028985676239757395,1.6465391765441137
2006-04-20,-0.0008478610262350369,1.6451437318033528
2006-04-21,-0.0018027715668979965,1.6421805852009341
2006-04-24,-0.0022815424184325648,1.6384381514211965
2006-04-25,-0.0010247316334716576,1.6367600519655907
2006-04-26,0.0060204871059912545,1.6466438675920543
2006-04-27,0.009097342645935778,1.6616922976476944
2006-04-28,0.0007425277309372803,1.662926608457274
2006-05-01,-0.0032110091553870833,1.6575954995930344
2006-05-02,0.005181845788332154,1.6662071968251162
2006-05-03,-0.004517130245533874,1.6586976953680344
2006-05-04,0.0031996051978917758,1.6640133726352477
2006-05-05,0.010022495164746613,1.6807747939411535
2006-05-08,0.0006780768065267654,1.681914874833442
2006-05-09,0.0016458582343393377,1.6846853475569175
2006-05-10,-0.004723806302787551,1.676745987057961
2006-05-11,-0.012216695652734259,1.656386308862069
2006-05-12,-0.00715837664684314,1.6445716092764058
2006-05-15,0.009882572324950031,1.6609047810928184
2006-05-16,-0.0029505369829500513,1.656011442649051
2006-05-17,-0.015739336245662598,1.63015096893082
2006-05-18,-0.005244767809453604,1.6216235872202698
2006-05-19,0.001134823591041128,1.6234648885012959
2006-05-22,-0.0007646431208247458,1.6222239917244554
2006-05-23,-0.0025526627961906397,1.6180882816760012
2006-05-24,0.0045228064705799985,1.625423156432463
2006-05-25,0.009583597915815104,1.6410754412097048
2006-05-26,0.003926991854341763,1.6475326014093192
2006-05-30,-0.0178479499446123,1.6183883779796546
2006-05-31,0.0043330026727425594,1.6254160736637064
2006-06-01,0.010085224395070647,1.6418917000497049
2006-06-02,0.001089409196191012,1.6436813666295038
2006-06-05,-0.015080179559655344,1.6190803168184742
2006-06-06,0.0009002474043508952,1.6205385459561392
2006-06-07,-0.005065670359634213,1.6123501891455614
2006-06-08,0.004223774751319715,1.6191747958193707
2006-06-09,-0.004624017076761397,1.6117049874835514
2006-06-12,-0.008233585128898428,1.5984893579312394
2006-06-13,-0.009920567469953463,1.5827098367233554
2006-06-14,0.005248961400828592,1.5910392608538355
2006-06-15,0.014054183710144753,1.6135578887268982
2006-06-16,-0.004175884228669922,1.6068339068433368
2006-06-19,-0.006915876724167136,1.5957595801064406
2006-06-20,0.00034236347012194353,1.5963060034261207
2006-06-21,0.007282240808498249,1.607973117956014
2006-06-22,-0.004638649378207621,1.6005315671680584
2006-06-23,-0.004523135069516095,1.5933084944879903
2006-06-26,0.005133050575170469,1.6015080539451059
2006-06-27,-0.006897082511482986,1.5905003249978542
2006-06-28,0.00622881569739786,1.6004381767816815
2006-06-29,0.017727654230157545,1.6290631687159862
2006-06-30,-0.00837384919930637,1.6154785963657836
2006-07-03,0.010624170578192852,1.6327332122320555
2006-07-05,-0.004698385456132626,1.6250799952143382
2006-07-06,0.0042541976894660835,1.6320081331605
2006-07-07,-0.004765179368494155,1.6242498212297403
2006-07-10,0.0030110795756185353,1.629147937300005
2006-07-11,0.0009440541223467337,1.6306866673340605
2006-07-12,-0.012707630069909541,1.6100956132475186
2006-07-13,-0.007990938965637606,1.5972807072304918
2006-07-14,-0.0050048785790036895,1.5893064828919015
2006-07-17,-0.00133033430352061,1.587193579704314
2006-07-18,0.004421286196849582,1.5942265527066424
2006-07-19,0.018652922549826277,1.6242426104318206
2006-07-20,-0.006614694905162456,1.6135341966018526
2006-07-21,0.0007473293031517884,1.6147404886811771
2006-07-24,0.014929997808310983,1.6390294263561784
2006-07-25,0.0043949145519953025,1.6462486729991423
2006-07-26,0.002242413862697366,1.6499443859552725
2006-07-27,-0.0030641851227306127,1.6448963888630237
2006-07-28,0.012149419104099567,1.6650028178679575
2006-07-31,-0.0015866771914785612,1.662363090624406
2006-08-01,-0.0035426188567325495,1.6564843909372178
2006-08-02,0.0038950623072213884,1.662949082866529
2006-08-03,0.0009699588917367373,1.6645628576370322
2006-08-04,0.0003408059740736276,1.6651302472825344
2006-08-07,-0.0008762423443752623,1.6636718287083352
2006-08-08,-0.0012687242493239722,1.6615624263242659
2006-08-09,0.0013367626272293616,1.663785026091767
2006-08-10,0.003878436300025641,1.6702504400760072
2006-08-11,-0.001403768859848421,1.6679074394205131
2006-08-14,0.003578547799774061,1.6738868182836208
2006-08-15,0.009524687118742698,1.6899062353615435
2006-08-16,0.005308193187538696,1.6989004344818623
2006-08-17,0.0011449638397169834,1.70084672805188
2006-08-18,0.0056258810994555585,1.7104424564165686
2006-08-21,-0.0018079443966339905,1.7073528653077612
2006-08-22,-0.00010627937852749234,1.7071714185485043
2006-08-23,-0.0018003524006724582,1.7041006734278619
2006-08-24,0.004608979400295257,1.711972966009172
2006-08-25,0.00018374773660590128,1.712287566069446
2006-08-28,0.0062350420235136456,1.7229971035131508
2006-08-29,0.0031792753551948003,1.7284837028249607
2006-08-30,-0.001088696876056874,1.726602931997809
2006-08-31,-0.002148115711330241,1.722897969880704
2006-09-01,0.005996933094879065,1.7332611162253766
2006-09-05,0.0004900590547236495,1.7341107246917409
2006-09-06,-0.007245711611316645,1.7215912694326225
2006-09-07,-0.004350093974308808,1.7141184511403589
2006-09-08,0.0028962896532220934,1.7190902310566805
2006-09-11,0.00203474995400269,1.7225917109351894
2006-09-12,0.009181622572592783,1.7384807297354052
2006-09-13,0.0023217150572668287,1.7425216757698474
2006-09-14,0.0009659432508449221,1.7442056660105754
2006-09-15,0.001330786697368759,1.7465283768819502
2006-09-18,0.0011393606913774764,1.7485194367132078
2006-09-19,-0.0008302301491283666,1.7470683656053525
2006-09-20,0.0057478461494659145,1.7571391607476512
2006-09-21,-0.004564712161523661,1.749136604828758
2006-09-22,-0.0031566586209481914,1.743623883153732
2006-09-25,0.00949279653301328,1.7602545608395936
2006-09-26,0.008032420478817553,1.7744506035872096
2006-09-27,0.0020912083936266276,1.7781652322611183
2006-09-28,0.0016466756933472277,1.7810957058354655
2006-09-29,-0.003812217718151444,1.7743187071327318
2006-10-02,-0.0031501612406257718,1.76873811161578
2006-10-03,0.005532689403790927,1.7785511113319252
2006-10-04,0.010883813150547057,1.7980142537801844
2006-10-05,-0.001379685678809495,1.795535269766555
2006-10-06,-0.0027826154514792294,1.7905459305068345
2006-10-09,-0.0010590798394316447,1.7886506032388656
2006-10-10,0.0010556457706169778,1.7905397816594513
2006-10-11,-0.0023035710132106087,1.786419893170099
2006-10-12,0.005486651337088889,1.7962482941145232
2006-10-13,-0.00029541641041736703,1.7957177312636026
2006-10-16,1.687295614195189e-05,1.7957480305857443
2006-10-17,-0.002127633570812814,1.7919313984282705
2006-10-18,0.004816432665830315,1.800582933393526
2006-10-19,-0.0009301771531340355,1.7989088510038613
2006-10-20,0.006550406710207298,1.8107311136545559
2006-10-23,0.006139787022970825,1.8218828165565333
2006-10-24,-0.0010658910628243278,1.8199419225194144
2006-10-25,0.004148791135430038,1.8275081659636183
2006-10-26,0.003644221742495472,1.8341801606868608
2006-10-27,-0.007903951255795915,1.8197400323136048
2006-10-30,-0.0005833005906025844,1.8186788863916217
2006-10-31,3.242694294458022e-05,1.818737861544292
2006-11-01,-0.004336772850058679,1.8108674869137151
2006-11-02,-0.0002488842724364926,1.8104168465577304
2006-11-03,-0.0007426532217833007,1.8090728337833444
2006-11-06,0.010904664037548606,1.8289081172528232
2006-11-07,0.0022617493177187805,1.8330493303667896
2006-11-08,0.001612858821053071,1.8360081655990446
2006-11-09,-0.0017461996357997526,1.8328049263704838
2006-11-10,5.956208809943734e-05,1.83291409531011
2006-11-13,4.721844294410809e-05,1.8330006447030884
2006-11-14,0.008608867387687288,1.8488488237316572
2006-11-15,-0.00018564126721492565,1.8485056329493021
2006-11-16,0.0027916349177702668,1.853673195437882
2006-11-17,0.0018835693968877617,1.8571680078682598
2006-11-20,0.00044403824483502265,1.8579928446068135
2006-11-21,-0.0030901936969463355,1.8522601489613468
2006-11-22,0.00054786881612075,1.8532752225745048
2006-11-24,-0.005126555529795965,1.8437986161634818
2006-11-27,-0.011796908543382256,1.822175287502156
2006-11-28,0.004676204926040383,1.8307161063037338
2006-11-29,0.00783709856420605,1.8451199774268898
2006-11-30,-0.0008255121766930095,1.8435974369423829
2006-12-01,-0.0021188952838890485,1.8396951827218893
2006-12-04,0.002254254236135251,1.8438470012498116
2006-12-05,0.0035430488717304214,1.850391428053113
2006-12-06,-0.0013926118510794172,1.8478163444833884
2006-12-07,-0.0036490746947996145,1.8410858121961262
2006-12-08,0.001908843880018004,1.8446035138848786
2006-12-11,0.003054815075588119,1.8502470521016476
2006-12-12,0.0005872006419948393,1.8513338374077781
2006-12-13,0.003365097506284024,1.8575742501972896
2006-12-14,0.009283109896168764,1.8748986036285908
2006-12-15,0.003511503884223481,1.8814938902680658
2006-12-18,1.935396406572925e-05,1.8815303049855914
2006-12-19,0.0025245154447636896,1.8862862580128767
2006-12-20,-0.003454593478213535,1.8797811485317433
2006-12-21,-0.0029892035394788906,1.8741704899471168
2006-12-22,-0.006468974386852422,1.8620856594240458
2006-12-26,0.005197845527168464,1.8717896912209304
2006-12-27,0.0070005413614277374,1.884939205531512
2006-12-28,-0.0004696163096848915,1.8840542151570514
2006-12-29,-0.0050048755793910766,1.8746483155378668
2007-01-03,0.0024310118636288684,1.8758334168683861
2007-01-04,0.004077631316952076,1.8834979899861308
2007-01-05,-0.00522106263119912,1.8736897559972696
2007-01-08,0.0017383807909212578,1.8769497750335038
2007-01-09,-0.00038064263741561225,1.876235463878104
2007-01-10,-0.0003039067190091521,1.875665349949303
2007-01-11,0.0064682110617891924,1.8878368708614321
2007-01-12,0.006019305211365618,1.899234605986059
2007-01-16,0.0005755337994243543,1.9003279943056262
2007-01-17,-0.0048868155407721485,1.8910640958478613
2007-01-18,-0.001430831626457951,1.8883602363769816
2007-01-19,0.0012466853485347269,1.8907158954941803
2007-01-22,-0.004383756016895359,1.8824455990364017
2007-01-23,-0.0016871209133357636,1.8792723632669508
2007-01-24,0.01184601629007283,1.901666633864669
2007-01-25,-0.012024672822981287,1.8789366489718078
2007-01-26,-0.0010542538469919432,1.8769568165877026
2007-01-29,-0.0010909649616126283,1.8749102390415298
2007-01-30,0.005000597463538977,1.8843093915300513
2007-01-31,0.0062832233877422785,1.8961862016205344
2007-02-01,0.0014951840203514676,1.8990234695190429
2007-02-02,0.001674289145734445,1.9022056471008777
2007-02-05,-0.0012569082036095114,1.8998162511583327
2007-02-06,-0.0007847313180656153,1.8983259906510004
2007-02-07,0.00021680707545677834,1.8987376057762204
2007-02-08,-0.0013116826229410343,1.8962486973390222
2007-02-09,-0.00864939371509405,1.879918022801614
2007-02-12,-0.0028806960545758264,1.8745103430508592
2007-02-13,0.00521851654664075,1.8843180749407449
2007-02-14,0.006648448614496127,1.89688760447126
2007-02-15,-0.0013771268749020326,1.89427714745029
2007-02-16,-0.0011599080727973414,1.8920812338699875
2007-02-20,0.0023777597288414153,1.8965855013423185
2007-02-21,-0.0025013765427254,1.8918473552722082
2007-02-22,-0.0012815409264458825,1.8894244283314638
2007-02-23,-0.005455845371443456,1.8791440902774328
2007-02-26,0.00019507978819574909,1.8795107090673486
2007-02-27,-0.03681185068569049,1.81158043201417
2007-02-28,0.005423085440041472,1.8214314748588663
2007-03-01,-0.0035526346841769437,1.8149720749642706
2007-03-02,-0.010433527959352063,1.7961339579753026
2007-03-05,-0.00497803337946034,1.7872149611288535
2007-03-06,0.015050067665542068,1.8143160926158866
2007-03-07,-0.005408311683987252,1.8045301921466554
2007-03-08,0.004715403378090887,1.8130593733716744
2007-03-09,-0.00119457190855228,1.8108948366804702
2007-03-12,0.0030837219682301434,1.816487751936239
2007-03-13,-0.020040768355576947,1.7804462971785195
2007-03-14,0.005786284978176217,1.7907783300583588
2007-03-15,0.0026629553064296332,1.7955534478558377
2007-03-16,-0.003617800400391999,1.7890692302481659
2007-03-19,0.010963314948068991,1.808791271619453
2007-03-20,0.00585283153368723,1.8194088633904633
2007-03-21,0.017321095361782324,1.8511975303143349
2007-03-22,0.000496780629575066,1.8521173978561827
2007-03-23,-0.0007853377940617395,1.8506634310668708
2007-03-26,0.0013332781717238205,1.8531325258520488
2007-03-27,-0.0050672822111972994,1.8437659319984476
2007-03-28,-0.007684878584664468,1.8296511194480738
2007-03-29,0.005367021647474964,1.8394972952980957
2007-03-30,-0.0013884070083047858,1.8369450965168672
2007-04-02,0.0003119669831563761,1.8375182521350175
2007-04-03,0.009897399286808366,1.8557952019097042
2007-04-04,0.001630858621428844,1.85882421078561
2007-04-05,0.0029586562347320273,1.864331976400908
2007-04-09,0.0017522172497216602,1.8676015547183897
2007-04-10,0.0030069231933923103,1.8732257406592328
2007-04-11,-0.007215375461052937,1.8597583581554762
2007-04-12,0.0037187471321625067,1.86668720454524
2007-04-13,0.002860893128500407,1.872035243578165
2007-04-16,0.011494210543270291,1.893676949706627
2007-04-17,0.003552616192431109,1.900416421391222
2007-04-18,0.0024729607351960774,1.9051218924063358
2007-04-19,0.000706304239960831,1.9064679633884465
2007-04-20,0.010717319491822282,1.9270100711957712
2007-04-23,-0.008096998843726133,1.9114700714593054
2007-04-24,-0.0018913603440430674,1.9078582095102605
2007-04-25,0.010020887803765786,1.9270727551859048
2007-04-26,-0.0002616320565898696,1.9265686371273651
2007-04-27,0.0013392397813911743,1.9291505029706155
2007-04-30,-0.0020957910992426766,1.9251116403019444
2007-05-01,0.004651227528676855,1.9340866287353877
2007-05-02,0.0032251592550408686,1.940334435796863
2007-05-03,0.006218043237491789,1.952437107687549
2007-05-04,0.0010392453820094393,1.9544672236469796
2007-05-07,0.0025369665976304637,1.9594319367023063
2007-05-08,-0.0011384070259396202,1.9572025748200945
2007-05-09,0.0016830141053262781,1.9604993478400592
2007-05-10,-0.012703252128320991,1.9357521480785242
2007-05-11,0.00827468111978876,1.9518363338107787
2007-05-14,-0.0009972600248502417,1.9498908157149706
2007-05-15,-0.00040195327471007894,1.9491072082136178
2007-05-16,0.01206161168777108,1.9727589347254413
2007-05-17,-0.002496839520150397,1.96783941643311
2007-05-18,0.006598605500934502,1.9808673482512456
2007-05-21,-0.0023306449751268393,1.9762560254851236
2007-05-22,-0.0011185166374051447,1.9740467860067303
2007-05-23,-0.0029508012154324022,1.9682303521417377
2007-05-24,-0.0069525573231879485,1.9545935779515797
2007-05-25,0.006894122076690443,1.9681153414763175
2007-05-29,0.002487459647306116,1.9730170428342282
2007-05-30,0.008302989971194665,1.989467181717514
2007-05-31,-0.0013923539791684402,1.9866990667157938
2007-06-01,0.0024938305276223554,1.9916597404664391
2007-06-04,0.002363676383305099,1.9963729476123924
2007-06-05,-0.003683346254162643,1.989033140617479
2007-06-06,-0.008908053871406594,1.971393410728502
2007-06-07,-0.014960141192983945,1.9421205956307481
2007-06-08,0.01081213246594154,1.9632329901050112
2007-06-11,0.0005040383721605353,1.9642227842916857
2007-06-12,-0.010534638289080408,1.9436390193618565
2007-06-13,0.012523127960897672,1.9681325069446722
2007-06-14,0.004852183846278897,1.977705453769312
2007-06-15,0.006783744716298502,1.991167311971158
2007-06-18,-0.0014213254329116123,1.9883392255211703
2007-06-19,0.0035147968352310117,1.9953401301097324
2007-06-20,-0.012448172120845962,1.970655749192296
2007-06-21,0.005433057526669691,1.981391573008689
2007-06-22,-0.01611737042754115,1.9497127266788856
2007-06-25,0.0005839119288163007,1.9508515196428002
2007-06-26,0.0001499630492457116,1.9511440972226761
2007-06-27,0.006812971461730701,1.9644825720049706
2007-06-28,0.002368089829292863,1.9691401558153985
2007-06-29,-0.002147853368883004,1.9649152703393917
2007-07-02,0.007914578493364634,1.9805284508492054
2007-07-03,0.006710530499993621,1.9938635401452143
2007-07-05,-0.0010967718097197403,1.9916779256012556
2007-07-06,0.0022896285203826135,1.9962433527547556
2007-07-09,0.002928917213503314,2.0020987550814064
2007-07-10,-0.013098528766144788,1.9760452109962816
2007-07-11,0.005531910536646092,1.9870068076519847
2007-07-12,0.02066756435270801,2.0285007106805715
2007-07-13,0.0024559992031443325,2.0334888297104294
2007-07-16,0.0025927460648734937,2.0387679906761793
2007-07-17,-0.0008921224846755962,2.036949970979362
2007-07-18,-0.006320241684178036,2.0241165527363574
2007-07-19,0.006389085422176656,2.0370902070566133
2007-07-20,-0.014413083278691691,2.007940032829452
2007-07-23,0.006969119138996575,2.0219824810543927
2007-07-24,-0.013408489338347354,1.9950517045136436
2007-07-25,0.006244486451335248,2.0075487560780423
2007-07-26,-0.02110768395192278,1.9656181373235497
2007-07-27,-0.013375668705870017,1.93950173187941
2007-07-30,0.006598223069287073,1.9523413095659246
2007-07-31,-0.011395836815281672,1.9302190369077143
2007-08-01,0.011498212890579817,1.9525411928382983
2007-08-02,0.0038596676635318525,1.9600919152078813
2007-08-03,-0.021256342351865853,1.9188672256821662
2007-08-06,0.02440647953353199,1.9662762092026058
2007-08-07,0.005729859241001758,1.9775750345367462
2007-08-08,0.017729596869340735,2.0129493018071165
2007-08-09,-0.0279460086455816,1.9574741678664622
2007-08-10,5.695930227395838e-05,1.957585667404721
2007-08-13,-0.004718191579971205,1.9483711581955128
2007-08-14,-0.012912860447659819,1.923373854020349
2007-08-15,-0.008724711006593586,1.9066659647235928
2007-08-16,0.005689686087470363,1.9175452159496493
2007-08-17,0.02466226265836579,1.965424194952508
2007-08-20,-0.001688465107796399,1.9621084448292498
2007-08-21,-0.0005817367550028114,1.960967346171287
2007-08-22,0.007150612747236887,1.9750397173506464
2007-08-23,0.001351583372675692,1.9777109529851795
2007-08-24,0.010382975840641542,1.9983524526863707
2007-08-27,-0.006296974837961385,1.985808413772675
2007-08-28,-0.021040784855072048,1.9444619525516367
2007-08-29,0.01943412048932097,1.9826204478384675
2007-08-30,-0.0030445779999483235,1.9765933848280854
2007-08-31,0.009205360454162257,1.9948726439112758
2007-09-04,0.009670446473725251,2.0142575322298817
2007-09-05,-0.009882249303362655,1.9944501689828011
2007-09-06,0.0019981618887737135,1.9984393875244524
2007-09-07,-0.014258033438835043,1.9701477428058543
2007-09-10,-0.00038963989474041414,1.9693802441804762
2007-09-11,0.015244904376497653,1.9996332740416385
2007-09-12,-0.0004667586318609568,1.9987001457402092
2007-09-13,0.007489837855879818,2.0137262871916324
2007-09-14,-0.00025962176730445297,2.0132035478742734
2007-09-17,-0.004246336860019946,2.004672932194337
2007-09-18,0.02490179456020698,2.0552196254268003
2007-09-19,0.0056699943820133665,2.0669058081438694
2007-09-20,-0.0028930368045044412,2.060934814885692
2007-09-21,0.004529025169038328,2.070290009498794
2007-09-24,-0.00391644973508392,2.0621976796847576
2007-09-25,-0.0004893695523874624,2.0611887498192294
2007-09-26,0.005095518979258959,2.0717183803971193
2007-09-27,0.0026597417240325394,2.07723595061706
2007-09-28,-0.0026968834965368804,2.071641434533303
2007-10-01,0.013597681197554163,2.100003345425782
2007-10-02,-0.00011220688511790173,2.0997677238110852
2007-10-03,-0.0053330251450417416,2.0885994166426842
2007-10-04,0.0007349060802055977,2.0901349052039206
2007-10-05,0.00719162635370175,2.1052205546295117
2007-10-08,-0.0014761434383125465,2.1021152396306477
2007-10-09,0.006924893176026147,2.1167226822246503
2007-10-10,-0.0015678049840996142,2.1134066739598767
2007-10-11,-0.0031251416338076467,2.10681228833546
2007-10-12,0.0023955607902048388,2.1118653352697736
2007-10-15,-0.006929846862804308,2.097281023788952
2007-10-16,-0.00737248488980041,2.0818757086357103
2007-10-17,0.006382638276392363,2.0952060643853785
2007-10-18,-0.0033077094871807656,2.088287180545729
2007-10-19,-0.019729480227888996,2.0474901355074064
2007-10-22,0.003994848583164094,2.05568590811
2007-10-23,0.007324781779008025,2.07079863995501
2007-10-24,-0.0030140287794107553,2.0645665897649876
2007-10-25,-0.0012101106627459637,2.062069746753631
2007-10-26,0.015398696954677613,2.0940686724673485
2007-10-29,0.00545929387984972,2.105532071315379
2007-10-30,-0.004448926601280784,2.096185520149821
2007-10-31,0.011180805697604893,2.119754075349148
2007-11-01,-0.027710083521965943,2.06182187284345
2007-11-02,-0.0008692741432121026,2.060030363170807
2007-11-05,-0.0027146524535989727,2.054445680357006
2007-11-06,0.013147610894232331,2.081635078920643
2007-11-07,-0.027942344897732042,2.0242744410533544
2007-11-08,-0.010222916634611948,2.0036858691296935
2007-11-09,-0.01557568983551274,1.9727188717300344
2007-11-12,-0.0032744810662624856,1.9662698055703742
2007-11-13,0.03326823673678627,2.0327844121746255
2007-11-14,-0.006753713998567268,2.019101823786642
2007-11-15,-0.014656757084528042,1.9897241554096663
2007-11-16,0.006159078472591099,2.002016839565369
2007-11-19,-0.01856787542099142,1.9651866278334862
2007-11-20,0.008499129270473846,1.9819601823582
2007-11-21,-0.01684752297326272,1.9488487684956204
2007-11-23,0.01568701890513685,1.9796614436095337
2007-11-26,-0.02484508725465571,1.9310825545428838
2007-11-27,0.014835752402747225,1.9599451872417906
2007-11-28,0.026312427342168355,2.0122005707098425
2007-11-29,0.0016613230925946315,2.0155462643544433
2007-11-30,0.006813783127297557,2.0293266544617143
2007-12-03,-0.007707319589516278,2.0137461046498926
2007-12-04,-0.004288416247237135,2.005128813608719
2007-12-05,0.020042037609495113,2.045721097986994
2007-12-06,0.014432677721151274,2.0754604241277548
2007-12-07,-0.0032190810093746104,2.0687900908224712
2007-12-10,0.006492090410850567,2.0822645545255423
2007-12-11,-0.01773885996371517,2.0456532367316815
2007-12-12,0.007143034627715629,2.0603177207444627
2007-12-13,0.0006183266688652881,2.061592064077167
2007-12-14,-0.013976592527157418,2.032978457989404
2007-12-17,-0.015153465081880459,2.0024040292418332
2007-12-18,0.006871259950674624,2.016210447275125
2007-12-19,0.0006603149090459769,2.0175422207397826
2007-12-20,0.0037886500719753486,2.025200480291934
2007-12-21,0.014416907382257517,2.05460908926971
2007-12-24,0.008426123647898714,2.071994622968661
2007-12-26,0.0016705216706925194,2.075458827596727
2007-12-27,-0.015522216019951662,2.043491848351857
2007-12-28,0.0019697748329278487,2.047521034157658
2007-12-31,-0.010247898206695047,2.026645395429187
2008-01-02,-0.015162263778632923,1.9936688201531891
2008-01-03,0.0010865268588232206,1.9958361721037168
2008-01-04,-0.024068130527765182,1.9483735856000628
2008-01-07,0.005299937169768768,1.9587272558522564
2008-01-08,-0.020407992379793113,1.9191586956815365
2008-01-09,0.017425499040370867,1.9528940679040132
2008-01-10,0.007407247118310547,1.9674133444093116
2008-01-11,-0.015568717424919498,1.9370204451185769
2008-01-14,0.01497627777640706,1.9662481159369258
2008-01-15,-0.024540119359879965,1.9185833934897407
2008-01-16,-0.012471031443524239,1.8948052567847458
2008-01-17,-0.02441697253930205,1.849100110234469
2008-01-18,-0.009807919583659667,1.8310529323567104
2008-01-22,-0.012361587725401675,1.808557536763782
2008-01-23,0.020872459794084256,1.8467032942596675
2008-01-24,0.00842803387646328,1.8623331441176452
2008-01-25,-0.021729107206747263,1.8223027944825543
2008-01-28,0.014944153397141944,1.8497400697813284
2008-01-29,0.008507284722792212,1.8655434618835793
2008-01-30,-0.003481988563836501,1.8590589569216627
2008-01-31,0.016469969890526452,1.8899311360348832
2008-02-01,0.003848503881759079,1.897218557187982
2008-02-04,-0.01505675874031107,1.8688665751993745
2008-02-05,-0.031541189544802534,1.8108402209663175
2008-02-06,-0.008747742239946385,1.7950685413441403
2008-02-07,0.006663796717831993,1.8070704579512336
2008-02-08,-0.006058523014683348,1.7961553780112116
2008-02-11,0.0005903912639815582,1.7972161255523724
2008-02-12,0.010326863069581539,1.8158718923684174
2008-02-13,0.013694201329291273,1.840909853811229
2008-02-14,-0.015241455407536755,1.8130644496510595
2008-02-15,-0.0015587036953740904,1.810240620721452
2008-02-19,-0.007927667785038825,1.7959463693709425
2008-02-20,0.00457512748598139,1.8041818778540872
2008-02-21,-0.006867317635684747,1.7918344332637846
2008-02-22,0.006152048978063693,1.8028918645122647
2008-02-25,0.008485484811824939,1.8182553672451685
2008-02-26,0.0077004530995523025,1.8323108045879972
2008-02-27,0.00616299173978412,1.8436381903804442
2008-02-28,-0.008045641760826483,1.8288644497710977
2008-02-29,-0.02626311705467686,1.7814580138932339
2008-03-03,-0.0027545254159357163,1.7765576946418986
2008-03-04,-0.004277533244094829,1.7689746399896416
2008-03-05,0.00227289793507268,1.7729999115789106
2008-03-06,-0.01991884914289751,1.7380331982636337
2008-03-07,-0.00409690106289265,1.7309272144019967
2008-03-10,-0.014099470516746662,1.7066933013113366
2008-03-11,0.04119588360111627,1.7784703485498656
2008-03-12,-0.006099459941930816,1.7676556553236356
2008-03-13,0.000265889434504047,1.7681257187759107
2008-03-14,-0.021614785756779484,1.730318133561305
2008-03-17,0.0051172910041079895,1.7391953693076432
2008-03-18,0.04104491371587295,1.8120657422463462
2008-03-19,-0.019206279853587447,1.7775947895042357
2008-03-20,0.03248072735437949,1.8362802755139598
2008-03-24,0.015001253648018789,1.864034434811984
2008-03-25,-0.00415592243673298,1.8563037275183154
2008-03-26,-0.011817602056151994,1.834495781385457
2008-03-27,-0.013391483279820055,1.8100929217286919
2008-03-28,-0.006879268969029484,1.797683538342995
2008-03-31,0.009016796483799685,1.8139661832799947
2008-04-01,0.03938880216866283,1.8868419613648162
2008-04-02,-0.0043298458389133,1.8786898878963634
2008-04-03,0.0006362757863363882,1.8798856331536027
2008-04-04,-0.0023612401036884113,1.875452008292622
2008-04-07,0.0031328100126834396,1.8813366560513134
2008-04-08,-0.008464787209832677,1.8654787531628012
2008-04-09,-0.0059315820548147356,1.8544462652674407
2008-04-10,0.005446349801401709,1.864573782281996
2008-04-11,-0.02550620764044044,1.8176169670536746
2008-04-14,-0.005610686372047709,1.8074474439871304
2008-04-15,0.005284606199760962,1.8170243748214459
2008-04-16,0.022640736389110155,1.858632385352884
2008-04-17,0.0003627290103742469,1.8593066875257593
2008-04-18,0.02067353647253638,1.8981452137146448
2008-04-21,-0.0011281594494911827,1.8960050107273922
2008-04-22,-0.0038240309417534686,1.888768474089108
2008-04-23,0.003932027978267582,1.8962097847070591
2008-04-24,0.011546295496731236,1.9182308695332682
2008-04-25,0.000993292625142189,1.9201371807149794
2008-04-28,-0.0025380373624786664,1.9152699799906117
2008-04-29,0.0017290554929184248,1.9185844526978018
2008-04-30,-0.0014056934841985738,1.9158894056825528
2008-05-01,0.01999534338427133,1.954583837253374
2008-05-02,0.0016829660800291774,1.9578761051625753
2008-05-05,-0.007350023960062365,1.9435384245735359
2008-05-06,0.002728499626899916,1.948848609564335
2008-05-07,-0.018505590815564982,1.9131156640123985
2008-05-08,0.000885298138622528,1.9148100916748785
2008-05-09,-0.009939504806760407,1.8958721006039647
2008-05-12,0.007953708784213817,1.9110114423305729
2008-05-13,-0.0030967923343125084,1.9051025907105976
2008-05-14,0.003975328061404656,1.912691071856784
2008-05-15,0.010739716176950345,1.933343533383507
2008-05-16,-0.0024171315165263,1.9286760310526867
2008-05-19,-0.0010025858298283539,1.9267433368014504
2008-05-20,-0.015579513104690738,1.8969582348831475
2008-05-21,-0.01857634673851345,1.8620449654482705
2008-05-22,0.006044566427016928,1.8733343051408673
2008-05-23,-0.011307749535655127,1.8522704269952144
2008-05-27,0.007995588757691642,1.8671397850176954
2008-05-28,0.000606582047673193,1.868272702060616
2008-05-29,0.008672203555451992,1.8845452004553545
2008-05-30,8.090025504075085e-05,1.8846976668099074
2008-06-02,-0.011048157658431855,1.8639898321951545
2008-06-03,-0.006022569752917872,1.8527975603608144
2008-06-04,-0.0011669704741700533,1.8506366614111247
2008-06-05,0.019911703800920822,1.8878553040672272
2008-06-06,-0.03128417488369527,1.82970957140411
2008-06-09,-0.004221240220155777,1.8220022065340924
2008-06-10,0.003572891003390924,1.8285236651188306
2008-06-11,-0.019836821307845802,1.7926089623806514
2008-06-12,0.0045890062510465755,1.8008541602774277
2008-06-13,0.012751414473051411,1.8239646305298003
2008-06-16,-0.001505431706382138,1.8212208421548817
2008-06-17,-0.008034340664306338,1.8066471568552531
2008-06-18,-0.01303827889340343,1.78324448417932
2008-06-19,0.0021296728152461635,1.787046258310809
2008-06-20,-0.021775724934331123,1.7485526645688183
2008-06-23,-0.0032113456409975966,1.7429464641330068
2008-06-24,0.002501691621600635,1.7473122373314247
2008-06-25,0.00988337761133507,1.764667205559213
2008-06-26,-0.0342821047185158,1.705195924386823
2008-06-27,-0.009313322596225932,1.6893886082283425
2008-06-30,-0.000232282247233219,1.6889962388179613
2008-07-01,0.005772245812792775,1.69877373218501
2008-07-02,-0.011451602274991852,1.679431014982883
2008-07-03,0.005654398048695574,1.6889540846774795
2008-07-07,-0.005404203792851122,1.6798512515441135
2008-07-08,0.02199705779633865,1.7172124483296713
2008-07-09,-0.02739176669023575,1.6708133434177488
2008-07-10,0.008214707113968113,1.6845951147826426
2008-07-11,-0.013585333319291822,1.6618640825695503
2008-07-14,-0.009876281214628121,1.645531829267891
2008-07-15,-0.009722532745258933,1.629610614854748
2008-07-16,0.030164000855398738,1.6795150659782094
2008-07-17,0.019565504530207636,1.712699199172436
2008-07-18,-0.0022442060572850295,1.7088598590019697
2008-07-21,-0.001864093178159189,1.7056773521625777
2008-07-22,0.018802576717891928,1.7380518900044895
2008-07-23,0.013771896388625141,1.762153743728921
2008-07-24,-0.02881263541890031,1.712105917537499
2008-07-25,0.0033761723153402953,1.7178960508812473
2008-07-28,-0.028133592374273923,1.6702389891535854
2008-07-29,0.026574514442006817,1.7152198038393434
2008-07-30,0.015004191218844963,1.7411493290875153
2008-07-31,-0.012173345553828471,1.7200822054927667
2008-08-01,-0.0018672782233418355,1.7168733303118384
2008-08-04,-0.0024628495404604655,1.7126501323045822
2008-08-05,0.031147530511497927,1.7668344274614747
2008-08-06,0.00503661769908846,1.7757557447832486
2008-08-07,-0.022369396043440223,1.736474152000494
2008-08-08,0.02433611567335943,1.7792515950162688
2008-08-11,0.007568369886166265,1.7927687159715828
2008-08-12,-0.013691938115570835,1.768389517754761
2008-08-13,-0.009289681270346567,1.7520378114363293
2008-08-14,0.00765491185285821,1.7655009703507039
2008-08-15,0.005386190696626226,1.7750359508119793
2008-08-18,-0.015863576352248627,1.7470997027315534
2008-08-19,-0.012544428964811737,1.7253202257726834
2008-08-20,0.005922263611004588,1.7355683430362394
2008-08-21,-0.0012828433116897804,1.7333433082860112
2008-08-22,0.017073139328624823,1.7631909918964008
2008-08-25,-0.02190040408594672,1.724996164367507
2008-08-26,0.0013165068202070152,1.7272686291121775
2008-08-27,0.007519355398469245,1.740305528918332
2008-08-28,0.016686833528300426,1.7695893653144035
2008-08-29,-0.016275678927390794,1.741021210661374
2008-09-02,0.00027967073974633064,1.7415081914452377
2008-09-03,0.0025180366369834018,1.7458988985356187
2008-09-04,-0.031399076653286666,1.6919309902851971
2008-09-05,0.005911782600517527,1.7019629426181138
2008-09-08,0.025966132760617926,1.7467351026957103
2008-09-09,-0.028583756612157108,1.6975136696271502
2008-09-10,0.0017107751105886672,1.700420219280539
2008-09-11,0.0129587515666525,1.722598936332889
2008-09-12,-0.00711253748882207,1.7103903552826765
2008-09-15,-0.05930226922237676,1.6119092616221224
2008-09-16,0.01483335676768521,1.6359974998192046
2008-09-17,-0.05120213799058133,1.554339306341392
2008-09-18,0.04720538664189416,1.6294718739440672
2008-09-19,0.045990211411739236,1.706161601585717
2008-09-22,-0.03695560238222089,1.644260218113252
2008-09-23,-0.01255409296540445,1.6237470539750343
2008-09-24,-0.0004194054328772421,1.6230661884283137
2008-09-25,0.026872733144501663,1.6672737415560992
2008-09-26,0.01455200449531425,1.691713307598546
2008-09-29,-0.08734180284709403,1.5502248796098281
2008-09-30,0.061334378887457866,1.6482834003164872
2008-10-01,0.008966220460215276,1.663128726443038
2008-10-02,-0.02480806933326739,1.622377285952984
2008-10-03,-0.021819007562667473,1.5873620120738434
2008-10-06,-0.031996412412073204,1.5373760722979384
2008-10-07,-0.07054462296794216,1.4326594769133771
2008-10-08,-0.016030780808971475,1.4098759337768714
2008-10-09,-0.07379979300311754,1.309574031166636
2008-10-10,0.0018947331337405562,1.3120576766542458
2008-10-13,0.09812200468311776,1.4473273592099938
2008-10-14,0.00012757988586353954,1.4475120208485939
2008-10-15,-0.0778624131665385,1.3390813535683688
2008-10-16,0.046882782375248976,1.4033561309094251
2008-10-17,-0.015526833958094595,1.3817347435033822
2008-10-20,0.040932788026864425,1.4394664991892374
2008-10-21,-0.031178589332358307,1.3952784051344662
2008-10-22,-0.050783392329929185,1.3261905397872358
2008-10-23,0.01759598778923889,1.3497326885918246
2008-10-24,-0.03771747614482786,1.29977229086083
2008-10-27,-0.019593638271263644,1.2745528994031203
2008-10-28,0.10506155467958941,1.4157465719712294
2008-10-29,-0.02140302037808741,1.3857672872853255
2008-10-30,0.019165933033031917,1.4125829631852291
2008-10-31,0.010208466799812188,1.427077125179767
2008-11-03,1.4548889950954766e-05,1.4270978877188483
2008-11-04,0.03622494612358963,1.4797421936537347
2008-11-05,-0.057779688202795845,1.3966663114338178
2008-11-06,-0.04218077451809122,1.3389790444061875
2008-11-07,0.026526534319908146,1.374972802227047
2008-11-10,-0.009030796970009948,1.3626116017666778
2008-11-11,-0.01564166752873414,1.3414639078869615
2008-11-12,-0.04857166738296826,1.2778638528225095
2008-11-13,0.06139214940352969,1.3587728391393394
2008-11-14,-0.04046518113313678,1.3048874438258944
2008-11-17,-0.02658703544331659,1.270651488066995
2008-11-18,0.011103977343624434,1.2848393987429956
2008-11-19,-0.06121711816545343,1.2085443402995788
2008-11-20,-0.06350117334499897,1.1341862546058987
2008-11-21,0.054045004421329264,1.1971700044433955
2008-11-24,0.058542931325069755,1.269347987856432
2008-11-25,0.0070005279066773845,1.278265270293282
2008-11-26,0.03200471714697975,1.3198374938541562
2008-11-28,0.010179116990717378,1.333340883810607
2008-12-01,-0.08578859070515822,1.2237245826411083
2008-12-02,0.041569405882190984,1.2756661981083641
2008-12-03,0.02878430740114318,1.312918941231957
2008-12-04,-0.027310574640143057,1.2775475751596033
2008-12-05,0.033342216020449456,1.32086192798975
2008-12-08,0.04167548905217713,1.3770726642213271
2008-12-09,-0.025452355913923058,1.3424652095492782
2008-12-10,-0.0015137868320482162,1.3404345407801828
2008-12-11,-0.024223783701851524,1.308354265905565
2008-12-12,0.010587700542865829,1.3222803214381829
2008-12-15,-0.013647349074801756,1.304357279501558
2008-12-16,0.04207216819702089,1.3604051795569885
2008-12-17,-0.017946504676935957,1.3362084345692467
2008-12-18,-0.024050580687327298,1.3044552180177358
2008-12-19,-0.003296130554926837,1.300162641648541
2008-12-22,-0.008597933338148503,1.2890318494014967
2008-12-23,-0.01021434639674138,1.2759322474045662
2008-12-24,0.006375929047012857,1.2840934909899566
2008-12-26,0.0029305682058991664,1.287862133983558
2008-12-29,-0.0027323902628703695,1.2843479952143866
2008-12-30,0.016761901842607497,1.3060575486507138
2008-12-31,0.01098038498991128,1.3204775872579466
2009-01-02,0.027812589219611557,1.354344629676741
2009-01-05,-0.014930324829554323,1.3342740275635099
2009-01-06,0.0029246081625004298,1.3381819680874192
2009-01-07,-0.029353949284373893,1.2994719676708317
2009-01-08,-0.0016320599717837606,1.297352881196417
2009-01-09,-0.018968560893444685,1.2729758931718058
2009-01-12,-0.015470631109072172,1.2534337074589519
2009-01-13,0.005790626370340229,1.2607129290248464
2009-01-14,-0.03151125282611151,1.2216056803157402
2009-01-15,-0.006963259028427899,1.2131288708941819
2009-01-16,0.00488558114527131,1.2190702120670427
2009-01-20,-0.047488784573772876,1.1625311599204897
2009-01-21,0.03933535542825749,1.2091710204882595
2009-01-22,-0.014891727398617393,1.1912977872329351
2009-01-23,0.0039419929415926876,1.19600314284769
2009-01-26,0.006591061636663852,1.2039121088893583
2009-01-27,0.00856012817360343,1.2142619857880776
2009-01-28,0.028695774203876534,1.2496109305925605
2009-01-29,-0.03211535468517137,1.210116810621654
2009-01-30,-0.023802494047801763,1.1816531098245626
2009-02-02,0.005447144263258946,1.1881073072965342
2009-02-03,0.012884792619389303,1.2035148720385187
2009-02-04,-0.009622980222974796,1.1919890177037122
2009-02-05,0.013576319443251375,1.2082821917914202
2009-02-06,0.03318854775528206,1.2490561954228185
2009-02-09,-0.0013693256373390062,1.2473470012407244
2009-02-10,-0.04851772758556508,1.1882732099913769
2009-02-11,0.012053911122242269,1.2026832236887919
2009-02-12,0.003517820688213914,1.206921497988217
2009-02-13,-0.012028826319937819,1.1924906161956206
2009-02-17,-0.041479798766350585,1.1440381907975739
2009-02-18,0.005444033816565505,1.1502833574206062
2009-02-19,-0.011703826146397023,1.1368991171769658
2009-02-20,-0.010128158432213019,1.1254425377565886
2009-02-23,-0.03403736208501766,1.087780044612693
2009-02-24,0.03231109058703471,1.1235013943333771
2009-02-25,-0.005674826801281008,1.117143774766036
2009-02-26,-0.008447990266246687,1.1077459074691438
2009-02-27,-0.017445284828923425,1.0885885532028587
2009-03-02,-0.03862227788759235,1.0473463441798758
2009-03-03,-0.006614171864610719,1.0404418743038524
2009-03-04,0.01190471018939199,1.052902053541136
2009-03-05,-0.0358552035526285,1.015818822245218
2009-03-06,0.004983139695153175,1.0208934225616684
2009-03-09,-0.015188681367374746,1.0055045617526832
2009-03-10,0.06023493751936761,1.0679323592961238
2009-03-11,0.005974650576482779,1.0743319806961116
2009-03-12,0.038954176872043576,1.1170074972190134
2009-03-13,0.008150629126890185,1.1261490150134392
2009-03-16,-0.00608194872024996,1.119320620474053
2009-03-17,0.031911915901286135,1.1556163387815512
2009-03-18,0.016543306176756565,1.1748930644468356
2009-03-19,-0.010958201200026337,1.1620886347482786
2009-03-20,-0.014193768985835416,1.1457107242259081
2009-03-23,0.06403578191939914,1.2214772002935614
2009-03-24,-0.017592049791277084,1.2001768205717498
2009-03-25,0.009283092468560699,1.211370046469265
2009-03-26,0.01831528054757176,1.2337610515698958
2009-03-27,-0.01982297668992593,1.2095450446430547
2009-03-30,-0.03109910520825837,1.1725081678921438
2009-03-31,0.012359740952578049,1.187089993274193
2009-04-01,0.02216229733974715,1.2136923302843527
2009-04-02,0.02006495615520558,1.2382909737446675
2009-04-03,0.007256554180093196,1.2473093809928506
2009-04-06,-0.005574131784245539,1.240376055713946
2009-04-07,-0.02210895494747777,1.2132535671131837
2009-04-08,0.00605902195509697,1.220627012489474
2009-04-09,0.03129135129766836,1.2594259509719794
2009-04-13,-0.000992904224594073,1.258176082227357
2009-04-14,-0.019701581830121297,1.233630609450286
2009-04-15,0.012106858833118043,1.2486567773989699
2009-04-16,0.014298162210717832,1.2666385211481126
2009-04-17,8.900300803399631e-05,1.2667512608035962
2009-04-20,-0.03769728498260869,1.2198870539092261
2009-04-21,0.017121363880848367,1.2409530083831883
2009-04-22,-0.0101709576374011,1.2283952981304636
2009-04-23,0.00996630747653244,1.2406990731352232
2009-04-24,0.012249260807150634,1.2559901808535494
2009-04-27,-0.0066533108849093974,1.2476614253355571
2009-04-28,-3.582391096826468e-05,1.2476167300243226
2009-04-29,0.015254821231817336,1.2667948073686606
2009-04-30,-0.0027996150722531636,1.2632532293732615
2009-05-01,0.003556129715908521,1.2677535187848306
2009-05-04,0.02637767662253935,1.301638854645598
2009-05-05,-0.007521636596990409,1.291885128178135
2009-05-06,0.015839341037265846,1.3125106534514597
2009-05-07,-0.01459390367632169,1.2934950925295894
2009-05-08,0.01682475058761551,1.3154419321901432
2009-05-11,-0.012923380603117245,1.298551352215255
2009-05-12,0.0063158197314127995,1.3067787224125007
2009-05-13,-0.016818124771929212,1.2849849338315718
2009-05-14,0.010092204529185652,1.298018924823557
2009-05-15,-0.007200683066779521,1.2887058723408626
2009-05-18,0.024787497286660395,1.3210488605227146
2009-05-19,-0.0026920034551833776,1.3174973748763035
2009-05-20,-0.004963866779589071,1.31097369815131
2009-05-21,-0.012817576948765994,1.2942774233764667
2009-05-22,-0.003918998152553656,1.2892150786842969
2009-05-26,0.021630225548635165,1.317404868290634
2009-05-27,-0.020049166630026698,1.2912550158879659
2009-05-28,0.016758202990636555,1.3130764629895098
2009-05-29,0.012963189695728032,1.3302089280444016
2009-06-01,0.016510416878052075,1.3523535373084963
2009-06-02,0.001517683147111749,1.3544075397491913
2009-06-03,-0.005607015557120066,1.3468346062213952
2009-06-04,0.00990613523567902,1.3602428341831487
2009-06-05,-0.0017429539372451261,1.3578740585128133
2009-06-08,0.0006940652686561995,1.3588168388737416
2009-06-09,0.00023047998916581345,1.3591300550576884
2009-06-10,-0.004019125693878668,1.353678503106752
2009-06-11,0.00632849330262629,1.3622724130161932
2009-06-12,0.0029708437582245217,1.3663255291177026
2009-06-15,-0.02001699959682197,1.3392477040817952
2009-06-16,-0.010780659580640544,1.3248872770113775
2009-06-17,-0.0013013176765545383,1.3231642990923165
2009-06-18,0.007687452753094979,1.3333752599795423
2009-06-19,0.002655505388141123,1.336920750618099
2009-06-22,-0.02211558132105969,1.307678517383926
2009-06-23,0.002876423584792512,1.311445369646815
2009-06-24,0.006734795932685322,1.3203074953955287
2009-06-25,0.01792746365329406,1.344190703042461
2009-06-26,-0.0024166717922603337,1.3409461573670998
2009-06-29,0.008890109317900685,1.3529204628732785
2009-06-30,-0.007948304326663068,1.3422096620452013
2009-07-01,0.00804376884941657,1.3530496249446897
2009-07-02,-0.02411138904181699,1.3208158808170904
2009-07-06,0.0028575779314228694,1.3245956129971894
2009-07-07,-0.015045140477794029,1.3048160521599337
2009-07-08,-0.0019325951711478557,1.3022968060837934
2009-07-09,0.0008039418981979967,1.3033441980148095
2009-07-10,-0.004948313305969775,1.2969107730060947
2009-07-13,0.025839435872872088,1.3308589274942286
2009-07-14,0.0026944097289460555,1.3344496419920269
2009-07-15,0.032708512024351016,1.3788191792783295
2009-07-16,0.006269649198009892,1.3874910482214793
2009-07-17,0.002372011897285601,1.3907860999011803
2009-07-20,0.006311515539500778,1.3995918274946049
2009-07-21,0.005566229344872541,1.4074039985933524
2009-07-22,-0.003871673553648871,1.4019655245442664
2009-07-23,0.01966373046170166,1.4298062256837014
2009-07-24,0.00027436522753203596,1.4301985686143053
2009-07-27,0.0005066534667890735,1.4309233672726624
2009-07-28,-0.0017264403277827268,1.4284550947411325
2009-07-29,-0.0011022906540769332,1.426881389540042
2009-07-30,0.010233685332780839,1.4415586176616484
2009-07-31,-0.0016599139371358796,1.4391677392961224
2009-08-03,0.010698330151124865,1.4546470848491029
2009-08-04,0.00291445146839995,1.4588927670937264
2009-08-05,-0.004490991293791052,1.452355582584862
2009-08-06,-0.006515706495853473,1.4429232224965074
2009-08-07,0.007994840993901855,1.4545054013741094
2009-08-10,-0.001695766458766681,1.4520409900239784
2009-08-11,-0.013615512953327838,1.4324046896175786
2009-08-12,0.010040371568197403,1.4468590068683735
2009-08-13,0.0036748605044014753,1.452185793492366
2009-08-14,-0.003579950963617194,1.4469963341090246
2009-08-17,-0.02022027687438496,1.4180314930230236
2009-08-18,0.007674376255205753,1.4289558654977612
2009-08-19,0.006346659351637706,1.4380538018171276
2009-08-20,0.011011463837128048,1.4539763838325128
2009-08-21,0.014712304397464649,1.4755258595003187
2009-08-24,0.00039817832612273776,1.476113498902078
2009-08-25,0.0007182769702165714,1.4771741381045211
2009-08-26,0.0015701918646880942,1.4794954068606343
2009-08-27,-0.0013592959174268445,1.4774857009961673
2009-08-28,-0.0033164151057851533,1.4725938612680054
2009-08-31,-0.002552113346314243,1.4688404264537698
2009-09-01,-0.018996742766987373,1.4412006071829113
2009-09-02,-0.0020876010427429447,1.438195093540783
2009-09-03,0.004750760138224183,1.4450438690257092
2009-09-04,0.011353857062913966,1.4615441844211599
2009-09-08,0.008350402887073734,1.473799765503896
2009-09-09,0.005372040654443863,1.481738381954265
2009-09-10,0.008162726446963272,1.493882905812668
2009-09-11,-0.0009873091078175186,1.4924087094772318
2009-09-14,0.004239407529932413,1.4987490683845275
2009-09-15,0.002379780783349217,1.502320009960309
2009-09-16,0.010585872320128434,1.5183078510917347
2009-09-17,-0.003229206739795619,1.5134128289188828
2009-09-18,0.005280506430076591,1.5214255520927495
2009-09-21,-0.000580406081403492,1.5205427636625812
2009-09-22,0.006184429369036742,1.5299755912501436
2009-09-23,-0.006011613862132107,1.5208055597380181
2009-09-24,-0.003910178748382801,1.5148705491958971
2009-09-25,-0.0063082443293492755,1.505344453703227
2009-09-28,0.013213513092188227,1.5253673373410497
2009-09-29,-0.00409469001165278,1.519134201030215
2009-09-30,-0.0032277682249385793,1.5142386929597247
2009-10-01,-0.02210031218344612,1.4811406310216064
2009-10-02,-0.0006460618178705704,1.4801840316574422
2009-10-05,0.011456270112157422,1.4972389259456713
2009-10-06,0.015159771629663636,1.5201096455731324
2009-10-07,0.005981157328378994,1.529228905196754
2009-10-08,0.0018781822877692107,1.5321037747598776
2009-10-09,0.006336512294267979,1.5418427922806308
2009-10-12,0.0063856677068177235,1.5517199906984558
2009-10-13,-0.0007644853954785729,1.5505341767541687
2009-10-14,0.01414752297102759,1.5726263005703298
2009-10-15,0.004585740379361691,1.5798545171940708
2009-10-16,-0.00731461558900728,1.5683406498072465
2009-10-19,0.005942202803760215,1.577687791816737
2009-10-20,-0.004100581560391438,1.571231600465772
2009-10-21,-0.009250491653435517,1.556763955243878
2009-10-22,0.006501404823709333,1.5669180802039637
2009-10-23,-0.006435377380886397,1.5568667477804483
2009-10-26,-0.00782955835773051,1.5447247639362793
2009-10-27,0.0022169337324433277,1.5481531151824155
2009-10-28,-0.01081200599390295,1.531504638320261
2009-10-29,0.015744086634166023,1.555807591921715
2009-10-30,-0.024508698823949814,1.518140246506748
2009-11-02,0.00496510556957681,1.5256967169130529
2009-11-03,-0.006287290533122596,1.5161343107015697
2009-11-04,0.00270129562249179,1.520235374276932
2009-11-05,0.017673692590577515,1.547342381815972
2009-11-06,0.004360114402201641,1.5541037009711882
2009-11-09,0.01824740662892033,1.5827223773718657
2009-11-10,0.0008934943369315625,1.5841371628102485
2009-11-11,0.005473912527090891,1.5928323677543084
2009-11-12,-0.0066996479857194605,1.5821966192579417
2009-11-13,0.003906589820468917,1.5883897015044666
2009-11-16,0.010640142972074718,1.6053806276669755
2009-11-17,0.0042531642418479456,1.6122231159456508
2009-11-18,0.0010603732535622108,1.613933580921961
2009-11-19,-0.010527762211025912,1.597031598094604
2009-11-20,-0.0030897965693361357,1.5921047108011026
2009-11-23,0.0148038074910793,1.6158492435530352
2009-11-24,-0.000997323897339013,1.6142385218270865
2009-11-25,0.002506294402600921,1.6182893529660642
2009-11-27,-0.013735272204718162,1.5962136630633588
2009-11-30,0.0019409716643799377,1.599314877264487
2009-12-01,0.01481683030041338,1.6231880802408685
2009-12-02,-0.0015560348698222596,1.6206643070365112
2009-12-03,-0.004049026713553578,1.6141154611367625
2009-12-04,0.005510892820390695,1.623035233824052
2009-12-07,-0.0019588445592169266,1.619859071906201
2009-12-08,-0.010141649927057808,1.603514051101666
2009-12-09,0.0015706023748181866,1.606034512881888
2009-12-10,0.004556562713846611,1.613369207668426
2009-12-11,0.0004439887140057529,1.6140856844301836
2009-12-14,0.00395501112356913,1.6204820517807867
2009-12-15,-0.007348945724100399,1.6086168688283327
2009-12-16,-0.0012858018885572723,1.6065498354029524
2009-12-17,-0.010489990011650543,1.5897852276910975
2009-12-18,0.008321459135691794,1.6030697571734234
2009-12-21,0.00900462176202514,1.6175699805313872
2009-12-22,0.0028052438713521946,1.6221140294084795
2009-12-23,0.0012800120965063356,1.6241916844161315
2009-12-24,0.005259274164709159,1.6327562557535975
2009-12-28,0.002611061426582758,1.6370250532529909
2009-12-29,-4.334342253702977e-05,1.6369541005220822
2009-12-30,0.00036458833076332276,1.637551023694127
2009-12-31,-0.009594804950392997,1.6219141772322432
2010-01-04,0.017421811126443008,1.6466677252651587
2010-01-05,0.0012022164923700155,1.648648566823541
2010-01-06,-0.0038403427621792707,1.6423293330109394
2010-01-07,0.00032263118179867207,1.6428592851494968
2010-01-08,0.000990050037288448,1.6444866034763792
2010-01-11,0.0023373024436599238,1.6483347614358834
2010-01-12,-0.006898500632869731,1.637002854564068
2010-01-13,0.008687788903202967,1.6512867476797053
2010-01-14,0.006102379735244111,1.6613943352682754
2010-01-15,-0.014510897261075007,1.6374600864489417
2010-01-19,0.012589668242014322,1.6582054805002846
2010-01-20,-0.009823103161653314,1.6419964985908773
2010-01-21,-0.01958725796542423,1.6101472278056435
2010-01-22,-0.024476670481709432,1.5712145989632758
2010-01-25,0.0037792281376052097,1.5771638120217537
2010-01-26,-0.004916678953361922,1.5694284356649837
2010-01-27,0.007832580367142758,1.5817693776354065
2010-01-28,-0.010078976018074174,1.5659068353873506
2010-01-29,-0.009001432921161415,1.551874679549666
2010-02-01,0.010220481552565922,1.5678169159759558
2010-02-02,0.011578253669967417,1.5860749922902004
2010-02-03,-0.004290432993594367,1.5792846210456986
2010-02-04,-0.028470316140688633,1.5349559090430371
2010-02-05,0.006406016853344022,1.5448204248585915
2010-02-08,-0.011081455571322979,1.5277960674983702
2010-02-09,0.010781415886972805,1.5443569869542972
2010-02-10,-0.0012883279358992434,1.542368629808053
2010-02-11,0.006690474796059427,1.5527224054678936
2010-02-12,-0.0020946535392075047,1.54947339395055
2010-02-16,0.016973377891097378,1.5759976577844526
2010-02-17,0.0029503647809961593,1.5806542917755104
2010-02-18,0.00589299611118319,1.5899965813720938
2010-02-19,-0.0013011495401084765,1.5879291033921639
2010-02-22,0.0018616490189908024,1.5908880234304443
2010-02-23,-0.012591955778712598,1.5709812275671666
2010-02-24,0.010186231302163616,1.5870653851239283
2010-02-25,-0.00386011148248009,1.5809509446107115
2010-02-26,0.0011202937349423052,1.582723066512399
2010-03-01,0.007343724045258028,1.5943889309690231
2010-03-02,-0.0013000715832171875,1.5923174580505772
2010-03-03,-0.0005672318967349398,1.5914145009158978
2010-03-04,0.004342719771106438,1.5983405962936608
2010-03-05,0.011151607613583052,1.6162644174187626
2010-03-08,0.0007099578113475753,1.6174123043945596
2010-03-09,0.0016451769709854296,1.620075423921128
2010-03-10,0.0035600428303754874,1.6258532403534183
2010-03-11,0.0049634191708153525,1.6339430915486357
2010-03-12,-0.002076142622682037,1.6305543116656525
2010-03-15,0.002673183983636582,1.6349189144300602
2010-03-16,0.005664909609986273,1.6442068651621988
2010-03-17,0.0052876415784167945,1.652923867628297
2010-03-18,0.0003545475713719212,1.653510011673061
2010-03-19,-0.004291929178824309,1.6464284714116708
2010-03-22,0.004307976001022319,1.6535365454671118
2010-03-23,0.010388106659854462,1.6708031880558507
2010-03-24,-0.004453130108136211,1.6633794258318775
2010-03-25,0.00038927588841972805,1.6640270653826996
2010-03-26,-0.0001980669803897521,1.6636975092047483
2010-03-29,0.003394904279203162,1.6693552012255557
2010-03-30,-4.55736988361e-05,1.669279124267932
2010-03-31,-0.0023615875698765765,1.6653416266401166
2010-04-01,0.0039245191249468805,1.671890133168066
2010-04-05,0.003859526696795527,1.6783553059993044
2010-04-06,0.0016816084837783579,1.6811800168839164
2010-04-07,-0.003564756055000164,1.6751976893433729
2010-04-08,0.0023073046893629322,1.6790673433462933
2010-04-09,0.007086811249863411,1.6910088402737786
2010-04-12,0.0013610718835092798,1.693311991882938
2010-04-13,0.0012874795124375583,1.6954935004030753
2010-04-14,0.010287713086699369,1.7130262825572509
2010-04-15,0.0021614459111923036,1.7167329005955878
2010-04-16,-0.015570696361176938,1.6902092059444997
2010-04-19,0.005902169793798277,1.7002146054029232
2010-04-20,0.0032448644132345114,1.7057405318633116
2010-04-21,-0.003779427083763076,1.699305977024031
2010-04-22,-0.000335003434393303,1.6987367990292577
2010-04-23,0.0052505002226639,1.7076794731830163
2010-04-26,-0.006338103170100876,1.696890252216612
2010-04-27,-0.018061108374948204,1.6665176406193178
2010-04-28,0.006028381012614575,1.6765943866365098
2010-04-29,0.010460693952561757,1.6942247797022634
2010-04-30,-0.013088695240555838,1.672194078968615
2010-05-03,0.012279424533692013,1.6928542478576438
2010-05-04,-0.0191867388626646,1.660683508176441
2010-05-05,-0.0011624620375689013,1.6587541482628623
2010-05-06,-0.03465751026417644,1.6022506502436034
2010-05-07,-0.01203993783236078,1.5830753185611084
2010-05-10,0.0382319647775146,1.644771262141162
2010-05-11,-0.005044384751014346,1.636495294199809
2010-05-12,0.012346988897410354,1.6568263387333606
2010-05-13,-0.011952803507985176,1.637140503892408
2010-05-14,-0.015600061109677136,1.6117991889412866
2010-05-17,0.0017686249884541793,1.6146523796316543
2010-05-18,-0.013198625253968508,1.5934812104619536
2010-05-19,-0.0030436140511494163,1.5886386418527758
2010-05-20,-0.037082868491187325,1.530806285983321
2010-05-21,0.01186732921235311,1.5490810902236427
2010-05-24,-0.011793803647653192,1.5309188435178216
2010-05-25,-0.0029843316937186956,1.5263568844778974
2010-05-26,-0.010163304322672035,1.5109226193763063
2010-05-27,0.030145676327206054,1.5571638889834973
2010-05-28,-0.008947517626501944,1.5432932839188194
2010-06-01,-0.007284940674728285,1.5320913362049393
2010-06-02,0.020876135273945908,1.5644116702308566
2010-06-03,0.002679561560083197,1.5686092289034288
2010-06-04,-0.029861388945294703,1.5224608353495743
2010-06-07,-0.011672898136816623,1.5047926253261685
2010-06-08,0.01043752390204404,1.5205811877333029
2010-06-09,-0.010282180084110092,1.5050264037153291
2010-06-10,0.023497878700591952,1.5408101056514583
2010-06-11,0.004521618327956065,1.5477928355880612
2010-06-14,-0.0028075006299303367,1.5434535004204955
2010-06-15,0.01953852798127942,1.5739068478150682
2010-06-16,0.001541167841812152,1.5763343725659817
2010-06-17,0.0011667585385615137,1.5781746475242937
2010-06-18,0.0011413727488710263,1.579976961420259
2010-06-21,-0.005971982409635045,1.5705694853991392
2010-06-22,-0.007478805068444993,1.558867316037431
2010-06-23,-0.003276123583115506,1.5537686305825857
2010-06-24,-0.014156508464241957,1.5319276525627397
2010-06-25,-0.00501875578772404,1.5242585425825133
2010-06-28,0.002492776542830897,1.5280629182819125
2010-06-29,-0.025953423023344937,1.4889146679407326
2010-06-30,-0.011920708393368383,1.4712711210834981
2010-07-01,-0.005913213107421014,1.4625968530787896
2010-07-02,-0.0027598643950258283,1.4585658491704117
2010-07-06,0.009328959684123915,1.4722364181221923
2010-07-07,0.029978858939619983,1.517040619919135
2010-07-08,0.007798501424783957,1.528917514150666
2010-07-09,0.005668509717245685,1.537608808005956
2010-07-12,0.004413988367134619,1.5444107963025477
2010-07-13,0.011795087631745537,1.5627351129992972
2010-07-14,0.002832858634308591,1.5671683971261121
2010-07-15,0.0004017860681148153,1.5677981900670095
2010-07-16,-0.027440633664369357,1.5253617189171749
2010-07-19,0.002506883720224525,1.529190420427413
2010-07-20,0.0064779038615981515,1.539128523241426
2010-07-21,-0.009976279533486725,1.5238500845599767
2010-07-22,0.01891198388585595,1.5529433513729645
2010-07-23,0.0055303301425519555,1.5615554326754375
2010-07-26,0.008789666934933762,1.575341483469445
2010-07-27,0.004998320365137363,1.58323525625665
2010-07-28,-0.005721575272200306,1.5742025219406324
2010-07-29,-0.004447789109493983,1.5672163491362492
2010-07-30,-0.003128849733130668,1.562320427975438
2010-08-02,0.022227642905313757,1.597435950422436
2010-08-03,-0.0012021812577383496,1.5955166967389527
2010-08-04,0.003682327689606726,1.6014027425743622
2010-08-05,-0.0020152184176766112,1.5981788158227508
2010-08-06,-0.0030268405061684447,1.5933486971340662
2010-08-09,0.006757655024876392,1.6041524609042963
2010-08-10,-0.006383628482879632,1.5939447633027855
2010-08-11,-0.023718353259491613,1.5565838395885883
2010-08-12,-0.007416624530571772,1.545081947032261
2010-08-13,-0.004265303084052265,1.5385057389687107
2010-08-16,0.0013973147971924973,1.5406570184606416
2010-08-17,0.00879225218152453,1.5542625876432248
2010-08-18,0.001027568691058455,1.555860520068031
2010-08-19,-0.01579679217533904,1.531476020287177
2010-08-20,-0.004615774408547422,1.5244233617275
2010-08-23,-0.0010289821479167417,1.522855564058654
2010-08-24,-0.01272536579435382,1.5035994503518142
2010-08-25,0.003228020053043166,1.5084609418038015
2010-08-26,-0.00955479055526585,1.4941165513966512
2010-08-27,0.012458836466427559,1.5128479485854023
2010-08-30,-0.013937286664736231,1.4919092066116808
2010-08-31,0.0013707012048847693,1.4939555705151
2010-09-01,0.02562964686471612,1.5327400170193763
2010-09-02,0.004281628712786819,1.539316710117305
2010-09-03,0.012080218915695455,1.5580247641425593
2010-09-07,-0.007394803050322102,1.5465459718761927
2010-09-08,0.005907868466383697,1.5557098047612319
2010-09-09,0.007974639911765512,1.5681656296099027
2010-09-10,0.004867620987068201,1.5758174735695243
2010-09-13,0.012492883447165547,1.5956274618901611
2010-09-14,0.00017974297375380544,1.5959142904921053
2010-09-15,0.004621889887530889,1.6033075027581383
2010-09-16,0.002117045068332271,1.6067053724524418
2010-09-17,0.0021481806114533094,1.6101605756534032
2010-09-20,0.01341077632227162,1.6318995212352545
2010-09-21,-0.0018850263506616255,1.6288262451493252
2010-09-22,-0.0007673491303954323,1.627576846170461
2010-09-23,-0.007617847739798116,1.6152253193284505
2010-09-24,0.014662540870010152,1.6390831070503238
2010-09-27,-0.003668714438226977,1.6330807963044056
2010-09-28,0.0012699068150184272,1.6351559740994401
2010-09-29,-0.004343398872324801,1.6280692408809951
2010-09-30,-0.004520875196380504,1.6207255554821982
2010-10-01,0.00575629368205172,1.6300818306564608
2010-10-04,-0.006247032338138013,1.6199303979244495
2010-10-05,0.019430703867692044,1.6517145802808018
2010-10-06,0.003399019311340975,1.657338342259352
2010-10-07,-0.0028312797067416295,1.6526525903110476
2010-10-08,0.003914688991039551,1.6591348910296586
2010-10-11,0.0012701269463543609,1.661243541806001
2010-10-12,0.0037628563195030904,1.6675063381773494
2010-10-13,0.0030363911421978826,1.6725772343682894
2010-10-14,-0.005230306220198604,1.6638519810197763
2010-10-15,0.003084660515699392,1.6689923235595123
2010-10-18,0.011829108172380105,1.688852245295971
2010-10-19,-0.015577034551851953,1.6627487706997124
2010-10-20,0.010135538397851612,1.6796873203647504
2010-10-21,0.0009029185321650586,1.6812046260731885
2010-10-22,-0.00020811739930984928,1.6808547745450604
2010-10-25,-0.0008583040432303528,1.679412709049837
2010-10-26,0.001777506170045099,1.6824005301507707
2010-10-27,-0.0017095507158795549,1.6795268381810164
2010-10-28,0.004122941396767965,1.6864657233883686
2010-10-29,-0.0027294064418866173,1.681868949065356
2010-11-01,0.002501830752869393,1.6860819684576673
2010-11-02,0.0052843505887846445,1.695015399603139
2010-11-03,0.005908449571083398,1.705059957274047
2010-11-04,0.017336415860121898,1.734877301903189
2010-11-05,0.0027531027997011594,1.739660178314402
2010-11-08,-0.0014717621371937643,1.737101695533242
2010-11-09,-0.005833615985214971,1.7269976116412764
2010-11-10,0.0021493603639248754,1.7307135438644925
2010-11-11,-0.010242399646157937,1.7130773566931567
2010-11-12,-0.010275918693667568,1.6955640498273297
2010-11-15,-0.001483989801579921,1.6930497161536526
2010-11-16,-0.01496881442082014,1.6678955032007787
2010-11-17,-0.002623775192311425,1.6635250563983135
2010-11-18,0.015081633687082931,1.6888038757256731
2010-11-19,-0.0005839523108681644,1.6878179826851154
2010-11-22,-0.002959558590582416,1.6828301709762967
2010-11-23,-0.014814901802354449,1.6580829735206366
2010-11-24,0.011748199970624148,1.6776773377484084
2010-11-26,-0.008076623805274024,1.664181941006804
2010-11-29,-0.0004606746023538589,1.663415471213025
2010-11-30,-0.009324432895401597,1.6479771539083312
2010-12-01,0.01851538972442795,1.6787743241567599
2010-12-02,0.011794041563605842,1.6986910769500514
2010-12-03,0.002535591196117112,1.7030037283395534
2010-12-06,-0.0008536203050903183,1.701550630062731
2010-12-07,0.001128770291576078,1.7034723742633944
2010-12-08,0.0074860734563115304,1.7162725453201946
2010-12-09,0.006227285764002184,1.7269936118351805
2010-12-10,0.006203169093742468,1.737739740802139
2010-12-13,0.0010522728283654218,1.7395692795322857
2010-12-14,0.0014842619011985897,1.7421531730513775
2010-12-15,-0.002440508163684055,1.737906617994035
2010-12-16,0.0048401598269261084,1.7463387537700839
2010-12-17,0.000595067906895057,1.747378253172712
2010-12-20,0.0008944948022144033,1.7489419732031333
2010-12-21,0.005893590307566036,1.7592799546549203
2010-12-22,0.004477099615781642,1.7671740844806623
2010-12-23,0.00015199704257421966,1.767442710129852
2010-12-27,0.0005265164603394405,1.7683735428373097
2010-12-28,0.0022348867149591784,1.7723300769312096
2010-12-29,-0.00017041842379934035,1.7720280649679792
2010-12-30,-0.0020755646836849444,1.768353920379217
2010-12-31,0.00046642298960417435,1.7691789136844038
2011-01-03,0.013412984079877798,1.7896822873336535
2011-01-04,0.0035935518157150176,1.796125172854926
2011-01-05,0.0029595907122978026,1.8014488422900263
2011-01-06,-0.0007088143444312331,1.8001724019429082
2011-01-07,-0.004166730521339897,1.7926871739456882
2011-01-10,-0.002757928078132085,1.7877498831293301
2011-01-11,0.002954967096106314,1.7930404380682423
2011-01-12,0.011326436922290854,1.8134646458917132
2011-01-13,-0.0015585148963846757,1.8106405355077149
2011-01-14,0.008578400460787807,1.8262397475952235
2011-01-18,-0.0030235824605021533,1.8207263005070295
2011-01-19,-0.006076737844415132,1.8096957728482843
2011-01-20,0.0021889845580189454,1.8136615078325466
2011-01-21,0.003450142208244911,1.8199297048199075
2011-01-24,0.0063248677253188845,1.8314769985301673
2011-01-25,0.0016073815234382872,1.8344232480573877
2011-01-26,0.0003042635405316983,1.8349814810903482
2011-01-27,0.000592112038339632,1.8360683174481243
2011-01-28,-0.016136210970777734,1.8066788864428283
2011-01-31,0.005311121086024209,1.8162999033493712
2011-02-01,0.019928520432780324,1.8528591489838613
2011-02-02,-0.004618084028520083,1.8443222170473994
2011-02-03,0.0019155069910532685,1.8478584148724948
2011-02-04,-0.0004398935668406031,1.847045732603316
2011-02-07,0.008741889199055242,1.8632631840462726
2011-02-08,0.00442432113568731,1.8715251219891091
2011-02-09,-0.005021854902584167,1.8621501539468401
2011-02-10,-0.00030822298319351264,1.861576284915592
2011-02-11,0.004949166478110838,1.8708123724762364
2011-02-14,0.0025620838952005853,1.8756116962364173
2011-02-15,-0.004576260132466926,1.8670480189595475
2011-02-16,0.0036862804861141152,1.8739431825840316
2011-02-17,0.002469515987979925,1.8785766340704895
2011-02-18,0.0015101500061885783,1.8814157097615878
2011-02-22,-0.021269347298185373,1.8418217866992586
2011-02-23,-0.002258750392347198,1.8376662659247804
2011-02-24,-0.0014197027212991468,1.8350591772095737
2011-02-25,0.007862721023972733,1.8495446084077538
2011-02-28,0.005503173264029447,1.8597510309448124
2011-03-01,-0.01427189076754216,1.8333973729633442
2011-03-02,0.0008730012743408042,1.8349986300543575
2011-03-03,0.015547567957526525,1.8637513340775498
2011-03-04,-0.009557543643481157,1.8460233025286
2011-03-07,-0.007297067877561892,1.8326017736449793
2011-03-08,0.012229971997747908,1.8551520556041974
2011-03-09,0.0007538445369992284,1.8565510791034752
2011-03-10,-0.018985684870699668,1.8216356805295995
2011-03-11,0.004836425688876363,1.8304672254712084
2011-03-14,-0.005125860937137177,1.8211085112485306
2011-03-15,-0.012367667756905348,1.7987243514788749
2011-03-16,-0.0234888578248594,1.7569667104494016
2011-03-17,0.013492399932763107,1.780833053033901
2011-03-18,0.006037097026223849,1.7916166329697591
2011-03-21,0.011705854002580528,1.8127122660154031
2011-03-22,-0.003200047386635762,1.8069207723351461
2011-03-23,0.0011021230129647699,1.8089133191150797
2011-03-24,0.007631296727207833,1.8227704802115732
2011-03-25,0.004009202937540369,1.8300930059127325
2011-03-28,-0.0025809587416343177,1.8253757015736871
2011-03-29,0.005733382910631316,1.8358713384283087
2011-03-30,0.005914809800424188,1.8467623455792963
2011-03-31,-0.004126817209108223,1.839156799094414
2011-04-01,0.004559765187466011,1.8475620707105196
2011-04-04,0.0012140690728813218,1.8498065008517242
2011-04-05,-0.001633193888820667,1.846787873851588
2011-04-06,0.0053594941792307884,1.8567122938915988
2011-04-07,0.00015527710539535206,1.8570006211868808
2011-04-08,-0.0034387031673043427,1.850625913913736
2011-04-11,-0.0006722306941068614,1.8493822844208847
2011-04-12,-0.006712216620779025,1.8370103977549364
2011-04-13,-0.00231408759926135,1.8327643095785917
2011-04-14,-0.0018407101285897963,1.8293938247450783
2011-04-15,-0.0019227633498411802,1.8258797128318744
2011-04-18,-0.008670157839074925,1.8101174768028914
2011-04-19,0.007282285046507975,1.8233473817391272
2011-04-20,0.00923383273183571,1.840261838926128
2011-04-21,0.0010905710256745634,1.8422698699185047
2011-04-25,0.0015835252783504947,1.845189461840784
2011-04-26,0.007197746805111365,1.8585185806600624
2011-04-27,0.008784332352283502,1.8749163418037236
2011-04-28,0.0030288401626594507,1.8806037725327327
2011-04-29,0.0015703678587715467,1.8835593323028554
2011-05-02,-0.0030383530814419397,1.8778450993261144
2011-05-03,0.002542296180123837,1.8826252114047386
2011-05-04,-0.004587311480174119,1.8740088013478764
2011-05-05,-0.012795551829241743,1.8501825844785336
2011-05-06,0.0016986356898685943,1.8533280413856683
2011-05-09,4.372152985574555e-05,1.8534090734943731
2011-05-10,0.006822663269769539,1.8660974946974838
2011-05-11,-0.008205793975160747,1.8508473385107238
2011-05-12,0.0061010563983844015,1.8621739796116876
2011-05-13,-0.009921256839068025,1.8437902190804767
2011-05-16,-0.00692572527398542,1.831064751970281
2011-05-17,0.004181476741548582,1.8387373368310547
2011-05-18,0.00461411306390282,1.8472410823325336
2011-05-19,0.0011750870428977429,1.8494130272557356
2011-05-20,-0.010145606976128303,1.8307444715934071
2011-05-23,-0.011290044655209728,1.8101915249145735
2011-05-24,-0.0011667288509204458,1.8080807538249697
2011-05-25,0.001595399730897682,1.8109676676514959
2011-05-26,0.002177795850780308,1.814915883167224
2011-05-27,0.004643379210965372,1.823362821841481
2011-05-31,0.012143121088827265,1.845639115512405
2011-06-01,-0.021589940673627926,1.8062189472674743
2011-06-02,-0.0028434776343254833,1.8010902991419262
2011-06-03,-0.007447049893526181,1.7877273090062207
2011-06-06,-0.010298677516481128,1.769410562986992
2011-06-07,-0.0046991729749707185,1.76111530238481
2011-06-08,-0.002970017256461279,1.7558925192632893
2011-06-09,0.006660383884235561,1.7676264704335047
2011-06-10,-0.01031026933339369,1.7494953941954894
2011-06-13,0.006251006934378256,1.7604657542122453
2011-06-14,0.007343714632841033,1.773441699836782
2011-06-15,-0.017470326330357062,1.7427281635388319
2011-06-16,0.0035387995107340493,1.748906254175964
2011-06-17,0.00272929176525,1.753686049374447
2011-06-20,0.002312846149883105,1.7577467494790038
2011-06-21,0.011839595174042837,1.7786814440209613
2011-06-22,-0.006248717331595708,1.76760161985129
2011-06-23,-0.003103888933734364,1.7621236865903214
2011-06-24,-0.013791722037868144,1.7379877868945155
2011-06-27,0.011128513604531052,1.7574370274727344
2011-06-28,0.010430886789846784,1.7758645950004048
2011-06-29,0.007732799407809411,1.7896502317769505
2011-06-30,0.009193953791997986,1.8061800641321195
2011-07-01,0.013623646922633141,1.8309552042901376
2011-07-05,-2.6097571547872392e-05,1.8309074214292036
2011-07-06,0.0008490359138000706,1.832462587687421
2011-07-07,0.01007210027329009,1.8510125965721607
2011-07-08,-0.006452915480333816,1.8391066241640903
2011-07-11,-0.015199002774684646,1.8113653910590195
2011-07-12,-0.004387295937789992,1.8034358024821464
2011-07-13,0.004644050242339529,1.8118305266305108
2011-07-14,-0.004884199395999407,1.8030027608998662
2011-07-15,0.006043131637640666,1.8139315326708734
2011-07-18,-0.0052263457314135,1.8044760297345617
2011-07-19,0.018504856912419865,1.838178468145976
2011-07-20,0.0003281923067821777,1.8387818431838212
2011-07-21,0.013272186317633891,1.8633491688370245
2011-07-22,0.002293183046785394,1.8676270726948643
2011-07-25,-0.0064888072377556495,1.8555476335874068
2011-07-26,-0.0027952315846794923,1.8503681904789964
2011-07-27,-0.0181449262197711,1.8170961682414772
2011-07-28,-0.0021121781381217906,1.8132621878901696
2011-07-29,-0.00735591321971043,1.7999729258434964
2011-08-01,0.0005045770137407073,1.8008813799804964
2011-08-02,-0.021993883230652544,1.7617054003641035
2011-08-03,0.006446509165007763,1.7730989351797104
2011-08-04,-0.04322242173985398,1.698093930711182
2011-08-05,-0.0016566745246427022,1.6952830707386604
2011-08-08,-0.06324115087394311,1.5913911636794347
2011-08-09,0.048065028762383215,1.669749488287446
2011-08-10,-0.048144399794613095,1.5912648583326512
2011-08-11,0.041241259784628434,1.6582626669715201
2011-08-12,0.0008718316334839653,1.659709023219163
2011-08-15,0.02172400957544241,1.6961590447556458
2011-08-16,-0.008805451333401075,1.6812891629228537
2011-08-17,0.003328826627691278,1.6868952086576434
2011-08-18,-0.03885537156638378,1.6226073213678285
2011-08-19,-0.01566078252942755,1.5973939667262398
2011-08-22,-0.0012715689857077004,1.5953640609563153
2011-08-23,0.031408832126283134,1.6462678119050413
2011-08-24,0.013461797370335354,1.668579375539788
2011-08-25,-0.009362965958671763,1.6530294340325693
2011-08-26,0.011497999534145455,1.6721456542375872
2011-08-29,0.026154056255642703,1.7164559671676651
2011-08-30,-0.0012180891605733386,1.7143664436308017
2011-08-31,0.0024213823770088574,1.718522610128636
2011-09-01,-0.012378645461364893,1.6973807517697683
2011-09-02,-0.023994953260103587,1.6571369350889429
2011-09-06,-0.008961794021609425,1.6423523623092926
2011-09-07,0.025538256130228844,1.6848353392333228
2011-09-08,-0.010718991479923444,1.666872049753793
2011-09-09,-0.02464623261184636,1.6262920595478036
2011-09-12,0.00921247284989527,1.641343454827159
2011-09-13,0.006315490967862244,1.6517421464497923
2011-09-14,0.011680920779862394,1.671149140729262
2011-09-15,0.017863770168002797,1.7012704035476072
2011-09-16,0.006819395388951757,1.712911687237108
2011-09-19,-0.008343930128844348,1.698678733762723
2011-09-20,-0.00029994902056683587,1.6981692931471994
2011-09-21,-0.023080322813992242,1.6594238463423574
2011-09-22,-0.028741784126009206,1.6124079414419203
2011-09-23,0.007862272780800742,1.625135099143195
2011-09-26,0.026153771170068764,1.66819920027329
2011-09-27,0.00877924921079865,1.682909213741475
2011-09-28,-0.015201766278748243,1.65751949444361
2011-09-29,0.01327541312156837,1.679670456760746
2011-09-30,-0.023051917742269397,1.641393702827188
2011-10-03,-0.026852983813466774,1.5979039128863104
2011-10-04,0.019413355026724966,1.6292276545406807
2011-10-05,0.014360953470699836,1.652793727705893
2011-10-06,0.014346951363138303,1.6766771967451588
2011-10-07,-0.006368610802047838,1.666033022516484
2011-10-10,0.03363877997945137,1.7230296141797294
2011-10-11,0.0012475290142705774,1.7251804849737717
2011-10-12,0.010755080675096979,1.7438350762688328
2011-10-13,-0.005102946842220337,1.7349590447924597
2011-10-14,0.016335464175241364,1.7635331563946206
2011-10-17,-0.01806753762898493,1.7319565692923355
2011-10-18,0.018613489860603873,1.764496224127456
2011-10-19,-0.010422480579231447,1.7462013013496296
2011-10-20,0.0032745966486698273,1.751928778750113
2011-10-21,0.012200135523480562,1.7734334605595816
2011-10-24,0.010147195915887183,1.7915204482369087
2011-10-25,-0.016631334660219304,1.7619714726663747
2011-10-26,0.01103971109745168,1.7815308952233517
2011-10-27,0.029257559466113227,1.8344241318204704
2011-10-28,-0.0007973159040503277,1.8329620992137736
2011-10-31,-0.02576869464771851,1.7863324316566467
2011-11-01,-0.027416938705429588,1.7380219537410733
2011-11-02,0.013704626275500236,1.7620048580813852
2011-11-03,0.017766293551562215,1.7935888884427775
2011-11-04,-0.010445337005774718,1.7749517530831873
2011-11-07,0.008401997482169653,1.7899277191577287
2011-11-08,0.014069405397809797,1.8152889280872155
2011-11-09,-0.03660087516138902,1.7500489673992738
2011-11-10,0.004559907387098614,1.7580472504696734
2011-11-11,0.016464143100464235,1.7872315802276306
2011-11-14,-0.009498843488673192,1.7703353216696436
2011-11-15,0.004223398972405965,1.7778279651220774
2011-11-16,-0.01659531940557837,1.7485678045766444
2011-11-17,-0.013241489626523372,1.7255667821079117
2011-11-18,-0.0006281590213118295,1.7244831921358934
2011-11-21,-0.021329374949456654,1.688090539505901
2011-11-22,-0.003918134448689423,1.68148931449915
2011-11-23,-0.021086537029317478,1.6464037444245139
2011-11-25,-0.0030450972481164793,1.6413979104068719
2011-11-28,0.02643034767440538,1.685359022484059
2011-11-29,0.003089930829541666,1.6905747192077178
2011-11-30,0.04198904224040326,1.76307172115543
2011-12-01,-0.0017607165280598275,1.7599701829019319
2011-12-02,0.0027699948036455356,1.7648520494140827
2011-12-05,0.011692483998405966,1.785608665485606
2011-12-06,0.0043338726523620965,1.7933640593547013
2011-12-07,0.005499780985533121,1.8032543411706614
2011-12-08,-0.01987468366298564,1.7677690293094643
2011-12-09,0.016504809831653748,1.79718782898641
2011-12-12,-0.015744301076317534,1.7691139444787252
2011-12-13,-0.0039115622166356785,1.7622074615912822
2011-12-14,-0.00901876553144579,1.746385978043346
2011-12-15,0.0007070960217032227,1.7476212773069069
2011-12-16,0.0035075544345008437,1.7537619170864394
2011-12-19,-0.01066112562607785,1.7351641536671
2011-12-20,0.025490245716677462,1.779962448449145
2011-12-21,-0.0018643125850217501,1.7766471334076555
2011-12-22,0.00963494486821095,1.7938477610738517
2011-12-23,0.010743219945165777,1.8132233538914708
2011-12-27,-0.0016267034497658053,1.810276174949469
2011-12-28,-0.009809032915979126,1.792605922089863
2011-12-29,0.010998775190682882,1.8124312187628566
2011-12-30,-0.004824391453979397,1.8037083991467862
2012-01-03,0.01581167726420587,1.8300148456695644
2012-01-04,0.00114650723492671,1.832114174147832
2012-01-05,0.00150619258946966,1.8348757701656409
2012-01-06,-0.003328268109223409,1.8287789631875755
2012-01-09,0.00032662763689078,1.8293763905015414
2012-01-10,0.0031846309171806946,1.8352115656218073
2012-01-11,0.0006871137996602779,1.8364729981380572
2012-01-12,0.00012573560254012793,1.8367039226944417
2012-01-13,-0.0030854036959482196,1.8310456830884296
2012-01-17,0.0015204311772054043,1.8338317795291095
2012-01-18,0.0072810916234430905,1.8472328045796906
2012-01-19,0.0029897769980233406,1.8527638829541822
2012-01-20,0.005353455544669504,1.8627091691077764
2012-01-23,-0.0005763104217818853,1.8616359796757016
2012-01-24,-0.004670847562584533,1.852960837702477
2012-01-25,0.006885914638867226,1.8657641986953888
2012-01-26,-0.007224767591349996,1.8523330628194798
2012-01-27,-0.0032948392095002795,1.8462399666133944
2012-01-30,0.0004217897013628924,1.8470188558697425
2012-01-31,-0.0026058223465703963,1.8422121183325606
2012-02-01,0.0066717096914240305,1.8545439141144044
2012-02-02,-0.0007254503336051091,1.8531990224982429
2012-02-03,0.010639839862604916,1.873022033153701
2012-02-06,0.0009809698094173122,1.874860312721562
2012-02-07,0.0019740584495169093,1.8785650520464525
2012-02-08,0.002558103791243282,1.8833767682389602
2012-02-09,0.0025302760945952745,1.8881482655097794
2012-02-10,-0.005944756406220846,1.8769569816989908
2012-02-13,0.007692463466168093,1.8914510808998268
2012-02-14,-0.00047180699358150946,1.8905588915389813
2012-02-15,-0.007529460277012997,1.8763774597261977
2012-02-16,0.011665234870171081,1.8983940079390866
2012-02-17,0.004139523837788666,1.9062687427698464
2012-02-21,0.0021257685530508,1.9103253390817163
2012-02-22,-0.00492639636365005,1.9009374624649777
2012-02-23,0.004184947777837541,1.908909456027721
2012-02-24,0.002624133286419985,1.9139252670721345
2012-02-27,0.002723183788417905,1.9191443403542756
2012-02-28,0.006274403288667527,1.9312236816156862
2012-02-29,-0.0017366388404025336,1.9278727540783196
2012-03-01,0.006027488471774507,1.9395280757500157
2012-03-02,-0.00030331285414528957,1.9389398811616643
2012-03-05,-0.0006042086006741655,1.9377687108604904
2012-03-06,-0.011340388831915646,1.9159177933400642
2012-03-07,0.005892656007525401,1.9272409668532278
2012-03-08,0.006826379118113644,1.9404420508835414
2012-03-09,0.0022410848885033884,1.9447956227807508
2012-03-12,0.0030935003308922688,1.9508211638848005
2012-03-13,0.019446665098428403,1.9891294062520963
2012-03-14,0.0014824420629745076,1.9920803621227514
2012-03-15,0.005691419631469502,2.0034504526896417
2012-03-16,-0.0016906782176247057,2.0000661243604276
2012-03-19,0.004018328326174881,2.0081192158689514
2012-03-20,-0.0002624723260347195,2.007592209312751
2012-03-21,-0.002807360191229552,2.0019640786554844
2012-03-22,-0.004199958321325521,1.9935735452434882
2012-03-23,0.0005876013099485635,1.994745315903424
2012-03-26,0.013165699287175144,2.0211811743129573
2012-03-27,-0.0015447595652921156,2.0180613456737144
2012-03-28,-0.0005867153190024017,2.0168776654431384
2012-03-29,-0.002560774944712568,2.011719502916351
2012-03-30,0.0024674768925241515,2.01668950346316
2012-04-02,0.007164260795650672,2.0311894717675596
2012-04-03,-0.0042765334728529555,2.022521569499346
2012-04-04,-0.008815938931765497,2.004769508373049
2012-04-05,8.25817361942211e-05,2.0049350725559143
2012-04-09,-0.008615494157727381,1.9877357628152388
2012-04-10,-0.014451047144398696,1.9592174555919513
2012-04-11,0.005599607668693878,1.9702190783195557
2012-04-12,0.00970000367976079,1.98942320007886
2012-04-13,-0.014649732086420283,1.9604911242067389
2012-04-16,0.001255683528270053,1.962954426859342
2012-04-17,0.015825710395627367,1.994266691032518
2012-04-18,-0.006475390592584953,1.98139475564435
2012-04-19,-0.006686367098138419,1.968190615997873
2012-04-20,0.003540249732251964,1.9751708508960588
2012-04-23,-0.007627733097772815,1.9601620890081293
2012-04-24,0.005067197688627776,1.9701198254177101
2012-04-25,0.012099925275155653,1.9941029323798585
2012-04-26,0.009056294231775291,2.012244137319138
2012-04-27,0.00023770428826399198,2.0127225132333635
2012-04-30,-0.004366174529652197,2.00395377231767
2012-05-01,0.006761467020099163,2.0175493508908597
2012-05-02,-0.001191461267262215,2.015146950452219
2012-05-03,-0.0030711404658077274,2.008967644722958
2012-05-04,-0.015331820539157786,1.9784014299358135
2012-05-07,0.0014192371992373498,1.9812112442650769
2012-05-08,-0.0034847447388509866,1.9743192442099222
2012-05-09,-0.006638905150742775,1.9612553390067644
2012-05-10,0.004563577371244068,1.9702261333792008
2012-05-11,-0.00418865622439425,1.9619907929677363
2012-05-14,-0.011391417427552883,1.9397677531304227
2012-05-15,-0.003006549070037676,1.9339445045240256
2012-05-16,1.438287868751899e-06,1.9339472860949456
2012-05-17,-0.007756829360118282,1.919004018121092
2012-05-18,-0.007005811176991201,1.9056068222306415
2012-05-21,0.009285838001559821,1.9233843905445547
2012-05-22,0.0006479136520530217,1.924630981347325
2012-05-23,-0.0005759268916981848,1.9235228537394458
2012-05-24,0.0018100318657197083,1.9270076442386685
2012-05-25,-0.0037458656073066526,1.919802835126954
2012-05-29,0.008051226014508596,1.935321991943278
2012-05-30,-0.009153902168994574,1.9176870810295188
2012-05-31,-1.1043371065186343e-05,1.9176659034164325
2012-06-01,-0.02041854364338718,1.8789070051955648
2012-06-04,-0.00016575759810868808,1.878595587893919
2012-06-05,0.002170811044037649,1.8826780935143366
2012-06-06,0.020384131729689448,1.9214486614965656
2012-06-07,-0.00029529095960210733,1.920881358841281
2012-06-08,0.01074579779163398,1.9416340639954424
2012-06-11,-0.010359487581530128,1.9216235582729784
2012-06-12,0.010388019540849442,1.9416894634098922
2012-06-13,-0.0006587697999683158,1.9404107582628922
2012-06-14,0.011869019628321494,1.9635787503367734
2012-06-15,0.009888975293991806,1.9830928603360394
2012-06-18,-0.0010752339916002718,1.980961717428077
2012-06-19,0.008194445289213504,1.9972612916178856
2012-06-20,0.0010212470973955412,1.9993020307868021
2012-06-21,-0.019008653933279225,1.9616569153766241
2012-06-22,0.00714672221546321,1.9757265484278352
2012-06-25,-0.012632660723259102,1.9509248508042047
2012-06-26,0.004881019635072475,1.9604706309258053
2012-06-27,0.009483456321933977,1.9791511062569238
2012-06-28,-0.0025087066411544033,1.974192219529616
2012-06-29,0.021247830928234707,2.0165883397905158
2012-07-02,0.0042894907747938645,2.0252570557673772
2012-07-03,0.004170212535776494,2.0337204429257905
2012-07-05,-0.005229169396629662,2.0231135310635873
2012-07-06,-0.007198774406343486,2.008601888843244
2012-07-09,0.002068991673787175,2.0127619715314213
2012-07-10,-0.0054827316935152585,2.00175673462761
2012-07-11,-2.9457027632377038e-05,2.001697769692635
2012-07-12,-0.00640600008088531,1.9889158777292233
2012-07-13,0.01704933302044849,2.0231162855059264
2012-07-16,-0.0019979873720608514,2.0190781601203724
2012-07-17,0.006316740360160587,2.0318725194050566
2012-07-18,0.0060767884609564775,2.0442573708346106
2012-07-19,0.0008816649238219259,2.0460605156216918
2012-07-20,-0.0068906169227505734,2.032010359123291
2012-07-23,-0.00499108892030515,2.0218936823519402
2012-07-24,-0.006675766223886499,2.008440946420101
2012-07-25,-0.0013043511755398494,2.0058229418804596
2012-07-26,0.01619449509027004,2.0385706825239236
2012-07-27,0.01633298005820989,2.072140014180723
2012-07-30,0.00039665218079962147,2.0729620960657775
2012-07-31,-7.64362163425319e-05,2.072803652742014
2012-08-01,-0.0009904502475746883,2.0707516602169833
2012-08-02,-0.007964501431773258,2.0543246589267796
2012-08-03,0.016903430251543512,2.089344940106832
2012-08-06,0.0015175524810200622,2.0925180377665495
2012-08-07,0.00021385591168983917,2.092965582972632
2012-08-08,0.0008864621562832074,2.0948217403414224
2012-08-09,0.0004497138762482016,2.095764022609145
2012-08-10,0.0028105647560675577,2.1016625883757873
2012-08-13,-0.00045649768917839143,2.100703403210324
2012-08-14,0.0017386292972569337,2.104358924569423
2012-08-15,-0.0005302214698981085,2.1032434440392413
2012-08-16,0.004293450610525978,2.112293028959633
2012-08-17,0.00015658460307347563,2.112623807421879
2012-08-20,9.489672038877068e-05,2.1128242980054175
2012-08-21,-0.00542336364161963,2.1013966995473403
2012-08-22,-0.001080406152147161,2.099127563639971
2012-08-23,-0.008053131681832103,2.0822908978883654
2012-08-24,0.007040803584038498,2.0970036330651296
2012-08-27,-0.0007350782839407472,2.0954627376418844
2012-08-28,-0.0003522823944160861,2.094724673022477
2012-08-29,-0.00010742240783378892,2.0944996647400345
2012-08-30,-0.007825396575147608,2.0781733375436877
2012-08-31,0.005304689209034605,2.089226692608673
2012-09-04,-0.0008119740721077392,2.0875309832327082
2012-09-05,0.001759298993823606,2.09120680687941
2012-09-06,0.01946732292709163,2.132315848316293
2012-09-07,-0.0007332275451361934,2.13075294865194
2012-09-10,-0.0064516072542221015,2.1170504166774164
2012-09-11,0.001833926099377476,2.1209364929894803
2012-09-12,0.0017404348897239303,2.12463105900396
2012-09-13,0.01740160693308842,2.1619266137264894
2012-09-14,-0.00018492564251945887,2.161526855022323
2012-09-17,0.00038423817733063354,2.1623575557445935
2012-09-18,0.002562736535999772,2.167906215296085
2012-09-19,0.00036700395922152716,2.168701991477892
2012-09-20,0.00293761574443024,2.1750821712631376
2012-09-21,-0.00033769023539568756,2.174347791256176
2012-09-24,-0.0008136988213041266,2.172579246650237
2012-09-25,-0.008336091746454945,2.154543704133614
2012-09-26,-0.0038756064900749253,2.1462097006613146
2012-09-27,0.008061838562970845,2.1635820291539876
2012-09-28,-0.005251257537738597,2.1522502817170146
2012-10-01,0.004339419195171367,2.1616100912834257
2012-10-02,0.0006680288229198692,2.1630545915585078
2012-10-03,0.00515044926676303,2.1742240336248284
2012-10-04,0.005807814980009392,2.1868882646948933
2012-10-05,0.00025189514362999627,2.1874392006145595
2012-10-08,-0.005295595049384971,2.175886025879529
2012-10-09,-0.011529448561598635,2.1509433239659934
2012-10-10,-0.00481512173899245,2.140611165271321
2012-10-11,-0.002204902991086884,2.1358965248826642
2012-10-12,-0.0025799043278753116,2.130393218248984
2012-10-15,0.005952174826130446,2.143111504314474
2012-10-16,0.006892519579505699,2.1579339656910244
2012-10-17,0.001975482937867203,2.1622011408994672
2012-10-18,-0.006911910776921006,2.147307729789928
2012-10-19,-0.016420673307598495,2.112335411395872
2012-10-22,0.0003449718678483256,2.113064233392578
2012-10-23,-0.014698050085397641,2.0822334407598775
2012-10-24,0.00035505405143906025,2.082972877441288
2012-10-25,0.00424996347542832,2.0918442742939543
2012-10-26,-0.0005189968390671459,2.090758895406244
2012-10-31,-0.001544371671198076,2.0875324786314793
2012-11-01,0.008631253733101165,2.1056284843955937
2012-11-02,-0.009916043152297797,2.0848521611811504
2012-11-05,0.0008826248715544961,2.086693115868808
2012-11-06,0.0060126072947575765,2.0992773763157033
2012-11-07,-0.025170347215546077,2.047097286191684
2012-11-08,-0.012270421646888454,2.022132019747655
2012-11-09,0.0030285894685150106,2.028265510711467
2012-11-12,-0.0019134240938568257,2.024388289182016
2012-11-13,-0.007002849157900818,2.0102613255854385
2012-11-14,-0.012388194263449058,1.9855114374987788
2012-11-15,-0.0030289882917651895,1.9795064457175287
2012-11-16,0.0028599064185176977,1.985175751885548
2012-11-19,0.019813922485045786,2.0249021384461785
2012-11-20,-0.00017027478672131097,2.02455737801926
2012-11-21,0.002508238563491442,2.0296418247458545
2012-11-23,0.014669289909623998,2.0596346781767645
2012-11-26,-0.002963635157153283,2.0535397085278713
2012-11-27,-0.0054756703184494545,2.0423259315894073
2012-11-28,0.009120472007631109,2.0610381103189814
2012-11-29,0.002790249060757529,2.066796950533452
2012-11-30,0.0012552475292942585,2.069392921251216
2012-12-03,-0.004211727141907472,2.060695531290847
2012-12-04,-0.002563164939672001,2.0554203921675867
2012-12-05,-9.211742411672939e-05,2.0552310608560735
2012-12-06,0.004202978229014794,2.0638873305742664
2012-12-07,0.002094953138577088,2.0682156100034037
2012-12-10,-0.0013703012204484186,2.06538347251276
2012-12-11,0.007663695558826215,2.0812727501840413
2012-12-12,0.0008154802853629691,2.082970679300045
2012-12-13,-0.0050590959110844175,2.0724593422040667
2012-12-14,-0.004428311407759644,2.063302137298689
2012-12-17,0.00950874050840868,2.0830151161823927
2012-12-18,0.006565430692938859,2.096736000029619
2012-12-19,-0.007488654404594727,2.081092914682928
2012-12-20,0.0058677788332321375,2.093340204691892
2012-12-21,-0.009522308396546867,2.07350137929658
2012-12-24,-0.0038547631923231715,2.065523908010012
2012-12-26,-0.0030345452941144325,2.0592654826951633
2012-12-27,-0.001263087884089671,2.0566660913892663
2012-12-28,-0.011609935943694392,2.0329264045888515
2012-12-31,0.013697620445282218,2.0609642463478477
2013-01-02,0.027437537844438937,2.1166087742667608
2013-01-03,-0.005090424627439574,2.1058617135935953
2013-01-04,0.0035098733410444615,2.113266007948493
2013-01-07,-0.0034951563833458864,2.1058927056994077
2013-01-08,-0.0031714198507143657,2.0992246150155753
2013-01-09,-0.00192095334513637,2.095195973124555
2013-01-10,0.00925394980299444,2.1146748005262475
2013-01-11,0.0005439347809306903,2.115825358586517
2013-01-14,-0.004035085514668042,2.1073050240304014
2013-01-15,0.0001755474975153028,2.107674988626101
2013-01-16,0.0008136046453395614,2.109390500567323
2013-01-17,0.0007313089058416072,2.1109336808282437
2013-01-18,0.0033814333359898506,2.1180837442652183
2013-01-22,0.002258484771919957,2.1228728101278
2013-01-23,0.005499641312443159,2.1345800123338523
2013-01-24,-0.0015705575797427434,2.131230162770301
2013-01-25,0.005088039665242624,2.1421015800219405
2013-01-28,-0.00021684048471701828,2.141637136033965
2013-01-29,0.00849468788762518,2.1599071643038315
2013-01-30,-0.0042723170320000696,2.150699040157134
2013-01-31,-0.001959368805143651,2.1464891532559887
2013-02-01,0.012662001311203435,2.173840799588537
2013-02-04,-0.012258354168990316,2.1473557523568507
2013-02-05,0.010803711245801742,2.170680936246886
2013-02-06,0.0003972993548197086,2.171543517722562
2013-02-07,-0.0016816602177797861,2.167894788199151
2013-02-08,0.0038959206998956963,2.176357208134503
2013-02-11,0.0011926245001992587,2.1789543334519155
2013-02-12,0.001819748093942716,2.182923091421672
2013-02-13,0.0010482932383670538,2.18521263478503
2013-02-14,-0.0001532370387140205,2.184877804926738
2013-02-15,-0.0009486782978273226,2.1828060416436124
2013-02-19,0.00907636646504714,2.2027081720857042
2013-02-20,-0.007045772732376114,2.1872429371529587
2013-02-21,-0.0023045038837857055,2.18220823078786
2013-02-22,0.007283729610172519,2.1981608723302744
2013-02-25,-0.01721314201024014,2.1606474056295464
2013-02-26,0.005392098811678299,2.1723292965891066
2013-02-27,0.011801943177036204,2.19811888781125
2013-02-28,-0.001950654747626593,2.1938352960294907
2013-03-01,0.002710367238252725,2.1997894606833905
2013-03-04,0.00630192611675334,2.2136961447603642
2013-03-05,0.008475860529016463,2.232538865869742
2013-03-06,0.0015226100992320058,2.235940741301562
2013-03-07,0.00399326453158886,2.2448872952482173
2013-03-08,0.00017336702223643178,2.2452765184121066
2013-03-11,0.0024611840171703805,2.250809362974754
2013-03-12,-0.004388152335528821,2.240954107607013
2013-03-13,0.000260721799596856,2.24153844936677
2013-03-14,0.007880480464659518,2.2592726345003107
2013-03-15,-0.0015241956785423884,2.2558316839213175
2013-03-18,-0.003325576860262696,2.2483422025979816
2013-03-19,0.0016449339920574485,2.252043620572324
2013-03-20,0.004207468439804075,2.26153898474562
2013-03-21,-0.009386954425577385,2.2404093479855756
2013-03-22,0.005123882629913307,2.2519184028707717
2013-03-25,-0.0032757131279465674,2.244553832890041
2013-03-26,0.005826950449784227,2.257670916038885
2013-03-27,-0.003937535156306362,2.2487987361586956
2013-03-28,0.0009864750155590609,2.251018214476904
2013-04-01,0.0015329102363645078,2.254471469428842
2013-04-02,0.00797519157294399,2.2725231986129066
2013-04-03,-0.009414292317922754,2.2512293912557424
2013-04-04,0.004120789539477546,2.2605253740219506
2013-04-05,-0.004769965866336656,2.2497684206936697
2013-04-08,0.00544383866981609,2.2620491939658236
2013-04-09,0.004334334529815439,2.2718749505708478
2013-04-10,0.011303997754755888,2.2977019188927805
2013-04-11,0.002095042885397341,2.3025207490160344
2013-04-12,-0.0011175067196063412,2.2999491037900133
2013-04-15,-0.01609833039859007,2.263220193490951
2013-04-16,0.013439051073609942,2.293841021837401
2013-04-17,-0.014518374973031956,2.2607787636302703
2013-04-18,-0.007235133929910115,2.2444807567170524
2013-04-19,0.008356148536994209,2.2633145507093086
2013-04-22,0.0031156011732181486,2.270377132559988
2013-04-23,0.00957603123858373,2.292222765197562
2013-04-24,-0.003630782500964081,2.2839152933312694
2013-04-25,0.0037793119678736055,2.2925632531085327
2013-04-26,0.001698682727648571,2.296460900204301
2013-04-29,0.0065431793128707194,2.311536322469338
2013-04-30,0.001190884355039327,2.3142907346795494
2013-05-01,-0.007768667559094002,2.2963814350961114
2013-05-02,0.007186847807563644,2.3129446262535374
2013-05-03,0.005062417526604149,2.3246834058992785
2013-05-06,0.002763558004082688,2.3311166886131947
2013-05-07,0.004487666173689111,2.3416014706281914
2013-05-08,0.005726763104790932,2.3550497383039946
2013-05-09,-0.005867963669046586,2.341270858521134
2013-05-10,0.003031821650517031,2.3483799454961
2013-05-13,0.0006733386202591584,2.3499617328879516
2013-05-14,0.00908417485101302,2.371406452481931
2013-05-15,0.007795352462391684,2.389964641444801
2013-05-16,-0.003145130787828307,2.382459698269571
2013-05-17,0.007074127837243944,2.399373276615722
2013-05-20,-0.0007855109296550818,2.3974892827283862
2013-05-21,0.0003818709344887817,2.3984049890308916
2013-05-22,-0.005046217594399301,2.3863326011427426
2013-05-23,-0.0034540920292639647,2.378104207720937
2013-05-24,0.0017403732210539875,2.3822466002098355
2013-05-28,0.004300575751927269,2.392513693556041
2013-05-29,-0.008175519888342175,2.3730333895812836
2013-05-30,0.0029171634300923207,2.3799660226993606
2013-05-31,-0.014726366131140319,2.3451745762131493
2013-06-03,0.007933931760543803,2.3638550380318075
2013-06-04,-0.004301133609680515,2.3537096157283868
2013-06-05,-0.011472206674655575,2.326861669615542
2013-06-06,0.007601585407990441,2.344616905804421
2013-06-07,0.011088835535056824,2.3707606610760883
2013-06-10,0.0005594403456264662,2.372087331301542
2013-06-11,-0.008899416813719346,2.351070793594564
2013-06-12,-0.005452326399138389,2.338286870969687
2013-06-13,0.011767623962128729,2.365965487957571
2013-06-14,-0.007143351921549446,2.3491247849882946
2013-06-17,0.007555527258570103,2.366940881582738
2013-06-18,0.007054358922222738,2.383697165039737
2013-06-19,-0.013682068824802864,2.3513053551641927
2013-06-20,-0.023694834891394182,2.29624644491084
2013-06-21,-0.0004409234113908325,2.2952341992727554
2013-06-24,-0.010269645169887735,2.271783579339765
2013-06-25,0.008640311893253623,2.2914975427702533
2013-06-26,0.00870484162567347,2.311531736702121
2013-06-27,0.0049136212658175945,2.3229176783946124
2013-06-28,-0.006183316100719368,2.3085986592460075
2013-07-01,0.0033717894979085152,2.316395905910129
2013-07-02,-0.00014717916334513987,2.316055005786034
2013-07-03,0.0024918029209797443,2.321833354678072
2013-07-05,0.009577658635710924,2.344177915437684
2013-07-08,0.008167577656995087,2.3634025731744552
2013-07-09,0.004781120524278757,2.3747293414697292
2013-07-10,-0.0029481379644357517,2.3677386216095218
2013-07-11,0.011810237391713949,2.3958679569161987
2013-07-12,0.00030143301313164924,2.3965902594709663
2013-07-15,0.0025010381400603294,2.402591724934651
2013-07-16,-0.001050743995413704,2.4000685419480776
2013-07-17,0.0031033124932586553,2.40752827359141
2013-07-18,0.003729629282327887,2.416524226896155
2013-07-19,-0.0024137878971347334,2.410698284087936
2013-07-22,0.003815324754230891,2.419913449171395
2013-07-23,-0.00036272397009572957,2.419035847730985
2013-07-24,-0.0016839976456576103,2.41496562514315
2013-07-25,-0.0007640380354021958,2.413121204244936
2013-07-26,0.00010510454098917172,2.4133748475707586
2013-07-29,-0.0026222499985671076,2.4070546655503877
2013-07-30,-0.000444700818189435,2.405984484344056
2013-07-31,-0.0015741726549634851,2.402200028835219
2013-08-01,0.008690568638900267,2.423167490687872
2013-08-02,0.0006442464140508808,2.4247291106344044
2013-08-05,-0.0018314622462654864,2.420292374908008
2013-08-06,-0.00494183179075505,2.408361202312401
2013-08-07,-0.0024893936735821067,2.402373299387786
2013-08-08,0.0013490058046197611,2.4056163018362815
2013-08-09,-0.005479169638991398,2.392471566036007
2013-08-12,0.00041926169737196436,2.393474848029857
2013-08-13,0.0011004363833382277,2.3961101645683955
2013-08-14,-0.003508688563076206,2.3877176921340295
2013-08-15,-0.011827745812735565,2.3596427332337884
2013-08-16,-0.0037664900215962148,2.350771878903846
2013-08-19,-0.006066170199413769,2.3365548616067016
2013-08-20,0.00017147630732224832,2.336955559760364
2013-08-21,-0.004190505798310371,2.327183024171069
2013-08-22,0.004927586047823073,2.3386787185225835
2013-08-23,0.006990677394551639,2.3550849454795197
2013-08-26,-0.007607828469364362,2.337235845718853
2013-08-27,-0.01327779543055376,2.3064076246093665
2013-08-28,0.0008901947721044718,2.308461690742958
2013-08-29,0.0019563050693274893,2.31298216632385
2013-08-30,-0.0014978599566194105,2.3095202363469425
2013-09-03,-0.0023724901812487253,2.304047416935049
2013-09-04,0.005917411822950146,2.317721833034756
2013-09-05,-6.991613599951609e-05,2.317559792544557
2013-09-06,-0.0006289740766361665,2.316102565840943
2013-09-09,0.007949107969784477,2.3345868847968227
2013-09-10,0.006871703207115553,2.350684719405888
2013-09-11,0.004046319290629508,2.360215609841257
2013-09-12,-0.0032274366044909523,2.352610442786336
2013-09-13,0.0024637901536835208,2.3584139275793485
2013-09-16,0.0051164603779519195,2.370511581186103
2013-09-17,0.002384961158655835,2.3761719063782274
2013-09-18,0.012350644153047246,2.4057011371904355
2013-09-19,-0.0022839233398855544,2.4002129698767907
2013-09-20,-0.006001656627927915,2.385850857142341
2013-09-23,-0.004594744980128265,2.374913627026673
2013-09-24,-0.007506556953638813,2.3571529468029855
2013-09-25,-0.0028389198706497017,2.3504706681788954
2013-09-26,0.002756637728433459,2.3569590031881487
2013-09-27,-0.003995817553206033,2.3475598162551408
2013-09-30,-0.00820320034682317,2.3283810837972343
2013-10-01,0.006660118070778034,2.3439401317644495
2013-10-02,0.0010212346481606792,2.3463350673276664
2013-10-03,-0.007265585211818583,2.329349350268991
2013-10-04,0.002559900588946178,2.3353198917785107
2013-10-07,-0.007578229368559396,2.3176891911133066
2013-10-08,-0.008668225184149416,2.2976857616648543
2013-10-09,0.0018981344081150432,2.3020512198706227
2013-10-10,0.019478675252554,2.3473316981837633
2013-10-11,0.004497527062486512,2.3579126622713913
2013-10-14,0.0050562081317849185,2.369864950613578
2013-10-15,-0.006297514594104601,2.354987585879832
2013-10-16,0.014035387729320595,2.388273795751256
2013-10-17,0.004776390859007072,2.3997084112355105
2013-10-18,0.011366910672877916,2.427141300613145
2013-10-21,0.0013303988412715195,2.4303725155127682
2013-10-22,0.0045782905586539925,2.441524977179211
2013-10-23,-0.003613011056345973,2.432719636916809
2013-10-24,0.0005605983646173684,2.43408379790432
2013-10-25,0.003395237942855846,2.442362137084224
2013-10-28,0.004185373847840875,2.4526057574366753
2013-10-29,0.006795111430657011,2.469328238068948
2013-10-30,-0.0036677539349500013,2.4602879386384813
2013-10-31,-0.0050773861979407095,2.4478277659387606
2013-11-01,0.003303384619628074,2.4559272530274305
2013-11-04,0.003230984283161202,2.463875148230615
2013-11-05,-0.003137356529268677,2.456157206744712
2013-11-06,0.010350378260395223,2.4817113824587027
2013-11-07,-0.009588720885865216,2.458028669610508
2013-11-08,0.012140529359636677,2.488052321584141
2013-11-11,0.0003057231493586973,2.4888130930624652
2013-11-12,-0.0015537301040805759,2.484949151774615
2013-11-13,0.007055253270731369,2.5025430892673244
2013-11-14,0.0030019730118588405,2.510066943635884
2013-11-15,0.005329614191477075,2.5234803444154337
2013-11-18,-0.0003090070401621399,2.522700691688593
2013-11-19,0.0007845877464752838,2.5246807484018605
2013-11-20,-0.00250801179584169,2.5183567529466258
2013-11-21,0.005047635451140683,2.5311006359511996
2013-11-22,0.00258932224133832,2.5376629634467274
2013-11-25,0.0004564954756044479,2.5388216595577946
2013-11-26,-0.0015071758980740688,2.534998090862087
2013-11-27,0.0024237999390824953,2.5411498714112435
2013-11-29,-0.0004922118055805075,2.539899395219604
2013-12-02,-0.0035994046163029263,2.530773702993354
2013-12-03,-0.0006396814352827566,2.529155331714864
2013-12-04,0.0009763913378500761,2.531625983037822
2013-12-05,-0.008235607762974054,2.5108621233005297
2013-12-06,0.01110283268836942,2.5388951403326927
2013-12-09,0.004295872613590698,2.549825371064915
2013-12-10,-0.006156774005982496,2.5341749001438454
2013-12-11,-0.009892386365383843,2.509229451351286
2013-12-12,-0.007657851162314493,2.490087532208987
2013-12-13,-0.0030175517252250973,2.4825848897790284
2013-12-16,0.004829554895862107,2.4946036691040265
2013-12-17,-0.006327384576363921,2.4788691838887154
2013-12-18,0.018518364629073344,2.5252014622638073
2013-12-19,0.001758754552899626,2.529646579621939
2013-12-20,-0.00016496054897627483,2.5292293221499054
2013-12-23,0.006691506393900347,2.5462104275559296
2013-12-24,0.003350910208279027,2.5547568612389515
2013-12-26,0.005749958217632909,2.569488920219807
2013-12-27,0.0010510275130019616,2.5721909434709658
2013-12-30,-0.001517257195753309,2.5682912274373577
2013-12-31,0.0031809788733023914,2.5764739151509
2014-01-02,-0.005378193378119217,2.559217412868079
2014-01-03,0.00046776483338865037,2.560414804801901
2014-01-06,-0.00017504288823531265,2.55996666162267
2014-01-07,0.006183710584604941,2.575845799963089
2014-01-08,-0.001742854845029156,2.5713603844800152
2014-01-09,-0.0016382931869347547,2.5671511911687874
2014-01-10,-0.0015205852787911888,2.5632505852126375
2014-01-13,-0.011751188722421995,2.533305632828158
2014-01-14,0.00975763800852381,2.5581457052877665
2014-01-15,0.009534391070013337,2.5826527108940507
2014-01-16,-0.0037887928783379233,2.572886088234265
2014-01-17,-0.005001508804696221,2.5600499027161083
2014-01-21,0.0005400097038395225,2.561432727841778
2014-01-22,-0.003487966112373779,2.55251410026525
2014-01-23,-0.008053082254051143,2.53204104052159
2014-01-24,-0.017775463191277825,2.487430499339087
2014-01-27,-0.005775929397918187,2.47310468865557
2014-01-28,0.005573896377497544,2.486928007003951
2014-01-29,-0.009325020589479446,2.463845143488756
2014-01-30,0.009332879680192892,2.486947552073559
2014-01-31,-0.0117352939238245,2.457933071288674
2014-02-03,-0.02185155211441388,2.4048059872658567
2014-02-04,0.005379857731003712,2.4177783648327473
2014-02-05,-0.0007891431244256455,2.4158711442937184
2014-02-06,0.012703436213371345,2.446756770715446
2014-02-07,0.011150922835532165,2.474193052300376
2014-02-10,0.0024197774962640534,2.4801872984158204
2014-02-11,0.011461684678331153,2.508777958744096
2014-02-12,-0.0027628990051927495,2.501856025322393
2014-02-13,0.005724004073911287,2.5162177234003633
2014-02-14,0.0035452935127687725,2.525154285779782
2014-02-18,-0.005147068121514194,2.5121905359253067
2014-02-19,-0.007712008753924653,2.492891015210356
2014-02-20,0.004100970446108802,2.503135278943213
2014-02-21,-0.003998297559121969,2.4931469806679627
2014-02-24,0.005552401277275046,2.5070284351879817
2014-02-25,-0.0005696235927594113,2.5056007792954222
2014-02-26,0.0008734543450264482,2.507790263250936
2014-02-27,0.0061686673545620916,2.52330779923209
2014-02-28,0.0027516757940679935,2.530260685882058
2014-03-03,-0.008277844701969508,2.509402032323743
2014-03-04,0.01529906120337287,2.5480887079242454
2014-03-05,0.002228817481653008,2.553774266263535
2014-03-06,0.003280123278915736,2.562164714012012
2014-03-07,0.00099351327472762,2.5647115236025
2014-03-10,0.0007490106174975886,2.56663323936741
2014-03-11,-0.0036399241660353913,2.5573078711267136
2014-03-12,4.248736456038812e-05,2.5574165267067555
2014-03-13,-0.010675810476693342,2.5302592534412365
2014-03-14,-0.0057537282105369816,2.5157426317906735
2014-03-17,0.010756026412648957,2.5429480749307243
2014-03-18,0.008715823449021021,2.5652088308804433
2014-03-19,-0.005405755266889754,2.551379352796521
2014-03-20,0.010429793028952783,2.5781289653597548
2014-03-21,-0.0023644646383262735,2.57204027167524
2014-03-24,-0.00018282600975868038,2.5715700787984845
2014-03-25,0.006206409500253366,2.5875799262097066
2014-03-26,-0.00621845508974626,2.5715391029075247
2014-03-27,-0.0029325619631686275,2.564008951861362
2014-03-28,0.0028862247928528777,2.571419947822816
2014-03-31,0.007026709647141843,2.589552199605229
2014-04-01,0.004147599158408488,2.6003149284426144
2014-04-02,0.000565765357991183,2.6017865127954654
2014-04-03,-0.002810921134997578,2.594483365192554
2014-04-04,-0.010803520762971636,2.566604675446314
2014-04-07,-0.007590923589274434,2.547195535320503
2014-04-08,0.005688083708343375,2.561725481346066
2014-04-09,0.008556334960294527,2.5837385037381133
2014-04-10,-0.019811253475639758,2.5330551137668933
2014-04-11,-0.00910145187357667,2.510105231603467
2014-04-14,0.008441913268121678,2.5313850169368255
2014-04-15,0.007487437506483139,2.5504097383826383
2014-04-16,0.007669953315280901,2.5700464721605205
2014-04-17,0.0001225002799205038,2.5703613228570243
2014-04-21,0.0032531896636699372,2.578736811884955
2014-04-22,0.002210908821833776,2.5844444710836005
2014-04-23,-0.002455381146026986,2.5781064591581084
2014-04-24,0.003087803727437277,2.5860794490715207
2014-04-25,-0.007008595479012237,2.5680180308553813
2014-04-28,0.007193101185985801,2.586556639509387
2014-04-29,0.0035222637334144024,2.5956832378627084
2014-04-30,0.0012360694161618268,2.5988936662745017
2014-05-01,-0.0019205751452307993,2.593907085778033
2014-05-02,-0.00339050474257807,2.585127323824827
2014-05-05,-0.002427542246877323,2.578859428900587
2014-05-06,-0.011570106861557402,2.5491936985014054
2014-05-07,0.006477757247056115,2.5657603559187083
2014-05-08,-9.026623792922017e-05,2.565528764836537
2014-05-09,0.0009228554449067484,2.5678974698442767
2014-05-12,0.008205527882691178,2.5890551102239363
2014-05-13,0.002451575721585797,2.595410161635945
2014-05-14,-0.005497228556571295,2.581181743045196
2014-05-15,-0.009655141142533772,2.5563799938675826
2014-05-16,0.0025699647154414675,2.562958249572982
2014-05-19,0.0033318724584909063,2.5715119415692436
2014-05-20,-0.0047499061234342185,2.5593264640988487
2014-05-21,0.008627452625612531,2.581502455527228
2014-05-22,0.0011611442965466369,2.5845016933169327
2014-05-23,0.0033543163283669764,2.5931854854983767
2014-05-27,0.0042494243154525034,2.6042284775168354
2014-05-28,-0.0026544221705163437,2.597324922237631
2014-05-29,0.004170893690894422,2.6081807118035076
2014-05-30,0.002860935623648476,2.615653233019039
2014-06-02,-0.0010489323922442384,2.612911028061278
2014-06-03,-0.0022389674208562415,2.607067349739727
2014-06-04,-0.0001958078451763378,2.6065569154748927
2014-06-05,0.010738420743528185,2.6346980455517777
2014-06-06,0.004525628262132958,2.6466487312723017
2014-06-09,0.0032511290863418796,2.655267330441659
2014-06-10,0.001515370028428341,2.6592940932189175
2014-06-11,-0.0049434740595574725,2.6461803822034615
2014-06-12,-0.007809296543126517,2.625596054064876
2014-06-13,0.0011584317844089496,2.628639390395354
2014-06-16,-0.00040799614073369156,2.6275671344217155
2014-06-17,0.001511815059673922,2.6315425342633367
2014-06-18,0.0076065654025417725,2.6516358583688175
2014-06-19,-0.00040697862730915916,2.6505569188146163
2014-06-20,-0.001221380859922236,2.647321555533437
2014-06-23,0.0031924658580135636,2.6557865441187025
2014-06-24,-0.006076130914266285,2.6396985632317733
2014-06-25,0.0027443061798930507,2.6469526534815797
2014-06-26,-0.003794983477229506,2.6369265483811173
2014-06-27,0.002810887279510898,2.6443490787338706
2014-06-30,-0.0020927679241360036,2.638820856462454
2014-07-01,0.008305652372145205,2.6608292557067412
2014-07-02,0.0031625320866068493,2.6692575339303604
2014-07-03,0.00496296333921413,2.6825378889126026
2014-07-07,-0.0011014880910041375,2.6795847321064072
2014-07-08,-0.008255628985224554,2.657554138054279
2014-07-09,0.003409697184759201,2.6666310588988247
2014-07-10,-0.0030468230976228804,2.6585186705774864
2014-07-11,0.0022666577669191823,2.66455145711898
2014-07-14,0.007762765396910385,2.6853162367503804
2014-07-15,0.0011835134399221182,2.6884962260158476
2014-07-16,0.00477886299366855,2.701374929408691
2014-07-17,-0.010114397972470766,2.6741898603581284
2014-07-18,0.009265305423957097,2.699082185598978
2014-07-21,-0.0028061129751309915,2.6915188727751125
2014-07-22,0.003546935942235763,2.7010824685084507
2014-07-23,0.001728831991473447,2.705756225197558
2014-07-24,0.0009758441075045572,2.708397910192996
2014-07-25,-0.006976856438425398,2.6895675714633436
2014-07-28,-0.0001530276148967583,2.689156024842581
2014-07-29,-0.005027752771823655,2.675669544937767
2014-07-30,0.0007092759364585316,2.6775680061467435
2014-07-31,-0.020706769749045815,2.6226943111105223
2014-08-01,-0.005365590805174465,2.6086596923116994
2014-08-04,0.006432121672619004,2.6254929877214015
2014-08-05,-0.009234124924936641,2.6013604503951107
2014-08-06,0.005468227300256983,2.6156242439179476
2014-08-07,-0.005077847648793636,2.60237616682568
2014-08-08,0.008577678503713942,2.6247945242062185
2014-08-11,0.0015556825975278393,2.628881049213365
2014-08-12,-0.0006658233665754773,2.6271312613723103
2014-08-13,0.007040500131448524,2.645692844103523
2014-08-14,0.005053636597734454,2.6590970557663876
2014-08-15,-0.0013213813401691844,2.6555856949694343
2014-08-18,0.009163512161575264,2.680032022829871
2014-08-19,0.004650833394750719,2.692525435130592
2014-08-20,0.0005009173411882374,2.6938745056708444
2014-08-21,0.006911472815412337,2.7125576356855583
2014-08-22,-0.002325020020239961,2.7062582108586963
2014-08-25,0.004374891506185001,2.718123733180154
2014-08-26,0.0027114820714495384,2.7255038779941763
2014-08-27,-6.602991453688998e-05,2.725323919147441
2014-08-28,-0.0033475428820164328,2.7162160334848986
2014-08-29,0.0037072993136541173,2.7263045483389035
2014-09-02,0.0004730457826386596,2.727594520291525
2014-09-03,-0.0015076884171331606,2.723485256150026
2014-09-04,0.0006275714376143978,2.725194974136523
2014-09-05,0.003889320244365903,2.7358147686231544
2014-09-08,-0.0033306792304745795,2.72671780513825
2014-09-09,-0.006936213707164433,2.707870148973201
2014-09-10,0.005540094332008247,2.722913637733731
2014-09-11,0.0019192773063746995,2.7281446823927356
2014-09-12,-0.0033394593569995574,2.7190493493060472
2014-09-15,0.0013133147075337635,2.7226226627359393
2014-09-16,0.0059889227982864385,2.7389771637113243
2014-09-17,0.001687708458308836,2.743603661629308
2014-09-18,0.00720351300467603,2.763438601137377
2014-09-19,0.0013074148310186137,2.767053924597886
2014-09-22,-0.005428800249093325,2.7520728430058723
2014-09-23,-0.004975994435385853,2.7384125587887245
2014-09-24,0.006493280492750475,2.7562516942140562
2014-09-25,-0.018005034266671893,2.7070693812851245
2014-09-26,0.007210682647198369,2.7266597445621716
2014-09-29,-0.003951221213734686,2.7159073652404335
2014-09-30,0.0001465217629515992,2.7163053339304266
2014-10-01,-0.01179038546356424,2.684467108309842
2014-10-02,0.0003992914962107774,2.6855392072237936
2014-10-03,0.011316911567512215,2.716103839355822
2014-10-06,0.0010616403567214193,2.7189888959800257
2014-10-07,-0.013921779582023768,2.681398005073847
2014-10-08,0.018343719397425025,2.7310387234078926
2014-10-09,-0.018318681812719045,2.6814651416439945
2014-10-10,-0.007619899971307814,2.6611102949244017
2014-10-13,-0.010676051148720363,2.6328512611570227
2014-10-14,-0.001235712729359963,2.629599822674802
2014-10-15,-0.014029438190461957,2.5929655941951038
2014-10-16,-0.006223223784725384,2.576879095892906
2014-10-17,0.009849205029195063,2.602384705247218
2014-10-20,0.004204521530953819,2.613349522524418
2014-10-21,0.01073714488904501,2.6415606172705357
2014-10-22,-0.004906867541756713,2.628630578156102
2014-10-23,0.00931449419137937,2.65322932701099
2014-10-24,0.0045596565466806864,2.665354764388916
2014-10-27,-0.0004800183918574276,2.664075652104456
2014-10-28,0.010194943050687763,2.6913746711853603
2014-10-29,0.001744800916743509,2.696074683279284
2014-10-30,0.0029067566943759837,2.7039229173409294
2014-10-31,0.010400950415975265,2.7321930487963395
2014-11-03,0.00046890748920518126,2.7334744949952547
2014-11-04,-0.00024430572080701737,2.7328067731059074
2014-11-05,0.004223995968026583,2.7443745518227414
2014-11-06,0.004632276805028174,2.757116744299644
2014-11-07,0.002123300098243282,2.7629771500519826
2014-11-10,0.004287914902582911,2.774849997637849
2014-11-11,0.0007832743100690652,2.7770243177886864
2014-11-12,-0.001212790752666954,2.7736584098597117
2014-11-13,0.00440826028872708,2.7859124076442203
2014-11-14,0.0018572069178141156,2.791091231024852
2014-11-17,-0.0005796481875515178,2.7894738488531052
2014-11-18,0.0022814351340840824,2.7958451175521075
2014-11-19,1.8127706520579116e-05,2.795895800271255
2014-11-20,0.000359205706117037,2.796900282393475
2014-11-21,0.0035830519704928222,2.8069396965922744
2014-11-24,0.0007825584604098827,2.809137150705714
2014-11-25,-0.002731909757053433,2.80147331473541
2014-11-26,0.0039015290647719555,2.8124246939674635
2014-11-28,0.0006859902705262948,2.814354651834589
2014-12-01,-0.006838673409626158,2.7951738598508964
2014-12-02,0.005940107576869367,2.8118269047468534
2014-12-03,-0.0005585866076665306,2.810256694484825
2014-12-04,-0.000899426209202507,2.807730212321676
2014-12-05,0.0008290535662555251,2.810058936252341
2014-12-08,-0.006526423270493173,2.7917790183449616
2014-12-09,-0.0027333554054258143,2.784158513592888
2014-12-10,-0.015527819644621663,2.7412605204181886
2014-12-11,0.003187991165318094,2.7500135796635687
2014-12-12,-0.01749458347959405,2.702321629306324
2014-12-15,-0.005977443757802216,2.686216834456152
2014-12-16,-0.011781051607086677,2.6547560596847544
2014-12-17,0.019396993101726833,2.7067530065895746
2014-12-18,0.02793743939248427,2.783438971691317
2014-12-19,0.0024927266346304556,2.7903859790498475
2014-12-22,0.006565832105490924,2.808767463733277
2014-12-23,0.004215752705804129,2.820633527389268
2014-12-24,-0.0018080971478225464,2.815538155804913
2014-12-26,0.0025304346604386094,2.822671712835725
2014-12-29,-0.0014335294231857787,2.8186282288024964
2014-12-30,-0.0028315889610646063,2.810658321300682
2014-12-31,-0.01026063293821636,2.78196663709376
2015-01-02,-0.000438454373168257,2.7757868693198553
2015-01-05,-0.017238787370213338,2.728345758165176
2015-01-06,-0.00904406017569982,2.703781681874986
2015-01-07,0.008700246835142887,2.7274078777330075
2015-01-08,0.018026719551847783,2.7770199223581113
2015-01-09,-0.008824628649452609,2.7526215643487966
2015-01-12,-0.007694532930910618,2.7315227041109034
2015-01-13,-0.0022262895100163983,2.7254483079594958
2015-01-14,-0.008214676315754982,2.703151338871062
2015-01-15,-0.012077027717324482,2.670701647548586
2015-01-16,0.012130557130363378,2.7032960408484583
2015-01-20,0.001701141961650868,2.707898644909811
2015-01-21,0.002746816355782593,2.7153469701050517
2015-01-22,0.01772775254712573,2.763913182251246
2015-01-23,-0.00864360730011117,2.7401259539214804
2015-01-26,0.0004292838828741293,2.7413024983482557
2015-01-27,-0.020528239561946646,2.685602056002627
2015-01-28,-0.014116943371860254,2.6479559132913453
2015-01-29,0.0088851888761189,2.6715883355093712
2015-01-30,-0.016401482226031064,2.628127710512642
2015-02-02,0.014090149575541538,2.665420536823914
2015-02-03,0.01324074359450053,2.700947368520652
2015-02-04,0.0014400833246435883,2.704839759798001
2015-02-05,0.009850587557563163,2.7316156834568885
2015-02-06,0.0018496559982456506,2.736672908412107
2015-02-09,-0.0034056446741713613,2.727368625430426
2015-02-10,0.010683584531392945,2.7566629040048096
2015-02-11,-0.00016132776935789627,2.756218213599055
2015-02-12,0.00957687156083285,2.7827409611837646
2015-02-13,0.0031483168883098787,2.7915157171559866
2015-02-17,0.0007141460736287338,2.7935099791572986
2015-02-18,-0.004471772360542654,2.7810459274146795
2015-02-19,-0.0024483735886355546,2.774245216754654
2015-02-20,0.00409338186104254,2.7856245358631115
2015-02-23,-0.002597250501787692,2.7783989585185447
2015-02-24,0.0047759257529086,2.7917001230608323
2015-02-25,0.0006195983531858459,2.793430391840158
2015-02-26,0.0008826177506543779,2.795897011470221
2015-02-27,-0.003784450827496095,2.7853360729922865
2015-03-02,0.007308845399235993,2.805768240555857
2015-03-03,-0.002694615884455455,2.7982179500216833
2015-03-04,-0.003594829869578902,2.7881768913154485
2015-03-05,-0.00023762317602074636,2.7875144345778806
2015-03-06,-0.013025897732599023,2.751440017531344
2015-03-09,0.0020781818059208224,2.757163955747926
2015-03-10,-0.019485563613542686,2.7039591087333408
2015-03-11,-0.00028862401749362007,2.703178793806471
2015-03-12,0.010966430542165992,2.7329861577597026
2015-03-13,-0.004020433173552229,2.722020427811142
2015-03-16,0.010718244153324548,2.7513526213445
2015-03-17,-0.002259115828486479,2.7451440127114144
2015-03-18,0.011047739264347468,2.775639792545746
2015-03-19,-0.007740243055732542,2.7542385979878463
2015-03-20,0.009082002760830576,2.779366533811771
2015-03-23,0.0008017262769199505,2.781595718473676
2015-03-24,-0.006142547267704761,2.7645620040493664
2015-03-25,-0.014308719269342053,2.725286324868937
2015-03-26,-0.0015301805377713905,2.7211193337122204
2015-03-27,0.00022603447145125725,2.7217344700009556
2015-03-30,0.01161299343588604,2.7535261957973045
2015-03-31,-0.00854630030214319,2.7300940059261793
2015-04-01,-0.004318367534416821,2.718329875805618
2015-04-02,0.0019217759765851787,2.723558919773579
2015-04-06,0.005519062684673474,2.7386319684670357
2015-04-07,-0.00024978315554351107,2.737947989758816
2015-04-08,0.00101706419266482,2.7407340751942804
2015-04-09,0.003415488172035788,2.7501110243246125
2015-04-10,0.004126655382941819,2.7614832332420245
2015-04-13,-0.00164778160236779,2.7569366588845634
2015-04-14,0.00036524491908717646,2.7579437999068404
2015-04-15,0.0070190232223941084,2.777369968092071
2015-04-16,-0.0006256176069757147,2.7756329399532964
2015-04-17,-0.01194278592432077,2.742681308742682
2015-04-20,0.010360991943793465,2.7712459310635698
2015-04-21,-0.0036620154495244465,2.761116144687024
2015-04-22,0.00711482900652407,2.7808310649013905
2015-04-23,0.0009661159099136768,2.7835189682399943
2015-04-24,0.004946858379421033,2.7973227569163166
2015-04-27,-0.00022785121475779716,2.7966854561357195
2015-04-28,0.003706350790727758,2.807070186326013
2015-04-29,-0.0006904022752886892,2.805132847530988
2015-04-30,-0.00988351228341624,2.7775448403544867
2015-05-01,0.00880037245965957,2.802096141318502
2015-05-04,0.004447270615251566,2.814585572504172
2015-05-05,-0.009737837375327563,2.787310611019622
2015-05-06,-0.00723734121356975,2.767210715694355
2015-05-07,0.003145021186414671,2.775927351840363
2015-05-08,0.013189521479963093,2.8127830253293062
2015-05-11,-0.0066463354409871086,2.794150314034688
2015-05-12,-0.003265267822409157,2.7850415443027705
2015-05-13,0.0018157976856114377,2.7901032103832804
2015-05-14,0.012016823049709986,2.8238336473994297
2015-05-15,-0.0017938996256645742,2.8187725142161413
2015-05-18,0.0023987085075897986,2.8255420436449907
2015-05-19,0.0002953291912305596,2.826376631924603
2015-05-20,-0.0012150544088168041,2.8229445160630133
2015-05-21,0.0011045517286833754,2.826064326987293
2015-05-22,-0.0030190497584906026,2.817545164521887
2015-05-26,-0.010640367700677014,2.7877243813592547
2015-05-27,0.009320936786473654,2.8138300597806434
2015-05-28,-0.0008899417409188767,2.8113270288996217
2015-05-29,-0.005882835351782948,2.7948370064688977
2015-06-01,0.0020719810633526782,2.80063385923216
2015-06-02,-0.0009379675393516683,2.798008187172673
2015-06-03,0.003638550673127773,2.8082074257163105
2015-06-04,-0.008522070614910074,2.7843773686701754
2015-06-05,-0.001223065071960417,2.780973975673206
2015-06-08,-0.007109729690935487,2.7612721228437795
2015-06-09,0.0014286151141595133,2.7652197370720533
2015-06-10,0.012397484543326807,2.799714890771247
2015-06-11,0.0006944598236902029,2.801659855552457
2015-06-12,-0.006736352652001573,2.7828503117435965
2015-06-15,-0.0057184494719128955,2.7669821367680303
2015-06-16,0.007317866080461824,2.7873048101010327
2015-06-17,0.001278822996558765,2.790871559725245
2015-06-18,0.007494399495860267,2.8118660383759613
2015-06-19,-0.008171490821580498,2.788982524397842
2015-06-22,0.006852721852689119,2.808160280756022
2015-06-23,0.0033626415742447594,2.8176190115111033
2015-06-24,-0.005501062632034288,2.8021616677440897
2015-06-25,-0.00386672038801697,2.791347413415881
2015-06-26,-0.0010317936825268612,2.7884688041098094
2015-06-29,-0.019324568938391736,2.7351001702116364
2015-06-30,0.0009135008710264117,2.737599828145492
2015-07-01,0.007383595656243681,2.7578879658764963
2015-07-02,-0.00029718728899090426,2.7570684784052384
2015-07-06,-0.0026996509275407678,2.749635393811508
2015-07-07,0.003675244794127569,2.7597595699953104
2015-07-08,-0.014583369651140715,2.719805020130309
2015-07-09,0.0024841494043169824,2.7265698210602265
2015-07-10,0.012041741169429906,2.759600946120219
2015-07-13,0.013731742423069444,2.797756446705229
2015-07-14,0.004355815692932826,2.8099695378177136
2015-07-15,0.0033627475236737013,2.81943466141372
2015-07-16,0.010524073218591576,2.849263282212109
2015-07-17,0.008623199806601261,2.873939288956605
2015-07-20,0.00280770483591939,2.882019800733983
2015-07-21,-0.0028487339785661977,2.873821376110508
2015-07-22,-0.003387671092700493,2.864102286343742
2015-07-23,-0.006627654408355501,2.8451827714573183
2015-07-24,-0.009760926008113886,2.8175462513830105
2015-07-27,-0.007457197663117222,2.796613399275264
2015-07-28,0.010385142669686985,2.8258079608738447
2015-07-29,0.008592537111387414,2.8501934371674222
2015-07-30,-0.0023992509540339438,2.8433633047214277
2015-07-31,-0.006593894835551831,2.8246761444046835
2015-08-03,-0.001529264279153137,2.8203597693571645
2015-08-04,-0.0018692440022029886,2.8150927529772396
2015-08-05,-0.00042504850145996977,2.8138964562811855
2015-08-06,-0.006332274011938917,2.7961343893676007
2015-08-07,-0.0036831644543292635,2.785854709072606
2015-08-10,0.01149807285894967,2.818071530234024
2015-08-11,-0.008821973590106018,2.7933199171864693
2015-08-12,0.0007502094220359984,2.795416278363735
2015-08-13,-0.001970345238548287,2.789913765914685
2015-08-14,0.0031006715891615595,2.79857779748168
2015-08-17,0.0029757958378058124,2.806918197151744
2015-08-18,-0.0037847955263601296,2.7963146644755024
2015-08-19,-0.008852443032525045,2.7716696932523703
2015-08-20,-0.023238252476671616,2.7080035432109333
2015-08-21,-0.035791013375967996,2.612795314895001
2015-08-24,-0.0400569725070806,2.5102031285782993
2015-08-25,-0.011726491264266578,2.4809391706343447
2015-08-26,0.04489508355794062,2.5948592335420186
2015-08-27,0.022907094808328348,2.6549859550812
2015-08-28,-1.272468767146237e-06,2.654982576696644
2015-08-31,-0.0059299340343459414,2.639285293081075
2015-09-01,-0.031710725250482706,2.5569047193356447
2015-09-02,0.019378119540521023,2.6069359142811637
2015-09-03,2.38569348821424e-05,2.6069981085233915
2015-09-04,-0.01608197839658263,2.56540774529619
2015-09-08,0.02526191827390075,2.631040378878904
2015-09-09,-0.01440980683640767,2.5933994458468397
2015-09-10,0.007343774072177344,2.6125148892955044
2015-09-11,0.005117202133114953,2.6259179198206355
2015-09-14,-0.0024909586132176587,2.619385006946444
2015-09-15,0.012674856558618592,2.6527966326604653
2015-09-16,0.006055366780212641,2.668909023248547
2015-09-17,-0.007170995157398551,2.6498387477151453
2015-09-18,-0.015920710848054333,2.607985482127038
2015-09-21,0.007392495083115209,2.627336439784399
2015-09-22,-0.011244500433487669,2.597958831849353
2015-09-23,-0.00030423712604913083,2.597168556542397
2015-09-24,-0.0003347010589601557,2.596299426933638
2015-09-25,0.0023327164012332926,2.6023629266524027
2015-09-28,-0.017731667526186243,2.556625392194752
2015-09-29,5.2833313506522165e-06,2.556638899729521
2015-09-30,0.016479439139283618,2.5991199453981837
2015-10-01,0.0006297488528151528,2.600757253694527
2015-10-02,0.01118259355193733,2.6300036856982874
2015-10-05,0.017696089131841706,2.676958700067227
2015-10-06,-0.00020265439039542145,2.676416257599781
2015-10-07,0.0057425673297859465,2.6918299729524358
2015-10-08,0.004885393703057698,2.7050127975765954
2015-10-09,0.0003086171673014025,2.705847739795822
2015-10-12,0.0010907954448193086,2.7088008765260003
2015-10-13,-0.0023143786712444374,2.702538934600232
2015-10-14,-0.007004525120504359,2.683675076056184
2015-10-15,0.017376960152206165,2.730716727653048
2015-10-16,0.00416287724408561,2.7421080600873764
2015-10-19,0.0007080172735585551,2.7440502074156794
2015-10-20,-0.0013028618782102422,2.740477416940183
2015-10-21,-0.006354924322184696,2.723117110490438
2015-10-22,0.01997096155575568,2.7780470538363717
2015-10-23,0.018430313483727645,2.8297220624918205
2015-10-26,-0.001170512849591068,2.8264117742023442
2015-10-27,-0.0021681285119981037,2.8202903886212956
2015-10-28,0.014817104907730805,2.8623900545292145
2015-10-29,-0.0018203922060246252,2.857184121840623
2015-10-30,-0.009950868695485584,2.8288936486401055
2015-11-02,0.014841791292458316,2.8711926175350135
2015-11-03,0.005072893807504825,2.885794879331539
2015-11-04,-0.002529333288384892,2.878504965477137
2015-11-05,0.0031088933370308066,2.887467855500433
2015-11-06,0.004616891491541708,2.9008298028702386
2015-11-09,-0.009612778507621092,2.873078366391486
2015-11-10,0.0018477116297005124,2.878391894123886
2015-11-11,-0.002811177059097378,2.870311587771321
2015-11-12,-0.01363183222645288,2.8314494645413935
2015-11-13,-0.01394838018723446,2.7922294943323287
2015-11-16,0.014280283051977597,2.8323893867028507
2015-11-17,-0.0007012003738623317,2.8304040103606356
2015-11-18,0.0174004079787917,2.880085177667413
2015-11-19,0.001103798912560187,2.883265967707948
2015-11-20,0.0009327374988641009,2.8859565526048745
2015-11-23,-0.0037074133072046863,2.8752769280014583
2015-11-24,0.0008962248669059246,2.8778549777671665
2015-11-25,-0.0007934552286583367,2.875572434355491
2015-11-27,-0.0010071943801061892,2.8726776320190597
2015-11-30,-0.004022135063366393,2.86114653993987
2015-12-01,0.01335110195517321,2.899602140192798
2015-12-02,-0.010624577267113054,2.8689581710804894
2015-12-03,-0.01354657385643082,2.830355673443385
2015-12-04,0.022698974776328665,2.8953365551227965
2015-12-07,-0.00559282172053313,2.8791886522118366
2015-12-08,-0.008433046434240485,2.855010412014626
2015-12-09,-0.007507172932452772,2.833657605017771
2015-12-10,0.0023485489023669596,2.840320409374156
2015-12-11,-0.018559662779180468,2.788091197903031
2015-12-14,0.01040270510869924,2.8172462713460584
2015-12-15,0.014619755644371296,2.858736271259438
2015-12-16,0.014698957220283696,2.90106706048391
2015-12-17,-0.015316814551899118,2.856970525640696
2015-12-18,-0.02262885443716436,2.7930465464412486
2015-12-21,0.006909268765867739,2.8124112767332177
2015-12-22,0.007455164985786115,2.8334566175792335
2015-12-23,0.008973982412727715,2.8589984419622976
2015-12-24,-0.0024123598097177865,2.8521098212813816
2015-12-28,-0.000630513450984249,2.8503120944804006
2015-12-29,0.00984425390781528,2.878509855697017
2015-12-30,-0.007374236548954321,2.857361116851917
2015-12-31,-0.0115521554122478,2.8245423657947786
2016-01-04,-0.017456424349196312,2.7701635206433664
2016-01-05,0.002443512045491727,2.7769407252925546
2016-01-06,-0.010713628049018178,2.7473484187844925
2016-01-07,-0.02279603366817047,2.68542822061932
2016-01-08,-0.011065874361104266,2.655875424657594
2016-01-11,0.003681548202442075,2.6656711787594687
2016-01-12,0.007816999818522264,2.6865903860768876
2016-01-13,-0.022502456783137805,2.6268106203064345
2016-01-14,0.01951723696221394,2.6785822821280276
2016-01-15,-0.024702232699137905,2.6132258673161757
2016-01-19,0.0002263818364454818,2.61381752115438
2016-01-20,-0.014741635002356744,2.5755681987490915
2016-01-21,0.006924883138158419,2.5934656047413025
2016-01-22,0.02177114677965546,2.650547438952671
2016-01-25,-0.013532613600378347,2.614920213076906
2016-01-26,0.015530029320861583,2.65584697500148
2016-01-27,-0.010605114877021449,2.627830235688054
2016-01-28,0.018785830987616183,2.6776628180795843
2016-01-29,0.022639908830254855,2.7389763071513116
2016-02-01,-0.003291916172414306,2.7299746512273257
2016-02-02,-0.018973917339206114,2.6786646530206326
2016-02-03,0.002802604065729606,2.686182419208209
2016-02-04,0.0005433327626966004,2.6876423066895794
2016-02-05,-0.01756410967015134,2.640848411988812
2016-02-08,-0.008641889349910286,2.618124821022469
2016-02-09,-0.0024452439298918572,2.61173068798965
2016-02-10,-0.0023843769236774797,2.60551075588446
2016-02-11,-0.009987952891279192,2.579616567429132
2016-02-12,0.020210957374571188,2.6322835198987486
2016-02-16,0.011003661666357202,2.6614082224792672
2016-02-17,0.013991408162157689,2.6989067883533635
2016-02-18,-0.007776249318640589,2.678000806690898
2016-02-19,0.0018613112395307252,2.6829900415108625
2016-02-22,0.014518982073267742,2.7222284876855807
2016-02-23,-0.014583681609192298,2.682816458915704
2016-02-24,0.002692494003952773,2.690049659449803
2016-02-25,0.01002560714231622,2.717154685667867
2016-02-26,-0.004605844389950857,2.7046686703969303
2016-02-29,-0.007927043620963433,2.683313397782023
2016-03-01,0.025788177181083387,2.7534111206502487
2016-03-02,0.005176635240584722,2.767701481770502
2016-03-03,4.573446613853565e-05,2.767828064014765
2016-03-04,0.001599686770320846,2.7722592652733544
2016-03-07,-0.0015889836650440255,2.7678576885284594
2016-03-08,-0.008080935633540424,2.7455809384218686
2016-03-09,0.006858620671036491,2.7644765614837437
2016-03-10,-0.0013025399476751598,2.760878064429852
2016-03-11,0.012682939629651264,2.796117109215461
2016-03-14,-0.0006548682536867479,2.794286620316997
2016-03-15,0.0024826679612645827,2.8012325248034426
2016-03-16,0.0009351858082765332,2.80385342302872
2016-03-17,0.005782888821825461,2.8201147691076547
2016-03-18,0.002032717778047494,2.8258530967594018
2016-03-21,0.0022781755493302643,2.832298224969626
2016-03-22,-0.0011107548321676705,2.829153982594581
2016-03-23,-0.0028355999157435394,2.821142997142525
2016-03-24,0.0020901628536685655,2.8270458122134277
2016-03-28,-0.00028631512295356344,2.826236502108498
2016-03-29,0.007802332806236836,2.848373989605463
2016-03-30,0.004833916342445583,2.8621761234875764
2016-03-31,-0.004116473315821682,2.850418268900798
2016-04-01,0.006419967126136655,2.868776727779013
2016-04-04,-0.0027816346650489884,2.8608079272708133
2016-04-05,-0.00852525689073739,2.8365224717380753
2016-04-06,0.011195064728042905,2.8684559395147424
2016-04-07,-0.012323826010534705,2.8333225213248805
2016-04-08,0.0016367632765443853,2.837963796876919
2016-04-11,-0.0040329301771314325,2.8265415351124363
2016-04-12,0.01091373253166908,2.857558601531235
2016-04-13,0.009849586864770986,2.8858434415231478
2016-04-14,0.00261159690117638,2.893389951243802
2016-04-15,-0.0024665649048465728,2.8862620115108535
2016-04-18,0.008417719802631715,2.9106603013166783
2016-04-19,0.006119111115383033,2.9285255591235706
2016-04-20,0.00046742224465739504,2.9298947370811415
2016-04-21,-0.005591143022710828,2.9135589868783223
2016-04-22,-0.0049466446607838175,2.8991822335328274
2016-04-25,0.00024201812378065937,2.8998839730909056
2016-04-26,-0.0029951573215068763,2.89121135878298
2016-04-27,-0.0008187031053427828,2.888845283753989
2016-04-28,-0.006047097886585479,2.871428866008116
2016-04-29,6.193555001571428e-05,2.8716067150417954
2016-05-02,0.010131676841302345,2.9008487917864816
2016-05-03,-0.008353254622554639,2.876718188058715
2016-05-04,-0.0036093592780983294,2.8663537942384902
2016-05-05,2.7778199232015994e-05,2.8664334174911463
2016-05-06,0.0067818645316706,2.8859392488083766
2016-05-09,-0.0008109702421104919,2.883599786702346
2016-05-10,0.011859596112639674,2.9180017087553467
2016-05-11,-0.008912078495512378,2.8921117863462618
2016-05-12,0.002051698879005964,2.898051620147816
2016-05-13,-0.011143865873111457,2.865935403369608
2016-05-16,0.007752656274401311,2.8882403650898754
2016-05-17,-0.009434483562058777,2.861119445943044
2016-05-18,0.0028050160267838417,2.8691561981833686
2016-05-19,0.0006441816326964961,2.871005051342264
2016-05-20,0.004564503177245397,2.884139716827458
2016-05-23,-0.0037420173288967105,2.873367383726835
2016-05-24,0.012618362506624152,2.909854293387295
2016-05-25,0.007763465823434616,2.932532765612043
2016-05-26,7.625492516848684e-05,2.932756394204921
2016-05-27,0.004150353276505277,2.9449536632940676
2016-05-31,-0.002676536773620117,2.9370819257145335
2016-06-01,0.000226223929576646,2.9377464390908368
2016-06-02,0.0017387641628047793,2.9428589307391158
2016-06-03,-0.004530640428730818,2.929556053124371
2016-06-06,0.0046454128845165605,2.9431967092690927
2016-06-07,0.0010422091335246886,2.946265734766657
2016-06-08,0.0034188303000842212,2.956355755539135
2016-06-09,-0.000997402595647087,2.9534085486551285
2016-06-10,-0.006273806929853712,2.9349374363183913
2016-06-13,-0.008494390788666685,2.9101125163490966
2016-06-14,0.0005022667128044255,2.9115745361277727
2016-06-15,-0.0026685747320754263,2.903815139759393
2016-06-16,0.004184454714512584,2.9159914806175253
2016-06-17,-0.007075409684956143,2.895432463755554
2016-06-20,0.004660587309824788,2.9089583744132703
2016-06-21,0.005433946571757564,2.924808524231312
2016-06-22,-0.0029846824675953767,2.916091914135499
2016-06-23,0.012093344699227704,2.9515713187615114
2016-06-24,-0.03194462503886579,2.8587745498433175
2016-06-27,-0.013706935083814395,2.819856843228323
2016-06-28,0.01811213497097026,2.8713958023272634
2016-06-29,0.015001985981334048,2.9147971813521862
2016-06-30,0.009720122828149097,2.943267511368516
2016-07-01,0.00046843550353258895,2.9446465653409386
2016-07-05,-0.0030029253353770187,2.9358172750507854
2016-07-06,0.006138102579736449,2.9538930413419586
2016-07-07,-0.0022625443222017163,2.9472172823609952
2016-07-08,0.011927787902968593,2.9825815544994834
2016-07-11,0.003859361514326413,2.994114655852868
2016-07-12,0.003990614898584694,3.006086886800028
2016-07-13,0.00010620682882210987,3.0064061707102043
2016-07-14,0.005109292215447448,3.0218060861877736
2016-07-15,-0.0011844066246721092,3.018229157727849
2016-07-18,0.00428666080790064,3.031195052709955
2016-07-19,0.0011242306839385043,3.034604731470834
2016-07-20,0.002832822905468948,3.043213416946915
2016-07-21,-0.003997679431706138,3.0310719103591652
2016-07-22,0.0029051381019784624,3.0398903961130617
2016-07-25,-0.005285399652766165,3.0238657461134033
2016-07-26,-0.0036222509984056798,3.012932359086011
2016-07-27,0.0009303058635849274,3.015736611930436
2016-07-28,0.0019023752340972043,3.0214791350585584
2016-07-29,0.0012680985567758386,3.0253130987972217
2016-08-01,-0.0017746838954245312,3.019948885661385
2016-08-02,-0.00452140457341726,3.00632529704523
2016-08-03,0.0016739654378201897,3.0113619961412956
2016-08-04,0.001762681625192869,3.0166747495695407
2016-08-05,0.00840177922012279,3.0421269569858223
2016-08-08,8.806332530324573e-05,3.0423948685980697
2016-08-09,0.0022460725866653083,3.049235988259876
2016-08-10,-0.0028933653284332907,3.040426185707845
2016-08-11,0.0027875956675622667,3.0489134886591196
2016-08-12,-0.00011752052852654153,3.048555199788062
2016-08-15,0.001346736642617371,3.0526635666057804
2016-08-16,-0.004346902701247196,3.0394227342564646
2016-08-17,0.004279732287844944,3.0524585248184817
2016-08-18,0.0013475190970260176,3.056574543557657
2016-08-19,-0.004260437028736798,3.0435799012745925
2016-08-22,-0.0012468638382829229,3.039787336454082
2016-08-23,0.000918908620618299,3.0425819070232465
2016-08-24,-0.0015313128076369638,3.03792632786448
2016-08-25,-0.0006892130893911654,3.035833270638781
2016-08-26,0.00010234912443944875,3.0361440014172154
2016-08-29,0.0061890778816855304,3.054993202521131
2016-08-30,-0.0005523453562938375,3.0533062571433205
2016-08-31,-0.0012004957960503402,3.0496429751348484
2016-09-01,0.0008233148052469284,3.052154825226791
2016-09-02,0.0035407290370211624,3.062980833111938
2016-09-06,0.004691952562525463,3.0773859615437527
2016-09-07,-0.0009009832350728946,3.074614537075525
2016-09-08,-0.0009592357639264222,3.0716666709266285
2016-09-09,-0.021857021103666784,3.005257583862047
2016-09-12,0.013717879246984957,3.046767406931873
2016-09-13,-0.013875057278763257,3.004785260510429
2016-09-14,-0.0007872052706077718,3.0024208084929582
2016-09-15,0.008781348788607648,3.02890221388159
2016-09-16,-0.003858884002055721,3.017236554274361
2016-09-19,-0.0022969199215943526,3.0103141566646285
2016-09-20,0.0013650556006540389,3.0144262088152955
2016-09-21,0.006326072066328566,3.0335561310873955
2016-09-22,0.005418348647170656,3.0500376067143726
2016-09-23,-0.0050342132357058264,3.034721651264467
2016-09-26,-0.010327252952656374,3.0035425872802857
2016-09-27,0.008460959426817653,3.0290632516536444
2016-09-28,0.006471236132703936,3.04872859613295
2016-09-29,-0.010771912697161318,3.0160642027032543
2016-09-30,0.009416575260437422,3.044599339032667
2016-10-03,-0.00273984393173101,3.036269029094758
2016-10-04,-0.002173377812640163,3.029677235177773
2016-10-05,0.005669088383153948,3.046901520062811
2016-10-06,-0.0014168880575211212,3.04258745867935
2016-10-07,-0.0009228070648508463,3.0397810325711303
2016-10-10,0.005224503344412719,3.055703937157679
2016-10-11,-0.008348993236383058,3.030298089855108
2016-10-12,0.0005573751056191309,3.031987573367285
2016-10-13,-0.005201185237938614,3.0162585845101972
2016-10-14,0.0014261642415279651,3.020563333556572
2016-10-17,-0.001920019661996569,3.0147693566206026
2016-10-18,0.003302924804300519,3.024743375757961
2016-10-19,0.0029287705319171304,3.033615140363256
2016-10-20,-0.0035755002362415538,3.0227878167960958
2016-10-21,0.0007449240614043685,3.0250404030720404
2016-10-24,0.006572875620734134,3.044989105740088
2016-10-25,-0.0005597280357375559,3.04328521687076
2016-10-26,-0.0005797067121360436,3.0415215152678168
2016-10-27,-0.001404676993259853,3.0372521592059285
2016-10-28,-0.0027795447238026503,3.0288217028349282
2016-10-31,-0.0011740217925800534,3.0252678866869562
2016-11-01,-0.0048587061249722,3.0106046501012056
2016-11-02,-0.008642968393836619,2.9846962134453845
2016-11-03,-0.004794920564067143,2.9704190883883923
2016-11-04,-0.004646004056266188,2.956650518437462
2016-11-07,0.020996683923046308,3.01938669587863
2016-11-08,0.004824829632038896,3.0339899229919296
2016-11-09,0.01181623615747188,3.070052909199984
2016-11-10,0.0008074693439039857,3.072532883925362
2016-11-11,-0.0010886076866699747,3.0691899209281184
2016-11-14,-0.004562340755795793,3.05521912466463
2016-11-15,0.009692427620174087,3.084975588127417
2016-11-16,-0.00045134148412489763,3.083583524838569
2016-11-17,0.003086580909239132,3.0931159586245087
2016-11-18,-0.003146230062116903,3.0833995971791035
2016-11-21,0.009460893040690888,3.1127097424190238
2016-11-22,0.0011011873091079534,3.116139306834156
2016-11-23,0.0007406144202948005,3.1184480193678126
2016-11-25,0.004808695686577613,3.133479799570002
2016-11-28,-0.005499146053740027,3.116295628932754
2016-11-29,0.00030838045968959566,3.117256781804098
2016-11-30,-0.002444989170437247,3.109644432579024
2016-12-01,-0.00032416534990735907,3.10863655697145
2016-12-02,-0.0008746031246000809,3.105918922324587
2016-12-05,0.008598510385401294,3.132740345324613
2016-12-06,0.0038133717125203356,3.1447094555689925
2016-12-07,0.01288847876262801,3.185502290713378
2016-12-08,0.0019004189921526516,3.1915618357797424
2016-12-09,0.00853917908284806,3.218931846247182
2016-12-12,0.0012986748366033822,3.2231149076670333
2016-12-13,0.006681261738805111,3.2447214811908385
2016-12-14,-0.00651098688267644,3.2236637698216084
2016-12-15,0.004042830473168052,3.236722876034748
2016-12-16,-0.001980972650306363,3.2303173632083
2016-12-19,0.0028105893789311816,3.2394092296465002
2016-12-20,0.003900259470326601,3.2520684372221327
2016-12-21,-0.0026654182527544173,3.2434118564795362
2016-12-22,-0.0014922633875054114,3.238575441215721
2016-12-23,0.00011356321372907735,3.2389432451348315
2016-12-27,0.0014218825598524157,3.243551917766595
2016-12-28,-0.005954362539083485,3.22429601892744
2016-12-29,-0.0016561381358924337,3.218960558678189
2016-12-30,-0.0038831369355330713,3.20648513161073
2017-01-03,0.00979462517475362,3.23382443021093
2017-01-04,0.001767939866935377,3.2395466941625894
2017-01-05,0.00197937368719866,3.245965317979374
2017-01-06,0.001814838331080978,3.2518615690126516
2017-01-09,-0.003325160764306679,3.2410665640223564
2017-01-10,-0.0017255952061227204,3.235478617749997
2017-01-11,0.003055173955767719,3.2453786832678833
2017-01-12,-0.0017856554042343846,3.2395887262558047
2017-01-13,0.0015645845154909016,3.244661303816842
2017-01-17,-0.0042691260187794206,3.2308389614764335
2017-01-18,0.0007339351593484708,3.233211058160553
2017-01-19,-0.0034626922242905847,3.222034804500452
2017-01-20,0.005270579638269554,3.2390616267304524
2017-01-23,-3.2361075346785686e-05,3.2389568089091147
2017-01-24,0.0032952570416141117,3.249647608934157
2017-01-25,0.00877515355034032,3.278289249291538
2017-01-26,0.00011503335590432041,3.2786663835966054
2017-01-27,-0.0005928073040685407,3.2767233421982738
2017-01-30,-0.006790344202430831,3.2545486349998227
2017-01-31,-0.00339165857242215,3.243529015180115
2017-02-01,0.00192677584174226,3.249784593141499
2017-02-02,-0.0009007839456784371,3.2468585574139395
2017-02-03,0.007153937641556147,3.270169664749245
2017-02-06,-0.002089316657342734,3.2633443773724884
2017-02-07,0.0003168739750248747,3.26437861012929
2017-02-08,0.0009058688977746521,3.2673370489593205
2017-02-09,0.005001456597891497,3.283719427127233
2017-02-10,-8.196475108228078e-05,3.2834502889118387
2017-02-13,0.005002844148234671,3.2999180374185295
2017-02-14,0.0049808150288818175,3.3163953198566505
2017-02-15,0.006978739555011389,3.339620526127243
2017-02-16,0.0012014419640373046,3.343635297645851
2017-02-17,0.0018379706522868402,3.349786452284106
2017-02-21,0.006337543448543079,3.3710832829824757
2017-02-22,-8.12594638212371e-05,3.370809361691903
2017-02-23,0.002546826457004784,3.379405169524917
2017-02-24,0.00018045114091371506,3.380015042067811
2017-02-27,0.00030288756626269776,3.3810389616562624
2017-02-28,-0.0016263798668767447,3.375544577149175
2017-03-01,0.014214323324765823,3.42386828996943
2017-03-02,-0.004630347538839046,3.4080512373449534
2017-03-03,0.0007762076800552219,3.410697619827736
2017-03-06,-0.002788434628473812,3.4012003598753417
2017-03-07,-0.0020463083360024,3.394247571427157
2017-03-08,-0.0014716042661349635,3.3892562557422283
2017-03-09,0.0035493318259277183,3.4013072246293996
2017-03-10,0.002792141295114955,3.4108174257227573
2017-03-13,-0.00035495709229447944,3.409606946733736
2017-03-14,-0.0016477667146294883,3.403993336127434
2017-03-15,0.005150646480969579,3.421571332587436
2017-03-16,-0.000294519788524588,3.420563760504382
2017-03-17,-0.0028263461879714496,3.410909712426723
2017-03-20,-0.001984236556144909,3.404148370954468
2017-03-21,-0.012354139230077615,3.3623517601926447
2017-03-22,0.0012541363923984923,3.366571253255996
2017-03-23,-0.001903596707201749,3.3601687551243025
2017-03-24,-0.0009921027696993615,3.356836775502089
2017-03-27,-0.001114134111624786,3.353098891781876
2017-03-28,0.007065387690160003,3.3768737257226524
2017-03-29,0.0014462970042016447,3.3817612216091
2017-03-30,0.00403799879966645,3.395444377052867
2017-03-31,-0.0030874525220773723,3.3849772704094514
2017-04-03,0.0012808156161676395,3.3893155798519263
2017-04-04,0.0019215128621010772,3.3958344543771997
2017-04-05,-0.0029621740291772784,3.3857902853816877
2017-04-06,-0.0007220342487375316,3.3833465111871
2017-04-07,-0.0011935636784624903,3.3793106806691724
2017-04-10,-0.00013882368528395826,3.3788415848683195
2017-04-11,-0.002532247465959803,3.3702963457234456
2017-04-12,-0.0009926464791452628,3.3669524928286596
2017-04-13,-0.008454995738924663,3.3386049319749396
2017-04-17,0.009330819384952721,3.3699026411531827
2017-04-18,-0.002211185403534797,3.3624593938543366
2017-04-19,-0.0028789617063608784,3.352792923396026
2017-04-20,0.007238608567526611,3.377150530210861
2017-04-21,-0.00401957489654389,3.363603066480842
2017-04-24,0.011631651130542712,3.4029557485410558
2017-04-25,0.005173195999531226,3.4206055191053792
2017-04-26,-0.0004264619756754422,3.419147071925932
2017-04-27,-0.001007106430659692,3.4157053602982805
2017-04-28,-0.0008396721715656997,3.4128384913444507
2017-05-01,0.005176483931970324,3.4305507991441218
2017-05-02,0.0014104210748637908,3.4353927340704904
2017-05-03,0.0017536341608926653,3.4414224415303
2017-05-04,-0.001300295539062322,3.4369504833452758
2017-05-05,0.0017313425178093898,3.4429061760329778
2017-05-08,0.0035000290096081532,3.454977560300941
2017-05-09,-0.0024620727023731558,3.4464816174686033
2017-05-10,0.001230025868540714,3.450723487283525
2017-05-11,-0.002376402002055749,3.4425329169781804
2017-05-12,0.000556710227187548,3.4444499438252065
2017-05-15,0.0033634641576997643,3.4560547329601023
2017-05-16,4.270867834930038e-05,3.4562023396420707
2017-05-17,-0.01976162368291904,3.388572607187888
2017-05-18,0.006786090452891213,3.411645967816672
2017-05-19,0.006389501280389776,3.433514474121035
2017-05-22,0.003513952260520211,3.4456009031995
2017-05-23,0.003181722763136842,3.456581309066327
2017-05-24,0.0018798449552312139,3.4630852572943414
2017-05-25,0.003834594670970943,3.4763902789464307
2017-05-26,-0.0005668980252648133,3.4744200786663346
2017-05-30,-0.00027667756711368383,3.47345891754383
2017-05-31,-0.002492373232247884,3.4648125409890578
2017-06-01,0.004984212015122361,3.4821250099537004
2017-06-02,0.003230866710558326,3.4933934853992974
2017-06-05,0.0014550749607847066,3.4984803347641322
2017-06-06,-0.002061156323283096,3.491276846208499
2017-06-07,0.0023156630584481967,3.499370834886505
2017-06-08,0.00031730017612865155,3.500481362044668
2017-06-09,-0.001922243859747163,3.4937590462753487
2017-06-12,-0.0018212232381129647,3.4874019217405077
2017-06-13,0.00436681525584502,3.50266406087373
2017-06-14,-0.0013899087557222888,3.4977990591646066
2017-06-15,-0.004328954719998363,3.4826899722894615
2017-06-16,0.00043362662193129645,3.4842004868533745
2017-06-19,0.007703805483631507,3.511145746927694
2017-06-20,-0.005930966526616884,3.490382891795429
2017-06-21,-0.0011102465471982245,3.486509856651202
2017-06-22,-0.0027541645698662513,3.476920645925258
2017-06-23,0.002996800914540178,3.4873559132963843
2017-06-26,-0.0018573277307607646,3.4808847618363905
2017-06-27,-0.007652208260481774,3.454349961100273
2017-06-28,0.00995580977606983,3.4889125761419253
2017-06-29,-0.0077773586882933406,3.4618832960522394
2017-06-30,-0.000741381976965692,3.4593176693424046
2017-07-03,0.0018157244351610306,3.4656045428512967
2017-07-05,0.004491612853207658,3.4812057077275327
2017-07-06,-0.007952584295390521,3.453630916639773
2017-07-07,0.005465105905866143,3.472557044900513
2017-07-10,0.0003460728050126456,3.473759010429403
2017-07-11,-0.0009378208290660706,3.4705027739960994
2017-07-12,0.006618995786644931,3.49355020852634
2017-07-13,0.002238021197730233,3.501377603619313
2017-07-14,0.0036553512235506097,3.5141997890453434
2017-07-17,-0.0004760092112578266,3.5125273956444674
2017-07-18,0.0035842513817495817,3.5251397662667125
2017-07-19,0.00446222041716266,3.5409048644177537
2017-07-20,0.0019600158888351776,3.5478519001390496
2017-07-21,-0.0018523104882660684,3.541286259533341
2017-07-24,0.0009174294488042661,3.5445366305995702
2017-07-25,0.00403818105583042,3.558879050426939
2017-07-26,0.0032868267536552754,3.57059571407653
2017-07-27,0.0049038040121278095,3.588148217509113
2017-07-28,-0.0018836218238396148,3.5813958646555033
2017-07-31,-0.0010975616986612685,3.5774672180870986
2017-08-01,0.005977351101134439,3.598915032402108
2017-08-02,0.002418920974155946,3.607631060900344
2017-08-03,-0.001479624626356469,3.602297068266394
2017-08-04,0.0032203499618956026,3.613916424648171
2017-08-07,0.002230493184144623,3.621986237086561
2017-08-08,-0.0008063760324580952,3.619066731462961
2017-08-09,0.0007275262587646211,3.6217006555506135
2017-08-10,-0.012711450450323427,3.575954950222943
2017-08-11,0.0001270791902192211,3.5764094085577645
2017-08-14,0.010435319160298401,3.613925789440407
2017-08-15,0.0010456685381958245,3.6177067344008798
2017-08-16,-0.0007025537066985462,3.6151659937327705
2017-08-17,-0.014314344052484341,3.56378587753638
2017-08-18,-0.0008979921406398465,3.560587062297859
2017-08-21,0.00040767388767498413,3.5620389165893847
2017-08-22,0.009010487052819564,3.594279656381026
2017-08-23,-0.0028883895922359867,3.5839129551731577
2017-08-24,-0.0028176412653280005,3.573828987312769
2017-08-25,0.000809688096912116,3.5767238459123165
2017-08-28,-0.000362163757021077,3.5754287207043154
2017-08-29,0.0018108912616704182,3.5819092993720094
2017-08-30,0.002650802141184494,3.5914168279335943
2017-08-31,0.0039024066773760803,3.6054593789957763
2017-09-01,0.0006480520102842321,3.6077966614528307
2017-09-05,-0.007769212111410632,3.5798755269878826
2017-09-06,0.003379187360184716,3.591993059294973
2017-09-07,-0.0005783111087307568,3.58991637035032
2017-09-08,-0.005651067444837816,3.569686724202906
2017-09-11,0.0118546101278102,3.6122557899111043
2017-09-12,0.005744837423692425,3.6330673343895263
2017-09-13,0.003467362599395906,3.645686360913387
2017-09-14,-0.0018052127114153878,3.639111058248438
2017-09-15,0.0036073332331542315,3.6522622506134255
2017-09-18,0.0010960133472306564,3.656267373220674
2017-09-19,0.006354571304751011,3.679575362661023
2017-09-20,0.0008048130658204113,3.682537924984086
2017-09-21,-0.004821415508505165,3.6648256130414123
2017-09-22,-0.0009378290664149534,3.661390244204325
2017-09-25,-0.007122553472316739,3.635404448871869
2017-09-26,8.191448888658227e-05,3.6357022533662793
2017-09-27,0.00545846886427596,3.6556018822595187
2017-09-28,0.002423324488414893,3.664471334260321
2017-09-29,0.00367294133461242,3.6779554705552346
2017-10-02,0.003304576898310486,3.690129661432467
2017-10-03,0.004259490787696408,3.705881257805127
2017-10-04,-0.001471185652133331,3.7004332269851585
2017-10-05,0.008065430528326761,3.730399497092089
2017-10-06,0.0006159014104958435,3.732697763084043
2017-10-09,0.0009364213836672268,3.7361947781724756
2017-10-10,0.003994734510712938,3.7511497350452747
2017-10-11,0.0039851532746878705,3.766128468145711
2017-10-12,-0.004128457610387245,3.7506122175396
2017-10-13,0.0020510628238616666,3.758312853370029
2017-10-16,0.004300366523989368,3.7745097775455907
2017-10-17,0.002158810691251754,3.782667031422983
2017-10-18,-0.0008963205598257379,3.7792780682173306
2017-10-19,-0.0015948504783290629,3.7732554886160345
2017-10-20,0.004297141344108403,3.7895045881128087
2017-10-23,-0.002872180393523047,3.7786360629876357
2017-10-24,0.0023023981995203596,3.7873460108922417
2017-10-25,-0.0028439143606214163,3.7765904244157706
2017-10-26,0.002523155879352368,3.786131382349365
2017-10-27,0.019179108148138974,3.8594468206165056
2017-10-30,-0.0016651898013434335,3.853025457010375
2017-10-31,0.0012388282219115653,3.857801651517704
2017-11-01,0.0041689879574952175,3.873918351967365
2017-11-02,0.0010321398677107774,3.877918841720021
2017-11-03,0.0023120622103111835,3.8868952042842575
2017-11-06,-0.00103317394219367,3.8828814392589113
2017-11-07,-0.0007115215017753263,3.880119668272269
2017-11-08,0.0010184435428153733,3.8840733640600047
2017-11-09,-0.0019758018155760387,3.8764067811737197
2017-11-10,-0.001910200409790217,3.869009135094512
2017-11-13,0.0006969737611098849,3.8717066728905
2017-11-14,-0.0014462647787673699,3.86611120713363
2017-11-15,-0.005223239307996686,3.8459702294714324
2017-11-16,0.011313388228228924,3.8897282427631654
2017-11-17,-0.007762912982142636,3.859649521191724
2017-11-20,0.000990359783638845,3.863473856277708
2017-11-21,0.006835149125399986,3.8899717315285183
2017-11-22,0.0003820599524393049,3.8914582178886286
2017-11-24,0.003873791060289896,3.9065621497949885
2017-11-27,0.0019495046244085005,3.9141854391761015
2017-11-28,0.009831335879440573,3.9528568954784875
2017-11-29,-0.003935334205942803,3.9373316510756204
2017-11-30,0.008813949397348525,3.972188480518056
2017-12-01,-0.0017882035952307962,3.9650917458905326
2017-12-04,-0.0021304226910819593,3.956653416258914
2017-12-05,-0.0008621140251049091,3.9532437998065406
2017-12-06,0.001654447761995351,3.9597896485530506
2017-12-07,0.0018784437454614936,3.9672348811878164
2017-12-08,0.004423577910713811,3.9848231265811402
2017-12-11,0.004086153391647826,4.00113903706968
2017-12-12,0.004444364219946485,4.018961130847307
2017-12-13,-0.0002100612576351144,4.018116991481367
2017-12-14,-0.0026134184154728755,4.007629680375281
2017-12-15,0.010268670070971814,4.048994725852447
2017-12-18,0.006603253316431533,4.075819732390114
2017-12-19,-0.003279166880904594,4.062476328891266
2017-12-20,-0.0013488895624720436,4.0570001911562725
2017-12-21,0.0029896688609456087,4.069147427355743
2017-12-22,-0.0006327565789479711,4.066573461983016
2017-12-26,-0.001531297904048434,4.060351091931021
2017-12-27,0.0014813207312410173,4.066370231216864
2017-12-28,0.0017897403317180547,4.073654494548912
2017-12-29,-0.005976109018696245,4.049382489496379
2018-01-02,0.007949674336707381,4.075796550813605
2018-01-03,0.00465121050266392,4.094798094370728
2018-01-04,0.0036867461466669805,4.109922438143633
2018-01-05,0.00739660626480838,4.140434620387201
2018-01-08,0.0007562620436679682,4.143567058257526
2018-01-09,-0.0008804102190676641,4.13992062489018
2018-01-10,-0.000557678244977703,4.137612524870147
2018-01-11,0.007206148647869687,4.167536464457857
2018-01-12,0.005324249818391873,4.189784644599509
2018-01-16,-0.0008452266742878809,4.186244823044912
2018-01-17,0.010997606238887524,4.232537583422255
2018-01-18,0.0016058944942685116,4.239340052786401
2018-01-19,0.0027358988182169448,4.2509543387378965
2018-01-22,0.011850731587838906,4.301630941926412
2018-01-23,-0.0005490900733917695,4.2992696074288
2018-01-24,0.0002980847601154858,4.300551345202161
2018-01-25,0.002182996061365215,4.309949686389039
2018-01-26,0.014556061581917315,4.3731443966881125
2018-01-29,-0.005946407174995008,4.347217063110207
2018-01-30,-0.011697175651473003,4.296663146960555
2018-01-31,-0.0004808258032456093,4.294597697052241
2018-02-01,0.0018005934839339926,4.3023374876988525
2018-02-02,-0.025138581835896665,4.1955309319753615
2018-02-05,-0.04945298950842658,3.9930961420822944
2018-02-06,0.021363209464834682,4.0793192129097955
2018-02-07,-0.006419938815374293,4.053214119367583
2018-02-08,-0.04077907572746064,3.8912525588713285
2018-02-09,0.016454123127885835,3.9558093639134633
2018-02-12,0.013853381902590214,4.010992052661626
2018-02-13,0.0030096903460288538,4.023082081215438
2018-02-14,0.013167621970724235,4.076406814705066
2018-02-15,0.009839488069223244,4.116714549460584
2018-02-16,0.0008518742094053319,4.120222966565608
2018-02-20,-0.00818811445613813,4.086623853742714
2018-02-21,-0.007066370899823996,4.057848043876705
2018-02-22,0.0022164779668118577,4.066852149673421
2018-02-23,0.016060575386180737,4.132695460630043
2018-02-26,0.014945866624835756,4.194926062510741
2018-02-27,-0.01000419435477299,4.153168430880448
2018-02-28,-0.012390459258323662,4.1020262584386975
2018-03-01,-0.014659395449758039,4.042331645853626
2018-03-02,0.004673956392046172,4.061269550682963
2018-03-05,0.011305526642572852,4.107444868108025
2018-03-06,-0.0006277791534446282,4.104867109062258
2018-03-07,0.00020641745652194937,4.10571451274672
2018-03-08,0.0033336962079308073,4.119424557513587
2018-03-09,0.01800010204032254,4.194245996473435
2018-03-12,-0.002042888513995132,4.185686365664993
2018-03-13,-0.006169754012306514,4.159941212714107
2018-03-14,-0.005809988365839459,4.1358420783017
2018-03-15,0.0015326384642913669,4.142185688942223
2018-03-16,0.0011762793527327641,4.147060923199882
2018-03-19,-0.016132498353189657,4.080695231235144
2018-03-20,0.0023626595500126847,4.090347923316239
2018-03-21,-0.0027481627613711837,4.079122413301588
2018-03-22,-0.025894754843708245,3.9748504138292726
2018-03-23,-0.023810128458365633,3.8813265409419295
2018-03-26,0.030575102244874062,4.0018313323894095
2018-03-27,-0.019418282625681776,3.924872265244148
2018-03-28,-0.0039763892060985335,3.909296433840572
2018-03-29,0.016266078120078013,3.9734053417635598
2018-04-02,-0.023980386179447512,3.879254940503612
2018-04-03,0.014656080812746908,3.9365282906361996
2018-04-04,0.010804960076304793,3.9792929407709736
2018-04-05,0.008877383176320653,4.014775913923475
2018-04-06,-0.021942621857236357,3.9276406879772896
2018-04-09,0.004230987617407913,3.944293691577295
2018-04-10,0.018380859181733714,4.01746360133465
2018-04-11,-0.007533064161726946,3.987313494181576
2018-04-12,0.009890596678970404,4.026946075640464
2018-04-13,-0.0054242515132541125,4.005162041746995
2018-04-16,0.008030681401218546,4.037455718623275
2018-04-17,0.011806243747930168,4.0854054008128
2018-04-18,0.00028236370336283146,4.0865591338900185
2018-04-19,0.00014784113478846542,4.087163340091918
2018-04-20,-0.007685002039099371,4.055873865322157
2018-04-23,-0.00027700074292346684,4.0547505408363005
2018-04-24,-0.011400477455534389,4.008786949974685
2018-04-25,0.001406236441413669,4.014428217818177
2018-04-26,0.017775513780888784,4.086424733745293
2018-04-27,0.0026863150270165386,4.097416915535658
2018-04-30,-0.009393614953770044,4.05910757203799
2018-05-01,0.0036514189395646566,4.0739561670268944
2018-05-02,-0.0066727104443367056,4.046862332347712
2018-05-03,-0.0019362695249164744,4.039034097374223
2018-05-04,0.01174402486983592,4.086748243924003
2018-05-07,0.002828539677544276,4.098324137202922
2018-05-08,0.0017309406026632017,4.105424236006782
2018-05-09,0.009895084777793332,4.146249408031971
2018-05-10,0.00988036608505912,4.187418920069482
2018-05-11,0.00446143127604601,4.206142537815487
2018-05-14,0.002527464788743024,4.216786860885733
2018-05-15,-0.008232056733289365,4.182216519945129
2018-05-16,0.0030394862047756458,4.194947647604984
2018-05-17,-0.003315618842395066,4.181061832897108
2018-05-18,-0.005967035874839452,4.156187573549262
2018-05-21,0.009902465344925289,4.197548526682558
2018-05-22,-0.0019870213880428143,4.189216188990811
2018-05-23,0.004169002219552974,4.206717496727736
2018-05-24,-0.0063349096656438895,4.180152553494839
2018-05-25,-0.0022561302102304817,4.170732215785665
2018-05-29,-0.011179874971292296,4.1243636315266565
2018-05-30,0.014218653143873796,4.183425421958002
2018-05-31,-0.0049471781109855575,4.162780380736095
2018-06-01,0.011087213418807688,4.209190821040191
2018-06-04,0.005414037041466897,4.232041337014074
2018-06-05,0.0001461404431462027,4.232659854604595
2018-06-06,0.008966014142858874,4.270780582842254
2018-06-07,0.00015132356672458317,4.271426901493136
2018-06-08,0.001774094545519395,4.2790115426065425
2018-06-11,-3.1571759503498274e-05,4.278876448815792
2018-06-12,0.0004957174469955005,4.2809980883484275
2018-06-13,-0.0038538262074882916,4.264531615563492
2018-06-14,0.0017555435774750715,4.272024762000236
2018-06-15,-0.0025632810694309165,4.261088384292673
2018-06-18,-0.000586396733654946,4.258590428450462
2018-06-19,-0.0012982832336173313,4.253065159356562
2018-06-20,0.002060035783101262,4.261835656439964
2018-06-21,-0.0049021610001300595,4.240994576796215
2018-06-22,0.0023310013281811794,4.250891871609746
2018-06-25,-0.014826326243192212,4.188331676819666
2018-06-26,0.002264742062354527,4.197827916947581
2018-06-27,-0.006688183351500045,4.1698457533888424
2018-06-28,0.00761829945895322,4.201734200676543
2018-06-29,-0.000144233909077658,4.201128211830995
2018-07-02,0.0037031309293849126,4.21671438065113
2018-07-03,-0.007459322119092218,4.185377570783228
2018-07-05,0.010052980675161324,4.227665293308203
2018-07-06,0.006661936739063329,4.255923755577712
2018-07-09,0.010633260183392473,4.301419555863247
2018-07-10,0.004831926159048097,4.322253992229304
2018-07-11,-0.005401095219894587,4.29897201753195
2018-07-12,0.010066642900405922,4.342466789537247
2018-07-13,0.0018245216333959656,4.350396946308476
2018-07-16,0.002765463514444267,4.362444461140126
2018-07-17,0.0036940483610174387,4.37858934358068
2018-07-18,0.0024635360268534605,4.389389453943711
2018-07-19,-0.006329607511319977,4.361694084360977
2018-07-20,0.002610725758422823,4.3730961488127935
2018-07-23,0.004244902790280812,4.391698972512178
2018-07-24,0.009672586939321954,4.434384167969229
2018-07-25,0.007351670179955032,4.467104424721953
2018-07-26,-0.012312640584736028,4.412439797042338
2018-07-27,-0.007155114523506861,4.380980964952478
2018-07-30,-0.00469541983462373,4.360458638209128
2018-07-31,-0.0006362987009477064,4.3576849665775095
2018-08-01,0.0052376509330957916,4.380568875959028
2018-08-02,0.006976207442044665,4.411235477065255
2018-08-03,0.005127577366178916,4.433912517709041
2018-08-06,0.0056260842175787276,4.4589283876573935
2018-08-07,0.003178708346177509,4.473124571348634
2018-08-08,0.0036992466696284805,4.4897024063676785
2018-08-09,-0.0014892188791404983,4.483021232882015
2018-08-10,-0.006209077767905275,4.455272043001199
2018-08-13,-0.004659728912813346,4.434559976831635
2018-08-14,0.004627213454431321,4.455127180143657
2018-08-15,-0.00752624326360759,4.42172267212352
2018-08-16,0.010054408955109334,4.4664047295817415
2018-08-17,0.002569262444812713,4.477894849763296
2018-08-20,-0.00069092089568315,4.474802047206913
2018-08-21,0.0009175528189794398,4.478909798690986
2018-08-22,0.00041627210550950464,4.480774632015393
2018-08-23,-0.0005671499680603534,4.478234081330679
2018-08-24,0.006043075505326882,4.505378322758808
2018-08-27,0.0075244055795602865,4.539406476818131
2018-08-28,0.00043615047191375255,4.541386772917351
2018-08-29,0.00617595810782847,4.569520975781897
2018-08-30,-0.0017674788099248456,4.561451577631535
2018-08-31,-0.001532889902204812,4.554464730970248
2018-09-04,-0.0007673461205360567,4.550971220665031
2018-09-05,-0.0042015861332782515,4.531890036780665
2018-09-06,-0.005521723399003052,4.506935153908183
2018-09-07,-0.0023981356127446883,4.496139861672337
2018-09-10,-0.0005032922546037244,4.49387755865189
2018-09-11,0.007711715376418565,4.528667034175076
2018-09-12,-0.0029734765134426695,4.5152211495297365
2018-09-13,0.002689634598462906,4.527381791063352
2018-09-14,-0.0004977723819099497,4.525128746243663
2018-09-17,-0.006311276151415852,4.496659342738969
2018-09-18,0.005672760910806763,4.522240304828536
2018-09-19,0.003823884166358109,4.539565932411728
2018-09-20,0.008978640376526617,4.580508592040457
2018-09-21,-0.0018526086852225833,4.572030557704958
2018-09-24,-0.0019062223568308628,4.563323552220546
2018-09-25,-0.0011946600303947227,4.557875187086975
2018-09-26,-0.004552352279208948,4.537173290505743
2018-09-27,0.004420878818823633,4.557275986854452
2018-09-28,-0.00212590622678986,4.547597936415621
2018-10-01,0.004104131429283708,4.566300228114178
2018-10-02,0.0010095717116938019,4.570912563501495
2018-10-03,0.002096755727533884,4.580506705370069
2018-10-04,-0.007664232829357195,4.54553482301665
2018-10-05,-0.005799938120904922,4.519247308985153
2018-10-08,-0.00026775356375037925,4.518037426395119
2018-10-09,0.0029023919532854955,4.531169589990459
2018-10-10,-0.03272590643579765,4.385283111518915
2018-10-11,-0.020740264094694493,4.295267878223642
2018-10-12,0.015199729956626672,4.3610534852526115
2018-10-15,-0.008261628515976468,4.325172503177821
2018-10-16,0.0220717889114551,4.4216981256375325
2018-10-17,0.0017745970052684425,4.4295518244035765
2018-10-18,-0.014728429711550488,4.364789575536576
2018-10-19,0.005018233984081374,4.38674816149775
2018-10-22,-0.0027072119104262723,4.374888365360947
2018-10-23,-0.0031157299744359298,4.361278607721128
2018-10-24,-0.028967331516126675,4.236756251808811
2018-10-25,0.02494850691055718,4.343786566206847
2018-10-26,-0.0183618470166341,4.264754430309764
2018-10-29,-0.008628382840109056,4.228114794085279
2018-10-30,0.012728355681176655,4.282275701471761
2018-10-31,0.012615452708936652,4.336640746887132
2018-11-01,0.00855506022056055,4.373900120476186
2018-11-02,-0.004491348276304951,4.354299461351681
2018-11-05,0.005535918495485657,4.378471353354922
2018-11-06,0.0036099599816311894,4.394306023788347
2018-11-07,0.023653448530302594,4.499485540467264
2018-11-08,-0.00015521944252952833,4.498787187030421
2018-11-09,-0.007400579855398868,4.465616445952196
2018-11-12,-0.020663154934272166,4.374289522075595
2018-11-13,-0.0024790200015220062,4.363459000943794
2018-11-14,-0.008253667966557325,4.3275926771382585
2018-11-15,0.009856640223742195,4.370459113662002
2018-11-16,0.0025033897722743785,4.381413782489198
2018-11-19,-0.01431071818219925,4.319159121521278
2018-11-20,-0.01877976123157068,4.2388032382899885
2018-11-21,0.0002953526237293667,4.24005536484822
2018-11-23,-0.009404263781254692,4.2003676750005905
2018-11-26,0.018073275335417856,4.2769722390036256
2018-11-27,0.007004289899465876,4.307034552130821
2018-11-28,0.025131573966828892,4.416648728686023
2018-11-29,-0.0033460116334052222,4.401895267051031
2018-11-30,0.010445493589188781,4.448116215898926
2018-12-03,0.009742071097529326,4.491661848245764
2018-12-04,-0.03357992038628211,4.3433365149333625
2018-12-06,-0.0007466262634727808,4.340094876117139
2018-12-07,-0.022928107528134976,4.241716834992675
2018-12-10,0.001764739905231204,4.249208970849238
2018-12-11,0.00018615369755303383,4.2500000504397475
2018-12-12,0.0030871205939960646,4.263140585892634
2018-12-13,0.003127969028186158,4.2764964350597
2018-12-14,-0.020570686709646152,4.189424600763214
2018-12-17,-0.021310182380978596,4.1010917359921
2018-12-18,0.0011848662566098763,4.105953861120508
2018-12-19,-0.01749089531105895,4.034761476248668
2018-12-20,-0.014325342056466007,3.9773741658044792
2018-12-21,-0.0210160366904269,3.894657754422846
2018-12-24,-0.027222534397458167,3.790065393386829
2018-12-26,0.05401220606073703,4.000404492762841
2018-12-27,0.0083315301117418,4.033873212475802
2018-12-28,-0.0005057503977210706,4.031833595306308
2018-12-31,0.008413047159700046,4.065896687771915
2019-01-02,0.004931267276923204,4.081631149053545
2019-01-03,-0.026466027583307558,3.975023549026541
2019-01-04,0.03079662256042546,4.099345369278206
2019-01-07,0.0039037660591160375,4.115379531041063
2019-01-08,0.009051325875943456,4.1527982613756445
2019-01-09,0.0016107125971549976,4.159492615741823
2019-01-10,0.0005353746919403216,4.161720099035491
2019-01-11,-0.00015189530376794638,4.161088001304404
2019-01-14,-0.0030914011634046584,4.148244271805003
2019-01-15,0.012097778687117233,4.198733601529696
2019-01-16,0.0035274773253974774,4.213570692470468
2019-01-17,0.004807389117259606,4.233875734375207
2019-01-18,0.011971699330053395,4.284867038939876
2019-01-22,-0.012825429878336628,4.2302626878266905
2019-01-23,0.0026544039565457346,4.241506429957465
2019-01-24,-0.00011899966966295423,4.2410017221240555
2019-01-25,0.0024579488711229582,4.251438709054905
2019-01-28,-0.009066090649878074,4.21306897488345
2019-01-29,-0.004628944900117477,4.193611978163479
2019-01-30,0.017140734436790914,4.266113154022375
2019-01-31,0.010259516107922471,4.31010670100875
2019-02-01,0.003664948648995528,4.325932002484687
2019-02-04,0.007009043686438726,4.356359156936715
2019-02-05,0.004177150096742704,4.374594382132008
2019-02-06,-0.003005857044674149,4.361464719620894
2019-02-07,-0.01092254805197758,4.314085632854034
2019-02-08,-0.0024650310805973507,4.303464373929604
2019-02-11,-0.001440574455689215,4.297269376330549
2019-02-12,0.013844269855063195,4.3571756557464125
2019-02-13,0.0022303800934177186,4.366904659247227
2019-02-14,-0.0063076597339556196,4.339446400282394
2019-02-15,0.009864262747943456,4.382463657709488
2019-02-19,0.002522216035035408,4.39353112922978
2019-02-20,0.0004168917698434039,4.395363138046272
2019-02-21,-0.002831706267085077,4.382934366322613
2019-02-22,0.0049737246196346905,4.404788177253868
2019-02-25,0.0029642989858510308,4.417864658104727
2019-02-26,-0.0001113267849758354,4.417372858811607
2019-02-27,-0.0017433007859658223,4.409678757749744
2019-02-28,-0.002501361550359959,4.398662340620753
2019-03-01,0.0073713469420458476,4.431206205513322
2019-03-04,9.473967277922075e-05,4.431626036426257
2019-03-05,0.002582284263183515,4.443084542793478
2019-03-06,-0.004907230206876421,4.421334713469389
2019-03-07,-0.00795602670185646,4.386298017688361
2019-03-08,-0.0010886379215598067,4.381525525560335
2019-03-11,0.01689078141439817,4.4561614707402155
2019-03-12,0.0033230769546014824,4.470994269846373
2019-03-13,0.007755266002804418,4.505802820028246
2019-03-14,-0.0014933351115023316,4.499079168053884
2019-03-15,0.003446220285222682,4.51461073317341
2019-03-18,0.004016621119079434,4.532780680457349
2019-03-19,0.0008847839599308796,4.53679298684772
2019-03-20,-0.0033596506709581957,4.5215765225603555
2019-03-21,0.006667628695454473,4.5518254481677545
2019-03-22,-0.01732466976167668,4.473645749617206
2019-03-25,-0.0016540021873519474,4.4662524457178145
2019-03-26,0.00721396032745895,4.498588308255356
2019-03-27,-0.005478231132922031,4.474011382236354
2019-03-28,0.0014431813208860731,4.480472853308326
2019-03-29,0.0050100320859338505,4.502976490966034
2019-04-01,0.010243908046985363,4.54934164279974
2019-04-02,0.0012726875308264757,4.555135219106159
2019-04-03,0.0020929566115426646,4.56467890325406
2019-04-04,0.003993119225841591,4.582942650735088
2019-04-05,0.002240112694888636,4.593220466181446
2019-04-08,0.002876522806575436,4.606451990875763
2019-04-09,-0.004348086509660889,4.586466220533373
2019-04-10,0.0018805696456913909,4.595099504890618
2019-04-11,-0.0012176820646188538,4.589507539947039
2019-04-12,0.0013766919141976158,4.595830229066321
2019-04-15,0.0023481432999334067,4.606634577140708
2019-04-16,0.0016667769420747767,4.614319211941412
2019-04-17,0.0028956364458773225,4.627699966375049
2019-04-18,0.00025677369325540156,4.628888390558196
2019-04-22,0.0051556959480832,4.652815158246978
2019-04-23,0.0059476390755113,4.680570882187287
2019-04-24,-0.004813263422879234,4.658096193251149
2019-04-25,0.0037002198543355266,4.675364101094402
2019-04-26,0.00039251517830396596,4.677199612677692
2019-04-29,0.0022836695190354235,4.687892996297426
2019-04-30,-0.001608954690085995,4.680356453478212
2019-05-01,-0.006146999544091367,4.65167454863403
2019-05-02,-0.003157366291313193,4.637010670016005
2019-05-03,0.010838178360898194,4.687540751104704
2019-05-06,-0.002795431646033512,4.674455349541065
2019-05-07,-0.014766888885548788,4.605935345560441
2019-05-08,-0.0028088602554873286,4.5930160695435145
2019-05-09,-0.004482904021020428,4.572472102058988
2019-05-10,0.00420929301635958,4.591759541710064
2019-05-13,-0.022070551291821002,4.4915270391677105
2019-05-14,0.003902738907824653,4.509090547098878
2019-05-15,0.008026147942753217,4.545426799925566
2019-05-16,0.008509676313848821,4.58427195614138
2019-05-17,-0.00498898689300704,4.561458039922534
2019-05-20,-0.004609149537149124,4.540481975752396
2019-05-21,0.005722542336500817,4.566539562799279
2019-05-22,-0.0007757216299678316,4.562998572875114
2019-05-23,-0.011250254797202217,4.511951361768623
2019-05-24,0.0035241448924943843,4.52788018336723
2019-05-28,-0.006456031918609977,4.498742203450655
2019-05-29,-0.007721188313571362,4.464140323443499
2019-05-30,-0.0003568023019097995,4.462547792026379
2019-05-31,-0.01603109279155366,4.391578650623148
2019-06-03,-0.008777777324562783,4.353199041383288
2019-06-04,0.019161690086306082,4.437418004254723
2019-06-05,0.007662490525240961,4.471550279785094
2019-06-06,0.008869920249635503,4.511388996083378
2019-06-07,0.011054224859852448,4.561535559529545
2019-06-10,0.008254021687128223,4.599342387509066
2019-06-11,0.0017062307908667178,4.6071966257745025
2019-06-12,-0.00363362920644003,4.590486159760008
2019-06-13,0.0027929369676870292,4.603325018971726
2019-06-14,0.002096633051640324,4.612986627238293
2019-06-17,0.0023750637904849403,4.6239557858119555
2019-06-18,0.007939768829423434,4.66081505925031
2019-06-19,0.001013425521127683,4.6655408423907705
2019-06-20,0.0068400220958056476,4.697562634878414
2019-06-21,0.0029413981237711704,4.711400377977931
2019-06-24,0.0005224379598323845,4.713862435459499
2019-06-25,-0.010215020518847272,4.665955336535537
2019-06-26,-0.0018102034214264155,4.657516648396538
2019-06-27,0.0018886780664111797,4.666321510091568
2019-06-28,0.005590662565344201,4.692482399288564
2019-07-01,0.006887244330994592,4.7249122199506735
2019-07-02,0.003870013634313533,4.743233122868844
2019-07-03,0.006666094855868475,4.774957586453366
2019-07-05,-0.0009190995801745922,4.770570941131042
2019-07-08,-0.0025501616325154177,4.758420713258988
2019-07-09,0.001928817779345166,4.767607696892789
2019-07-10,0.006684751970075571,4.799584732034654
2019-07-11,0.002518317283123381,4.811686841296725
2019-07-12,0.0037228954031666,4.829633634407986
2019-07-15,-3.17073255467224e-05,4.8294805020697895
2019-07-16,-0.005740490355698204,4.801836337269008
2019-07-17,-0.003978358641019675,4.782770859983329
2019-07-18,0.0016005076023972449,4.790431850206422
2019-07-19,-0.0064975022484572665,4.759406909947801
2019-07-22,0.004506387085044965,4.7809030383391935
2019-07-23,0.007473268244249106,4.816765848483993
2019-07-24,0.004363753675052661,4.837830956200377
2019-07-25,-0.006484100231990011,4.806563455728147
2019-07-26,0.009564197487619426,4.852754917879842
2019-07-29,-0.0027941771116077726,4.839214387290109
2019-07-30,-0.003309643459948755,4.823224787574478
2019-07-31,-0.01239814822962051,4.763794903236542
2019-08-01,-0.011692955577693114,4.708416460852794
2019-08-02,-0.005381411032710854,4.683146591324814
2019-08-05,-0.03003927050739817,4.54456022181398
2019-08-06,0.01161263103628419,4.597642136717486
2019-08-07,-0.0008969200588432592,4.593520268031358
2019-08-08,0.01848072511036051,4.6792011371015
2019-08-09,-0.007925679777477272,4.6422618650609335
2019-08-12,-0.012031851118135506,4.586741537391178
2019-08-13,0.015238437876074661,4.657171572343914
2019-08-14,-0.028776255513941976,4.525065488415238
2019-08-15,0.007079936048197164,4.5572163413805615
2019-08-16,0.012306460937310332,4.61364605914384
2019-08-19,0.011167272243288003,4.66545665379654
2019-08-20,-0.011536564398095396,4.6119425904073195
2019-08-21,0.006772410825531415,4.64328256413667
2019-08-22,-0.0009943297879391054,4.638667904596258
2019-08-23,-0.025253836911958635,4.522990538281714
2019-08-26,0.01221273209952575,4.57856729123701
2019-08-27,-0.0020505401882955306,4.569188374210961
2019-08-28,0.0066466580364885315,4.599659359770153
2019-08-29,0.011973039691003905,4.65506227263779
2019-08-30,0.0015922607288844286,4.662480249594491
2019-09-03,-0.00614232520495961,4.633929553234427
2019-09-04,0.010835290996542747,4.684412533385647
2019-09-05,0.012948102006373622,4.745461163739568
2019-09-06,-0.0010018692645912546,4.7407092128675465
2019-09-09,0.004048559394432308,4.759941160259253
2019-09-10,0.002255999618336717,4.770691707756022
2019-09-11,0.006990716489044867,4.80415910518893
2019-09-12,0.0037302485740388297,4.822113278786759
2019-09-13,0.0008378132229241456,4.82615500192229
2019-09-16,-0.004691764347673556,4.803564855209475
2019-09-17,0.001221334873493155,4.809435200583279
2019-09-18,0.0015495603876173616,4.8168934878978416
2019-09-19,0.001196714875887524,4.8226613865670815
2019-09-20,-0.004663542056545732,4.800223064063556
2019-09-23,-0.00028522565511666513,4.798854112534731
2019-09-24,-0.009317489826976116,4.754348500435417
2019-09-25,0.005982430114823124,4.782876305798875
2019-09-26,-0.006035773392166436,4.7540948946689126
2019-09-27,-0.0011903025095779246,4.7484394500976785
2019-09-30,0.0019137017223737074,4.75753524739747
2019-10-01,-0.009159191980668184,4.714159017558461
2019-10-02,-0.018314528525661268,4.6286072294048
2019-10-03,0.007895161655154463,4.665295470942477
2019-10-04,0.01587313769233745,4.739939196151173
2019-10-07,-0.00460522738453772,4.718160883893753
2019-10-08,-0.013215394308405884,4.656218723933283
2019-10-09,0.009019240766404955,4.698404236341467
2019-10-10,0.006424626112896183,4.728686900121709
2019-10-11,0.00950419980054002,4.773843534135304
2019-10-14,-0.001364368287449245,4.767334694644864
2019-10-15,0.013425737963843725,4.831771267421325
2019-10-16,-0.0015628156426925846,4.824225997171583
2019-10-17,0.0028247902026110124,4.83787268894978
2019-10-18,-0.0054827428345708435,4.811420458781418
2019-10-21,0.009636015083169285,4.858007475011945
2019-10-22,-0.002055819110407435,4.848030549297453
2019-10-23,0.005611084152233115,4.8753097179656475
2019-10-24,0.0019082562683083704,4.884621940522607
2019-10-25,0.006982942628489678,4.918850343697413
2019-10-28,0.006088636887680715,4.948890797248172
2019-10-29,-0.003326495859133752,4.932455683328349
2019-10-30,0.003199367215434387,4.948261691462831
2019-10-31,-0.0010907161084805338,4.94286748503567
2019-11-01,0.007740571705360617,4.981276567584689
2019-11-04,0.00415065214603744,5.001995081787938
2019-11-05,0.0007906146596014819,5.00595129614131
2019-11-06,0.0002900566850673859,5.007403516382791
2019-11-07,0.006006059631078715,5.037568776997468
2019-11-08,-0.0003669020444405644,5.035720821744189
2019-11-11,-0.0024986349107146773,5.023154100260893
2019-11-12,0.0007289376073880173,5.026817001043154
2019-11-13,-0.0009739459979589327,5.021923536114625
2019-11-14,0.00032659058324168246,5.023563916903158
2019-11-15,0.007943716566011663,5.063628605393059
2019-11-18,0.002590698373034355,5.076763947290417
2019-11-19,0.00019057185031900849,5.077731527783359
2019-11-20,-0.003731966833327242,5.058816918433395
2019-11-21,0.0012313699131563125,5.065050030228495
2019-11-22,0.002288846516179106,5.076656429911211
2019-11-25,0.006470291318188555,5.109610371769969
2019-11-26,0.0014235335323837597,5.1168892531082415
2019-11-27,0.004002284507994252,5.1374095363092245
2019-11-29,-0.0027460952988116807,5.123321073118234
2019-12-02,-0.004811382444328122,5.098730021965269
2019-12-03,-0.007488179821607676,5.0606924086826615
2019-12-04,0.00675541505792858,5.094995220798123
2019-12-05,0.0025457932920136097,5.107982549967504
2019-12-06,0.009849314561473211,5.158541252438788
2019-12-09,-0.00297603670050647,5.143212065775455
2019-12-10,-0.0007052225050568784,5.139586235537204
2019-12-11,0.001396664600058235,5.146769528849378
2019-12-12,0.008410356469223288,5.190238232672823
2019-12-13,-0.0002180358016161486,5.18910669828117
2019-12-16,0.008335459929067732,5.232541060440737
2019-12-17,0.0007710368214760584,5.23657709803507
2019-12-18,-0.0022669963051101857,5.224719243037528
2019-12-19,0.004004409179763053,5.245683102658526
2019-12-20,0.00419633692426222,5.2677420072831405
2019-12-23,0.00156570792615313,5.275996212848187
2019-12-24,-0.00038468632969000606,5.2739669995599385
2019-12-26,0.008362575621683703,5.3182558738472645
2019-12-27,0.0002784708449026295,5.31973705927777
2019-12-30,-0.006337584416551903,5.286129384815258
2019-12-31,0.0027861908259992035,5.300878086820378
2020-01-02,0.010619562620550737,5.347291431096815
2020-01-03,-0.009781097295816122,5.295244008738042
2020-01-06,0.0039926710402250175,5.316428439231234
2020-01-07,-0.005533266898059911,5.287092458486496
2020-01-08,0.005906234258270503,5.318411663327901
2020-01-09,0.007914447283647945,5.360670960973844
2020-01-10,-0.0022362637542503497,5.348696480843542
2020-01-13,0.0056238473031539355,5.3788614752800585
2020-01-14,-0.002305286033952496,5.366475942625337
2020-01-15,0.002863571529422927,5.381865254028887
2020-01-16,0.007999781318879863,5.425091669556473
2020-01-17,0.00397420142213541,5.446694976096583
2020-01-21,-1.616709511618732e-05,5.4466069195726465
2020-01-22,0.0027858414427755053,5.46180145781191
2020-01-23,-0.0009817101816928563,5.4564421827682485
2020-01-24,-0.0047393745979804345,5.43064324300237
2020-01-27,-0.015734279919170844,5.345864695799884
2020-01-28,0.011221516857601938,5.406191251294387
2020-01-29,0.0001130224704963688,5.4068023069164415
2020-01-30,0.004544434735853173,5.431429082133815
2020-01-31,-0.017376647009018857,5.337864331337115
2020-02-03,0.006738709415873069,5.373956117418856
2020-02-04,0.012975433291307898,5.444139874171503
2020-02-05,0.010915706837821698,5.503892034252035
2020-02-06,0.003323891567384112,5.522216812489007
2020-02-07,-0.003476954790175118,5.503049655269645
2020-02-10,0.006961057513865497,5.541490339102765
2020-02-11,-0.0031620117250936723,5.523995755291962
2020-02-12,0.006303698927970547,5.558927344852677
2020-02-13,0.00028691986592035735,5.560522540376822
2020-02-14,0.0020216007364044536,5.571775067065061
2020-02-18,-0.0023392608309447975,5.558756464781673
2020-02-19,0.0062968930850488564,5.593869796350856
2020-02-20,-0.0049524431008085455,5.566234960928681
2020-02-21,-0.010067174372170857,5.510479822220817
2020-02-24,-0.038123576679960365,5.304354700325031
2020-02-25,-0.029256333336178192,5.151416840145913
2020-02-26,-0.00474875108308737,5.127012035879155
2020-02-27,-0.04783841377934086,4.887518089922628
2020-02-28,-0.005041785572770458,4.862938286845846
2020-03-02,0.049903448014332635,5.111772888771214
2020-03-03,-0.033596772939671414,4.942886716361915
2020-03-04,0.04226487696969108,5.156274863179324
2020-03-05,-0.032121398085996074,4.993279932576323
2020-03-06,-0.015717066768542082,4.915413735500446
2020-03-09,-0.07061129849471506,4.580300602426651
2020-03-10,0.0499896327305377,4.815087716474223
2020-03-11,-0.04434462204730573,4.606229564037777
2020-03-12,-0.09659620277635124,4.182099685808897
2020-03-13,0.09851949207483564,4.615097200846662
2020-03-16,-0.12009152597204986,4.092849405703312
2020-03-17,0.059368947379817585,4.343195428655345
2020-03-18,-0.041774904344170194,4.165496377276187
2020-03-19,0.00013800480201674542,4.166071275447477
2020-03-20,-0.04854336744162409,3.9686662619917583
2020-03-23,-0.01993869861133359,3.8903198795030813
2020-03-24,0.08134787026612765,4.220017418940436
2020-03-25,0.005501055574943589,4.24329593880122
2020-03-26,0.05230194440236991,4.47113484057892
2020-03-27,-0.03746784748835026,4.306710588658986
2020-03-30,0.03910859574411809,4.478476868832834
2020-03-31,-0.018343445543269277,4.397075049698551
2020-04-01,-0.035901841289091414,4.242012136415991
2020-04-02,0.028559375729800197,4.364907915138892
2020-04-03,-0.013724842381051915,4.305409479302891
2020-04-06,0.06366182526049075,4.588412371881979
2020-04-07,-0.003442308170401531,4.572644796481694
2020-04-08,0.02739203867828456,4.6996301130511995
2020-04-09,0.006829082532344485,4.7318341116906435
2020-04-13,-0.0033596954786370894,4.7159632655535235
2020-04-14,0.030402775090280606,4.861543443261378
2020-04-15,-0.01755891437375142,4.7769250954629285
2020-04-16,0.005747975122239958,4.804461806421314
2020-04-17,0.02115842747430688,4.907199716644448
2020-04-20,-0.020533957622004752,4.807462984951188
2020-04-21,-0.026532712534814634,4.681585274680239
2020-04-22,0.02446794660317954,4.7975469398412125
2020-04-23,0.0011506942627496819,4.803070627008235
2020-04-24,0.011141019647278497,4.856880925439927
2020-04-27,0.008145328235069861,4.896603371336577
2020-04-28,-0.008654860915157296,4.854406816258391
2020-04-29,0.02888806971574694,4.996686456407333
2020-04-30,-0.0032932555706216156,4.980258157042122
2020-05-01,-0.024308645472014605,4.860654419106282
2020-05-04,0.00384710158079287,4.879389865881825
2020-05-05,0.006984839632584045,4.9135909270135425
2020-05-06,-0.0049493724382932,4.889331818708832
2020-05-07,0.008138871586145633,4.929287840427194
2020-05-08,0.0168530164608047,5.0130651770690795
2020-05-11,-0.0007995477512658789,5.009058594020481
2020-05-12,-0.01792404425219539,4.9200758536948195
2020-05-13,-0.015334143301900985,4.845206203510269
2020-05-14,0.013291218980399207,4.910034771147785
2020-05-15,0.005867409336965337,4.938928638188644
2020-05-18,0.025929876938611953,5.068669259893279
2020-05-19,-0.011572602265805514,5.010349672098592
2020-05-20,0.020248766395272434,5.112837193365678
2020-05-21,-0.008817613857689881,5.067952348708656
2020-05-22,0.0015604425726670668,5.075866770704383
2020-05-26,0.010287172744769302,5.128352591494058
2020-05-27,0.010105259385429723,5.180438652996543
2020-05-28,-0.004589618638828415,5.156716893752393
2020-05-29,0.004575801691594044,5.180367075643514
2020-06-01,0.0027325662691744237,5.19454213029413
2020-06-02,0.00675914320531581,5.229771711205222
2020-06-03,0.008965960355008502,5.276872473287062
2020-06-04,-0.0053297681783927055,5.2488227818731215
2020-06-05,0.025013868879085913,5.3817720018351904
2020-06-08,0.006023576256571997,5.4142873468999095
2020-06-09,-0.0005616234886556789,5.411247409681537
2020-06-10,-0.0016763959223771083,5.402183615965054
2020-06-11,-0.05684237439870045,5.103675011712959
2020-06-12,0.009246949118460938,5.151087306566384
2020-06-15,0.0058161125024986824,5.1811339023430305
2020-06-16,0.017131393166881156,5.270658596138665
2020-06-17,-0.00346194272376717,5.252443426092473
2020-06-18,0.0005801718824477552,5.255491630238106
2020-06-19,-0.005657447709214024,5.225842908280688
2020-06-22,0.007932012542234804,5.267459192018403
2020-06-23,0.006686842185728289,5.302799887497087
2020-06-24,-0.023870559077768354,5.1777179170771594
2020-06-25,0.008828493864151783,5.223631744692336
2020-06-26,-0.031031656061427625,5.064023069660989
2020-06-29,0.014114506533259498,5.1360060635516005
2020-06-30,0.01487840585962286,5.212992947121619
2020-07-01,0.00561518960569704,5.242347228732158
2020-07-02,0.0028739698687978757,5.257435247579873
2020-07-06,0.017610671223377096,5.350842277390111
2020-07-07,-0.00715939373091524,5.312670297897617
2020-07-08,0.00852799670627101,5.3581704696005845
2020-07-09,-0.0028614304497068675,5.342860352328351
2020-07-10,0.012542459649694462,5.410294976711115
2020-07-13,-0.008091351586147304,5.366695007085274
2020-07-14,0.014576586603406917,5.445496031329268
2020-07-15,0.0021649987046749334,5.457298294515682
2020-07-16,-0.00399504907509018,5.435539612452807
2020-07-17,-0.00012365358100499728,5.434867530068586
2020-07-20,0.01317791581424406,5.5069617392459
2020-07-21,0.00011704923046043043,5.507606362605252
2020-07-22,0.0033299823030680828,5.5259771645718985
2020-07-23,-0.014435822515258767,5.446778165717639
2020-07-24,-0.010258784021478739,5.391186483981266
2020-07-27,0.0035197141741152562,5.410195352732523
2020-07-28,-0.004385207748851424,5.386522465349398
2020-07-29,0.007430981291703271,5.426698702574594
2020-07-30,-0.002004813216008453,5.415830083712076
2020-07-31,0.010667622046343824,5.473913366553434
2020-08-03,0.004990679512916883,5.5013001964494626
2020-08-04,0.005232885510447923,5.53016332339203
2020-08-05,0.01124513791856648,5.5927017402235375
2020-08-06,0.011296456140334952,5.656237639739566
2020-08-07,-0.00034725326266464747,5.6542738337535114
2020-08-10,0.002366436181164899,5.667670156451644
2020-08-11,-0.006741824291279254,5.629588235169034
2020-08-12,0.014172377731245115,5.709940935579249
2020-08-13,-0.0015991424265073067,5.700817223777934
2020-08-14,-0.00018481141912191323,5.699763745007105
2020-08-17,0.00193170728337241,5.710784661311946
2020-08-18,0.004294353367074343,5.735361521743116
2020-08-19,-0.005113994143632766,5.70610578709738
2020-08-20,0.006373739770861652,5.742591171144222
2020-08-21,0.004004720208576739,5.765634752808158
2020-08-24,0.01054658898752084,5.826764320388473
2020-08-25,0.0047809760469280736,5.854688640597837
2020-08-26,0.012313131731490741,5.927223844397197
2020-08-27,0.0022063871060837258,5.940316032568712
2020-08-28,0.009307010529321669,5.9958606928590585
2020-08-31,-0.00412604886401499,5.971172446139618
2020-09-01,0.008760780218841654,6.0237143937620745
2020-09-02,0.013994714913845924,6.108607199199092
2020-09-03,-0.03402210328368517,5.904275146458562
2020-09-04,-0.009590615351033798,5.847920185936608
2020-09-08,-0.027301603022586097,5.6904223451005125
2020-09-09,0.01807006327782483,5.794183297055544
2020-09-10,-0.017909776384253694,5.691334518324069
2020-09-11,-0.001134699241279122,5.684880227896001
2020-09-14,0.008394150877257303,5.7328008151875745
2020-09-15,0.004741513524197781,5.760047512028544
2020-09-16,-0.007603880956401072,5.716414895288293
2020-09-17,-0.009338969597604756,5.66327797859875
2020-09-18,-0.00979445322198928,5.608080025505976
2020-09-21,-0.010992202879037604,5.546772442108591
2020-09-22,0.011525358731167413,5.611070803395308
2020-09-23,-0.025534154572797674,5.46961057370823
2020-09-24,0.004320852201017884,5.4932950843807085
2020-09-25,0.014347346851102555,5.572677395377982
2020-09-28,0.013956605694068284,5.650998332343051
2020-09-29,-0.004246284477289264,5.627053460191718
2020-09-30,0.0093111421571839,5.679692439088868
2020-10-01,0.006745858341064126,5.718136362547044
2020-10-02,-0.013173904162258821,5.643300206618851
2020-10-05,0.014982990352604454,5.728490326858102
2020-10-06,-0.015885854206449408,5.638207374258982
2020-10-07,0.014600534386037265,5.721132114541029
2020-10-08,0.007945062826781417,5.766767918235751
2020-10-09,0.011349887341775097,5.832592931044031
2020-10-12,0.018226095369337073,5.939873004713591
2020-10-13,-0.004592008103317467,5.91265958967417
2020-10-14,-0.011707827788799056,5.843838846252292
2020-10-15,-0.001836645919233564,5.833115633869152
2020-10-16,-0.0008329511459983064,5.8282589564854765
2020-10-19,-0.017737446604979775,5.7257919623377616
2020-10-20,0.005659909527891443,5.75829131175029
2020-10-21,0.0020051789162092958,5.7698493001266655
2020-10-22,0.0043951819660584075,5.7952646493460644
2020-10-23,0.0003571825738983079,5.7973349866121255
2020-10-26,-0.01835207080659817,5.691912206447624
2020-10-27,0.0014763492756826825,5.700321663030987
2020-10-28,-0.04013802443469863,5.476052972331652
2020-10-29,0.012263494904567645,5.543621989377904
2020-10-30,-0.013538919161302326,5.46907313361356
2020-11-02,0.00746597264950417,5.5100578892028285
2020-11-03,0.01619716554855858,5.600031903988071
2020-11-04,0.026470483285010567,5.750246814509795
2020-11-05,0.01768844607220576,5.852864644582214
2020-11-06,-0.0008787057438430011,5.847723957707396
2020-11-09,0.016606685624650175,5.945646101804018
2020-11-10,-0.000887572586679244,5.940371250566926
2020-11-11,0.005946969888381797,5.975803712986756
2020-11-12,-0.007883578086494675,5.92887821125233
2020-11-13,0.009799666262699193,5.987264856598879
2020-11-16,0.009935979183936202,6.047050719270357
2020-11-17,-0.0076175256896840555,6.001162155622321
2020-11-18,-0.012059363199675715,5.929226581958962
2020-11-19,0.0017935832095410888,5.939870685891521
2020-11-20,-0.00966845568039927,5.882718043526334
2020-11-23,0.005773946691691141,5.916782793297721
2020-11-24,0.01747387019211622,6.021080476060239
2020-11-25,-0.0004921772228362002,6.018117766541937
2020-11-27,0.0016078232581262022,6.027801619132697
2020-11-30,-0.004287458264562304,6.002012994593814
2020-12-01,0.013021868585233803,6.080681512967884
2020-12-02,0.0043748331582065285,6.107341754608661
2020-12-03,-0.0027159150808393757,6.090777237126821
2020-12-04,0.0045195246391201436,6.1183669541618535
2020-12-07,-0.0035432910854708167,6.096726161530854
2020-12-08,0.0030270677622767717,6.11520932553115
2020-12-09,-0.00863056480519918,6.062658712080118
2020-12-10,-0.0027982130727489947,6.045717814390978
2020-12-11,0.004121990641213994,6.070689638095511
2020-12-14,-0.00516805864147129,6.039396889082001
2020-12-15,0.011233914871603681,6.107625479155499
2020-12-16,0.0021528853096684014,6.12078866065238
2020-12-17,0.004282410202629583,6.14705659334835
2020-12-18,-0.005454084009497645,6.113621292629966
2020-12-21,-0.0016281353201517263,6.103675588542484
2020-12-22,-0.004294641099063655,6.0775186999320026
2020-12-23,0.002150283375880087,6.0906011478033575
2020-12-24,0.004727538466632588,6.119462867706022
2020-12-28,0.01611400169054342,6.218870680514496
2020-12-29,-6.442106891401321e-05,6.218470067121929
2020-12-30,-0.0011882353291501288,6.211085449495554
2020-12-31,0.0044334452191752615,6.238683087692451
2021-01-04,-0.007444137171274358,6.180545814865342
2021-01-05,0.0035259181393216747,6.202376377236174
2021-01-06,0.0007767440401239324,6.207195907650246
2021-01-07,0.018612870068799487,6.3238115477861285
2021-01-08,0.007476480077759519,6.37126858356834
2021-01-11,-0.010552581941839344,6.304388747866939
2021-01-12,-0.0004730394670717881,6.301407228417218
2021-01-13,0.003417777795166066,6.322980884100959
2021-01-14,-0.011493832189600048,6.250721666045349
2021-01-15,-0.006869312853689509,6.207930644085036
2021-01-19,0.00782829159115408,6.256718850343405
2021-01-20,0.0117547121865942,6.330698733946469
2021-01-21,0.004694518207019485,6.360488183262684
2021-01-22,0.00025793433955319483,6.3621289831816945
2021-01-25,0.004992162407256884,6.393969173897311
2021-01-26,-0.0017662256640325902,6.38268594874148
2021-01-27,-0.028890270472133498,6.20092660554591
2021-01-28,0.009056401763522041,6.257339752678564
2021-01-29,-0.02201046698124472,6.121117440498804
2021-02-01,0.01629076326408639,6.221651782836833
2021-02-02,0.017149670837897486,6.329271244490819
2021-02-03,0.0038427241554327587,6.353639678587051
2021-02-04,0.01326701610142358,6.438495163406756
2021-02-05,0.0016070097876422966,6.448850206251165
2021-02-08,0.0101118448355678,6.514390788547722
2021-02-09,-0.001588561093148425,6.504050496063137
2021-02-10,-0.0005594923344047686,6.500412547465084
2021-02-11,0.00362553702078751,6.524022807880794
2021-02-12,0.0025468311260517683,6.540659568752537
2021-02-16,0.002781635985196264,6.558878630427187
2021-02-17,0.0014417376087288896,6.568341632363498
2021-02-18,-0.00662944190814285,6.524941212312779
2021-02-19,-0.007832283917452998,6.474035633896722
2021-02-22,-0.008972644090710183,6.416206245561444
2021-02-23,0.00040015033012049935,6.418774206359642
2021-02-24,0.010532871262905282,6.486739635953974
2021-02-25,-0.028935396293458884,6.3017327852190625
2021-02-26,-0.0038847528282437106,6.277299600128667
2021-03-01,0.02391628621255466,6.429238964437683
2021-03-02,-0.01068364011034882,6.360916903171662
2021-03-03,-0.014006947436242086,6.272440959942678
2021-03-04,-0.015842990627308085,6.173849788301029
2021-03-05,0.0155020849682991,6.270303013763315
2021-03-08,-0.005770360892546311,6.234225293308676
2021-03-09,0.020430451475664285,6.362903329988361
2021-03-10,0.006862203903773317,6.406717027389873
2021-03-11,0.012263385279160712,6.485768797107945
2021-03-12,-0.0011648917017277659,6.478217977654185
2021-03-15,0.00261787900272701,6.4951993864114765
2021-03-16,0.000601097144407464,6.499104805865655
2021-03-17,0.0025544994159357394,6.51572798821164
2021-03-18,-0.013809341659378112,6.426368492219485
2021-03-19,-0.0012006334708085592,6.41865740913051
2021-03-22,0.006039521539895997,6.457540327731923
2021-03-23,-0.0025839300502585815,6.440876034184637
2021-03-24,-0.008317669905144253,6.387525138585413
2021-03-25,0.003009932379762596,6.406780120886922
2021-03-26,0.013272105394375337,6.492378359815805
2021-03-29,0.0014941630692308042,6.502086282596267
2021-03-30,-0.001727785799562271,6.490861769818886
2021-03-31,0.00588148701637921,6.529150175050017
2021-04-01,0.012020251603383882,6.608105785395634
2021-04-05,0.01782841785967595,6.726974327075915
2021-04-06,-0.0016077029559327478,6.716168039543588
2021-04-07,0.0050849099601504005,6.75040612431854
2021-04-08,0.005565048703845792,6.788077186597313
2021-04-09,0.006840031170264706,6.8346670023900336
2021-04-12,0.0039128937010655335,6.861462718057587
2021-04-13,0.00450903826871339,6.8924711726497065
2021-04-14,-0.007728101204537947,6.839410750115222
2021-04-15,0.0127056455425135,6.92686427910582
2021-04-16,0.0026466459604231763,6.945221518309375
2021-04-19,-0.006684823655949965,6.89894877209743
2021-04-20,-0.005994019976847847,6.8577200217545675
2021-04-21,0.007460626340353113,6.90907423748914
2021-04-22,-0.0126354019305177,6.822324520455788
2021-04-23,0.011506212767091522,6.9012769888436996
2021-04-26,0.0013871951272948645,6.910857049825442
2021-04-27,-0.002349358637638607,6.894640025384308
2021-04-28,0.0017488718168184635,6.906708416970787
2021-04-29,0.010693053787641725,6.980958494116546
2021-04-30,-0.006157220191209581,6.9381072531645644
2021-05-03,-0.00016011803046675426,6.93699642603012
2021-05-04,-0.0066309556220623634,6.891149682428183
2021-05-05,-0.0022556135562799987,6.87562342898288
2021-05-06,0.01126621505143586,6.953523677650952
2021-05-07,0.004328837318770898,6.98368959501198
2021-05-10,-0.013381259748798316,6.890861494132317
2021-05-11,-0.008574153215050043,6.83203076416093
2021-05-12,-0.021668115985006734,6.685585851526993
2021-05-13,0.010445408336433225,6.755785519544063
2021-05-14,0.012919932028693609,6.843636098982362
2021-05-17,-0.0038206045289023013,6.817539156701154
2021-05-18,-0.006549596575297176,6.773032933591007
2021-05-19,-0.0019077949857326157,6.760123693329481
2021-05-20,0.010957885259940065,6.834607701405424
2021-05-21,0.0007045054508165442,6.839424416286978
2021-05-24,0.013104372694979077,6.929640605113467
2021-05-25,-0.0006875734342955633,6.92487760596766
2021-05-26,0.0008051350647964049,6.930455312850036
2021-05-27,6.390555870503832e-06,6.930499602453438
2021-05-28,0.00112587966349582,6.938306905230704
2021-06-01,-0.0018125708958585448,6.925742122787274
2021-06-02,0.0025828663022959553,6.943653510136485
2021-06-03,-0.0037815565425715933,6.917445276965529
2021-06-04,0.010104652533161701,6.987697999827439
2021-06-07,-0.0007509380387461465,6.982452641312208
2021-06-08,-0.0012588263898404028,6.973668475691243
2021-06-09,-0.0026204777748647075,6.955418055295589
2021-06-10,0.003935082701757502,6.982842123167841
2021-06-11,0.0023650603038431347,6.999376510585909
2021-06-14,0.0028230847651369803,7.019164261885972
2021-06-15,-0.005729229217851725,6.979064839987107
2021-06-16,-0.004999288441527422,6.944261550128435
2021-06-17,0.0056548226173270535,6.9836413553720735
2021-06-18,-0.009904125546747924,6.9148158852631045
2021-06-21,0.009692998553742744,6.982167075808069
2021-06-22,0.007760525254031438,7.036563157808313
2021-06-23,0.0014662326456138797,7.046887963857338
2021-06-24,0.0066347263855611755,7.093797581527881
2021-06-25,0.0024531519764529807,7.111221107626475
2021-06-28,0.00573295534952806,7.15210650581738
2021-06-29,-0.0020430352626070875,7.1375094162857415
2021-06-30,0.0018674481351812545,7.150850798227251
2021-07-01,0.005330901169260853,7.189073066156856
2021-07-02,0.008228062566466795,7.248469231725342
2021-07-06,-0.0010890255523341571,7.240579760214447
2021-07-07,0.0013293950995897283,7.250211752408932
2021-07-08,-0.009030708482099397,7.185031956477925
2021-07-09,0.011159813854974127,7.265664661804223
2021-07-12,0.008391220976337533,7.326888973639818
2021-07-13,-0.0025027507145460497,7.308574524835334
2021-07-14,-0.00038975847911870015,7.305726501000782
2021-07-15,-0.003898891536918678,7.277297722150608
2021-07-16,-0.009876026743521135,7.205780668681517
2021-07-19,-0.014555145354174187,7.101659074321833
2021-07-20,0.011560518900929465,7.184234325002097
2021-07-21,0.008943130301139463,7.248772023065143
2021-07-22,0.002201303099554496,7.26474634309697
2021-07-23,0.011877904686234909,7.3515508147882365
2021-07-26,0.0023521506442619393,7.368863122369423
2021-07-27,-0.0057380571041896235,7.3267012442949575
2021-07-28,-0.0005343115782453483,7.322787548649345
2021-07-29,-0.00035998858750476846,7.320151903132725
2021-07-30,-0.007350364175280347,7.26654338326086
2021-08-02,-0.002796873375676755,7.246248176330913
2021-08-03,0.005734551587707261,7.2879215351257445
2021-08-04,-0.0007879883779886189,7.282180999691013
2021-08-05,0.00856492084748139,7.344820170397386
2021-08-06,0.0011968474795677273,7.353616062526899
2021-08-09,0.00028060025878221873,7.355679778623124
2021-08-10,0.00019318029372510022,7.357100888264076
2021-08-11,0.0008488186678358839,7.363348383959567
2021-08-12,0.003184925986499022,7.386837489250568
2021-08-13,0.001256729619940528,7.396126582437696
2021-08-16,0.002128123822501912,7.411883215698625
2021-08-17,-0.010535215883654362,7.334207310572608
2021-08-18,-0.008605726920608724,7.271361928230621
2021-08-19,0.0033501105397339592,7.2957626441912105
2021-08-20,0.01033352334248486,7.3715444499643015
2021-08-23,0.010951444184851822,7.4527171755710855
2021-08-24,0.00015091521106422927,7.453841988830219
2021-08-25,0.0018797501884036773,7.467866526897495
2021-08-26,-0.006852628529236573,7.416866951826185
2021-08-27,0.009823339747373186,7.490084386847782
2021-08-30,0.006081674093244139,7.535775437227943
2021-08-31,-0.002198137441582688,7.51922895946661
2021-09-01,0.0012965027816120068,7.5289839830693035
2021-09-02,-0.0023283676950849245,7.51147413258193
2021-09-03,0.00256434545799272,7.530760865510723
2021-09-07,0.002331783360421282,7.548341457488368
2021-09-08,-0.0030304000943003804,7.525501587275034
2021-09-09,-0.003285326753555454,7.500818423906134
2021-09-10,-0.008576103396259867,7.4367656835950395
2021-09-13,0.0037303942746590166,7.46455956055158
2021-09-14,-0.00466223359898914,7.429839040645594
2021-09-15,0.005447249359004845,7.470421658066614
2021-09-16,-0.00011315724528441247,7.469576373556609
2021-09-17,-0.007985356735894908,7.410166661114052
2021-09-20,-0.02023453724568557,7.261732183799368
2021-09-21,-8.992689703708454e-05,7.261079188118343
2021-09-22,0.00809160372614764,7.320071312107156
2021-09-23,0.01322563163365022,7.417526914208128
2021-09-24,0.00358280577585171,7.444150136917866
2021-09-27,-0.0008515999199215649,7.437813397823597
2021-09-28,-0.021343099997383937,7.280749480364789
2021-09-29,-3.007132252899492e-05,7.280530541890814
2021-09-30,-0.010268997015762922,7.2061493591922945
2021-10-01,0.011494523962712028,7.289458497865881
2021-10-04,-0.01816957476867383,7.158208129184206
2021-10-05,0.012618965242891321,7.249109644049167
2021-10-06,0.007282635260640381,7.3020949677638685
2021-10-07,0.009520626150282468,7.3719474762432515
2021-10-08,-0.0021104038787629702,7.356406094759422
2021-10-11,-0.008955126434210352,7.290822640426518
2021-10-12,-0.0045109518069145265,7.258008158779712
2021-10-13,0.00035400261406899174,7.260577967473515
2021-10-14,0.019631690119681862,7.404523710262169
2021-10-15,0.01282740878181759,7.50011635494316
2021-10-18,0.004948216498357164,7.53732052566447
2021-10-19,0.006309493503370384,7.585027545854172
2021-10-20,-0.00011993206015238348,7.584117912422481
2021-10-21,0.0024909203499341452,7.603032894143154
2021-10-22,-0.0019767284584531046,7.588018607123934
2021-10-25,0.011673542628041884,7.677116699191839
2021-10-26,0.0053701017792240815,7.718454491973229
2021-10-27,-0.006090050738000847,7.671591556166985
2021-10-28,0.007940562735983122,7.732750808289254
2021-10-29,0.0058482196768001905,7.778106128390904
2021-11-01,0.0020780494511781276,7.7942862232583145
2021-11-02,0.0008252050797495909,7.800720762384816
2021-11-03,0.007810948799712935,7.861890378228487
2021-11-04,0.011456183458928492,7.952475526042817
2021-11-05,0.003373408051698771,7.9793477710535745
2021-11-08,0.0019009498263423583,7.994530537079455
2021-11-09,-0.014772506541087952,7.87729931384349
2021-11-10,-0.0047367564093548815,7.840074697400765
2021-11-11,-0.0025163884312558163,7.820370825826705
2021-11-12,0.005860819953566452,7.866339185766252
2021-11-15,-0.00261496534635322,7.845795853150607
2021-11-16,0.005800558973764924,7.891438101995959
2021-11-17,-0.006683451914253621,7.838871912378327
2021-11-18,0.009459357652836847,7.913374422802232
2021-11-19,0.001680235413531,7.926681931490833
2021-11-22,-0.005454162349820069,7.883566208301567
2021-11-23,0.0018600541466237816,7.8982437145639235
2021-11-24,0.0065794590015202615,7.950381215459932
2021-11-26,-0.024377795213881906,7.758911734281645
2021-11-29,0.014775658146528804,7.874405911680934
2021-11-30,-0.0168586131810633,7.7427670901433405
2021-12-01,-0.014883104667461552,7.628383976430456
2021-12-02,0.012574739398195188,7.724914568502235
2021-12-03,-0.012337136431846236,7.630196718439616
2021-12-06,0.011443893163398501,7.718017421438273
2021-12-07,0.021968023482862035,7.889443056555216
2021-12-08,0.00211505169726799,7.906147295419741
2021-12-09,-0.007402233591926421,7.847840213880726
2021-12-10,0.005954768842838101,7.8947117042127095
2021-12-13,-0.014422124312770178,7.7816702985591055
2021-12-14,-0.0014135375233250173,7.770678386168491
2021-12-15,0.01783647401795661,7.910523352357062
2021-12-16,-0.011711738159769586,7.818417785092097
2021-12-17,-0.01403503296878764,7.709452488161019
2021-12-20,-0.01114900174764683,7.623977156589499
2021-12-21,0.019713187583670466,7.7757612067725335
2021-12-22,0.012397459815580757,7.872760926555723
2021-12-23,0.006786420852737535,7.926370498282876
2021-12-27,0.01330943139208576,8.03257115005981
2021-12-28,-0.0004410870015136119,8.029028868621367
2021-12-29,-0.0002873368517785194,8.026722164159889
2021-12-30,-0.0030903508641285517,8.001955065606998
2021-12-31,-0.004982406659354243,7.962185228422827
2022-01-03,0.013912445030058734,8.060061202579542
2022-01-04,-0.003555501743881321,8.031454526597306
2022-01-05,-0.0173770557037298,7.893097097820478
2022-01-06,-0.0022850216954759276,7.875081790230453
2022-01-07,-0.0035300506870684844,7.847331361373454
2022-01-10,-0.0018128291251123482,7.833118377275316
2022-01-11,0.005781317039639938,7.878535276269677
2022-01-12,0.003910107087302968,7.909401498682524
2022-01-13,-0.016492322394435766,7.780026875658069
2022-01-14,-0.0029339329621119637,7.757234250728083
2022-01-18,-0.02022284189203392,7.601936502415632
2022-01-19,-0.00871106702542039,7.536003116027147
2022-01-20,-0.010586972740817704,7.456640502647121
2022-01-21,-0.024624124455094282,7.2752694746723225
2022-01-24,-0.0013122741897759866,7.265728587815997
2022-01-25,-0.009619370913241136,7.196171931565106
2022-01-26,0.006577603250787627,7.24366150803262
2022-01-27,-0.005974320735263096,7.200514566056149
2022-01-28,0.030455462455085024,7.423183092748751
2022-01-31,0.01849753504481439,7.5617715025533645
2022-02-01,0.007045563421772157,7.615236567842917
2022-02-02,0.011150167499843367,7.700622882334936
2022-02-03,-0.030919115624684586,7.466169653940243
2022-02-04,0.00843066500231603,7.529380509518972
2022-02-07,-0.006023890646480712,7.484160681086535
2022-02-08,0.007374279268622504,7.5395549674808
2022-02-09,0.012267447584873276,7.632615704657038
2022-02-10,-0.016118427544713973,7.510576126675636
2022-02-11,-0.02058880217176253,7.3575233537744795
2022-02-14,-0.00019398508869570682,7.356096242377758
2022-02-15,0.017713975799046988,7.487562914242106
2022-02-16,0.0003340173528117642,7.490064307916923
2022-02-17,-0.02136526995843596,7.331734464646493
2022-02-18,-0.008084289021121047,7.272701545310286
2022-02-22,-0.01521343602079745,7.16289614224058
2022-02-23,-0.02124836795300737,7.012301896354951
2022-02-24,0.011096440742163944,7.09054680595255
2022-02-25,0.020307041549243402,7.2360067666325865
2022-02-28,-0.0036616021445289703,7.209559837353094
2022-03-01,-0.018683730617032622,7.0761089260080245
2022-03-02,0.015001510138113508,7.183061464841349
2022-03-03,-0.00653818710645823,7.1362504612928
2022-03-04,-0.008900645677249384,7.0730150598901576
2022-03-07,-0.03364294222459605,6.839016296804579
2022-03-08,-0.007465249443967693,6.788151429881814
2022-03-09,0.03134066138279556,7.004265474494691
2022-03-10,-0.0037699765275689577,6.977909270414465
2022-03-11,-0.012320373363349901,6.892466248663689
2022-03-14,-0.001123519742596267,6.884726775297825
2022-03-15,0.027217581602152444,7.074685773778204
2022-03-16,0.02301199198311919,7.239376044072729
2022-03-17,0.011974761242314962,7.326586966600311
2022-03-18,0.012681695701829285,7.420092162097416
2022-03-21,-0.001852515869177431,7.406359047949776
2022-03-22,0.012044167762886583,7.496101832559271
2022-03-23,-0.013548851753092646,7.395223198133108
2022-03-24,0.016819878179501587,7.520661926207681
2022-03-25,0.0034832224600757473,7.546903741251157
2022-03-28,0.010843559605790646,7.629184342882396
2022-03-29,0.010241944427774985,7.707723535428787
2022-03-30,-0.0065603706542488455,7.6573235143071585
2022-03-31,-0.017702074378488267,7.522965718315804
2022-04-01,0.0035114716509794855,7.549428834215799
2022-04-04,0.009889837636294866,7.624461880381015
2022-04-05,-0.012768292767582793,7.527729387474137
2022-04-06,-0.013100973886040451,7.429752002292588
2022-04-07,0.0027063271261474676,7.449886574757613
2022-04-08,-0.002479851484007859,7.43143485070314
2022-04-11,-0.019066563300812404,7.291085172513717
2022-04-12,-0.004902828432887525,7.2554257203423
2022-04-13,0.010661092279855481,7.3331902744689925
2022-04-14,-0.015575202219581688,7.219859221109757
2022-04-18,0.0021660598974919173,7.235514817993333
2022-04-19,0.01644641369117524,7.35549702200817
2022-04-20,-0.0062197839610434276,7.309889401408913
2022-04-21,-0.01348028900231889,7.2120111752739655
2022-04-22,-0.02486007576146436,7.0349302733009385
2022-04-25,0.00960228269283685,7.102807026856926
2022-04-26,-0.032894233025417045,6.872966574243582
2022-04-27,0.002966825305499935,6.893387743441661
2022-04-28,0.02872714291238038,7.094286891779877
2022-04-29,-0.03683733085174129,6.837707168466777
2022-05-02,0.007049899158093774,6.886082635198898
2022-05-03,0.002518525921763542,6.90344727027822
2022-05-04,0.027252637421082457,7.094171480370814
2022-05-05,-0.0403788470283078,6.81342330369439
2022-05-06,-0.005722850616412785,6.774542460684699
2022-05-09,-0.028974972619174637,6.581066790340949
2022-05-10,0.0033766174194449533,6.603326094531681
2022-05-11,-0.018728696815675166,6.480805310742045
2022-05-12,-0.003919404747278218,6.4554541248732304
2022-05-13,0.022020086944406214,6.599180411124429
2022-05-16,-0.006179824897818132,6.558524384665368
2022-05-17,0.015093794715165074,6.658268268563356
2022-05-18,-0.04277460655512473,6.379468740981364
2022-05-19,-0.009578526780184794,6.318654548951229
2022-05-20,-0.0004200641205727463,6.31600086628238
2022-05-23,0.02258223418459633,6.460252913564933
2022-05-24,-0.012429146537445842,6.380454424286032
2022-05-25,0.007770053900019419,6.430224004833355
2022-05-26,0.02163429231024754,6.5708530707438415
2022-05-27,0.025248147705310985,6.73886703510579
2022-05-31,-0.002501929204789911,6.72202794075833
2022-06-01,-0.01062542571949212,6.650981649160453
2022-06-02,0.01814451570403976,6.772761971567276
2022-06-03,-0.02010128061842634,6.637979966390027
2022-06-06,0.0032408518933555383,6.659527573774496
2022-06-07,0.006363017260568001,6.702037364511857
2022-06-08,-0.007969631054241394,6.648836875126653
2022-06-09,-0.02552866334108023,6.481249203047094
2022-06-10,-0.031232740277230213,6.281950552305863
2022-06-13,-0.03894976152367638,6.041973930442272
2022-06-14,-0.004925334494014676,6.012288353540318
2022-06-15,0.016560705826884296,6.112685118422004
2022-06-16,-0.02847953458787115,5.941054274867362
2022-06-17,0.001390990859284941,5.949323977265051
2022-06-21,0.026322722570628843,6.1080056868589345
2022-06-22,0.0002621714252989583,6.10960724134733
2022-06-23,0.01130279021373239,6.179054585323488
2022-06-24,0.028708904752635468,6.359019410961412
2022-06-27,-0.004220474808648859,6.332237884861471
2022-06-28,-0.025145089452036744,6.1749983822971695
2022-06-29,0.0022852932839187647,6.189126201585089
2022-06-30,-0.009122427703594057,6.132923089438242
2022-07-01,0.008004631601718656,6.182211885560627
2022-07-05,0.006566260341074285,6.222939465899358
2022-07-06,0.005704655750992348,6.258540642993744
2022-07-07,0.016266959100584153,6.361180624532553
2022-07-08,0.0001844787571529241,6.362354235478008
2022-07-11,-0.013723210130194648,6.275638680174092
2022-07-12,-0.00759505700697135,6.228155394031045
2022-07-13,-0.0028833346671670646,6.210223402061291
2022-07-14,-0.0009325699988216867,6.204434633665951
2022-07-15,0.021797533374201396,6.341160737020536
2022-07-18,-0.008142318923853437,6.289738615703631
2022-07-19,0.024567917243409152,6.446178222548511
2022-07-20,0.0058728059533100065,6.484146758183688
2022-07-21,0.012493741107111572,6.565666190033838
2022-07-22,-0.01045394690194944,6.497386581833587
2022-07-25,0.0001237581213595118,6.498190735949977
2022-07-26,-0.017958668280063414,6.382533517317998
2022-07-27,0.025642650121069754,6.548315046082534
2022-07-28,0.00812216299102638,6.6017181088123325
2022-07-29,0.011800119809527734,6.68008060759963
2022-08-01,-0.0012276925061874748,6.671884554842671
2022-08-02,-0.008018439559363785,6.618600365312817
2022-08-03,0.018686491926170803,6.743441577047487
2022-08-04,-0.0007156044521211448,6.738617666444141
2022-08-05,-0.0034187746468368617,6.715619186921282
2022-08-08,-0.0038242282066664004,6.689986171092141
2022-08-09,-0.005955483033117223,6.650262476262894
2022-08-10,0.0211967453216865,6.79273099652196
2022-08-11,-0.0039579805426517255,6.765898635416609
2022-08-12,0.01851260310541904,6.892319611658951
2022-08-15,0.007304954712436393,6.942852038118546
2022-08-16,0.006344177633704844,6.987038740673656
2022-08-17,-0.009177712292666984,6.923207071727048
2022-08-18,0.001308093394837206,6.932269198930843
2022-08-19,-0.014211873352824471,6.834445442953039
2022-08-22,-0.022141096860175742,6.684786247663986
2022-08-23,-0.0061308039959908035,6.643928506800693
2022-08-24,0.001676510404282846,6.655076464289896
2022-08-25,0.01486630341623003,6.754751917289173
2022-08-26,-0.0361060552377766,6.515214862596167
2022-08-29,-0.007260705986376939,6.468081122221843
2022-08-30,-0.008756160200197696,6.411692800592128
2022-08-31,-0.008899598655079397,6.3548844685927435
2022-09-01,0.006059504557630105,6.3935088240396105
2022-09-02,-0.012356093804351757,6.314996083559711
2022-09-06,-0.0036665636481961654,6.291884145070452
2022-09-07,0.016662513538618345,6.39760105865301
2022-09-08,0.007969550876477332,6.448790774361956
2022-09-09,0.0154232796431083,6.549023247653859
2022-09-12,0.009552621879024512,6.611883351807243
2022-09-13,-0.044942940405360926,6.321304515284905
2022-09-14,0.004193242195891195,6.347866928506263
2022-09-15,-0.008074199015895967,6.296819349083963
2022-09-16,-0.003229861850017361,6.276514301393219
2022-09-19,0.006061018810781272,6.314671892766773
2022-09-20,-0.009036467788587212,6.257866609716317
2022-09-21,-0.018875339950133706,6.140855040704749
2022-09-22,-0.006885723776600876,6.098716054347639
2022-09-23,-0.014533811517364981,6.010719476520586
2022-09-26,-0.008235607617160358,5.961420830209375
2022-09-27,-0.0035624592651443267,5.940221295000159
2022-09-28,0.016581645730395597,6.039541107382627
2022-09-29,-0.02068257796832787,5.915910732047235
2022-09-30,-0.014352558289418206,5.831608700492743
2022-10-03,0.017263975760989616,5.933159514932807
2022-10-04,0.02746417843594019,6.098367127936652
2022-10-05,-0.002878930862784623,6.080835598738481
2022-10-06,-0.0114695516130452,6.011489585037515
2022-10-07,-0.029637835761339007,5.8359364025540605
2022-10-10,-0.009606453192454633,5.7801421740662615
2022-10-11,-0.008058991987356122,5.733747253846829
2022-10-12,-0.0014605511096945829,5.725378935598381
2022-10-13,0.02625118458293155,5.8776670410698895
2022-10-14,-0.018180392206981935,5.771774251903754
2022-10-17,0.028914948853150855,5.941101049721524
2022-10-18,0.011108014637641491,6.007462778319912
2022-10-19,-0.007581503680326456,5.962089393733044
2022-10-20,-0.006639878689942496,5.922632981278898
2022-10-21,0.02687664024403404,6.083971868972298
2022-10-24,0.010138515169526201,6.145968053640761
2022-10-25,0.014180780992304349,6.2337435723723456
2022-10-26,-0.005230115690584953,6.201225483113078
2022-10-27,-0.011112319824804144,6.13269694294482
2022-10-28,0.023131692033207762,6.276210051340333
2022-10-31,-0.00843264175517245,6.223507543385239
2022-11-01,-0.0037209223198920414,6.2003933849215676
2022-11-02,-0.024813339815413046,6.048434023236862
2022-11-03,-0.015183180167960622,5.9572932142659285
2022-11-04,0.014188169999701218,6.042418763000526
2022-11-07,0.010325319693609824,6.105131877766231
2022-11-08,0.003819285494261711,6.128493703730926
2022-11-09,-0.0269869890486341,5.965315854067158
2022-11-10,0.05349137831898514,6.293097411037841
2022-11-11,0.007837221476650943,6.342611582548268
2022-11-14,-0.006680979201581592,6.30037796453637
2022-11-15,0.009610898544526545,6.361222173360328
2022-11-16,-0.004823926188677662,6.33061000191677
2022-11-17,-0.0034589162797118117,6.30875077832663
2022-11-18,0.0046850309255678756,6.338376816086601
2022-11-21,-0.0046633221447099785,6.30888773510134
2022-11-22,0.013462523334394053,6.394395567598267
2022-11-23,0.009282286125511996,6.454026504411472
2022-11-25,0.001276150251297916,6.462268069576199
2022-11-28,-0.012373144296673327,6.382802129852248
2022-11-29,-0.005036923421628555,6.350733276289053
2022-11-30,0.033529351508170005,6.567279281522257
2022-12-01,-0.0004816200005102857,6.564117110014985
2022-12-02,-0.0017826491329462494,6.552426015995601
2022-12-05,-0.01763524243880224,6.4378853394552475
2022-12-06,-0.01771141516594527,6.324865108005482
2022-12-07,-0.0025180872875749335,6.30895858099807
2022-12-08,0.009791615443650132,6.37103690482734
2022-12-09,-0.003776700858907426,6.347020783675533
2022-12-12,0.014221095612756777,6.437927235701129
2022-12-13,0.005662993754437752,6.474488603117422
2022-12-14,-0.002215434703145559,6.460160673537466
2022-12-15,-0.024735688739549642,6.302324293352275
2022-12-16,-0.01090015053702183,6.23400105309794
2022-12-19,-0.00882242806080184,6.179243927844229
2022-12-20,-0.00039541688546863206,6.1768010334684025
2022-12-21,0.012902532608348657,6.257013771166022
2022-12-22,-0.015364474639005083,6.161612811321859
2022-12-23,0.004615596877754964,6.190118065952187
2022-12-27,-0.007783205586846439,6.142126112331095
2022-12-28,-0.009264334714470265,6.085486170962175
2022-12-29,0.017621601815598353,6.193672594664162
2022-12-30,-0.0015683426230344985,6.183966407244073
2023-01-03,-0.008715083690307343,6.114522266960024
2023-01-04,0.004207808024729439,6.140305209616867
2023-01-05,-0.010907908158316172,6.073691294052179
2023-01-06,0.021027051612233918,6.202755276585951
2023-01-09,-0.0012217923395273188,6.195181425483857
2023-01-10,0.005995422668791308,6.232435722676061
2023-01-11,0.014634415337572416,6.324314431429077
2023-01-12,0.004917254034489726,6.355489276583262
2023-01-13,0.004681056117714923,6.385309418970187
2023-01-17,7.189038215180989e-05,6.385768477805234
2023-01-18,-0.017342781610042046,6.275976292483442
2023-01-19,-0.005617974452617118,6.240816872841719
2023-01-20,0.020138297392836995,6.367770321675663
2023-01-23,0.01303160783339487,6.451295659968354
2023-01-24,0.0015517257336591106,6.461314072363294
2023-01-25,-0.0006176805634362817,6.4573242765830425
2023-01-26,0.01668884851422017,6.565993846045716
2023-01-27,0.010147806493078441,6.632963503895513
2023-01-30,-0.020934712261634205,6.495547720088372
2023-01-31,0.01559579384111662,6.597645018012661
2023-02-01,0.01251940160375944,6.680762792409165
2023-02-02,0.0260631081563946,6.857173150788392
2023-02-03,-0.008987312768871929,6.7958216962821965
2023-02-06,-0.0028786259562039247,6.776287197300812
2023-02-07,0.01532929967633069,6.880963189480481
2023-02-08,-0.011286795152308475,6.803735812146752
2023-02-09,-0.006462931633016776,6.759905521393986
2023-02-10,-0.003584632565508097,6.7357171230832975
2023-02-13,0.011231526439731618,6.811795948954764
2023-02-14,0.0066737523136060845,6.857408221138913
2023-02-15,-0.00027356311553605706,6.855532543751208
2023-02-16,-0.01881526491153476,6.7277497857723905
2023-02-17,-0.0022637205046239102,6.712537265575598
2023-02-21,-0.020605862235544756,6.575634986226669
2023-02-22,-0.0006541068683628447,6.571335224623437
2023-02-23,0.011637192460522725,6.648253807479757
2023-02-24,-0.010927002364885068,6.576003779399538
2023-02-27,0.004458017093943339,6.605385159344715
2023-02-28,-0.0022943648811499136,6.590247368057582
2023-03-01,-0.007669474535437907,6.539896961072332
2023-03-02,0.0025212177100433545,6.556406268145963
2023-03-03,0.020915392127886866,6.694980188533925
2023-03-06,0.001660726568713929,6.706107957543314
2023-03-07,-0.016115688441615938,6.598900591571769
2023-03-08,-0.0004037379840762712,6.596236902502218
2023-03-09,-0.018204964502337283,6.47723910568653
2023-03-10,-0.007811253283160831,6.42684084350862
2023-03-13,0.0043424746404469,6.454809920442134
2023-03-14,0.022766123806280132,6.603446441194792
2023-03-15,-0.0024578789803818045,6.587235898925339
2023-03-16,0.017834468724403134,6.705769602559216
2023-03-17,-0.008199166416830626,6.651012668998907
2023-03-20,0.008085788951271275,6.705009362494913
2023-03-21,0.017925866334531675,6.826286212862342
2023-03-22,-0.012564618021582345,6.74105311605066
2023-03-23,0.007097452767621774,6.789067610894496
2023-03-24,0.0011537660403313826,6.796905127010001
2023-03-27,-0.00030575539565580315,6.794827254270246
2023-03-28,-0.004087728290415333,6.767108538560868
2023-03-29,0.012701840614077533,6.853611482936317
2023-03-30,0.006723885109349426,6.899849655005415
2023-03-31,0.016961578536726148,7.017880158931402
2023-04-03,0.006706521316067947,7.065103898318235
2023-04-04,-0.003161697607165174,7.042801451603307
2023-04-05,-0.0019994786140778006,7.028733589599084
2023-04-06,0.005735827994677024,7.069165039562151
2023-04-10,-0.0013088631917353465,7.059918522178728
2023-04-11,-0.001924102489808402,7.046347575505331
2023-04-12,-0.006382094115675948,7.001520320143301
2023-04-13,0.016582635857053912,7.11859197766904
2023-04-14,0.003128262160591938,7.140895667294924
2023-04-17,-0.0004531832607850733,7.137660266081702
2023-04-18,2.966856581801165e-05,7.137872033366493
2023-04-19,-0.002117744257234657,7.122771840675629
2023-04-20,-0.008755072525180624,7.060683646546014
2023-04-21,0.004659558058366355,7.093660080068217
2023-04-24,0.0003297960016015435,7.095999926614153
2023-04-25,-0.014402657878747067,6.9945311315558465
2023-04-26,-0.0027803844360402086,6.975110656764087
2023-04-27,0.028602985690329326,7.177500323187596
2023-04-28,0.007167835604817503,7.229132289218459
2023-05-01,0.00233190459413133,7.246009606514214
2023-05-02,-0.011717207593774696,7.161602083672973
2023-05-03,-0.0042678211670928124,7.131102775799448
2023-05-04,-0.0061716586012246265,7.0872275746630145
2023-05-05,0.018629260262959586,7.22049486302254
2023-05-08,0.003899676052640589,7.248707428106828
2023-05-09,-0.004996393853771151,7.21258035855555
2023-05-10,0.004951569836534748,7.248382519202044
2023-05-11,0.002798554392551554,7.268695922764714
2023-05-12,-0.003735177303633002,7.241596696440891
2023-05-15,0.002714925497287072,7.261283804376269
2023-05-16,-0.0013027135510295543,7.251830590318355
2023-05-17,0.014798633228285481,7.359945776863324
2023-05-18,0.011871964294937034,7.447843517374958
2023-05-19,-0.0018627331838661219,7.433983085258039
2023-05-22,0.0011394211561780835,7.442458350391312
2023-05-23,-0.008931940713627561,7.37627874975769
2023-05-24,-0.003481169954099015,7.3506453128628
2023-05-25,0.022120617670227223,7.515057877028835
2023-05-26,0.015537058796036025,7.6327315573703505
2023-05-30,0.0037576250954615385,7.661466454692112
2023-05-31,-0.0074392114870948725,7.6046826606374065
2023-06-01,0.01784579788102524,7.741612467161822
2023-06-02,0.010913299535255534,7.826561697982246
2023-06-05,-0.00010583397682542314,7.825733425663329
2023-06-06,0.0016314297971796198,7.838510980366458
2023-06-07,-0.010312140332557724,7.7580945007742965
2023-06-08,0.010936200954884304,7.8434042130851
2023-06-09,0.0037512918592660176,7.872882367470356
2023-06-12,0.01058378147360167,7.95664973985496
2023-06-13,0.00784435935504061,8.019310003177043
2023-06-14,0.0032797867042350325,8.04565480855789
2023-06-15,0.010229572170534265,8.128380819532918
2023-06-16,-0.003125731140370959,8.10301335307819
2023-06-20,0.005160989293840563,8.144941019294762
2023-06-21,-0.008538129686498266,8.07569449515502
2023-06-22,0.008124360389763321,8.141571589908548
2023-06-23,-0.006403084539700243,8.089606963224693
2023-06-26,-0.01723463005986535,7.951380145389535
2023-06-27,0.01434223929826071,8.066242464697893
2023-06-28,-0.0011982773270322502,8.056582657957652
2023-06-29,0.0024863557989737266,8.076639112377695
2023-06-30,0.016307039248252515,8.209424912489146
2023-07-03,0.004242274350356457,8.2443255218647
2023-07-05,0.0030613184087700486,8.269602698354756
2023-07-06,-0.009461381967036638,8.191729802034796
2023-07-07,-0.004951761376999272,8.151266575590839
2023-07-10,-0.0017541160611932176,8.136980841052736
2023-07-11,0.004755779006402315,8.175770688572822
2023-07-12,0.012360952431052237,8.277458183526054
2023-07-13,0.011081621011129672,8.369695966210763
2023-07-14,0.0022547980979374656,8.388589233002076
2023-07-17,0.006786306436650443,8.445710371662868
2023-07-18,0.0062074154709102925,8.498299457174785
2023-07-19,0.001159917626497021,8.508162503565272
2023-07-20,-0.015766342754870388,8.375071830836628
2023-07-21,-0.005025590287186357,8.333087736980675
2023-07-24,0.00782919908517389,8.39858520165029
2023-07-25,0.00288062864021911,8.422813286022594
2023-07-26,0.0013268992712573786,8.433996928976713
2023-07-27,-0.0017586140812370322,8.419177817584572
2023-07-28,0.01584355040975026,8.553629771422669
2023-07-31,0.0003400623898283428,8.556539033841775
2023-08-01,-0.0034118756556352236,8.527394932911898
2023-08-02,-0.018104019907691955,8.37440386061145
2023-08-03,0.0029876236775903385,8.399460839645046
2023-08-04,-0.0020381492362515495,8.382358919003234
2023-08-07,0.011359486161049988,8.478121083890287
2023-08-08,0.0005998760704618479,8.483208431587506
2023-08-09,-0.012514213267303422,8.377709248531175
2023-08-10,0.0010268230051097558,8.386316091213493
2023-08-11,-0.00259875700109148,8.36455038769491
2023-08-14,0.01189246144712415,8.464619334349695
2023-08-15,-0.010408042459765982,8.37697610531503
2023-08-16,-0.009344655612402981,8.299060761544727
2023-08-17,-0.008581732484100537,8.22814516677257
2023-08-18,-0.00046461667885931316,8.224323121253814
2023-08-21,0.017053932996870243,8.365782971654625
2023-08-22,-0.004155726100474403,8.331089207828608
2023-08-23,0.011744583801780907,8.429511214624041
2023-08-24,-0.012587104303127587,8.324073050415725
2023-08-25,0.005052928541271767,8.366240441400091
2023-08-28,0.006191302523139898,8.418199046702197
2023-08-29,0.018993000828609104,8.579613932408906
2023-08-30,0.0025714915186443262,8.601704727842813
2023-08-31,0.0007346341113336682,8.608026155235304
2023-09-01,-0.0023633420580171545,8.587706465632422
2023-09-05,0.0026418260107135,8.610423686205385
2023-09-06,-0.009217946514404728,8.531417955926758
2023-09-07,0.00032905945044794157,8.534225761573031
2023-09-08,0.000811262675945869,8.541152069549186
2023-09-11,0.013392246034202708,8.656306647603145
2023-09-12,-0.005108852291313083,8.612195629832124
2023-09-13,0.005631967538938594,8.660836078202443
2023-09-14,0.005896287134651384,8.71205370307019
2023-09-15,-0.015900631897595868,8.574622064571987
2023-09-18,-0.000491997501509927,8.570404409562766
2023-09-19,-0.00177820950163057,8.555177976914672
2023-09-20,-0.012774535299973225,8.446584645288628
2023-09-21,-0.017824922342632187,8.297358850109594
2023-09-22,-0.0020460978426650356,8.280398998741108
2023-09-25,0.006260818722488887,8.332403701959281
2023-09-26,-0.012200980892837273,8.231357886137706
2023-09-27,0.0009017074261404325,8.23878351003783
2023-09-28,0.007164801029126024,8.298024726949564
2023-09-29,-0.003455211858235519,8.26940276945179
2023-10-02,0.009196926540357362,8.345806661203632
2023-10-03,-0.015671162995925345,8.216037636224641
2023-10-04,0.01031361128192906,8.30121313315283
2023-10-05,0.0018799599310189339,8.316833759697406
2023-10-06,0.012842758296119021,8.424333665565907
2023-10-09,0.0032654419425287053,8.45188780178696
2023-10-10,0.006702621515330412,8.50872788279178
2023-10-11,0.006259578963322554,8.56215598109865
2023-10-12,-0.002338418864696544,8.542157465595928
2023-10-13,-0.008603496818899695,8.468980282227957
2023-10-16,0.011060367555011198,8.563170244567475
2023-10-17,-0.005595521188166675,8.515388650157591
2023-10-18,-0.016244651291236183,8.37817662902308
2023-10-19,-0.012882495685650735,8.270937044595618
2023-10-20,-0.013943328196955781,8.15641293395811
2023-10-23,0.003546489389853233,8.185390920575939
2023-10-24,0.007174035854902976,8.244324351038818
2023-10-25,-0.01854142631040917,8.092871235902937
2023-10-26,-0.0223258516646803,7.9141929868820835
2023-10-27,-0.0012265387166886896,7.9044918733841705
2023-10-30,0.01240089086306462,8.003124919256209
2023-10-31,0.0017832706991377093,8.017409390180033
2023-11-01,0.014859038207373611,8.137429868792731
2023-11-02,0.018860865051470936,8.292365351090664
2023-11-03,0.005957066542412021,8.341910949978676
2023-11-06,0.0063608853636558564,8.395142008093453
2023-11-07,0.005375035363222569,8.440387682884548
2023-11-08,0.003063227864783313,8.466282153708518
2023-11-09,-0.009609295401155474,8.385316780655327
2023-11-10,0.016734751092549002,8.526823708998755
2023-11-13,0.003723767915856766,8.558634813376507
2023-11-14,0.015886165658160555,8.695684417931952
2023-11-15,-0.0017429243619205327,8.680541697857588
2023-11-16,-0.0017877116847584645,8.665037254900453
2023-11-17,0.0011519136305527128,8.675024380472328
2023-11-20,0.008340757268018755,8.747683246879445
2023-11-21,-0.0013167822706087544,8.736172033215375
2023-11-22,0.00048340399698536593,8.740396154590904
2023-11-24,-0.001335066666233944,8.728734929024085
2023-11-27,-0.0017590891747666483,8.713393803061294
2023-11-28,0.004595523707280238,8.753528560335138
2023-11-29,-0.005400604005751013,8.70638164443176
2023-11-30,-0.0026625203909970414,8.683231558235873
2023-12-01,-0.0021738384611479575,8.66437611727414
2023-12-04,-0.008650458198030569,8.589748540593101
2023-12-05,0.004172231947375996,8.625661831066253
2023-12-06,-0.006821560891366783,8.567021590040124
2023-12-07,0.010648295762403195,8.658733189283028
2023-12-08,0.006143304973702186,8.712090154196257
2023-12-11,-0.007783661710328059,8.644541420928986
2023-12-12,0.00691530781065976,8.70452826041174
2023-12-13,0.008013679531465133,8.774563806774433
2023-12-14,-0.0013732677420270163,8.76252225138042
2023-12-15,0.003957046719094602,8.797264654628965
2023-12-18,0.011135497738583367,8.895774032853053
2023-12-19,0.005692295114709872,8.946555799201972
2023-12-20,-0.01469151185047872,8.81607817231266
2023-12-21,0.010507226144287398,8.90919906378298
2023-12-22,-0.00028783136319170105,8.906635085885833
2023-12-26,0.003547661391705596,8.93828892666512
2023-12-27,0.003752221234942014,8.971890364771255
2023-12-28,-0.0018568472907802352,8.955246391894429
2023-12-29,-0.0034216011172462043,8.924657472218515
2024-01-02,-0.0023778739730596263,8.884085350857852
2024-01-03,-0.003394479722263452,8.853979628822735
2024-01-04,-0.0029618030965651576,8.827794681012715
2024-01-05,0.002352529359682991,8.848586774597052
2024-01-08,0.013433230302415559,8.968253836688717
2024-01-09,0.0013753612438579424,8.980596911588504
2024-01-10,0.00898147932249027,9.061619262687515
2024-01-11,-0.00016906883797174758,9.060087354751227
2024-01-12,0.00045868246121309937,9.064244011137724
2024-01-16,-0.002693438882398888,9.039862873170716
2024-01-17,-0.003792744070009342,9.005641923538784
2024-01-18,0.0075691167711724044,9.074065304464439
2024-01-19,0.01221706372577241,9.185603686987521
2024-01-22,0.0005091253537529363,9.190281501410011
2024-01-23,0.003333063745313227,9.220964401116397
2024-01-24,0.004161926623902773,9.259421350344482
2024-01-25,-0.0015183937472035775,9.245372571351629
2024-01-26,0.002316861029052576,9.266817647799389
2024-01-29,0.008574156435470638,9.346614398018364
2024-01-30,0.0019347212886241531,9.364714996030829
2024-01-31,-0.01460825319722024,9.228907240407164
2024-02-01,0.012289278533350998,9.343023619817314
2024-02-02,0.02047559190201699,9.536299525343047
2024-02-05,0.0010023573099400237,9.545863097139376
2024-02-06,0.0018649080801136605,9.563681864378093
2024-02-07,0.01253992358464421,9.684364800099223
2024-02-08,0.0007516938256937626,9.69164721405512
2024-02-09,0.0055189171217255705,9.745282479958986
2024-02-12,-0.002622127242855949,9.719762582110596
2024-02-13,-0.009193586866487986,9.630812611648954
2024-02-14,0.00878442525245469,9.715786441861932
2024-02-15,0.007117217559607902,9.785182468103127
2024-02-16,-0.001962461285847645,9.765998256627618
2024-02-20,-0.008062036399668522,9.6875809495323
2024-02-21,0.0011761441598794374,9.698981644405569
2024-02-22,0.028803825441010105,9.982411758793091
2024-02-23,-0.0006233314044488019,9.976191346942132
2024-02-26,-0.000903923780186831,9.96717770478442
2024-02-27,-0.0012937752854598836,9.954290754810447
2024-02-28,-0.001655478264099237,9.937825275713164
2024-02-29,0.002179599287003486,9.959509375338046
2024-03-01,0.011806894901762852,10.077797187555117
2024-03-04,-0.004608150222190084,10.03146402129186
2024-03-05,-0.008924211343457892,9.94233939129971
2024-03-06,0.00516889869168372,9.993863382801779
2024-03-07,0.011042947023015448,10.104836695164726
2024-03-08,-0.014775107003575831,9.956634201677067
2024-03-11,-0.004787988859346097,9.90907589322388
2024-03-12,0.01593093626086709,10.06820088935884
2024-03-13,-0.002117879510468629,10.046900217078536
2024-03-14,-0.0015920340859872535,10.030917935019026
2024-03-15,-0.006880092179410078,9.962141161551957
2024-03-18,0.008563560492069017,10.047818889628749
2024-03-19,0.005894660859142955,10.107222283780894
2024-03-20,0.01012173352797821,10.21004438556507
2024-03-21,0.004090232989107215,10.251891369546671
2024-03-22,-0.0008006780771727659,10.243686190169493
2024-03-25,-0.003961655152181839,10.20318451779821
2024-03-26,-0.0030959724240114854,10.171644588462378
2024-03-27,0.003442127073373389,10.206717008916183
2024-03-28,-0.0007545619752648579,10.199018313305729
2024-04-01,-0.0024219088645871874,10.174347108207181
2024-04-02,-0.0064830537043772335,10.108599622019968
2024-04-03,0.0004422582339968927,10.113071222165091
2024-04-04,-0.010211074252885881,10.010331335982627
2024-04-05,0.012125518710342361,10.13245067984293
2024-04-08,-0.0005479176810423361,10.126900451636095
2024-04-09,-0.0016277518851737865,10.11042977905584
2024-04-10,-0.0030220205718632367,10.079921973099738
2024-04-11,0.008442733748194313,10.165384330843109
2024-04-12,-0.014140847812389574,10.02264875756086
2024-04-15,-0.013274776205041158,9.890479537626225
2024-04-16,-0.0008471500715703523,9.882104365192903
2024-04-17,-0.005640602790239076,9.82652025106557
2024-04-18,-0.0013127151453620099,9.813629292035532
2024-04-19,-0.013549815632772471,9.681553248191683
2024-04-22,0.009031727485759866,9.769390462571884
2024-04-23,0.011349825874201575,9.880902969919056
2024-04-24,-0.00017620205107735337,9.879162087927252
2024-04-25,-0.0042135252774964166,9.83762356201926
2024-04-26,0.013311471171167351,9.96945227490051
2024-04-29,0.001802862149576211,9.987442034714766
2024-04-30,-0.011463395082978415,9.873605762478073
2024-05-01,-0.0039225443324770095,9.834951966329594
2024-05-02,0.007558652196512503,9.909572608075162
2024-05-03,0.010085106030891706,10.010017345113981
2024-05-06,0.013760570169965718,10.148712968087608
2024-05-07,0.0021621669210825658,10.1706799191083
2024-05-08,0.0002991131364148908,10.173722558102337
2024-05-09,0.0039741618908815945,10.21423502681476
2024-05-10,0.001900624453282584,10.233666912186955
2024-05-13,-0.00127607297220757,10.220616334949103
2024-05-14,0.005664743298893034,10.278677799225761
2024-05-15,0.013431978580070114,10.417672174238826
2024-05-16,0.0003964436653820414,10.421803013148686
2024-05-17,0.0019244819749017802,10.441878896835473
2024-05-20,-0.0025466578848826306,10.415320835111954
2024-05-21,0.006032863987845429,10.478344965955449
2024-05-22,-0.003957630554699314,10.436957499925997
2024-05-23,-0.002195437947704014,10.414068941770127
2024-05-24,0.00734929651592315,10.490886955783246
2024-05-28,0.0045629857226093685,10.538866104017034
2024-05-29,-0.0050601573712366135,10.485672480571905
2024-05-30,-0.005393691190716189,10.429268251523515
2024-05-31,0.004483138672060976,10.476129070632279
2024-06-03,0.005004679071593689,10.528690150504348
2024-06-04,0.003383766112646451,10.564377119573546
2024-06-05,0.012925929818494199,10.701817877971598
2024-06-06,0.0026662119368106663,10.730389264303648
2024-06-07,-0.0010967192699902005,10.718627490483904
2024-06-10,0.0054291921790502705,10.776979237116727
2024-06-11,0.002488774429814394,10.803834111473426
2024-06-12,0.00551011974560191,10.863528842663126
2024-06-13,0.011968584191218753,10.994331099727715
2024-06-14,0.0033793249153466673,11.031547364248606
2024-06-17,0.008470238706105923,11.125384052269984
2024-06-18,0.0022715133408245094,11.150684234538687
2024-06-20,-0.004253923161384602,11.103350828322814
2024-06-21,-0.006479017946059511,11.03164456297308
2024-06-24,-0.005717863110142765,10.968747120329528
2024-06-25,0.0068579281773054074,11.044228527478852
2024-06-26,0.005740487990063526,11.107810108750906
2024-06-27,-0.001577959934167478,11.090296251159806
2024-06-28,-0.003682781983577178,11.049528223889325
2024-07-01,0.005377323450789438,11.109105149769622
2024-07-02,0.00888417217607297,11.208240066429617
2024-07-03,0.008805478232613512,11.307369782124347
2024-07-05,0.009026863593837964,11.409901942436353
2024-07-08,0.0009016290861168385,11.420194081045922
2024-07-09,0.004669561151105383,11.473646077221442
2024-07-10,0.00856596456588828,11.572351071155389
2024-07-11,-0.019014834670950324,11.354383603852119
2024-07-12,0.0038112830079377407,11.397740944210769
2024-07-15,0.005022418700623502,11.45512916467638
2024-07-16,0.0028554381935485405,11.487885322340547
2024-07-17,-0.013944483516509365,11.328804423059294
2024-07-18,-0.006253898214793826,11.258176314000696
2024-07-19,-0.008487986359551395,11.16302147479506
2024-07-22,0.011508876987189852,11.292237454899746
2024-07-23,-0.0013007646836660006,11.277558460247484
2024-07-24,-0.03074912626428217,10.936060677426896
2024-07-25,-0.008235848040036782,10.846362819505202
2024-07-26,0.008649108454268297,10.940581052374188
2024-07-29,0.0009735262354447626,10.951237181228574
2024-07-30,-0.010729303232527264,10.834366130372526
2024-07-31,0.023908151368401822,11.09651708110576
2024-08-01,-0.012511505052851543,10.958547852703717
2024-08-02,-0.013690698421132024,10.809540017024947
2024-08-05,-0.032300897950199976,10.465960995687306
2024-08-06,0.011630427347932144,10.588395195603281
2024-08-07,-0.011311220670506501,10.469302333583117
2024-08-08,0.027962039843397297,10.76617664525158
2024-08-09,0.008661599422392523,10.859833980283476
2024-08-12,0.0024659175996853567,10.88664648114733
2024-08-13,0.01755034807734701,11.079397391587342
2024-08-14,0.005490625816133321,11.140397528147712
2024-08-15,0.020737846554625305,11.373837538190491
2024-08-16,0.0010782108274749718,11.386107546613381
2024-08-19,0.009146065746279282,11.490723316922985
2024-08-20,7.633588026832102e-05,11.491600504882333
2024-08-21,0.0028741755342575255,11.524676892805376
2024-08-22,-0.009124006748489543,11.42000390771843
2024-08-23,0.011290274497916461,11.54966948923504
2024-08-26,-0.0040279871348685315,11.503241138294305
2024-08-27,0.00261767647656151,11.533392347865332
2024-08-28,-0.007472214566382265,11.447533542757172
2024-08-29,-0.0029023333614956676,11.414357152010576
2024-08-30,0.01237877635865219,11.55653108061966
2024-09-03,-0.019858317491392753,11.32930148340016
2024-09-04,-0.00024313620771276785,11.326547254841364
2024-09-05,-0.003365667667071343,11.288489941026695
2024-09-06,-0.022567530143213527,11.036589678236066
2024-09-09,0.013975903515314239,11.191918895484129
2024-09-10,0.005113746011508944,11.249298112427208
2024-09-11,0.013476128037198755,11.40192116827467
2024-09-12,0.011178519573806483,11.530092817192498
2024-09-13,0.0029299109517073986,11.563924500118961
2024-09-16,-0.0005862854686729934,11.557146726273013
2024-09-17,-0.0019952220959690192,11.534110640454163
2024-09-18,-0.003367487340922831,11.495334993776178
2024-09-19,0.01536342959929142,11.673306388561615
2024-09-20,0.0007162981698965754,11.68167095196747
2024-09-23,0.00543789136774925,11.74536764047165
2024-09-24,0.0018606352184484698,11.76724182878908
2024-09-25,0.000821141284347898,11.776908365110472
2024-09-26,-0.0014123477292433942,11.760287015649006
2024-09-27,-0.003466253589428802,11.719593446427625
2024-09-30,0.005161466768929992,11.78024011679432
2024-10-01,-0.007025003070579421,11.697773895676608
2024-10-02,0.0008262917500009243,11.70744366421479
2024-10-03,0.0006819133349208195,11.715429848800666
2024-10-04,0.011606362280088305,11.85219551253493
2024-10-07,-0.009497406525778216,11.740163243644986
2024-10-08,0.01210091819907847,11.883093045497267
2024-10-09,0.006551816955873816,11.961204502565929
2024-10-10,-0.001614386047801317,11.941910079416349
2024-10-11,0.0024354089775473556,11.97102895822973
2024-10-14,0.0062165638396965385,12.04567941824101
2024-10-15,-0.010223146603058742,11.923161995452814
2024-10-16,0.004831960151215573,11.980913653582046
2024-10-17,0.001594892044859663,12.000037163371436
2024-10-18,0.0025284637002923453,12.030417212982211
2024-10-21,0.00012938731781891562,12.031973897103061
2024-10-22,0.0022210972429978094,12.058727781644652
2024-10-23,-0.010410670206259324,11.933839556632675
2024-10-24,0.00545107340462515,11.999069416912157
2024-10-25,0.0016891814146495446,12.019355150282694
2024-10-28,0.0018332303724766907,12.04140960647465
2024-10-29,0.0015224623895404334,12.059756162144273
2024-10-30,-0.004307858791769804,12.007916175374955
2024-10-31,-0.020357729323805224,11.765933731828802
2024-11-01,0.004668418682570998,11.820990450594858
2024-11-04,-0.00410996980070978,11.772506239399336
2024-11-05,0.012455818584600866,11.92005948190975
2024-11-06,0.02617634332746409,12.236202736986039
2024-11-07,0.011093821241628892,12.372704747305656
2024-11-08,0.008820300057808485,12.482318417795673
2024-11-11,0.00047294929242622886,12.488223317708258
2024-11-12,-0.0027646367030461274,12.453745598312576
2024-11-13,-0.0009303911783494647,12.442164131753094
2024-11-14,-0.008995978588728373,12.330736640750583
2024-11-15,-0.012321083304374616,12.179740734175171
2024-11-18,0.003546974600975138,12.223018672706724
2024-11-19,0.007540203139032964,12.315531059251871
2024-11-20,-0.0010350391842989157,12.302790596606538
2024-11-21,0.003139055145913797,12.341470412013216
2024-11-22,0.0025841232931746593,12.37340353497039
2024-11-25,-0.0003074208006452842,12.36960027797907
2024-11-26,0.008467978407524585,12.474790531872651
2024-11-27,-0.003837926039825148,12.427004965838597
2024-11-29,0.007912213759839172,12.525720098147852
2024-12-02,0.006679636995329422,12.609667418194153
2024-12-03,0.002339623281665456,12.639203828222975
2024-12-04,0.006927046996539775,12.727060128191702
2024-12-05,0.0002847143306143122,12.730684220487813
2024-12-06,0.006657657129854299,12.81572351819019
2024-12-09,-0.008122510100048788,12.712049291942265
2024-12-10,0.0004899047566485028,12.718278511094596
2024-12-11,0.012546308978273205,12.878851153655676
2024-12-12,-0.008639161199506721,12.768067908656416
2024-12-13,0.012584741887265386,12.929766078468143
2024-12-16,0.010599048801575209,13.067538136739552
2024-12-17,-0.0032028127216816296,13.02575221132093
2024-12-18,-0.030148377771897703,12.638907582503943
2024-12-19,-0.0016831696176464802,12.617652050611758
2024-12-20,0.005932398338595339,12.69272745710269
2024-12-23,0.012251569103930745,12.849189782063606
2024-12-24,0.01492899286405194,13.042454277294713
2024-12-26,9.22162445270667e-05,13.04365705890473
2024-12-27,-0.013484805439401622,12.868946497649514
2024-12-30,-0.012318733787368386,12.711389813491676
2024-12-31,-0.006815324605139977,12.625052109657792
2025-01-02,-0.0037751407787091572,12.56081165861177
2025-01-03,0.011718986885536591,12.708877542240767
2025-01-06,0.004297140848628183,12.763606884697625
2025-01-07,-0.011525623896568598,12.617342863369865
2025-01-08,0.0029362771783272546,12.654445324167899
2025-01-10,-0.010563834064996754,12.521469467633572
2025-01-13,0.0009832856373111353,12.533787703899034
2025-01-14,-0.003910525166289168,12.484869721493295
2025-01-15,0.021480624807153906,12.7559536260843
2025-01-16,-0.007058085898704934,12.666237992439363
2025-01-17,0.010465544397127609,12.799493146099449
2025-01-21,0.01136681803560629,12.945812673937448
2025-01-22,0.00670251115570759,13.03287356517738
2025-01-23,0.006381031644328653,13.116302642519052
2025-01-24,-0.00014575651713308929,13.114390995249124
2025-01-27,-0.014613274169215915,12.924140282608365
2025-01-28,0.008771844939399573,13.038007519889225
2025-01-29,-0.0044566731257259275,12.980030670057607
2025-01-30,0.011830477813393154,13.13450257146235
2025-01-31,-0.003652841141242522,13.086611841964533
2025-02-03,-0.0029951099137811212,13.047474640466245
2025-02-04,0.010096161528000129,13.179871276254705
2025-02-05,0.0040201261375754,13.232962666803024
2025-02-06,0.004871223815641214,13.297580646241569
2025-02-07,-0.009937523206335916,13.166090057474111
2025-02-10,0.008138692765916992,13.273682054592491
2025-02-11,-0.0011884949544600045,13.25791572140308
2025-02-12,-0.0027033467816990247,13.222123378960248
2025-02-13,0.011272440179468653,13.372012192971754
2025-02-14,-0.004998414659959595,13.30534009739529
2025-02-18,-0.001349887875877316,13.28739149713782
2025-02-19,0.0023935522070789557,13.319233655113647
2025-02-20,-0.012162155524635435,13.15822415987125
2025-02-21,-0.019903037848156464,12.898924511422104
2025-02-24,-0.005161459515459446,12.832518757493064
2025-02-25,-0.0019962906431489264,12.806926873287951
2025-02-26,-7.881538794692214e-05,12.805917530154433
2025-02-27,-0.013653335255065966,12.632262229519275
2025-02-28,0.01792544080450625,12.860742787760213
2025-03-03,-0.0185290202068977,12.624639956786744
2025-03-04,-0.014676365087324427,12.440709150993317
2025-03-05,0.01148304255099687,12.584389709713928
2025-03-06,-0.020092711977695066,12.334058529867061
2025-03-07,-0.0026436418999977052,12.301494758381095
2025-03-10,-0.03179799656025969,11.91648557086772
2025-03-11,-0.0059865547491114186,11.845359988598274
2025-03-12,0.005871486572828068,11.915114441493564
2025-03-13,-0.016938859671084827,11.714985751042981
2025-03-14,0.019522386993338373,11.945937263858605
2025-03-17,0.005762134813209083,12.014970061984485
2025-03-18,-0.01377873672406507,11.850554274910229
2025-03-19,0.013515289767970623,12.011805171602763
2025-03-20,-0.00013163328027356147,12.010224122347651
2025-03-21,0.003651321943370274,12.054157475828678
2025-03-24,0.02047872099736748,12.303556170813836
2025-03-25,0.0008426987168607566,12.313928731669835
2025-03-26,-0.011719952026051977,12.170452487321173
2025-03-27,-0.0019317444074076883,12.146964977030397
2025-03-28,-0.02000392738066775,11.906392194162466
2025-03-31,0.007423654501850319,11.995110034030036
2025-04-01,0.0045180502832510416,12.049427155663388
2025-04-02,0.007987395291908094,12.146056086398875
2025-04-03,-0.04195072896860968,11.647059982907233
2025-04-04,-0.05867940019087531,10.983282960692318
2025-04-07,-0.0021939871638167875,10.959212193992117
2025-04-08,-0.008668620489460592,10.864621520278854
2025-04-09,0.088968875582325,11.875537997166692
2025-04-10,-0.029115589184675973,11.534759764309781
2025-04-11,0.01876460705230719,11.75324851553359
2025-04-14,0.003918020194958285,11.799388309872956
2025-04-15,-0.003377196970393802,11.759606664457195
2025-04-16,-0.022922986098605557,11.493107512070125
2025-04-17,-0.0025208992342770193,11.464171034439747
2025-04-21,-0.02832216127120997,11.144035793801228
2025-04-22,0.025423900071521455,11.430992974909758
2025-04-23,0.015209894390383656,11.606186128082252
2025-04-24,0.01700629457692447,11.80525223904942
2025-04-25,0.010150153593072052,11.925687546925488
2025-04-28,-0.00015904478477871608,11.923790979339838
2025-04-29,0.00449712457000826,11.977534507815555
2025-04-30,0.0001341099130374687,11.979140921642403
2025-05-01,0.0020984914310200296,12.004305440746625
2025-05-02,0.016487450165899295,12.203866433806324
2025-05-05,-0.008179744256592358,12.104449085995222
2025-05-06,-0.008961666625111808,11.996457662916743
2025-05-07,0.0030138471660239034,12.032667691183189
2025-05-08,0.003142705167652742,12.070542301310724
2025-05-09,-0.0003983030561846956,12.065735524762747
2025-05-12,0.03178375155902122,12.45538939391206
2025-05-13,0.0018623304201024562,12.478607057244483
2025-05-14,0.0021492271853042104,12.50545525987541
2025-05-15,-0.0008947068609297208,12.494271547073684
2025-05-16,0.008067528432505643,12.595477128562939
2025-05-19,0.0015965628662753687,12.615602661193433
2025-05-20,-0.003377987328748896,12.573059211331222
2025-05-21,-0.014607630334415637,12.390731539932998
2025-05-22,-0.0007850985888235758,12.381007411785628
2025-05-23,-0.007445761982670298,12.289163724920432
2025-05-27,0.021197993903600196,12.552450054637063
2025-05-28,-0.0027499770792279,12.517978524381583
2025-05-29,0.004069825944244281,12.56902832959693
2025-05-30,0.0032819221768921915,12.610346667111232
2025-06-02,0.005803703824692757,12.683746172763643
2025-06-03,0.0038729875920380003,12.732965415545435
2025-06-04,0.0006257198468527927,12.740935177874434
2025-06-05,-0.01147908368437007,12.595517146426515
2025-06-06,0.009342496929550106,12.713742125032327
2025-06-09,0.0017484053399755965,12.735990343439154
2025-06-10,0.00926133443077538,12.854490497091906
2025-06-11,-0.0022448542794966057,12.825666404137577
2025-06-12,0.009290850960875473,12.94538303268954
2025-06-13,-0.007895432885008843,12.843576063698158
2025-06-16,0.006058142259253572,12.921620437877603
2025-06-17,-0.007144590742774637,12.829629757304298
2025-06-18,-0.0039976583473628315,12.77844366124176
2025-06-20,-0.005792751774243364,12.704635292223845
2025-06-23,0.012016802866442232,12.858225372638197
2025-06-24,0.011065949407985316,13.001304034647898
2025-06-25,-0.0021398454322212614,12.973512998461809
2025-06-26,0.00643431910853259,13.057257852687727
2025-06-27,0.004354305723399517,13.11423710780884
2025-06-30,0.0055290750305670815,13.186947534214331
2025-07-01,-0.0033710945110896375,13.142567933706056
2025-07-02,0.0057797196624715195,13.218748230319184
2025-07-03,0.010560085294914616,13.359078987421302
2025-07-07,-0.009572450770132189,13.231809971497398
2025-07-08,-0.0029056398312762646,13.193418899728478
2025-07-09,0.006629330645382082,13.281172990013125
2025-07-10,0.0010658635292629304,13.295336454748382
2025-07-11,-0.0035126733923006273,13.24871620892739
2025-07-14,0.001013183489670508,13.262146391920556
2025-07-15,-0.0033106407344033967,13.218312788542216
2025-07-16,0.0033851469714867902,13.263134541355058
2025-07-17,0.003907145757038118,13.315056909280134
2025-07-18,-0.0011363747324565738,13.299934608974533
2025-07-21,0.00351100463281008,13.346712812193324
2025-07-22,-0.00159523111320961,13.32543869373554
2025-07-23,0.009677724019692644,13.455024649011943
2025-07-24,6.736853897069357e-05,13.455931124897997
2025-07-25,0.005167693438765636,13.525647232472819
2025-07-28,0.0038455173974718273,13.577760481198771
2025-07-29,-0.006797317223477137,13.485781096698256
2025-07-30,-0.0009834468437308619,13.472525067212041
2025-07-31,0.0007414185967414033,13.482517551691107
2025-08-01,-0.016203902229416128,13.26580866199376
2025-08-04,0.013769560746410668,13.449736416346957
2025-08-05,-0.00305075038986627,13.408767153004584
2025-08-06,0.011483601170553822,13.563635609058634
2025-08-07,-0.010350889585375769,13.423964024112884
2025-08-08,0.008924704993619545,13.544305148623726
2025-08-11,0.0013853929057607013,13.563082336778441
2025-08-12,0.010243113229466328,13.702724489132043
2025-08-13,-0.001159226553793175,13.686849130391415
2025-08-14,0.0038271166897206623,13.739330661542622
2025-08-15,0.001308164423249534,13.757315726259408
2025-08-18,0.00045657381731152883,13.763598390557377
2025-08-19,-0.008902278050516476,13.641614782312745
2025-08-20,-0.0016206406718067999,13.61952453158176
2025-08-21,-0.006406349436116689,13.53255198399969
2025-08-22,0.014779659439397987,13.734043816217511
2025-08-25,-0.0036628467829056192,13.683830136657061
2025-08-26,0.004932010744712675,13.751485635601988
2025-08-27,0.002795613772783681,13.78998326542014
2025-08-28,0.004508199593869591,13.852291606065958
2025-08-29,-0.008279655826500858,13.738072897456853
2025-09-02,-0.004195305618490618,13.68055821323951
2025-09-03,0.008086102947835587,13.791629075351127
2025-09-04,0.009719778891264188,13.926334252270573
2025-09-05,0.0017626263662953816,13.950902822453353
2025-09-08,0.005850360305932664,14.03275984361683
2025-09-09,0.006510269349337194,14.124414915794409
2025-09-10,0.024929928370804034,14.480961441612417
2025-09-11,0.002311162015584459,14.514467994266779
2025-09-12,-0.00037318201454745667,14.509052466412241
2025-09-15,0.008928039124688796,14.63916983667859
2025-09-16,0.0030578980170092246,14.684003438448196
2025-09-17,-0.0021930551174221815,14.651835895053548
2025-09-18,-0.004570273547690749,14.585025783570648
2025-09-19,0.00570920249429122,14.668532801565458
2025-09-22,0.005347333838305272,14.747180433541471
2025-09-23,-0.01070750922223664,14.590117241451141
2025-09-24,-0.00034591158160977164,14.585071223708583
2025-09-25,-0.010865361553046666,14.427456970118685
2025-09-26,0.0013371709256447732,14.44676185019583
2025-09-29,-0.0005738480180188839,14.438473982756891
2025-09-30,0.0028932223977721073,14.480308187720931
2025-10-01,0.0056738261900253625,14.562700458234245
2025-10-02,-0.0015819316375997611,14.539681473680872
2025-10-03,0.0009261879465909329,14.553154189579502
2025-10-06,0.005001816135973306,14.626128741539285
2025-10-07,-0.004114601285964006,14.566071693544307
2025-10-08,0.004130166911677638,14.626356408156797
2025-10-09,0.001418188402369926,14.64711405283016
2025-10-10,-0.02558295428941504,14.277150165990692
2025-10-13,0.020305633298190427,14.570020133979225
2025-10-14,-0.0042898457592565175,14.507650867808465
2025-10-15,0.00660286921723809,14.603759937768654
2025-10-16,-0.0059809887327205696,14.516675698651586
2025-10-17,0.0003306309131083613,14.521476153938856
2025-10-20,0.004100971931456998,14.58115059802603
2025-10-21,-0.0038346900315740875,14.52534347507419
2025-10-22,-0.0016166882512792075,14.5018794950133
2025-10-23,0.00598125746554089,14.588878893538187
2025-10-24,0.007120841159509009,14.69313473694884
2025-10-27,0.009559621282109913,14.834269061014039
2025-10-28,0.004385404260163648,14.8994661811268
2025-10-29,-0.0005974505190486254,14.890567145954636
2025-10-30,-0.015381320498117993,14.663283006365768
2025-10-31,0.00309083643627969,14.708674929124944
2025-11-03,0.0010120202928927482,14.723567941378993
2025-11-04,-0.00888438268728624,14.593337494443697
2025-11-05,0.003406734825435368,14.643137905738456
2025-11-06,-0.010171122900381602,14.494955618055895
2025-11-07,-0.0032949703757053704,14.447273766980084
2025-11-10,0.014476269186234585,14.657937524750576
2025-11-11,0.0012358324440133702,14.676063477519286
2025-11-12,-0.0027488426620894684,14.635776684516115
2025-11-13,-0.016829230750588328,14.391528837854482
2025-11-14,-0.0013774844278796727,14.371718378419114
2025-11-17,-0.006286519830446773,14.281653679209757
2025-11-18,-0.011743481634156953,14.11491828473718
2025-11-19,0.007288912671503144,14.218176554575255
2025-11-20,-0.009697437799711002,14.080963056790166
2025-11-21,0.0032808271449802375,14.127236128082266
2025-11-24,0.017059691819492996,14.370309909407181
2025-11-25,0.011753192252267527,14.540203363996888
2025-11-26,0.008936859126210958,14.67072949120168
2025-11-28,0.004065586094730189,14.730496015672731
2025-12-01,-0.00722772412320241,14.624411889491586
2025-12-02,-3.208672676275758e-05,14.623942647511482
2025-12-03,0.005488489081566972,14.70442666284317
2025-12-04,-0.0002834427242191386,14.700259390711157
2025-12-05,0.003980975661313949,14.758897406375104
2025-12-08,-0.005849152242229717,14.672822346985111
2025-12-09,-0.001012607387066546,14.657972058712167
2025-12-10,0.004180570042170026,14.719379006167316
2025-12-11,0.000326960250419577,14.724192444871873
2025-12-12,-0.010009225004708008,14.577549803550303
2025-12-15,-0.0035063738342315473,14.526524972695555
2025-12-16,-0.0015630518764985126,14.503836996439052
2025-12-17,-0.012111658764238406,14.329230990587421
2025-12-18,0.006934596171482427,14.428943755245909
2025-12-19,0.008309039217902551,14.549333885292075
2025-12-22,0.005668784218830511,14.632045134232369
2025-12-23,0.004973428225879332,14.704997822611475
2025-12-24,0.004433396439779794,14.7703356347993
2025-12-26,-0.0001875398381949531,14.767565868173175
2025-12-29,-0.00447390295134805,14.701644783873407
2025-12-30,0.0002897279253022965,14.705904878019489
