date,log_return,cumulative_value
1998-01-02,0.00851496046339155,1.0035085592749438
1998-01-05,0.005134861021255558,1.0086746885872937
1998-01-06,-0.009187889825087423,0.999449541393974
1998-01-07,-0.003149469987146637,0.9963067567105197
1998-01-08,-0.00459534914112234,0.9917388828378166
1998-01-09,-0.029871191572380117,0.962552546191517
1998-01-12,0.01971827900198074,0.981720787149181
1998-01-13,0.008826590308542137,0.9904243893932159
1998-01-14,0.003475284096510774,0.9938723834316034
1998-01-15,-0.007266883488193339,0.9866762071739879
1998-01-16,0.010768758978996113,0.997358901885921
1998-01-20,0.025799673803642557,1.0234252419073613
1998-01-21,-0.011434158458466643,1.0117898825591962
1998-01-22,-0.0072739293719811405,1.0044568965576646
1998-01-23,-0.004105676231773237,1.0003413760301636
1998-01-26,-0.0004942815393234292,0.999847047933661
1998-01-27,0.016180034221200824,1.016156192845791
1998-01-28,0.011505869804481535,1.0279154743535772
1998-01-29,0.007466498153166481,1.0356191272104118
1998-01-30,-0.004335563078861437,1.0311388544293538
1998-02-02,0.01992038348081359,1.0518854902472354
1998-02-03,0.0018362421281098438,1.0538187811502557
1998-02-04,-6.505094749539217e-06,1.0538119259815324
1998-02-05,-0.006475659787260244,1.0470098462162687
1998-02-06,0.007396447320864835,1.0547827097399414
1998-02-09,-0.006028473876024387,1.0484431079908911
1998-02-10,0.010580544394084089,1.059595099875606
1998-02-11,0.003846519137483408,1.0636787014961722
1998-02-12,0.004497692562995241,1.0684735761342556
1998-02-13,-0.004439336360674427,1.0637407755568666
1998-02-17,3.179266220989341e-05,1.063774595245629
1998-02-18,0.010617734743046088,1.0751296475138208
1998-02-19,-0.0037429253628113142,1.0711130391097834
1998-02-20,0.00744831324445397,1.0791208097164224
1998-02-23,0.011064262798008827,1.0911267820840471
1998-02-24,-0.007259248548005608,1.083234701519881
1998-02-25,0.012810224639766407,1.0972004425406643
1998-02-26,0.00024828379015824165,1.0974728934462736
1998-02-27,-0.0021750100435431333,1.0950884728898327
1998-03-02,-0.006139651366050346,1.0883856091301636
1998-03-03,0.0031470382675297085,1.0918161955539687
1998-03-04,-0.01061980193771337,1.080282674057627
1998-03-05,-0.013829403750552156,1.0654458375588247
1998-03-06,0.021981156254281674,1.0891248617490903
1998-03-09,-0.001080459714458581,1.0879487417015368
1998-03-10,0.009930146721570318,1.0988060504488015
1998-03-11,0.004719123976191167,1.1040037069733835
1998-03-12,0.004688370963575818,1.1091918383357755
1998-03-13,-0.0005839734134015714,1.1085442888860593
1998-03-16,0.011025062868124753,1.1208336805378107
1998-03-17,-5.482327491227179e-05,1.120772234449165
1998-03-18,0.00028526426942529303,1.1210919963279684
1998-03-19,0.004642822464155939,1.1263091291720693
1998-03-20,0.011537762756504711,1.1393794729645281
1998-03-23,-0.004656840121690208,1.1340859001485704
1998-03-24,0.01063672329798474,1.1462132413104558
1998-03-25,-0.0013072957807770402,1.1447157806015194
1998-03-26,-0.0017455309345906958,1.1427193866857315
1998-03-27,-0.006707232852192755,1.1350805480465824
1998-03-30,-0.00012823082034416303,1.134935005068497
1998-03-31,0.009069521781344621,1.1452751419875922
1998-04-01,0.0075902738523899475,1.1535892839463107
1998-04-02,0.012094531084916415,1.1676261187618429
1998-04-03,0.0026383846009445213,1.170710833075206
1998-04-06,-0.0005501767938496054,1.1700669122939178
1998-04-07,-0.008332243771501074,1.160358133677102
1998-04-08,-0.012770141134204646,1.1456344086576733
1998-04-09,0.0042425964470103675,1.1505051982206345
1998-04-13,-0.0037365905820866026,1.1462142530774793
1998-04-14,0.002930800440591436,1.1495785058840855
1998-04-15,0.0022960363220489886,1.152221012373189
1998-04-16,-0.007298359914085457,1.1438423013403933
1998-04-17,0.023975919486880416,1.171598381426806
1998-04-20,0.008983774884750636,1.1821711782449433
1998-04-21,0.008438330083082354,1.1921889359918152
1998-04-22,0.009679874493282756,1.2037852099553723
1998-04-23,-0.0075335563090485344,1.1947505007673467
1998-04-24,-0.012278120787865408,1.180170898027833
1998-04-27,-0.02005499456644917,1.1567383324497824
1998-04-28,-0.00392161963359354,1.1522109278759327
1998-04-29,0.004111880254114978,1.1569584351404685
1998-04-30,0.016148220734588686,1.1757929177436828
1998-05-01,0.0019316832191349487,1.178066372282126
1998-05-04,0.004452151091521896,1.1833229947231287
1998-05-05,-0.005459252085123835,1.1768805376958948
1998-05-06,-0.00919329438023415,1.1661107094157777
1998-05-07,-0.011234826899195817,1.1530829766426878
1998-05-08,0.014044596058517517,1.169391818744707
1998-05-11,-0.0063311309916308685,1.162011633072593
1998-05-12,0.00944410377637661,1.1730377755890873
1998-05-13,0.0034936813368972195,1.1771431630551266
1998-05-14,-0.0005806513443206182,1.1764598516970686
1998-05-15,-0.010951851367011252,1.1636457354901657
1998-05-18,0.004951710640622721,1.1694220620065598
1998-05-19,0.0022563899238796925,1.1720637133409753
1998-05-20,0.010941642800496398,1.1849584318883895
1998-05-21,-0.008178183845881227,1.1753071427829618
1998-05-22,-0.0067992444682412785,1.1673430477897937
1998-05-26,-0.015902227005605646,1.1489265137006859
1998-05-27,0.008053535610391842,1.1582167938801524
1998-05-28,0.0016459341802206658,1.1601247122125753
1998-05-29,-0.012281198748134754,1.1459641225411612
1998-06-01,0.00023434221382914006,1.1462327017791039
1998-06-02,0.0033690686956014087,1.1501009510323559
1998-06-03,-0.012022394338222437,1.1363567684079148
1998-06-04,0.017565136493818526,1.1564933634380647
1998-06-05,0.022279444094918652,1.1825485626009284
1998-06-08,-0.0015384500831375403,1.180730669394012
1998-06-09,0.009149015545081914,1.191582759918021
1998-06-10,-0.0032196086031959317,1.1877524990917914
1998-06-11,-0.013354616684347382,1.1719959651612601
1998-06-12,0.009218817625439357,1.18285033758885
1998-06-15,-0.018502134628298018,1.161166300470683
1998-06-16,0.011238166167255502,1.1742892813076953
1998-06-17,0.014641864428459491,1.1916095568962402
1998-06-18,0.0004587331700102371,1.1921563131237103
1998-06-19,-0.0021529815257727036,1.1895923836425129
1998-06-22,0.0006958945849584398,1.1904205026489443
1998-06-23,0.01816020272150039,1.2122362701269214
1998-06-24,0.014586030554507912,1.2300475676857412
1998-06-25,-0.005860790132471436,1.2228596011949788
1998-06-26,0.006894212172784879,1.2313193830006228
1998-06-29,0.006887882566837562,1.2398298421880076
1998-06-30,-0.009905248212222884,1.2276096418332454
1998-07-01,0.007413550035360297,1.2362806861422526
1998-07-02,0.0006106365762637573,1.2370358348849961
1998-07-06,0.0049879123437047675,1.2432214750864692
1998-07-07,0.0019538135418820574,1.2456528725151972
1998-07-08,0.0121832389757595,1.2609217826676378
1998-07-09,-0.00235266568306681,1.257958742149108
1998-07-10,0.008732993305442542,1.268992596586475
1998-07-13,0.005584585447245974,1.2760992194755543
1998-07-14,0.00640700335357747,1.284301439220742
1998-07-15,-0.007386643443943303,1.2748497136537982
1998-07-16,0.008960640109772582,1.2863245171452735
1998-07-17,0.007574462551094009,1.2961047271867618
1998-07-20,0.0018015958707213297,1.2984418887894773
1998-07-21,-0.01831948368847676,1.2748716601805115
1998-07-22,0.0016291247244395132,1.2769502778265696
1998-07-23,-0.025306191081850997,1.2450409843165422
1998-07-24,0.011159943898166047,1.2590133924829914
1998-07-27,0.009762333537243394,1.271364490827664
1998-07-28,-0.01636116926358923,1.2507327213711226
1998-07-29,-0.0031039681170806094,1.2468565058178973
1998-07-30,0.01862394602709628,1.2702954796952364
1998-07-31,-0.02130456096046959,1.2435186394146323
1998-08-03,-0.005362260951050096,1.236868414029499
1998-08-04,-0.03933696228213757,1.1891583052990073
1998-08-05,0.01444689529188633,1.2064626468577082
1998-08-06,0.009983845233627612,1.2185681121972647
1998-08-07,-0.0074026425684438285,1.209580794010844
1998-08-10,-0.003108583882200489,1.2058265488665327
1998-08-11,-0.011048100612561961,1.192577777475412
1998-08-12,0.007947498559503541,1.2020935508548045
1998-08-13,-0.004826808733514141,1.1963052559392728
1998-08-14,-0.009998720230359996,1.1844033355183934
1998-08-17,0.023480464395696617,1.2125427462489902
1998-08-18,0.017581027998170833,1.2340489912184311
1998-08-19,-0.0011210528284902245,1.2326663322679996
1998-08-20,-0.010327243927660022,1.2200017938201067
1998-08-21,-0.0032997021580114406,1.2159827856797685
1998-08-24,0.007279619623891369,1.2248669753562877
1998-08-25,0.007380886082448754,1.233941025036803
1998-08-26,0.001361630245946624,1.2356223408636804
1998-08-27,-0.03686709668021061,1.1908980259785213
1998-08-28,-0.018669108468938538,1.1688712712480431
1998-08-31,-0.08322801521536662,1.0755267510210678
1998-09-01,0.04879096743349798,1.1293039957010762
1998-09-02,-0.012883654148287627,1.1148477581383054
1998-09-03,-0.0025597479125344766,1.1119976782159
1998-09-04,-0.011014913956023326,1.0998163308790738
1998-09-08,0.04606182911843585,1.151660740783104
1998-09-09,-0.02072670686942443,1.1280362805692579
1998-09-10,-0.024571499481832793,1.1006564964129866
1998-09-11,0.0290137782610716,1.1330584789443396
1998-09-14,0.015217609309417882,1.1504327825966534
1998-09-15,0.006087454062280833,1.1574573484810284
1998-09-16,0.0007209907390043218,1.1582921654215539
1998-09-17,-0.027711675583891853,1.1266346164562882
1998-09-18,0.0035813713892433223,1.1306767473032415
1998-09-21,0.00854451022346521,1.1403792187328763
1998-09-22,0.007497645633469916,1.1489615112926714
1998-09-23,0.03117732098298772,1.1853473117382642
1998-09-24,-0.017639420914610914,1.1646218019627874
1998-09-25,-0.0011821258196700354,1.1632458858737318
1998-09-28,0.006458233350521029,1.170782710338335
1998-09-29,0.002993358050489952,1.1742925326464084
1998-09-30,-0.023375637557551864,1.14716103941508
1998-10-01,-0.027631242521984695,1.115064074729409
1998-10-02,0.017367363786130723,1.1345989417157307
1998-10-05,-0.009101161331668996,1.1243196215300142
1998-10-06,-0.0016512001569542,1.1224646766585615
1998-10-07,-0.014018591797261249,1.1068390828556922
1998-10-08,-0.007631590889846013,1.098424289764177
1998-10-09,0.015207664188205045,1.1152564218046068
1998-10-12,0.00850180196744094,1.124778531234775
1998-10-13,0.0003611516994032034,1.125184820274355
1998-10-14,0.011011145256068076,1.1376428565207144
1998-10-15,0.04665379079163,1.1919757719593644
1998-10-16,0.009989483833903644,1.2039426667002107
1998-10-19,-0.0002902735409840877,1.2035932447156377
1998-10-20,0.0002803964226588058,1.2039307752747614
1998-10-21,0.014253129413805634,1.2212134297933561
1998-10-22,0.0141380936322825,1.238601688385102
1998-10-23,-3.499342666548103e-05,1.2385583462261016
1998-10-26,0.0008801534167293156,1.2396489474641494
1998-10-27,-0.013635572644272285,1.2228603454120164
1998-10-28,-0.0017943307151820742,1.2206680969314418
1998-10-29,0.021477684809045692,1.2471687896333639
1998-10-30,0.0060310195801132095,1.2547132164483734
1998-11-02,0.01517049668575079,1.2738929543750552
1998-11-03,0.0010749860276062844,1.2752631078176326
1998-11-04,-0.001766576427334941,1.273012246817077
1998-11-05,0.01849196126005962,1.2967717427600804
1998-11-06,0.00883204783990312,1.3082756194442207
1998-11-09,-0.00985720361371165,1.29544303090536
1998-11-10,0.0049764902787230265,1.301905858316292
1998-11-11,-0.006175595189525791,1.2938905897612512
1998-11-12,-0.003438577286290928,1.2894490875689206
1998-11-13,0.007989936150355797,1.2997929719068213
1998-11-16,0.009520690415766716,1.3122269947159786
1998-11-17,0.004478129307511907,1.3181164940066585
1998-11-18,0.008411302837170554,1.3292503304040766
1998-11-19,0.006062566567343719,1.3373334765648568
1998-11-20,0.012429817073949578,1.3540600256639608
1998-11-23,0.02555516668900173,1.3891091915323808
1998-11-24,-0.0022231930484528217,1.3860243639883856
1998-11-25,0.006756560087909231,1.395420829030759
1998-11-27,0.005526133455499122,1.4031534568468667
1998-11-30,-0.02388722640438857,1.3700331633713136
1998-12-01,0.012291302244087208,1.386976570021362
1998-12-02,-0.005104807695064351,1.3799143622962151
1998-12-03,-0.021467469948973607,1.35060679735578
1998-12-04,0.023601813355314583,1.3828627186999718
1998-12-07,0.00804622894249975,1.3940344335453299
1998-12-08,-0.0007311038694155793,1.39301562205076
1998-12-09,-0.0009466666643610922,1.391697524596328
1998-12-10,-0.017650078851059976,1.3673494582788053
1998-12-11,0.0042714542698819614,1.3732025206055771
1998-12-14,-0.024082250802960715,1.3405277334537085
1998-12-15,0.027355879337295132,1.3777052416573394
1998-12-16,-0.003439611371226759,1.372974611470605
1998-12-17,0.012386075846735874,1.3900861326807725
1998-12-18,0.011925247071013239,1.4067624904760794
1998-12-21,0.01124154258291389,1.4226658928254259
1998-12-22,-0.0002754280236641765,1.422274104727418
1998-12-23,0.02387183009817572,1.456634886143532
1998-12-24,-0.003012031109144181,1.4522540574599694
1998-12-28,-0.000501722129239053,1.4515256122158946
1998-12-29,0.01209089615259526,1.4691823856603028
1998-12-30,-0.012218880615285917,1.4513398513778375
1998-12-31,-0.006269023375436697,1.4422698277238009
1999-01-04,-0.005117555858029064,1.432899646968852
1999-01-05,0.013872627235347346,1.4529162500586166
1999-01-06,0.02236778740081463,1.4857809570182063
1999-01-07,0.007664141835759792,1.4972119413987444
1999-01-08,-6.353681694008765e-05,1.4971168163397068
1999-01-11,-0.018111070262009785,1.47024648816526
1999-01-12,-0.02320953595172324,1.436515701561088
1999-01-13,-0.002310714065006155,1.4332001566382833
1999-01-14,-0.015200909216204627,1.411578958432446
1999-01-15,0.020616075068043575,1.44098222476336
1999-01-19,0.01309408819229872,1.4599746459553968
1999-01-20,0.009009443101736906,1.4731876359239562
1999-01-21,-0.015339344932374018,1.4507623370364409
1999-01-22,-0.012716088331699219,1.4324311127548843
1999-01-25,0.006457429926094609,1.4417108657208284
1999-01-26,0.023921344063612827,1.4766143319047456
1999-01-27,-0.004194646188966211,1.4704334296366943
1999-01-28,0.019752405844292803,1.4997667758730688
1999-01-29,0.015392627763014883,1.5230307148306883
1999-02-01,-0.010053262316468572,1.507795995166783
1999-02-02,-0.01065938580783216,1.4918091721635334
1999-02-03,0.00646471353129495,1.5014845316220864
1999-02-04,-0.020663412503124087,1.470777090247646
1999-02-05,-0.013516632792811005,1.4510308881142964
1999-02-08,0.004935726377072046,1.4582104832257858
1999-02-09,-0.022524816430557405,1.4257317220510053
1999-02-10,0.013636112933740011,1.4453063182148087
1999-02-11,0.028681729457192856,1.4873604121749653
1999-02-12,-0.018879154760959815,1.4595437088945742
1999-02-16,0.01288704830127353,1.4784746390776873
1999-02-17,-0.009933189288052178,1.4638613689744544
1999-02-18,0.011881386672042953,1.4813578070800995
1999-02-19,0.0019472438223767192,1.4842451822180134
1999-02-22,0.025302164816427018,1.5222789375416217
1999-02-23,-0.0005235940150699159,1.5214820900311563
1999-02-24,-0.01761971192925524,1.4949088081638418
1999-02-25,-0.0043206099065316505,1.488463823516253
1999-02-26,-0.0008945304170332718,1.487132942696897
1999-03-01,-0.0006746358265389593,1.486130007880846
1999-03-02,-0.011454414811720387,1.4692043799463204
1999-03-03,-0.0024312280636474264,1.465636747647761
1999-03-04,0.01750958416272575,1.4915254262095967
1999-03-05,0.026059487011193413,1.530904686843799
1999-03-08,0.006417631536645411,1.5407610625066352
1999-03-09,0.0017440616478278579,1.5434505894528792
1999-03-10,0.0014904996432707834,1.545752817314551
1999-03-11,0.012028425101551499,1.5644580610879608
1999-03-12,-6.22002342041511e-05,1.5643607544564375
1999-03-15,0.011582603408205177,1.5825854657172413
1999-03-16,-0.0026065464820655003,1.578465754580765
1999-03-17,-0.01466899744590578,1.5554802438237185
1999-03-18,0.013537331143976664,1.576680468442168
1999-03-19,-0.014641496798281063,1.5537636838202389
1999-03-22,-0.0008282751599216941,1.5524772727812408
1999-03-23,-0.02896861670921481,1.5081493134356723
1999-03-24,0.004598217006055685,1.515100079574903
1999-03-25,0.01834560860325137,1.5431520410193797
1999-03-26,-0.008937378091244145,1.5294217555468659
1999-03-29,0.025624522895599546,1.569118896360788
1999-03-30,-0.000345007319112089,1.5685776322323983
1999-03-31,-0.015073279289245897,1.5451113248981305
1999-04-01,0.006019083802553266,1.553706876100078
1999-04-05,0.022011837206693495,1.5882859977406554
1999-04-06,-0.003086518974785235,1.5833912805757795
1999-04-07,0.014735727829869198,1.6068964611785252
1999-04-08,0.01613351988656463,1.6330316163213716
1999-04-09,0.004139183575391577,1.6398050425223176
1999-04-12,0.007191514633775113,1.6516402299363704
1999-04-13,-0.010655862061093905,1.6341340170150935
1999-04-14,-0.028921063774979106,1.5875499995315834
1999-04-15,-0.010855065131354544,1.5704102358144785
1999-04-16,-0.0009841813034916678,1.5688654277318874
1999-04-19,-0.033681681647547784,1.516903398404027
1999-04-20,0.01940062508883087,1.546619596892151
1999-04-21,0.027611866978313342,1.5899196987745627
1999-04-22,0.019431999145683717,1.621117149742789
1999-04-23,-0.0020303737075111016,1.6178290153055983
1999-04-26,0.000566907180105757,1.6187464342116706
1999-04-27,0.0031118812148531114,1.6237916267805068
1999-04-28,-0.01642201843982326,1.597343451337419
1999-04-29,-0.008073961946272464,1.5844984857568236
1999-04-30,-0.006085004991451592,1.574886079990669
1999-05-03,0.01355228253787874,1.5963746618887351
1999-05-04,-0.019456052408560867,1.5656157070024006
1999-05-05,0.011163336494303533,1.5831911195622512
1999-05-06,-0.0181531036312326,1.5547105743526064
1999-05-07,0.009982829536503162,1.5703087122324666
1999-05-10,-0.011367911071596437,1.5525586640732807
1999-05-11,0.013709775450652651,1.573990471677749
1999-05-12,0.006135127443532306,1.583676786822782
1999-05-13,0.008328637921492703,1.5969217369994795
1999-05-14,-0.02333047061336009,1.56009605199337
1999-05-17,0.006852243286777288,1.5708229192727912
1999-05-18,-0.008227942187494192,1.5579513051708058
1999-05-19,0.007852096351014267,1.5702326429521325
1999-05-20,-0.00693562947425785,1.5593797704081496
1999-05-21,-0.011093260205967828,1.5421767600075542
1999-05-24,-0.020433599740100984,1.5109843097002766
1999-05-25,-0.019355413876806896,1.4820197973341913
1999-05-26,0.019585002363422914,1.5113312541269401
1999-05-27,-0.01470517570022064,1.489269471246453
1999-05-28,0.01948519767910481,1.5185727441917163
1999-06-01,-0.009584761739706654,1.5040871177896276
1999-06-02,0.0018212564960332009,1.5068289422484247
1999-06-03,0.005507986051451386,1.515151434088162
1999-06-04,0.028757050648018593,1.5593552602309155
1999-06-07,-9.720025173271213e-05,1.5592036978731494
1999-06-08,-0.013861914164684717,1.5377392628289916
1999-06-09,0.0008060190475304358,1.538979209608199
1999-06-10,-0.015693250502124768,1.5150161443434407
1999-06-11,-0.005997854691542676,1.5059564940468473
1999-06-14,0.0001604664754835602,1.5061981689675212
1999-06-15,0.007490560242035868,1.5175227980461765
1999-06-16,0.021796543998907063,1.5509626633308478
1999-06-17,0.01075107976661545,1.567727143292459
1999-06-18,-0.0035139693619161013,1.5622278659478823
1999-06-21,0.0038856534676114363,1.5683099508571328
1999-06-22,-0.006020192516287677,1.5588967859899798
1999-06-23,-0.005198433544547593,1.550813991781725
1999-06-24,-0.008480368292296855,1.5377181253479404
1999-06-25,0.0009028838179964425,1.5391071331219182
1999-06-28,0.011488475680088223,1.5568910876534567
1999-06-29,0.019620657761560734,1.5877399628154554
1999-06-30,0.02679570683378895,1.6308597094289619
1999-07-01,0.007661415151141005,1.642566379944035
1999-07-02,0.009266292197794507,1.6578576170966708
1999-07-06,-0.0028184928090203188,1.6531915360713194
1999-07-07,0.007712722222017325,1.6659914407722531
1999-07-08,-0.004711127912488422,1.6581612011064863
1999-07-09,0.005364214078328487,1.6670798321026046
1999-07-12,-0.0025950712867300733,1.6627592496320927
1999-07-13,-0.003990007796276974,1.65613804537525
1999-07-14,0.0032485546363432414,1.6615268484725705
1999-07-15,0.013853435847996344,1.6847048810831917
1999-07-16,0.007353840796321218,1.6971395979937054
1999-07-19,-0.009909984665580103,1.6804040321659626
1999-07-20,-0.022807936179557037,1.642511254910919
1999-07-21,-0.0035993544101696213,1.6366099016838584
1999-07-22,-0.009547474503233327,1.6210587655428854
1999-07-23,-0.004004486545075904,1.6145802377735567
1999-07-26,-0.005725842530446557,1.6053618223624813
1999-07-27,0.00639001215175735,1.6156529491103628
1999-07-28,0.002398563275120018,1.6195328461686145
1999-07-29,-0.0172557118218933,1.591826388895397
1999-07-30,-0.008177268458561291,1.5788626733030475
1999-08-02,-0.0011211279637700282,1.5770935580966234
1999-08-03,-0.001386131589358367,1.5749090132794368
1999-08-04,-0.014820378675305475,1.5517403734004662
1999-08-05,0.007346636300464539,1.5631824243866494
1999-08-06,-0.01263135797867044,1.5435614880118447
1999-08-09,-0.002494049063305848,1.5397165666328363
1999-08-10,-0.005150522113317636,1.531806610097367
1999-08-11,0.011809481157383513,1.5500036889402005
1999-08-12,0.003199117908468124,1.554970273608844
1999-08-13,0.025312597457317818,1.5948329963234882
1999-08-16,0.0061176905693930035,1.6046195962771068
1999-08-17,0.013119417769305534,1.6258099698652049
1999-08-18,-0.008505309880533836,1.612040591685422
1999-08-19,-0.010793995845642019,1.5947338049624078
1999-08-20,0.016921970250535264,1.6219494648231982
1999-08-23,0.024858293842466416,1.6627736690466774
1999-08-24,0.007311757257193589,1.6749760224481585
1999-08-25,0.019957594399553694,1.7087403209186014
1999-08-26,-0.015477474864400152,1.6824969499947853
1999-08-27,-0.00871626882890251,1.6678955814443803
1999-08-30,-0.015655057483880918,1.641987902462409
1999-08-31,-0.00767929624524161,1.6294268825533593
1999-09-01,0.010151626916590233,1.6460524619127905
1999-09-02,-0.006942675161753734,1.6346640331953053
1999-09-03,0.02872235866025932,1.6822962196532314
1999-09-07,-0.007890300700541171,1.6690746263806002
1999-09-08,-0.0047930677734238526,1.6610937802247039
1999-09-09,0.0012061959610865788,1.6630985936892804
1999-09-10,0.002186955933966474,1.6667396970425976
1999-09-13,-0.0037019815656036117,1.6605808643856947
1999-09-14,-0.007919720791265572,1.6474814678383025
1999-09-15,-0.016441510536364317,1.620615844835731
1999-09-16,0.003464214991411214,1.626239742111091
1999-09-17,0.013978537728081062,1.6491318218439763
1999-09-20,0.0009482162647536847,1.6506962970733807
1999-09-21,-0.01954734246279807,1.6187428907797496
1999-09-22,0.0037372761268237883,1.6248038987164355
1999-09-23,-0.0224679838038576,1.5887048856395505
1999-09-24,-0.0013189067716258647,1.5866109131885293
1999-09-27,0.0013624411632693783,1.5887740504457608
1999-09-28,0.0018943723801539973,1.5917866327006145
1999-09-29,-0.020903346153134657,1.5588583206608462
1999-09-30,0.015488962680919363,1.5831913794616355
1999-10-01,0.008085411708267223,1.59538935398632
1999-10-04,0.019380608229861946,1.6266105355364548
1999-10-05,-0.00247606478475669,1.622587924648664
1999-10-06,0.02157492286626037,1.6579755034425754
1999-10-07,-0.009540027641042463,1.6422335798964203
1999-10-08,0.021529464819653003,1.6779733384267361
1999-10-11,-0.004624006009184345,1.6702322907449838
1999-10-12,-0.016899980553909358,1.642242576497944
1999-10-13,-0.021659015167093464,1.6070556522314117
1999-10-14,-0.0014040227923460664,1.6048008927043906
1999-10-15,-0.029372860484917395,1.5583488543161161
1999-10-18,0.013474802842774938,1.57948941042727
1999-10-19,0.019422370299934898,1.6104666909615744
1999-10-20,0.018577870789906636,1.640665378159358
1999-10-21,0.0013151843974567579,1.6428245752260753
1999-10-22,0.015158930279836315,1.6679177507549168
1999-10-25,-0.01069080191540878,1.6501813495751705
1999-10-26,-0.012774860343277301,1.6292345941011417
1999-10-27,0.014911176359943,1.6537104266924756
1999-10-28,0.03556503163832825,1.713583065688783
1999-10-29,0.014465783342127366,1.7385515459639476
1999-11-01,-0.005666874687126547,1.7287272550196862
1999-11-02,-0.009786450630502853,1.711891665784567
1999-11-03,0.0027907617710618395,1.7166758202142267
1999-11-04,0.0038020907781099768,1.7232152013018165
1999-11-05,0.00691779559427351,1.7351773800781587
1999-11-08,0.007572600472965113,1.7483670621943932
1999-11-09,-0.01015539490754236,1.7307015561525714
1999-11-10,0.0030449911849512483,1.7359795587924702
1999-11-11,0.0035292303953027545,1.7421170545648537
1999-11-12,0.007298029168036154,1.7548775823584866
1999-11-15,-0.007783735727851825,1.7412711023423872
1999-11-16,0.01889540413143526,1.7744859391700634
1999-11-17,-0.0037526001231142337,1.7678394815647038
1999-11-18,0.00610708032309746,1.7786688535411617
1999-11-19,0.001762928740672002,1.7818072855864018
1999-11-22,0.0068776028630660015,1.7941040862596336
1999-11-23,-0.009397322188662452,1.7773232829209127
1999-11-24,0.007128127163584379,1.7900375298423914
1999-11-26,-0.001620388068883206,1.787139323130112
1999-11-29,-0.003174934391514384,1.7814742708740388
1999-11-30,-0.00970846281820156,1.7642625788789432
1999-12-01,0.007175992906692998,1.776968448722574
1999-12-02,-0.0020606430852381954,1.7733105211120188
1999-12-03,0.018370558280967182,1.8061882922757904
1999-12-06,-0.01028900087321591,1.7876996970509678
1999-12-07,-0.014405502956670667,1.7621315866774152
1999-12-08,-0.003182781811698862,1.7565320221366167
1999-12-09,0.006612734986389463,1.7681859927363763
1999-12-10,0.00606710340793746,1.778946369149774
1999-12-13,0.0017796234976573755,1.7821150425959644
1999-12-14,-0.0032348217810510248,1.7763595320840577
1999-12-15,0.008065009768311216,1.7907438157886557
1999-12-16,0.0012680095969844207,1.7930159363637281
1999-12-17,-0.004487224696780469,1.78498829535668
1999-12-20,-0.005689419461602612,1.7748615830836534
1999-12-21,0.0034553798289206255,1.781005011824311
1999-12-22,0.0066161903617818945,1.7928275469627641
1999-12-23,0.01585445692098803,1.821478375591039
1999-12-27,0.003604112124470152,1.8280550322739884
1999-12-28,-0.005498826699520169,1.818030461402786
1999-12-29,-0.006667262815285653,1.8059494927592212
1999-12-30,-0.0008450458545357476,1.8044240272617897
1999-12-31,0.0006973975388107595,1.8056828670422342
2000-01-03,-0.0077178200070103994,1.78890024651184
2000-01-04,-0.04683358859794674,1.7070512298966343
2000-01-05,0.00792183862458181,1.7206279194346057
2000-01-06,-0.0032349461151262872,1.7150707742099662
2000-01-07,0.04782369626674273,1.7990847147919293
2000-01-10,0.006623621862081363,1.8110407239709494
2000-01-11,-0.008363637499280941,1.7959570011799777
2000-01-12,-0.006173310031691125,1.7849041532384022
2000-01-13,0.00595023703941587,1.7955564163592153
2000-01-14,0.015294486675381672,1.8232296142787214
2000-01-18,-0.0017179238666699776,1.8201001334844658
2000-01-19,-3.444408148141121e-05,1.82003744288683
2000-01-20,-0.005172759405300548,1.8106471349264224
2000-01-21,-0.004312018707262622,1.8028563995780704
2000-01-24,-0.031810804121014585,1.7464086716042084
2000-01-25,0.006447107052815703,1.757704328296488
2000-01-26,-0.01095223760916056,1.7385585686804428
2000-01-27,-0.010605266541821753,1.7202181162524004
2000-01-28,-0.023298731662938745,1.6806025047431667
2000-01-31,0.03295382984400495,1.7369074298893048
2000-02-01,0.016349697003097696,1.7655387590788867
2000-02-02,-0.004968757598576514,1.7567879831998614
2000-02-03,0.003341204098002906,1.7626675874176878
2000-02-04,-0.0022902484473945927,1.7586352599906891
2000-02-07,0.0005369580171329269,1.759579826866437
2000-02-08,0.012189622384803955,1.7811596985488043
2000-02-09,-0.02141796237079577,1.7434165209412826
2000-02-10,0.00032786520407179976,1.7439882202697403
2000-02-11,-0.020479471247259254,1.7086355017430885
2000-02-14,0.006456306885533522,1.719702664955369
2000-02-15,0.007887279417388697,1.733320071941721
2000-02-16,-0.019934938382947333,1.6991085780887858
2000-02-17,-0.005539088748942459,1.6897230824241303
2000-02-18,-0.028900651861136776,1.6415879032580198
2000-02-22,-0.0003965649318923107,1.6409370361270386
2000-02-23,0.009146700488342248,1.656015047622877
2000-02-24,-0.01449191856763848,1.6321892700013219
2000-02-25,-0.014056695914426336,1.609406581555963
2000-02-28,0.014952687838607254,1.633652353763715
2000-02-29,0.012162415574657073,1.653642832426613
2000-03-01,0.00342509274889345,1.6593164232420683
2000-03-02,0.002697796188052155,1.6637989645361713
2000-03-03,0.018111868850734385,1.6942080243501878
2000-03-06,-0.023639906822428464,1.654626796088516
2000-03-07,-0.03641070868649875,1.5954642725669468
2000-03-08,0.02376596159573602,1.6338361817685756
2000-03-09,0.025481145574356868,1.6760031491578993
2000-03-10,-0.01182674076313523,1.656298246462061
2000-03-13,-0.006174407443252541,1.6461030931455138
2000-03-14,-0.017360624160568966,1.6177723472811527
2000-03-15,0.03308938886829659,1.6721989511933768
2000-03-16,0.0460822537931911,1.7510607572896066
2000-03-17,0.0016118427704071027,1.7538854677948321
2000-03-20,-0.005947815977094728,1.7434846415498093
2000-03-21,0.02587462931877429,1.7891853552086656
2000-03-22,0.0025046339230434225,1.793672226182976
2000-03-23,0.020894725960344803,1.8315448065177238
2000-03-24,-0.001984774572465839,1.8279132081016842
2000-03-27,-0.001558785378798739,1.8250661033083382
2000-03-28,-0.0052425014648283105,1.8155232277141904
2000-03-29,0.011905923598230391,1.8372678968789
2000-03-30,-0.014794104031012405,1.8102872339397351
2000-03-31,-0.002472360761547027,1.8058170790102461
2000-04-03,0.0234968045541215,1.8471308869514664
2000-04-04,0.01130891541786466,1.8681384966675632
2000-04-05,-0.016378153719613934,1.8377910332836083
2000-04-06,0.0019501371785373344,1.8413784747685746
2000-04-07,0.009773885841210994,1.8594641373973992
2000-04-10,0.00043504763481568736,1.8602732688650023
2000-04-11,0.00488717534612439,1.8693870025893105
2000-04-12,-0.01874754668830629,1.8346670563005891
2000-04-13,-0.014076728710515731,1.809021869517383
2000-04-14,-0.06309725229810222,1.6984040964107578
2000-04-17,0.03340480258040032,1.7560971985102372
2000-04-18,0.01854622674054898,1.78897006692032
2000-04-19,-0.017744423792139176,1.757505807059476
2000-04-20,0.0009881037577191372,1.7592432634038524
2000-04-24,0.007804262063775249,1.7730265731885206
2000-04-25,0.01993113969850838,1.808719532609308
2000-04-26,-0.017983627322658586,1.7764829289378743
2000-04-27,0.0008501359291241526,1.7779938230449253
2000-04-28,-0.009388582293160093,1.7613790981192186
2000-05-01,0.0034567949355440463,1.7674783603409914
2000-05-02,-0.004927886063494209,1.7587898539290474
2000-05-03,-0.015242839594516678,1.7321841903733017
2000-05-04,-0.010307863367048597,1.7144207810932064
2000-05-05,0.018515756944267773,1.7464602820368706
2000-05-08,0.0013097011804340149,1.7487491216506337
2000-05-09,-0.004565595997259691,1.7407832380010444
2000-05-10,-0.01074462517710755,1.7221792997461627
2000-05-11,0.01615621501001117,1.7502291785988913
2000-05-12,-0.00040334067405695524,1.749523382329981
2000-05-15,0.022620749688587138,1.7895499212163648
2000-05-16,0.004976741669445587,1.7984782474373804
2000-05-17,-0.01357230179287688,1.7742336575091264
2000-05-18,-0.006518001847427573,1.7627068060803694
2000-05-19,-0.01278836488090588,1.7403081943352328
2000-05-22,-0.000600262203088176,1.7392638665710483
2000-05-23,-0.019239831004920247,1.7061205816894944
2000-05-24,0.015433584354394549,1.7326563821394412
2000-05-25,-0.012876184983690109,1.7104893974136344
2000-05-26,0.0013783292009048468,1.7128486404311936
2000-05-30,0.023274877272271434,1.7531825448709217
2000-05-31,-0.0026812254039931924,1.7484881634534462
2000-06-01,0.008625327238407681,1.763634673936894
2000-06-02,0.004366786991994083,1.7713529306162665
2000-06-05,-0.0071820989204783026,1.7586764749151782
2000-06-06,-0.0010165952641940491,1.7568895211977695
2000-06-07,0.012699003340413328,1.779342530779051
2000-06-08,-0.006428061874433027,1.767941489452472
2000-06-09,-0.0016215373563524607,1.7650770293256772
2000-06-12,-0.00981858596341115,1.7478312718049123
2000-06-13,0.027106113787281668,1.7958561283002805
2000-06-14,0.002555926285832531,1.800452075132818
2000-06-15,0.004030894570129121,1.8077241542719464
2000-06-16,-0.013488791507393284,1.783503858545809
2000-06-19,0.014084942364987677,1.8088021518694795
2000-06-20,-0.01072956369235516,1.789498240441905
2000-06-21,0.004418712435092957,1.797423014323695
2000-06-22,-0.00982723687457485,1.7798458216749438
2000-06-23,0.0028179237693359343,1.78486836476984
2000-06-26,0.00992324541818725,1.802668221703384
2000-06-27,0.00030362315987638285,1.8032156366247851
2000-06-28,0.0005350351185958135,1.8041806784593954
2000-06-29,-0.007916969977170845,1.7899534268682122
2000-06-30,0.010902654631842288,1.8095754425499562
2000-07-03,0.007013482838804959,1.820946169369891
2000-07-05,-0.014346292145026349,1.795008840749127
2000-07-06,0.0051145869708593555,1.8042130874743063
2000-07-07,0.011465191400495943,1.8250177728005699
2000-07-10,-0.002444447094789629,1.8205620615018698
2000-07-11,-0.0034583528225344525,1.8142767901652357
2000-07-12,0.0061634109876965,1.8254934546170696
2000-07-13,-0.008682099283467037,1.8097129423163132
2000-07-14,-0.00022601890966858222,1.8093039591909788
2000-07-17,0.009549895173541404,1.8266653903145764
2000-07-18,-0.01167746644067571,1.8054586281323382
2000-07-19,-0.002626596820532273,1.8007226387302393
2000-07-20,0.009179021002213038,1.8173276017156577
2000-07-21,-0.006498480948929437,1.805556023034213
2000-07-24,-0.00013997908750835132,1.8053033006380013
2000-07-25,0.0044668771194143475,1.81338540609268
2000-07-26,-0.011669006367502526,1.7923479818749326
2000-07-27,0.010996538527251831,1.8121663726514339
2000-07-28,-0.015685421843598543,1.7839635435136283
2000-07-31,0.0038878068671287474,1.7909127490602048
2000-08-01,0.0037457947931831773,1.797633720542189
2000-08-02,0.0023487057992557197,1.8018607954210122
2000-08-03,0.008599495020629712,1.8174227047380922
2000-08-04,0.0013879754702364085,1.8199469942920612
2000-08-07,0.0027962627695596065,1.825043166111919
2000-08-08,-0.0042915879115256305,1.817227615478916
2000-08-09,-0.006517794702483844,1.8054218146407475
2000-08-10,-0.0076980624065769825,1.7915769226336036
2000-08-11,0.00957283045316454,1.8088097365610187
2000-08-14,0.013260807958635174,1.8329557591587344
2000-08-15,-0.008065004250397037,1.8182324148930782
2000-08-16,-0.0053261915380381514,1.8085739051600538
2000-08-17,0.003580573893553101,1.8150612449382402
2000-08-18,-0.005409246457543848,1.8052696378120607
2000-08-21,0.008886583452742342,1.8213838110293308
2000-08-22,-0.0035685449010321294,1.8148957045525402
2000-08-23,0.005097123040063235,1.8241700674684775
2000-08-24,0.0033057030640969024,1.8302102100084021
2000-08-25,0.0003990412533775929,1.8309406851197072
2000-08-28,0.0070997540170264824,1.8439861686678767
2000-08-29,-0.004749214588355158,1.8352494453632224
2000-08-30,-0.010325913099069564,1.816396324436178
2000-08-31,0.005761661082146757,1.8268919916519566
2000-09-01,0.0041342265961468675,1.8344604111128031
2000-09-05,-0.006114356758402791,1.823278086897824
2000-09-06,-0.010889630654677112,1.803530976460969
2000-09-07,0.008708465233652382,1.8193055497370543
2000-09-08,0.0029539666995545572,1.824687663125497
2000-09-11,-0.0029388197648585863,1.8193331068481104
2000-09-12,0.000703474532743025,1.8206134116334602
2000-09-13,0.0001290720129755384,1.820848417037334
2000-09-14,-0.005511732899600251,1.8108399941261908
2000-09-15,-0.007220862539122582,1.7978112633958068
2000-09-18,-0.003745213596138945,1.7910906690950226
2000-09-19,0.013610919989320286,1.8156357223358908
2000-09-20,-0.008841027804323328,1.7996543862472094
2000-09-21,0.0010067201868903305,1.8014670469152214
2000-09-22,0.01072993390498516,1.8209007439508214
2000-09-25,-0.010944851607388086,1.8010799213581015
2000-09-26,-0.0066814341753411235,1.7890862365448545
2000-09-27,0.003981913314504367,1.796224425243553
2000-09-28,0.019389056292142173,1.8313913467472895
2000-09-29,-0.01078520639371709,1.8117455455294436
2000-10-02,0.0008378910329990354,1.8121341975387366
2000-10-03,-0.008139952270869248,1.7974433840389603
2000-10-04,0.008633737279447483,1.8130292231959535
2000-10-05,0.015495772037111676,1.84134231077044
2000-10-06,-0.013935131592893425,1.8158609189829686
2000-10-09,-0.010043346688415639,1.7977148742752649
2000-10-10,-0.0029862927372191405,1.7923543793898136
2000-10-11,-0.018173215476130544,1.760075728852192
2000-10-12,-0.029362587617282897,1.7091467139163414
2000-10-13,0.025112751148668493,1.7526115668004911
2000-10-16,0.0033520423922832284,1.7584962524173202
2000-10-17,-0.002894701079509875,1.7534132917922394
2000-10-18,-0.00644353390688756,1.7421514358343257
2000-10-19,0.025016466401529873,1.7862836228254908
2000-10-20,-0.001219492495912966,1.7841065910586342
2000-10-23,0.0009198250484109482,1.7857484119683649
2000-10-24,0.002478672979958806,1.7901801884994828
2000-10-25,-0.007138488747185679,1.7774465110485795
2000-10-26,0.009635348460271453,1.7946556022063112
2000-10-27,0.01061575509103548,1.8138087090276225
2000-10-30,0.002894580092625318,1.8190665295287862
2000-10-31,0.009069368452829388,1.8356393530492021
2000-11-01,-0.006719567199091659,1.8233460003243107
2000-11-02,0.004690778289182672,1.8319190034652069
2000-11-03,-0.0006427965729452851,1.8307418305897438
2000-11-06,0.005182456142960219,1.8402541972572581
2000-11-07,0.001112008508440711,1.8423017137992197
2000-11-08,-0.010777478385692462,1.8225529589458815
2000-11-09,0.005894405037601268,1.8333275479883337
2000-11-10,-0.02131242274503415,1.7946683204586096
2000-11-13,-0.00464858339611544,1.7863450158787393
2000-11-14,0.024196393289535646,1.8300952873190277
2000-11-15,0.007994952037322325,1.8447854567161037
2000-11-16,-0.0034755289222381937,1.8383849804688912
2000-11-17,0.002906042387975584,1.8437351753288391
2000-11-20,-0.015870760424707375,1.8147046734945824
2000-11-21,0.004776479640237484,1.8233933074430677
2000-11-22,-0.01362864712446144,1.7987114953725503
2000-11-24,0.008075184263251822,1.8132952260416757
2000-11-27,0.013214975997689293,1.837416911637582
2000-11-28,-0.0037352289814694085,1.8305665405551512
2000-11-29,0.01134466058776558,1.851451941536004
2000-11-30,-0.020827807683184287,1.8132890607047776
2000-12-01,-0.011032356611548213,1.7933941547841672
2000-12-04,0.01760814476141699,1.8252521557036367
2000-12-05,0.030678286887989546,1.882115540888814
2000-12-06,-0.01907325062336387,1.8465576596228002
2000-12-07,0.0010351894516679432,1.848470186376908
2000-12-08,0.006300935819235907,1.8601540493646103
2000-12-11,-0.005505503866317207,1.8499411035568767
2000-12-12,-0.005840423585948594,1.8391681538204965
2000-12-13,0.00016147125496788925,1.839465150587966
2000-12-14,-0.012612550404365368,1.8164104982615303
2000-12-15,-0.03482367081251392,1.7542451126139211
2000-12-18,0.015949780278209067,1.7824492638065912
2000-12-19,-0.01759514524622982,1.7513611124273785
2000-12-20,-0.02895506940447767,1.7013774620237716
2000-12-21,0.00854875796949998,1.7159844731044418
2000-12-22,0.020388202457810405,1.7513293973561463
2000-12-26,0.003447751249003537,1.7573779664625384
2000-12-27,0.013579684394714778,1.781405377704309
2000-12-28,-0.00043126527639213597,1.7806372850594752
2000-12-29,-0.006813775995155469,1.768545663054328
2001-01-02,-0.014915585619466131,1.740104023595846
2001-01-03,0.040412676087055954,1.8118665757221937
2001-01-04,-0.01571217068600322,1.7836207019107129
2001-01-05,-0.019263628123389276,1.7495905207147158
2001-01-08,-0.0030556266495724107,1.744252584816666
2001-01-09,0.007951551297548381,1.7581773872423738
2001-01-10,0.0023893495175443293,1.7623833102434208
2001-01-11,0.003912776230431675,1.769292630265192
2001-01-12,-0.010686112091020659,1.750486432426409
2001-01-16,0.004851192447901053,1.758999010369839
2001-01-17,-0.007291561102524582,1.7462198083916034
2001-01-18,0.02098519852451196,1.7832517803829073
2001-01-19,-0.001838288515721234,1.7799766603444693
2001-01-22,-0.00359284812091575,1.7735929492642966
2001-01-23,0.010777224302301994,1.79281072945391
2001-01-24,-0.000790976258893049,1.7913932194125226
2001-01-25,-0.003579397722881034,1.78499257266617
2001-01-26,0.00043508624755114256,1.7857693673606083
2001-01-29,-0.0007537043233278285,1.7844239323617417
2001-01-30,0.008149384234349296,1.7990253039077329
2001-01-31,0.0002127761723360227,1.799408134352988
2001-02-01,0.012766799929859515,1.82252808787877
2001-02-02,-0.019722183910411552,1.7869359844175394
2001-02-05,0.003691961078273382,1.7935454760066254
2001-02-06,0.0007225503257478873,1.794841871173531
2001-02-07,-0.003950661752635022,1.7877650463161325
2001-02-08,-0.010331386100860386,1.7693900384570527
2001-02-09,-0.019788207995354717,1.7347211294198404
2001-02-12,0.01908235925774926,1.768141557403299
2001-02-13,-0.011881740355397892,1.7472572750126956
2001-02-14,-0.0039037088692470473,1.7404497871616305
2001-02-15,0.003034592224731426,1.7457393643489902
2001-02-16,-0.010907489047102177,1.7268012030079094
2001-02-20,-0.013691024737749349,1.7033206283581133
2001-02-21,-0.022431057677253098,1.665538673860779
2001-02-22,-0.0012130482004737097,1.6635195200826576
2001-02-23,-0.005583481172447598,1.65425717229751
2001-02-26,0.018405203949712106,1.6849860309450961
2001-02-27,-0.008028772435145142,1.6715118245947052
2001-02-28,-0.017714731357728428,1.6421621698038662
2001-03-01,0.0011296016670161503,1.644018207022397
2001-03-02,-0.013882353310199056,1.621353052267891
2001-03-05,0.0011109053845434554,1.6231552229391126
2001-03-06,0.0036218560671842388,1.6290447165422473
2001-03-07,0.00627687294235931,1.6393021819710927
2001-03-08,0.0076759823491003324,1.6519338548114306
2001-03-09,-0.027126195662229156,1.6077254870504865
2001-03-12,-0.041073579455383126,1.5430282160777593
2001-03-13,0.019451370906127006,1.5733360389906261
2001-03-14,-0.030095673404192908,1.526690861110093
2001-03-15,0.003544839262957607,1.5321123382723714
2001-03-16,-0.01825174498104688,1.5044022624522844
2001-03-19,0.012451257641173887,1.5232510647486681
2001-03-20,-0.02812298489724685,1.4810094620818979
2001-03-21,-0.019958474610189902,1.4517437928626848
2001-03-22,0.007355505154484857,1.4624614704585717
2001-03-23,0.014139171086789486,1.4832863396569518
2001-03-26,0.009494896015870728,1.4974370627250522
2001-03-27,0.03288596680166422,1.5475004071766403
2001-03-28,-0.024913817289780614,1.5094225665094796
2001-03-29,-0.002868308447978347,1.5050992802337075
2001-03-30,0.011961238281470674,1.523210230126309
2001-04-02,-0.00692470897971723,1.511647130252944
2001-04-03,-0.03488028845566484,1.4598294044150346
2001-04-04,0.00038093204771584354,1.4603856061501814
2001-04-05,0.03849335922589553,1.5176967261605094
2001-04-06,-0.014320368337550222,1.4961176290991813
2001-04-09,0.0042136410651221826,1.5024350320666904
2001-04-10,0.02095968892231233,1.5342579370617595
2001-04-11,0.0009292866403078059,1.5356843651430847
2001-04-12,0.014172899416100275,1.5576044337243116
2001-04-16,-0.002378150830660665,1.5539046165517745
2001-04-17,0.012109849557086204,1.572836567864165
2001-04-18,0.033724756126608205,1.6267846778678403
2001-04-19,0.01907888057736985,1.6581198782298319
2001-04-20,-0.008490829396250293,1.64410066681664
2001-04-23,-0.019275890186003983,1.6127126507551603
2001-04-24,-0.01519878732628493,1.588386704875901
2001-04-25,0.018332087374448632,1.6177736881151579
2001-04-26,0.002450456628960805,1.621742833496524
2001-04-27,0.0142731517808722,1.6450561969083963
2001-04-30,-0.0038792070254902284,1.6386870449685444
2001-05-01,0.020245222929323573,1.6722007308488414
2001-05-02,0.006360757917882434,1.6828710947123815
2001-05-03,-0.014867763651898099,1.6580356462969914
2001-05-04,0.01664825075528253,1.6858700940407196
2001-05-07,0.0023154599187209654,1.6897781814354487
2001-05-08,0.002102496439586627,1.6933346714893265
2001-05-09,-0.010331837107140755,1.6759294821151725
2001-05-10,-0.006715086765983041,1.664713171625655
2001-05-11,-0.008027184779961519,1.6514037016458085
2001-05-14,0.0035815297608087,1.657328857377486
2001-05-15,2.3737670505575683e-05,1.657368198970759
2001-05-16,0.026666463160896794,1.7021588975579154
2001-05-17,-0.0048429565652287785,1.6939353451765056
2001-05-18,0.004941715350802951,1.702327009004597
2001-05-21,0.016798570728240383,1.7311652118067422
2001-05-22,-0.006001096136134739,1.7208074330408953
2001-05-23,-0.01531737064458425,1.6946500305186523
2001-05-24,0.007688764105512895,1.7077300148642878
2001-05-25,-0.014975815867945193,1.6823459128450688
2001-05-29,-0.00785174143597245,1.6691882904530555
2001-05-30,-0.016653684122458767,1.64162034698427
2001-05-31,0.003215124811143356,1.6469068551301915
2001-06-01,0.007738824113208939,1.659701421206274
2001-06-04,0.009473199491492921,1.6754988116412322
2001-06-05,0.017159104607852672,1.704496950568376
2001-06-06,-0.009528987761417654,1.6883319603013192
2001-06-07,0.00846242280318471,1.70267996298937
2001-06-08,-0.009845408492907378,1.685998635210229
2001-06-11,-0.006836285309956921,1.6745119752855107
2001-06-12,0.0023060221446911874,1.6783778927145088
2001-06-13,-0.01435719589510327,1.6544532488842034
2001-06-14,-0.012827429466266896,1.6333664006980109
2001-06-15,-0.011199020060531096,1.6151763431332469
2001-06-18,-0.0018591661836538675,1.6121762515939757
2001-06-19,0.00977803265033347,1.6280174854563905
2001-06-20,0.00852450674552156,1.6419548516801548
2001-06-21,0.010456297938671342,1.659213695368858
2001-06-22,-0.012507146067904788,1.6385909022980074
2001-06-25,-0.003756481704245731,1.632447112294815
2001-06-26,0.0004447148278620817,1.633173247180861
2001-06-27,-0.007792312895240335,1.6204965049420994
2001-06-28,0.017889882172125178,1.6497478680466
2001-06-29,-0.008999607812123616,1.6349673932429238
2001-07-02,0.016287808591751517,1.661016623826604
2001-07-03,0.0005427971778336795,1.6619184636982782
2001-07-05,-0.01733157895469961,1.6333629633794247
2001-07-06,-0.02016888602121895,1.6007498426310443
2001-07-09,0.013351214780521712,1.6222651054380957
2001-07-10,-0.01649805946849948,1.5957204490026433
2001-07-11,0.006123592456577309,1.6055219703396075
2001-07-12,0.020464101852911414,1.6387160202696103
2001-07-13,0.008240087263568877,1.6522749700215356
2001-07-16,-0.002792710234872006,1.647667082044722
2001-07-17,0.012030001709807576,1.6676082253618416
2001-07-18,-0.0019131058025036146,1.6644209641456702
2001-07-19,0.00855389097082001,1.6787193056467513
2001-07-20,-0.0038345751147605927,1.6722944565284845
2001-07-23,-0.018386737495138798,1.6418273708297193
2001-07-24,-0.011818485554770494,1.6225376698166638
2001-07-25,0.02080125095197643,1.6566419592951953
2001-07-26,0.006920621719616303,1.6681467157356444
2001-07-27,-0.00362712003990924,1.6621071071675488
2001-07-30,0.000304485558105176,1.66261327183371
2001-07-31,0.007219090381892207,1.6746592555207742
2001-08-01,0.0031226267502458827,1.6798967644465248
2001-08-02,0.0019570348741603915,1.6831876000892738
2001-08-03,-0.006319706667670566,1.6725838896513314
2001-08-06,-0.01192166620537817,1.6527622908242154
2001-08-07,0.006139685868952809,1.6629409470073797
2001-08-08,-0.017260963959064554,1.6344832930791287
2001-08-09,0.002353764959067565,1.6383350138249433
2001-08-10,0.0072102018256711845,1.6501904285385047
2001-08-13,0.0004724701872983955,1.6509702785327838
2001-08-14,-0.0011088849317729987,1.649140557130849
2001-08-15,-0.005440388003940339,1.6401929539127482
2001-08-16,0.005397908974677405,1.6490705047287535
2001-08-17,-0.020204623821796268,1.6160859973954849
2001-08-20,0.013130221109271192,1.6374454843978803
2001-08-21,-0.01704910746278492,1.6097651334973002
2001-08-22,0.007592025214975717,1.6220330211115332
2001-08-23,-0.0037847822780510284,1.6159055821045112
2001-08-24,0.022995717540366327,1.6534950321942232
2001-08-27,-0.008587665585420788,1.6393561666278536
2001-08-28,-0.018811396255038308,1.6088058362544453
2001-08-29,-0.01095879901186923,1.5912715095092478
2001-08-30,-0.018153009541253644,1.562645750539321
2001-08-31,-0.00030572926643614954,1.5621680770234165
2001-09-04,0.0070468369307835335,1.5732152989914239
2001-09-05,0.006296918472663676,1.5831529629623815
2001-09-06,-0.02417099517018779,1.5453453449170795
2001-09-07,-0.0174428711641975,1.5186238127897065
2001-09-10,0.013122135062334206,1.5386827195835988
2001-09-17,-0.027466545035721945,1.4969955434600746
2001-09-18,0.0009379288530065498,1.4984002774403935
2001-09-19,-0.011874592499564773,1.4807126095074155
2001-09-20,-0.026989286586396155,1.4412837049166167
2001-09-21,-0.02987316152946228,1.3988647526262983
2001-09-24,0.0385500658819644,1.4538439992011833
2001-09-25,0.012479648125961727,1.4721011451708261
2001-09-26,0.001990624235209337,1.4750344639862174
2001-09-27,0.009031907526760852,1.4884171836319913
2001-09-28,0.01618853288381531,1.5127085645652094
2001-10-01,0.0032987496852640644,1.5164411824225297
2001-10-02,0.00917942971490361,1.5304253327416981
2001-10-03,0.02242201264450948,1.5651281485093629
2001-10-04,-0.00369578477918773,1.5593544474706624
2001-10-05,0.010588870482351319,1.5759539797995032
2001-10-08,-0.0031568217205008176,1.570986818392102
2001-10-09,-0.007861711129823734,1.558684595461658
2001-10-10,0.024913521158602188,1.598004684286112
2001-10-11,0.013847938863276565,1.6202876861900841
2001-10-12,-0.0007433223341052348,1.6190837376816056
2001-10-15,-0.005057904242957495,1.6109152423228814
2001-10-16,0.00845472033079369,1.6245928187397547
2001-10-17,-0.017696151388379676,1.5960966580973588
2001-10-18,0.0032175760476790658,1.6012404913738516
2001-10-19,0.0059669949770735494,1.6108236482333573
2001-10-22,0.014060530327155442,1.6336326606218372
2001-10-23,-0.00905043672701153,1.6189142759618445
2001-10-24,0.00372537950010122,1.6249565939936312
2001-10-25,0.007735752789896206,1.6375756023348753
2001-10-26,-0.0015416926358657916,1.635052909196464
2001-10-29,-0.024958616470720018,1.5947493040190277
2001-10-30,-0.011655640306945084,1.576269386600473
2001-10-31,0.0005208956242247593,1.5770906723100488
2001-11-01,0.02670697480578022,1.619777473614282
2001-11-02,0.0029939303897502387,1.624634241401655
2001-11-05,0.012200241792820487,1.6445765752585288
2001-11-06,0.017477218206424453,1.67357183914429
2001-11-07,-0.0032053639690485364,1.6682160205311187
2001-11-08,0.0021292303101927527,1.6717718208615153
2001-11-09,0.0018624303507990062,1.6748882806341072
2001-11-12,-0.001823250915105055,1.6718373212211908
2001-11-13,0.01229458306325692,1.692518738224104
2001-11-14,0.006170926839018535,1.7029954397643723
2001-11-15,0.0028360111607160393,1.7078320088784926
2001-11-16,-0.0048075078490035575,1.6996412973214736
2001-11-19,0.009553260252630627,1.715956219237142
2001-11-20,-0.009089109763830485,1.7004303697704255
2001-11-21,-0.00449015618493698,1.6928122878167742
2001-11-23,0.008910556111328707,1.7079635897076724
2001-11-26,0.0034325008106914994,1.7138362493023833
2001-11-27,-0.011176005595676388,1.6947890399037315
2001-11-28,-0.01612631079402456,1.667677536921692
2001-11-29,0.011637052400987285,1.6871977463702401
2001-11-30,0.0024258416263839987,1.6912955892446875
2001-12-03,-0.007207701759902555,1.6791490619080758
2001-12-04,0.009264851420571651,1.6947784185144803
2001-12-05,0.022787216071347496,1.7338410748427084
2001-12-06,-0.0033286856685372894,1.7280792578643065
2001-12-07,-0.004600554701559094,1.7201473941861285
2001-12-10,-0.013421920915276919,1.697213961541605
2001-12-11,-0.005760920131187202,1.6874645571972562
2001-12-12,0.0008731709675262819,1.688938645729328
2001-12-13,-0.017054465661390707,1.6603789271853888
2001-12-14,0.008603082132871614,1.6747249248834466
2001-12-17,0.010746743964426559,1.6928198213198022
2001-12-18,0.008137772640824738,1.706651808598119
2001-12-19,0.006352751939138731,1.7175282552897446
2001-12-20,-0.01082537439236788,1.69903564420943
2001-12-21,0.0035629080471243136,1.7050999488432441
2001-12-24,-0.003370400390848527,1.699362753063695
2001-12-26,0.003058769089759521,1.7045686691136954
2001-12-27,0.004387294658933791,1.7120635432200564
2001-12-28,-0.0025086779507738108,1.7077739100626372
2001-12-31,-0.014719551684633025,1.6828203469048835
2002-01-02,0.011232027053968608,1.6990235897751946
2002-01-03,0.009916779000679714,1.7159562511960702
2002-01-04,0.002359935094187525,1.7200105786665538
2002-01-07,-0.010937264057680514,1.7013008717979674
2002-01-08,-0.0008353797685411001,1.699880232938564
2002-01-09,-0.00675029073950996,1.6884441888799728
2002-01-10,0.0030079959350433963,1.6935306683562439
2002-01-11,-0.008746469248644372,1.6787828441573993
2002-01-14,-0.0029439020395920306,1.6738479394205654
2002-01-15,0.006825362564099135,1.6853116359232196
2002-01-16,-0.01416321773408975,1.6616104390768283
2002-01-17,0.010272212798840696,1.678766821240853
2002-01-18,-0.01187912517217594,1.6589425208321162
2002-01-22,-0.006226853745377292,1.6486446234074317
2002-01-23,0.004617577820311978,1.6562749715593803
2002-01-24,-0.0030332822167130425,1.6512586339721536
2002-01-25,-0.0010792836783574458,1.6494774188708583
2002-01-28,0.002051939086274908,1.652865520959332
2002-01-29,-0.028559041951408695,1.6063289481398735
2002-01-30,0.011274665262372079,1.6245422508407874
2002-01-31,0.016017398109170692,1.6507727018073515
2002-02-01,-0.005517363879411116,1.6416898678204603
2002-02-04,-0.022673070960707784,1.6048865160606414
2002-02-05,0.0027244283228933246,1.6092648758955965
2002-02-06,-0.005171296210451589,1.6009643712233201
2002-02-07,-0.008212420321055834,1.587870418999589
2002-02-08,0.011620317653476361,1.6064296006143208
2002-02-11,0.01188189768628492,1.6256308806899753
2002-02-12,-0.0021356904781861664,1.622162741051674
2002-02-13,0.01212910954308892,1.6419579370039215
2002-02-14,-7.706642964439276e-05,1.6418314020439517
2002-02-15,-0.012159244375409037,1.621988852479425
2002-02-19,-0.014451948488966661,1.5987165234351763
2002-02-20,0.014274793056006842,1.6217015337927927
2002-02-21,-0.020314881711235817,1.5890892379968993
2002-02-22,0.012017041312584699,1.6083005896315223
2002-02-25,0.014384715154392597,1.631602731023958
2002-02-26,-0.0023516808450007197,1.627770230310289
2002-02-27,0.00171031178868856,1.6305566070317243
2002-02-28,-0.0025830844304483846,1.6263501767682855
2002-03-01,0.02592663262396334,1.6690673233921525
2002-03-04,0.012936723370129237,1.6907998564316344
2002-03-05,-0.009021601524815624,1.6756147339229426
2002-03-06,0.013587853906672576,1.698538129311122
2002-03-07,-0.0039061056375925512,1.6919164009531273
2002-03-08,0.0037085002052243683,1.6982025221096808
2002-03-11,0.0004094027121277497,1.698897913165754
2002-03-12,0.002108152401464797,1.7024832267471035
2002-03-13,-0.007033864341270422,1.6905502075051904
2002-03-14,0.0006206634298253573,1.6915997958821396
2002-03-15,0.0091146376851223,1.7070885952976467
2002-03-18,-0.005318188486272295,1.6980340745499205
2002-03-19,0.004993170332036323,1.7065338506692067
2002-03-20,-0.01978803606124739,1.6730968149874577
2002-03-21,0.0012273943999270434,1.6751516254221555
2002-03-22,-0.0032662095643001673,1.6696891548046289
2002-03-25,-0.011396813692658702,1.6507680435731087
2002-03-26,0.007163466770537506,1.6626357217087253
2002-03-27,0.0017050108518261522,1.6654729517235212
2002-03-28,0.0006460899967897559,1.6665493448235176
2002-04-01,-0.0017154489976900621,1.6630898217919
2002-04-02,-0.010290637650509072,1.6460633240694864
2002-04-03,-0.006315446241411851,1.6357004571442886
2002-04-04,-0.004421137474106713,1.6284847630979034
2002-04-05,-0.007920082137737334,1.615637970992529
2002-04-08,-0.0018710449562274734,1.6126178659730135
2002-04-09,-0.014471054042906955,1.589449624428122
2002-04-10,0.013157712328327296,1.6105013378265345
2002-04-11,-0.028055838700300498,1.5659453228274756
2002-04-12,0.007868078335849765,1.5783149018924643
2002-04-15,-0.011714290599185327,1.5599339326750796
2002-04-16,0.023237157981945204,1.5966068003612905
2002-04-17,-0.003550707146216193,1.5909477699110082
2002-04-18,0.00016449473958471316,1.5912094939756383
2002-04-19,-0.001661571037884079,1.5885677816693453
2002-04-22,-0.016930233270848014,1.5618993469703042
2002-04-23,-0.009556332577612655,1.5470444097682843
2002-04-24,-0.0044653158646230555,1.5401517681856944
2002-04-25,0.0018203085158832561,1.5429578727782778
2002-04-26,-0.014638671644012518,1.5205355361366948
2002-04-29,-0.007205037260216707,1.5096193937732816
2002-04-30,0.009898282967549292,1.524636231553682
2002-05-01,0.01285383268937258,1.544360142948446
2002-05-02,0.0010014475008497407,1.545907513229743
2002-05-03,-0.015427400795135379,1.5222412026494931
2002-05-06,-0.02025678517225291,1.4917157076299257
2002-05-07,-0.002767172794331021,1.48759357845909
2002-05-08,0.04441504073313624,1.5551543592145043
2002-05-09,-0.015596401309397656,1.5310877121177515
2002-05-10,-0.013973754745060237,1.5098414586243636
2002-05-13,0.02134009931854789,1.5424078746977234
2002-05-14,0.022405829553296116,1.577356871186532
2002-05-15,-0.007905161512514518,1.5649367665029525
2002-05-16,0.014528314059802837,1.587838619157669
2002-05-17,0.010401185547229245,1.6044402117072933
2002-05-20,-0.015722252155383178,1.5794120631173898
2002-05-21,-0.015058867783047138,1.5558060913787854
2002-05-22,0.009154424856621343,1.570113991712151
2002-05-23,0.007129267111723081,1.5813477504071578
2002-05-24,-0.013852250284755676,1.5595935457822774
2002-05-28,-0.011781086859754226,1.5413276460948617
2002-05-29,-0.007439170603959964,1.5299039907228196
2002-05-30,-0.0024800049194181636,1.526114522192125
2002-05-31,0.001893415677841234,1.5290068286597482
2002-06-03,-0.02552589930616896,1.4904714714920937
2002-06-04,0.004868342431910281,1.4977452883496931
2002-06-05,0.008496855606711257,1.5105256332818648
2002-06-06,-0.024992295303738643,1.4732419733508737
2002-06-07,-0.0031748254290903184,1.4685721042028383
2002-06-10,0.002910442266090678,1.4728525244622284
2002-06-11,-0.018336798181204685,1.4460912330137639
2002-06-12,0.017046424109280058,1.470953219423421
2002-06-13,-0.008455695133028079,1.4585677252221054
2002-06-14,0.0005209763452664034,1.4593278024788594
2002-06-17,0.026457375365179833,1.498453079745896
2002-06-18,-0.002100494047603706,1.4953088913018648
2002-06-19,-0.020244502135821157,1.4653414685155488
2002-06-20,-0.011450456191839608,1.4486583372369604
2002-06-21,-0.019581143823688325,1.4205678692651806
2002-06-24,0.008348029740932888,1.4324764495192837
2002-06-25,-0.020322617384905036,1.4036585976402658
2002-06-26,0.005524138688724092,1.4114340589956402
2002-06-27,0.019723068360894217,1.4395482066969156
2002-06-28,-0.007094029923260893,1.429372145958361
2002-07-01,-0.023160299102625598,1.3958258945893165
2002-07-02,-0.01896019090227554,1.3696100829115345
2002-07-03,0.013409402243469582,1.3880994238854514
2002-07-05,0.038463274598153775,1.442530358826328
2002-07-08,-0.012395349363775612,1.424760053159845
2002-07-09,-0.026755519565030042,1.387145302652973
2002-07-10,-0.03161404975701069,1.3439779644566163
2002-07-11,0.007046934003842674,1.3534823374878504
2002-07-12,-0.011532576562503598,1.337962860590113
2002-07-15,-0.0005361407899464419,1.3372457163874254
2002-07-16,-0.01742317539785223,1.3141484478953531
2002-07-17,0.009850687373055661,1.3271576831753213
2002-07-18,-0.028598256707408825,1.289740865054927
2002-07-19,-0.04166883065874333,1.237103163079166
2002-07-22,-0.03927971139478933,1.1894520945394111
2002-07-23,-0.03075843257236862,1.1534233468597486
2002-07-24,0.054170730442628566,1.2176284508757724
2002-07-25,-0.008498308495680704,1.2073245136990611
2002-07-26,0.02141673176355546,1.233460331881626
2002-07-29,0.05624576249656344,1.304825427731717
2002-07-30,0.0004275117018795603,1.3053833751270048
2002-07-31,0.019623825392098712,1.3312529907785522
2002-08-01,-0.036971969017180285,1.2829326986857614
2002-08-02,-0.01605921105784705,1.2624943627290055
2002-08-05,-0.03660129997573123,1.2171208577652324
2002-08-06,0.028650947066460743,1.2524968814117872
2002-08-07,0.02619041695029186,1.2857336393987229
2002-08-08,0.03187483352889852,1.3273763364287845
2002-08-09,0.0054237316760497,1.3345952284810345
2002-08-12,-0.005297091517626705,1.3275444462228176
2002-08-13,-0.0218674314475248,1.298829563656519
2002-08-14,0.04608263767060563,1.360083589794928
2002-08-15,0.0059266154024607155,1.3681682157168917
2002-08-16,-0.0009047511877627843,1.3669309237037732
2002-08-19,0.026343019571464933,1.4034184981882702
2002-08-20,-0.016591014794746242,1.3803264510634068
2002-08-21,0.016859488446065628,1.403795329659205
2002-08-22,0.012516448361403157,1.4214762819496154
2002-08-23,-0.022051254641356637,1.390474022100348
2002-08-26,0.00755504838624195,1.4010189040062944
2002-08-27,-0.016417914715927604,1.3782048868723433
2002-08-28,-0.019246500635547583,1.351932898545786
2002-08-29,-0.0021189247310958357,1.3490712873323425
2002-08-30,-0.004086960340227333,1.3435689380853728
2002-09-03,-0.04790223225891639,1.2807261577396707
2002-09-04,0.02135562921815781,1.3083710066244676
2002-09-05,-0.018905540458160962,1.2838678977026292
2002-09-06,0.018312258335275937,1.3075950037132251
2002-09-09,0.007256515746329683,1.3171180979008446
2002-09-10,0.012317301461036243,1.3334417639508467
2002-09-11,0.0002024830212794365,1.3337117906048954
2002-09-12,-0.0279715271249044,1.2969227564438082
2002-09-13,0.005891992759002577,1.3045867719239026
2002-09-16,0.0066628790671026325,1.3133080981241705
2002-09-17,-0.019019293523254693,1.28856594092901
2002-09-18,-0.005791968396136186,1.2811241797495816
2002-09-19,-0.030311555770516297,1.242873953279522
2002-09-20,-0.0008961647908813597,1.2417606323371142
2002-09-23,-0.012506952340535527,1.2263267081528584
2002-09-24,-0.015534610035503823,1.2074234088077296
2002-09-25,0.02584022253453725,1.2390301016991383
2002-09-26,0.014679960112438521,1.2573531761184258
2002-09-27,-0.03870045589877922,1.2096225898285347
2002-09-30,-0.017456672823053663,1.1886898436654616
2002-10-01,0.04371482577593999,1.2412390186224713
2002-10-02,-0.02229607087155444,1.2138705044258224
2002-10-03,-0.0018779938009901025,1.2115930023800372
2002-10-04,-0.017901934143858517,1.1900961360898088
2002-10-07,-0.016638958261391033,1.170458008223275
2002-10-08,0.015474990024773577,1.188711707860426
2002-10-09,-0.020259223422394057,1.1648716378351922
2002-10-10,0.03022517074380261,1.2006175741988476
2002-10-11,0.04321606071256769,1.2536410162417946
2002-10-14,0.007070299311190526,1.2625360416468872
2002-10-15,0.052053724237450645,1.3299962914368981
2002-10-16,-0.032439766271146586,1.2875438195329871
2002-10-17,0.02816290216893492,1.324320224577284
2002-10-18,0.009819941015288108,1.337389033514484
2002-10-21,0.009480638244832135,1.350128629462036
2002-10-22,-0.003177005041431571,1.345846070457545
2002-10-23,0.0027973163138075756,1.3496160981479255
2002-10-24,-0.01188776335558973,1.3336671677308911
2002-10-25,0.015241333035293013,1.3541497274458625
2002-10-28,-0.003425028466424638,1.3495196596647419
2002-10-29,-0.010740433485579962,1.335102793807197
2002-10-30,0.013691211292388431,1.3535076733037363
2002-10-31,-0.003809808531531649,1.348360878599
2002-11-01,0.016227997202510846,1.3704205834667118
2002-11-04,0.007709593108373971,1.3810268008285635
2002-11-05,0.01309495987499189,1.3992302177558158
2002-11-06,0.006218911785039103,1.4079590207427954
2002-11-07,-0.022912270081022132,1.3760662465470943
2002-11-08,-0.0006261331739682516,1.3752049155026633
2002-11-11,-0.020994461276779477,1.3466341920427625
2002-11-12,0.009180732490740228,1.359054205497495
2002-11-13,-0.006160575131375458,1.3507073869569446
2002-11-14,0.02052632084590805,1.3787189437497829
2002-11-15,0.006602217484112023,1.3878516609845666
2002-11-18,-0.007493063965220977,1.377491263748701
2002-11-19,-0.00867752129844537,1.3655897663986516
2002-11-20,0.022513524682248934,1.3966826977496223
2002-11-21,0.022072236922640105,1.4278533466583958
2002-11-22,-0.007336491089526031,1.4174162459655253
2002-11-25,0.008005733131095235,1.4288092459755024
2002-11-26,-0.022163924394740183,1.39748959121388
2002-11-27,0.027518601721147482,1.4364805788751325
2002-11-29,-0.0033997186028543007,1.4316052412123623
2002-12-02,-0.0037239695346280356,1.426283901311981
2002-12-03,-0.014848438016329232,1.4052622686437333
2002-12-04,-0.0033159621121762427,1.4006101895249912
2002-12-05,-0.012525590614620547,1.3831761335401127
2002-12-06,0.004730568258489043,1.3897348436351857
2002-12-09,-0.021594788688248427,1.3600455342894529
2002-12-10,0.014549479141188001,1.3799781413246621
2002-12-11,1.2245151788399424e-05,1.3799950394699272
2002-12-12,-0.00831896266598513,1.3685625314931342
2002-12-13,-0.012927044830386142,1.350984920358894
2002-12-16,0.02415860649859683,1.3840202707416753
2002-12-17,-0.012516318799209178,1.366805390013299
2002-12-18,-0.013371021742812263,1.348651444295808
2002-12-19,-0.008690908715457753,1.3369812235720266
2002-12-20,0.013901601905552733,1.355697193870297
2002-12-23,0.000990387244371358,1.3570405241771344
2002-12-24,-0.006225733901162218,1.348618195772189
2002-12-26,-0.006749504435296277,1.3395463409799966
2002-12-27,-0.015422674164447642,1.3190454498749835
2002-12-30,0.0019975295474276857,1.3216829154662486
2002-12-31,-0.0005111990590420316,1.321007445068136
2003-01-02,0.031838216239712704,1.3611292801296953
2003-01-03,0.0020390135815846516,1.3639074726417588
2003-01-06,0.02091772381680028,1.3927377935910106
2003-01-07,-0.006150342490718744,1.384198266587052
2003-01-08,-0.013441032781244124,1.3657176895572982
2003-01-09,0.016937806186927664,1.3890469667361218
2003-01-10,0.0005442941075287352,1.3898032226093342
2003-01-13,0.0007778962681947568,1.390884765959456
2003-01-14,0.008451839037509705,1.4026901183152145
2003-01-15,-0.01459473071712933,1.3823669004511185
2003-01-16,-0.004965982802973066,1.3755191072804125
2003-01-17,-0.017369631285604283,1.3518331512317465
2003-01-21,-0.0117573884468016,1.3360321947704972
2003-01-22,-0.008981521309692157,1.3240863195130985
2003-01-23,0.006814153554265133,1.3331396573997571
2003-01-24,-0.03237380511333285,1.2906719830513669
2003-01-27,-0.013962147190818792,1.272776650195673
2003-01-28,0.013367340799597694,1.2899045113780332
2003-01-29,0.009127819691315169,1.3017324265934331
2003-01-30,-0.024117273564531302,1.2707137361438579
2003-01-31,0.013267690708930618,1.2876855121486437
2003-02-03,0.008861465181891421,1.299147000267168
2003-02-04,-0.014402890585865859,1.2805696332046357
2003-02-05,-0.007049894622809847,1.2715735003872732
2003-02-06,-0.004791471048107319,1.2654953660056634
2003-02-07,-0.014717626007064442,1.2470066671059306
2003-02-10,0.00908154077849186,1.258382988077899
2003-02-11,-0.007059313957137436,1.2495309489095106
2003-02-12,-0.010713038859688544,1.236216123761149
2003-02-13,0.004728388174654744,1.2420752747157002
2003-02-14,0.018784743840461554,1.26562786267487
2003-02-18,0.018915139893059367,1.2897952348113504
2003-02-19,-0.00390368807366744,1.2847700912137296
2003-02-20,-0.012128125815792411,1.2692823464043677
2003-02-21,0.013408787391805472,1.2864165009253639
2003-02-24,-0.016774597059799407,1.265017365195301
2003-02-25,0.004891286392541556,1.2712200846922426
2003-02-26,-0.015294202145545811,1.251925709878167
2003-02-27,0.010723666591290962,1.2654231856557818
2003-02-28,0.0029437090158670647,1.2691537113935265
2003-03-03,-0.007957966823347895,1.2590939091407265
2003-03-04,-0.012057249892794634,1.2440038543327234
2003-03-05,0.01342194374822094,1.260813359856992
2003-03-06,-0.008362130888981653,1.2503142322344152
2003-03-07,0.00854204727119074,1.2610402212427663
2003-03-10,-0.023748602295042675,1.23144509098802
2003-03-11,-0.005847416866928974,1.2242653301772026
2003-03-12,0.006069763703198204,1.231718929350459
2003-03-13,0.03424263443876493,1.2746266749329909
2003-03-14,0.0014309919180716007,1.2764519610767628
2003-03-17,0.031016321601213395,1.3166631841342535
2003-03-18,0.004655140310524513,1.3228067244247528
2003-03-19,0.011604792649485796,1.338247039725693
2003-03-20,3.2726819450482513e-07,1.338247477691457
2003-03-21,0.023440076336741028,1.3699866316120863
2003-03-24,-0.03460337214512691,1.3233913014581444
2003-03-25,0.011463046895552352,1.3386486789550465
2003-03-26,-0.007380700756160411,1.3288048853718917
2003-03-27,-0.0015141251643341438,1.3267944308804218
2003-03-28,-0.005269135850217206,1.3198217568943527
2003-03-31,-0.017543097470111818,1.2968699070751661
2003-04-01,0.013776849840470366,1.3145649320250141
2003-04-02,0.02639964128265055,1.3497311196698265
2003-04-03,-0.007595420500780116,1.3395181791408943
2003-04-04,0.0056639206196542734,1.3471266302678297
2003-04-07,-0.0044146340993938835,1.341192666885439
2003-04-08,0.0009900192610725323,1.3425211309524654
2003-04-09,-0.014915590738778314,1.322645234066006
2003-04-10,0.004258315718297902,1.3282894840260742
2003-04-11,-0.0039370328194365724,1.3230702456317898
2003-04-14,0.015208461235677775,1.34334589810477
2003-04-15,0.005271600666484239,1.3504461797182536
2003-04-16,-0.011754494192814283,1.3346652977844038
2003-04-17,0.015875970793756067,1.3560234975463001
2003-04-21,-0.0014506839150188646,1.3540577622450516
2003-04-22,0.02139500262238467,1.3833399610028245
2003-04-23,0.0068320511159864535,1.3928233690032927
2003-04-24,-0.007971409009184636,1.3817647392403583
2003-04-25,-0.01280162488635551,1.3641886466719497
2003-04-28,0.018959322090269997,1.3902994783133173
2003-04-29,0.0014081432075896225,1.3922585981171192
2003-04-30,-0.0019267018600741296,1.3895787133848898
2003-05-01,0.0022700144918625766,1.3927366601382387
2003-05-02,0.011988131950963635,1.4095334509024229
2003-05-05,-0.005102215807089493,1.402360022799648
2003-05-06,0.007817466526645068,1.4133658882788143
2003-05-07,-0.0036347410617227445,1.4082379941786014
2003-05-08,-0.010117438661592412,1.3940620656189069
2003-05-09,0.014441893725438932,1.4143410427722813
2003-05-12,0.009516931634910533,1.4278654832949194
2003-05-13,-0.005258771376519378,1.420376374177246
2003-05-14,-0.004039700381772922,1.4146500532939528
2003-05-15,0.0070716586776347215,1.4246894313087757
2003-05-16,-0.00614393557787192,1.4159630657883124
2003-05-19,-0.02467493778437862,1.3814517979336265
2003-05-20,-0.004208250859934582,1.3756505174003293
2003-05-21,0.0006380765532801925,1.3765285678428993
2003-05-22,0.0035107279399943874,1.381369678084411
2003-05-23,-0.001051078359944549,1.3799185130863556
2003-05-27,0.02104596457160882,1.4092679899374085
2003-05-28,-0.0019275290221302146,1.4065542012802703
2003-05-29,-0.001000605820345565,1.4051474988545223
2003-05-30,0.010148485266123785,1.4194802222469827
2003-06-02,0.001501294056405438,1.4216128799404233
2003-06-03,0.009281135399316829,1.4348684799212759
2003-06-04,0.01331233988543515,1.4540976454310628
2003-06-05,0.0023546584047891865,1.457525582900322
2003-06-06,-0.002509299329625813,1.453872799811986
2003-06-09,-0.005291374693244852,1.4462001314554684
2003-06-10,0.009082792125340366,1.459395501306939
2003-06-11,0.013561935975733276,1.4793225489063797
2003-06-12,0.0025427807587947064,1.483088928328986
2003-06-13,-0.008156838606838556,1.4710408153582315
2003-06-16,0.022369009371848398,1.504317334989841
2003-06-17,0.002237009159236491,1.5076862734147622
2003-06-18,0.001490281234822146,1.5099348250470248
2003-06-19,-0.014793374499492272,1.4877622020287715
2003-06-20,0.001426733157117227,1.4898863566328924
2003-06-23,-0.012096667847746607,1.4719722650993021
2003-06-24,0.0010064784670710753,1.4734545192915873
2003-06-25,-0.009929229201239795,1.458896645489146
2003-06-26,0.011430311684325824,1.4756679569207274
2003-06-27,-0.011750325591656766,1.4584298529672641
2003-06-30,-0.0031319872267690386,1.4538692149547043
2003-07-01,0.010962200005852357,1.4694473197778006
2003-07-02,0.011415895160548807,1.4863184928716862
2003-07-03,-0.00890706510547017,1.4731385417662302
2003-07-07,0.016137448932714953,1.4971040910842999
2003-07-08,0.00016986991767253126,1.4973584256342825
2003-07-09,-0.006078667587168798,1.4882840893843514
2003-07-10,-0.00858397633038872,1.475563369278384
2003-07-11,0.011762045820138222,1.4930214835374573
2003-07-14,0.00448825822524224,1.4997376100720956
2003-07-15,-0.003318807366842613,1.494768520130605
2003-07-16,-0.0023097869638232177,1.4913199076022334
2003-07-17,-0.0104543740068458,1.4758103043792414
2003-07-18,0.011153836224195607,1.492363394428844
2003-07-21,-0.015354389006208592,1.4696240871615602
2003-07-22,0.007587957095697461,1.4808179472376333
2003-07-23,0.001719157396998251,1.4833658959000908
2003-07-24,-0.009602984093328847,1.469189334388047
2003-07-25,0.019102143439943826,1.4975237623694302
2003-07-28,-0.0052725331520962785,1.4896487974365271
2003-07-29,-0.009179028160708914,1.4760378324560683
2003-07-30,0.0021658026521707966,1.4792381034350337
2003-07-31,0.002055127506439579,1.4822812523083806
2003-08-01,-0.014027918300439148,1.461633095926643
2003-08-04,0.005401586932916489,1.4695495957409008
2003-08-05,-0.015257640064124207,1.4472979226348333
2003-08-06,0.0012984377592219316,1.4491783694638158
2003-08-07,0.008090031242657026,1.4609498192452013
2003-08-08,0.0015129492031190908,1.4631618350218338
2003-08-11,0.0011710456551532508,1.4648762679752292
2003-08-12,0.006855737481455014,1.474953579341511
2003-08-13,-0.009146756425567924,1.4615240501580293
2003-08-14,0.005205873737683437,1.4691523987093735
2003-08-15,0.000556973360798392,1.4699709053804537
2003-08-18,0.006449230521956219,1.4794817223705075
2003-08-19,-2.2463007390001546e-05,1.4794484891349051
2003-08-20,-0.0029030015499825475,1.475159875815212
2003-08-21,-0.001240301078839958,1.4733313676145305
2003-08-22,-0.008137404080321722,1.4613909229323165
2003-08-25,0.0031820162831271586,1.4660484989565585
2003-08-26,0.005330136901436302,1.4738836006927583
2003-08-27,-0.0017516777004470954,1.4713040915502666
2003-08-28,0.004696001055009857,1.478229585452773
2003-08-29,0.0019108225446794053,1.4810569202781572
2003-09-02,0.013374347766249274,1.5009981437755877
2003-09-03,0.004458385475924461,1.5077051121146587
2003-09-04,0.0034864419894281946,1.512970812470787
2003-09-05,-0.006106108585371012,1.5037605963098852
2003-09-08,0.012288384177108577,1.5223533879455096
2003-09-09,-0.005878334770747479,1.5134307359528831
2003-09-10,-0.004978651055762122,1.5059146180109124
2003-09-11,0.002687261058531646,1.509966845980024
2003-09-12,0.0025406482067270118,1.5138080180066948
2003-09-15,-0.005717775668498288,1.5051771016903834
2003-09-16,0.013278470722652834,1.5252968357963466
2003-09-17,-0.005051833166013696,1.5176107214833054
2003-09-18,0.012877502025732736,1.5372801312412858
2003-09-19,-0.004257397854988797,1.5307492302944796
2003-09-22,-0.012786114051455725,1.5113014915048038
2003-09-23,0.005111211743761455,1.5190458480999656
2003-09-24,-0.0177443089676876,1.4923291647756252
2003-09-25,-0.003340178071307959,1.487352835164444
2003-09-26,-0.0038321267354181807,1.4816640176963478
2003-09-29,0.011019110399811967,1.498080920804209
2003-09-30,-0.012494856336266534,1.479479070652938
2003-10-01,0.024514225962836696,1.5156188998587952
2003-10-02,0.002360777055441724,1.5192011649832882
2003-10-03,0.005792825778773994,1.5280271717336065
2003-10-06,0.00335579407708643,1.5331635297258068
2003-10-07,0.00351674741982297,1.5385647704461622
2003-10-08,-0.005135263030697629,1.530684087668021
2003-10-09,-6.22369006860916e-05,1.5305888255989137
2003-10-10,0.00015428966991401,1.5308249978625912
2003-10-13,0.00498231026153006,1.538471074704799
2003-10-14,0.005547813093610593,1.5470299442291675
2003-10-15,-0.0019822967793817307,1.543966309273181
2003-10-16,0.0017944535123076962,1.5467393723620209
2003-10-17,-0.008314913173647482,1.5339316899533042
2003-10-20,0.006688760616758191,1.5442261821459784
2003-10-21,-0.00032241117224350417,1.5437283866241145
2003-10-22,-0.015570043572725737,1.5198786211393231
2003-10-23,0.006951903820114345,1.5304814834692186
2003-10-24,-0.006107272021359689,1.5211629012485433
2003-10-27,-0.0062199653260429436,1.5117306851853651
2003-10-28,0.012609896861465016,1.5309141497673595
2003-10-29,-0.0023551661804156274,1.5273128350486729
2003-10-30,-0.0035766075327813224,1.5218599936075938
2003-10-31,0.008140612549316643,1.5342994297887327
2003-11-03,0.005994177840664857,1.543523912406616
2003-11-04,-0.007983485466570012,1.5312502700964943
2003-11-05,-0.0011546294860319208,1.5294832636993005
2003-11-06,0.006628717849865581,1.5396554537522855
2003-11-07,-0.00867298737256398,1.5263597813854548
2003-11-10,-0.0015377834586602181,1.5240143743879155
2003-11-11,0.0015608279512283954,1.526394955977382
2003-11-12,0.010247637599448729,1.542117319271607
2003-11-13,0.0007562830419881058,1.543284037577953
2003-11-14,-0.002291362266912746,1.539751863058252
2003-11-17,-0.0043858979290833855,1.533013456334529
2003-11-18,-0.004205848181331618,1.5265793743477143
2003-11-19,0.009483102745859512,1.541124942959356
2003-11-20,-0.011140884933473028,1.5240507347988532
2003-11-21,-0.0035752786083255938,1.5186115578890587
2003-11-24,0.012691652082360243,1.5380080739849653
2003-11-25,-0.000991390456533562,1.5364840630281276
2003-11-26,0.000715430412413895,1.5375837037663171
2003-11-28,-0.001296377352196112,1.535591706544669
2003-12-01,0.01057659896293018,1.5519192368601342
2003-12-02,-0.004805803233371273,1.5444789110645667
2003-12-03,-0.0010701088789178573,1.5428270344700754
2003-12-04,0.00825303002906925,1.555612720066796
2003-12-05,-0.005494879214652129,1.5470882579588208
2003-12-08,0.007770383629851402,1.5591565541555652
2003-12-09,-0.006754648036756208,1.5486604889183873
2003-12-10,0.004092216594607899,1.5550109278942723
2003-12-11,0.0070030855791221374,1.5659390230291423
2003-12-12,0.0025803509273224882,1.5699849129023238
2003-12-15,-0.0020755994721053488,1.5667296325436637
2003-12-16,0.010873557743508863,1.5838585148489495
2003-12-17,-0.0012120743754991065,1.5819399235012772
2003-12-18,0.010048380157670525,1.5979159896070598
2003-12-19,-0.0016763003036546237,1.5952396463526783
2003-12-22,3.909073509341911e-05,1.5953020066619517
2003-12-23,0.0004268690140187804,1.5959831370229776
2003-12-24,-0.0017905237169133688,1.5931280481792671
2003-12-26,0.0018195097710691388,1.5960293989470913
2003-12-29,0.01218148221618061,1.6155903011944677
2003-12-30,0.0004751582576641077,1.616358144676221
2003-12-31,0.0028188829704940827,1.6209208970355897
2004-01-02,-0.0026934171303788974,1.614457776384878
2004-01-05,0.013544017901490858,1.6364727706117692
2004-01-06,0.0007741562417576895,1.637740146731875
2004-01-07,0.002606572966657407,1.6420146043474555
2004-01-08,0.004056852241443681,1.6486895454457566
2004-01-09,-0.00994627884988094,1.632372500945296
2004-01-12,0.003394035404411248,1.6379222436908638
2004-01-13,-0.007051287449144348,1.6264134068750844
2004-01-14,0.006177228787026036,1.6364912290523652
2004-01-15,-0.0023323551087844727,1.6326787980735031
2004-01-16,0.007438256722470833,1.6448683604644934
2004-01-20,0.001101081678142367,1.6466804923486822
2004-01-21,0.00898449207704534,1.661541740601316
2004-01-22,-0.0019630634999934803,1.6582832280365878
2004-01-23,-0.0019837550029283687,1.6549968611378185
2004-01-26,0.014995132655183416,1.6800007584761223
2004-01-27,-0.010018717877143835,1.6632533387647375
2004-01-28,-0.011693716325686868,1.643917003196804
2004-01-29,0.008597387033141531,1.6581113235253508
2004-01-30,-0.00625059468194406,1.6477794654716835
2004-02-02,0.004744629293313243,1.6556161445597797
2004-02-03,0.0019222566008785234,1.6588017243921993
2004-02-04,-0.006084127935190122,1.6487400019228138
2004-02-05,0.0008741265302546261,1.6501818393823657
2004-02-06,0.010377195465402639,1.6673952579171376
2004-02-09,-0.0031137971472281517,1.6622114022456733
2004-02-10,0.0029449317476949784,1.6671137163227157
2004-02-11,0.007485931114607838,1.679640443372329
2004-02-12,-0.0056238033374768955,1.670220987251393
2004-02-13,-0.003928555582221541,1.663672303125623
2004-02-17,0.009063734828109475,1.678819931063856
2004-02-18,-0.007458303854541932,1.6663453593003863
2004-02-19,-0.005530186393265558,1.6571555928494386
2004-02-20,-0.001425851525966751,1.6547944187604813
2004-02-23,2.3730127942161604e-05,1.6548336877096832
2004-02-24,0.002945360167683971,1.6597149539523766
2004-02-25,0.002429947119439603,1.6637528775073047
2004-02-26,0.0001734466980864263,1.664041474977756
2004-02-27,-0.002349002379821025,1.6601372249344768
2004-03-01,0.007105401661821348,1.6719751736165929
2004-03-02,-0.0071141077978967866,1.660122771616809
2004-03-03,0.001058630563363195,1.6618811588988187
2004-03-04,0.0030047968872895826,1.666882284152072
2004-03-05,0.0009708249313074244,1.668501320804493
2004-03-08,-0.006481379015119319,1.6577221011956922
2004-03-09,-0.003420380175554581,1.6520617471838808
2004-03-10,-0.012623182606229983,1.6313385416532948
2004-03-11,-0.015686270454060118,1.6059485815939942
2004-03-12,0.010022769227547237,1.6221255672932662
2004-03-15,-0.011738686956958937,1.6031952688549505
2004-03-16,0.006697245500774928,1.6139682956919716
2004-03-17,0.00878901401018517,1.6282160056001247
2004-03-18,0.0005963198323713392,1.6291872326478432
2004-03-19,-0.013874409701290322,1.6067393074570608
2004-03-22,-0.011672044985532332,1.588094397768879
2004-03-23,-0.0013707178711794801,1.5859190596247699
2004-03-24,-0.0013125068496274328,1.5838388954095686
2004-03-25,0.015440318459680549,1.6084836441135804
2004-03-26,-0.001358435428680807,1.6063001063782547
2004-03-29,0.011320936519923564,1.6245882520602049
2004-03-30,0.003173342050132014,1.6297518148168981
2004-03-31,-0.003072899120449874,1.6247514386591018
2004-04-01,0.005407316077132352,1.6331781477836929
2004-04-02,0.007972443701746648,1.6462506091125724
2004-04-05,0.007351456485064419,1.6583975429511417
2004-04-06,-0.0001344329163823441,1.6581746147177034
2004-04-07,-0.006639384066923572,1.6472018231971557
2004-04-08,-0.002391497069345535,1.6432672514979387
2004-04-12,0.006354736019205724,1.65374303124435
2004-04-13,-0.010665040748674973,1.6361995118902177
2004-04-14,0.00210823144049636,1.639652637859486
2004-04-15,0.0034648331956847467,1.6453436141970195
2004-04-16,0.0026205773272317476,1.6496610189435976
2004-04-19,0.0018087032945351912,1.652647466247809
2004-04-20,-0.014833031391779137,1.6283146056826885
2004-04-21,0.0044399691617119765,1.635560345845791
2004-04-22,0.007821233547108036,1.6484026009641741
2004-04-23,0.004104285669106426,1.6551820189535824
2004-04-26,-0.003718503257981598,1.6490386483741417
2004-04-27,0.0028250535182927673,1.6537038574394494
2004-04-28,-0.012059803197249148,1.6338802887996047
2004-04-29,-0.004215024391320496,1.6270079372692396
2004-04-30,-0.004966534433148754,1.6189473794136375
2004-05-03,0.00847691446546845,1.632729389805682
2004-05-04,0.0016573049461209835,1.6354375638143044
2004-05-05,0.0008718612553696895,1.6368640602248843
2004-05-06,-0.005110901247534459,1.6285195518008113
2004-05-07,-0.010334130360908148,1.611776877945828
2004-05-10,-0.0076690703104826605,1.5994633248476648
2004-05-11,0.0067960584024607616,1.6103703915673147
2004-05-12,0.004165546540858208,1.6170924551958792
2004-05-13,-0.0030894736070017663,1.612104200244156
2004-05-14,6.293039379350491e-05,1.6122056537885356
2004-05-17,-0.006618477249603424,1.6015705402974925
2004-05-18,0.005854206752686538,1.610973963304685
2004-05-19,-0.0037870933841152024,1.6048845922525348
2004-05-20,0.00294922127398682,1.6096247384685523
2004-05-21,0.0025619607512363416,1.613753820887791
2004-05-24,-0.0006104456931511024,1.6127690124346452
2004-05-25,0.015559566509158691,1.638059241418946
2004-05-26,-0.00028158185821189395,1.6375980585872927
2004-05-27,0.0058007252342582236,1.6471249196072417
2004-05-28,-0.0012648212448594816,1.645042917973495
2004-06-01,0.0009724337112030444,1.6466433912142537
2004-06-02,0.004282255963412747,1.6537098591094672
2004-06-03,-0.00471661473918127,1.6459283125183148
2004-06-04,0.0038497267672038134,1.6522768991210923
2004-06-07,0.014552061989571053,1.676496731831661
2004-06-08,0.0011289371901240589,1.6783904600903472
2004-06-09,-0.008206391503418202,1.6646732920863683
2004-06-10,0.005582051462963149,1.6739915674221522
2004-06-14,-0.008328259888534875,1.6601080237241788
2004-06-15,0.005848498014181857,1.669845609573906
2004-06-16,0.001172181749956274,1.6718041197633928
2004-06-17,-0.0012079296365280533,1.6697859171894074
2004-06-18,0.0033990844254298985,1.675471317598334
2004-06-21,-0.003625032568889927,1.6694086747816586
2004-06-22,0.0007257937495220002,1.6706207609722952
2004-06-23,0.0069092265748634,1.6822034258814553
2004-06-24,-0.003797009271015521,1.6758281949425946
2004-06-25,-0.011541217284849362,1.6565982793807221
2004-06-28,-6.375902325704468e-05,1.6564926596596403
2004-06-29,0.0024553796479976357,1.6605649755180039
2004-06-30,0.000759316044629475,1.6618263479766326
2004-07-01,-0.007537493551907603,1.6489223047446502
2004-07-02,-0.00261201165112958,1.6446209205512177
2004-07-06,-0.004960032902795247,1.6364837436876598
2004-07-07,0.0019701744179705725,1.6397110802589412
2004-07-08,-0.007021789049059723,1.6282377039078608
2004-07-09,0.0035424459061463307,1.6340158762853587
2004-07-12,0.0016701332382173537,1.6367471806983804
2004-07-13,0.002159613765213346,1.640285742027568
2004-07-14,-0.005002946183274739,1.6320999742865288
2004-07-15,-0.0069299596746426,1.6208286871703115
2004-07-16,-0.002152009788469263,1.617344398426518
2004-07-19,-3.463717223404922e-05,1.617288379160208
2004-07-20,0.004822363990864164,1.6251063678455404
2004-07-21,-0.012932940761343261,1.6042242878731852
2004-07-22,0.007004780124653993,1.6155009755298047
2004-07-23,-0.012139481560150576,1.5960081867839724
2004-07-26,0.00040310615676802117,1.5966516771990775
2004-07-27,0.008690057880167894,1.6105871349586536
2004-07-28,0.0021598292957242366,1.6140694875258756
2004-07-29,0.004032919383526887,1.6205920432787677
2004-07-30,-0.0002349355342847607,1.6202113533417704
2004-08-02,0.006339340913535965,1.6305150502799577
2004-08-03,-0.0032515453771260706,1.625221966620185
2004-08-04,6.294313640005185e-05,1.6253242664076113
2004-08-05,-0.015568517627645393,1.6002163307188584
2004-08-06,-0.013935490440768387,1.5780711914046996
2004-08-09,0.0024321290982399655,1.581913935398919
2004-08-10,0.010527486438084668,1.5986554814806997
2004-08-11,-0.002894632618766453,1.5940346522058626
2004-08-12,-0.01026694536207725,1.57775251247093
2004-08-13,0.003987203878142397,1.5840558914852119
2004-08-16,0.010425596846104036,1.6006570074943034
2004-08-17,0.002064441416159095,1.6039648833968216
2004-08-18,0.011549116727451554,1.6225966441570168
2004-08-19,-0.0032109817580977945,1.6173948717993167
2004-08-20,0.004223234382671594,1.624239953450443
2004-08-23,-0.0019979878634165567,1.6209979815249371
2004-08-24,0.000667639317739617,1.622080584865444
2004-08-25,0.006335034407612197,1.6323891392299956
2004-08-26,-0.0013975157722824932,1.6301094429881762
2004-08-27,0.0037397287822795652,1.636217023419384
2004-08-30,-0.0055872497078703846,1.6271005620223853
2004-08-31,0.005023361812703343,1.6352946405307252
2004-09-01,0.00019052736563342378,1.6356062385936563
2004-09-02,0.010498195411474728,1.652867600544087
2004-09-03,-0.006122930581193682,1.6427781270603339
2004-09-07,0.006352349425080648,1.6532468430191238
2004-09-08,-0.0029340490578404622,1.6484032448290726
2004-09-09,0.0005249089411437458,1.6492687335624088
2004-09-10,0.00373379768317074,1.655438280090381
2004-09-13,0.00010990232253002604,1.655620226600157
2004-09-14,0.0032374008874718704,1.6609888184441575
2004-09-15,-0.008072916542156777,1.6476337739463731
2004-09-16,-0.0008788037711143819,1.6461864632166232
2004-09-17,0.004654033540161145,1.65386572614232
2004-09-20,-0.005971442704526759,1.6440191899899863
2004-09-21,0.006312263514866148,1.6544294940657596
2004-09-22,-0.014185502614795372,1.6311262550026724
2004-09-23,-0.00680569623213887,1.6200629944918934
2004-09-24,0.0010621264242256432,1.621784620337556
2004-09-27,-0.002983263325991747,1.6169536194139227
2004-09-28,0.005610923909246301,1.6260517236533194
2004-09-29,0.004305439020916017,1.6330676827486077
2004-09-30,-0.01434643134465862,1.6098062476190977
2004-10-01,0.013937543384809148,1.6315725711225806
2004-10-04,0.005529849958976845,1.6406199148095655
2004-10-05,-0.00023006985259966959,1.6402425010450226
2004-10-06,0.004184416578108802,1.6471203387921276
2004-10-07,-0.010828670695439763,1.629380438166825
2004-10-08,-0.007687362489332062,1.616902821534205
2004-10-11,0.005185557840217372,1.6253091415293999
2004-10-12,-0.000616587629123137,1.6243073049110046
2004-10-13,-0.007810056071591984,1.61167078398305
2004-10-14,-0.012099109881540277,1.5922884927551686
2004-10-15,0.003250160849796133,1.5974721057007202
2004-10-18,0.007189923389532553,1.60899919755358
2004-10-19,-0.0057146948647744875,1.5998304812622945
2004-10-20,0.0008444424833941828,1.6011820166535393
2004-10-21,-0.0004898127746952474,1.6003979292908497
2004-10-22,-0.014011623815281411,1.5781301239174124
2004-10-25,-0.0004053061469359138,1.5774906276821559
2004-10-26,0.014129721929135555,1.599938348150287
2004-10-27,0.009980569844874207,1.6159865966982656
2004-10-28,0.003484912231014537,1.6216279923291925
2004-10-29,0.002096573720240825,1.6250314214852983
2004-11-01,-0.0034584560344842813,1.6194210289994295
2004-11-02,-0.0010677158806878795,1.6176928702047193
2004-11-03,0.011970566171194148,1.6371739368238531
2004-11-04,0.012063717623486904,1.6570439530522318
2004-11-05,0.0030246192579274577,1.6620634673369743
2004-11-08,-0.0008587388401506879,1.660636801537116
2004-11-09,-0.003040977470160949,1.655594513066072
2004-11-10,-0.0038119532378384376,1.6492954776432784
2004-11-11,0.008508700511805335,1.6633887114441397
2004-11-12,0.011187660517332698,1.6821026269312742
2004-11-15,0.001958737352921799,1.685400653107175
2004-11-16,-0.00646080137230832,1.6745467145805124
2004-11-17,0.0037150498802064127,1.6807793091835206
2004-11-18,0.0017521406127212055,1.6837268523731488
2004-11-19,-0.011133938628145624,1.6650843159446327
2004-11-22,0.004674749172525442,1.6728863896331365
2004-11-23,-0.0019875883259234286,1.669564682361339
2004-11-24,0.0015138494416860114,1.6720940659935326
2004-11-26,-0.0005921708138428686,1.6711041938052873
2004-11-29,-0.003334679132060762,1.66554087861362
2004-11-30,-0.005906709210436366,1.6557320105498474
2004-12-01,0.014308010937517483,1.679592533520717
2004-12-02,0.0010684418642438792,1.6813880395244851
2004-12-03,0.00330602154754958,1.686955943346622
2004-12-06,-0.001016089278903343,1.6852427160419534
2004-12-07,-0.009382686575158694,1.6695045603837908
2004-12-08,0.007520631379792017,1.6821076208530823
2004-12-09,0.0032041544891985947,1.6875059975356117
2004-12-10,-0.004960871246592872,1.6791552282258606
2004-12-13,0.006735722180170757,1.6905037286067228
2004-12-14,0.002840045029945248,1.6953116594576423
2004-12-15,0.00033327463683019355,1.6958767579965366
2004-12-16,0.0019522329393827176,1.6991907382428058
2004-12-17,-0.011914224864629876,1.6790663191789377
2004-12-20,-7.16940199465818e-05,1.6789459444798833
2004-12-21,0.010182146187545168,1.6961285469608895
2004-12-22,0.004269962574677585,1.703386436809766
2004-12-23,0.0018912217020614786,1.70661096639512
2004-12-27,-0.005243688706613893,1.6976854515063842
2004-12-28,0.0051585458259697965,1.706465666807003
2004-12-29,-0.0006883612171671483,1.7052914062276345
2004-12-30,-0.0010341016654442934,1.7035288730207152
2004-12-31,-0.0010680633197268832,1.7017103676296716
2005-01-03,-0.004457951428986583,1.6929173183174582
2005-01-04,-0.009450466971917185,1.6769938198747876
2005-01-05,-0.0004901768546355834,1.6761719977544642
2005-01-06,0.00415269100228262,1.6831470948155187
2005-01-07,-0.0023907068849315294,1.6791279896330655
2005-01-10,0.0019402626893842217,1.6823891017060215
2005-01-11,-0.0055199796123182225,1.6731279324132344
2005-01-12,0.0006223144089777874,1.674169468081352
2005-01-13,-0.012965401761833781,1.6526032974518325
2005-01-14,0.003103045493487142,1.657739365271344
2005-01-18,0.008582844332302537,1.6720287181136098
2005-01-19,-0.010619640886462908,1.6543663237102773
2005-01-20,-0.004118958349840464,1.6475660723179788
2005-01-21,-0.007315784448952333,1.6355568161940282
2005-01-24,-0.0006805946370411445,1.6344440437127958
2005-01-25,0.00652933887387733,1.6451507987226945
2005-01-26,0.0034031734620796695,1.6507590698089678
2005-01-27,-0.0013597304357446157,1.6485160077851122
2005-01-28,-0.003807941612945213,1.6422504920096337
2005-01-31,0.005793059045855673,1.6517917559472637
2005-02-01,0.005825545526156811,1.6614424269400072
2005-02-02,0.003803257093962698,1.6677733510712587
2005-02-03,-0.0031627590479635036,1.662506918433972
2005-02-04,0.010342290577154196,1.6797902687301285
2005-02-07,0.001705477077805083,1.6826575568810809
2005-02-08,0.0019765001234997724,1.6859866186117622
2005-02-09,-0.006921469635389985,1.6743574054746122
2005-02-10,0.005124571563282205,1.6829597927703674
2005-02-11,0.0059863857047495654,1.6930648554390764
2005-02-14,0.0022701111045505804,1.696912666595106
2005-02-15,0.0032881940120416185,1.702501628424015
2005-02-16,-0.0006306204856148291,1.7014283344764827
2005-02-17,-0.008562595128789107,1.6869218875554888
2005-02-18,0.0026963903758270564,1.6914766254139189
2005-02-22,-0.01265354341907482,1.6702082961316622
2005-02-23,0.003584367709288121,1.676205678807461
2005-02-24,0.006099621964937436,1.6864611452212361
2005-02-25,0.00876856983632517,1.7013140216243816
2005-02-28,-0.006698683169642349,1.6899555439166165
2005-03-01,0.004558343774885128,1.6976765263269176
2005-03-02,0.00046553044586354386,1.6984670304247367
2005-03-03,-0.0004392080027124424,1.6977212139089113
2005-03-04,0.008599286729694096,1.7123833570482871
2005-03-07,0.001981613584524997,1.7157800034793897
2005-03-08,-0.002903753891843023,1.7108050271658173
2005-03-09,-0.009098369620183306,1.6953100869169495
2005-03-10,0.0011654774230742872,1.69728708439754
2005-03-11,-0.009210403521951736,1.6817261566740205
2005-03-14,0.0036193199952553223,1.6878238899469697
2005-03-15,-0.009248643742901604,1.672285772103649
2005-03-16,-0.005921305291902102,1.662412916454623
2005-03-17,-0.0003536347517060853,1.6618251334120604
2005-03-18,-0.0017626880699985212,1.6588984342615978
2005-03-21,-0.006603896673425971,1.6479793343967835
2005-03-22,-0.012460674445105372,1.6275718102290113
2005-03-23,0.0031776461129622785,1.6327518833261367
2005-03-24,-0.0020135338110639912,1.6294675898316104
2005-03-28,0.004163404508696965,1.636265864705953
2005-03-29,-0.006706725152988599,1.6253285968953606
2005-03-30,0.011218391649182315,1.6436648288653928
2005-03-31,-0.0043657471990879125,1.6365046448917038
2005-04-01,-0.010279818538967072,1.6192567429934548
2005-04-04,0.0036283869954068467,1.6251427049183254
2005-04-05,0.00553996738773173,1.6341709274425604
2005-04-06,0.0015944383660490594,1.6367785905926022
2005-04-07,0.004671162345531489,1.6444421340059467
2005-04-08,-0.00842493720364605,1.6306460096361328
2005-04-11,0.0016542510893841386,1.6333457399742382
2005-04-12,0.007948957328351765,1.6463808747926127
2005-04-13,-0.011630204835562086,1.6273440436830067
2005-04-14,-0.006975201479554409,1.6160324871568106
2005-04-15,-0.015833756679375706,1.5906461330240014
2005-04-18,0.00405129000756089,1.5971033730524276
2005-04-19,0.0034166336365347057,1.6025694225848932
2005-04-20,-0.014090075087097352,1.5801474337935177
2005-04-21,0.018897491275179402,1.610292189172548
2005-04-22,-0.006626697756556996,1.5996565480450795
2005-04-25,0.006767489637734207,1.6105189211997464
2005-04-26,-0.005023891151038678,1.6024481397818127
2005-04-27,0.00566362009234077,1.6115495463893843
2005-04-28,-0.011157686722237332,1.5936683234635385
2005-04-29,0.012960731042091398,1.6144578627689254
2005-05-02,0.006869548435186574,1.6255866403274872
2005-05-03,0.0003190922122803302,1.6261054351320916
2005-05-04,0.007471057797526332,1.638299657974603
2005-05-05,-0.0011405390796530189,1.6364321783596807
2005-05-06,-0.0010950232769501417,1.634641227778471
2005-05-09,0.006230621069042852,1.6448578527607236
2005-05-10,-0.010556293047938297,1.6275855772406118
2005-05-11,0.006159000142516955,1.63764081034822
2005-05-12,-0.008092638517552278,1.62444145608611
2005-05-13,-0.0034710678170721994,1.6188126842030701
2005-05-16,0.010079946756287716,1.6352127468866569
2005-05-17,0.007967524053845267,1.6482933847308923
2005-05-18,0.010219789546782114,1.6652249674736228
2005-05-19,0.005070210637612633,1.6736894490369045
2005-05-20,-0.0018043448692357767,1.670672258911181
2005-05-23,0.0035028557935141928,1.6765346444636824
2005-05-24,0.00147318723620052,1.6790063140719957
2005-05-25,-0.0021477972970092777,1.6754040187338577
2005-05-26,0.006175812338207464,1.685783015925232
2005-05-27,0.0002762547151473957,1.6862487857646917
2005-05-31,-0.010374494125523609,1.6688452402282767
2005-06-01,0.00981935079557579,1.6853129357881125
2005-06-02,0.0019154748646187862,1.6885442040742509
2005-06-03,-0.009812458356192575,1.6720564593359195
2005-06-06,-0.0005193525779079035,1.671188297963793
2005-06-07,0.0006952764020347762,1.6723506397783174
2005-06-08,-0.00227046016840663,1.6685579414775793
2005-06-09,0.003054759639242777,1.6736627779875388
2005-06-10,-0.0031348852793913326,1.6684242525604198
2005-06-13,3.3761531581595336e-05,1.668480582069394
2005-06-14,0.0021700491164950244,1.6721051982575874
2005-06-15,0.003426055258470195,1.6778437477454304
2005-06-16,0.0025659119118287585,1.6821544751121897
2005-06-17,0.003524157709442255,1.6880931109724722
2005-06-20,-0.0007404892302374929,1.6868435589011812
2005-06-21,-0.0013898628619806294,1.684500706183829
2005-06-22,-0.0004968465736314976,1.6836639756602414
2005-06-23,-0.010931424375795827,1.6653593602725354
2005-06-24,-0.010881664549927032,1.6473357198125531
2005-06-27,-0.0009229112702562606,1.6458160764666927
2005-06-28,0.008911341082376492,1.6605480482042816
2005-06-29,0.0014772048511740284,1.6630028304984645
2005-06-30,-0.011157549285254333,1.6445509249028454
2005-07-01,0.0022074598155009456,1.6478147668371579
2005-07-05,0.007609523938191406,1.66040168223121
2005-07-06,-0.008956828154361473,1.645596153963178
2005-07-07,0.0015865572305944254,1.6482090586532088
2005-07-08,0.013074916958142965,1.6699007547657854
2005-07-11,0.00392309230217484,1.676464796814881
2005-07-12,0.003922364130728243,1.6830534152334913
2005-07-13,0.002892469160323141,1.6879286426557158
2005-07-14,0.005051300040743407,1.6964764472648077
2005-07-15,0.0006097816875110547,1.6975112430033252
2005-07-18,-0.007647373793130987,1.6845792509230535
2005-07-19,0.0075174054866656665,1.697290634678222
2005-07-20,0.0013438328626827764,1.6995730428547022
2005-07-21,-0.00698569937841542,1.6877417096880794
2005-07-22,0.0012962886728746495,1.6899309287724797
2005-07-25,-0.004093614196286106,1.6830271438885653
2005-07-26,0.0007590159942865836,1.6843050733326872
2005-07-27,0.0037335604311256035,1.6906052818946595
2005-07-28,0.004462117825942827,1.6981658173150749
2005-07-29,-0.00987191422411815,1.681484145520125
2005-08-01,0.0013500841866775882,1.683755823808554
2005-08-02,0.00728346963816743,1.6960641775778031
2005-08-03,0.002798227874448853,1.7008167979927005
2005-08-04,-0.007980198009370762,1.6872979564272501
2005-08-05,-0.0049245067659489114,1.6790092718169476
2005-08-08,-0.0025160189502818667,1.6747901625764618
2005-08-09,0.006461554546117987,1.6856469486488843
2005-08-10,-0.005230503252930335,1.6768531847544392
2005-08-11,0.003609814481727604,1.6829172521587146
2005-08-12,-0.006594542092454799,1.6718556965353537
2005-08-15,0.0026564552039229973,1.6763028104649114
2005-08-16,-0.010279494328558873,1.6591595283253209
2005-08-17,-0.000245493716240757,1.6587522650792053
2005-08-18,-3.369154942465939e-05,1.6586963800867143
2005-08-19,0.0009061866909993271,1.6602001499159555
2005-08-22,0.002374141230590848,1.6641463821456317
2005-08-23,-0.004477480977947423,1.6567118547730113
2005-08-24,-0.009623892724990646,1.6408443138322375
2005-08-25,0.0011389470706911987,1.642714213313069
2005-08-26,-0.005660845065737174,1.6334413335944877
2005-08-29,0.007670819728943731,1.6460193477662444
2005-08-30,-0.005171639006160726,1.637528704098546
2005-08-31,0.008778442698324512,1.6519669358708122
2005-09-01,-0.0003900222726244967,1.6513227576022853
2005-09-02,-0.0028883773421218245,1.6465599960022423
2005-09-06,0.014573600109217197,1.6707320117629192
2005-09-07,0.0024579054387742594,1.6748435638946124
2005-09-08,-0.004381795404190575,1.6675207972127999
2005-09-09,0.005088526011548895,1.6760276454678142
2005-09-12,-0.0016147936497518194,1.6733233906634721
2005-09-13,-0.008235033202459167,1.6596001004128762
2005-09-14,-0.0037162350826487043,1.6534440819871326
2005-09-15,-0.00017168355412432762,1.6531602371970295
2005-09-16,0.0085613188700659,1.6673742275637988
2005-09-19,-0.005952879374333701,1.6574780345609224
2005-09-20,-0.006544359446647071,1.6466663189918556
2005-09-21,-0.006892417743680507,1.635355829920459
2005-09-22,0.0037277444313858774,1.641463395157331
2005-09-23,-0.002659652170642699,1.637103473982361
2005-09-26,-0.0002339299013473127,1.6367205513184735
2005-09-27,-0.001068841500291481,1.63497209104875
2005-09-28,0.003990297166344726,1.64150914927934
2005-09-29,0.010209766314037005,1.6583544209112024
2005-09-30,-0.0028613920617662865,1.653616001206885
2005-10-03,-0.003256332084011416,1.6477460352085245
2005-10-04,-0.008191399349424037,1.6343038198479902
2005-10-05,-0.010300336730284122,1.6175563405929139
2005-10-06,0.0010361499055622308,1.6192332400520413
2005-10-07,0.0012547753991629046,1.621266289330529
2005-10-10,-0.00391492382329351,1.6149315633861137
2005-10-11,0.0010671218553440997,1.6166558119803436
2005-10-12,-0.0016337245892833945,1.6140167979259525
2005-10-13,0.001230749942575468,1.6160044719212419
2005-10-14,0.0046955806355514045,1.6236103943627131
2005-10-17,-0.0010166037946520868,1.6219606645776279
2005-10-18,-0.007376270873058194,1.6100406600081287
2005-10-19,0.013304687858712654,1.631604882959212
2005-10-20,-0.012094646698412913,1.6119900546625208
2005-10-21,-0.0012490054413455023,1.6099779271535353
2005-10-24,0.013456823712181182,1.6317895446984219
2005-10-25,-0.0011015559706942589,1.6299930268466876
2005-10-26,-0.002745571430624443,1.6255239025175143
2005-10-27,-0.007617408107300546,1.613188664480841
2005-10-28,0.016127671794862197,1.6394165708463098
2005-10-31,0.0038927894927610605,1.6458109122852578
2005-11-01,-0.003946394368046762,1.6393286924808637
2005-11-02,0.008542128115363848,1.653392028088174
2005-11-03,0.002977618409123704,1.658322535570521
2005-11-04,0.002288370517451793,1.6621217373020418
2005-11-07,0.004287308533238017,1.6692630636055252
2005-11-08,-0.003130578659816926,1.6640454755771068
2005-11-09,0.0032284564374848645,1.6694264553606146
2005-11-10,0.008489532288593069,1.6836594353450374
2005-11-11,0.004257732902886455,1.6908432901350356
2005-11-14,0.0011215697712616318,1.6927407527266296
2005-11-15,-0.004581353833798451,1.6850034455934109
2005-11-16,0.0008521294546710101,1.6864398985956595
2005-11-17,0.00747745157768699,1.6990974353592836
2005-11-18,0.00584498914574106,1.7090577219531948
2005-11-21,0.0030187886946274277,1.7142248013190775
2005-11-22,0.0057371357273372095,1.7240878073203032
2005-11-23,0.005562729561955871,1.7337051661166158
2005-11-25,0.0023094127517252466,1.7377136337565597
2005-11-28,-0.005753225052175039,1.7277448798843809
2005-11-29,-0.0006296467799814433,1.7266573532988683
2005-11-30,-0.007225364853201947,1.7142265864377062
2005-12-01,0.005719277794246997,1.7240588143079771
2005-12-02,-0.0011879527477667642,1.7220119299438799
2005-12-05,-0.003669906929539449,1.7157038884718219
2005-12-06,0.0005174068053041292,1.7165918350345917
2005-12-07,-0.005211819441305798,1.7076685418311255
2005-12-08,-0.005124140094281605,1.6989405897102283
2005-12-09,0.0004991012000058634,1.699788744637256
2005-12-12,0.0002832552019062416,1.700270286837763
2005-12-13,0.006378689469781046,1.711150446702095
2005-12-14,0.005440366787212335,1.7204851017101979
2005-12-15,-0.0020368568241741344,1.7169842864299807
2005-12-16,-0.0034476682191979108,1.7110748869506476
2005-12-19,-0.0011478067920150362,1.7091120302793676
2005-12-20,-0.0030799868706533184,1.703856085940373
2005-12-21,0.002594944725103427,1.7082832399285894
2005-12-22,0.00304609729749034,1.7134947702736452
2005-12-23,0.00030871114898803836,1.7140238268715948
2005-12-27,-0.009554511028824394,1.6977251542280185
2005-12-28,-0.0003247954870935507,1.697173830298209
2005-12-29,-0.0030670308533578615,1.6919765200267693
2005-12-30,-0.005143473719902539,1.6832962258305155
2006-01-03,0.017637624163680178,1.711041424264342
2006-01-04,0.0009231188984271183,1.7126216481941432
2006-01-05,-0.0002536009536410292,1.7121873807785777
2006-01-06,0.007127262608686643,1.7244341811151507
2006-01-09,0.0018511988071124301,1.7276294082019739
2006-01-10,-0.00023560706531852382,1.7272224144543333
2006-01-11,0.006075003553584691,1.7377472335479014
2006-01-12,-0.007941760396969564,1.7240011178163341
2006-01-13,-0.00048015401582679,1.7231735304569216
2006-01-17,-0.0051568817186459165,1.7143102015911345
2006-01-18,-0.0062306193123012315,1.7036621936306746
2006-01-19,0.0011323782781452352,1.7055924763909098
2006-01-20,-0.02276075146450414,1.6672103697104712
2006-01-23,0.0002920769696715718,1.6676973945839735
2006-01-24,-0.00045075461037347885,1.6669458416903478
2006-01-25,0.0003934551345471577,1.6676018391350915
2006-01-26,0.0030707792642952823,1.672730546818237
2006-01-27,0.007820252512869929,1.685863004721107
2006-01-30,0.001702340312796056,1.6887353614465532
2006-01-31,-0.0059068063292868145,1.6787897310984174
2006-02-01,0.0037561327097227924,1.685107345591678
2006-02-02,-0.007311154709417937,1.6728321925361964
2006-02-03,-0.008159350461368262,1.659238501674716
2006-02-06,-0.0025879836307066903,1.6549499713097284
2006-02-07,-0.004329051899016117,1.6478010920928026
2006-02-08,0.013204484656195874,1.6697037447082754
2006-02-09,0.00013625993213345924,1.6699312739284184
2006-02-10,0.0025272841106339507,1.674157002261703
2006-02-13,-0.0037221499323146514,1.6679371217340508
2006-02-14,0.009151632382995645,1.6832715295172607
2006-02-15,0.004822155804155323,1.691408129302415
2006-02-16,0.004681317585752487,1.6993447102567993
2006-02-17,-0.0010890804689341065,1.697494994550325
2006-02-21,-0.0022544813771692342,1.6936723343744773
2006-02-22,0.005412763787806325,1.7028646380957357
2006-02-23,-0.0024507664520229465,1.698696424313885
2006-02-24,0.002364929048016001,1.7027184748890511
2006-02-27,0.0038596829206648444,1.7093031274664476
2006-02-28,-0.007305493976746103,1.6968613258527971
2006-03-01,0.007396274539669384,1.7094583060100568
2006-03-02,-0.004514380522401047,1.7017585536121798
2006-03-03,6.245399649911136e-05,1.7018648385538546
2006-03-06,-0.003506068030779857,1.6959084325346523
2006-03-07,0.0018862607664349208,1.6991103769761255
2006-03-08,0.0034977256948058666,1.7050638046589148
2006-03-09,-0.006345842026544352,1.6942779978176286
2006-03-10,0.0072062802525526045,1.706531538090648
2006-03-13,0.001243105173849507,1.708654255382055
2006-03-14,0.007148583856475374,1.72091247586506
2006-03-15,0.0023233427572730302,1.7249153936761945
2006-03-16,0.0020906815257326727,1.728525414810517
2006-03-17,0.001981604539839814,1.7319540646117837
2006-03-20,0.001420822989267311,1.7344166137720987
2006-03-21,-0.0035576682249461914,1.7282570981497176
2006-03-22,0.004818416036327991,1.73660465471603
2006-03-23,-0.004357941361270713,1.7290531000306921
2006-03-24,4.269028468453184e-05,1.729126915375355
2006-03-27,-0.0012481041688314895,1.7269701310895456
2006-03-28,-0.008998741125484279,1.7114992874059203
2006-03-29,0.003230049843791332,1.7170364532584974
2006-03-30,-0.000239590149728085,1.7166251175155365
2006-03-31,-0.004236966278496852,1.7093672213681559
2006-04-03,0.0012241443013983851,1.7110113486171163
2006-04-04,0.004329878864279095,1.71843588255883
2006-04-05,0.0030396217590163608,1.7236672242811668
2006-04-06,-0.005614729098300392,1.7140164184449889
2006-04-07,-0.010590264696152134,1.695960309123305
2006-04-10,0.0013867899860498859,1.698313881474823
2006-04-11,-0.005499644683085705,1.6889993952259683
2006-04-12,-0.00032088298584241707,1.6884575110023057
2006-04-13,0.0027179374581875696,1.6930528750451503
2006-04-17,-0.005443800262783671,1.6838612746767057
2006-04-18,0.01448818151897991,1.708434946538126
2006-04-19,-0.002873337292376206,1.7035330824216328
2006-04-20,-0.0007612721465661544,1.702236723638755
2006-04-21,-0.001996709960554679,1.698841241641912
2006-04-24,-0.0020687306336772994,1.695330429438037
2006-04-25,-0.0009419646759489557,1.6937342399545243
2006-04-26,0.006124760334746818,1.7041397894651271
2006-04-27,0.009429659703470625,1.7202852512364044
2006-04-28,0.0007847919767294466,1.721635847198379
2006-05-01,-0.003609025341162165,1.715433618529839
2006-05-02,0.004865064548546778,1.7237996479481146
2006-05-03,-0.004655188563373293,1.7157936846338202
2006-05-04,0.003127513046849225,1.7211682519019693
2006-05-05,0.010092397596101282,1.7386269179399092
2006-05-08,0.0010959929133010718,1.7405334853221681
2006-05-09,0.0015572321080102145,1.7432460114187944
2006-05-10,-0.004395491847265146,1.7356004032017656
2006-05-11,-0.011995824427680095,1.7149048239295899
2006-05-12,-0.007289284400005512,1.702449844042503
2006-05-15,0.010068921782147883,1.719678268634217
2006-05-16,-0.0028192779969974453,1.7148368453953156
2006-05-17,-0.01584733242664684,1.687875453171526
2006-05-18,-0.005405352970122833,1.6787765042471172
2006-05-19,0.0006010604658367075,1.6797858537444477
2006-05-22,-0.0007929798945431379,1.6784543453347625
2006-05-23,-0.002479106547098025,1.6742984317829952
2006-05-24,0.004519750615256036,1.6818829703500957
2006-05-25,0.009555880903917485,1.6980318793485538
2006-05-26,0.004185925715843563,1.7051546118729033
2006-05-30,-0.017738061429091397,1.6751751494488902
2006-05-31,0.004516287110215958,1.6827578312792422
2006-06-01,0.009666771562552624,1.6991035446808151
2006-06-02,0.0011907296043214693,1.701127922576433
2006-06-05,-0.014902084589262798,1.6759655221408436
2006-06-06,0.0007288791287521876,1.6771875437293542
2006-06-07,-0.005044251820873859,1.6687486891552383
2006-06-08,0.004089470299957875,1.6755869602808326
2006-06-09,-0.004613684385682438,1.667874136833199
2006-06-12,-0.008114027896954836,1.6543957156497273
2006-06-13,-0.009582102703226356,1.6386188345529982
2006-06-14,0.005412442639096196,1.6475118096515444
2006-06-15,0.013822786449541963,1.6704431358602696
2006-06-16,-0.0039045122293686944,1.6639335867847793
2006-06-19,-0.006846756212447291,1.6525799513025061
2006-06-20,0.00033015282544476084,1.653125645318956
2006-06-21,0.007214326771543837,1.6650949572691607
2006-06-22,-0.004540589731835731,1.657551582847986
2006-06-23,-0.004635766953927792,1.6498853431752234
2006-06-26,0.005139036862233078,1.658385988629146
2006-06-27,-0.006970255846469501,1.6468668064573793
2006-06-28,0.006398196392102828,1.657437564548707
2006-06-29,0.017772344734711915,1.6871574299054701
2006-06-30,-0.008283923930800617,1.6732388758132908
2006-07-03,0.010580716591078268,1.6905197803304606
2006-07-05,-0.005110714108763952,1.6819020571551606
2006-07-06,0.004245273316873125,1.6890573684597854
2006-07-07,-0.004854046369347688,1.6808784721029735
2006-07-10,0.002847373455074118,1.6856713812085018
2006-07-11,0.0008883211856629696,1.6871694640993666
2006-07-12,-0.01310141719458849,1.665209321681357
2006-07-13,-0.008001357144379781,1.6519385500714392
2006-07-14,-0.005255479196791061,1.6432795947968812
2006-07-17,-0.0010829349232223285,1.6415009931637896
2006-07-18,0.004441615627542729,1.6488081253510198
2006-07-19,0.0186903529066745,1.6799147221937325
2006-07-20,-0.007585824165393718,1.6672193976272816
2006-07-21,0.0013699861861907307,1.6695050304565968
2006-07-24,0.01480532948195985,1.6944064847617812
2006-07-25,0.004487454824348146,1.7020271432082326
2006-07-26,0.0023078241526901322,1.7059596585894532
2006-07-27,-0.0031660535514228,1.70056704011781
2006-07-28,0.012383441326199462,1.7217568428330405
2006-07-31,-0.00163515742551245,1.7189437998573889
2006-08-01,-0.0037898592463105653,1.7124415738469336
2006-08-02,0.00400608013717246,1.7193155116016097
2006-08-03,0.0009594130933639571,1.7209658369603527
2006-08-04,0.0002480613792289819,1.7213927950731949
2006-08-07,-0.0013057432427490089,1.7191465648820035
2006-08-08,-0.0013330696720273761,1.7168563495820255
2006-08-09,0.000477731994814583,1.7176767427391482
2006-08-10,0.0043697878091389876,1.725199049101035
2006-08-11,-0.001638837962647441,1.7223740429022276
2006-08-14,0.0037267210795360116,1.7288048259793838
2006-08-15,0.009642909462587284,1.7455561704410367
2006-08-16,0.005786299661324378,1.755685759675656
2006-08-17,0.001262935251280252,1.7579044778655228
2006-08-18,0.005628341911973754,1.7678264612805308
2006-08-21,-0.001941950062712417,1.7643967618035712
2006-08-22,-0.000411001681286055,1.763671740770652
2006-08-23,-0.0015905329431863634,1.7608687924477193
2006-08-24,0.004391150044862876,1.7686180331120567
2006-08-25,0.000595233081534449,1.769671086448963
2006-08-28,0.0065031557080951095,1.7812170349358454
2006-08-29,0.0034506120555335,1.7873739403470887
2006-08-30,-0.0008306712668990857,1.7858898366581217
2006-08-31,-0.002257137490211858,1.7818633835929492
2006-09-01,0.006062139362444686,1.7926980953345282
2006-09-05,0.000527781912674583,1.7936444986894498
2006-09-06,-0.007485098343667297,1.780269014080654
2006-09-07,-0.004291268503443536,1.7726457701247047
2006-09-08,0.0030379710928373736,1.7780392051338876
2006-09-11,0.0025596354298454893,1.7825961668713608
2006-09-12,0.009417463112834312,1.7994629972365528
2006-09-13,0.0022383886343546114,1.8034954061229596
2006-09-14,0.0011101565892226812,1.8054986801999138
2006-09-15,0.0013547162765723303,1.8079462761740324
2006-09-18,0.0008357676287277301,1.8094579307541276
2006-09-19,-0.000928551799359362,1.807778535160227
2006-09-20,0.005987420965224807,1.8186349347466144
2006-09-21,-0.004749269699526634,1.8100182246927286
2006-09-22,-0.0033515755799810813,1.8039619664842774
2006-09-25,0.009674868277027881,1.8214997620185251
2006-09-26,0.00800401315598204,1.8361375725447688
2006-09-27,0.0024555093655750926,1.8406517656041008
2006-09-28,0.0016476169816425656,1.8436869544381125
2006-09-29,-0.003782638337779029,1.8367261269277229
2006-10-02,-0.0032803381127809086,1.8303876521424571
2006-10-03,0.005672420763109024,1.8407998844273494
2006-10-04,0.011124424060116446,1.861392048573594
2006-10-05,-0.001177675842831029,1.8592012224186787
2006-10-06,-0.0029590362387655325,1.8537079100897491
2006-10-09,-0.0009064176165688347,1.8520284378506697
2006-10-10,0.0011074100417743705,1.8540805287837339
2006-10-11,-0.0021448893920709587,1.8501079929734474
2006-10-12,0.005640736391851004,1.8605734531602618
2006-10-13,-0.0005969964276474205,1.8594630289479734
2006-10-16,-0.00029916057431782976,1.8589068341202408
2006-10-17,-0.002705265189233901,1.8538847942095404
2006-10-18,0.005268156817277551,1.8636771211359475
2006-10-19,-0.0008857595427794152,1.8620270822179814
2006-10-20,0.006624565952525396,1.8744031512120123
2006-10-23,0.006279073674374982,1.8862096949819107
2006-10-24,-0.000588920323221796,1.8850991947888402
2006-10-25,0.004108057445591368,1.892859218970965
2006-10-26,0.003953206713173966,1.9003568929055898
2006-10-27,-0.008154014604683887,1.884924359106092
2006-10-30,-0.00032821472908660214,1.8843058006837645
2006-10-31,-3.0667292540462753e-06,1.8843000220369028
2006-11-01,-0.004484316958326408,1.8758691409930406
2006-11-02,-0.0005615556435180547,1.874816031807792
2006-11-03,-0.0008129495363832847,1.8732925203368076
2006-11-06,0.010414767050344168,1.8929043747305292
2006-11-07,0.002252885907692677,1.8971736796436705
2006-11-08,0.00130278108751245,1.899646892310778
2006-11-09,-0.0027811333281519946,1.8943710608228266
2006-11-10,0.00019383273221135812,1.8947382875304963
2006-11-13,0.0002545431269043927,1.8952206415262125
2006-11-14,0.009496469488281678,1.9133042759606216
2006-11-15,0.0001236048999991158,1.913540784360817
2006-11-16,0.0025807340605737508,1.9184855019955283
2006-11-17,0.0018434568756024818,1.9220254091155033
2006-11-20,0.0005693628420615157,1.9231200505594623
2006-11-21,-0.003485435193765776,1.916428807973516
2006-11-22,0.0006994296174212399,1.9177696839110006
2006-11-24,-0.0051805145752437075,1.9078603400237744
2006-11-27,-0.011780663284164565,1.8855163516814124
2006-11-28,0.0037125117389771194,1.8925293631599065
2006-11-29,0.00788697937912696,1.907514720142728
2006-11-30,-0.0008971563360418357,1.9058041486652137
2006-12-01,-0.002429745582327848,1.9011791505139948
2006-12-04,0.0029514538386538713,1.9067986818300369
2006-12-05,0.003527621131762638,1.9135370233242808
2006-12-06,-0.0011445911995752345,1.9113480586611453
2006-12-07,-0.003916176796756988,1.9038775192674278
2006-12-08,0.002020025960978046,1.9077272882904723
2006-12-11,0.0028944272567295723,1.9132570650598382
2006-12-12,0.0004862870417751339,1.9141876834336504
2006-12-13,0.003234758392397487,1.92038964362071
2006-12-14,0.00943112259741823,1.9385867484679902
2006-12-15,0.0036910303137160333,1.9457553525512659
2006-12-18,0.00022551122250233892,1.9461941916992267
2006-12-19,0.002073732827917287,1.9502342660536462
2006-12-20,-0.0034841581408417517,1.9434511650192443
2006-12-21,-0.0031407187259842647,1.9373569067373233
2006-12-22,-0.006414570035283136,1.9249693680185636
2006-12-26,0.0051144442438349905,1.9348397357296783
2006-12-27,0.007049423440419323,1.9485274288049967
2006-12-28,-0.0005539540446310583,1.9474483330670547
2006-12-29,-0.004738138029237559,1.9382428796364881
2007-01-03,0.0024310118636288684,1.9395901557595838
2007-01-04,0.004077631316952076,1.9475152361177828
2007-01-05,-0.00522106263119912,1.9373736350997448
2007-01-08,0.0017383807909212578,1.9407444572492003
2007-01-09,-0.00038064263741561225,1.9400058677386907
2007-01-10,-0.0003039067190091521,1.9394163765002788
2007-01-11,0.0064682110617891924,1.95200158898743
2007-01-12,0.006019305211365618,1.9637867158792346
2007-01-16,0.0005755337994243543,1.964917266813014
2007-01-17,-0.0048868155407721485,1.9553385024669592
2007-01-18,-0.001430831626457951,1.9525427429047744
2007-01-19,0.0012466853485347269,1.9549784673102344
2007-01-22,-0.004383756016895359,1.9464270759923954
2007-01-23,-0.0016871209133357636,1.9431459867416205
2007-01-24,0.01184601629007283,1.9663014047047276
2007-01-25,-0.012024672822981287,1.9427988620256667
2007-01-26,-0.0010542538469919432,1.9407517381351695
2007-01-29,-0.0010909649616126283,1.93863560051556
2007-01-30,0.005000597463538977,1.9483542159721792
2007-01-31,0.0062832233877422785,1.960634700862882
2007-02-01,0.0014951840203514676,1.9635684032032459
2007-02-02,0.001674289145734445,1.9668587381850748
2007-02-05,-0.0012569082036095114,1.9643881302906334
2007-02-06,-0.0007847313180656153,1.9628472180840664
2007-02-07,0.00021680707545677834,1.9632728233844408
2007-02-08,-0.0013116826229410343,1.9606993207162584
2007-02-09,-0.00864939371509405,1.943813591266705
2007-02-12,-0.0028806960545758264,1.938222112665383
2007-02-13,0.00521851654664075,1.9483631945188609
2007-02-14,0.006648448614496127,1.9613599433349778
2007-02-15,-0.0013771268749020326,1.9586607608306168
2007-02-16,-0.0011599080727973414,1.9563902114710878
2007-02-20,0.0023777597288414153,1.9610475721778964
2007-02-21,-0.0025013765427254,1.9561483836937295
2007-02-22,-0.0012815409264458825,1.9536431051332068
2007-02-23,-0.005455845371443456,1.943013353947322
2007-02-26,0.00019507978819574909,1.943392433555054
2007-02-27,-0.03681185068569049,1.8731533091927595
2007-02-28,0.005423085440041472,1.883339174074854
2007-03-01,-0.0035526346841769437,1.8766602289537098
2007-03-02,-0.010433527959352063,1.8571818328785143
2007-03-05,-0.00497803337946034,1.8479596928275583
2007-03-06,0.015050067665542068,1.8759819507580895
2007-03-07,-0.005408311683987252,1.8658634423422138
2007-03-08,0.004715403378090887,1.874682517528727
2007-03-09,-0.00119457190855228,1.87244441151127
2007-03-12,0.0030837219682301434,1.87822742149208
2007-03-13,-0.020040768355576947,1.8409609722334719
2007-03-14,0.005786284978176217,1.8516441752740578
2007-03-15,0.0026629553064296332,1.8565815920986521
2007-03-16,-0.003617800400391999,1.8498769857479245
2007-03-19,0.010963314948068991,1.8702693494574338
2007-03-20,0.00585283153368723,1.8812478171037272
2007-03-21,0.017321095361782324,1.9141169327063243
2007-03-22,0.000496780629575066,1.9150680651537615
2007-03-23,-0.0007853377940617395,1.9135646802337622
2007-03-26,0.0013332781717238205,1.9161176958138788
2007-03-27,-0.0050672822111972994,1.9064327456109058
2007-03-28,-0.007684878584664468,1.8918381919437675
2007-03-29,0.005367021647474964,1.9020190244094042
2007-03-30,-0.0013884070083047858,1.8993800802541836
2007-04-02,0.00020379136915640817,1.8994442474077302
2007-04-03,0.009881133790071293,1.9183059441515968
2007-04-04,0.0018081136565284972,1.9217775969522213
2007-04-05,0.002861979490558575,1.9272855631035817
2007-04-09,0.0017859186636499096,1.9307306137353544
2007-04-10,0.0030247838163599237,1.9365794977950148
2007-04-11,-0.007145252123135028,1.9227914671661854
2007-04-12,0.0038018084205495135,1.9301154653544113
2007-04-13,0.0029284732002862893,1.9357760411450071
2007-04-16,0.011459809830931747,1.9580872634621558
2007-04-17,0.0036789201630707175,1.9653041772618582
2007-04-18,0.0025079740972121177,1.9702392952187782
2007-04-19,0.000707503490601515,1.9716337396264416
2007-04-20,0.010588934189406252,1.9926221659624
2007-04-23,-0.008101436860790075,1.9765442782305471
2007-04-24,-0.001789583530910663,1.9730102503043732
2007-04-25,0.010153689683908606,1.99314563536303
2007-04-26,-0.000324893672032571,1.9924981801414086
2007-04-27,0.0015677453728970053,1.9956243598304018
2007-04-30,-0.0021388335940292834,1.9913606127566867
2007-05-01,0.004706857997014073,2.000755757843273
2007-05-02,0.0032912234318231495,2.0073515402177176
2007-05-03,0.006082189451770833,2.0195978369778373
2007-05-04,0.000986793116182603,2.0215917458467985
2007-05-07,0.0024936138280229544,2.026639105446286
2007-05-08,-0.0010093923448422934,2.0245944635440347
2007-05-09,0.0015265357384927178,2.0276874395171367
2007-05-10,-0.012680244970470803,2.0021381937428577
2007-05-11,0.008129396518252908,2.018480706384493
2007-05-14,-0.0011433129871321515,2.0161742699192313
2007-05-15,-0.0005800573379198048,2.0150051123614316
2007-05-16,0.012112545416597401,2.039560366399063
2007-05-17,-0.0025309481889618708,2.0344048716805028
2007-05-18,0.006640811578496814,2.047959929585221
2007-05-21,-0.0021787384707135527,2.043502817703838
2007-05-22,-0.0010551314852567301,2.0413477906590445
2007-05-23,-0.0029716600557270346,2.035290603377908
2007-05-24,-0.007079543781664706,2.0209325586147884
2007-05-25,0.0068396962131067746,2.0348025024126337
2007-05-29,0.002530241423839444,2.0399575630172357
2007-05-30,0.008201351542422118,2.0567567660455355
2007-05-31,-0.0014359772166142142,2.053805429722382
2007-06-01,0.002578635392574835,2.059108279212235
2007-06-04,0.002229814498789659,2.063704831532772
2007-06-05,-0.0036305268978529394,2.0562260797520273
2007-06-06,-0.00904733180355302,2.0377066223080122
2007-06-07,-0.014945531888551949,2.007478463626723
2007-06-08,0.010819959711374868,2.0293172339745023
2007-06-11,0.0005157537798376174,2.0303641319560035
2007-06-12,-0.010328809299551362,2.009500820095156
2007-06-13,0.012557503594870817,2.0348942391512304
2007-06-14,0.0048103780302801505,2.0447064309481573
2007-06-15,0.006980124754255995,2.059028664258863
2007-06-18,-0.00140028173675238,2.0561474617432687
2007-06-19,0.0035338589729024834,2.0634264507858355
2007-06-20,-0.012334297742189311,2.0381318508181776
2007-06-21,0.005431293676231657,2.0492316593246818
2007-06-22,-0.016186110623242725,2.016329565789357
2007-06-25,0.0005019419625851679,2.0173419002541473
2007-06-26,0.00012165510746024905,2.0175873351287072
2007-06-27,0.006721928733170363,2.0311950973743143
2007-06-28,0.0023002104461719275,2.035872651172163
2007-06-29,-0.0023294097126560906,2.031135788833272
2007-07-02,0.007755209796369388,2.046448644969263
2007-07-03,0.0066127553391237435,2.060026152061782
2007-07-05,-0.001149280455294519,2.0576599642349804
2007-07-06,0.002110721250589174,2.062007697660496
2007-07-09,0.0026491429964379874,2.0674774928472606
2007-07-10,-0.013135973580785425,2.0404967601859494
2007-07-11,0.005629663364460279,2.0520164656493853
2007-07-12,0.02052072474403004,2.0945603534912016
2007-07-13,0.0023320554793960354,2.099450684485751
2007-07-16,0.002652148669240135,2.105026130011871
2007-07-17,-0.0008224138570396656,2.1032956390405326
2007-07-18,-0.006367624713331519,2.0899451921772476
2007-07-19,0.006242159630986178,2.103031765433792
2007-07-20,-0.014231429384061132,2.07331457795812
2007-07-23,0.0067976336134469946,2.087456221224804
2007-07-24,-0.013661217433623054,2.059132933692065
2007-07-25,0.006076954965022503,2.0716842901850563
2007-07-26,-0.02097799660091568,2.028677182852406
2007-07-27,-0.013193892673965098,2.0020868346653495
2007-07-30,0.0065860607034767225,2.0153162170297594
2007-07-31,-0.011490080102091212,1.9922925971845322
2007-08-01,0.011450569047976297,2.0152365913347077
2007-08-02,0.0039086803947105935,2.0231289213396346
2007-08-03,-0.021262827705546446,1.9805655916214473
2007-08-06,0.02503923068312023,2.030783515741758
2007-08-07,0.005712368899358609,2.042417296928031
2007-08-08,0.017860331907469693,2.0792232526437684
2007-08-09,-0.02792002846299133,2.0219741967722165
2007-08-10,3.505730624321126e-05,2.022045082983381
2007-08-13,-0.004860131216821059,2.0122415211495914
2007-08-14,-0.012987622820903296,1.9862762657007855
2007-08-15,-0.008277369544587831,1.9699029803828747
2007-08-16,0.006461420272632305,1.9826725618242185
2007-08-17,0.024676237174080795,2.032206097376517
2007-08-20,-0.001922166469130828,2.0283036107737744
2007-08-21,-0.000629924531927221,2.0270263349070885
2007-08-22,0.006932253556322792,2.0411270136977175
2007-08-23,0.0012510667065431206,2.043682197767966
2007-08-24,0.010139789900961895,2.064510122817498
2007-08-27,-0.006470320168367224,2.051195203679393
2007-08-28,-0.020923467375674486,2.0087229704346083
2007-08-29,0.0189900801057879,2.0472332801849054
2007-08-30,-0.003218923035517915,2.040653988617755
2007-08-31,0.009273849103518738,2.0596667301642
2007-09-04,0.009396851274220772,2.0791123327313104
2007-09-05,-0.010036141049829478,2.0583504270768276
2007-09-06,0.0018391252229544713,2.062139474463253
2007-09-07,-0.01398139684007704,2.033508501027698
2007-09-10,-0.00020712432853951235,2.0330873555610847
2007-09-11,0.015079830241969135,2.0639782974454297
2007-09-12,-0.0005190142963424225,2.0629073411465706
2007-09-13,0.0074597078703495644,2.0783535678161917
2007-09-14,-0.00011579313222442465,2.0781129226795003
2007-09-17,-0.004288105052198658,2.0692208348855394
2007-09-18,0.025080936907715918,2.1217751326809773
2007-09-19,0.005363960351189925,2.1331868289484803
2007-09-20,-0.0032658367220823165,2.1262315526477162
2007-09-21,0.004434525651050937,2.135681318135921
2007-09-24,-0.004085273041944261,2.1269742742562237
2007-09-25,-0.00040024975258663254,2.1261231236769618
2007-09-26,0.005127379954933909,2.137052560506096
2007-09-27,0.0026775588594246556,2.142782311972734
2007-09-28,-0.002696096737676983,2.1370129444531103
2007-10-01,0.013829907542142068,2.1661012907445913
2007-10-02,0.00044707800947887055,2.167069923509057
2007-10-03,-0.0045666534519924135,2.1571962281936505
2007-10-04,0.000988077249173639,2.159328758087369
2007-10-05,0.00721464926301294,2.174963890901377
2007-10-08,-0.0018245266631821081,2.170999229206285
2007-10-09,0.0065495620833795455,2.1852649896866976
2007-10-10,-0.002032514012777048,2.1808279187055044
2007-10-11,-0.002341339567003138,2.1757278328568446
2007-10-12,0.0018788982751100924,2.1798196469765907
2007-10-15,-0.007690545474415431,2.1631199420833176
2007-10-16,-0.00834613205901688,2.1451413874450904
2007-10-17,0.005957432792215341,2.1579590654087704
2007-10-18,-0.003914511782710303,2.1495282213056766
2007-10-19,-0.01995000194008556,2.1070700575406454
2007-10-22,0.004272837613773931,2.11609248769986
2007-10-23,0.006649173344130699,2.13020963513133
2007-10-24,-0.002821478454907934,2.1242077655957714
2007-10-25,-0.0015492508135506633,2.120919382909273
2007-10-26,0.016351758062516698,2.155885241061081
2007-10-29,0.004950989989889273,2.1665854738243056
2007-10-30,-0.004079075687047632,2.157765807965499
2007-10-31,0.010705680247582916,2.1809902536841776
2007-11-01,-0.02877662623473051,2.119123144922181
2007-11-02,-0.001431585892975143,2.116091608592501
2007-11-05,-0.003465666722604062,2.1087706336797765
2007-11-06,0.012839196337951463,2.1360201102399117
2007-11-07,-0.028581212454486873,2.0758342550437647
2007-11-08,-0.009686611739362095,2.055823529113942
2007-11-09,-0.014319297013353442,2.0265953443390607
2007-11-12,-0.002362840025947513,2.0218124765440244
2007-11-13,0.03425513404942267,2.092269807101003
2007-11-14,-0.006306227282187918,2.0791169940649117
2007-11-15,-0.015424178415801567,2.047294372393265
2007-11-16,0.005441719744440311,2.0584655422229123
2007-11-19,-0.019171370523792877,2.019377816428839
2007-11-20,0.007465629740535495,2.0345101594634953
2007-11-21,-0.017059968505227875,2.000095868246101
2007-11-23,0.01611052441160423,2.0325794225176077
2007-11-26,-0.024708461084517137,1.982972887268092
2007-11-27,0.01503571854015722,2.0130135852670756
2007-11-28,0.02695693382152272,2.0680162805528592
2007-11-29,0.0013474487368123039,2.0708047046851923
2007-11-30,0.007928779781257549,2.0872889226684004
2007-12-03,-0.008147485747856311,2.070351856862682
2007-12-04,-0.004738714153560201,2.06056425984335
2007-12-05,0.020365135845661183,2.1029581443333165
2007-12-06,0.014556195001380215,2.1337930884440035
2007-12-07,-0.0032909175077936166,2.1267824933833883
2007-12-10,0.007004513131473237,2.141731864697965
2007-12-11,-0.01861100738299545,2.102240702181836
2007-12-12,0.005474881424155059,2.1137817849531526
2007-12-13,0.0002306207582381447,2.1142693231271994
2007-12-14,-0.013847671993283427,2.085193396608759
2007-12-17,-0.014371868451160088,2.0554395924343143
2007-12-18,0.006621849657919963,2.069095568406344
2007-12-19,0.0005357902507910329,2.070204466681766
2007-12-20,0.0031821132820865974,2.076802584222936
2007-12-21,0.014134147155073912,2.106364844079685
2007-12-24,0.008894550879698425,2.125183581397721
2007-12-26,0.0011041817296586545,2.1275314662877216
2007-12-27,-0.015807011993502634,2.094165950167586
2007-12-28,0.0016064931512872836,2.0975329172048043
2007-12-31,-0.00955714464145257,2.077581980576423
2008-01-02,-0.015162263778632923,2.0443486642968125
2008-01-03,0.0010865268588232206,2.0465711111848477
2008-01-04,-0.024068130527765182,1.9979020070979605
2008-01-07,0.005299937169768768,2.0085188717129245
2008-01-08,-0.020407992379793113,1.9679444632076324
2008-01-09,0.017425499040370867,2.0025374018368662
2008-01-10,0.007407247118310547,2.01742576405135
2008-01-11,-0.015568717424919498,1.9862602653280732
2008-01-14,0.01497627777640706,2.016230915013715
2008-01-15,-0.024540119359879965,1.9673545366082517
2008-01-16,-0.012471031443524239,1.9429719503326695
2008-01-17,-0.02441697253930205,1.896104961012764
2008-01-18,-0.009807919583659667,1.8775990167878411
2008-01-22,-0.012361587725401675,1.854531779407012
2008-01-23,0.020872459794084256,1.8936472170348682
2008-01-24,0.00842803387646328,1.909674383812679
2008-01-25,-0.021729107206747263,1.868626446973528
2008-01-28,0.014944153397141944,1.8967611885825597
2008-01-29,0.008507284722792212,1.9129663091166276
2008-01-30,-0.003481988563836501,1.9063169654926944
2008-01-31,0.016469969890526452,1.937973927519715
2008-02-01,0.003848503881759079,1.9454465977796438
2008-02-04,-0.01505675874031107,1.9163738972775997
2008-02-05,-0.031541189544802534,1.856872490338182
2008-02-06,-0.008747742239946385,1.8406998884278818
2008-02-07,0.006663796717831993,1.853006898467206
2008-02-08,-0.006058523014683348,1.8418143529097335
2008-02-11,0.0005903912639815582,1.842902065069851
2008-02-12,0.010326863069581539,1.8620320688028102
2008-02-13,0.013694201329291273,1.887706505055665
2008-02-14,-0.015241455407536755,1.8591532597893456
2008-02-15,-0.0015587036953740904,1.8562576480196826
2008-02-19,-0.007927667785038825,1.8416000311877698
2008-02-20,0.00457512748598139,1.8500448895299033
2008-02-21,-0.006867317635684747,1.8373835680503785
2008-02-22,0.006152048978063693,1.8487220835424587
2008-02-25,0.008485484811824939,1.8644761325467056
2008-02-26,0.0077004530995523025,1.8788888646251016
2008-02-27,0.00616299173978412,1.8905041970116432
2008-02-28,-0.008045641760826483,1.8753549021156815
2008-02-29,-0.02626311705467686,1.8267433760255374
2008-03-03,-0.0027545254159357163,1.8217184887349163
2008-03-04,-0.004277533244094829,1.8139426698562118
2008-03-05,0.00227289793507268,1.818070265429644
2008-03-06,-0.01991884914289751,1.7822146845335936
2008-03-07,-0.00409690106289265,1.77492806377231
2008-03-10,-0.014099470516746662,1.7500781150963962
2008-03-11,0.04119588360111627,1.8236797630561516
2008-03-12,-0.006099459941930816,1.8125901560821487
2008-03-13,0.000265889434504047,1.8130721687319327
2008-03-14,-0.021614785756779484,1.7743034998575165
2008-03-17,0.0051172910041079895,1.7834063984218225
2008-03-18,0.04104491371587295,1.8581291648503016
2008-03-19,-0.019206279853587447,1.8227819469558282
2008-03-20,0.03248072735437949,1.8829592410604579
2008-03-24,0.015001253648018789,1.9114189219844124
2008-03-25,-0.00415592243673298,1.903491697076182
2008-03-26,-0.011817602056151994,1.8811293843905974
2008-03-27,-0.013391483279820055,1.8561061944605382
2008-03-28,-0.006879268969029484,1.8433813596771225
2008-03-31,0.009016796483799685,1.8600779158411582
2008-04-01,0.041163678956873825,1.9371676824784163
2008-04-02,-0.004125838365641888,1.9291917068407884
2008-04-03,0.0005262608992178173,1.9302072321953996
2008-04-04,-0.0015211620463409213,1.9272733062663387
2008-04-07,0.003762738128192912,1.934538791506262
2008-04-08,-0.009636852244937157,1.9159854684124402
2008-04-09,-0.00614334735312564,1.9042509855641407
2008-04-10,0.00572992453087253,1.915193520008745
2008-04-11,-0.025718969390600973,1.8665647380595758
2008-04-14,-0.006461173254118369,1.8545434176348508
2008-04-15,0.0051082461602440345,1.864041119573835
2008-04-16,0.02324097190876466,1.907870593830559
2008-04-17,0.0007094953650250333,1.9092246994829885
2008-04-18,0.024663144245290355,1.9568976495851598
2008-04-21,-0.0008835827766425679,1.9551693321945176
2008-04-22,-0.004094459044821329,1.9471803379041401
2008-04-23,0.0036593506081792674,1.9543188065718715
2008-04-24,0.012405986929026884,1.978715077149634
2008-04-25,0.0010705278271046625,1.980834480939593
2008-04-28,-0.0018251135237164033,1.9772225302528381
2008-04-29,0.00156736804793401,1.980323995604326
2008-04-30,-0.0014305805223951142,1.9774930081287692
2008-05-01,0.021314313037194263,2.0200943090630132
2008-05-02,0.0018934886664836194,2.0239229583505645
2008-05-05,-0.006889551915727597,2.0100269596233944
2008-05-06,0.0030715167180306317,2.016210282261766
2008-05-07,-0.01985265259174397,1.9765778659502429
2008-05-08,0.0009512147706317705,1.9784589105084904
2008-05-09,-0.011070451620718482,1.9566772656325229
2008-05-12,0.00790165656916793,1.972199502331699
2008-05-13,-0.002676590908770009,1.966927789330297
2008-05-14,0.0033175092618540625,1.9734639263416807
2008-05-15,0.011383499149429379,1.9960572025621084
2008-05-16,-0.0028023422607073582,1.9904713974329664
2008-05-19,-0.0013998340635594574,1.9876870170582206
2008-05-20,-0.015424709575588896,1.957262767909791
2008-05-21,-0.020018831107821426,1.9184702411577643
2008-05-22,0.005967761628593971,1.9299534446788331
2008-05-23,-0.01133245722115251,1.908205789756695
2008-05-27,0.00865180328428111,1.9247868354189994
2008-05-28,0.00023500650097426447,1.9252392259935935
2008-05-29,0.008797068806402037,1.9422504024728962
2008-05-30,0.0005672852729489505,1.94335252510201
2008-06-02,-0.011249508307464904,1.9216132719417152
2008-06-03,-0.006474934848356744,1.9092111460105188
2008-06-04,-0.0009028514358330178,1.9074881898897762
2008-06-05,0.020195463001379095,1.9464024198901502
2008-06-06,-0.031833899556916914,1.8854166975800755
2008-06-09,-0.005090020962127827,1.875844269663537
2008-06-10,0.003757896441496978,1.8829067599115477
2008-06-11,-0.02048222688936176,1.8447329136868147
2008-06-12,0.004717118145946007,1.853455292861317
2008-06-13,0.013566928567556629,1.8787723373665504
2008-06-16,-0.0010103781844575752,1.8768750254460078
2008-06-17,-0.00788956038908398,1.862125566470429
2008-06-18,-0.01294016555714049,1.8381845875388625
2008-06-19,0.002661076418700731,1.8430826513686593
2008-06-20,-0.02244237528911173,1.8021801897455751
2008-06-23,-0.004068825074261257,1.7948623314396823
2008-06-24,0.001952205588790186,1.7983696941468563
2008-06-25,0.010029147267029513,1.816496555190682
2008-06-26,-0.03533485669285506,1.7534316656603763
2008-06-27,-0.00872509611612898,1.7381993541681215
2008-06-30,-0.0008770294994118299,1.7366755703580057
2008-07-01,0.005960307083214954,1.745794047454354
2008-07-02,-0.012199229025827622,1.724626084968182
2008-07-03,0.004916844434965563,1.733126684072742
2008-07-07,-0.006601720113779544,1.72172275098781
2008-07-08,0.024737625859829256,1.764845259429786
2008-07-09,-0.02921007086351217,1.7140396346370546
2008-07-10,0.005788879245228407,1.7239907782985235
2008-07-11,-0.013847259837485807,1.7002827544438157
2008-07-14,-0.012581055502045932,1.6790254030885639
2008-07-15,-0.012799987819927167,1.65767085889185
2008-07-16,0.03770518916814967,1.721366942530941
2008-07-17,0.024868770980791224,1.7647119575327403
2008-07-18,-0.0016595420309892396,1.7617857726016461
2008-07-21,0.00022404995239893148,1.7621805448428343
2008-07-22,0.022862624658871226,1.8029326926718314
2008-07-23,0.01742363416627591,1.834621598606992
2008-07-24,-0.03419481815547622,1.7729475229923317
2008-07-25,0.002658132030987408,1.777666520673331
2008-07-28,-0.03270499570671616,1.720468375542467
2008-07-29,0.03106071444340195,1.7747459387080906
2008-07-30,0.015588575955446264,1.802628460351118
2008-07-31,-0.012529234562247488,1.780183806326198
2008-08-01,-0.00031696197612483275,1.7796196451626214
2008-08-04,-0.003060665218666122,1.774181152160904
2008-08-05,0.03443437337428053,1.8363379926877765
2008-08-06,0.0034149019678245845,1.842619626389775
2008-08-07,-0.02708016251900467,1.7933907587167377
2008-08-08,0.026132251597968472,1.8408738146903152
2008-08-11,0.008379152714195568,1.8563635824477407
2008-08-12,-0.017421145071671872,1.8243036741632697
2008-08-13,-0.012143784660177973,1.8022836967308111
2008-08-14,0.009184469720661273,1.8189129653827314
2008-08-15,0.006183369649891474,1.8301948206033511
2008-08-18,-0.018207703262813336,1.7971727170151597
2008-08-19,-0.014862947272344409,1.7706589580716792
2008-08-20,0.0069254581375920886,1.7829641429012602
2008-08-21,-0.0028468928130881647,1.7778954535279068
2008-08-22,0.018096530341413036,1.8103620731085521
2008-08-25,-0.023178147939129576,1.7688837850232175
2008-08-26,0.0019112675975301674,1.7722678281611848
2008-08-27,0.007958402664143539,1.7864285226806225
2008-08-28,0.019597629925153286,1.821783594005023
2008-08-29,-0.015806900555787016,1.7932132411390946
2008-09-02,0.002459069594051049,1.7976283035440557
2008-09-03,0.004010666195296241,1.804852467784788
2008-09-04,-0.0343247116020558,1.7439525918463903
2008-09-05,0.008379554901586164,1.7586275372217093
2008-09-08,0.027701298124015433,1.8080248287087628
2008-09-09,-0.03385485289020083,1.7478389544690665
2008-09-10,-0.0005518109795707406,1.7468747437989527
2008-09-11,0.012907778852704187,1.769569168891694
2008-09-12,-0.012136654568191628,1.748222320843814
2008-09-15,-0.07252533200490836,1.6259205098157419
2008-09-16,0.015948315323731796,1.6520590818684395
2008-09-17,-0.056040242918908155,1.562023655053623
2008-09-18,0.05244335551181213,1.6461274853984618
2008-09-19,0.05588808259898789,1.740745785046234
2008-09-22,-0.038682383628264726,1.6746953194000513
2008-09-23,-0.01247118429714182,1.6539395787752849
2008-09-24,-0.003454881396998125,1.6482352732163734
2008-09-25,0.027051543645195283,1.693431134445671
2008-09-26,0.017093180104889867,1.7226260640805315
2008-09-29,-0.09310742929621804,1.569477056158296
2008-09-30,0.06758989890547078,1.6792250001269435
2008-10-01,0.017154225553859082,1.706679179258803
2008-10-02,-0.025589049012241266,1.6635609126043067
2008-10-03,-0.023333387522427092,1.625193759710872
2008-10-06,-0.029630764317406362,1.5777444772836993
2008-10-07,-0.07258189751149871,1.4672859233173916
2008-10-08,-0.020013436845950004,1.4382123902292194
2008-10-09,-0.0827035480493707,1.324052883177991
2008-10-10,0.0026076334108848568,1.3275100332449747
2008-10-13,0.102040122830102,1.4701216536265065
2008-10-14,0.0022032639074269565,1.4733642904861004
2008-10-15,-0.08120471945150415,1.3584491244581067
2008-10-16,0.04334988387009297,1.4186327891554837
2008-10-17,-0.01991080635301997,1.390666010881347
2008-10-20,0.04318992887653893,1.4520447068715023
2008-10-21,-0.03382605560549839,1.4037491901894905
2008-10-22,-0.04947678533346652,1.3359863591510481
2008-10-23,0.016416084642028657,1.3580990294480224
2008-10-24,-0.04326186388218035,1.3005979049340557
2008-10-27,-0.0244657424061969,1.2691639076036643
2008-10-28,0.1114630460707574,1.4188141105371836
2008-10-29,-0.025037196086480015,1.3837319949603857
2008-10-30,0.020840548393376273,1.4128723240859424
2008-10-31,0.011156043349885835,1.4287226379855165
2008-11-03,0.003835745511410624,1.4342133782402857
2008-11-04,0.04192527439882552,1.4956214481296173
2008-11-05,-0.06353258945212996,1.4035562794650978
2008-11-06,-0.046169735465959316,1.3402276397153698
2008-11-07,0.0299634838082551,1.3809932183406224
2008-11-10,-0.00668294997831839,1.3717948799941009
2008-11-11,-0.01614624482039174,1.3498233997980822
2008-11-12,-0.051994443619488205,1.281433438680335
2008-11-13,0.05989844359404928,1.360534679127575
2008-11-14,-0.0381537557747876,1.3096029676275711
2008-11-17,-0.028844460701468653,1.2723677724684885
2008-11-18,0.010060778870746927,1.2852333938348075
2008-11-19,-0.06766445828859347,1.2011457260640492
2008-11-20,-0.06476274081275163,1.1258216585163077
2008-11-21,0.05558330860884013,1.190170341272123
2008-11-24,0.06176856520204129,1.2660033957780408
2008-11-25,0.005912949114009374,1.2735113847386574
2008-11-26,0.036212804225849146,1.3204739951112316
2008-11-28,0.011196094461634741,1.3353412188117433
2008-12-01,-0.08961353322575576,1.2208817219093353
2008-12-02,0.04593582388777589,1.2782719726583534
2008-12-03,0.03116078044221557,1.3187310189339925
2008-12-04,-0.03199022144655091,1.277212161055898
2008-12-05,0.032278727483398995,1.3191115356819838
2008-12-08,0.042731145006444475,1.3767003371122668
2008-12-09,-0.022353776492651002,1.3462672993905678
2008-12-10,-0.004974497263581556,1.3395869259193043
2008-12-11,-0.02423753257172969,1.3075089598988647
2008-12-12,0.0132008907770351,1.3248836713886856
2008-12-15,-0.015454046248930446,1.3045662553616693
2008-12-16,0.042062880471718564,1.360610498021345
2008-12-17,-0.019893239277488567,1.3338109960723807
2008-12-18,-0.025804692975019996,1.2998326980472081
2008-12-19,-0.004126410983669523,1.2944801052189725
2008-12-22,-0.00967083426034004,1.282021741152374
2008-12-23,-0.01017145243910329,1.2690478116945811
2008-12-24,0.006159451633227479,1.276888572916622
2008-12-26,0.002953580650087946,1.2806655413425945
2008-12-29,-0.003097494640143839,1.276704824009573
2008-12-30,0.01629476379584126,1.2976788468458205
2008-12-31,0.010185511779504185,1.3109639127697674
2009-01-02,0.027812589219611557,1.3448847716834207
2009-01-05,-0.014930324829554323,1.3249543591804789
2009-01-06,0.0029246081625004298,1.3288350034301664
2009-01-07,-0.029353949284373893,1.2903953855283674
2009-01-08,-0.0016320599717837606,1.2882911004986397
2009-01-09,-0.018968560893444685,1.2640843814291858
2009-01-12,-0.015470631109072172,1.2446786944314092
2009-01-13,0.005790626370340229,1.2519070719205405
2009-01-14,-0.03151125282611151,1.2130729804353722
2009-01-15,-0.006963259028427899,1.204655380030195
2009-01-16,0.00488558114527131,1.210555221984501
2009-01-20,-0.047488784573772876,1.1544110851295686
2009-01-21,0.03933535542825749,1.2007251745102037
2009-01-22,-0.014891727398617393,1.1829767826318611
2009-01-23,0.0039419929415926876,1.187649272168848
2009-01-26,0.006591061636663852,1.195502995479834
2009-01-27,0.00856012817360343,1.2057805803167214
2009-01-28,0.028695774203876534,1.240882618986136
2009-01-29,-0.03211535468517137,1.20166435846659
2009-01-30,-0.023802494047801763,1.1733994715914537
2009-02-02,0.005447144263258946,1.1798085876342177
2009-02-03,0.012884792619389303,1.1951085332582256
2009-02-04,-0.009622980222974796,1.1836631849799057
2009-02-05,0.013576319443251375,1.1998425541248001
2009-02-06,0.03318854775528206,1.2403317585435607
2009-02-09,-0.0013693256373390062,1.2386345027808994
2009-02-10,-0.04851772758556508,1.1799733315280436
2009-02-11,0.012053911122242269,1.194282693825311
2009-02-12,0.003517820688213914,1.1984913645274458
2009-02-13,-0.012028826319937819,1.1841612798949555
2009-02-17,-0.041479798766350585,1.1360472861291935
2009-02-18,0.005444033816565505,1.1422488313665726
2009-02-19,-0.011703826146397023,1.128958077676708
2009-02-20,-0.010128158432213019,1.1175815204397777
2009-02-23,-0.03403736208501766,1.0801820931574129
2009-02-24,0.03231109058703471,1.1156539355604742
2009-02-25,-0.005674826801281008,1.1093407228427377
2009-02-26,-0.008447990266246687,1.100008497988781
2009-02-27,-0.017445284828923425,1.0809849544578993
2009-03-02,-0.03862227788759235,1.0400308149795061
2009-03-03,-0.006614171864610719,1.0331745716058922
2009-03-04,0.01190471018939199,1.0455477186922941
2009-03-05,-0.0358552035526285,1.0087235072162255
2009-03-06,0.004983139695153175,1.0137626623458937
2009-03-09,-0.015188681367374746,0.9984812900112171
2009-03-10,0.06023493751936761,1.0604730404166869
2009-03-11,0.005974650576482779,1.0668279615916887
2009-03-12,0.038954176872043576,1.1092053971703077
2009-03-13,0.008150629126890185,1.1182830630777887
2009-03-16,-0.00608194872024996,1.111502363668024
2009-03-17,0.031911915901286135,1.147544562794783
2009-03-18,0.016543306176756565,1.1666866439365287
2009-03-19,-0.010958201200026337,1.1539716509175135
2009-03-20,-0.014193768985835416,1.137708137206984
2009-03-23,0.06403578191939914,1.2129453978234523
2009-03-24,-0.017592049791277084,1.1917937974912856
2009-03-25,0.009283092468560699,1.2029088406831898
2009-03-26,0.01831528054757176,1.2251434485685637
2009-03-27,-0.01982297668992593,1.201096586172349
2009-03-30,-0.03109910520825837,1.1643184054629792
2009-03-31,0.012359740952578049,1.178798379370614
2009-04-01,0.022137169424446098,1.2044517032684485
2009-04-02,0.020691694255954355,1.2296334779999503
2009-04-03,0.008473694871440743,1.240097287850721
2009-04-06,-0.006299967969038331,1.232309272540849
2009-04-07,-0.02234424284422406,1.2050796009857363
2009-04-08,0.005606292942839344,1.2118546038284685
2009-04-09,0.03864563664659692,1.2596042108685475
2009-04-13,1.5243878895278988e-05,1.2596234122689454
2009-04-14,-0.02242871201169358,1.2316861510419599
2009-04-15,0.015217781445606034,1.2505730253758356
2009-04-16,0.01362945350243006,1.2677343362618354
2009-04-17,0.0018693364514814454,1.2701063746455705
2009-04-20,-0.04304428024688703,1.2165954905283216
2009-04-21,0.019772581033130704,1.240890115667928
2009-04-22,-0.011488605694379119,1.2267155970518695
2009-04-23,0.01318236092693322,1.24299366073671
2009-04-24,0.013800435943954607,1.2602664268463368
2009-04-27,-0.00772611156951848,1.2505669855568387
2009-04-28,-0.0016715084491442213,1.24847839830616
2009-04-29,0.015423893350275554,1.267884066741759
2009-04-30,-0.0027280241977720118,1.2644299619106523
2009-05-01,0.00302149750856294,1.2682562114811282
2009-05-04,0.03340147102806874,1.3113332479140951
2009-05-05,-0.008885491047216915,1.2997330212565026
2009-05-06,0.02209287647633627,1.3287674079543421
2009-05-07,-0.015548238110225017,1.3082671999482502
2009-05-08,0.02264512266501713,1.3382310583456078
2009-05-11,-0.016274835945684296,1.3166278386770898
2009-05-12,0.004925861876675452,1.3231293652181193
2009-05-13,-0.018611014573025508,1.2987323164314402
2009-05-14,0.012136529072345864,1.3145904556789907
2009-05-15,-0.00846989508342949,1.3035030333769504
2009-05-18,0.027049821214701696,1.339243768385267
2009-05-19,-0.004937581401623516,1.332647441613813
2009-05-20,-0.005725088842874905,1.3250397148497857
2009-05-21,-0.011926855740775384,1.3093300271342005
2009-05-22,-0.0047846437522915935,1.3030803126516537
2009-05-26,0.022392675245518474,1.3325889222310998
2009-05-27,-0.02261424067466728,1.3027916270855173
2009-05-28,0.017324785929292583,1.3255588624151686
2009-05-29,0.013428027167772884,1.3434785465747923
2009-06-01,0.015199493190202869,1.3640547171449424
2009-06-02,8.144606857358205e-05,1.3641658185632985
2009-06-03,-0.006228770112308703,1.3556951515897981
2009-06-04,0.010761420245603868,1.3703631394760933
2009-06-05,-0.00294619012056863,1.3663317306973994
2009-06-08,0.00180749481822484,1.3688036014944651
2009-06-09,9.605029690683173e-05,1.368935081801056
2009-06-10,-0.005133100682135239,1.3619262042255702
2009-06-11,0.0065925251694958905,1.3709343977515063
2009-06-12,0.003967379069180681,1.3763842177889498
2009-06-15,-0.020842989377619348,1.3479931612235292
2009-06-16,-0.011377992390010264,1.332742630033077
2009-06-17,-0.003991366437748779,1.3274337676848635
2009-06-18,0.008770078705665365,1.3391266651738518
2009-06-19,0.0031955190753826758,1.3434127144056152
2009-06-22,-0.02398569037821753,1.311573403366346
2009-06-23,0.00355426737158008,1.3162433801762183
2009-06-24,0.006481236265396301,1.3248019696665734
2009-06-25,0.01850389512797132,1.3495441739942284
2009-06-26,-0.00255928068530098,1.346094727589343
2009-06-29,0.009717267236609024,1.3592388488244844
2009-06-30,-0.008193336039093566,1.3481476471963423
2009-07-01,0.007830940600284232,1.3580963077583081
2009-07-02,-0.02408878278476341,1.3257723067567828
2009-07-06,0.003355024095326057,1.3302277747127444
2009-07-07,-0.01454324408396607,1.311021943554115
2009-07-08,-0.0026379542018014988,1.3075680852723388
2009-07-09,0.0003429601734792551,1.3080166059576694
2009-07-10,-0.005521451334719274,1.3008143576521867
2009-07-13,0.026279232871405864,1.3354518916285287
2009-07-14,0.0029136152372955864,1.339348558546089
2009-07-15,0.031652591204161265,1.382420483934537
2009-07-16,0.005479521335383049,1.3900162781234877
2009-07-17,0.0014095616502225914,1.3919769732980425
2009-07-20,0.0064386160369030235,1.4009682933281637
2009-07-21,0.00543399529372682,1.4086018700669334
2009-07-22,-0.003685396691885904,1.4034201675743032
2009-07-23,0.019256124683451878,1.4307064724105947
2009-07-24,0.0010283737672134286,1.432178530198479
2009-07-27,0.001493130327087428,1.4343185566673446
2009-07-28,-0.0018266616058393724,1.431700933513045
2009-07-29,-0.0011896735860311032,1.4299986894874943
2009-07-30,0.010995395964339892,1.4458088515173946
2009-07-31,-0.0014109089780727079,1.4437703852115764
2009-08-03,0.010590046010539627,1.4591412253197487
2009-08-04,0.003402936232205401,1.4641150478640406
2009-08-05,-0.004033750403240006,1.4582210686117345
2009-08-06,-0.006389151853620827,1.4489339726938335
2009-08-07,0.008252438072809174,1.460940684758214
2009-08-10,-0.0016027035250309408,1.4586011052998118
2009-08-11,-0.014424973924665616,1.437711848102802
2009-08-12,0.009770620055063694,1.4518280339636336
2009-08-13,0.0035516563899309394,1.4569935959982665
2009-08-14,-0.003525329879307228,1.451866256032918
2009-08-17,-0.020122635119365052,1.4229428645137516
2009-08-18,0.00735472063442542,1.433446791135851
2009-08-19,0.0067308691498541625,1.4431276777618016
2009-08-20,0.010740808933766017,1.4587115784461104
2009-08-21,0.014933207589065233,1.480658280747673
2009-08-24,0.0003906126133251781,1.4812367575209642
2009-08-25,0.000684609745078834,1.4822511738399602
2009-08-26,0.0016225715892459684,1.4846581847284148
2009-08-27,-0.0014424154783085664,1.4825182345024543
2009-08-28,-0.0037864032362834436,1.476915436581446
2009-08-31,-0.002454458310037515,1.473294854316662
2009-09-01,-0.019597697306235947,1.444702752504825
2009-09-02,-0.002178242814011771,1.4415592639993424
2009-09-03,0.005023947264300362,1.4488198047355645
2009-09-04,0.011329894947767871,1.4653281230852273
2009-09-08,0.0094053033706086,1.4791749935550262
2009-09-09,0.0052984878101687265,1.4870331841066975
2009-09-10,0.008125312732025254,1.499165014482443
2009-09-11,-0.0015413898976623527,1.4968559966797113
2009-09-14,0.0047868721113099155,1.5040384318893212
2009-09-15,0.002831429442311495,1.508303045214491
2009-09-16,0.011281278994301727,1.5254149734116114
2009-09-17,-0.003817118317476544,1.5196033827957736
2009-09-18,0.005489181716625377,1.5279676975207008
2009-09-21,-0.0005119516265074277,1.5271856521744787
2009-09-22,0.006562496727878121,1.5372407602402405
2009-09-23,-0.006009700535523389,1.5280301079724898
2009-09-24,-0.004142766493756664,1.5217129303704673
2009-09-25,-0.006285228615673259,1.512178610791824
2009-09-28,0.013412177020655284,1.5325968383686057
2009-09-29,-0.004230313442787164,1.5261271673771561
2009-09-30,-0.0036562564699114076,1.5205574434219185
2009-10-01,-0.021501801793380352,1.4877123707692754
2009-10-02,-0.0011139879373787559,1.486055999893829
2009-10-05,0.011683851420914292,1.503520686120864
2009-10-06,0.01462509872232878,1.5256714080104128
2009-10-07,0.004621814093501608,1.532739097819021
2009-10-08,0.0020198070564949916,1.5358380636675557
2009-10-09,0.005793450433716667,1.544761689696755
2009-10-12,0.006424485745737005,1.5547179367920423
2009-10-13,-0.0009189373914633349,1.553289904583333
2009-10-14,0.0138481921705914,1.5749497906647643
2009-10-15,0.00539953961259007,1.583476794678196
2009-10-16,-0.007232539247706568,1.5720655524844747
2009-10-19,0.006062918137109109,1.5816258094776967
2009-10-20,-0.004100934672888596,1.5751529468210588
2009-10-21,-0.009325664523030476,1.5605318804103119
2009-10-22,0.006392676439268801,1.5705398104419555
2009-10-23,-0.0071635832604394,1.5593293193298758
2009-10-26,-0.00843403332112274,1.5462331881259304
2009-10-27,0.0032658872330314096,1.5512912664151786
2009-10-28,-0.009761135369853562,1.5362225658237847
2009-10-29,0.015611872984188091,1.5603940676626262
2009-10-30,-0.024284054648734354,1.522957765169718
2009-11-02,0.005072201203134037,1.5307021372818799
2009-11-03,-0.006505518872426223,1.5207764465300304
2009-11-04,0.002171688839590405,1.5240826885314824
2009-11-05,0.017191663695786324,1.550510725615537
2009-11-06,0.004657100517933975,1.5577484502430898
2009-11-09,0.01816140579299876,1.586297815561077
2009-11-10,0.0009546403360842226,1.587812882497797
2009-11-11,0.00542055208936243,1.596443074005551
2009-11-12,-0.006628579432696084,1.5858959192247908
2009-11-13,0.003444427003059044,1.591367840359527
2009-11-16,0.0110936220412375,1.609120160411392
2009-11-17,0.004170127295436224,1.6158444070516584
2009-11-18,0.0016351791460362077,1.6184887635383904
2009-11-19,-0.010013648729897975,1.6023626609016717
2009-11-20,-0.00298606641440759,1.597585036278477
2009-11-23,0.01487248358341041,1.621522658218171
2009-11-24,-0.0004205146548182914,1.6208409275261897
2009-11-25,0.0029638392345685363,1.625651965509937
2009-11-27,-0.013708993595286621,1.6035179771267047
2009-11-30,0.0015009938839752087,1.6059266550564109
2009-12-01,0.01482248039435106,1.6299077620958795
2009-12-02,-0.0013757858877080859,1.6276668998253223
2009-12-03,-0.004498713477695618,1.6203609388402112
2009-12-04,0.0049941639066834985,1.6284735278947011
2009-12-07,-0.0018329134880564592,1.6254914106168572
2009-12-08,-0.010473280476387258,1.6085560224990936
2009-12-09,0.0013783008251603023,1.6107746251919561
2009-12-10,0.004266214315322776,1.617661214344329
2009-12-11,0.0009516406536075822,1.619201379245196
2009-12-14,0.0027538728030769098,1.62366659938841
2009-12-15,-0.007128097679073161,1.612134096503528
2009-12-16,-0.0016267999619344734,1.6095136088991921
2009-12-17,-0.009843567657979307,1.5937479751366617
2009-12-18,0.007540113619057057,1.605810434958947
2009-12-21,0.0087927967896468,1.6199922573673633
2009-12-22,0.0025239591632497797,1.6240862159885916
2009-12-23,0.0007412327676205244,1.6252904881771886
2009-12-24,0.0049429334538720745,1.6333440786869367
2009-12-28,0.002419372916082767,1.6373005312507642
2009-12-29,-1.8995905414378092e-05,1.637269429540141
2009-12-30,0.00020787576848224312,1.6376098135585881
2009-12-31,-0.009754271411892489,1.6217137761386238
2010-01-04,0.017421811126443008,1.6474479515183673
2010-01-05,0.0012022164923700155,1.6494297316416853
2010-01-06,-0.0038403427621792707,1.6431075036414613
2010-01-07,0.00032263118179867207,1.6436377068826336
2010-01-08,0.000990050037288448,1.6452657962676118
2010-01-11,0.0023373024436599238,1.6491157775663488
2010-01-12,-0.006898500632869731,1.6377785013956123
2010-01-13,0.008687788903202967,1.6520691625241497
2010-01-14,0.006102379735244111,1.662181539303078
2010-01-15,-0.014510897261075007,1.638235949926695
2010-01-19,0.012589668242014322,1.6589911735877543
2010-01-20,-0.009823103161653314,1.642774511517359
2010-01-21,-0.01958725796542423,1.6109101498690257
2010-01-22,-0.024476670481709432,1.5719590739175886
2010-01-25,0.0037792281376052097,1.5779111058399715
2010-01-26,-0.004916678953361922,1.5701720642970687
2010-01-27,0.007832580367142758,1.5825188536687413
2010-01-28,-0.010078976018074174,1.5666487954101906
2010-01-29,-0.009001432921161415,1.552609990838092
2010-02-01,0.010220481552565922,1.5685597810356762
2010-02-02,0.011578253669967417,1.5868265084154969
2010-02-03,-0.004290432993594367,1.580032919748419
2010-02-04,-0.028470316140688633,1.5356832038575143
2010-02-05,0.006406016853344022,1.545552393690842
2010-02-08,-0.011081455571322979,1.5285199698273713
2010-02-09,0.010781415886972805,1.5450887361997943
2010-02-10,-0.0012883279358992434,1.5430994369275688
2010-02-11,0.006690474796059427,1.5534581184269214
2010-02-12,-0.0020946535392075047,1.5502075674586953
2010-02-16,0.016973377891097378,1.5767443990539456
2010-02-17,0.0029503647809961593,1.5814032394574056
2010-02-18,0.00589299611118319,1.5907499556298528
2010-02-19,-0.0013011495401084765,1.588681498034805
2010-02-22,0.0018616490189908024,1.5916418200724443
2010-02-23,-0.012591955778712598,1.5717255919451392
2010-02-24,0.010186231302163616,1.5878173705184508
2010-02-25,-0.00386011148248009,1.5817000328530406
2010-02-26,0.0011202937349423052,1.583472994423843
2010-03-01,0.007343724045258028,1.5951443864156072
2010-03-02,-0.0013000715832171875,1.5930719319891564
2010-03-03,-0.0005672318967349398,1.5921685470141476
2010-03-04,0.004342719771106438,1.5990979241234724
2010-03-05,0.011151607613583052,1.61703023793692
2010-03-08,0.0007099578113475753,1.6181786688060238
2010-03-09,0.0016451769709854296,1.620843050175366
2010-03-10,0.0035600428303754874,1.6266236042601878
2010-03-11,0.0049634191708153525,1.6347172885992691
2010-03-12,-0.002076142622682037,1.6313269030401736
2010-03-15,0.002673183983636582,1.635693573846366
2010-03-16,0.005664909609986273,1.6449859254074566
2010-03-17,0.0052876415784167945,1.6537070581750533
2010-03-18,0.0003545475713719212,1.6542934799473545
2010-03-19,-0.004291929178824309,1.6472085843013047
2010-03-22,0.004307976001022319,1.6543200263136826
2010-03-23,0.010388106659854462,1.6715948502055744
2010-03-24,-0.004453130108136211,1.664167570444884
2010-03-25,0.00038927588841972805,1.6648155168611243
2010-03-26,-0.0001980669803897521,1.6644858045324342
2010-03-29,0.003394904279203162,1.6701461772882675
2010-03-30,-4.55736988361e-05,1.6700700642837603
2010-03-31,-0.0023615875698765765,1.666130700985674
2010-04-01,0.003888586548851466,1.6721271868809202
2010-04-05,0.0037458980107584654,1.6784025508828977
2010-04-06,0.0012813727112369765,1.6805545885968143
2010-04-07,-0.003721990931099568,1.6743112057735392
2010-04-08,0.002436075381057046,1.6783949261879771
2010-04-09,0.007220652708053617,1.6905578924888804
2010-04-12,0.0013607495822381228,1.6928598842968245
2010-04-13,0.0014474481974807783,1.6953119855015542
2010-04-14,0.009516239864155866,1.71152198780552
2010-04-15,0.0018860778299498065,1.714753097586621
2010-04-16,-0.01527924196084996,1.6887521136050656
2010-04-19,0.0060003091313376965,1.6989156098990932
2010-04-20,0.0030933242718528004,1.7041790433472452
2010-04-21,-0.003862751945844687,1.6976089199792181
2010-04-22,-0.0008395660500638461,1.6961842632940942
2010-04-23,0.005240893666258428,1.705097119922574
2010-04-26,-0.006080844981733598,1.6947601492678053
2010-04-27,-0.01763626353396617,1.6651329372359418
2010-04-28,0.00587417089583801,1.6749429974499352
2010-04-29,0.010079889358575386,1.691911614765426
2010-04-30,-0.012790190968200053,1.670409543037442
2010-05-03,0.012034208640828195,1.6906330428349732
2010-05-04,-0.018873805181934183,1.6590235977269863
2010-05-05,-0.0010550359226938145,1.657274191240403
2010-05-06,-0.03401779167955544,1.6018455088486239
2010-05-07,-0.01177355730667412,1.5830966757587033
2010-05-10,0.03739393069297075,1.6434156361102452
2010-05-11,-0.0051129479763886015,1.6350343821756215
2010-05-12,0.012106992241747935,1.6549500468866618
2010-05-13,-0.011540484317106824,1.6359609045265324
2010-05-14,-0.015153255414015448,1.6113576515647716
2010-05-17,0.0018027796018016018,1.6142651943121347
2010-05-18,-0.012827154184475255,1.593691002036965
2010-05-19,-0.0031516294134576153,1.5886761851720668
2010-05-20,-0.03671115921029131,1.531411596706736
2010-05-21,0.011063177940451422,1.548447939988066
2010-05-24,-0.011444788807096531,1.53082730489327
2010-05-25,-0.003237251216775473,1.5258796450675975
2010-05-26,-0.010166132979356063,1.5104459331919429
2010-05-27,0.029721996604346008,1.5560132230550923
2010-05-28,-0.008741829830749066,1.5424701023197056
2010-06-01,-0.0072182679736266814,1.5313762272304867
2010-06-02,0.020750567267126808,1.5634851395886038
2010-06-03,0.0029949949970112404,1.5681747889923134
2010-06-04,-0.029637698662740845,1.5223796800914455
2010-06-07,-0.011325791499433708,1.5052347981997338
2010-06-08,0.01031477628679854,1.5208413088648602
2010-06-09,-0.009947655370272961,1.505787502826942
2010-06-10,0.023398121761414002,1.5414355241938915
2010-06-11,0.004652533590349465,1.5486238136601482
2010-06-14,-0.002773492490762481,1.5443346678482317
2010-06-15,0.019463106106142335,1.5746866309553298
2010-06-16,0.001353210632582963,1.5768189560644406
2010-06-17,0.0011516932651939346,1.5786360139824083
2010-06-18,0.0009462444851401323,1.5801304965661236
2010-06-21,-0.0059537779608943705,1.5707507007585972
2010-06-22,-0.007418545292174681,1.5591411318428734
2010-06-23,-0.0032494933343334732,1.554082935865598
2010-06-24,-0.014081676443908953,1.5323522044476778
2010-06-25,-0.00546581839462869,1.5239994935767978
2010-06-28,0.002553803290168835,1.5278964624256703
2010-06-29,-0.02550693838653067,1.4894173301261389
2010-06-30,-0.011840871152162338,1.4718853333266744
2010-07-01,-0.005601302450344123,1.4631695751781666
2010-07-02,-0.002577605735828626,1.4594029574019562
2010-07-06,0.009399284203782658,1.4731849696253663
2010-07-07,0.02964321398027484,1.5175086088481071
2010-07-08,0.00798828239164906,1.5296794434582106
2010-07-09,0.005700772658660802,1.5384247018868702
2010-07-12,0.004926246424046263,1.5460220589353797
2010-07-13,0.012288355364299994,1.565137334507043
2010-07-14,0.0029396835108699733,1.5697451123074837
2010-07-15,0.0005559527911149762,1.5706180591201342
2010-07-16,-0.028044485494217744,1.5271827903840418
2010-07-19,0.003134906494290645,1.531977877779863
2010-07-20,0.006613335963526263,1.5421429376037559
2010-07-21,-0.010219848247482564,1.5264627319434296
2010-07-22,0.01908001063180803,1.5558672846396246
2010-07-23,0.005580655229937024,1.5645743164125072
2010-07-26,0.008971083257417153,1.5786733902922188
2010-07-27,0.004887160322456518,1.5864075037799819
2010-07-28,-0.0057065097980392035,1.5773804348412854
2010-07-29,-0.00415271088061906,1.5708436121080493
2010-07-30,-0.0030599202939762607,1.5660443023580533
2010-08-02,0.02232352628273545,1.6013970645308526
2010-08-03,-0.0006283707974498036,1.6003911094698717
2010-08-04,0.003981339274223158,1.6067755102476087
2010-08-05,-0.002097205905543848,1.6034093022081157
2010-08-06,-0.0030566097476071802,1.5985157882966952
2010-08-09,0.006773504596067159,1.6093800955148803
2010-08-10,-0.0062886785594898145,1.5992909782716984
2010-08-11,-0.02348509464099941,1.5621690900160443
2010-08-12,-0.0075584480570780425,1.5504060273439466
2010-08-13,-0.004300838966187422,1.5437522992509443
2010-08-16,0.001491290098929981,1.5460561992346558
2010-08-17,0.00881538477745547,1.5597455292232216
2010-08-18,0.0006629639675602557,1.5607799271540512
2010-08-19,-0.015820364841651044,1.5362821124012311
2010-08-20,-0.004814777082790113,1.5289030350551804
2010-08-23,-0.0006421161180834354,1.527921616899314
2010-08-24,-0.01266595773788665,1.5086910700100187
2010-08-25,0.0031955560715372887,1.5135198881893348
2010-08-26,-0.00953825657696921,1.4991521775457486
2010-08-27,0.012612365989161682,1.5181797727509372
2010-08-30,-0.014194524622790996,1.496782156354057
2010-08-31,0.0011882346877744496,1.4985617419055366
2010-09-01,0.02555927267737868,1.537357574714981
2010-09-02,0.004249827656452828,1.543904982276318
2010-09-03,0.011866650863096028,1.5623350992757583
2010-09-07,-0.007385647775936676,1.550838748780589
2010-09-08,0.0057997710120410405,1.5598593919466301
2010-09-09,0.008171685479786191,1.5726582953749346
2010-09-10,0.004823850834237923,1.580262891377155
2010-09-13,0.01261820199710609,1.6003293025181606
2010-09-14,0.00012543559150857006,1.6005300533612177
2010-09-15,0.0045717846233403105,1.6078640840786242
2010-09-16,0.0018040238077611155,1.6107673271383618
2010-09-17,0.002507684443881074,1.614811692183584
2010-09-20,0.013394697450766054,1.6365871182884464
2010-09-21,-0.0020277441954108053,1.6332719006017078
2010-09-22,-0.0010276314471134725,1.631594361128748
2010-09-23,-0.007735035996980332,1.6190226041906193
2010-09-24,0.014784024716781315,1.643136082316251
2010-09-27,-0.0034892458024245896,1.637412767471067
2010-09-28,0.001524705946473794,1.6399112446919768
2010-09-29,-0.004349255787786121,1.6327943390596782
2010-09-30,-0.004390520501695118,1.625641236451474
2010-10-01,0.005855986120665098,1.6345880201146958
2010-10-04,-0.006358851898908122,1.6242268943239129
2010-10-05,0.019336860218753478,1.6559399702432114
2010-10-06,0.0033289890184166914,1.661461762112104
2010-10-07,-0.0028063503267005685,1.6568056547432217
2010-10-08,0.003630773720790037,1.6628320748384948
2010-10-11,0.0012096054973095424,1.6648446626305582
2010-10-12,0.0041176845784253275,1.6717141012078636
2010-10-13,0.0029410019360912028,1.6766378524480767
2010-10-14,-0.006037401583129701,1.6665458119288132
2010-10-15,0.0027183659545638073,1.6710822563902614
2010-10-18,0.012260986026665071,1.6916974959072766
2010-10-19,-0.015700556744635538,1.665344324462135
2010-10-20,0.010339029834113915,1.6826516856053944
2010-10-21,0.0008657120318053201,1.6841090081347676
2010-10-22,1.47609312792731e-05,1.6841338673355755
2010-10-25,-0.0012040852912425547,1.6821072468742306
2010-10-26,0.0022068021361867397,1.6858234236652276
2010-10-27,-0.0015671835712777222,1.6831834980559255
2010-10-28,0.004315824908474384,1.6904635216759896
2010-10-29,-0.002456826546671311,1.6863154436603316
2010-11-01,0.0025952891051288125,1.6906976037856096
2010-11-02,0.004889621773888266,1.6989847195219467
2010-11-03,0.005981610303515888,1.709177839268626
2010-11-04,0.017606068113307168,1.739536202240735
2010-11-05,0.003344498308827685,1.745363817920519
2010-11-08,-0.0013669340415747484,1.7429796505738606
2010-11-09,-0.005810191062145186,1.732881968923148
2010-11-10,0.0022914758676722503,1.7368573791752608
2010-11-11,-0.011166476572236314,1.7175706845579175
2010-11-12,-0.010277658696285517,1.700008483023349
2010-11-15,-0.001631019309294634,1.6972379963343924
2010-11-16,-0.014871395778999687,1.6721844506880639
2010-11-17,-0.00296895071141847,1.667227180061039
2010-11-18,0.014833246684180318,1.6921418983622731
2010-11-19,-0.000634166658306387,1.6910691385794043
2010-11-22,-0.0036540739853500384,1.6849011228886075
2010-11-23,-0.01488328985646087,1.6600099419014984
2010-11-24,0.011739182674638339,1.6796119324154994
2010-11-26,-0.00826897168496839,1.6657805334389688
2010-11-29,-0.00027428504547007766,1.6653236974041217
2010-11-30,-0.009632005066838274,1.6493602943200574
2010-12-01,0.01868221436356823,1.680463631862381
2010-12-02,0.012311762985573333,1.70128098802489
2010-12-03,0.0026023853441151227,1.7057141426206939
2010-12-06,-0.0009619350741436339,1.7040741452723898
2010-12-07,0.0010527956772455477,1.7058691318775139
2010-12-08,0.00790233625591715,1.7194028870800384
2010-12-09,0.006619435201761544,1.730822115802821
2010-12-10,0.0062282595656498844,1.74163576535394
2010-12-13,0.0006703621134827177,1.74280368340679
2010-12-14,0.0013067454655950282,1.7450825728574493
2010-12-15,-0.0025622654172780695,1.7406169316528877
2010-12-16,0.004973605713290113,1.7492956383110705
2010-12-17,0.0003699644299467409,1.7499429352057367
2010-12-20,0.0008802211624325977,1.7514839501278305
2010-12-21,0.006302387271923525,1.762557338018576
2010-12-22,0.004800546629895979,1.7710389185306337
2010-12-23,4.643976751511314e-05,1.7711211670760574
2010-12-27,0.0006307717277664886,1.7722386926494134
2010-12-28,0.0021535219936262865,1.776059360121126
2010-12-29,-0.00024018273318810547,1.7756328325540367
2010-12-30,-0.0020829573090795843,1.771938114473102
2010-12-31,0.0005034988067407094,1.7728305078400026
2011-01-03,0.013412984079877798,1.7937879471809741
2011-01-04,0.0035935518157150176,1.800245613144883
2011-01-05,0.0029595907122978026,1.8055814954604452
2011-01-06,-0.0007088143444312331,1.8043021268673933
2011-01-07,-0.004166730521339897,1.7967997272189513
2011-01-10,-0.002757928078132085,1.7918511099024639
2011-01-11,0.002954967096106314,1.7971538017548028
2011-01-12,0.011326436922290854,1.8176248641795443
2011-01-13,-0.0015585148963846757,1.8147942750832684
2011-01-14,0.008578400460787807,1.8304292728849065
2011-01-18,-0.0030235824605021533,1.8249031775526692
2011-01-19,-0.006076737844415132,1.8138473450703674
2011-01-20,0.0021889845580189454,1.8178221777358246
2011-01-21,0.003450142208244911,1.8241047544177649
2011-01-24,0.0063248677253188845,1.8356785384500596
2011-01-25,0.0016073815234382872,1.838631546885534
2011-01-26,0.0003042635405316983,1.8391910605452098
2011-01-27,0.000592112038339632,1.8402803901837352
2011-01-28,-0.016136210970777734,1.8108235377105797
2011-01-31,0.005311121086024209,1.8204666259216684
2011-02-01,0.019928520432780324,1.8571097410942952
2011-02-02,-0.004618084028520083,1.848553224822156
2011-02-03,0.0019155069910532685,1.8520975349393187
2011-02-04,-0.0004398935668406031,1.8512829883185817
2011-02-07,0.008741889199055242,1.8675376437612015
2011-02-08,0.00442432113568731,1.8758185351837215
2011-02-09,-0.005021854902584167,1.866422060290693
2011-02-10,-0.00030822298319351264,1.8658468747626251
2011-02-11,0.004949166478110838,1.8751041505722188
2011-02-14,0.0025620838952005853,1.8799144843261824
2011-02-15,-0.004576260132466926,1.8713311613579013
2011-02-16,0.0036862804861141152,1.87824214298351
2011-02-17,0.002469515987979925,1.8828862239408284
2011-02-18,0.0015101500061885783,1.8857318126756948
2011-02-22,-0.021269347298185373,1.8460470583070128
2011-02-23,-0.002258750392347198,1.8418820044690913
2011-02-24,-0.0014197027212991468,1.8392689349049192
2011-02-25,0.007862721023972733,1.8537875967237867
2011-02-28,0.005503173264029447,1.8640174335279986
2011-03-01,-0.01427189076754216,1.8376033183602631
2011-03-02,0.0008730012743408042,1.8392082488501753
2011-03-03,0.015547567957526525,1.8680269136437488
2011-03-04,-0.009557543643481157,1.8502582127157603
2011-03-07,-0.007297067877561892,1.8368058938798577
2011-03-08,0.012229971997747908,1.859407907807281
2011-03-09,0.0007538445369992284,1.8608101407670574
2011-03-10,-0.018985684870699668,1.8258146437583966
2011-03-11,0.004836425688876363,1.8346664488990998
2011-03-14,-0.005125860937137177,1.825286265113093
2011-03-15,-0.012367667756905348,1.8028507544714794
2011-03-16,-0.0234888578248594,1.7609973184110628
2011-03-17,0.013492399932763107,1.784918412101468
2011-03-18,0.006037097026223849,1.7957267303450506
2011-03-21,0.011705854002580528,1.816870758289701
2011-03-22,-0.003200047386635762,1.8110659785065266
2011-03-23,0.0011021230129647699,1.8130630963320398
2011-03-24,0.007631296727207833,1.8269520467524343
2011-03-25,0.004009202937540369,1.8342913708540498
2011-03-28,-0.0025809587416343177,1.8295632446796712
2011-03-29,0.005733382910631316,1.8400829592798855
2011-03-30,0.005914809800424188,1.8509989511843532
2011-03-31,-0.004126817209108223,1.8433759570289872
2011-04-01,0.0044401751720448135,1.8509889358456983
2011-04-04,0.0011602330243517614,1.8531377606644837
2011-04-05,-0.0016514959647282762,1.8500798369000644
2011-04-06,0.005741466729330521,1.8607325605961635
2011-04-07,0.00014021311936210633,1.8609934780043778
2011-04-08,-0.003603320745710415,1.854299788594936
2011-04-11,-0.0005331727002567827,1.8533113900865306
2011-04-12,-0.006288570125515687,1.841693280381922
2011-04-13,-0.002373238011047625,1.8373276862302321
2011-04-14,-0.0020291537526144062,1.83360324586994
2011-04-15,-0.0022836513018379113,1.8294207129714852
2011-04-18,-0.00858936360175541,1.8137744452231983
2011-04-19,0.007327620389585977,1.8271139094075957
2011-04-20,0.009535077130737408,1.8446189045740315
2011-04-21,0.0009752948138595446,1.8464188294112154
2011-04-25,0.001627350740750662,1.8494260466959713
2011-04-26,0.007264338664060181,1.86290981988523
2011-04-27,0.008674099648941908,1.879139171046602
2011-04-28,0.003258150394462269,1.8852716739614057
2011-04-29,0.0013875427462377993,1.8878893846700668
2011-05-02,-0.00309741747532222,1.8820508499561464
2011-05-03,0.0030478036495509963,1.887795721578572
2011-05-04,-0.004231232105113288,1.8798248948146088
2011-05-05,-0.012500025347710312,1.8564732878773056
2011-05-06,0.0015708847466975526,1.8593918852377411
2011-05-09,-0.00031809504238823486,1.8588005159579946
2011-05-10,0.006734834933474393,1.8713614811424693
2011-05-11,-0.007927280741577796,1.856585318088834
2011-05-12,0.006008130557053893,1.867773501447822
2011-05-13,-0.010019605171720835,1.8491525912800526
2011-05-16,-0.006865536620324197,1.8365006473366505
2011-05-17,0.004213639336894839,1.8442553249402678
2011-05-18,0.004325763301952081,1.8522504169148923
2011-05-19,0.0010224398184072291,1.8541451999805698
2011-05-20,-0.010033554253564059,1.835634552606981
2011-05-23,-0.011296499381295918,1.8150149917204934
2011-05-24,-0.0011891294331570956,1.8128579867054648
2011-05-25,0.001337137237879671,1.815283647986078
2011-05-26,0.0021209640423978196,1.8191378852346636
2011-05-27,0.004763388882855169,1.8278238172259613
2011-05-31,0.011942320989179469,1.8497831376051488
2011-06-01,-0.021595638214319788,1.8102641449900472
2011-06-02,-0.0027102121767347727,1.8053645874804396
2011-06-03,-0.007519788580550662,1.7918395439393342
2011-06-06,-0.010207984642219552,1.773641514022196
2011-06-07,-0.004716132552085034,1.7652964791549306
2011-06-08,-0.0031861467455265254,1.7596809362453936
2011-06-09,0.006647204551814204,1.7714168576968605
2011-06-10,-0.010026148259700057,1.7537451074811816
2011-06-13,0.006439028260760503,1.7650739560362585
2011-06-14,0.007126850389331793,1.7776983065410714
2011-06-15,-0.017405687443977105,1.7470239737874784
2011-06-16,0.003525489855711604,1.7531939588039427
2011-06-17,0.002767045210705761,1.7580518436450328
2011-06-20,0.002300753911200889,1.76210134496707
2011-06-21,0.01174148194727596,1.7829129666439205
2011-06-22,-0.0061434177370166525,1.7719933636858989
2011-06-23,-0.003097549019582102,1.76651301957867
2011-06-24,-0.013529564529497289,1.7427738203210497
2011-06-27,0.01117235862980071,1.7623538885569423
2011-06-28,0.010272185938771885,1.7805504144342363
2011-06-29,0.007716351255433295,1.794342912303045
2011-06-30,0.009283165418464634,1.8110776498647396
2011-07-01,0.013921706422138367,1.8358651633312868
2011-07-05,-0.00017552948665693153,1.8355429431419954
2011-07-06,0.0003560247344448494,1.836196558175545
2011-07-07,0.01079467557696342,1.8561250717219906
2011-07-08,-0.006968415005440136,1.8432357830339132
2011-07-11,-0.015888098341768804,1.8141816899684593
2011-07-12,-0.0043982552849415385,1.8062199774195664
2011-07-13,0.004700908285249804,1.8147308405968834
2011-07-14,-0.005111955729554786,1.8054776878825556
2011-07-15,0.006888316777680765,1.817957322625032
2011-07-18,-0.005593965079932192,1.8078161240460484
2011-07-19,0.018188969968509865,1.8409993063364813
2011-07-20,0.0007342574586416988,1.8423515702026738
2011-07-21,0.013923022207782966,1.8681820740987458
2011-07-22,0.0023220114677972425,1.8725250545726182
2011-07-25,-0.006350928932790629,1.8606704647005803
2011-07-26,-0.002597905269217022,1.8558428925987103
2011-07-27,-0.018605691021077626,1.8216328903930905
2011-07-28,-0.001757908840385852,1.8184334388271506
2011-07-29,-0.00741194049046846,1.8050051447267048
2011-08-01,0.0007528582953377074,1.8063645694859334
2011-08-02,-0.02211962822158298,1.7668471236197891
2011-08-03,0.006578837665658116,1.77850924356066
2011-08-04,-0.04370587735974604,1.7024521151080163
2011-08-05,-0.0029114720414059984,1.6975026819374206
2011-08-08,-0.06569736614957254,1.5895656363638304
2011-08-09,0.05007468851308715,1.6711892232788872
2011-08-10,-0.049618815156964154,1.5902904421825355
2011-08-11,0.04168573928346299,1.657984000642568
2011-08-12,0.00046704263138068485,1.6587585307082162
2011-08-15,0.02177947756423736,1.6952817090780732
2011-08-16,-0.009614859772451722,1.6790599232376469
2011-08-17,0.003174147400913935,1.684397974327635
2011-08-18,-0.039098223871231894,1.6198118342911048
2011-08-19,-0.01589734669505127,1.5942647276183386
2011-08-22,-0.0022576689556130717,1.590669465618576
2011-08-23,0.031219223467408255,1.6411122261409372
2011-08-24,0.014388566673234121,1.6648961769732955
2011-08-25,-0.007929100342644345,1.6517472466101715
2011-08-26,0.011374575357193504,1.6706424287517192
2011-08-29,0.026788079491077404,1.716000546985111
2011-08-30,-0.0015102759774861473,1.7134108686383849
2011-08-31,0.0028932697446580106,1.718375406875741
2011-09-01,-0.013134276049060246,1.6959533609296271
2011-09-02,-0.02480063899465153,1.6544099152014633
2011-09-06,-0.009490347540050088,1.638783258620022
2011-09-07,0.02612114188138624,1.682154130968072
2011-09-08,-0.01099029666447709,1.6637679777390142
2011-09-09,-0.02479624807828216,1.6230200597729347
2011-09-12,0.00939964620492059,1.63834779892628
2011-09-13,0.006100645071442561,1.6483733273523502
2011-09-14,0.011581767504665948,1.6675753862391807
2011-09-15,0.018319025217647375,1.698405266297196
2011-09-16,0.006682646417948537,1.7097931162740425
2011-09-19,-0.008867561266613177,1.6946984464293493
2011-09-20,-0.0006671297226062964,1.6935682397640288
2011-09-21,-0.023920740392392947,1.6535375245231405
2011-09-22,-0.02914783184001485,1.6060361351079229
2011-09-23,0.008488728076856604,1.6197273675008246
2011-09-26,0.026832717429252657,1.66377740238377
2011-09-27,0.008436263523655148,1.6778728398090543
2011-09-28,-0.015828201621686484,1.6515242060444684
2011-09-29,0.013289008663569175,1.6736178013776024
2011-09-30,-0.023466896082877314,1.6348004293303031
2011-10-03,-0.03121266125930224,1.5836936086263262
2011-10-04,0.02216679185829384,1.619190993277213
2011-10-05,0.014060483843228656,1.6421184096383434
2011-10-06,0.017914455524534842,1.671801148072381
2011-10-07,-0.010037099910926266,1.655105043321988
2011-10-10,0.03596075470708972,1.7157069849719018
2011-10-11,0.002557832266487177,1.7201010929577885
2011-10-12,0.012895457802858995,1.742426221017221
2011-10-13,-0.008749851102350744,1.7272467568966468
2011-10-14,0.0161288501841738,1.755331136626868
2011-10-17,-0.019286765962421012,1.721800860476967
2011-10-18,0.02368468808508958,1.763067946739161
2011-10-19,-0.011313793521464532,1.743233373728762
2011-10-20,0.0048597658676544035,1.7517256984187721
2011-10-21,0.011532608663836926,1.7720446051825978
2011-10-24,0.011870752438973977,1.7932054571298512
2011-10-25,-0.017904183123869342,1.7613852853556289
2011-10-26,0.011253247469043742,1.7813185364090973
2011-10-27,0.034156552139191235,1.843213273843234
2011-10-28,-0.0005969904547578966,1.8421132215057106
2011-10-31,-0.029377577182353863,1.788783581393168
2011-11-01,-0.030799439516360754,1.7345298309389354
2011-11-02,0.015377975097056098,1.7614095354857495
2011-11-03,0.01863175276113726,1.7945353199003529
2011-11-04,-0.012214189787570185,1.7727498417457948
2011-11-07,0.008006992039035031,1.7870012147909518
2011-11-08,0.014849907409349362,1.8137360308480788
2011-11-09,-0.039377279209126044,1.7437039265194396
2011-11-10,0.003751108458305534,1.750257032087891
2011-11-11,0.017195122017118127,1.7806131559916782
2011-11-14,-0.010734738750698745,1.7616009669587323
2011-11-15,0.003960337613798529,1.768591334499869
2011-11-16,-0.018168723318442142,1.736748436230992
2011-11-17,-0.014230554601660983,1.7122085648960228
2011-11-18,-0.000314372919089594,1.7116703774915913
2011-11-21,-0.02272731390979221,1.6732074427019545
2011-11-22,-0.005286743366380343,1.66438496598755
2011-11-23,-0.022214436659531746,1.6278192387947252
2011-11-25,-0.002398789873573479,1.6239191221390346
2011-11-28,0.026828742967053724,1.6680765260781303
2011-11-29,0.001946918332901465,1.6713272983146308
2011-11-30,0.044731925345539075,1.7477863170429702
2011-12-01,-0.002057979495632073,1.7441931072839405
2011-12-02,0.005120602793394629,1.753147333333376
2011-12-05,0.01385293028358542,1.7776025582960864
2011-12-06,0.0037052013979673097,1.7842011507881057
2011-12-07,0.005995728584135079,1.7949308707286806
2011-12-08,-0.022780574380775156,1.7545035417212353
2011-12-09,0.017641783941974746,1.7857307561081344
2011-12-12,-0.017798783594316723,1.7542281068973038
2011-12-13,-0.004936008398527953,1.7455905572746915
2011-12-14,-0.00913160571307512,1.7297230706456304
2011-12-15,0.0006497352161904658,1.7308472978243306
2011-12-16,0.003762999172915229,1.73737274469997
2011-12-19,-0.012970238540860372,1.7149841125800733
2011-12-20,0.026491068839058357,1.7610229919391576
2011-12-21,-0.0013052386872062871,1.758725936030253
2011-12-22,0.01208101845725157,1.7801019988418414
2011-12-23,0.010529089033401403,1.7989438710814976
2011-12-27,-0.002969154462726884,1.7936104506512482
2011-12-28,-0.010842879322141528,1.7742676045648267
2011-12-29,0.012006094379313558,1.7956980192443717
2011-12-30,-0.004525608089711913,1.7875897550137596
2012-01-03,0.01581167726420587,1.8138642561761174
2012-01-04,0.00114650723492671,1.8159450572678206
2012-01-05,0.00150619258946966,1.8186822811316354
2012-01-06,-0.003328268109223409,1.8126392808354976
2012-01-09,0.00032662763689078,1.813231435622127
2012-01-10,0.0031846309171806946,1.8190151130628998
2012-01-11,0.0006871137996602779,1.820265412948837
2012-01-12,0.00012573560254012793,1.82049429950661
2012-01-13,-0.0030854036959482196,1.814885996055678
2012-01-17,0.0015204311772054043,1.8176475041166464
2012-01-18,0.0072810916234430905,1.8309302599330215
2012-01-19,0.0029897769980233406,1.8364125243995308
2012-01-20,0.005353455544669504,1.8462700395525555
2012-01-23,-0.0005763104217818853,1.8452063214326984
2012-01-24,-0.004670847562584533,1.836607740945922
2012-01-25,0.006885914638867226,1.8492981073213188
2012-01-26,-0.007224767591349996,1.835985506419307
2012-01-27,-0.0032948392095002795,1.8299461841461497
2012-01-30,0.0004217897013628924,1.8307181994032677
2012-01-31,-0.0026058223465703963,1.8259538831857542
2012-02-01,0.0066717096914240305,1.838176846095635
2012-02-02,-0.0007254503336051091,1.8368438236686535
2012-02-03,0.010639839862604916,1.8564918885807051
2012-02-06,0.0009809698094173122,1.8583139446196997
2012-02-07,0.0019740584495169093,1.861985988185778
2012-02-08,0.002558103791243282,1.8667552391200566
2012-02-09,0.0025302760945952745,1.8714846260802014
2012-02-10,-0.005944756406220846,1.8603921096816884
2012-02-13,0.007692463466168093,1.8747582928457645
2012-02-14,-0.00047180699358150946,1.8738739774014346
2012-02-15,-0.007529460277012997,1.859817702214664
2012-02-16,0.011665234870171081,1.8816399458659858
2012-02-17,0.004139523837788666,1.8894451831132029
2012-02-21,0.0021257685530508,1.893465978392131
2012-02-22,-0.00492639636365005,1.884160953421001
2012-02-23,0.004184947777837541,1.8920625910542388
2012-02-24,0.002624133286419985,1.897034135624341
2012-02-27,0.002723183788417905,1.902207148564231
2012-02-28,0.006274403288667527,1.9141798849625575
2012-02-29,-0.0017366388404025336,1.9108585306580017
2012-03-01,0.006027488471774507,1.92241098960365
2012-03-02,-0.00030331285414528957,1.9218279860602572
2012-03-05,-0.0006042086006741655,1.9206671517904035
2012-03-06,-0.011340388831915646,1.8990090770765604
2012-03-07,0.005892656007525401,1.9102323191997646
2012-03-08,0.006826379118113644,1.923316898552782
2012-03-09,0.0022410848885033884,1.9276320484925367
2012-03-12,0.0030935003308922688,1.9336044118635873
2012-03-13,0.019446665098428403,1.9715745691611617
2012-03-14,0.0014824420629745076,1.9744994817038115
2012-03-15,0.005691419631469502,1.9857692268195797
2012-03-16,-0.0016906782176247057,1.9824147664980956
2012-03-19,0.004018328326174881,1.9903967863563454
2012-03-20,-0.0002624723260347195,1.9898744308370313
2012-03-21,-0.002807360191229552,1.9842959706117156
2012-03-22,-0.004199958321325521,1.9759794869054301
2012-03-23,0.0005876013099485635,1.9771409162356475
2012-03-26,0.013165699287175144,2.003343467960216
2012-03-27,-0.0015447595652921156,2.0002511730165393
2012-03-28,-0.0005867153190024017,1.9990779392222535
2012-03-29,-0.002560774944712568,1.9939652994767199
2012-03-30,0.0024674768925241515,1.9988914378445943
2012-04-02,0.006762810498294531,2.0115455194735388
2012-04-03,-0.004644507173813966,2.002224544301488
2012-04-04,-0.008409961837624085,1.985456520344204
2012-04-05,-0.0002900392861641712,1.9848807434553286
2012-04-09,-0.008760122947309809,1.967568881833896
2012-04-10,-0.014259774636834067,1.9397108893982848
2012-04-11,0.005469877278384355,1.9503499405446083
2012-04-12,0.009658897218555184,1.9692794420476052
2012-04-13,-0.014026004065951605,1.9418511250892008
2012-04-16,0.001960994373334378,1.9456628203543485
2012-04-17,0.015165249155190132,1.9753941535239647
2012-04-18,-0.006245831265342842,1.9630946253314847
2012-04-19,-0.006088762266916008,1.9511781240371389
2012-04-20,0.004104195518103851,1.9592025962863922
2012-04-23,-0.007810427338007661,1.9439599898892104
2012-04-24,0.00561164598721115,1.9548994707050562
2012-04-25,0.010837961679929684,1.9762018247886541
2012-04-26,0.009316571563880292,1.9946992831655421
2012-04-27,0.0003953260721325934,1.9954879956872815
2012-04-30,-0.0037926514978452565,1.9879341387795473
2012-05-01,0.00661481170015033,2.0011275365937893
2012-05-02,-0.001119656592923653,1.998888214823793
2012-05-03,-0.0027948324242272997,1.9933094567069807
2012-05-04,-0.014703651752314747,1.964214950542009
2012-05-07,0.0015503772862231358,1.967262586669044
2012-05-08,-0.0032067971227618198,1.9609640790819836
2012-05-09,-0.006615216697765534,1.948034689270326
2012-05-10,0.004756084954913999,1.9573217753263312
2012-05-11,-0.0031622136190339713,1.9511420816568394
2012-05-14,-0.010737300880756353,1.930304153814835
2012-05-15,-0.002911972491033378,1.924691337369337
2012-05-16,0.000763213853599297,1.9261608491664688
2012-05-17,-0.006553613375403255,1.9135788096065933
2012-05-18,-0.006935837108486731,1.900352459615459
2012-05-21,0.008668650805822659,1.916897559736234
2012-05-22,0.00015614089379712784,1.917196889202706
2012-05-23,-0.0008690073040976548,1.9155315548012763
2012-05-24,0.0022054564356374993,1.9197608382323774
2012-05-25,-0.0037553664788024595,1.9125649527834907
2012-05-29,0.007735558690326131,1.9274170819219791
2012-05-30,-0.00945321047723758,1.9092826519067296
2012-05-31,-2.691395235608953e-05,1.9092312662559006
2012-06-01,-0.01946808601147808,1.872421656653893
2012-06-04,0.0002691515608618406,1.8729256896929696
2012-06-05,0.0015836221125991499,1.8758940459874038
2012-06-06,0.020145742022439767,1.9140685593603657
2012-06-07,-0.00020822886013460048,1.913670036539447
2012-06-08,0.010524156735567438,1.9339161497106026
2012-06-11,-0.009871725296588555,1.9149189824165922
2012-06-12,0.010051212071775915,1.9342632932367008
2012-06-13,-0.0007707826935955995,1.932772970996496
2012-06-14,0.012162549336701453,1.9564239541857757
2012-06-15,0.009624675496273542,1.9753448073539812
2012-06-18,-0.0011836176990417588,1.9730081374130328
2012-06-19,0.007802331913220743,1.9884624130627089
2012-06-20,0.0005253784161680828,1.9895073827741232
2012-06-21,-0.018724497629701856,1.9526014572414463
2012-06-22,0.006887984870735084,1.9660973730106306
2012-06-25,-0.0120635709486626,1.9425217071310295
2012-06-26,0.0049273995661043655,1.9521169080285694
2012-06-27,0.009259966040083218,1.9702773972930563
2012-06-28,-0.0019191464481969048,1.966499772491144
2012-06-29,0.02112819157706575,2.0084903872562663
2012-07-02,0.00408250592087314,2.0160430084199215
2012-07-03,0.004212640492405934,2.024553786669902
2012-07-05,-0.005435619655370114,2.013578936890174
2012-07-06,-0.007349268031213427,1.9988348510630238
2012-07-09,0.0017796533087035245,2.0023952513186196
2012-07-10,-0.005359573288750599,1.991691975333146
2012-07-11,-4.081916911315623e-05,1.991610677780844
2012-07-12,-0.005750967784313658,1.9801898607866395
2012-07-13,0.017031474916595242,2.014204250128083
2012-07-16,-0.002131913986317248,2.0099147140016487
2012-07-17,0.0063948658279655525,2.0228090337035667
2012-07-18,0.006128004099858458,2.0352428741579165
2012-07-19,0.0011162128068958476,2.037515906677196
2012-07-20,-0.00632865168711166,2.024661895379227
2012-07-23,-0.004913941878289967,2.014737229089556
2012-07-24,-0.006752336829847596,2.001178871508732
2012-07-25,-0.0006396011479517907,1.9998993244487633
2012-07-26,0.016153824175225182,2.032467690117996
2012-07-27,0.016332557001839637,2.065935649227917
2012-07-30,0.00010940430581735288,2.066161683847839
2012-07-31,-0.0005441168135587794,2.0650377563377837
2012-08-01,-0.0008611942403349815,2.0632601232694974
2012-08-02,-0.008135060791732639,2.0465434644465987
2012-08-03,0.017142786904506265,2.081929362823987
2012-08-06,0.0014241826299855513,2.084896522846737
2012-08-07,0.000264918867995087,2.085448924441028
2012-08-08,0.0010394636651752033,2.087617799861874
2012-08-09,0.0004082350681109395,2.0884702126371457
2012-08-10,0.0028254878291098717,2.094379504188746
2012-08-13,-0.0004014485986617537,2.093538887215266
2012-08-14,0.0018969035016878177,2.0975138973747685
2012-08-15,-0.0005736905710749599,2.0963109185309494
2012-08-16,0.0043284089026938265,2.105404275059117
2012-08-17,-0.00010695598180184956,2.1051791015198313
2012-08-20,-0.00032416035882074724,2.1044967965009955
2012-08-21,-0.005286812116638155,2.09340007632163
2012-08-22,-0.0011695263743626539,2.0909532208301935
2012-08-23,-0.007905547193389451,2.0744882594799763
2012-08-24,0.007034691577385252,2.0891330951234086
2012-08-27,-0.0012401912597434163,2.086543776475454
2012-08-28,-0.00014039757299532114,2.0862508513567573
2012-08-29,2.3013472978122276e-05,2.0862988637868147
2012-08-30,-0.007669188567197252,2.0703598421969622
2012-08-31,0.005348669347090109,2.081463179993039
2012-09-04,-0.0011192023529341573,2.0791349046531002
2012-09-05,0.0018106571059250637,2.082902915300569
2012-09-06,0.019589463156454434,2.1241081416598284
2012-09-07,-0.0005257437776379248,2.1229916985285513
2012-09-10,-0.006037209004732043,2.110213365474831
2012-09-11,0.0017789836548311145,2.113970741724744
2012-09-12,0.001421136345646388,2.116977118108836
2012-09-13,0.017391238705249674,2.1541159818603544
2012-09-14,-0.00022381203856240985,2.153633918718934
2012-09-17,0.00024723311983756654,2.1541664341766635
2012-09-18,0.0025826992405381614,2.159737188885616
2012-09-19,0.0004521874229676963,2.1607140157171045
2012-09-20,0.003120108629106452,2.1674662064691326
2012-09-21,-0.00024405126024771022,2.166937298152895
2012-09-24,-0.00028438025475325315,2.166321151586123
2012-09-25,-0.007798671201848899,2.149492431327771
2012-09-26,-0.003601429995468535,2.141765107869936
2012-09-27,0.007677435443392727,2.1582716541133866
2012-09-28,-0.004870516031521307,2.147785315092478
2012-10-01,0.004669123582792879,2.157274541042964
2012-10-02,0.0006011475833435882,2.15857177129427
2012-10-03,0.004589358832459525,2.1685009986844483
2012-10-04,0.0058910387423357,2.1813134242743852
2012-10-05,0.0008281074985576671,2.18312053441519
2012-10-08,-0.004965273505344031,2.1723076106437342
2012-10-09,-0.011671671839361358,2.1471005395672345
2012-10-10,-0.005367432807729011,2.135606994698008
2012-10-11,-0.0018033200782791355,2.131759282096569
2012-10-12,-0.002559425545893287,2.126310179193463
2012-10-15,0.006050009509806403,2.1392133688509323
2012-10-16,0.00685619341769143,2.1539306239917986
2012-10-17,0.0018730698753120804,2.1579688673324404
2012-10-18,-0.006665392733371004,2.1436329875353164
2012-10-19,-0.015897667885322295,2.109823678877378
2012-10-22,-0.0003012746432389328,2.1091881382421733
2012-10-23,-0.014223979242040833,2.0793994490342707
2012-10-24,0.00028076610126144406,2.0799833558773293
2012-10-25,0.0048174622074623604,2.0900277719580065
2012-10-26,-0.000220234301450811,2.0895675268343785
2012-10-31,-0.0014041293085560484,2.0866355627378197
2012-11-01,0.008879479820595101,2.105246305687896
2012-11-02,-0.009559883778463722,2.0852162905362697
2012-11-05,0.0005628705025341654,2.086390327662053
2012-11-06,0.006072074040820231,2.0990975848698668
2012-11-07,-0.02478455412948302,2.0477118043697478
2012-11-08,-0.011787978543429604,2.0237151355390135
2012-11-09,0.0026923389835232115,2.0291710039178765
2012-11-12,-0.0018706105952698566,2.0253787631470286
2012-11-13,-0.007207119533755566,2.010834091849457
2012-11-14,-0.012232110614590803,1.9863871703551514
2012-11-15,-0.002543700459244423,1.9813408173239417
2012-11-16,0.002989222373355658,1.9872723465375062
2012-11-19,0.018664961324242814,2.024713035571018
2012-11-20,-0.0003687372016291046,2.0239665861824667
2012-11-21,0.0025019264267873735,2.0290367416045134
2012-11-23,0.01458792013286638,2.0588531182378897
2012-11-26,-0.0035031052951229372,2.0516533571009936
2012-11-27,-0.00537082257055082,2.040663828763885
2012-11-28,0.00935820460118987,2.059850414369064
2012-11-29,0.002270059510788615,2.064531708791175
2012-11-30,0.0013688210765813603,2.067359618316972
2012-12-03,-0.004281312894596379,2.058527524893787
2012-12-04,-0.0021435242364310717,2.0541197470298567
2012-12-05,0.0009703030502359626,2.056113832963331
2012-12-06,0.004183470605414119,2.064733542323857
2012-12-07,0.0025277757133980775,2.06995932765082
2012-12-10,-0.0012548777375815967,2.067363410892579
2012-12-11,0.007659043425068191,2.0832582288822645
2012-12-12,0.0008795721810212983,2.085091410956064
2012-12-13,-0.004882167733435414,2.074936454220037
2012-12-14,-0.003821957722353057,2.067021270199777
2012-12-17,0.009058704705512273,2.0858308721952246
2012-12-18,0.006276722423209177,2.0989642276971
2012-12-19,-0.007179010892095932,2.083949699858874
2012-12-20,0.0059048473857837335,2.0962915071801813
2012-12-21,-0.009614856329010178,2.0762325520305667
2012-12-24,-0.004040760021720523,2.067859921825407
2012-12-26,-0.0028588683707657654,2.061956624894865
2012-12-27,-0.0013100910456434235,2.0592570427194192
2012-12-28,-0.01173601254711318,2.035230837916966
2012-12-31,0.013193934478718061,2.062261468301618
2013-01-02,0.027437537844438937,2.1180787077191248
2013-01-03,-0.005090424627439574,2.107324183473007
2013-01-04,0.0035098733410444615,2.1147336199307323
2013-01-07,-0.0034951563833458864,2.107355197102085
2013-01-08,-0.0031714198507143657,2.1006824755910167
2013-01-09,-0.00192095334513637,2.0966510359059236
2013-01-10,0.00925394980299444,2.11614339088076
2013-01-11,0.0005439347809306903,2.117294747975694
2013-01-14,-0.004035085514668042,2.1087684962539024
2013-01-15,0.0001755474975153028,2.1091387177810392
2013-01-16,0.0008136046453395614,2.1108554211036923
2013-01-17,0.0007313089058416072,2.112399673065872
2013-01-18,0.0033814333359898506,2.119554702048468
2013-01-22,0.002258484771919957,2.124347093801126
2013-01-23,0.005499641312443159,2.136062426375136
2013-01-24,-0.0015705575797427434,2.1327102504223183
2013-01-25,0.005088039665242624,2.143589217609537
2013-01-28,-0.00021684048471701828,2.1431244510764778
2013-01-29,0.00849468788762518,2.1614071674378117
2013-01-30,-0.0042723170320000696,2.1521926484722504
2013-01-31,-0.001959368805143651,2.1479798379067687
2013-02-01,0.012662001311203435,2.1753504792942415
2013-02-04,-0.012258354168990316,2.1488470388396856
2013-02-05,0.010803711245801742,2.1721884215041474
2013-02-06,0.0003972993548197086,2.173051602021735
2013-02-07,-0.0016816602177797861,2.1694003385441754
2013-02-08,0.0038959206998956963,2.1778686354249044
2013-02-11,0.0011926245001992587,2.180467564382853
2013-02-12,0.001819748093942716,2.1844390785587517
2013-02-13,0.0010482932383670538,2.186730211954439
2013-02-14,-0.0001532370387140205,2.1863951495649325
2013-02-15,-0.0009486782978273226,2.1843219474924607
2013-02-19,0.00907636646504714,2.2042378994813903
2013-02-20,-0.007045772732376114,2.1887619243181153
2013-02-21,-0.0023045038837857055,2.18372372147157
2013-02-22,0.007283729610172519,2.1996874417365815
2013-02-25,-0.01721314201024014,2.1621479228431726
2013-02-26,0.005392098811678299,2.1738379265926433
2013-02-27,0.011801943177036204,2.199645428060327
2013-02-28,-0.001950654747626593,2.19535886142798
2013-03-01,0.002710367238252725,2.2013171611048055
2013-03-04,0.00630192611675334,2.2152335030365444
2013-03-05,0.008475860529016463,2.2340893099586756
2013-03-06,0.0015226100992320058,2.2374935479104656
2013-03-07,0.00399326453158886,2.2464463150218252
2013-03-08,0.00017336702223643178,2.2468358084917606
2013-03-11,0.0024611840171703805,2.25237249548075
2013-03-12,-0.004388152335528821,2.242510395877209
2013-03-13,0.000260721799596856,2.243095143448144
2013-03-14,0.007880480464659518,2.260841644543092
2013-03-15,-0.0015241956785423884,2.257398304307387
2013-03-18,-0.003325576860262696,2.24990362172094
2013-03-19,0.0016449339920574485,2.2536076102402824
2013-03-20,0.004207468439804075,2.263109568713673
2013-03-21,-0.009386954425577385,2.2419652579334284
2013-03-22,0.005123882629913307,2.253482305578074
2013-03-25,-0.0032757131279465674,2.24611262108213
2013-03-26,0.005826950449784227,2.259238813727047
2013-03-27,-0.003937535156306362,2.2503604723331385
2013-03-28,0.0009864750155590609,2.252581492025202
2013-04-01,0.0011536924573762896,2.2546761918191844
2013-04-02,0.007807801695604712,2.2723491601475594
2013-04-03,-0.009310536840573808,2.2512905551599345
2013-04-04,0.003939846887574736,2.2601777909248635
2013-04-05,-0.004838011759877851,2.2492694328523415
2013-04-08,0.005527431653053183,2.2617365397105114
2013-04-09,0.004508432761522941,2.2719564473966063
2013-04-10,0.011399403353850153,2.2980035741345635
2013-04-11,0.0018426863976226818,2.302241977887492
2013-04-12,-0.0013451876215222552,2.29914711253106
2013-04-15,-0.016276869670178284,2.262027112859469
2013-04-16,0.013441247957700136,2.2926368357619578
2013-04-17,-0.015243427888012095,2.257954204154366
2013-04-18,-0.007504199989229482,2.241073481615777
2013-04-19,0.008186453293705492,2.259495226495523
2013-04-22,0.00342274981582088,2.267242163716747
2013-04-23,0.009665674679416151,2.289262839795928
2013-04-24,-0.0032845443619023604,2.2817559894828014
2013-04-25,0.003709304126053533,2.2902354330844643
2013-04-26,0.0019304411509262944,2.294660867956274
2013-04-29,0.00675374826564977,2.310210881143785
2013-04-30,0.0017687899130435928,2.314300774862424
2013-05-01,-0.007699942805244414,2.296549221939032
2013-05-02,0.007308208498661004,2.313394361401373
2013-05-03,0.005061988310015287,2.325134425580387
2013-05-06,0.003269062198005938,2.332747872271461
2013-05-07,0.004258435149205992,2.3427029092006233
2013-05-08,0.005817511240418059,2.3563713292526662
2013-05-09,-0.005852990565066549,2.342619793158012
2013-05-10,0.002866074731856108,2.3493435473418884
2013-05-13,0.0006533835598683582,2.350879071380658
2013-05-14,0.008691778685640616,2.371401450775489
2013-05-15,0.007311977394726723,2.3888046328760613
2013-05-16,-0.002824526629198378,2.3820669104961256
2013-05-17,0.007137852727029363,2.3991305798205578
2013-05-20,-0.0004151468739569823,2.3981347949729157
2013-05-21,0.00034856058785472614,2.3989708359438078
2013-05-22,-0.005145140154155253,2.3866594937170555
2013-05-23,-0.0033816347460048422,2.3786023139438814
2013-05-24,0.0017681217116298695,2.3828116925887537
2013-05-28,0.004307573363529998,2.393097967302231
2013-05-29,-0.00775566019913275,2.374609699678038
2013-05-30,0.0031151930068947296,2.38201860129624
2013-05-31,-0.01454437062673739,2.347624367468515
2013-06-03,0.007894926402380986,2.3662320455435073
2013-06-04,-0.00437183714333162,2.35590984432904
2013-06-05,-0.011429156828768074,2.3291370678081535
2013-06-06,0.007059350887030395,2.3456374360545884
2013-06-07,0.01110794107222366,2.371837885598273
2013-06-10,0.0004567899074782237,2.372921564694583
2013-06-11,-0.00893791170562923,2.351807101431917
2013-06-12,-0.005498460089751131,2.338911270043033
2013-06-13,0.01175012776299837,2.3665558720319284
2013-06-14,-0.007377604573441288,2.3491606052077416
2013-06-17,0.007633191170940573,2.3671608092986887
2013-06-18,0.006911778975577998,2.383578774926223
2013-06-19,-0.013656268684559693,2.3512492356189507
2013-06-20,-0.02359787703946964,2.296414284080996
2013-06-21,-0.0012375521831148183,2.293574109365091
2013-06-24,-0.010472603690610635,2.2696797531292288
2013-06-25,0.00849042879474883,2.2890323471143224
2013-06-26,0.0084754015678865,2.3085152615946773
2013-06-27,0.004872807885963815,2.319791664526334
2013-06-28,-0.005905750581858264,2.30613192875189
2013-07-01,0.003646858771324629,2.3138762970034614
2013-07-02,0.000366923459011185,2.3147254682789855
2013-07-03,0.002729500811500298,2.321052143728037
2013-07-05,0.009170855503048088,2.3424360821843018
2013-07-08,0.007972869161528489,2.3611866672416095
2013-07-09,0.004941955216954524,2.3728844271049
2013-07-10,-0.003067408090891286,2.3656169740349053
2013-07-11,0.011848117541920488,2.393811779862687
2013-07-12,5.141911140518011e-07,2.3938130107397493
2013-07-15,0.002578057537800144,2.39999236035307
2013-07-16,-0.0008896036907328124,2.397858267680671
2013-07-17,0.0032149723923045395,2.4055797212912418
2013-07-18,0.0037897504859628994,2.4147135647710662
2013-07-19,-0.0019416313671192576,2.410029629880061
2013-07-22,0.0035805561657697594,2.418674343536699
2013-07-23,-0.00044915942894432876,2.417588217089981
2013-07-24,-0.0006463302663455985,2.416026161509993
2013-07-25,-0.0005555772595604736,2.414684245119787
2013-07-26,0.00019795107193411527,2.415162281766863
2013-07-29,-0.0023347102456931913,2.409530154893102
2013-07-30,-0.0002359097993571361,2.408961790161757
2013-07-31,-0.0016831697185145649,2.40491050907678
2013-08-01,0.008647634887781305,2.4257974783760363
2013-08-02,0.0006130091034886859,2.4272849701899317
2013-08-05,-0.0013991593442024117,2.423891186518569
2013-08-06,-0.005017983612872133,2.4117586062680214
2013-08-07,-0.0025454390362460023,2.4056274283458925
2013-08-08,0.001215835015765922,2.4085540531941216
2013-08-09,-0.005612715871733389,2.395073390585941
2013-08-12,0.001033009580613484,2.397548802686769
2013-08-13,0.001999755287118791,2.402348110702479
2013-08-14,-0.002809899605480856,2.395607228730025
2013-08-15,-0.011711652855313786,2.367714363090477
2013-08-16,-0.0036325666218886524,2.3591290856616745
2013-08-19,-0.005844558617986108,2.3453812316367246
2013-08-20,-0.00018653748219711597,2.3449437709296608
2013-08-21,-0.003920921914233996,2.3357674311226306
2013-08-22,0.004748053686885152,2.346884150791969
2013-08-23,0.006122428336813031,2.361296856177312
2013-08-26,-0.007023605444116238,2.3447701452115686
2013-08-27,-0.013289054994456937,2.3138164937215624
2013-08-28,0.0009945053793488556,2.3161187412804343
2013-08-29,0.0017299341962340583,2.320128941985079
2013-08-30,-0.0014605499686917937,2.3167427511838894
2013-09-03,-0.001978237065427455,2.312164215010564
2013-09-04,0.006372714113253037,2.3269460266396047
2013-09-05,-0.00033444896930353554,2.3261679120664316
2013-09-06,-0.0004921109826369899,2.3250234609110336
2013-09-09,0.008210491465912182,2.344191628552782
2013-09-10,0.005983154724351865,2.3582593324279495
2013-09-11,0.003008192601367615,2.365364111618236
2013-09-12,-0.0029466316891354886,2.3584045134924274
2013-09-13,0.002046410377637617,2.3632357185916235
2013-09-16,0.004493146247631038,2.373877972991457
2013-09-17,0.0026253323706860537,2.380118379664567
2013-09-18,0.012604511744751032,2.410308475745254
2013-09-19,-0.001966478365299109,2.405573313596885
2013-09-20,-0.0060464200278884115,2.391072091354687
2013-09-23,-0.0032914361543753324,2.383214967928919
2013-09-24,-0.007357594370957141,2.365744587693752
2013-09-25,-0.0030992252227503864,2.35842396238995
2013-09-26,0.0028383110120343406,2.3651274118303762
2013-09-27,-0.004275286898453018,2.3550373978146033
2013-09-30,-0.008505950063638988,2.3350905211441035
2013-10-01,0.006749257277037763,2.3504347078374144
2013-10-02,0.0008784658164226937,2.3525003915654135
2013-10-03,-0.007324292733906439,2.3353329365200692
2013-10-04,0.002468289664704361,2.341104334481731
2013-10-07,-0.0072085353841053875,2.3242890805394203
2013-10-08,-0.008619092778038155,2.304341904080979
2013-10-09,0.0019496391818893573,2.3088389217020575
2013-10-10,0.019181030216374916,2.353552284128678
2013-10-11,0.0044201060967392425,2.36397825991367
2013-10-14,0.004978606853624132,2.3757769243654976
2013-10-15,-0.006433955284358754,2.3605403501479074
2013-10-16,0.013765983955413837,2.393260204523618
2013-10-17,0.00431943865334416,2.4036201035251206
2013-10-18,0.010789195300632715,2.4296936335268784
2013-10-21,0.001662037172409766,2.4337352323767645
2013-10-22,0.004666298171573342,2.445118304390863
2013-10-23,-0.0032950873521583966,2.4370746854828638
2013-10-24,0.0008066242907499181,2.439041282168245
2013-10-25,0.0029718497133596347,2.446300527654099
2013-10-28,0.004425907376792374,2.457151622462382
2013-10-29,0.006723150974746242,2.4737270810079495
2013-10-30,-0.0035590575643160943,2.464938592573256
2013-10-31,-0.00486000803559711,2.4529880346322597
2013-11-01,0.003134704724204743,2.4606894924044207
2013-11-04,0.0035890232441995705,2.4695368313450277
2013-11-05,-0.003425262920681874,2.4610924887082755
2013-11-06,0.010279954605626019,2.486522895534981
2013-11-07,-0.009468805722162561,2.4630896110048495
2013-11-08,0.011740883635142406,2.492178892285511
2013-11-11,0.0004275778745653084,2.4932447206853934
2013-11-12,-0.0012609834598007166,2.490102761726843
2013-11-13,0.0067449707784021625,2.5069552028099844
2013-11-14,0.0029069944661447395,2.5142535106420665
2013-11-15,0.005413771703227631,2.5279020167656063
2013-11-18,-0.00022429442674311366,2.527335086013974
2013-11-19,0.0007708539300929274,2.529284043281866
2013-11-20,-0.002777584641970507,2.522268490424403
2013-11-21,0.004705277175503,2.534164427676271
2013-11-22,0.002341176079418234,2.540104303249873
2013-11-25,0.0003497855305514663,2.5409929503901365
2013-11-26,-0.0014080380078718582,2.5374176534059645
2013-11-27,0.002714233752671355,2.5443141531677647
2013-11-29,-0.0003110639692863126,2.5435228317903342
2013-12-02,-0.003801121896185083,2.5338729432811107
2013-12-03,-0.00011270868830698867,2.533587369878941
2013-12-04,0.000760965786588127,2.535516076931719
2013-12-05,-0.00793054648662902,2.515487572281509
2013-12-06,0.010807394559383733,2.5428208738284863
2013-12-09,0.004269533473274851,2.55370074211942
2013-12-10,-0.0062277979276824,2.537846230520654
2013-12-11,-0.009710290473055891,2.5133222665494195
2013-12-12,-0.007669043565355696,2.4941212095725565
2013-12-13,-0.0031050035415631366,2.4863889649195055
2013-12-16,0.005086735856580317,2.4990687909428733
2013-12-17,-0.006270400946267442,2.4834476542091632
2013-12-18,0.0182893241116692,2.529286132930329
2013-12-19,0.002045622623599492,2.5344653934655876
2013-12-20,-0.00027059257491446976,2.5337796787275804
2013-12-23,0.007137746836532589,2.551929855237701
2013-12-24,0.003361809143783558,2.560523393183047
2013-12-26,0.005777941684765712,2.5753607715063724
2013-12-27,0.0011153276837019466,2.5782347450835754
2013-12-30,-0.0015334364754237407,2.574284215600378
2013-12-31,0.00337192034340719,2.582979147988038
2014-01-02,-0.005378193378119217,2.566089993832012
2014-01-03,0.00046776483338865037,2.567290601269515
2014-01-06,-0.00017504288823531265,2.566841254636343
2014-01-07,0.006183710584604941,2.5827630351779804
2014-01-08,-0.001742854845029156,2.5782655744575975
2014-01-09,-0.0016382931869347547,2.5740450776823973
2014-01-10,-0.0015205852787911888,2.570133996949815
2014-01-13,-0.011751188722421995,2.5401086297054296
2014-01-14,0.00975763800852381,2.5650154082636565
2014-01-15,0.009534391070013337,2.5895882255432143
2014-01-16,-0.0037887928783379233,2.5797953753715976
2014-01-17,-0.005001508804696221,2.5669247192673166
2014-01-21,0.0005400097038395225,2.5683112578632006
2014-01-22,-0.003487966112373779,2.55936868000023
2014-01-23,-0.008053082254051143,2.538840641433763
2014-01-24,-0.017775463191277825,2.4941103020838282
2014-01-27,-0.005775929397918187,2.479746020540703
2014-01-28,0.005573896377497544,2.493606460344284
2014-01-29,-0.009325020589479446,2.470461609579553
2014-01-30,0.009332879680192892,2.4936260579006686
2014-01-31,-0.0117352939238245,2.4645336609655892
2014-02-03,-0.02185155211441388,2.411263908256443
2014-02-04,0.005379857731003712,2.4242711221427
2014-02-05,-0.0007891431244256455,2.422358779910022
2014-02-06,0.012703436213371345,2.4533273472992256
2014-02-07,0.011150922835532165,2.480837306902129
2014-02-10,0.0024197774962640534,2.486847650103166
2014-02-11,0.011461684678331153,2.5155150884444897
2014-02-12,-0.0027628990051927495,2.5085745667044876
2014-02-13,0.005724004073911287,2.5229748320148953
2014-02-14,0.0035452935127687725,2.531935392843286
2014-02-18,-0.005147068121514194,2.5189368298385
2014-02-19,-0.007712008753924653,2.499585481749286
2014-02-20,0.004100970446108802,2.509857255662234
2014-02-21,-0.003998297559121969,2.499842134582386
2014-02-24,0.005552401277275046,2.5137608666778095
2014-02-25,-0.0005696235927594113,2.512329376925469
2014-02-26,0.0008734543450264482,2.5145247405712654
2014-02-27,0.0061686673545620916,2.530083947698393
2014-02-28,0.0027516757940679935,2.5370555057891675
2014-03-03,-0.008277844701969508,2.5161408379255974
2014-03-04,0.01529906120337287,2.554931403609433
2014-03-05,0.002228817481653008,2.5606322300771023
2014-03-06,0.003280123278915736,2.569045209725833
2014-03-07,0.00099351327472762,2.5715988585770355
2014-03-10,0.0007490106174975886,2.5735257349614056
2014-03-11,-0.0036399241660353913,2.564175324163586
2014-03-12,4.248736456038812e-05,2.5642842715298073
2014-03-13,-0.010675810476693342,2.5370540695016364
2014-03-14,-0.0057537282105369816,2.522498464583331
2014-03-17,0.010756026412648957,2.5497769658425162
2014-03-18,0.008715823449021021,2.572097501335315
2014-03-19,-0.005405755266889754,2.558230885254698
2014-03-20,0.010429793028952783,2.5850523318392113
2014-03-21,-0.0023644646383262735,2.5789472874374417
2014-03-24,-0.00018282600975868038,2.5784758318939827
2014-03-25,0.006206409500253366,2.594528672515551
2014-03-26,-0.00621845508974626,2.578444772819657
2014-03-27,-0.0029325619631686275,2.5708944001336773
2014-03-28,0.0028862247928528777,2.5783252977531586
2014-03-31,0.007026709647141843,2.596506242299151
2014-04-01,0.004220114412346115,2.6067154902132157
2014-04-02,0.0006638560054364396,2.6084465484689936
2014-04-03,-0.002952569930129268,2.600756286230917
2014-04-04,-0.010851125889765693,2.5726877155724415
2014-04-07,-0.007481135026624093,2.553512905492807
2014-04-08,0.005939489674987059,2.568724599159432
2014-04-09,0.008489207631128549,2.5906238577886
2014-04-10,-0.019718416137374076,2.5400412023643932
2014-04-11,-0.009089048216253117,2.5170592456739946
2014-04-14,0.00873701919946063,2.5391471915254233
2014-04-15,0.007341231794370864,2.557856249358612
2014-04-16,0.007885639949932384,2.5781063202340744
2014-04-17,0.0003610780961490082,2.5790373860394724
2014-04-21,0.0033247270823421413,2.5876262513881874
2014-04-22,0.0020284952728101806,2.5928805663817895
2014-04-23,-0.002549256890009833,2.5862790657685326
2014-04-24,0.0035701988921805457,2.5955290988275777
2014-04-25,-0.0076416300082354565,2.5757706154373428
2014-04-28,0.007127758312156423,2.594195672521702
2014-04-29,0.003568366503875728,2.6034692493843306
2014-04-30,0.0013144129568687121,2.6068935330669447
2014-05-01,-0.0017503097042017176,2.602334652908164
2014-05-02,-0.0032737999843701956,2.593829060163589
2014-05-05,-0.0022397004126550667,2.5880261609508013
2014-05-06,-0.01174775504959773,2.5578005526892915
2014-05-07,0.006276042513157739,2.573903897478937
2014-05-08,-0.00022505231723369076,2.5733246996198273
2014-05-09,0.0010869445302162791,2.5761232815026527
2014-05-12,0.008262775800815896,2.5974973937547934
2014-05-13,0.002443986387256495,2.6038534058658613
2014-05-14,-0.005555582318622538,2.5894275929233723
2014-05-15,-0.009687043468138356,2.5644647983176183
2014-05-16,0.002709583747422856,2.571422852914724
2014-05-19,0.0031946521522347214,2.5796507901670953
2014-05-20,-0.004551472040927174,2.567936261119087
2014-05-21,0.008605742206593549,2.590130621081579
2014-05-22,0.0011007587906842948,2.592983299899356
2014-05-23,0.003525112259995923,2.6021399868123796
2014-05-27,0.004107580910345217,2.612850469375984
2014-05-28,-0.002610987698825121,2.6060372474315403
2014-05-29,0.004205540400861107,2.617020120632804
2014-05-30,0.0027609331141145907,2.624255521777332
2014-06-02,-0.001231189076564616,2.621026555186882
2014-06-03,-0.002121535599066665,2.6154718483815067
2014-06-04,-0.00026556604125880156,2.614777360097042
2014-06-05,0.01095880740385239,2.643589788162396
2014-06-06,0.004640210371808668,2.65588510528382
2014-06-09,0.003239342964963273,2.664502377630317
2014-06-10,0.0015762615649046801,2.668705642169657
2014-06-11,-0.004764451777286018,2.656020964592256
2014-06-12,-0.007932556793185209,2.635035272587978
2014-06-13,0.001002364202895564,2.6376778618157517
2014-06-16,-0.00022607583732846555,2.6370816139856923
2014-06-17,0.001325647549841911,2.640579772916625
2014-06-18,0.0077588853617604385,2.6611474164761124
2014-06-19,-0.00046589994686488926,2.6599078768093305
2014-06-20,-0.001316680082333188,2.656407933745394
2014-06-23,0.003230578723955963,2.6650035456229517
2014-06-24,-0.006060442438764571,2.6489012877240707
2014-06-25,0.0026959000220009945,2.6560520953642297
2014-06-26,-0.0037906721839811547,2.646002931143966
2014-06-27,0.0027066958542334126,2.6531745576354306
2014-06-30,-0.0019834059147671593,2.647917450736776
2014-07-01,0.008572890983404635,2.6700090901853764
2014-07-02,0.0033538798468072646,2.678979013478033
2014-07-03,0.00511857260114391,2.6927267163475204
2014-07-07,-0.0014065559086957238,2.6889419080703503
2014-07-08,-0.00853949758721293,2.666077459531011
2014-07-09,0.0036445733016747294,2.675811902430418
2014-07-10,-0.0031298053423035673,2.667450224081669
2014-07-11,0.0029335744442514668,2.675286876972579
2014-07-14,0.008157174972978107,2.6971989087684674
2014-07-15,0.001512819862017264,2.70128237284345
2014-07-16,0.004949822367120854,2.7146863871299756
2014-07-17,-0.0101372710649005,2.687305891597634
2014-07-18,0.009186930479407291,2.712107735971901
2014-07-21,-0.0028405840141605626,2.7044146976261643
2014-07-22,0.003475018965954119,2.7138289378502134
2014-07-23,0.0015357105544948845,2.71799979538842
2014-07-24,0.0010078559260452836,2.7207405284892436
2014-07-25,-0.008150918641489553,2.698654128302679
2014-07-28,-0.000385503138206495,2.697613989168616
2014-07-29,-0.005083019291347725,2.683936755490689
2014-07-30,0.0008010637711788226,2.6860876213649942
2014-07-31,-0.02077044578135212,2.6308717977439917
2014-08-01,-0.005511990399261676,2.6164103499478473
2014-08-04,0.006445167227778194,2.633328012207412
2014-08-05,-0.009193827846020538,2.6092286004753467
2014-08-06,0.005672260761536354,2.62407088032924
2014-08-07,-0.005178848300254264,2.6105163440493926
2014-08-08,0.00873635019670855,2.6334226420546294
2014-08-11,0.0015187372816746615,2.637425157815139
2014-08-12,-0.0006661114499353193,2.6356689237079323
2014-08-13,0.0070470494130194915,2.6543082117045
2014-08-14,0.0052561259169305406,2.668296319311079
2014-08-15,-0.0014728018634845206,2.6643693400606967
2014-08-18,0.009126046250541083,2.6887957867990364
2014-08-19,0.004472275983635863,2.7008477533937554
2014-08-20,0.0006313042365551284,2.702553348340775
2014-08-21,0.006920240033911421,2.7213205280136
2014-08-22,-0.002403538024822696,2.7147875848804706
2014-08-25,0.004508289995832744,2.7270542646887757
2014-08-26,0.003070017126748839,2.7354392323984857
2014-08-27,-6.756085517574574e-05,2.735254430027437
2014-08-28,-0.0035064636838924414,2.725680155435288
2014-08-29,0.003498615672330416,2.735232963803279
2014-09-02,0.0005895550841073091,2.736846009746304
2014-09-03,-0.0012446447378209747,2.7334417277623517
2014-09-04,0.000929048502703597,2.7359824077314725
2014-09-05,0.003772201541002955,2.746322575122472
2014-09-08,-0.003477686634865955,2.7367883140033578
2014-09-09,-0.007401259204299147,2.716607408483944
2014-09-10,0.005354293532580714,2.7311919320288287
2014-09-11,0.001959062484333954,2.736547752160592
2014-09-12,-0.0032837427050244755,2.7275763713571237
2014-09-15,0.001117068841124087,2.730624964360466
2014-09-16,0.006028793602781773,2.747137062680711
2014-09-17,0.00152946294707593,2.751341921797041
2014-09-18,0.007243285731572394,2.7713430268947197
2014-09-19,0.0014801875311111548,2.7754481717301447
2014-09-22,-0.005582806479682091,2.759996553522745
2014-09-23,-0.004966883509805163,2.7463219603222644
2014-09-24,0.006681857011505499,2.7647339355580436
2014-09-25,-0.017885421868642316,2.7157250812232636
2014-09-26,0.007004289334870705,2.7348135780834206
2014-09-29,-0.003968690797754586,2.7239814574887804
2014-09-30,0.0001037657523514024,2.724264128139621
2014-10-01,-0.011776997063065791,2.6917618986470955
2014-10-02,0.00036337318026818857,2.6927401904604706
2014-10-03,0.011457283878157507,2.723769093278783
2014-10-06,0.0010971061508649733,2.726758996925498
2014-10-07,-0.013896214359314438,2.6891294292031716
2014-10-08,0.018120641379136743,2.7383023561813378
2014-10-09,-0.018510269436802482,2.6880818730187523
2014-10-10,-0.007434247073718649,2.6681721069780204
2014-10-13,-0.010784623629192053,2.6395514837514575
2014-10-14,-0.0007807897361112099,2.637491353413979
2014-10-15,-0.013955701605055167,2.600938961485464
2014-10-16,-0.0061365059018018185,2.585027155575669
2014-10-17,0.009499658561956005,2.6097010421212414
2014-10-20,0.0039483424258002445,2.62002540411018
2014-10-21,0.010729723423301734,2.6482889107055536
2014-10-22,-0.005092119650833932,2.634837783143034
2014-10-23,0.009095840986092028,2.6589131756252855
2014-10-24,0.003348568214930136,2.6678316515003604
2014-10-27,-0.0004927957723802555,2.666517279226228
2014-10-28,0.010268898335255435,2.6940405490446793
2014-10-29,0.0014832574051299335,2.698039469619895
2014-10-30,0.0032158787022126037,2.706730003649923
2014-10-31,0.01050568414669472,2.7353159486760754
2014-11-03,4.175938994379571e-06,2.7353273712124575
2014-11-04,-0.0004486398824665197,2.734100469501228
2014-11-05,0.003975335199893149,2.744991067884962
2014-11-06,0.004615917268402085,2.7576910079436656
2014-11-07,0.002374228098107202,2.76424617407116
2014-11-10,0.004446021451890083,2.7765634329683206
2014-11-11,0.0009675364924333279,2.779251159440324
2014-11-12,-0.001460825127551371,2.7751941235423083
2014-11-13,0.004325913746586929,2.7872253782736385
2014-11-14,0.002287806103242998,2.793609309318883
2014-11-17,-0.0006494001643178382,2.79179572790814
2014-11-18,0.0023541326092470297,2.7983757273263348
2014-11-19,0.0003265000269928318,2.7992895462496765
2014-11-20,0.0002457872095043388,2.7999776603772055
2014-11-21,0.003855190574439619,2.8107929419527595
2014-11-24,0.0007190397560747067,2.812814740613817
2014-11-25,-0.0027416551203767307,2.8051135345270457
2014-11-26,0.003624968757813865,2.8153004358964355
2014-11-28,0.00043317484293153055,2.8165202173908153
2014-12-01,-0.0069849640758090185,2.7969154737775805
2014-12-02,0.006158951549389454,2.814194696997049
2014-12-03,-0.0008166505567777148,2.811897421494199
2014-12-04,-0.0011636789880229233,2.8086271786737913
2014-12-05,0.0005937695682442324,2.8102953512270687
2014-12-08,-0.006675906414675392,2.7915965675763443
2014-12-09,-0.0026605255115339146,2.784179324947198
2014-12-10,-0.01567049995108011,2.740889912200518
2014-12-11,0.003207827797822404,2.7496963322395254
2014-12-12,-0.017474582687112255,2.7020639266066735
2014-12-15,-0.005781615764231928,2.6864867053583366
2014-12-16,-0.011791280088649268,2.6549956131661396
2014-12-17,0.019341736695388367,2.706847677238587
2014-12-18,0.027660695784461706,2.782766105183612
2014-12-19,0.003172254398492456,2.791607763781333
2014-12-22,0.006532015408376179,2.8099022736707866
2014-12-23,0.004391005498596898,2.8222676984610513
2014-12-24,-0.001875729600652195,2.8169788491743373
2014-12-26,0.0025769537448104367,2.8242474347508106
2014-12-29,-0.001419115342653072,2.820242344399441
2014-12-30,-0.0026899551709178974,2.8126662132168243
2014-12-31,-0.009982356578648884,2.7847288484982147
2015-01-02,-0.000438454373168257,2.7788187818391403
2015-01-05,-0.017238787370213338,2.7313258521171107
2015-01-06,-0.00904406017569982,2.706734945189723
2015-01-07,0.008700246835142887,2.7303869472650004
2015-01-08,0.018026719551847783,2.7800531817059246
2015-01-09,-0.008824628649452609,2.7556281740687454
2015-01-12,-0.007694532930910618,2.73450626814993
2015-01-13,-0.0022262895100163983,2.7284252371095317
2015-01-14,-0.008214676315754982,2.7061039136801837
2015-01-15,-0.012077027717324482,2.673618778488996
2015-01-16,0.012130557130363378,2.706248773711407
2015-01-20,0.001701141961650868,2.710856405065391
2015-01-21,0.002746816355782593,2.7183128658529774
2015-01-22,0.01772775254712573,2.766932125482121
2015-01-23,-0.00864360730011117,2.7431189150439415
2015-01-26,0.0004292838828741293,2.7442967445765065
2015-01-27,-0.020528239561946646,2.6885354622325535
2015-01-28,-0.014116943371860254,2.6508481997174966
2015-01-29,0.0088851888761189,2.6745064349536527
2015-01-30,-0.016401482226031064,2.630998339160632
2015-02-02,0.014090149575541538,2.668331899358292
2015-02-03,0.01324074359450053,2.7038975359960657
2015-02-04,0.0014400833246435883,2.707794178820958
2015-02-05,0.009850587557563163,2.734599349054593
2015-02-06,0.0018496559982456506,2.739662097871828
2015-02-09,-0.0034056446741713613,2.7303476520882524
2015-02-10,0.010683584531392945,2.7596739279643505
2015-02-11,-0.00016132776935789627,2.759228751835998
2015-02-12,0.00957687156083285,2.7857804694584787
2015-02-13,0.0031483168883098787,2.794564809845405
2015-02-17,0.0007141460736287338,2.7965612501219996
2015-02-18,-0.004471772360542654,2.7840835842525404
2015-02-19,-0.0024483735886355546,2.777275445370983
2015-02-20,0.00409338186104254,2.788667193783883
2015-02-23,-0.002597250501787692,2.7814337241480698
2015-02-24,0.0047759257529086,2.7947494171715395
2015-02-25,0.0006195983531858459,2.7964815758739108
2015-02-26,0.0008826177506543779,2.7989508897219695
2015-02-27,-0.003784450827496095,2.788378415833323
2015-03-02,0.007308845399235993,2.8088329008684965
2015-03-03,-0.002694615884455455,2.801274363368157
2015-03-04,-0.003594829869578902,2.7912223371009994
2015-03-05,-0.00023762317602074636,2.7905591567809047
2015-03-06,-0.013025897732599023,2.7544453366815334
2015-03-09,0.0020781818059208224,2.760175526991938
2015-03-10,-0.019485563613542686,2.7069125658463533
2015-03-11,-0.00028862401749362007,2.706131398603832
2015-03-12,0.010966430542165992,2.735971320287246
2015-03-13,-0.004020433173552229,2.7249936127858407
2015-03-16,0.010718244153324548,2.7543578450343373
2015-03-17,-0.002259115828486479,2.7481424549158104
2015-03-18,0.011047739264347468,2.7786715444172803
2015-03-19,-0.007740243055732542,2.7572469739473378
2015-03-20,0.009082002760830576,2.782402356296084
2015-03-23,0.0008017262769199505,2.784633975832568
2015-03-24,-0.006142547267704761,2.767581655969713
2015-03-25,-0.014308719269342053,2.728263077089481
2015-03-26,-0.0015301805377713905,2.7240915344476355
2015-03-27,0.00022603447145125725,2.724707342632126
2015-03-30,0.01161299343588604,2.7565337936202816
2015-03-31,-0.00854630030214319,2.733076009439085
2015-04-01,-0.004317679879503178,2.720414915915749
2015-04-02,0.0018340756173094454,2.725408940891793
2015-04-06,0.0056274403472105815,2.740789252432545
2015-04-07,-0.00011091479265980825,2.7404852752189837
2015-04-08,0.0009157868721168248,2.7429961251834962
2015-04-09,0.0033550051259010434,2.7522143461864363
2015-04-10,0.004214145989612868,2.763837051924704
2015-04-13,-0.001597253302920302,2.7594260277640292
2015-04-14,0.0004585881331040679,2.7606917579967902
2015-04-15,0.007307878460181429,2.7809404552242056
2015-04-16,-0.0006101987638227909,2.779244046422077
2015-04-17,-0.011972495317688016,2.746167956848074
2015-04-20,0.010192028792847318,2.7743000980064383
2015-04-21,-0.0037193677758035983,2.7640006212657697
2015-04-22,0.007124395859856259,2.7837627689411955
2015-04-23,0.0006665991068294765,2.7856190413426223
2015-04-24,0.005311988382635165,2.8004555882238575
2015-04-27,-0.00021424111045423622,2.7998556797736796
2015-04-28,0.004238779165583395,2.811748838124387
2015-04-29,-0.00041177400423345533,2.8105912713907144
2015-04-30,-0.009607074483788785,2.783719000340748
2015-05-01,0.008748915321284096,2.808180371355049
2015-05-04,0.004489686429185218,2.8208165657082387
2015-05-05,-0.009686733672848015,2.793623983178057
2015-05-06,-0.007283477753024769,2.773350605019201
2015-05-07,0.0030866674258396187,2.781924241166735
2015-05-08,0.013301183048231606,2.819174310527234
2015-05-11,-0.0065704415938532745,2.8007118101869826
2015-05-12,-0.0032925772905466884,2.791505414784869
2015-05-13,0.00191481165912446,2.7968557426999947
2015-05-14,0.011839679848499188,2.8301664240595477
2015-05-15,-0.001816184076045198,2.825030985729886
2015-05-18,0.002383192244219154,2.831771606572074
2015-05-19,0.0002416193519251024,2.8324559000583993
2015-05-20,-0.0012377651152429205,2.8289521538096127
2015-05-21,0.0009712485720024715,2.831701104290282
2015-05-22,-0.0031801241033617136,2.8227102469532617
2015-05-26,-0.010633028471421184,2.792855294098797
2015-05-27,0.009355258614636658,2.8191057762177127
2015-05-28,-0.0009088449679634818,2.8165448100557247
2015-05-29,-0.005898781699032014,2.7999795325866894
2015-06-01,0.0020073458380761933,2.8056057047956173
2015-06-02,-0.0010089551619997211,2.8027764019970767
2015-06-03,0.003540070977615072,2.812716012477477
2015-06-04,-0.00856853053958737,2.7887181295480588
2015-06-05,-0.0010629529664435275,2.785755428224716
2015-06-08,-0.007117928970177701,2.7659970218463323
2015-06-09,0.0016300860403929774,2.7705095118536884
2015-06-10,0.01249611341138288,2.8053473282392254
2015-06-11,0.000595324740670078,2.8070179181323067
2015-06-12,-0.006752155634103298,2.7881283407317223
2015-06-15,-0.0057654646877658465,2.7720997358160817
2015-06-16,0.007429491455480343,2.7927717232074345
2015-06-17,0.0013006833538210636,2.796406598297144
2015-06-18,0.007365913318002274,2.817080735377168
2015-06-19,-0.008294334249676374,2.793811560707824
2015-06-22,0.006789098510962913,2.8128435545534676
2015-06-23,0.003115479611673677,2.821620576515691
2015-06-24,-0.005677518301330105,2.8056461644716753
2015-06-25,-0.003905427198079278,2.7947102861708637
2015-06-26,-0.0011885102546536166,2.7913907173984835
2015-06-29,-0.019435683468314563,2.7376619499447576
2015-06-30,0.0008522082980891604,2.7399960025841166
2015-07-01,0.0071008235724025716,2.758747060833784
2015-07-02,-8.930453293566824e-05,2.758500703216618
2015-07-06,-0.0028552345372516645,2.750635770195108
2015-07-07,0.00390039411968135,2.7613852838206707
2015-07-08,-0.014316675464746298,2.722133077874911
2015-07-09,0.002363815908884031,2.7285753104767156
2015-07-10,0.011640357097376961,2.7605224789519944
2015-07-13,0.01347348151524264,2.797968021990125
2015-07-14,0.004291307983787926,2.8100007641369302
2015-07-15,0.0032222767460211126,2.8190699681509312
2015-07-16,0.010302207000282233,2.8482627272361287
2015-07-17,0.007780980946836701,2.8705114514464296
2015-07-20,0.00219951653441139,2.8768321375246493
2015-07-21,-0.002897564980355821,2.8685083945853824
2015-07-22,-0.003107706398410391,2.8596077501518784
2015-07-23,-0.006569045964618056,2.8408844199383605
2015-07-24,-0.010102089125256189,2.812330024692606
2015-07-27,-0.007230117509579174,2.792069878016486
2015-07-28,0.010829296339588925,2.8224703408395397
2015-07-29,0.00841148743564682,2.8463116444916694
2015-07-30,-0.0025759855977707164,2.838989022222671
2015-07-31,-0.006865637068606866,2.8195643117622
2015-08-03,-0.0017249081318162958,2.8147050144781876
2015-08-04,-0.001682278719530731,2.8099738767924825
2015-08-05,0.0006122958774377016,2.8116949390588455
2015-08-06,-0.005998032574341874,2.794880777578771
2015-08-07,-0.004018189164676873,2.7836729505862126
2015-08-10,0.011465184154356413,2.815771932340652
2015-08-11,-0.00834085881640232,2.792383650963532
2015-08-12,0.0010252702726311156,2.795248067060064
2015-08-13,-0.002269418727480697,2.7889116714356788
2015-08-14,0.003071600985601912,2.7974912650730404
2015-08-17,0.002627881710608803,2.8048524090757687
2015-08-18,-0.003998118888899379,2.79366066355135
2015-08-19,-0.009248249769425957,2.767943295585531
2015-08-20,-0.02238394206423887,2.706674094519949
2015-08-21,-0.035643789719090165,2.611897111818191
2015-08-24,-0.03982823802854663,2.5099142319821923
2015-08-25,-0.012210088375386214,2.479454295084658
2015-08-26,0.04470103667673748,2.592803001144387
2015-08-27,0.022650004799864894,2.6522001349298785
2015-08-28,0.00027627267125072654,2.6529329665718637
2015-08-31,-0.005742248564602068,2.637742820588795
2015-09-01,-0.031450846098815814,2.5560745765506536
2015-09-02,0.01890858742106462,2.604866172499528
2015-09-03,0.0004962519060442838,2.606159163100611
2015-09-04,-0.016326743915930655,2.563954539392425
2015-09-08,0.025202996800864103,2.6293950621901354
2015-09-09,-0.014614682999655676,2.5912467287780765
2015-09-10,0.0068449160240701265,2.6090444374554362
2015-09-11,0.004931765257275514,2.6219434133830384
2015-09-14,-0.0026159232759189657,2.6150935738133625
2015-09-15,0.012800375580409161,2.648782911828413
2015-09-16,0.006255593977897854,2.6654045571889338
2015-09-17,-0.007124684154309001,2.6464818806669204
2015-09-18,-0.01606773407038257,2.604298715068872
2015-09-21,0.0074373038573572366,2.6237398812651915
2015-09-22,-0.011083315220204238,2.594820701333953
2015-09-23,-0.0004325936531400971,2.5936984411263424
2015-09-24,-0.00015390388609511093,2.593299291573016
2015-09-25,0.0027798513143620484,2.6005183072635685
2015-09-28,-0.01704031694287599,2.5565800749929695
2015-09-29,0.0005580278848001943,2.558007116091872
2015-09-30,0.01633714059040772,2.600140873408762
2015-10-01,0.00013161090007511258,2.5997317139731715
2015-10-02,0.01130641854856886,2.629292165358663
2015-10-05,0.017797272325567843,2.6765052801849785
2015-10-06,0.0005855032636993149,2.6780728416232225
2015-10-07,0.00626903873167512,2.694914519401107
2015-10-08,0.005392683328137881,2.7094865959836225
2015-10-09,-0.000203090078248361,2.708936382012222
2015-10-12,0.0007356985572758696,2.7109300758891504
2015-10-13,-0.0026038014100389487,2.7038805341212933
2015-10-14,-0.007344029798466514,2.684095893326252
2015-10-15,0.01675765427748004,2.7294540309011115
2015-10-16,0.003976077598298394,2.7403281557852144
2015-10-19,0.00010261611235742268,2.740609372035557
2015-10-20,-0.0008847496094524472,2.738185691297381
2015-10-21,-0.0063889459559573905,2.720747336568707
2015-10-22,0.020209240424490627,2.7762909301634298
2015-10-23,0.017211891218760066,2.824489754203783
2015-10-26,-0.002044198946096055,2.8187218326231465
2015-10-27,-0.0025981970229496157,2.8114077437855807
2015-10-28,0.01500900296677105,2.8539224243316386
2015-10-29,-0.002065631350948099,2.848033357113674
2015-10-30,-0.009233750684362626,2.821856369036056
2015-11-02,0.015184103866306682,2.86503068135207
2015-11-03,0.005780281580695935,2.881639320489577
2015-11-04,-0.0027436909873283025,2.8737438290046318
2015-11-05,0.0020346966517036913,2.879596978623996
2015-11-06,0.004547130835026217,2.8927206978595517
2015-11-09,-0.009987180365745914,2.8639743608671098
2015-11-10,0.0018594395950031482,2.8693047023810014
2015-11-11,-0.0035298623192070743,2.8591943064804024
2015-11-12,-0.01414125682372477,2.8190462465457307
2015-11-13,-0.013578793017732484,2.781025721670363
2015-11-16,0.01509829574912896,2.8233330510980905
2015-11-17,-0.00045706112723044925,2.822042910170302
2015-11-18,0.01714859903181581,2.8708543199582
2015-11-19,0.0012616188922057456,2.87447852971006
2015-11-20,0.00012260687970273545,2.8748309821594664
2015-11-23,-0.0033298068728776537,2.865274270029669
2015-11-24,0.001446136808666254,2.8694208461540165
2015-11-25,-0.001038967470083319,2.866441159403722
2015-11-27,-0.0009696057199047891,2.8636631886456008
2015-11-30,-0.003649306299857336,2.853231849682659
2015-12-01,0.01281367755696602,2.8900274828332138
2015-12-02,-0.010779119090822744,2.859042826079403
2015-12-03,-0.013400795578302335,2.820984950064415
2015-12-04,0.022708014154330942,2.885776778967492
2015-12-07,-0.005740425354257264,2.869258648685145
2015-12-08,-0.00903414345720422,2.8434540909797974
2015-12-09,-0.006691936431021181,2.8244894029747383
2015-12-10,0.0024960195929519674,2.8315481896347983
2015-12-11,-0.018397654505975854,2.7799306213430044
2015-12-14,0.01056177500671326,2.8094472225668667
2015-12-15,0.015570199176477914,2.853533198463456
2015-12-16,0.014271930317387747,2.8945506281519644
2015-12-17,-0.016037880494875038,2.8484984478729523
2015-12-18,-0.022305770648471383,2.7856638867001275
2015-12-21,0.006852660314589002,2.804818650654447
2015-12-22,0.00770375885185766,2.8265097413516456
2015-12-23,0.009924874769870445,2.854702168304027
2015-12-24,-0.0027325816166584613,2.8469121099703467
2015-12-28,-0.0014682643133072698,2.842735157701522
2015-12-29,0.009751866404893622,2.8705927421363575
2015-12-30,-0.007431486814477753,2.8493390411375503
2015-12-31,-0.011166379471659186,2.817699220043403
2016-01-04,-0.017456424349196312,2.764168813533523
2016-01-05,0.002443512045491727,2.7709313521326413
2016-01-06,-0.010713628049018178,2.741403084158369
2016-01-07,-0.02279603366817047,2.679616882939376
2016-01-08,-0.011065874361104266,2.650128040009573
2016-01-11,0.003681548202442075,2.659902595840543
2016-01-12,0.007816999818522264,2.680776533440162
2016-01-13,-0.022502456783137805,2.621126132663587
2016-01-14,0.01951723696221394,2.6727857592400053
2016-01-15,-0.024702232699137905,2.6075707774380197
2016-01-19,0.0002263818364454818,2.608161150921673
2016-01-20,-0.014741635002356744,2.5699946010614925
2016-01-21,0.006924883138158419,2.587853276593877
2016-01-22,0.02177114677965546,2.644811584206603
2016-01-25,-0.013532613600378347,2.6092614565897203
2016-01-26,0.015530029320861583,2.650099651919267
2016-01-27,-0.010605114877021449,2.622143541570559
2016-01-28,0.018785830987616183,2.671868284936076
2016-01-29,0.022639908830254855,2.7330490899961455
2016-02-01,-0.003291916172414306,2.7240669138936093
2016-02-02,-0.018973917339206114,2.672867951879821
2016-02-03,0.002802604065729606,2.680369449422576
2016-02-04,0.0005433327626966004,2.6818261776688326
2016-02-05,-0.01756410967015134,2.635133546193564
2016-02-08,-0.008641889349910286,2.6124591296789497
2016-02-09,-0.0024452439298918572,2.606078833719093
2016-02-10,-0.0023843769236774797,2.599872361711452
2016-02-11,-0.009987952891279192,2.5740342089646586
2016-02-12,0.020210957374571188,2.626587188756464
2016-02-16,0.011003661666357202,2.655648864710457
2016-02-17,0.013991408162157689,2.6930662826964307
2016-02-18,-0.007776249318640589,2.6722055421310977
2016-02-19,0.0018613112395307252,2.677183980114982
2016-02-22,0.014518982073267742,2.7163375132545995
2016-02-23,-0.014583681609192298,2.6770107731571495
2016-02-24,0.002692494003952773,2.6842283208540256
2016-02-25,0.01002560714231622,2.7112746910786187
2016-02-26,-0.004605844389950857,2.6988156958748943
2016-02-29,-0.007927043620963433,2.677506636634621
2016-03-01,0.025788177181083387,2.7474526661769727
2016-03-02,0.005176635240584722,2.761712102577883
2016-03-03,4.573446613853565e-05,2.761838410894822
2016-03-04,0.001599686770320846,2.7662600229167142
2016-03-07,-0.0015889836650440255,2.7618679713002856
2016-03-08,-0.008080935633540424,2.7396394286699874
2016-03-09,0.006858620671036491,2.7584941611039016
2016-03-10,-0.0013025399476751598,2.7549034512927895
2016-03-11,0.012682939629651264,2.7900662378536594
2016-03-14,-0.0006548682536867479,2.7882397101815752
2016-03-15,0.0024826679612645827,2.7951705835470424
2016-03-16,0.0009351858082765332,2.7977858100792563
2016-03-17,0.005782888821825461,2.8140119661752787
2016-03-18,0.002032717778047494,2.819737875934249
2016-03-21,0.0022781755493302643,2.8261690567165982
2016-03-22,-0.0011107548321676705,2.823031618565196
2016-03-23,-0.0028355999157435394,2.8150379690974914
2016-03-24,0.0020901628536685655,2.820928010320493
2016-03-28,-0.00028631512295356344,2.820120451584031
2016-03-29,0.007802332806236836,2.8422100329726727
2016-03-30,0.004833916342445583,2.855982298672097
2016-03-31,-0.004116473315821682,2.844249888393556
2016-04-01,0.006470147101802315,2.8616187592894526
2016-04-04,-0.002715145437458056,2.853859586579342
2016-04-05,-0.008776276689462867,2.8289229108555722
2016-04-06,0.011551676217060344,2.8617911887188563
2016-04-07,-0.012665061421997005,2.8257749826942278
2016-04-08,0.0016801262294335532,2.8305266319286297
2016-04-11,-0.003729661656843467,2.8199893876735342
2016-04-12,0.011043199322602358,2.851303679314639
2016-04-13,0.010961302153966646,2.882729600332411
2016-04-14,0.00296525346278489,2.8912903103268817
2016-04-15,-0.0025866166820076655,2.8838213144566502
2016-04-18,0.008624579749397473,2.9088006245552833
2016-04-19,0.006195325542099258,2.9268775296985106
2016-04-20,0.0012970628901882392,2.930676337039839
2016-04-21,-0.005303045839078641,2.9151759620101596
2016-04-22,-0.00503784304931576,2.900526694390961
2016-04-25,8.909284940916904e-05,2.9007851220908107
2016-04-26,-0.002835618065931605,2.892571254592549
2016-04-27,-0.0012025320619009593,2.8890949355290547
2016-04-28,-0.006433000687936301,2.87056903826503
2016-04-29,0.0005441118483566539,2.872131373894394
2016-05-02,0.010431008242003926,2.9022473971044263
2016-05-03,-0.0085430025392694,2.877559096480618
2016-05-04,-0.003985615336517792,2.8661130776797727
2016-05-05,-0.0001342207577533117,2.865728411626342
2016-05-06,0.006792918034898923,2.8852613375089295
2016-05-09,-0.0008151457124053361,2.8829103874141118
2016-05-10,0.012200174023249853,2.9182978233386603
2016-05-11,-0.008774030965519083,2.892804590623275
2016-05-12,0.0018714786785143207,2.898223481823798
2016-05-13,-0.011148992886892129,2.866090665949969
2016-05-16,0.007577424378085329,2.887890741134049
2016-05-17,-0.009360971350667109,2.8609834144848776
2016-05-18,0.0039335127938073785,2.8722592917134424
2016-05-19,0.00010536945731616747,2.8725619560617908
2016-05-20,0.004683040678765303,2.88604582867353
2016-05-23,-0.003716246324085308,2.8753404756564875
2016-05-24,0.01275672275756008,2.9122553527570614
2016-05-25,0.0080408361834633,2.93576671982126
2016-05-26,-0.00014514898379291435,2.9353406271894293
2016-05-27,0.004271591861487961,2.947906022336853
2016-05-31,-0.002533017570239517,2.9404483737517744
2016-06-01,0.0003811672215905265,2.9415693899223645
2016-06-02,0.0018500814495586574,2.9470165701931172
2016-06-03,-0.005194363118553543,2.931748384590976
2016-06-06,0.004708014390916957,2.9455836409137905
2016-06-07,0.0005837365104265057,2.9473035875785
2016-06-08,0.003511776682183984,2.9576720548075746
2016-06-09,-0.0014040703897714858,2.9535221890863137
2016-06-10,-0.006838840116588039,2.9333924335992534
2016-06-13,-0.008646801160226775,2.9081373178374084
2016-06-14,-1.48765576318321e-05,2.9080940550867993
2016-06-15,-0.002624421105260549,2.9004719977913602
2016-06-16,0.0039652195262676534,2.9119958381717668
2016-06-17,-0.00709801131526104,2.891399641254472
2016-06-20,0.004820548423464053,2.905371422003579
2016-06-21,0.005396483205146382,2.921092591447889
2016-06-22,-0.0030844632535488455,2.9120964699248444
2016-06-23,0.012429712052745078,2.948518881630219
2016-06-24,-0.03318411651061096,2.8522805113709904
2016-06-27,-0.014548961928821021,2.8110832065022247
2016-06-28,0.018750408234141428,2.864289424523869
2016-06-29,0.01541361133607028,2.9087804714774155
2016-06-30,0.009440190536045454,2.9363699333531486
2016-07-01,0.00032156665987341835,2.9363317672303264
2016-07-05,-0.0037485245276920915,2.925345459665557
2016-07-06,0.006113756553977624,2.94328509303883
2016-07-07,-0.0015656147238638314,2.938680647894711
2016-07-08,0.01229932997548154,2.9750476372310493
2016-07-11,0.003993019987292032,2.9869508108992906
2016-07-12,0.004544182291157552,3.000554946304355
2016-07-13,-0.0001659859922153934,3.0000569375467783
2016-07-14,0.005647355272635944,3.017047254935028
2016-07-15,-0.0013658909419193511,3.012929110526496
2016-07-18,0.005024782532947033,3.0281065237607145
2016-07-19,0.0010919761519192126,3.0314149499026053
2016-07-20,0.003339191132062169,3.04155434308547
2016-07-21,-0.00413581682371062,3.029001008502994
2016-07-22,0.00294360539731809,3.03793032796902
2016-07-25,-0.005128069259678892,3.0223914870196
2016-07-26,-0.0033034714488159103,3.012423576453984
2016-07-27,0.001463511260185411,3.0168355199555874
2016-07-28,0.002223940241898943,3.023552247904035
2016-07-29,0.0012178121121261083,3.0272366094278773
2016-08-01,-0.0012769519238293007,3.0233734408807784
2016-08-02,-0.00468364774788635,3.009246134162886
2016-08-03,0.00235749024186487,3.0163487714690524
2016-08-04,0.001804583698942486,3.0217969396516096
2016-08-05,0.009304684531123224,3.0500450228405955
2016-08-08,0.00020953783973535927,3.0506841896482544
2016-08-09,0.002309149118476296,3.0577368140023697
2016-08-10,-0.0032836388579670535,3.0477127772476087
2016-08-11,0.0027335061295849688,3.0560551155273066
2016-08-12,-0.0003342911246586043,3.0550336741646213
2016-08-15,0.0017542225574509274,3.060397586522111
2016-08-16,-0.0038962563355586792,3.0484966925584818
2016-08-17,0.004043566355502325,3.0608484469589317
2016-08-18,0.0010521746896526997,3.0640706891072296
2016-08-19,-0.0037473865004905315,3.0526099193491314
2016-08-22,-0.001279071756487791,3.0487079082258104
2016-08-23,0.001089834888879492,3.0520323076644007
2016-08-24,-0.0015139330940451578,3.0474152308043196
2016-08-25,-0.0005119739267491828,3.0458554329841476
2016-08-26,0.00045780837949785364,3.047250170360976
2016-08-29,0.006081570847356487,3.065838704613491
2016-08-30,3.589448528312012e-05,3.0659487532908125
2016-08-31,-0.0011488568234893771,3.0624284397004673
2016-09-01,0.0005502754573723302,3.0641140826522317
2016-09-02,0.003580849071591161,3.0751058809605563
2016-09-06,0.004002967146324911,3.0874400990383553
2016-09-07,-0.0008613460756455683,3.0847818896087356
2016-09-08,-0.0010998787726067222,3.08139086868805
2016-09-09,-0.021486192419137875,3.015889716642904
2016-09-12,0.013600748833454584,3.0571882842945417
2016-09-13,-0.013469467204536784,3.0162856735479067
2016-09-14,-0.0006591370149573127,3.014298183099004
2016-09-15,0.008773465574380978,3.0408603752964596
2016-09-16,-0.003996746931111987,3.0287310809296657
2016-09-19,-0.0019350534789808202,3.022875991097589
2016-09-20,0.0016171944347873465,3.027768524349924
2016-09-21,0.005929101574233592,3.0457737962703244
2016-09-22,0.005389544511875962,3.062233444880654
2016-09-23,-0.005151347854170131,3.0464993758206056
2016-09-26,-0.010774949927841617,3.013849712717132
2016-09-27,0.008512792629030638,3.0396155041576343
2016-09-28,0.006224275336316964,3.0585939101129878
2016-09-29,-0.010981094504527233,3.0251909375899464
2016-09-30,0.00955275161786969,3.054228307789028
2016-10-03,-0.0028844138881411337,3.044198162022471
2016-10-04,-0.0019127346784002682,3.0383809837628806
2016-10-05,0.005963688593945985,3.056555080241419
2016-10-06,-0.001130040828660038,3.053102999069389
2016-10-07,-0.0009456865882078458,3.0502170853107984
2016-10-10,0.005209645128531542,3.0661490979227777
2016-10-11,-0.008173022832509444,3.041191519692769
2016-10-12,0.00043159237572409123,3.0425043580509192
2016-10-13,-0.005375188971123413,3.0261941965513395
2016-10-14,0.0015540568346867959,3.03090073048897
2016-10-17,-0.001928415192427623,3.0250615274870074
2016-10-18,0.0036150555470179095,3.036017083482586
2016-10-19,0.003176349752731612,3.0456758673120286
2016-10-20,-0.0034315050154161892,3.0352425265664738
2016-10-21,0.001026512000526807,3.038359839150159
2016-10-24,0.006557071508468879,3.058348042306311
2016-10-25,-0.0006970831121024693,3.0562168624261385
2016-10-26,-0.00020850098072993235,3.055579704639319
2016-10-27,-0.0012689301394743185,3.0517048464406495
2016-10-28,-0.0026224030714172095,3.0437125303956183
2016-10-31,-0.0015494987705287355,3.0389999535808045
2016-11-01,-0.0047767560243118295,3.0245180081413974
2016-11-02,-0.008538629067805371,2.9988027136791384
2016-11-03,-0.004329567094544052,2.9858472621130137
2016-11-04,-0.004735539629560735,2.971741090603856
2016-11-07,0.021186509394660703,3.0353736063853147
2016-11-08,0.004675736705449183,3.0495994463948826
2016-11-09,0.01287115478813684,3.0891050086198497
2016-11-10,0.002683193666051732,3.0974048056145587
2016-11-11,-0.0004158667875552715,3.096116965631788
2016-11-14,-0.0031130134355589725,3.086493698371323
2016-11-15,0.008946518914009372,3.1142309635979832
2016-11-16,-0.0007652599848366918,3.1118486789078355
2016-11-17,0.0035192296035050584,3.122819281612627
2016-11-18,-0.003208382196679605,3.1128161393586034
2016-11-21,0.008805095177175367,3.1403458045320645
2016-11-22,0.0010569726891585037,3.143666819083625
2016-11-23,0.000804913762922173,3.146198218414756
2016-11-25,0.005000177758817371,3.1619691646802197
2016-11-28,-0.00576769882295132,3.143784371467868
2016-11-29,0.0005362627207301663,3.1454707179502637
2016-11-30,-0.0016826364779986029,3.140182484514705
2016-12-01,0.0004083327674577548,3.1414649857447476
2016-12-02,-0.0012254760947459074,3.13761755345189
2016-12-05,0.008962511250382813,3.1658648804831797
2016-12-06,0.0041784091207182844,3.179120834287476
2016-12-07,0.01336080686106369,3.221881475977392
2016-12-08,0.002235045361550833,3.2290905805625774
2016-12-09,0.008596577036495707,3.256969365869712
2016-12-12,0.00043946680019081607,3.2584010103323147
2016-12-13,0.0062408943155727046,3.278799934230294
2016-12-14,-0.006437721612093094,3.2577597311831625
2016-12-15,0.004318191772476732,3.2718577795824393
2016-12-16,-0.0021466611079177965,3.264841742957097
2016-12-19,0.002785560747911733,3.2739488362564746
2016-12-20,0.004208079814810487,3.2877549024101276
2016-12-21,-0.002695824206497432,3.278903629257919
2016-12-22,-0.0014094280653528626,3.2742855056802322
2016-12-23,0.00021371165398620525,3.2749853334292833
2016-12-27,0.0013139174551283952,3.279291221995773
2016-12-28,-0.006156177319418375,3.2591653365725737
2016-12-29,-0.001822812165847019,3.253229901581563
2016-12-30,-0.0035733636019451434,3.241625673673103
2017-01-03,0.00979462517475362,3.2686270398578405
2017-01-04,0.001767939866935377,3.2744108871523516
2017-01-05,0.00197937368719866,3.2808985885780126
2017-01-06,0.001814838331080978,3.2868582954133974
2017-01-09,-0.003325160764306679,3.275947113941379
2017-01-10,-0.0017255952061227204,3.2702990298609715
2017-01-11,0.003055173955767719,3.2803056404690856
2017-01-12,-0.0017856554042343846,3.2744533715974384
2017-01-13,0.0015645845154909016,3.2795805405379927
2017-01-17,-0.0042691260187794206,3.2656094413323733
2017-01-18,0.0007339351593484708,3.2680070666612058
2017-01-19,-0.0034626922242905847,3.2567105334986635
2017-01-20,0.005270579638269554,3.273920599395841
2017-01-23,-3.2361075346785686e-05,3.2738146535189148
2017-01-24,0.0032952570416141117,3.284620508565686
2017-01-25,0.00877515355034032,3.3135703919494026
2017-01-26,0.00011503335590432041,3.313951584996151
2017-01-27,-0.0005928073040685407,3.311987632471451
2017-01-30,-0.006790344202430831,3.289574279763537
2017-01-31,-0.00339165857242215,3.278436066144036
2017-02-01,0.00192677584174226,3.2847589670051645
2017-02-02,-0.0009007839456784371,3.2818014411081675
2017-02-03,0.007153937641556147,3.3053634239583736
2017-02-06,-0.002089316657342734,3.2984646824354726
2017-02-07,0.0003168739750248747,3.299510045666329
2017-02-08,0.0009058688977746521,3.3025003233899013
2017-02-09,0.005001456597891497,3.3190590096799064
2017-02-10,-8.196475108228078e-05,3.318786974983131
2017-02-13,0.005002844148234671,3.3354319503725454
2017-02-14,0.0049808150288818175,3.3520865622981235
2017-02-15,0.006978739555011389,3.3755617196112815
2017-02-16,0.0012014419640373046,3.379619698338258
2017-02-17,0.0018379706522868402,3.385837052066282
2017-02-21,0.006337543448543079,3.4073630805153354
2017-02-22,-8.12594638212371e-05,3.4070862112676443
2017-02-23,0.002546826457004784,3.415774527692596
2017-02-24,0.00018045114091371506,3.416390963719842
2017-02-27,0.00030288756626269776,3.417425902791421
2017-02-28,-0.0016263798668767447,3.4118723873935335
2017-03-01,0.014214323324765823,3.46071616286724
2017-03-02,-0.004630347538839046,3.444728886187582
2017-03-03,0.0007762076800552219,3.4474037491950535
2017-03-06,-0.002788434628473812,3.4378042791697343
2017-03-07,-0.0020463083360024,3.430776664401339
2017-03-08,-0.0014716042661349635,3.425731631882007
2017-03-09,0.0035493318259277183,3.437912294008591
2017-03-10,0.002792141295114955,3.4475248444481976
2017-03-13,-0.00035495709229447944,3.4463013382127534
2017-03-14,-0.0016477667146294883,3.440627313597325
2017-03-15,0.005150646480969579,3.458394485494143
2017-03-16,-0.000294519788524588,3.4573760698607807
2017-03-17,-0.0028263461879714496,3.447618124347126
2017-03-20,-0.001984236556144909,3.4407840169183306
2017-03-21,-0.012354139230077615,3.39853758856118
2017-03-22,0.0012541363923984923,3.4028024920582642
2017-03-23,-0.001903596707201749,3.3963310898632697
2017-03-24,-0.0009921027696993615,3.392963251279432
2017-03-27,-0.001114134111624786,3.3891851402337014
2017-03-28,0.007065387690160003,3.4132158403425144
2017-03-29,0.0014462970042016447,3.418155935748558
2017-03-30,0.00403799879966645,3.4319863501199275
2017-03-31,-0.0030874525220773723,3.421406595856177
2017-04-03,0.0012880208166875986,3.424731200566279
2017-04-04,0.001927462289926043,3.4313386065258107
2017-04-05,-0.0030257199013532126,3.420972028105899
2017-04-06,-0.0005163151760917261,3.419206184236025
2017-04-07,-0.0011415623832051924,3.4153051741225178
2017-04-10,-0.00021584008295746744,3.414568093918998
2017-04-11,-0.0023949790471981245,3.406400059918244
2017-04-12,-0.0009346859645904069,3.403217633108985
2017-04-13,-0.008779791121460039,3.3734688781742985
2017-04-17,0.0090977235941853,3.4042997985249492
2017-04-18,-0.002121978398501649,3.3970836068995807
2017-04-19,-0.0030810119206727523,3.3866332589013566
2017-04-20,0.007065992195978927,3.4106479268902583
2017-04-21,-0.004218316897824861,3.396291035355913
2017-04-24,0.011500038661649854,3.435573958201955
2017-04-25,0.005131907280476177,3.453250323149241
2017-04-26,-0.0002809216323440566,3.4522803666788255
2017-04-27,-0.0013079881268136505,3.447767776799127
2017-04-28,-0.0011682999512059155,3.4437421019294954
2017-05-01,0.004686305078560745,3.4599184019649454
2017-05-02,0.0013061598573693592,3.4644405611798628
2017-05-03,0.0020564235221120406,3.471572248612474
2017-05-04,-0.001461557370619307,3.466502052698539
2017-05-05,0.001907113252494861,3.4731193726867198
2017-05-08,0.003195175880295086,3.484234347629436
2017-05-09,-0.0027654612646330484,3.474612143552861
2017-05-10,0.0014207339900700895,3.4795521515151844
2017-05-11,-0.0025003368833892065,3.47086296640492
2017-05-12,0.00020571193138674377,3.4715770377733
2017-05-15,0.003414513539224748,3.4834510450139935
2017-05-16,-5.1915875219270195e-06,3.4834329604199588
2017-05-17,-0.019385276327023183,3.4165559587838796
2017-05-18,0.006534462739281895,3.438954417640995
2017-05-19,0.006529309119599591,3.46148187842729
2017-05-22,0.003397410685768108,3.4732619534952502
2017-05-23,0.0032470188968186085,3.484558030054207
2017-05-24,0.0016139011881451198,3.490186302915548
2017-05-25,0.0035183667674735263,3.5024876861151375
2017-05-26,-0.0006173206723823737,3.500326195296859
2017-05-30,-0.00027817929355958764,3.499352612450196
2017-05-31,-0.0024965849996912786,3.4906270777609736
2017-06-01,0.005083537505032064,3.5084169909612486
2017-06-02,0.002674263737394487,3.5178119800359653
2017-06-05,0.00154200500690177,3.523240648163555
2017-06-06,-0.0018314071980122736,3.5167940648415765
2017-06-07,0.002169927555623644,3.524433538745204
2017-06-08,0.0002288820359582292,3.5252403105934214
2017-06-09,-0.0005972885125825014,3.523135353747662
2017-06-12,-0.0011497794145093544,3.5190868531307347
2017-06-13,0.003917923039688243,3.53290140910359
2017-06-14,-0.001417583894521067,3.527896773048935
2017-06-15,-0.004186611938760211,3.5131577131906617
2017-06-16,0.0005346980431202804,3.5150366940440034
2017-06-19,0.007195397164852943,3.5404199910427203
2017-06-20,-0.006050702811801098,3.5190626404979235
2017-06-21,-0.0016891497911031591,3.513123434090637
2017-06-22,-0.002777013052615857,3.503380978183316
2017-06-23,0.002798068636392469,3.5131974057341764
2017-06-26,-0.0016509587696263747,3.507402046933319
2017-06-27,-0.007384307853417003,3.4815977013238717
2017-06-28,0.009747838419353694,3.5157017032603015
2017-06-29,-0.0074744885017158195,3.489521594649909
2017-06-30,-0.0006114161748682217,3.4873886968149512
2017-07-03,0.00269646207287737,3.4960592203626777
2017-07-05,0.0038156389069922817,3.5094244020833143
2017-07-06,-0.008079344800743796,3.4811847847031636
2017-07-07,0.004941618650423292,3.498430047022264
2017-07-10,-0.00030315988763531063,3.4973696241092758
2017-07-11,-0.0011545551611762148,3.4933340480550847
2017-07-12,0.00635870090257121,3.515617887470705
2017-07-13,0.00210859661238988,3.523038728469246
2017-07-14,0.0035168206552176353,3.5354504359208656
2017-07-17,-0.0006210047077999804,3.5332555861325274
2017-07-18,0.0028721597451470465,3.5434182480042615
2017-07-19,0.004368009896605279,3.5589297865936853
2017-07-20,0.002226991481512722,3.5668643247068528
2017-07-21,-0.00208492265709363,3.559435435482278
2017-07-24,0.00031853175437216054,3.5605694092898617
2017-07-25,0.004454084020761686,3.576463855923672
2017-07-26,0.003621044954168555,3.5894378678869767
2017-07-27,0.00617170238257155,3.6116593116626996
2017-07-28,-0.001750970227356935,3.605340936993877
2017-07-31,-0.00019934733467512187,3.6046222935197028
2017-08-01,0.006095223041275627,3.6266603656313614
2017-08-02,0.0018771432578716695,3.6334745202566023
2017-08-03,-0.0011744703370124706,3.629209617203577
2017-08-04,0.003112992735649049,3.6405249234733983
2017-08-07,0.001828468969436646,3.6471875997205396
2017-08-08,-0.0008564381412594772,3.644065346351091
2017-08-09,0.0008128313537848307,3.6470285610536064
2017-08-10,-0.012037724558034035,3.6033898183241977
2017-08-11,-0.00044400765071542914,3.6017902408149562
2017-08-14,0.010132267300421726,3.6384700533234344
2017-08-15,0.0006798979231393315,3.640944682708456
2017-08-16,-0.0007956799970171296,3.6380488081017117
2017-08-17,-0.01414968414683459,3.586934048229518
2017-08-18,-0.0009345641170386227,3.583583394322188
2017-08-21,0.0004936163810192516,3.5853527464430432
2017-08-22,0.00861413315083002,3.616370857660065
2017-08-23,-0.002673928326521977,3.6067138580009033
2017-08-24,-0.0026216626855219177,3.597270654717552
2017-08-25,0.001209454603689258,3.601624022341205
2017-08-28,-0.0006271750545297238,3.599365881797327
2017-08-29,0.0015055319387215203,3.604788923348313
2017-08-30,0.002201243264972904,3.6127326805508986
2017-08-31,0.003501134077871198,3.6254035102466493
2017-09-01,0.000803852282180284,3.628318970774993
2017-09-05,-0.007519388694232462,3.6011385482756038
2017-09-06,0.0034926741243353297,3.6137381420305594
2017-09-07,-0.0013230268099508505,3.6089602309336875
2017-09-08,-0.005289645359905642,3.5899205122685993
2017-09-11,0.011668895170319969,3.6320562792093662
2017-09-12,0.0061234286644722665,3.654365150422737
2017-09-13,0.003686083134836037,3.667860301015628
2017-09-14,-0.0014878210608012408,3.662407238808013
2017-09-15,0.003986558688072403,3.6770367815954144
2017-09-18,0.0016511368034521322,3.6831130873787457
2017-09-19,0.006785872414697862,3.7081912151330756
2017-09-20,0.001100918382550231,3.7122758790360573
2017-09-21,-0.004681118611743586,3.6949388852475207
2017-09-22,-0.0003728359161463156,3.693561536101705
2017-09-25,-0.005902340485181404,3.671825089371242
2017-09-26,-0.0003239062236242977,3.6706359549671483
2017-09-27,0.004986301404838315,3.6889845600065203
2017-09-28,0.002463764840956483,3.698084555986185
2017-09-29,0.0034509165952917253,3.710868382624284
2017-10-02,0.0035268728675871093,3.72329587964368
2017-10-03,0.004424560347755636,3.739806325753261
2017-10-04,-0.0013625901610195377,3.734713972632694
2017-10-05,0.007543979774831024,3.7629951213870556
2017-10-06,0.00022639901994992324,3.7638471562409026
2017-10-09,0.0008601551235266903,3.7670860414286635
2017-10-10,0.00424911894810754,3.7831268937163416
2017-10-11,0.0035688702819894878,3.7966525040786356
2017-10-12,-0.004753075372439162,3.778649547162507
2017-10-13,0.001611351682501454,3.7847431886491534
2017-10-16,0.004347513950904676,3.8012332318357838
2017-10-17,0.00205313593952751,3.8090456976814266
2017-10-18,-0.0009364689777117868,3.805480314246914
2017-10-19,-0.0010083969760413822,3.801644813584293
2017-10-20,0.004349400244266046,3.818215699048751
2017-10-23,-0.0025053004349542564,3.8086618941699957
2017-10-24,0.0020784157843382386,3.8165861092222744
2017-10-25,-0.0032193384716380875,3.8043189833405284
2017-10-26,0.002651886911921828,3.8144209958383852
2017-10-27,0.017357925795719764,3.8812094096796064
2017-10-30,-0.002384412194375556,3.8719660310260053
2017-10-31,0.0013540579383911418,3.877212448542543
2017-11-01,0.004119818067828858,3.89321880744464
2017-11-02,0.0012084970229791607,3.897926594883833
2017-11-03,0.0018157638947204006,3.9050107388791715
2017-11-06,-0.0015571254077203296,3.898934879105703
2017-11-07,-0.000848015958455444,3.89562992163364
2017-11-08,0.0008223963805841512,3.8988349913194997
2017-11-09,-0.0017593340186675159,3.891981668695649
2017-11-10,-0.001841270505147421,3.8848220710432497
2017-11-13,0.0007420964606220207,3.887706053716632
2017-11-14,-0.0015563456508263442,3.8816601452902537
2017-11-15,-0.005103560987167161,3.861900321629114
2017-11-16,0.011162144121882668,3.905248891014873
2017-11-17,-0.007584916132234284,3.8757399585628716
2017-11-20,0.001206743141254986,3.8804198042931133
2017-11-21,0.006237192727538464,3.9046983668048516
2017-11-22,0.0005706936388097973,3.906927389308242
2017-11-24,0.0034970387916573283,3.920613983271753
2017-11-27,0.0018020246060129893,3.9276853956562663
2017-11-28,0.010548550520469137,3.969336074413537
2017-11-29,-0.0020365926043085275,3.961260380161268
2017-11-30,0.008646183268511975,3.99565865598999
2017-12-01,-0.0012153627863327582,3.9908054309645506
2017-12-04,-0.0007640786413957367,3.9877573064245087
2017-12-05,-0.0014982704795147585,3.981787041025869
2017-12-06,0.0009718716003056349,3.985658707846278
2017-12-07,0.0013362990188175415,3.990988299838104
2017-12-08,0.004589571965490204,4.009347325662298
2017-12-11,0.0040497860862744916,4.025617247291332
2017-12-12,0.005101066986423787,4.0462046547619
2017-12-13,-0.00039911364402251635,4.044590081498219
2017-12-14,-0.0028526925959501156,4.033068550825076
2017-12-15,0.010213416293470091,4.07447102934533
2017-12-18,0.00672220975939587,4.101952743700255
2017-12-19,-0.0031139093454385118,4.089199501242613
2017-12-20,-0.0009531868343797964,4.085303587176848
2017-12-21,0.0034299371452553547,4.099339979911675
2017-12-22,-0.0005509237980221887,4.097082177956079
2017-12-26,-0.0012781754563126976,4.091848733416405
2017-12-27,0.0011956957764568694,4.09674426586533
2017-12-28,0.0018437265059364734,4.104304509225241
2017-12-29,-0.00590160884678317,4.080153843410447
2018-01-02,0.007949674336707381,4.107847153652723
2018-01-03,0.00465121050266392,4.12699811853603
2018-01-04,0.0036867461466669805,4.142241394726053
2018-01-05,0.00739660626480838,4.172993513831694
2018-01-08,0.0007562620436679682,4.176150584070403
2018-01-09,-0.0008804102190676641,4.172475476458359
2018-01-10,-0.000557678244977703,4.1701492263672595
2018-01-11,0.007206148647869687,4.200308477087689
2018-01-12,0.005324249818391873,4.222731608941657
2018-01-16,-0.0008452266742878809,4.219163951499435
2018-01-17,0.010997606238887524,4.265820741547711
2018-01-18,0.0016058944942685116,4.272676703092146
2018-01-19,0.0027358988182169448,4.284382319624461
2018-01-22,0.011850731587838906,4.3354574254521
2018-01-23,-0.0005490900733917695,4.333077522266574
2018-01-24,0.0002980847601154858,4.334369339166261
2018-01-25,0.002182996061365215,4.343841585538781
2018-01-26,0.014556061581917315,4.407533236383359
2018-01-29,-0.005946407174995008,4.38140201954955
2018-01-30,-0.011697175651473003,4.330450565527663
2018-01-31,-0.0004808258032456093,4.328368873661765
2018-02-01,0.0018005934839339926,4.336169527247186
2018-02-02,-0.025138581835896665,4.228523083061297
2018-02-05,-0.04945298950842658,4.0244964185565335
2018-02-06,0.021363209464834682,4.11139751670071
2018-02-07,-0.006419938815374293,4.085087142061964
2018-02-08,-0.04077907572746064,3.921851973919706
2018-02-09,0.016454123127885835,3.986916430532073
2018-02-12,0.013853381902590214,4.042533056160699
2018-02-13,0.0030096903460288538,4.054718156364594
2018-02-14,0.013167621970724235,4.108462216440637
2018-02-15,0.009839488069223244,4.1490869167713225
2018-02-16,0.0008518742094053319,4.152622922810639
2018-02-20,-0.00818811445613813,4.11875959861031
2018-02-21,-0.007066370899823996,4.08975750609209
2018-02-22,0.0022164779668118577,4.09883241694868
2018-02-23,0.016060575386180737,4.165193496096813
2018-02-26,0.014945866624835756,4.227913457120063
2018-02-27,-0.01000419435477299,4.185827458445389
2018-02-28,-0.012390459258323662,4.134283122294821
2018-03-01,-0.014659395449758039,4.074119092677829
2018-03-02,0.004673956392046172,4.09320591840121
2018-03-05,0.011305526642572852,4.139744341967933
2018-03-06,-0.0006277791534446282,4.137146312349198
2018-03-07,0.00020641745652194937,4.138000379712426
2018-03-08,0.0033336962079308073,4.1518182353560755
2018-03-09,0.01800010204032254,4.227228043287254
2018-03-12,-0.002042888513995132,4.218601102610895
2018-03-13,-0.006169754012306514,4.192653499007241
2018-03-14,-0.005809988365839459,4.168364857641729
2018-03-15,0.0015326384642913669,4.174758352162046
2018-03-16,0.0011762793527327641,4.179671923514059
2018-03-19,-0.016132498353189657,4.112784355540843
2018-03-20,0.0023626595500126847,4.122512952931823
2018-03-21,-0.0027481627613711837,4.111199169530937
2018-03-22,-0.025894754843708245,4.006107212437905
2018-03-23,-0.023810128458365633,3.9118479013439393
2018-03-26,0.030575102244874062,4.033300299268519
2018-03-27,-0.019418282625681776,3.95573605361025
2018-03-28,-0.0039763892060985335,3.940037739452694
2018-03-29,0.016266078120078013,4.0046507768435475
2018-04-02,-0.023335094140289524,3.9108930923302125
2018-04-03,0.01471841178888525,3.9688809248951333
2018-04-04,0.010597243241249851,4.011163766528969
2018-04-05,0.008678167628736704,4.046124797513845
2018-04-06,-0.021454871716742305,3.960240323660204
2018-04-09,0.004019689635908442,3.9761912981504937
2018-04-10,0.018140308329414125,4.048978832422815
2018-04-11,-0.007369866927394353,4.019248087620953
2018-04-12,0.009192320965935868,4.056364638349623
2018-04-13,-0.00504505902136082,4.03595157518836
2018-04-16,0.007968318350201656,4.068239792741248
2018-04-17,0.011060826913304235,4.113487667075406
2018-04-18,4.9082596185079876e-05,4.113689572684466
2018-04-19,3.157511710716762e-06,4.1137025617279726
2018-04-20,-0.007433723652506508,4.083235814684404
2018-04-23,-0.00011020157138305377,4.0827858604745835
2018-04-24,-0.010926478756821668,4.038418219954819
2018-04-25,0.0016763303309892993,4.045193620224017
2018-04-26,0.017307124623803464,4.115813642334023
2018-04-27,0.0022344699189580253,4.1250205865991125
2018-04-30,-0.009387141582845326,4.086479612126368
2018-05-01,0.0030939686441980516,4.0991426313020325
2018-05-02,-0.006511653368969009,4.072537152215367
2018-05-03,-0.002039687822156887,4.06423891356582
2018-05-04,0.011765486131268144,4.112339066115717
2018-05-07,0.002348138855642247,4.1220067553607125
2018-05-08,0.001759163954345662,4.129264422906215
2018-05-09,0.009701963501281823,4.1695213655431775
2018-05-10,0.010131957511450526,4.2119815178577165
2018-05-11,0.004856533039726498,4.232486897485578
2018-05-14,0.0025524369781856596,4.243303852477718
2018-05-15,-0.007985226839257018,4.209555033982762
2018-05-16,0.002949902660684857,4.2219911452184435
2018-05-17,-0.0033343977288295486,4.2079367919560875
2018-05-18,-0.005843926636147155,4.183417631920989
2018-05-21,0.0099320021224191,4.225174365447175
2018-05-22,-0.00208757635900397,4.216363191528288
2018-05-23,0.004044552820707877,4.2334510282025795
2018-05-24,-0.006616006104852443,4.205534938692147
2018-05-25,-0.002569036995982876,4.194744630132318
2018-05-29,-0.01127713104605619,4.147705675967472
2018-05-30,0.014583787577890858,4.208638167782134
2018-05-31,-0.005118447583365149,4.1871515099986345
2018-06-01,0.010806552395370067,4.23264555633851
2018-06-04,0.005272639819037695,4.2550217107005475
2018-06-05,-0.00017037233999093554,4.254296834446168
2018-06-06,0.008976856581582315,4.292658975087753
2018-06-07,0.000750532871891934,4.295881966085431
2018-06-08,0.002054265220817496,4.304715917534098
2018-06-11,0.00011942851104585083,4.305230054047273
2018-06-12,0.0002655580926842649,4.306373494547213
2018-06-13,-0.004117911792330942,4.2886766902986295
2018-06-14,0.0015987908682569517,4.295538871562636
2018-06-15,-0.002361122805874852,4.285408540953083
2018-06-18,-0.0005399004539577824,4.283095471406264
2018-06-19,-0.001180485678105938,4.278042321716543
2018-06-20,0.0017503792038190932,4.2855370754465145
2018-06-21,-0.004530885557752944,4.2661637197757
2018-06-22,0.0027766657616680986,4.278025891531841
2018-06-25,-0.014062345677496918,4.218287825721739
2018-06-26,0.0021488394306042806,4.227361994905887
2018-06-27,-0.006115798153290402,4.201587199285691
2018-06-28,0.007164452383555336,4.231797361121022
2018-06-29,7.718886302511671e-06,4.231830026009776
2018-07-02,0.003302102289182203,4.244388352877656
2018-07-03,-0.007023447981801665,4.214682552750207
2018-07-05,0.009974815657228592,4.256933607186962
2018-07-06,0.00640525873684118,4.284287880442739
2018-07-09,0.01039864447000366,4.329071105797757
2018-07-10,0.005106929611366355,4.3512359161078695
2018-07-11,-0.005801321230355227,4.3260660785574965
2018-07-12,0.009246602951113752,4.366253003866964
2018-07-13,0.0015164110432781361,4.372879060782995
2018-07-16,0.0031612989535673946,4.386724912689429
2018-07-17,0.003691268076413618,4.402947412697934
2018-07-18,0.0025606751984913723,4.4142363784566765
2018-07-19,-0.006281396001168076,4.386595713584026
2018-07-20,0.002531296871734269,4.3977135549334685
2018-07-23,0.00456759756743678,4.41784648522831
2018-07-24,0.00965735137695403,4.460717859832522
2018-07-25,0.006571673966175152,4.490128776894309
2018-07-26,-0.010853880818118658,4.441656983682854
2018-07-27,-0.006493433798881415,4.4129088162759595
2018-07-30,-0.003642061174676583,4.396865964665813
2018-07-31,-0.0008509369369901267,4.393126100429461
2018-08-01,0.004710363580680974,4.41386813452808
2018-08-02,0.006383824091065762,4.4421356235997544
2018-08-03,0.005477884354524088,4.466535898760387
2018-08-06,0.005429727034115708,4.490853929869009
2018-08-07,0.0030172685609473494,4.504424504982793
2018-08-08,0.0033952551540428486,4.519744167864735
2018-08-09,-0.001866233198263732,4.511317137099119
2018-08-10,-0.006008493112606075,4.484292190060632
2018-08-13,-0.005060729980548641,4.46165572496347
2018-08-14,0.004393292117585383,4.4813002022584385
2018-08-15,-0.006893058018413282,4.450516558575685
2018-08-16,0.0112604150832214,4.500914440370486
2018-08-17,0.002696477304472609,4.513067431777384
2018-08-20,-0.00048183875434426674,4.510893384799891
2018-08-21,0.0008850868331250761,4.514887684530704
2018-08-22,-8.576176355135385e-05,4.514500496403848
2018-08-23,-0.0007272005875935201,4.51121874238152
2018-08-24,0.005861463366672342,4.537738732826923
2018-08-27,0.007158968436652307,4.570340820607483
2018-08-28,0.00038959327236250216,4.572121741538476
2018-08-29,0.005190622872581982,4.595915600277758
2018-08-30,-0.0018791493061070762,4.5872872981395805
2018-08-31,-0.0018281522180307614,4.57890869970094
2018-09-04,-0.0010580609803491686,4.574066497197704
2018-09-05,-0.00278734221586967,4.561334760648283
2018-09-06,-0.005229999245699704,4.537541257527464
2018-09-07,-0.0022609906334929947,4.527293508642836
2018-09-10,-0.00015334565950360824,4.526599321060673
2018-09-11,0.007024634150321889,4.5585089708276385
2018-09-12,-0.003076916779024009,4.544504374625431
2018-09-13,0.002308290986646244,4.555006529463692
2018-09-14,-0.00030476190837683384,4.553618548493711
2018-09-17,-0.005236403808670157,4.529836284095385
2018-09-18,0.005278429593230141,4.553809921907079
2018-09-19,0.004236658941191111,4.573143788008483
2018-09-20,0.008847534382253773,4.613784354203472
2018-09-21,-0.0014422353527126686,4.607134987426547
2018-09-24,-0.0027958426534919504,4.594272152528313
2018-09-25,-0.0018254449493759538,4.585893211605842
2018-09-26,-0.004814858510219679,4.563865856502816
2018-09-27,0.003714892728526146,4.580851659270428
2018-09-28,-0.002244018473024508,4.570583668614003
2018-10-01,0.003907287292005992,4.5870007852196455
2018-10-02,0.0016082813563677227,4.594383908542541
2018-10-03,0.0022972755765841325,4.604950607147279
2018-10-04,-0.006505299332794451,4.575091252356679
2018-10-05,-0.00558831186747896,4.549595521016314
2018-10-08,0.0006715443419218748,4.552651802245811
2018-10-09,0.0026953456862954953,4.5649393247636505
2018-10-10,-0.03092866650489505,4.425912872506464
2018-10-11,-0.0210373584270211,4.333775914214946
2018-10-12,0.013234864111655744,4.391514085163015
2018-10-15,-0.007152297881746924,4.360216725711769
2018-10-16,0.021174378140051263,4.453526000089321
2018-10-17,0.0021792902898612855,4.463242109322816
2018-10-18,-0.01396200345838761,4.40135931670909
2018-10-19,0.005557651220701943,4.42588863625231
2018-10-22,-0.003702640273321911,4.409531463792683
2018-10-23,-0.002839448295196668,4.397028586232722
2018-10-24,-0.027000732370152422,4.279894069245661
2018-10-25,0.022801238561249014,4.3786020101339185
2018-10-26,-0.01643716760380365,4.30721847379441
2018-10-29,-0.006288942624050531,4.280215622632923
2018-10-30,0.014156267310117722,4.341238407482409
2018-10-31,0.010918115459020888,4.388896243105309
2018-11-01,0.0076087537631909,4.422417640218101
2018-11-02,-0.003451804744486928,4.407178634193147
2018-11-05,0.006759213253934294,4.437068596947662
2018-11-06,0.003376601990201849,4.452076134584543
2018-11-07,0.021339608024244852,4.548102634111679
2018-11-08,-0.00020367143503440262,4.547176409847419
2018-11-09,-0.0065604209952587495,4.517442657867299
2018-11-12,-0.019314976589810913,4.4310256168518585
2018-11-13,-0.002153089296335147,4.421495486317094
2018-11-14,-0.007508187174563859,4.388422385498698
2018-11-15,0.00929008727207386,4.429381173221904
2018-11-16,0.002555981833899277,4.440717072040307
2018-11-19,-0.012443976426506855,4.385799299888004
2018-11-20,-0.018502615208231196,4.30539666634216
2018-11-21,-0.0002642729613091993,4.30425901674717
2018-11-23,-0.009477094162470718,4.263659833754439
2018-11-26,0.01702935899763481,4.336888980733596
2018-11-27,0.0070978521426434266,4.367781081565991
2018-11-28,0.02341807691606954,4.471273178226406
2018-11-29,-0.0032721472852792486,4.456666424591966
2018-11-30,0.010579936965849652,4.504067985045566
2018-12-03,0.008040599227029845,4.540429378399721
2018-12-04,-0.03244531048751989,4.3954779501375505
2018-12-06,-0.0015355908902090771,4.388733473942618
2018-12-07,-0.02161256381319156,4.294899342245455
2018-12-10,0.0011029844597506716,4.299639162969917
2018-12-11,0.00015558081830118498,4.300308156389214
2018-12-12,0.0025877851724378123,4.311450841292413
2018-12-13,0.0032181178179640684,4.325347947334812
2018-12-14,-0.019565976816201976,4.241540847185664
2018-12-17,-0.020514421104259193,4.155414528341437
2018-12-18,0.000635236715170336,4.158055038802394
2018-12-19,-0.017512085185524558,4.085872701069597
2018-12-20,-0.013569195136809195,4.030805153167395
2018-12-21,-0.019625602698556316,3.9524693803819195
2018-12-24,-0.0273110457994081,3.845984039927474
2018-12-26,0.052627748791737525,4.0538102696794285
2018-12-27,0.008767615113094032,4.089508784603325
2018-12-28,-0.0006956742864865,4.086664807852962
2018-12-31,0.007966457031096571,4.119351071434621
2019-01-02,0.004931267276923204,4.135977774781408
2019-01-03,-0.026466027583307558,4.027950702213443
2019-01-04,0.03079662256042546,4.153927858576649
2019-01-07,0.0039037660591160375,4.170175514052279
2019-01-08,0.009051325875943456,4.208092472094962
2019-01-09,0.0016107125971549976,4.214875961308936
2019-01-10,0.0005353746919403216,4.217133103382746
2019-01-11,-0.00015189530376794638,4.216492589315749
2019-01-14,-0.0030914011634046584,4.20347784648012
2019-01-15,0.012097778687117233,4.25463943800545
2019-01-16,0.0035274773253974774,4.269674083746938
2019-01-17,0.004807389117259606,4.290249485826932
2019-01-18,0.011971699330053395,4.341919735951196
2019-01-22,-0.012825429878336628,4.286588331823004
2019-01-23,0.0026544039565457346,4.297981783573058
2019-01-24,-0.00011899966966295423,4.29747035559108
2019-01-25,0.0024579488711229582,4.308046310253638
2019-01-28,-0.009066090649878074,4.269165685826268
2019-01-29,-0.004628944900117477,4.249449620591794
2019-01-30,0.017140734436790914,4.322916144402366
2019-01-31,0.010259516107922471,4.367495462308551
2019-02-01,0.003664948648995528,4.383531476537536
2019-02-04,0.007009043686438726,4.414363766366716
2019-02-05,0.004177150096742704,4.4328417922763705
2019-02-06,-0.003005857044674149,4.419537309251505
2019-02-07,-0.01092254805197758,4.371527373345706
2019-02-08,-0.0024650310805973507,4.360764693121201
2019-02-11,-0.001440574455689215,4.354487209573856
2019-02-12,0.013844269855063195,4.415191136799447
2019-02-13,0.0022303800934177186,4.4250496812834275
2019-02-14,-0.0063076597339556196,4.397225817571715
2019-02-15,0.009864262747943456,4.440815846693226
2019-02-19,0.002522216035035408,4.452030680802273
2019-02-20,0.0004168917698434039,4.453887082684636
2019-02-21,-0.002831706267085077,4.441292822757743
2019-02-22,0.0049737246196346905,4.463437615612655
2019-02-25,0.0029642989858510308,4.4766882088672775
2019-02-26,-0.0001113267849758354,4.476189861301876
2019-02-27,-0.0017433007859658223,4.468393313836737
2019-02-28,-0.002501361550359959,4.457230213904546
2019-03-01,0.0073713469420458476,4.490207398021824
2019-03-04,9.473967277922075e-05,4.490632818953225
2019-03-05,0.002582284263183515,4.502243894510115
2019-03-06,-0.004907230206876421,4.480204467770004
2019-03-07,-0.00795602670185646,4.444701260899948
2019-03-08,-0.0010886379215598067,4.439865223381856
2019-03-11,0.01689078141439817,4.5154949408136655
2019-03-12,0.0033230769546014824,4.530525237575069
2019-03-13,0.007755266002804418,4.565797261103695
2019-03-14,-0.0014933351115023316,4.558984084185988
2019-03-15,0.003446220285222682,4.574722450980064
2019-03-18,0.004016621119079434,4.593134329807662
2019-03-19,0.0008847839599308796,4.597200059769576
2019-03-20,-0.0033596506709581957,4.5817809893526205
2019-03-21,0.006667628695454473,4.612432677232901
2019-03-22,-0.01732466976167668,4.533212021608701
2019-03-25,-0.0016540021873519474,4.5257202763986575
2019-03-26,0.00721396032745895,4.558486688624484
2019-03-27,-0.005478231132922031,4.533582522599925
2019-03-28,0.0014431813208860731,4.54013002769535
2019-03-29,0.0050100320859338505,4.562933299672926
2019-04-01,0.010115461286842325,4.607850158096822
2019-04-02,0.000836851862353672,4.611707860020456
2019-04-03,0.00206584932697756,4.621244801149242
2019-04-04,0.003942794059690959,4.639501385023989
2019-04-05,0.0022445887233549146,4.64992685358227
2019-04-08,0.002814272720883481,4.663031447181379
2019-04-09,-0.004423342222916564,4.642450814441796
2019-04-10,0.0017200318635964484,4.650442849074551
2019-04-11,-0.0013372332461410545,4.644228278378833
2019-04-12,0.0012267391907423383,4.649929031172191
2019-04-15,0.002502850834277494,4.661581686273022
2019-04-16,0.0014174021099190742,4.668193706829672
2019-04-17,0.0025406773522215907,4.680069160316213
2019-04-18,0.0002824003114122389,4.681390999939693
2019-04-22,0.0048354479855013364,4.704082440045453
2019-04-23,0.005926335760419662,4.7320431825688924
2019-04-24,-0.00463918929938403,4.710141181517917
2019-04-25,0.003263978945417546,4.7255401003666835
2019-04-26,0.0008653010955411484,4.729630885017528
2019-04-29,0.00229980587138813,4.7405206352524
2019-04-30,-0.001288529379751447,4.7344162688109055
2019-05-01,-0.006222938767045145,4.705045766472115
2019-05-02,-0.0029183994874365285,4.6913345804096425
2019-05-03,0.010602993631862893,4.741341413663653
2019-05-06,-0.0026136497288327763,4.728965388306409
2019-05-07,-0.014704457225076418,4.6599372732906925
2019-05-08,-0.0027989233406847127,4.646912701981515
2019-05-09,-0.004363412214445874,4.626680479202939
2019-05-10,0.004462918667852761,4.647375122790327
2019-05-13,-0.02141710037408486,4.548900112018924
2019-05-14,0.0037229094865184023,4.565866818558931
2019-05-15,0.007538321400841458,4.600415847344597
2019-05-16,0.008564143098759833,4.639983657328499
2019-05-17,-0.004726608290863135,4.618104021073443
2019-05-20,-0.004111934868158287,4.5991536661380765
2019-05-21,0.005609982436457438,4.625027345011914
2019-05-22,-0.0005690108841904161,4.622396402701315
2019-05-23,-0.010855991709481285,4.572487103306461
2019-05-24,0.00356415121992004,4.588813215878015
2019-05-28,-0.006801837332683228,4.557706765270274
2019-05-29,-0.007661572827716687,4.522920989995473
2019-05-30,-0.0003644523247120985,4.521272901269306
2019-05-31,-0.015718024333326346,4.450763013508617
2019-06-03,-0.007655866359491429,4.416818669157584
2019-06-04,0.018777647896981095,4.500539717142727
2019-06-05,0.007729637852749835,4.535462053930218
2019-06-06,0.00871628300138829,4.575167214062185
2019-06-07,0.010528220789055562,4.623590040463941
2019-06-10,0.008038709703278489,4.660907529861141
2019-06-11,0.0014605811659864135,4.667720137587819
2019-06-12,-0.0034562473528857926,4.6516151895922055
2019-06-13,0.002567721756185242,4.66357459075231
2019-06-14,0.0021266159240781223,4.67350277571657
2019-06-17,0.0018209566437314894,4.682020774745246
2019-06-18,0.00783725183604122,4.7188591177858665
2019-06-19,0.0012262482381356615,4.72464915975391
2019-06-20,0.006593630803106539,4.75590468243751
2019-06-21,0.0029419255143126512,4.769916800964762
2019-06-24,0.0004498243799955689,4.772062908481941
2019-06-25,-0.009736656999751406,4.725824438116817
2019-06-26,-0.0022375285994601563,4.715262091963029
2019-06-27,0.002098784383020857,4.725168802791977
2019-06-28,0.005447245258962891,4.750978187355628
2019-07-01,0.006761491224880871,4.781857883469817
2019-07-02,0.0038345354496767074,4.800229287428597
2019-07-03,0.006544363898715721,4.8317467530773985
2019-07-05,-0.0008459022657603295,4.827661295743811
2019-07-08,-0.002658494657237442,4.81484402884884
2019-07-09,0.0014666963916027198,4.821911124587098
2019-07-10,0.006429671839251803,4.853014315258636
2019-07-11,0.002826569727616378,4.866751103458842
2019-07-12,0.003534351701291338,4.883982346199956
2019-07-15,1.8825637572319972e-05,4.884074291146974
2019-07-16,-0.005865625241224076,4.855509997323728
2019-07-17,-0.0038445287551594634,4.836878686770818
2019-07-18,0.0015580909899531269,4.844420858040911
2019-07-19,-0.0064994691199849785,4.813036794625307
2019-07-22,0.003925386198604446,4.831966952615408
2019-07-23,0.0077461363347988334,4.869541367786802
2019-07-24,0.004161525231098094,4.889848311675612
2019-07-25,-0.006218954308549072,4.859532931137646
2019-07-26,0.010375500666594815,4.910215492108297
2019-07-29,-0.002662293926502234,4.897160441128282
2019-07-30,-0.00392059278287007,4.877998257351178
2019-07-31,-0.012395160463674143,4.817907870558395
2019-08-01,-0.01191060256426099,4.760864072089945
2019-08-02,-0.004849774501594793,4.737830853012542
2019-08-05,-0.029303934349375442,4.60100827948324
2019-08-06,0.011281834729421115,4.653210006424791
2019-08-07,-0.0014096248787436865,4.646655346724773
2019-08-08,0.018000170639859942,4.731053245385039
2019-08-09,-0.007845653491370147,4.6940802692058945
2019-08-12,-0.012051596533918029,4.637848628818025
2019-08-13,0.014999319699303319,4.707937532009003
2019-08-14,-0.028286366812990422,4.5766329043000145
2019-08-15,0.006793425168187552,4.607829764244943
2019-08-16,0.012190416033022802,4.664344897701528
2019-08-19,0.011017819903968698,4.716019960275476
2019-08-20,-0.011803532242242199,4.660681503740824
2019-08-21,0.0067735222623357795,4.692357892916809
2019-08-22,-0.0008606419181168186,4.688321190346247
2019-08-23,-0.024999482020645544,4.5725684962126305
2019-08-26,0.012098050305467156,4.628223640453728
2019-08-27,-0.00239256959773642,4.617163529598574
2019-08-28,0.006988367037273029,4.649542970947962
2019-08-29,0.011755304184555497,4.704522279017571
2019-08-30,0.0018960397849714329,4.713450702075758
2019-09-03,-0.005962346850590228,4.685431088461394
2019-09-04,0.010341076807752777,4.734134882037151
2019-09-05,0.012810476166050237,4.795171523615447
2019-09-06,-0.0006315577725422267,4.7921440518813165
2019-09-09,0.0043746295760444896,4.8131538284723705
2019-09-10,0.003023776083814561,4.827729753968175
2019-09-11,0.0071066894817545904,4.862161131874015
2019-09-12,0.0034838937335900195,4.879129926147828
2019-09-13,0.0010544978803696495,4.884277671979523
2019-09-16,-0.004605572610151826,4.861834498017446
2019-09-17,0.0008169396291623986,4.865807946101921
2019-09-18,0.001437719525145945,4.872808644506142
2019-09-19,0.00099427511782129,4.877655966281662
2019-09-20,-0.004476005086062245,4.855872341544958
2019-09-23,-0.00022669554970822665,4.854771661659508
2019-09-24,-0.009050528231989995,4.81103164736208
2019-09-25,0.005810609916897182,4.839068050982051
2019-09-26,-0.006106804006691847,4.8096068592396435
2019-09-27,-0.0006261342219234536,4.806596342383245
2019-09-30,0.001803989406411974,4.815275217211233
2019-10-01,-0.009347507208401419,4.768699516617875
2019-10-02,-0.017922115734500664,4.683995635601529
2019-10-03,0.007648269485146783,4.719957443988985
2019-10-04,0.015793336368444533,4.795093078977968
2019-10-07,-0.00442300908772882,4.773931172863874
2019-10-08,-0.013196804055445622,4.711344419478873
2019-10-09,0.008658580741111425,4.752315093511229
2019-10-10,0.006394560540508984,4.782801429561881
2019-10-11,0.009190675282597283,4.8269612227598095
2019-10-14,-0.0012676182391750891,4.820846355151713
2019-10-15,0.014486750395843611,4.891193070370473
2019-10-16,-0.0016395112644185658,4.88318047440065
2019-10-17,0.00318575409663564,4.898761892707164
2019-10-18,-0.005497502161237818,4.87190482963642
2019-10-21,0.009093728288993269,4.916410663684298
2019-10-22,-0.0012698193974185496,4.910171672092481
2019-10-23,0.005264348436564711,4.936088684896703
2019-10-24,0.0009485393818313347,4.940772980674835
2019-10-25,0.007198318333378853,4.97646655011627
2019-10-28,0.0059349580912052245,5.006089489031519
2019-10-29,-0.0022013724363394685,4.995081342577099
2019-10-30,0.0033645981076779576,5.011916089006517
2019-10-31,-0.001574407356527968,5.004031499851934
2019-11-01,0.007343032890318713,5.040911507579985
2019-11-04,0.004413680034522899,5.063209650292066
2019-11-05,0.0007802900106857924,5.06716196397911
2019-11-06,0.0003355861046146068,5.068862718482881
2019-11-07,0.006240500072671436,5.100593862772405
2019-11-08,-0.0005469100770875224,5.0978050592716055
2019-11-11,-0.0027936179013333287,5.08358361369203
2019-11-12,0.00047511288794459716,5.085999463639117
2019-11-13,-0.0015182336373537005,5.078283586907767
2019-11-14,0.00042980338141699605,5.08046671949049
2019-11-15,0.008878783495890503,5.125775931237729
2019-11-18,0.0023300441497787713,5.137733140462341
2019-11-19,0.00024658656657198597,5.139000192650015
2019-11-20,-0.0036130025500964885,5.12046647319811
2019-11-21,0.0018619236589953005,5.130009272094287
2019-11-22,0.0025917922815334176,5.143322435554573
2019-11-25,0.006510640937123791,5.176918006835246
2019-11-26,0.0011114358352670908,5.182675017705743
2019-11-27,0.003848468455161704,5.202658807853234
2019-11-29,-0.002832640523220295,5.187942398674307
2019-12-02,-0.004587734814722357,5.164196007437827
2019-12-03,-0.007588136716562473,5.125157683490035
2019-12-04,0.006843653405675221,5.160352780482813
2019-12-05,0.0023700331926587723,5.172597492313519
2019-12-06,0.00968368611478141,5.2229306145791545
2019-12-09,-0.0030110430321929945,5.207227798535888
2019-12-10,-0.0005644713953783582,5.2042892968225
2019-12-11,0.0011908615681371518,5.210490576635592
2019-12-12,0.008909701995579038,5.257121922143469
2019-12-13,-0.0005764930845710125,5.25409210112995
2019-12-16,0.00860696609390302,5.299509064457144
2019-12-17,0.0006482625124293851,5.302945651302772
2019-12-18,-0.0022173154971236284,5.291200374034513
2019-12-19,0.0038785748764558863,5.311762541046755
2019-12-20,0.0042086962254717355,5.3341652460253215
2019-12-23,0.0016455992350101643,5.342950370688303
2019-12-24,-0.0004920812267041634,5.340321851891092
2019-12-26,0.0080009063657504,5.3832206527904365
2019-12-27,0.00016855988443699086,5.3841281243210695
2019-12-30,-0.006366016301271351,5.3499615448012205
2019-12-31,0.002818543587455899,5.365061915135763
2020-01-02,0.010619562620550737,5.412702810813466
2020-01-03,-0.009781097295816122,5.36001871215772
2020-01-06,0.0039926710402250175,5.381462283721663
2020-01-07,-0.005533266898059911,5.351767447096227
2020-01-08,0.005906234258270503,5.383469767843452
2020-01-09,0.007914447283647945,5.426246007384276
2020-01-10,-0.0022362637542503497,5.414125047998671
2020-01-13,0.0056238473031539355,5.444659039324671
2020-01-14,-0.002305286033952496,5.432121999165654
2020-01-15,0.002863571529422927,5.447699562155033
2020-01-16,0.007999781318879863,5.491454749962248
2020-01-17,0.00397420142213541,5.513322321524274
2020-01-21,-1.616709511618732e-05,5.513233187838415
2020-01-22,0.0027858414427755053,5.528613595077562
2020-01-23,-0.0009817101816928563,5.523188762063215
2020-01-24,-0.0047393745979804345,5.497074233691954
2020-01-27,-0.015734279919170844,5.411258622806977
2020-01-28,0.011221516857601938,5.472323130081234
2020-01-29,0.0001130224704963688,5.47294166051401
2020-01-30,0.004544434735853173,5.497869685694229
2020-01-31,-0.017376647009018857,5.403160392932439
2020-02-03,0.006738709415873069,5.439693676088814
2020-02-04,0.012975433291307898,5.51073596401038
2020-02-05,0.010915706837821698,5.571219049510311
2020-02-06,0.003323891567384112,5.5897679877809985
2020-02-07,-0.003476954790175118,5.570366366026624
2020-02-10,0.006961057513865497,5.609277280106062
2020-02-11,-0.0031620117250936723,5.591568691713804
2020-02-12,0.006303698927970547,5.626927586106938
2020-02-13,0.00028691986592035735,5.628542295050448
2020-02-14,0.0020216007364044536,5.639932469612467
2020-02-18,-0.0023392608309447975,5.626754615725102
2020-02-19,0.0062968930850488564,5.662297475307483
2020-02-20,-0.0049524431008085455,5.634324593467509
2020-02-21,-0.010067174372170857,5.57788742338055
2020-02-24,-0.038123576679960365,5.369240851365352
2020-02-25,-0.029256333336178192,5.214432160584586
2020-02-26,-0.00474875108308737,5.189728821641091
2020-02-27,-0.04783841377934086,4.94730523744796
2020-02-28,-0.005041785572770458,4.922424759000641
2020-03-02,0.049903448014332635,5.174303259849963
2020-03-03,-0.033596772939671414,5.003351167208953
2020-03-04,0.04226487696969108,5.219349609963728
2020-03-05,-0.032121398085996074,5.054360824446525
2020-03-06,-0.015717066768542082,4.975542119834889
2020-03-09,-0.07061129849471506,4.636329675422263
2020-03-10,0.0499896327305377,4.873988850824156
2020-03-11,-0.04434462204730573,4.66257581614649
2020-03-12,-0.09659620277635124,4.233257718634728
2020-03-13,0.09851949207483564,4.671551927379477
2020-03-16,-0.12009152597204986,4.142915673840977
2020-03-17,0.059368947379817585,4.396324084354802
2020-03-18,-0.041774904344170194,4.2164513081516235
2020-03-19,0.00013800480201674542,4.2170332388333085
2020-03-20,-0.04854336744162409,4.017213445023927
2020-03-23,-0.01993869861133359,3.9379086810742003
2020-03-24,0.08134787026612765,4.271639284955802
2020-03-25,0.005501055574943589,4.295202562085097
2020-03-26,0.05230194440236991,4.525828530382445
2020-03-27,-0.03746784748835026,4.359392939204954
2020-03-30,0.03910859574411809,4.533260370871991
2020-03-31,-0.018343445543269277,4.450862794283747
2020-04-01,-0.03674062664954987,4.287887610812521
2020-04-02,0.02970335814902434,4.417162719953168
2020-04-03,-0.014962661179474033,4.351562213762503
2020-04-06,0.06342861991963826,4.636517428131169
2020-04-07,-0.0018560501904433641,4.627919800358205
2020-04-08,0.02890921973542261,4.763661997621274
2020-04-09,0.008855695973754855,4.8060348837743065
2020-04-13,-0.0059074754609536855,4.7777270468843005
2020-04-14,0.02785017584004807,4.912657786392703
2020-04-15,-0.01994101513464529,4.81566468758822
2020-04-16,0.0026745661260627832,4.828561740558577
2020-04-17,0.025240788371787466,4.951989600949304
2020-04-20,-0.02210734857671895,4.84371547733147
2020-04-21,-0.02628625532244532,4.718051193057481
2020-04-22,0.02394311323501456,4.832379250119162
2020-04-23,0.0017891192298662008,4.841032691472454
2020-04-24,0.011195767415611832,4.895536303104435
2020-04-27,0.010198639971884162,4.945719580948509
2020-04-28,-0.007008216822858101,4.911180077312874
2020-04-29,0.0302235651759422,5.061879311177586
2020-04-30,-0.005179032859507012,5.035731440680048
2020-05-01,-0.024978283067216642,4.911505450083505
2020-05-04,0.0035420199391425593,4.928932946368267
2020-05-05,0.0061789163146301,4.959482695539553
2020-05-06,-0.005827903157226446,4.930663370367431
2020-05-07,0.008922598914111762,4.974854558945807
2020-05-08,0.018030316581072726,5.06536628710255
2020-05-11,-0.002397234588889072,5.053237958865881
2020-05-12,-0.01841287847043164,4.9610446789836145
2020-05-13,-0.01707091470147759,4.877073876832868
2020-05-14,0.014251638009592454,4.9470778188254965
2020-05-15,0.00518028163289281,4.9727715681574205
2020-05-18,0.028787597242616404,5.118006160889611
2020-05-19,-0.012559066237039744,5.054130729985118
2020-05-20,0.021398350112596845,5.1634462030753765
2020-05-21,-0.008836925133428259,5.118018232960596
2020-05-22,0.0014377733221255238,5.125382075537762
2020-05-26,0.012882952912561155,5.191839294931055
2020-05-27,0.01164925251414617,5.25267399330882
2020-05-28,-0.006215755625377803,5.220125915627962
2020-05-29,0.0034524469556670334,5.238179269645052
2020-06-01,0.0036186163630121085,5.257168567633699
2020-06-02,0.007019334220652902,5.294200207544
2020-06-03,0.011116359985155401,5.353380769673276
2020-06-04,-0.004065606158027489,5.331660215377998
2020-06-05,0.02701476169573662,5.477656899462097
2020-06-08,0.0069807571209098435,5.51602886874267
2020-06-09,-0.0022387781494175806,5.503693517049886
2020-06-10,-0.005013825306202219,5.476168020893439
2020-06-11,-0.05962725280606694,5.159183534846122
2020-06-12,0.010747118409473266,5.214928905691209
2020-06-15,0.006000347864254324,5.246314360869959
2020-06-16,0.01713671263716239,5.336993696216488
2020-06-17,-0.0049727945571357655,5.310519802185906
2020-06-18,0.0006492912865644073,5.313968996065183
2020-06-19,-0.006456164166921686,5.279771650471822
2020-06-22,0.007075864497091792,5.317263084975132
2020-06-23,0.006705549433222942,5.3530380668456585
2020-06-24,-0.025278638470229067,5.219416553180691
2020-06-25,0.009604894285322315,5.269790026083818
2020-06-26,-0.032314508536087944,5.102221381888719
2020-06-29,0.014391918386660903,5.176183084380877
2020-06-30,0.014313618746780934,5.250805781984056
2020-07-01,0.0034724918908505655,5.266637255999472
2020-07-02,0.0028453613083875284,5.28164408166886
2020-07-06,0.01633923159955476,5.368650964671166
2020-07-07,-0.00778019395212573,5.327043884359812
2020-07-08,0.007470857781661789,5.366990503574776
2020-07-09,-0.005524827222810916,5.337420567944054
2020-07-10,0.015057056279252318,5.418394494478632
2020-07-13,-0.006277907302963509,5.384484868227331
2020-07-14,0.015293384061591652,5.467464767702531
2020-07-15,0.0037803386066504493,5.488172752780697
2020-07-16,-0.004041886412253429,5.466034951281151
2020-07-17,-0.0007502747529152238,5.461935461322865
2020-07-20,0.009423955546438828,5.513651801807271
2020-07-21,0.0030447739638478737,5.530465208781773
2020-07-22,0.003016862268172206,5.547175053572053
2020-07-23,-0.011564076126348384,5.483396579277319
2020-07-24,-0.010279937217616041,5.427316351180546
2020-07-27,0.002036592028886729,5.438380843503686
2020-07-28,-0.003201775685719653,5.420996213643218
2020-07-29,0.007746892845598763,5.463155180079408
2020-07-30,-0.0039813553953153115,5.441447659079843
2020-07-31,0.008081133484823443,5.48559887964367
2020-08-03,0.0042644586529867095,5.509041939705768
2020-08-04,0.005725585976746706,5.540674905196039
2020-08-05,0.012444806782430774,5.610058370276157
2020-08-06,0.010233830778715232,5.6677655373428815
2020-08-07,0.0015527968413430106,5.676573262300738
2020-08-10,0.0034988189132691577,5.696469350301051
2020-08-11,-0.004110202584717783,5.6731037588053495
2020-08-12,0.012121726974043037,5.742290055200036
2020-08-13,-0.002697516197684905,5.726821008146986
2020-08-14,5.23793652304787e-05,5.727120983252366
2020-08-17,-3.933726206246619e-05,5.726895698424458
2020-08-18,0.002615959878187495,5.741896640174383
2020-08-19,-0.005012458003375333,5.713187635853845
2020-08-20,0.004558769673583134,5.7392921995247015
2020-08-21,0.0032077749908923092,5.757732117249265
2020-08-24,0.011875767941543344,5.826517237388215
2020-08-25,0.0038740626653823184,5.849133310042298
2020-08-26,0.009796592657890164,5.906716485402759
2020-08-27,0.00361562762473652,5.928111627825059
2020-08-28,0.01014963992822457,5.988586204742954
2020-08-31,-0.006068841444768467,5.952352484150441
2020-09-01,0.007321385674830938,5.996091873449669
2020-09-02,0.014504540962900579,6.08369622826447
2020-09-03,-0.03027099033741904,5.902296150220477
2020-09-04,-0.007459493701449306,5.8584318155269015
2020-09-08,-0.025237958813955512,5.712427134495595
2020-09-09,0.015624902521822581,5.802384206726443
2020-09-10,-0.016696406056136186,5.7063095267359545
2020-09-11,7.139843770671153e-05,5.706716962866213
2020-09-14,0.008150428006314787,5.753419211749554
2020-09-15,0.0027944602103311816,5.769519397997863
2020-09-16,-0.005013343712809656,5.740667197626626
2020-09-17,-0.008637448087283593,5.691296010201452
2020-09-18,-0.008821451416553137,5.641311311886155
2020-09-21,-0.013365762757820662,5.566412537882885
2020-09-22,0.008733808537382903,5.6152414399835955
2020-09-23,-0.024726719550943927,5.478097487249973
2020-09-24,0.0037757499933492628,5.49882051166122
2020-09-25,0.013086152552598181,5.571251805580871
2020-09-28,0.014032277587217012,5.649980235184506
2020-09-29,-0.004831744683044925,5.622746818663622
2020-09-30,0.00908548350563473,5.674064964214893
2020-10-01,0.0045680684110607885,5.697967557296997
2020-10-02,-0.010935396488889484,5.635997474137629
2020-10-05,0.01441772364580953,5.717844333092619
2020-10-06,-0.014500711694805333,5.6355297731101714
2020-10-07,0.014107146189406703,5.715594429569125
2020-10-08,0.009897771401566396,5.772446969244392
2020-10-09,0.009267049665674548,5.826189153138168
2020-10-12,0.015100133663281255,5.914832970513693
2020-10-13,-0.005270380046255857,5.883741556601281
2020-10-14,-0.011968135234455004,5.813743848501121
2020-10-15,-0.00031907080454891216,5.811889148479987
2020-10-16,-0.0001067759951466826,5.8112686113622996
2020-10-19,-0.017240588072525067,5.711937645585174
2020-10-20,0.005464365104278434,5.7432351910643815
2020-10-21,0.0014482263080038472,5.751558721083923
2020-10-22,0.007662200207981502,5.795797582583841
2020-10-23,-0.0013437232068090937,5.788014864950338
2020-10-26,-0.01944478088848101,5.676555348932404
2020-10-27,-0.0016293335757562595,5.667313877472086
2020-10-28,-0.03897851619185525,5.450660240294811
2020-10-29,0.011847517178774353,5.515621083637708
2020-10-30,-0.009483549814442514,5.463560665301115
2020-11-02,0.009500608027679814,5.515715171080768
2020-11-03,0.015684099283547276,5.602906164197683
2020-11-04,0.02078046741928989,5.720555341997295
2020-11-05,0.016903252098955504,5.818073193615696
2020-11-06,-0.0014220401803858478,5.809805539623272
2020-11-09,0.02974650832065464,5.985223063131953
2020-11-10,0.0014349932788060105,5.9938179833511835
2020-11-11,0.002599547125971353,6.00941946527137
2020-11-12,-0.00952336337030784,5.952461227538772
2020-11-13,0.01063555079510924,6.016106784117635
2020-11-16,0.012652738743233248,6.092710613661774
2020-11-17,-0.006770233198710508,6.051600860329059
2020-11-18,-0.012990900210893545,5.973493557990224
2020-11-19,0.0014705800146334914,5.982284520556794
2020-11-20,-0.009592723182512794,5.925172489061357
2020-11-23,0.009629867203205035,5.982506730783677
2020-11-24,0.020801792258588296,6.108256973734142
2020-11-25,-0.002492691890463076,6.093049932219476
2020-11-27,0.0004318096083516038,6.095681537859785
2020-11-30,-0.007000834293938141,6.053155713318394
2020-12-01,0.012629877293005149,6.130091147071049
2020-12-02,0.006712552101871624,6.171378118732383
2020-12-03,-0.0016897614274979402,6.16095876762084
2020-12-04,0.0068012754906271785,6.203003963892459
2020-12-07,-0.005105723807861792,6.171413852690496
2020-12-08,0.003627543580946562,6.193841579581546
2020-12-09,-0.006850395778946516,6.151556314134457
2020-12-10,-0.001904432032040956,6.13985224158567
2020-12-11,0.0049356264042842825,6.170231166268819
2020-12-14,-0.007463366020142497,6.124351892515548
2020-12-15,0.011403939639569165,6.194593385462567
2020-12-16,0.001524878719068078,6.204046594756418
2020-12-17,0.003764596243581122,6.227446342928619
2020-12-18,-0.005849529445097066,6.191125046990009
2020-12-21,-0.001630846944925082,6.181036498296894
2020-12-22,-0.005981556192612273,6.144174636708662
2020-12-23,0.0045673873297903435,6.172301646674346
2020-12-24,0.004306788769655349,6.198941771606916
2020-12-28,0.014403513151508649,6.288874429259
2020-12-29,-3.7564046214773844e-05,6.288638198126226
2020-12-30,0.00010768391679461641,6.289315419780991
2020-12-31,0.0052191963277078025,6.322226401453127
2021-01-04,-0.007444137171274358,6.263623609583782
2021-01-05,0.0035259181393216747,6.285747614481141
2021-01-06,0.0007767440401239324,6.290631928163613
2021-01-07,0.018612870068799487,6.408815094939111
2021-01-08,0.007476480077759519,6.456910039733692
2021-01-11,-0.010552581941839344,6.389131217206915
2021-01-12,-0.0004730394670717881,6.386109620704419
2021-01-13,0.003417777795166066,6.407973265620811
2021-01-14,-0.011493832189600048,6.334742752041479
2021-01-15,-0.006869312853689509,6.29137654079454
2021-01-19,0.00782829159115408,6.340820549421442
2021-01-20,0.0117547121865942,6.415794857427684
2021-01-21,0.004694518207019485,6.445984731209505
2021-01-22,0.00025793433955319483,6.447647586468436
2021-01-25,0.004992162407256884,6.4799157673498575
2021-01-26,-0.0017662256640325902,6.468480875093525
2021-01-27,-0.028890270472133498,6.284278355218341
2021-01-28,0.009056401763522041,6.341449797815067
2021-01-29,-0.02201046698124472,6.203396409606371
2021-02-01,0.01629076326408639,6.30528211664666
2021-02-02,0.017149670837897486,6.414348179913321
2021-02-03,0.0038427241554327587,6.439044170155255
2021-02-04,0.01326701610142358,6.52504026727034
2021-02-05,0.0016070097876422966,6.535534500754135
2021-02-08,0.0101118448355678,6.601956067870619
2021-02-09,-0.001588561093148425,6.591476783018353
2021-02-10,-0.0005594923344047686,6.587789933763971
2021-02-11,0.00362553702078751,6.611717559089969
2021-02-12,0.0025468311260517683,6.628577948334655
2021-02-16,0.002781635985196264,6.647041907387483
2021-02-17,0.0014417376087288896,6.656632109308364
2021-02-18,-0.00662944190814285,6.612648308550558
2021-02-19,-0.007832283917452998,6.561058466426998
2021-02-22,-0.008972644090710183,6.502451745765947
2021-02-23,0.00040015033012049935,6.505054224635272
2021-02-24,0.010532871262905282,6.573933233414504
2021-02-25,-0.028935396293458884,6.386439553582736
2021-02-26,-0.0038847528282437106,6.361677941975321
2021-03-01,0.02391628621255466,6.515659648125305
2021-03-02,-0.01068364011034882,6.446419213895047
2021-03-03,-0.014006947436242086,6.356753992814352
2021-03-04,-0.015842990627308085,6.2568375762244335
2021-03-05,0.0155020849682991,6.354587308743688
2021-03-08,-0.005770360892546311,6.318024638004135
2021-03-09,0.020430451475664285,6.448432341906791
2021-03-10,0.006862203903773317,6.492834975215844
2021-03-11,0.012263385279160712,6.572949344725827
2021-03-12,-0.0011648917017277659,6.565297028503444
2021-03-15,0.00261787900272701,6.582506698329099
2021-03-16,0.000601097144407464,6.58646461373516
2021-03-17,0.0025544994159357394,6.603311241933966
2021-03-18,-0.013809341659378112,6.5127505915314154
2021-03-19,-0.0012006334708085592,6.504935857438611
2021-03-22,0.006039521539895997,6.544341433298198
2021-03-23,-0.0025839300502585815,6.527453141288653
2021-03-24,-0.008317669905144253,6.473385112464403
2021-03-25,0.003009932379762596,6.492898916804429
2021-03-26,0.013272105394375337,6.579647751996977
2021-03-29,0.0014941630692308042,6.589486166944321
2021-03-30,-0.001727785799562271,6.57811077626776
2021-03-31,0.00588148701637921,6.616913847414357
2021-04-01,0.011720709414203778,6.6925512547454264
2021-04-05,0.017949739881190703,6.813765435906304
2021-04-06,-0.0013940789638116355,6.804273126899236
2021-04-07,0.004802172660903536,6.83702700322691
2021-04-08,0.005903171037694821,6.87750650417463
2021-04-09,0.006743098473508197,6.924038917791567
2021-04-12,0.004105556220518,6.9525243831698
2021-04-13,0.005361445410912077,6.989900067433041
2021-04-14,-0.008090685418796685,6.9335751457382635
2021-04-15,0.013215377198366393,7.025813093847233
2021-04-16,0.002413706304016694,7.042791825795722
2021-04-19,-0.006919682635598323,6.994226164758271
2021-04-20,-0.005625107965309898,6.954993335348172
2021-04-21,0.007487399768078218,7.007263590789464
2021-04-22,-0.01264998985856044,6.919180079797051
2021-04-23,0.011230022167408581,6.997320563946276
2021-04-26,0.0014322584338848478,7.007349715792788
2021-04-27,-0.0027435527458479847,6.988151030584173
2021-04-28,0.0015253492304842264,6.998818535147789
2021-04-29,0.00996380446264521,7.06890196348212
2021-04-30,-0.005711633858544538,7.028642068024802
2021-05-03,-0.00044137574882849886,7.025540480401912
2021-05-04,-0.007324936427623278,6.974266860272865
2021-05-05,-0.0026790126288502394,6.955607716478047
2021-05-06,0.010978315133978046,7.032389264791895
2021-05-07,0.004262170116532087,7.062426470532914
2021-05-10,-0.013903563495226786,6.964913038613228
2021-05-11,-0.008201635986588608,6.908022971902345
2021-05-12,-0.021916732071739886,6.758268739380722
2021-05-13,0.010016038190425096,6.826299950031768
2021-05-14,0.012964580661730053,6.915376237048178
2021-05-17,-0.004097430892977496,6.887098932530637
2021-05-18,-0.006232068279720544,6.844311527233332
2021-05-19,-0.001930459866205708,6.831111603578943
2021-05-20,0.011375513282531701,6.909262665841184
2021-05-21,0.00034055363067339876,6.9116160410298
2021-05-24,0.013260722991332102,7.00387945454208
2021-05-25,-0.0004799817314908568,7.000518527010769
2021-05-26,0.0007810982913686117,7.00598875618612
2021-05-27,-0.0004054934038796703,7.00314844985949
2021-05-28,0.0012072267434169574,7.011607943192169
2021-06-01,-0.0021689078260240403,6.9964168918013865
2021-06-02,0.0027116841356705566,7.0154147108944676
2021-06-03,-0.00418329471147995,6.986128462847819
2021-06-04,0.010432403794591422,7.059392069226252
2021-06-07,-0.0006700635077508757,7.054663412640791
2021-06-08,-0.001098914294488164,7.046915200264243
2021-06-09,-0.0023671785817364044,7.0302536217810365
2021-06-10,0.00439995674474533,7.061254585056303
2021-06-11,0.002425685022067753,7.078403755374337
2021-06-14,0.003318818828771457,7.101934720942518
2021-06-15,-0.005769596169340367,7.061077404030187
2021-06-16,-0.0051375078521453,7.024894089039942
2021-06-17,0.006775520111156862,7.072653013286557
2021-06-18,-0.009468177607496896,7.006003899129287
2021-06-21,0.009273271352754804,7.071274643307476
2021-06-22,0.007859841434595788,7.127072735569685
2021-06-23,0.0015589586786121216,7.138192212614501
2021-06-24,0.0065270899787306476,7.184936220692635
2021-06-25,0.0021101970078415758,7.200113859879391
2021-06-28,0.005863221504978641,7.2424537250104555
2021-06-29,-0.0019062976321402628,7.228660603697815
2021-06-30,0.0018210918975236222,7.241836652709812
2021-07-01,0.005037712606952982,7.275759991204321
2021-07-02,0.008223604977177532,7.335839664443655
2021-07-06,-0.0011001043919923988,7.327773912407919
2021-07-07,0.0015046957046333605,7.338808281940745
2021-07-08,-0.008053119798141505,7.279945313059105
2021-07-09,0.010794319715270432,7.358953020358407
2021-07-12,0.008279281659565887,7.4201327778845325
2021-07-13,-0.0020886954126063026,7.404650555042973
2021-07-14,0.0004104218068983587,7.407690208830656
2021-07-15,-0.0029905028684933457,7.385570580902471
2021-07-16,-0.009201421918838519,7.317924527094334
2021-07-19,-0.015272202500639407,7.207012790827765
2021-07-20,0.011692840559928724,7.291777848685411
2021-07-21,0.007749276733718924,7.348503360088812
2021-07-22,0.0019802434142513876,7.363069603065633
2021-07-23,0.011596361492521958,7.4489514157348555
2021-07-26,0.0027310468768962557,7.4693226559792025
2021-07-27,-0.0054308258565685585,7.428868015851144
2021-07-28,-0.0016527970439828197,7.416599746027265
2021-07-29,0.0003152556285500251,7.418938239434139
2021-07-30,-0.007068434074901185,7.366682862993041
2021-08-02,-0.0028092007634064322,7.346017412160978
2021-08-03,0.005383228120765284,7.385669331577062
2021-08-04,-0.0013471764356768555,7.375726230951089
2021-08-05,0.008230103396039787,7.4366797030871705
2021-08-06,0.0008248187242986253,7.442816146131552
2021-08-09,0.0003125841800177487,7.445143016366079
2021-08-10,0.0003841612699894567,7.448003701409517
2021-08-11,0.0008351375567067864,7.454226407068984
2021-08-12,0.0031659748778072707,7.47786369839869
2021-08-13,0.0012903043629004097,7.487518646124964
2021-08-16,0.002058146231969398,7.5029449237354235
2021-08-17,-0.009947068400241505,7.42868257601978
2021-08-18,-0.008275306181773317,7.367461613650943
2021-08-19,0.0026385139650034147,7.386926431810015
2021-08-20,0.009359336898153848,7.456387713645907
2021-08-23,0.01008013705155635,7.531929218428303
2021-08-24,-0.00012066685280309732,7.531020419066062
2021-08-25,0.0010860701394063167,7.539204078672214
2021-08-26,-0.006980600933033785,7.48675916511714
2021-08-27,0.009211586048503842,7.556042707134721
2021-08-30,0.006426838105750806,7.6047605535016265
2021-08-31,-0.0019343172891916308,7.590064751436962
2021-09-01,0.0015743755537734278,7.602023775360443
2021-09-02,-0.0022222327221222385,7.585149066082443
2021-09-03,0.0022043459240599812,7.6018878007123885
2021-09-07,0.002575222982087254,7.621489585534532
2021-09-08,-0.0022358719421026164,7.60446794700631
2021-09-09,-0.003475281942507246,7.5780861455192285
2021-09-10,-0.009010086081440872,7.510113616029357
2021-09-13,0.0038723568422845515,7.539251836258978
2021-09-14,-0.004758761238402269,7.503459567829234
2021-09-15,0.0053962613596015745,7.544059642544063
2021-09-16,-0.00010420794197551307,7.5432735325747355
2021-09-17,-0.0074050363249272035,7.487621624561126
2021-09-20,-0.01970094094196422,7.341552011979037
2021-09-21,-0.0005117199954527685,7.337796154072604
2021-09-22,0.0077337586368123575,7.3947649057958404
2021-09-23,0.012607933919310981,7.488587826833585
2021-09-24,0.003893028195070792,7.517797931373443
2021-09-27,-0.000693801194353214,7.512583883155344
2021-09-28,-0.020408654204292297,7.360816112217832
2021-09-29,0.00044880226078049436,7.364120404561659
2021-09-30,-0.010761255126421988,7.285298100233805
2021-10-01,0.011437005921494445,7.367405877404821
2021-10-04,-0.017747282059434173,7.23780785514315
2021-10-05,0.011404967858238814,7.32082733848187
2021-10-06,0.007276010792697387,7.374288011573392
2021-10-07,0.009615707325988793,7.445539022263929
2021-10-08,-0.002234066628638105,7.428923758715614
2021-10-11,-0.00918905994239183,7.360971619279777
2021-10-12,-0.004359950353693227,7.328948009866862
2021-10-13,0.0001596112252917111,7.330117885598981
2021-10-14,0.018410544134516444,7.466319268146643
2021-10-15,0.013194709669180252,7.565487995699623
2021-10-18,0.0041365504159788175,7.596847834275337
2021-10-19,0.006442100600762954,7.645945468423078
2021-10-20,-5.3156762304327196e-05,7.64553904551938
2021-10-21,0.0019548743922898825,7.66049973238214
2021-10-22,-0.0017254498244057763,7.6472933212404195
2021-10-25,0.011971702346540769,7.739394645451682
2021-10-26,0.0039617011935298525,7.770116629935084
2021-10-27,-0.0077106651994379586,7.710434253151734
2021-10-28,0.007483661593166195,7.76835298562332
2021-10-29,0.005003429791731206,7.807318794438471
2021-11-01,0.00259051942525312,7.827570024712166
2021-11-02,-0.00022177444480615642,7.825834262196753
2021-11-03,0.00780702840582212,7.8871698855258225
2021-11-04,0.009171489306790683,7.959839715684999
2021-11-05,0.004263484402500099,7.993848815275931
2021-11-08,0.0007950118887445759,8.0002065470222
2021-11-09,-0.015357794128174954,7.878279682216156
2021-11-10,-0.0030762184485328757,7.854081611273581
2021-11-11,-0.004367288990655943,7.819855359487626
2021-11-12,0.005717405328532211,7.8646926966640125
2021-11-15,-0.0025364823618846104,7.844769320684984
2021-11-16,0.0056953311404048445,7.889575351163093
2021-11-17,-0.0063531588472372025,7.839610511062115
2021-11-18,0.00727912046349419,7.896884178431374
2021-11-19,0.0005557480119306767,7.901274075839376
2021-11-22,-0.005100357311525547,7.861077350805087
2021-11-23,0.0018730569870849018,7.875815394952468
2021-11-24,0.006187002606444244,7.92469413585859
2021-11-26,-0.02347013801861603,7.740866143266762
2021-11-29,0.013143957745644261,7.843283370126311
2021-11-30,-0.01638718195919307,7.715801445943964
2021-12-01,-0.014482414422219099,7.604863277083133
2021-12-02,0.012236034925724847,7.698488281026624
2021-12-03,-0.01067352631561037,7.616755229652009
2021-12-06,0.012602847508017666,7.713355474801063
2021-12-07,0.020029773629097868,7.86940988889805
2021-12-08,0.003103335356080058,7.893869239992239
2021-12-09,-0.006455526065821134,7.843074291810775
2021-12-10,0.006457011319487068,7.893880964399173
2021-12-13,-0.012509278105513562,7.795749270062028
2021-12-14,-0.001388099279556139,7.784935503144037
2021-12-15,0.016520924018249998,7.914618119778658
2021-12-16,-0.009966058117212493,7.83613232224604
2021-12-17,-0.013330741642646398,7.732364057450434
2021-12-20,-0.011442509788471125,7.644390683996743
2021-12-21,0.018968048829385874,7.790773771672607
2021-12-22,0.01241038201245186,7.888062698042009
2021-12-23,0.006775895675629674,7.941692879030166
2021-12-27,0.012133188688964083,8.038637873894526
2021-12-28,0.0004447549519466436,8.042213893063016
2021-12-29,-7.025651525647373e-05,8.041648894987572
2021-12-30,-0.002733362200040615,8.019698169180753
2021-12-31,-0.004890082153714738,7.98057691731179
2022-01-03,0.013912445030058734,8.081307187289871
2022-01-04,-0.003555501743881321,8.052625105304474
2022-01-05,-0.0173770557037298,7.913902972123736
2022-01-06,-0.0022850216954759276,7.895840176935294
2022-01-07,-0.0035300506870684844,7.868016599106794
2022-01-10,-0.0018128291251123482,7.853766150176162
2022-01-11,0.005781317039639938,7.899302766219486
2022-01-12,0.003910107087302968,7.930250350705519
2022-01-13,-0.016492322394435766,7.800534701577962
2022-01-14,-0.0029339329621119637,7.777681996240569
2022-01-18,-0.02022284189203392,7.621974889549408
2022-01-19,-0.00871106702542039,7.555867705508039
2022-01-20,-0.010586972740817704,7.476295895593637
2022-01-21,-0.024624124455094282,7.29444678116386
2022-01-24,-0.0013122741897759866,7.2848807449282456
2022-01-25,-0.009619370913241136,7.215140740236435
2022-01-26,0.006577603250787627,7.262755497244167
2022-01-27,-0.005974320735263096,7.219494821730631
2022-01-28,0.030455462455085024,7.442750293360087
2022-01-31,0.01849753504481439,7.581704016424951
2022-02-01,0.007045563421772157,7.635310013393697
2022-02-02,0.011150167499843367,7.720921402644651
2022-02-03,-0.030919115624684586,7.485850165331593
2022-02-04,0.00843066500231603,7.549227642085695
2022-02-07,-0.006023890646480712,7.503888616074067
2022-02-08,0.007374279268622504,7.559428919493786
2022-02-09,0.012267447584873276,7.65273496088664
2022-02-10,-0.016118427544713973,7.530373691674528
2022-02-11,-0.02058880217176253,7.376917478056087
2022-02-14,-0.00019398508869570682,7.375486604853325
2022-02-15,0.017713975799046988,7.507299817374145
2022-02-16,0.0003340173528117642,7.509807804618221
2022-02-17,-0.02136526995843596,7.351060610493403
2022-02-18,-0.008084289021121047,7.291872082847272
2022-02-22,-0.01521343602079745,7.1817772373209765
2022-02-23,-0.02124836795300737,7.030786031292598
2022-02-24,0.011096440742163944,7.109237191204082
2022-02-25,0.020307041549243402,7.2550805782654955
2022-02-28,-0.0036616021445289703,7.22856393598495
2022-03-01,-0.018683730617032622,7.094761253611007
2022-03-02,0.015001510138113508,7.201995714869939
2022-03-03,-0.00653818710645823,7.155061319471047
2022-03-04,-0.008900645677249384,7.091659232191264
2022-03-07,-0.03364294222459605,6.857043658138895
2022-03-08,-0.007465249443967693,6.806044713551238
2022-03-09,0.03134066138279556,7.022728425759947
2022-03-10,-0.0037699765275689577,6.996302747826504
2022-03-11,-0.012320373363349901,6.910634501838827
2022-03-14,-0.001123519742596267,6.902874627544401
2022-03-15,0.027217581602152444,7.093334350011344
2022-03-16,0.02301199198311919,7.258458736980256
2022-03-17,0.011974761242314962,7.345899543857351
2022-03-18,0.012681695701829285,7.439651215144644
2022-03-21,-0.001852515869177431,7.4258819010816595
2022-03-22,0.012044167762886583,7.515861243923376
2022-03-23,-0.013548851753092646,7.414716697629952
2022-03-24,0.016819878179501587,7.540486076952918
2022-03-25,0.0034832224600757473,7.566797064324888
2022-03-28,0.010843559605790646,7.6492945541856665
2022-03-29,0.010241944427774985,7.7280407727635065
2022-03-30,-0.0065603706542488455,7.677507899291103
2022-03-31,-0.017702074378488267,7.542795941760823
2022-04-01,0.003475210191541276,7.565936939931349
2022-04-04,0.010610527407941852,7.646642930584736
2022-04-05,-0.012833179294699388,7.549139170628875
2022-04-06,-0.013921636115704305,7.444770975768871
2022-04-07,0.0028790088447502495,7.466235420592485
2022-04-08,-0.002347220439213769,7.448731071528838
2022-04-11,-0.019235828939688407,7.306817839975776
2022-04-12,-0.005058483026146081,7.269949752869321
2022-04-13,0.010452560974449188,7.3463378762135285
2022-04-14,-0.015975764424204026,7.229907025175088
2022-04-18,0.0019389000478053895,7.243938690854648
2022-04-19,0.016755608944422337,7.366337867523939
2022-04-20,-0.007278136824758176,7.312919282316772
2022-04-21,-0.014544437885277699,7.207326735593522
2022-04-22,-0.025014235763914087,7.029277136609095
2022-04-25,0.009878196634499913,7.099057804517308
2022-04-26,-0.03264126716220217,6.871076601365905
2022-04-27,0.002399842220530715,6.887585903030525
2022-04-28,0.030985346795156042,7.10434091362375
2022-04-29,-0.03691839327414475,6.846842521445526
2022-05-02,0.008475514350815937,6.905119648951215
2022-05-03,0.0026559485800454613,6.923483667827743
2022-05-04,0.02782501843839316,7.118834951309121
2022-05-05,-0.041128222794520906,6.831989084659386
2022-05-06,-0.006092806372114854,6.790489650418268
2022-05-09,-0.028655590347524695,6.598665701051917
2022-05-10,0.003225645656570804,6.619985024215507
2022-05-11,-0.01948460302384643,6.492245759747022
2022-05-12,-0.0031002645839361465,6.472149248495617
2022-05-13,0.022375004589572995,6.618595879947925
2022-05-16,-0.0058523795389530345,6.579974468655123
2022-05-17,0.015705244656763383,6.684130333320028
2022-05-18,-0.04315046513953179,6.401841252570761
2022-05-19,-0.0092419253430218,6.3429484741716085
2022-05-20,-0.0002563515787540356,6.34132265771551
2022-05-23,0.02223674083599249,6.483912497351299
2022-05-24,-0.013205482760348823,6.398852170089118
2022-05-25,0.008250268267834671,6.451862792337028
2022-05-26,0.022127360411478624,6.596216681098049
2022-05-27,0.024998425766703122,6.763190054537937
2022-05-31,-0.0026513579772986288,6.7452821672353656
2022-06-01,-0.010881593262533337,6.672280656957026
2022-06-02,0.018935382892483265,6.79982660067275
2022-06-03,-0.020042312672669607,6.6648989970393995
2022-06-06,0.0032170222054219155,6.6863746504152894
2022-06-07,0.0062399660480478465,6.7282278466765595
2022-06-08,-0.007897433582754786,6.675301380834794
2022-06-09,-0.025827232721713077,6.505104141120197
2022-06-10,-0.03198696355297409,6.3003183110161
2022-06-13,-0.03929369587176906,6.057556262920448
2022-06-14,-0.005094868717412085,6.026772295738248
2022-06-15,0.016788921045531563,6.128809450096558
2022-06-16,-0.028564349306053817,5.9562206739341725
2022-06-17,0.001456521421993836,5.9649023579344265
2022-06-21,0.024733965920087534,6.11427775739893
2022-06-22,0.00020168219372452864,6.11551102270973
2022-06-23,0.011556478567190234,6.186594742398806
2022-06-24,0.02935125524582662,6.370870192477697
2022-06-27,-0.004345858240775901,6.343243368362545
2022-06-28,-0.025763898909690584,6.181903977705332
2022-06-29,0.0026384766352771337,6.198236323693798
2022-06-30,-0.009104094318277344,6.142063086809802
2022-07-01,0.007141919218696823,6.182206232549351
2022-07-05,0.009369429556933817,6.240402184052835
2022-07-06,0.005273706363476782,6.273399164478444
2022-07-07,0.018052688495729097,6.387679313734667
2022-07-08,-9.024302642641798e-05,6.387102896230775
2022-07-11,-0.01667122067115947,6.281504764998287
2022-07-12,-0.007329745910020553,6.235631257096729
2022-07-13,-0.0022174880079494723,6.22181913932469
2022-07-14,-0.0016314474752481493,6.211676843759214
2022-07-15,0.02247329073155042,6.3528540802063675
2022-07-18,-0.006239822423780306,6.313336817431121
2022-07-19,0.026749437564561367,6.484494000050569
2022-07-20,0.008975941952264335,6.54296044495171
2022-07-21,0.013359225955932278,6.6309557981607785
2022-07-22,-0.013001018614242302,6.54530460124141
2022-07-25,-0.0011698894957789482,6.537651795483108
2022-07-26,-0.02041876522088065,6.4055146479899125
2022-07-27,0.029387888034709347,6.596552546529639
2022-07-28,0.007028254472051668,6.643078101669463
2022-07-29,0.013594791423143338,6.734006035592479
2022-08-01,-0.00047239333296995954,6.730825687283898
2022-08-02,-0.007603830580530478,6.679839719082476
2022-08-03,0.02052085954132345,6.818331901070507
2022-08-04,0.00041775238657772244,6.821180870535121
2022-08-05,-0.00480115825584195,6.788509793947224
2022-08-08,-0.004346489629841346,6.759067637890431
2022-08-09,-0.007229850641995423,6.710376814172828
2022-08-10,0.024229023955418795,6.874948347730303
2022-08-11,-0.003198424806949139,6.852994470017505
2022-08-12,0.019866360866873097,6.990499874738512
2022-08-15,0.0076100758506699815,7.043901044777245
2022-08-16,0.00575754188692258,7.084573574631639
2022-08-17,-0.010305341921415783,7.011939523753003
2022-08-18,0.0017644354367181876,7.0243225596499075
2022-08-19,-0.016676203258775234,6.908154839281817
2022-08-22,-0.023820724872111513,6.745542049906521
2022-08-23,-0.0053445456161171166,6.7095863617102065
2022-08-24,0.0021997594524112304,6.724362083289516
2022-08-25,0.01584483733998846,6.831757088042162
2022-08-26,-0.03805297223177963,6.576672567432363
2022-08-29,-0.007974846380392923,6.52443319137294
2022-08-30,-0.009246077218431528,6.464385807439993
2022-08-31,-0.008264703676708186,6.411179743320913
2022-09-01,0.004353623916646535,6.439152455937704
2022-09-02,-0.01249259373437132,6.359211117312046
2022-09-06,-0.004266053042092613,6.332140169485198
2022-09-07,0.017475839550151796,6.443772225982602
2022-09-08,0.008261880196729058,6.497230428680009
2022-09-09,0.01694492688071963,6.608263590890337
2022-09-12,0.009675570394758541,6.672512632281551
2022-09-13,-0.04805543831807241,6.359444667839983
2022-09-14,0.0043630972976057775,6.387252162974572
2022-09-15,-0.008719760475058938,6.331798974640783
2022-09-16,-0.0038129445764169714,6.3077021452134
2022-09-19,0.007051180520720648,6.352336067702755
2022-09-20,-0.009717764362507679,6.290904534666121
2022-09-21,-0.019113681023292927,6.171804042373201
2022-09-22,-0.008850174100553715,6.117423495685165
2022-09-23,-0.015596957813087826,6.022750523883116
2022-09-26,-0.00873894042723671,5.970347373350087
2022-09-27,-0.003244692277571478,5.9510068273616135
2022-09-28,0.01834394297566046,6.061179165392779
2022-09-29,-0.022695193459346494,5.925168760742391
2022-09-30,-0.014562847852039103,5.839506685371546
2022-10-03,0.01824239265971691,5.944760318564977
2022-10-04,0.028741431377415562,6.11810032687746
2022-10-05,-0.003097011864213611,6.09918180813855
2022-10-06,-0.0107299653378015,6.034087652300867
2022-10-07,-0.031783213574584905,5.845320656922366
2022-10-10,-0.01048222514148935,5.784368703920078
2022-10-11,-0.010035446803285402,5.726610280034159
2022-10-12,-0.0013338775255340028,5.718976775496015
2022-10-13,0.02672796849632028,5.873894502185729
2022-10-14,-0.020200181024758297,5.756431154554002
2022-10-17,0.03138895314297982,5.939985216706765
2022-10-18,0.010968103876393855,6.005494189474597
2022-10-19,-0.007333731997482468,5.961612609127195
2022-10-20,-0.006611691264250631,5.92232628475734
2022-10-21,0.026416106985182777,6.0808557364529285
2022-10-24,0.009562061889399152,6.139280139062881
2022-10-25,0.01666554983211961,6.2424519376239065
2022-10-26,-0.008460907811927442,6.189857937505858
2022-10-27,-0.015961325392069757,6.091843898679124
2022-10-28,0.023290520883810343,6.23539127393156
2022-10-31,-0.009867204482913302,6.174167941504093
2022-11-01,-0.0033447091211106146,6.153551642655953
2022-11-02,-0.026030793477987157,5.995436667969615
2022-11-03,-0.015279035073286859,5.904528444337318
2022-11-04,0.01635794900650864,6.001908718891576
2022-11-07,0.011183627763313194,6.069408574969631
2022-11-08,0.0037998575390566095,6.092515336298419
2022-11-09,-0.027856779248525764,5.925139579752097
2022-11-10,0.05863406450127682,6.2829417919706
2022-11-11,0.010706516527404087,6.35057160593782
2022-11-14,-0.0066526324455480615,6.308463806379935
2022-11-15,0.01037096054742528,6.374229070653834
2022-11-16,-0.007286621705695398,6.327951283872546
2022-11-17,-0.004700221317412191,6.29827830177219
2022-11-18,0.0033761814360214262,6.3195783682654945
2022-11-21,-0.0042020668278913,6.293078793123488
2022-11-22,0.014387423113278116,6.384274442498278
2022-11-23,0.01008611909537471,6.448992824870938
2022-11-25,0.0002820467326641146,6.450811998760134
2022-11-28,-0.013676410471380893,6.363188598568507
2022-11-29,-0.0049648998588076405,6.331674301793908
2022-11-30,0.03658816738142728,6.567628912347616
2022-12-01,0.00032479332343784447,6.569762380818567
2022-12-02,-0.0019506221889678008,6.556959747152373
2022-12-05,-0.01846690539896069,6.436984189981085
2022-12-06,-0.020054523791210387,6.309179353359974
2022-12-07,-0.002509287089702146,6.293367657400797
2022-12-08,0.011583341410954526,6.366689721025945
2022-12-09,-0.003225947279631528,6.346184208274633
2022-12-12,0.014254330042272128,6.43729261447733
2022-12-13,0.007921581514046188,6.488488661764986
2022-12-14,-0.00266124615160752,6.471244152403668
2022-12-15,-0.026277752394565954,6.303409220942123
2022-12-16,-0.010448091231762996,6.237893479540253
2022-12-19,-0.010563660577401048,6.172345313938088
2022-12-20,-0.0002199081749405522,6.170988113980149
2022-12-21,0.013448141542571988,6.25453696481587
2022-12-22,-0.01758146562709285,6.145534061346599
2022-12-23,0.00442799619815276,6.172806800035765
2022-12-27,-0.010080062317461991,6.110897073973759
2022-12-28,-0.00930854389996362,6.0542774522452385
2022-12-29,0.01938539399361522,6.172786971630632
2022-12-30,-0.0014708857032205342,6.163714181679301
2023-01-03,-0.008715083690307343,6.097167736645683
2023-01-04,0.004207808024729439,6.122877500918279
2023-01-05,-0.010907908158316172,6.0564526521631565
2023-01-06,0.021027051612233918,6.185150319112557
2023-01-09,-0.0012217923395273188,6.177597964477857
2023-01-10,0.005995422668791308,6.214746524737275
2023-01-11,0.014634415337572416,6.30636445893315
2023-01-12,0.004917254034489726,6.337450822146857
2023-01-13,0.004681056117714923,6.367186327575663
2023-01-17,7.189038215180989e-05,6.36764408348791
2023-01-18,-0.017342781610042046,6.258163515611481
2023-01-19,-0.005617974452617118,6.223103887120622
2023-01-20,0.020138297392836995,6.349697010588152
2023-01-23,0.01303160783339487,6.43298528326032
2023-01-24,0.0015517257336591106,6.442975260916776
2023-01-25,-0.0006176805634362817,6.438996789166235
2023-01-26,0.01668884851422017,6.54735792744571
2023-01-27,0.010147806493078441,6.6141375088011305
2023-01-30,-0.020934712261634205,6.477111745061237
2023-01-31,0.01559579384111662,6.578919265538576
2023-02-01,0.01251940160375944,6.661801131081951
2023-02-02,0.0260631081563946,6.837710793122431
2023-02-03,-0.008987312768871929,6.776533469256468
2023-02-06,-0.0028786259562039247,6.757054414026852
2023-02-07,0.01532929967633069,6.861433309785876
2023-02-08,-0.011286795152308475,6.784425122897863
2023-02-09,-0.006462931633016776,6.740719233378153
2023-02-10,-0.003584632565508097,6.716599487739482
2023-02-13,0.011231526439731618,6.79246238303907
2023-02-14,0.0066737523136060845,6.837945196285012
2023-02-15,-0.00027356311553605706,6.836074842534815
2023-02-16,-0.01881526491153476,6.708654763707398
2023-02-17,-0.0022637205046239102,6.69348542041493
2023-02-21,-0.020605862235544756,6.556971703680272
2023-02-22,-0.0006541068683628447,6.552684145866612
2023-02-23,0.011637192460522725,6.6293844147125105
2023-02-24,-0.010927002364885068,6.557339450126672
2023-02-27,0.004458017093943339,6.586637438430332
2023-02-28,-0.0022943648811499136,6.571542611948349
2023-03-01,-0.007669474535437907,6.521335111902711
2023-03-02,0.0025212177100433545,6.537797561469318
2023-03-03,0.020915392127886866,6.6759781747112505
2023-03-06,0.001660726568713929,6.687074360353016
2023-03-07,-0.016115688441615938,6.580171275468601
2023-03-08,-0.0004037379840762712,6.577515146609102
2023-03-09,-0.018204964502337283,6.458855095046765
2023-03-10,-0.007811253283160831,6.40859987563337
2023-03-13,0.0043424746404469,6.436489569391501
2023-03-14,0.022766123806280132,6.584704222843232
2023-03-15,-0.0024578789803818045,6.56853969011221
2023-03-16,0.017834468724403134,6.6867369657042595
2023-03-17,-0.008199166416830626,6.632135445898599
2023-03-20,0.008085788951271275,6.6859788833897635
2023-03-21,0.017925866334531675,6.8069115199847605
2023-03-22,-0.012564618021582345,6.721920335835724
2023-03-23,0.007097452767621774,6.769798553637803
2023-03-24,0.0011537660403313826,6.777613824939228
2023-03-27,-0.00030575539565580315,6.775541849717524
2023-03-28,-0.004087728290415333,6.747901806596298
2023-03-29,0.012701840614077533,6.834159234166851
2023-03-30,0.006723885109349426,6.880266170838674
2023-03-31,0.016961578536726148,6.997961674928375
2023-04-03,0.00976487103351704,7.059601370399732
2023-04-04,-0.0028729895845259145,7.039348316528922
2023-04-05,0.0015537393892605927,7.050294130552206
2023-04-06,0.00477239031628082,7.084021301586676
2023-04-10,-0.001491683540678429,7.073462061089875
2023-04-11,-0.0010145565040522225,7.066289273364109
2023-04-12,-0.004850962444612456,7.0320939765829715
2023-04-13,0.015524212908688956,7.142113474161366
2023-04-14,0.002856128868441171,7.162541429185931
2023-04-17,-0.0007467231959430503,7.157194989762451
2023-04-18,-0.0006423639278227802,7.152598942202255
2023-04-19,-0.0023317113457029448,7.1359405748969404
2023-04-20,-0.0052080225823627506,7.09887304329071
2023-04-21,0.0048245649531457775,7.133204768608277
2023-04-24,0.0011632949018718995,7.1415076177443195
2023-04-25,-0.012827851627962728,7.050482494220655
2023-04-26,-0.0050085014984111225,7.015258425617225
2023-04-27,0.024386668884379504,7.188440291735607
2023-04-28,0.006764519994829134,7.237231478247297
2023-05-01,0.0013187085587087926,7.246781572850802
2023-05-02,-0.011285562496237451,7.1654573246029365
2023-05-03,-0.003856049199436524,7.1378801722216325
2023-05-04,-0.0061983188372606675,7.093774147902326
2023-05-05,0.017102390369451666,7.216138017383247
2023-05-08,0.0031910475674877033,7.239201836350825
2023-05-09,-0.004364969828638635,7.2076718026363515
2023-05-10,0.00422533645758523,7.238191072764485
2023-05-11,0.0019131197628848929,7.252051853592624
2023-05-12,-0.002633671296043899,7.23297746165302
2023-05-15,0.001360294500957665,7.242823136109864
2023-05-16,-0.0026341690865516235,7.223769421675702
2023-05-17,0.013154673146131234,7.3194235171098
2023-05-18,0.009044830943842109,7.385926767376816
2023-05-19,-0.001421223841183756,7.375437167965808
2023-05-22,-0.00011138545309988853,7.374615697305835
2023-05-23,-0.00766318584350583,7.318318629639701
2023-05-24,-0.003904925070132108,7.289796867665982
2023-05-25,0.012132851205062618,7.3787816161442645
2023-05-26,0.012477279248706749,7.471425504802647
2023-05-30,0.0010392818616691442,7.4791944581774885
2023-05-31,-0.0054666176321019515,7.438420112298906
2023-06-01,0.015316035266969091,7.553224144141992
2023-06-02,0.012355335661022409,7.6471256616132095
2023-06-05,-0.0002676234963067021,7.645079384935024
2023-06-06,0.001776798982443177,7.65867522917112
2023-06-07,-0.007816276397291143,7.5990462486211126
2023-06-08,0.00914483504289715,7.66885699039655
2023-06-09,0.0024028392142186224,7.6873061770393045
2023-06-12,0.008732531426276963,7.75472978072254
2023-06-13,0.0056440538801981206,7.7986216409274665
2023-06-14,0.0002580977835238709,7.800634707660387
2023-06-15,0.010824613197192414,7.885532223480683
2023-06-16,-0.0037890436615038788,7.855710131874576
2023-06-20,0.001967501812494657,7.871181470750234
2023-06-21,-0.005784624168365655,7.825781082869878
2023-06-22,0.007091029534337478,7.881471144239046
2023-06-23,-0.005622699454238444,7.837280352930161
2023-06-26,-0.013249390431547856,7.734126040518421
2023-06-27,0.011619981141959015,7.824520613759819
2023-06-28,-0.0013766364912902141,7.813756503989165
2023-06-29,0.00394407185662144,7.844635375326209
2023-06-30,0.014844345910872027,7.961952449727152
2023-07-03,0.0021504259108098577,7.974977339882933
2023-07-05,0.0012317802687078802,7.984806812245807
2023-07-06,-0.010176701830549065,7.903959889400083
2023-07-07,-0.00599783128302607,7.856695156155106
2023-07-10,8.671516095887393e-05,7.857376480280315
2023-07-11,0.004728345400879177,7.8946168434912325
2023-07-12,0.008541870059758446,7.962340466153165
2023-07-13,0.006116741600401413,8.011193303091988
2023-07-14,0.003870140078197688,8.04225781660421
2023-07-17,0.0042518920488139956,8.076525428135827
2023-07-18,0.004921292625291878,8.116370336973947
2023-07-19,0.0018698289802841544,8.131560758764378
2023-07-20,-0.006451370871058807,8.079269899774111
2023-07-21,-0.0008066560597344896,8.072755335610806
2023-07-24,0.00822445975089226,8.139423164591841
2023-07-25,0.0011376394389776784,8.148688162508677
2023-07-26,0.0014214062496327319,8.160278994478169
2023-07-27,-0.00407476085014079,8.127095462497772
2023-07-28,0.011527713414403656,8.2213243683017
2023-07-31,0.0017238783531606532,8.2355091543245
2023-08-01,-0.003293777808034956,8.208427841431524
2023-08-02,-0.0137378052974665,8.096433100288218
2023-08-03,0.0025769978235725987,8.11732449774775
2023-08-04,-0.0023547730175146465,8.098232528495076
2023-08-07,0.011673466910884707,8.193320903649663
2023-08-08,0.0023864243373085967,8.212896993195253
2023-08-09,-0.007568219781630722,8.15097460041122
2023-08-10,0.0008570794889694093,8.15796362820469
2023-08-11,0.0016367061109190764,8.171326749895993
2023-08-14,0.007478581398671244,8.23266576063615
2023-08-15,-0.010930975951008871,8.143164747083796
2023-08-16,-0.0071425044105256205,8.085209376591134
2023-08-17,-0.005929062792673823,8.037413494914356
2023-08-18,0.0009517546387985337,8.045066781940077
2023-08-21,0.008491347503458103,8.113671099008128
2023-08-22,-0.0030005846709379035,8.089361831130745
2023-08-23,0.008257101757289014,8.156433040749011
2023-08-24,-0.011370088530583996,8.06421890984109
2023-08-25,0.006720862152305411,8.118599952546909
2023-08-28,0.004696523505906372,8.156818825726717
2023-08-29,0.013588301699969422,8.268412608769466
2023-08-30,0.0024129822915387013,8.288388232694649
2023-08-31,-0.000679824230499151,8.282755500393165
2023-09-01,0.0010617956259237713,8.291554764637523
2023-09-05,0.000268836322202533,8.293784135380278
2023-09-06,-0.007083602934096402,8.235241851682
2023-09-07,0.0022123863845573293,8.253481557827213
2023-09-08,0.0023189230011852425,8.272642954366555
2023-09-11,0.009301667576963562,8.349951320071252
2023-09-12,-0.00219691952882098,8.33162728453725
2023-09-13,0.0036558411466938515,8.3621421351198
2023-09-14,0.005068803183366365,8.40463579280614
2023-09-15,-0.012649459298967814,8.298991276096979
2023-09-18,8.726282368900625e-05,8.299715501108002
2023-09-19,-0.0017912632300030962,8.284861833297523
2023-09-20,-0.009867274442100074,8.2035148245192
2023-09-21,-0.01585330060214375,8.074487494861259
2023-09-22,-0.0022662421121865807,8.056209470303342
2023-09-25,0.005475389202716488,8.100441335484907
2023-09-26,-0.011995494138221478,8.003853009464263
2023-09-27,0.0009048408941667768,8.011098500492071
2023-09-28,0.005034072933978694,8.05152863336234
2023-09-29,-0.004775263134178752,8.013172119616062
2023-10-02,0.006332062552927329,8.061899746282187
2023-10-03,-0.01297044896090471,7.958008501624894
2023-10-04,0.006426735711814732,8.00931721623155
2023-10-05,0.0013466851828168058,8.02011051100501
2023-10-06,0.009449503581486439,8.096255774871318
2023-10-09,0.004290582588244377,8.13106805801169
2023-10-10,0.005542697697948313,8.176261240593092
2023-10-11,0.0024963885058967568,8.196697863437159
2023-10-12,-0.0019143365907146462,8.181021634370971
2023-10-13,-0.0037759518043200178,8.150188739366376
2023-10-16,0.01040102853981825,8.235401466853448
2023-10-17,-0.0033725649362653714,8.207673823550682
2023-10-18,-0.01296082362143567,8.101982016745456
2023-10-19,-0.010600486304881442,8.016550674216829
2023-10-20,-0.012409839739559331,7.917681310419887
2023-10-23,-0.00047374504163872385,7.913931236517396
2023-10-24,0.005384422548273823,7.956658112862889
2023-10-25,-0.012294429505616069,7.85943442014682
2023-10-26,-0.018450816973141607,7.715751048133923
2023-10-27,-0.006471323361197419,7.665981140398925
2023-10-30,0.013113601149566398,7.767171796332149
2023-10-31,0.0031438917968019072,7.791629369864389
2023-11-01,0.010334662356427236,7.87257075916041
2023-11-02,0.017754512418348505,8.01359259703309
2023-11-03,0.003687482054009256,8.043197125460756
2023-11-06,0.004748005536428908,8.081477074734753
2023-11-07,0.004041743209868973,8.114206427091403
2023-11-08,0.0012379415023219657,8.124257560059618
2023-11-09,-0.009976152819176184,8.04361166184709
2023-11-10,0.013922494952807432,8.156382005308119
2023-11-13,0.0021284170389674994,8.17376067571297
2023-11-14,0.01346486910737,8.284563592645744
2023-11-15,0.000660547293839298,8.290037746477214
2023-11-16,-0.0027589772868583454,8.267197243330592
2023-11-17,0.0015330825542049335,8.279881259534179
2023-11-20,0.006278407568429725,8.332029260602907
2023-11-21,-0.0003077711751453333,8.329465296743349
2023-11-22,0.0024473178890374657,8.349875110634692
2023-11-24,0.0009758371386516474,8.358027205782445
2023-11-27,-0.0025934933562299215,8.336378802382558
2023-11-28,0.0035364590261736436,8.365912255587318
2023-11-29,-0.004816608619208555,8.32571381829529
2023-11-30,0.002001376072257882,8.342393388194228
2023-12-01,-0.002345008104534869,8.322853327841974
2023-12-04,-0.005514546669197817,8.277082882364267
2023-12-05,0.0016269644900430008,8.29056036301331
2023-12-06,-0.005919167260947329,8.24163209968122
2023-12-07,0.007036220535716688,8.299826535056866
2023-12-08,0.00418389257445145,8.334624863137433
2023-12-11,-0.004681161977078513,8.295700311281312
2023-12-12,0.0047729719105063335,8.33539009961888
2023-12-13,0.007087901005598323,8.394680393133246
2023-12-14,-0.0026492479429359103,8.372470236466256
2023-12-15,0.0027648214969864557,8.395650652248467
2023-12-18,0.008854954059728715,8.470323879144498
2023-12-19,0.006536215283278357,8.525869069448063
2023-12-20,-0.013760310458525665,8.409353944736617
2023-12-21,0.00910959227694209,8.486309716157784
2023-12-22,0.0005036728806688222,8.49058511683007
2023-12-26,0.002770657022453244,8.51414223538697
2023-12-27,0.00298127568882808,8.539563115141549
2023-12-28,-0.0012947271258801332,8.528513865558292
2023-12-29,-0.0023633233489904967,8.508382027998701
2024-01-02,-0.0023778739730596263,8.477677112546061
2024-01-03,-0.003394479722263452,8.44894859626395
2024-01-04,-0.0029618030965651576,8.42396149585065
2024-01-05,0.002352529359682991,8.443802441647598
2024-01-08,0.013433230302415559,8.557995256479366
2024-01-09,0.0013753612438579424,8.569773689423648
2024-01-10,0.00898147932249027,8.64708962059606
2024-01-11,-0.00016906883797174758,8.645627790780484
2024-01-12,0.00045868246121309937,8.649594298228449
2024-01-16,-0.002693438882398888,8.62632849120862
2024-01-17,-0.003792744070009342,8.59367300108141
2024-01-18,0.0075691167711724044,8.658966310130992
2024-01-19,0.01221706372577241,8.765402297105728
2024-01-22,0.0005091253537529363,8.76986612187779
2024-01-23,0.003333063745313227,8.79914541246478
2024-01-24,0.004161926623902773,8.835843123643095
2024-01-25,-0.0015183937472035775,8.822437015144214
2024-01-26,0.002316861029052576,8.842901072680583
2024-01-29,0.008574156435470638,8.919047468878999
2024-01-30,0.0019347212886241531,8.936320043312207
2024-01-31,-0.01460825319722024,8.80672490142787
2024-02-01,0.012289278533350998,8.91562095315239
2024-02-02,0.02047559190201699,9.10005532720125
2024-02-05,0.0010023573099400237,9.109181407211738
2024-02-06,0.0018649080801136605,9.126185043402476
2024-02-07,0.01253992358464421,9.241347260066581
2024-02-08,0.0007516938256937626,9.24829653527948
2024-02-09,0.0055189171217255705,9.299478221206734
2024-02-12,-0.002622127242855949,9.275125747613837
2024-02-13,-0.009193586866487986,9.190244851161003
2024-02-14,0.00878442525245469,9.271331498476066
2024-02-15,0.007117217559607902,9.33755295855128
2024-02-16,-0.001962461285847645,9.319246341254717
2024-02-20,-0.008062036399668522,9.244416284660845
2024-02-21,0.0011761441598794374,9.255295447363272
2024-02-22,0.028803825441010105,9.525759867599554
2024-02-23,-0.0006233314044488019,9.519824012517477
2024-02-26,-0.000903923780186831,9.511222705258117
2024-02-27,-0.0012937752854598836,9.498925277157166
2024-02-28,-0.001655478264099237,9.48321302206535
2024-02-29,0.002179599287003486,9.503905168508796
2024-03-01,0.011806894901762852,9.616781828144779
2024-03-04,-0.004608150222190084,9.572568202580738
2024-03-05,-0.008924211343457892,9.487520636510741
2024-03-06,0.00516889869168372,9.536687629651114
2024-03-07,0.011042947023015448,9.642584395966168
2024-03-08,-0.014775107003575831,9.501161521529097
2024-03-11,-0.004787988859346097,9.455778798698091
2024-03-12,0.01593093626086709,9.607624518824707
2024-03-13,-0.002117879510468629,9.587298259593627
2024-03-14,-0.0015920340859872535,9.57204709737814
2024-03-15,-0.006880092179410078,9.50641656195783
2024-03-18,0.008563560492069017,9.588174906873036
2024-03-19,0.005894660859142955,9.644860854286021
2024-03-20,0.01012173352797821,9.742979292429505
2024-03-21,0.004090232989107215,9.782911959025919
2024-03-22,-0.0008006780771727659,9.775082130893582
2024-03-25,-0.003961655152181839,9.736433233756555
2024-03-26,-0.0030959724240114854,9.70633611891559
2024-03-27,0.003442127073373389,9.739804128780454
2024-03-28,-0.0007545619752648579,9.732457614986899
2024-04-01,-0.0026652320486798614,9.701073043174661
2024-04-02,-0.007992133632515563,9.623849771435907
2024-04-03,0.0002979062005716597,9.626717203047809
2024-04-04,-0.009128269441224473,9.539241791555463
2024-04-05,0.010289898852162157,9.637906378461064
2024-04-08,0.000848297756534901,9.646085661562868
2024-04-09,-0.0001335320942086235,9.644797685538546
2024-04-10,-0.004665683861661956,9.599902922455266
2024-04-11,0.007781756892046387,9.674898453228852
2024-04-12,-0.013258721161504849,9.547468319456199
2024-04-15,-0.013589310023058281,9.418602395152238
2024-04-16,-0.0016743531502186235,9.402845523526224
2024-04-17,-0.004377074139732206,9.361778513784591
2024-04-18,-0.0020150730891527564,9.34293283991692
2024-04-19,-0.0102073532022498,9.248051293013866
2024-04-22,0.007161590108032707,9.314519771583704
2024-04-23,0.010221378805899017,9.4102152432371
2024-04-24,0.003079738375039923,9.439240917037955
2024-04-25,-0.003125252942592461,9.409786951106566
2024-04-26,0.01141967702725866,9.517859581784464
2024-04-29,0.004842139095815768,9.564058141434385
2024-04-30,-0.012965600089271107,9.44085481679853
2024-05-01,-0.0030356520834957535,9.41223912182587
2024-05-02,0.0071787712390283575,9.480050543449932
2024-05-03,0.00989107369541244,9.574283687235626
2024-05-06,0.012285672033645414,9.692635725089556
2024-05-07,0.0020623191703905155,9.712645659900979
2024-05-08,-9.108426507647033e-05,9.711761030997597
2024-05-09,0.004481802331779432,9.755384908007777
2024-05-10,0.001268862290141873,9.767771004506939
2024-05-13,-0.0007011651635831544,9.760924584268897
2024-05-14,0.0058401503119187665,9.818096635211038
2024-05-15,0.01184303054725618,9.935063909957995
2024-05-16,0.0011047610153514119,9.946045846341384
2024-05-17,0.0029221886532012423,9.975152575622488
2024-05-20,-0.0036892115303398974,9.938419926641481
2024-05-21,0.007143049006328968,10.009664696737625
2024-05-22,-0.004617521325692046,9.963551403029658
2024-05-23,-0.006250185689011926,9.901471563994152
2024-05-24,0.00681093052070805,9.969139979720557
2024-05-28,0.0017065162200977128,9.986167003110001
2024-05-29,-0.005701581948445914,9.929392060887162
2024-05-30,-0.0036047004121500556,9.893664010379192
2024-05-31,0.005058617132516519,9.94383906985658
2024-06-03,0.0029740095019099087,9.97345616066093
2024-06-04,0.003064138074254185,10.004063075373862
2024-06-05,0.010745003425268882,10.11213635144726
2024-06-06,0.003393414860067956,10.146509313084223
2024-06-07,-0.0013182345869816323,10.13314264570786
2024-06-10,0.00425010015065298,10.17630116584383
2024-06-11,0.0033090357448371005,10.210030685467492
2024-06-12,0.005114730973833594,10.262386023255509
2024-06-13,0.01107354548027959,10.376658554953767
2024-06-14,0.0021691690512940487,10.399191711824848
2024-06-17,0.009769065968447054,10.501279943114302
2024-06-18,0.0004572676684281338,10.506082936952607
2024-06-20,-0.0032528199647584733,10.471964061986563
2024-06-21,-0.004942880700564673,10.420330108291157
2024-06-24,-0.0031415368942403744,10.387645623444257
2024-06-25,0.004527947606516146,10.434786984847332
2024-06-26,0.006760927817261382,10.505574852629152
2024-06-27,-0.0010129046019214639,10.49493909492839
2024-06-28,-0.0031433501760396386,10.462001620405292
2024-07-01,0.005428999010621382,10.514069856155485
2024-07-02,0.011764822119265867,10.638496511329954
2024-07-03,0.007512788098707513,10.718722263505121
2024-07-05,0.010016676721521522,10.826627764332878
2024-07-08,-6.350681834223044e-05,10.82594022148225
2024-07-09,0.004104302529682923,10.870464463296635
2024-07-10,0.007484329578739818,10.95212781854786
2024-07-11,-0.01693795886931171,10.768183347666497
2024-07-12,0.004403829581490807,10.81570916301915
2024-07-15,0.006003159044192973,10.88083286369006
2024-07-16,0.005574239145699839,10.941654588106879
2024-07-17,-0.008371695497573191,10.850436744413061
2024-07-18,-0.007718709859873688,10.767007767576981
2024-07-19,-0.008447016238196195,10.676441723057506
2024-07-22,0.009722953373554444,10.780754560781295
2024-07-23,-0.002335932323438771,10.755600837866686
2024-07-24,-0.02888206857905901,10.449399979060688
2024-07-25,-0.005789105043006722,10.389082066767095
2024-07-26,0.009088841220256999,10.48393719271132
2024-07-29,0.002629439270416402,10.511540343374683
2024-07-30,-0.0069897471247718015,10.438323516129831
2024-07-31,0.017925000668779938,10.627117483109314
2024-08-01,-0.010815603734295123,10.512798122421572
2024-08-02,-0.012058096613204526,10.386794992652467
2024-08-05,-0.031020466960317836,10.069537932982593
2024-08-06,0.00947936221433281,10.165444579132773
2024-08-07,-0.009089217226638233,10.07346727919307
2024-08-08,0.02439499196221547,10.322231394974292
2024-08-09,0.007800736325775081,10.403067280178288
2024-08-12,0.00047208347748823275,10.4079795557673
2024-08-13,0.014889764328002767,10.564111417202176
2024-08-14,0.004236794115777124,10.608964331480585
2024-08-15,0.019639710582473203,10.819380816552206
2024-08-16,0.0009630047352550236,10.829804949950391
2024-08-19,0.007439762929919896,10.910676591254232
2024-08-20,0.0009638537027272296,10.921197957000096
2024-08-21,0.0024695373716740296,10.948201593018787
2024-08-22,-0.008143386707192165,10.859408183924353
2024-08-23,0.010307081344895256,10.97191580400201
2024-08-26,-0.0028496605918734074,10.94069407471195
2024-08-27,0.001603712333718597,10.958253877411595
2024-08-28,-0.00638856684978376,10.888469488422846
2024-08-29,0.0010041553988025859,10.899408695256952
2024-08-30,0.011915242499080214,11.030054586013653
2024-09-03,-0.014670008697574979,10.869424691022083
2024-09-04,0.0014564949211048025,10.885267487555518
2024-09-05,-0.0030665687247281186,10.851938196117867
2024-09-06,-0.021058248809234036,10.625804725475271
2024-09-09,0.013176507007589402,10.76674220864051
2024-09-10,0.005086822801252192,10.821650253751622
2024-09-11,0.0085381220513555,10.914442396025375
2024-09-12,0.009705629037643859,11.02088965829083
2024-09-13,0.0032932542108735853,11.057244078883032
2024-09-16,0.0003947843812526345,11.061610167920247
2024-09-17,-0.0010995911864317089,11.049453603722158
2024-09-18,-0.002671785505475133,11.019971236559108
2024-09-19,0.014209779729863755,11.177680453393235
2024-09-20,0.0004241675425112311,11.18242266831785
2024-09-23,0.006258893634745255,11.252631748765044
2024-09-24,-0.0001699260830282312,11.250719795578176
2024-09-25,-0.0005077758089476205,11.245008402409093
2024-09-26,-0.0015606477110504295,11.22747259295479
2024-09-27,-0.000696354879424761,11.219657009156856
2024-09-30,0.005409916723659785,11.28051889968611
2024-10-01,-0.0054940417554255145,11.214764232479743
2024-10-02,-0.00023644179051268805,11.212112906998861
2024-10-03,-0.0014392933093144223,11.195986995650518
2024-10-04,0.0109779345211542,11.319572925751475
2024-10-07,-0.011313850038476157,11.192226721489524
2024-10-08,0.010106550264662085,11.305915054150136
2024-10-09,0.006633356409674383,11.381160507287571
2024-10-10,-0.0021210553440434987,11.35704601909487
2024-10-11,0.0019111730831148869,11.37877205424404
2024-10-14,0.005604418220954026,11.44272248677406
2024-10-15,-0.008180683995082264,11.349495042124213
2024-10-16,0.004179920694594675,11.397034317307938
2024-10-17,0.0009131877943321288,11.40744670344647
2024-10-18,0.0024304407006551956,11.435205545650643
2024-10-21,-0.0021279645585841576,11.410897705812838
2024-10-22,0.0020485588958303633,11.434297561625577
2024-10-23,-0.008993002059356714,11.331929886370522
2024-10-24,0.006982288147733215,11.41132955922799
2024-10-25,0.0013287804015030046,11.426502789014007
2024-10-28,0.0021619762704693296,11.451233340698415
2024-10-29,0.0002801366152392302,11.454441699815243
2024-10-30,-0.0025706738797148564,11.425033880881603
2024-10-31,-0.018473529017614003,11.215910754305277
2024-11-01,0.004200375885389559,11.263120876087601
2024-11-04,-0.004644289311968552,11.210932965865434
2024-11-05,0.01130612043931581,11.33840436986891
2024-11-06,0.02741382689287694,11.653533132011367
2024-11-07,0.009882478197336049,11.769269860020902
2024-11-08,0.010080036791086211,11.88850446824403
2024-11-11,0.0029192138240053045,11.923260259946428
2024-11-12,-0.004663002338328678,11.867791495470497
2024-11-13,9.026575248406774e-05,11.86886279895044
2024-11-14,-0.009757222289239332,11.753618811203614
2024-11-15,-0.009507864968500286,11.642396571541838
2024-11-18,0.0052879173716515685,11.70412366266417
2024-11-19,0.004836182175889324,11.760864029691744
2024-11-20,-0.0011342014041876168,11.74753240299883
2024-11-21,0.0028219442379422,11.780730103372694
2024-11-22,0.004701231724843523,11.836244436101426
2024-11-25,0.001777566763586703,11.857302861650467
2024-11-26,0.007811001883696121,11.95028293767357
2024-11-27,-0.0031085862788481572,11.913192131958345
2024-11-29,0.007169465038318547,11.998910255821524
2024-12-02,0.006573249185634324,12.078041873887338
2024-12-03,0.0005506697653765056,12.084694717964167
2024-12-04,0.005117497303634716,12.146696622575645
2024-12-05,0.0004777249526483605,12.152500788931661
2024-12-06,0.007375791624357649,12.242466478694832
2024-12-09,-0.006392249251389038,12.16445916821748
2024-12-10,0.0027203767498243485,12.197596132190363
2024-12-11,0.011152505557059664,12.334391277285034
2024-12-12,-0.00831127406381976,12.232301606258982
2024-12-13,0.012120608490098802,12.381466704701879
2024-12-16,0.010864811149010705,12.516722435673769
2024-12-17,-0.0015681746589073743,12.49710941108096
2024-12-18,-0.03091639961741116,12.116655222773215
2024-12-19,-0.0020387498050846086,12.091977558638707
2024-12-20,0.004811322737020778,12.150296147477835
2024-12-23,0.010324816903231948,12.276395587132864
2024-12-24,0.01572313301162892,12.470944438623345
2024-12-26,-0.0002557299117936769,12.467755652853402
2024-12-27,-0.013440812378390432,12.301300043569007
2024-12-30,-0.013037291808259906,12.14196530884625
2024-12-31,-0.005937193456699424,12.070089692718076
2025-01-02,-0.0037751407787091572,12.01294774399618
2025-01-03,0.011718986885536591,12.154555449855241
2025-01-06,0.004297140848628183,12.20689766697198
2025-01-07,-0.011525623896568598,12.067013231730689
2025-01-08,0.0029362771783272546,12.102497397472069
2025-01-10,-0.010563834064996754,11.975321538206256
2025-01-13,0.0009832856373111353,11.987102490948567
2025-01-14,-0.003910525166289168,11.940318160257727
2025-01-15,0.021480624807153906,12.199578219925726
2025-01-16,-0.007058085898704934,12.113775705877423
2025-01-17,0.010465544397127609,12.241218680188663
2025-01-21,0.01136681803560629,12.381156200917188
2025-01-22,0.00670251115570759,12.46441976424703
2025-01-23,0.006381031644328653,12.544209922214105
2025-01-24,-0.00014575651713308929,12.542381655109816
2025-01-27,-0.014613274169215915,12.360429092542368
2025-01-28,0.008771844939399573,12.469329791667999
2025-01-29,-0.0044566731257259275,12.413881713445184
2025-01-30,0.011830477813393154,12.561616026316491
2025-01-31,-0.003652841141242522,12.515814142925883
2025-02-03,-0.0029951099137811212,12.478383985606165
2025-02-04,0.010096161528000129,12.605005887950924
2025-02-05,0.0040201261375754,12.655781595576137
2025-02-06,0.004871223815641214,12.717581137788494
2025-02-07,-0.009937523206335916,12.591825763484495
2025-02-10,0.008138692765916992,12.694724929094477
2025-02-11,-0.0011884949544600045,12.679646274795177
2025-02-12,-0.0027033467816990247,12.645415084081783
2025-02-13,0.011272440179468653,12.788766209715074
2025-02-14,-0.004998414659959595,12.725002145583623
2025-02-18,-0.001349887875877316,12.707836407983933
2025-02-19,0.0023935522070789557,12.738289709109376
2025-02-20,-0.012162155524635435,12.584302952106453
2025-02-21,-0.019903037848156464,12.336313155625385
2025-02-24,-0.005161459515459446,12.272803816139088
2025-02-25,-0.0019962906431489264,12.248328171094634
2025-02-26,-7.881538794692214e-05,12.247362852399611
2025-02-27,-0.013653335255065966,12.08128186108343
2025-02-28,0.01792544080450625,12.299796801141914
2025-03-03,-0.0185290202068977,12.073992048409295
2025-03-04,-0.014676365087324427,11.898083737819137
2025-03-05,0.01148304255099687,12.035497393134596
2025-03-06,-0.020092711977695066,11.796084888280138
2025-03-07,-0.0026436418999977052,11.764941448203148
2025-03-10,-0.03179799656025969,11.3967251755401
2025-03-11,-0.0059865547491114186,11.328701872087542
2025-03-12,0.005871486572828068,11.395413850605879
2025-03-13,-0.016938859671084827,11.204014157194429
2025-03-14,0.019522386993338373,11.42489227640011
2025-03-17,0.005762134813209083,11.490914076507229
2025-03-18,-0.01377873672406507,11.33366959963006
2025-03-19,0.013515289767970623,11.487887228895431
2025-03-20,-0.00013163328027356147,11.486375140138865
2025-03-21,0.003651321943370274,11.528392256064988
2025-03-24,0.02047872099736748,11.766912948175158
2025-03-25,0.0008426987168607566,11.77683308987628
2025-03-26,-0.011719952026051977,11.639614837369196
2025-03-27,-0.0019317444074076883,11.617151779930849
2025-03-28,-0.02000392738066775,11.387072040837014
2025-03-31,0.007423654501850319,11.471920281799106
2025-04-01,0.0057938790272551045,11.531700940379226
2025-04-02,0.009159515062318449,11.637810945074206
2025-04-03,-0.044829039582067104,11.127620177529982
2025-04-04,-0.058905989413109136,10.491069091170484
2025-04-07,-0.00139662944353379,10.47642718222419
2025-04-08,-0.009912536343921727,10.373092218941274
2025-04-09,0.0947439794176091,11.403942695771542
2025-04-10,-0.031446163051954024,11.050912271494338
2025-04-11,0.018962682122784714,11.262466688396637
2025-04-14,0.0034671906287728122,11.301583581030616
2025-04-15,-0.0032538205330676943,11.264870018382073
2025-04-16,-0.024522850355030042,10.991982956320756
2025-04-17,-0.0033602329700256053,10.955109319485599
2025-04-21,-0.029124415476649793,10.640649619127782
2025-04-22,0.025786559056477764,10.918603696666908
2025-04-23,0.017265355671518105,11.108754056210872
2025-04-24,0.018903543014794556,11.320746255374724
2025-04-25,0.012457604623978852,11.46265773956525
2025-04-28,-0.0003174268543206449,11.459019761603322
2025-04-29,0.004541637117593573,11.51118082974726
2025-04-30,-0.0005872005783691301,11.50442344187152
2025-05-01,0.004177012158233127,11.552578059659158
2025-05-02,0.01679429380866756,11.748233801168878
2025-05-05,-0.008289423646057571,11.651250238365256
2025-05-06,-0.008950778745328925,11.547427814304466
2025-05-07,0.002974739248038989,11.58182954375636
2025-05-08,0.004348721072567459,11.632305363034416
2025-05-09,0.00046940329147942373,11.637766887187743
2025-05-12,0.03438524535485947,12.044893823869497
2025-05-13,0.004997323149855928,12.105236701462935
2025-05-14,0.004031045947042592,12.154131950093696
2025-05-15,-0.0018405376851906166,12.131782386125376
2025-05-16,0.007666194294648154,12.225144395445241
2025-05-19,0.0011110569861362658,12.238734775977893
2025-05-20,-0.0031648508451461474,12.20006223457088
2025-05-21,-0.014462220069834426,12.024891978213159
2025-05-22,0.00018603705992480807,12.027129261865083
2025-05-23,-0.007765174051617712,11.934098178547144
2025-05-27,0.02302267724881662,12.21204027811459
2025-05-28,-0.002571875916304833,12.180672779781265
2025-05-29,0.0042873469264348854,12.233007658510878
2025-05-30,0.0019926549836936877,12.257408124968862
2025-06-02,0.0058553696504942635,12.329390316004787
2025-06-03,0.004720788126898509,12.387732357278272
2025-06-04,0.00039084877490558974,12.392575033609381
2025-06-05,-0.01369132272478257,12.224060515122892
2025-06-06,0.008990336505540606,12.334454428273045
2025-06-09,0.002794455430659825,12.368970716086904
2025-06-10,0.009829327523214438,12.491148861190446
2025-06-11,-0.002054294668829173,12.465514699752891
2025-06-12,0.009798794052300969,12.588262117238735
2025-06-13,-0.006923713995891745,12.501405622373829
2025-06-16,0.0064355080098171275,12.582117952249922
2025-06-17,-0.00800179918516995,12.481840107714428
2025-06-18,-0.0027539419116239896,12.447513134048547
2025-06-20,-0.00619245273917589,12.370670664479235
2025-06-23,0.01329673649696216,12.53625866288629
2025-06-24,0.01141441437750357,12.68017249755247
2025-06-25,-0.0020197646166267395,12.654587380464058
2025-06-26,0.006763928663126035,12.740472238853501
2025-06-27,0.004465645357423958,12.797493894042809
2025-06-30,0.005453120558819166,12.867470793927753
2025-07-01,-0.0020920196609314134,12.829741550583657
2025-07-02,0.00464785853271274,12.889511167084898
2025-07-03,0.00964724019630683,13.014461119346112
2025-07-07,-0.010545901569523704,12.877933064455394
2025-07-08,-0.0024389576664782153,12.846562602044981
2025-07-09,0.005806827653763397,12.921377385069096
2025-07-10,0.0016353570723102464,12.94252573880143
2025-07-11,-0.0025642184810678783,12.909380788718344
2025-07-14,0.0006475010020645976,12.917742332476918
2025-07-15,-0.004786907353191866,12.856054062531634
2025-07-16,0.0036746099597342054,12.903381949340075
2025-07-17,0.0027266534045254963,12.938613009279386
2025-07-18,-0.0007076775861743973,12.92945988197005
2025-07-21,0.003616514859226526,12.976304121141476
2025-07-22,-6.619136613827628e-05,12.975445230270166
2025-07-23,0.009426161577866903,13.098332139587331
2025-07-24,-0.002152339284100579,13.070170402445434
2025-07-25,0.005505329174389463,13.142324426462167
2025-07-28,0.003885909173974047,13.19349366062736
2025-07-29,-0.00830834760188731,13.0843316351792
2025-07-30,-0.0013164395937825554,13.067118235642736
2025-07-31,-0.0021812026640237636,13.038647264303203
2025-08-01,-0.016214609228812935,12.8289354859607
2025-08-04,0.012951521344578608,12.996170353025786
2025-08-05,-0.001982753380090106,12.970427681448175
2025-08-06,0.011795505918900396,13.12432630965232
2025-08-07,-0.009500179093576654,13.000233245710977
2025-08-08,0.009860603001864272,13.1290574831973
2025-08-11,0.001681446473949834,13.151151860659697
2025-08-12,0.010370262915890714,13.288242366813488
2025-08-13,0.0008059289898262103,13.298956063220103
2025-08-14,0.003355428246146404,13.343654705644454
2025-08-15,0.0032753754510713765,13.387431838831517
2025-08-18,0.0009852287581778396,13.400628021239049
2025-08-19,-0.007621387476336022,13.298884847222583
2025-08-20,-0.002410403135873536,13.266867776009356
2025-08-21,-0.005990739362325203,13.187627021351735
2025-08-22,0.015544391300498676,13.394222194284566
2025-08-25,-0.003521737036436134,13.347134230289964
2025-08-26,0.0047550125986076846,13.410751151475557
2025-08-27,0.002902870643317982,13.449737385918779
2025-08-28,0.003938521516035217,13.502813918921824
2025-08-29,-0.006767214583024472,13.411745965388707
2025-09-02,-0.004308106422716868,13.354091017453028
2025-09-03,0.009121979882951112,13.476464060729652
2025-09-04,0.00985968254652925,13.609994922424729
2025-09-05,0.0020014029760778863,13.637261283153087
2025-09-08,0.005248961185550659,13.709030931574397
2025-09-09,0.007805754249678929,13.816458991079902
2025-09-10,0.018785341253955666,14.078459063835261
2025-09-11,0.004878613709185913,14.147310239814033
2025-09-12,0.001350050257711493,14.166422718149445
2025-09-15,0.008830502170175733,14.292073307109955
2025-09-16,0.0029772608701507555,14.33468794368723
2025-09-17,-0.0013496758702092881,14.315353811603389
2025-09-18,-0.005210675729448804,14.240955146930931
2025-09-19,0.005692322169142366,14.322250411527776
2025-09-22,0.005257161758561195,14.397743063358421
2025-09-23,-0.009572028152819382,14.2605849493265
2025-09-24,0.0004735968104963698,14.2673403164082
2025-09-25,-0.010581070830553043,14.117172447437545
2025-09-26,0.0022902127861144186,14.149540827371364
2025-09-29,-0.0005352329698623569,14.141969552990727
2025-09-30,0.0028474335851964676,14.182295257192663
2025-10-01,0.005734982734621291,14.256800813274584
2025-10-02,-0.0016799338206376442,14.232870437765829
2025-10-03,0.0018181302237267924,14.258771188012751
2025-10-06,0.004409314020879496,14.321781401554304
2025-10-07,-0.0029278925406771364,14.279910091879122
2025-10-08,0.003627794245864199,14.331808749448179
2025-10-09,0.00036284297511583307,14.337009889115052
2025-10-10,-0.025306956960046326,13.97873632467097
2025-10-13,0.01743626321297012,14.224610585517413
2025-10-14,-0.0021996852241899967,14.193355308281038
2025-10-15,0.0057887073986977,14.275754752207416
2025-10-16,-0.007467437552604315,14.169548482948597
2025-10-17,0.002569690320637965,14.206006657580225
2025-10-20,0.0059395060261517585,14.290634394417534
2025-10-21,-0.0028848771846438108,14.249467079174542
2025-10-22,-0.001475596374187762,14.228456122876281
2025-10-23,0.005205743795897399,14.302718948977557
2025-10-24,0.006153025218202467,14.390995243984682
2025-10-27,0.0091014216469318,14.522571617376592
2025-10-28,0.0034648136609053653,14.572976893927352
2025-10-29,-0.0022006149931948884,14.540942642933315
2025-10-30,-0.013392621023203948,14.347499555136327
2025-10-31,0.003616306561796571,14.399478441069183
2025-11-03,0.001509028640137156,14.42122406970146
2025-11-04,-0.007074121290156082,14.319566574145126
2025-11-05,0.002802897460716514,14.359759152458684
2025-11-06,-0.009569085394409491,14.223004741721695
2025-11-07,-0.0024398499476076113,14.18834504377261
2025-11-10,0.013190690104684103,14.37673889719888
2025-11-11,0.0031538345277420635,14.422152328310025
2025-11-12,-0.0014157952587115562,14.401747961034749
2025-11-13,-0.015052100260288822,14.186594723037068
2025-11-14,-0.002755804507591865,14.14755306165351
2025-11-17,-0.006476541899007322,14.056221915722649
2025-11-18,-0.012139767838177341,13.886614226941221
2025-11-19,0.005656237874195344,13.965382777100757
2025-11-20,-0.007575534809607696,13.859987251522178
2025-11-21,0.005683710609186859,13.938987703286932
2025-11-24,0.01457897310880854,14.143692396527571
2025-11-25,0.012754846782906367,14.325248424267592
2025-11-26,0.007827090554361345,14.437813394330043
2025-11-28,0.004023077050460445,14.496014825977703
2025-12-01,-0.006844347315992949,14.397137826066935
2025-12-02,-7.25818757952211e-05,14.396092892719507
2025-12-03,0.005870978812916994,14.480860640422982
2025-12-04,-0.0023007475984437157,14.447582132484554
2025-12-05,0.002992197773500415,14.490876896519723
2025-12-08,-0.007553558759150341,14.381831565045578
2025-12-09,-0.0009324340827936868,14.368427705200359
2025-12-10,0.004239955297977029,14.429478531299083
2025-12-11,0.003708000049063279,14.483082358480255
2025-12-12,-0.006435072017674826,14.390181911583559
2025-12-15,-0.002307276840869244,14.357018051938113
2025-12-16,-0.0024717680814026048,14.321574654947424
2025-12-17,-0.010029385387357091,14.178655954737861
2025-12-18,0.006135518064653386,14.265916775911728
2025-12-19,0.006229601315789596,14.355065140910718
2025-12-22,0.00453702853308584,14.420342451584155
2025-12-23,0.004536767953927743,14.485912825423025
2025-12-24,0.00459460705044679,14.552623038874758
2025-12-26,-0.00010069872534024193,14.551157682065407
2025-12-29,-0.004118417351184855,14.491353176275387
2025-12-30,0.00022939370090137946,14.494677782718872
