date,log_return,cumulative_value
1998-01-02,0.0022111908491963257,1.0022136373345651
1998-01-05,0.0035358692833383424,1.0057636061644455
1998-01-06,-0.009239801011814834,0.996513351644878
1998-01-07,-0.0005137772662231379,0.9960014972401527
1998-01-08,-0.006143812713051679,0.9899010098943375
1998-01-09,-0.029281761941225122,0.9613352333582736
1998-01-12,0.017858840634688622,0.9786577860416923
1998-01-13,0.007500946350932387,0.986026246254745
1998-01-14,0.002705306369928946,0.9886973608021686
1998-01-15,-0.008553381869216488,0.9802767185445738
1998-01-16,0.011160927067623241,0.9912787980024321
1998-01-20,0.024695104256988926,1.0160632996403438
1998-01-21,-0.009998101519651277,1.0059552106719398
1998-01-22,-0.0059090426815279935,1.0000285062162808
1998-01-23,-0.0041353117651335815,0.9959016154401397
1998-01-26,0.0010042412507900505,0.9969022432758733
1998-01-27,0.0153310239767059,1.0123035325786358
1998-01-28,0.007938966907148303,1.0203721627391322
1998-01-29,0.006915863179740436,1.0274533751330672
1998-01-30,-0.004314758440072596,1.0230297123919985
1998-02-02,0.019050459472083368,1.0427057219131113
1998-02-03,0.0010732477111766547,1.0438254041833257
1998-02-04,-0.0016123049114315185,1.042143795354853
1998-02-05,-0.0053931123845902505,1.036538525257467
1998-02-06,0.006517819768484157,1.0433165615623485
1998-02-09,-0.0041148778214474165,1.0390322621120442
1998-02-10,0.009813812580804342,1.049279329153642
1998-02-11,0.005329255345219834,1.0548861334030404
1998-02-12,0.004533973935844398,1.059679818647203
1998-02-13,-0.0033753164002578244,1.0561090935298596
1998-02-17,-0.0012221824377079676,1.0548191239930724
1998-02-18,0.010203068691216429,1.0656366078937716
1998-02-19,-0.005829983372289088,1.0594420388515446
1998-02-20,0.007346827230318989,1.067254238773924
1998-02-23,0.0072615143712451945,1.075032326938125
1998-02-24,-0.006687969318091835,1.0678665327353312
1998-02-25,0.010735569848391892,1.0793924464130018
1998-02-26,0.001056569761613708,1.0805335025293399
1998-02-27,0.0003387181851048134,1.0808995608680698
1998-03-02,-0.005033762940693271,1.0754722400991683
1998-03-03,0.004658688913593927,1.0804942195381395
1998-03-04,-0.011209176752374494,1.068450395631128
1998-03-05,-0.009021416211377843,1.0588548078851006
1998-03-06,0.020854779520079043,1.0811688600330238
1998-03-09,0.004348062630752136,1.0858800848788204
1998-03-10,0.009096156691711505,1.0958024796934094
1998-03-11,0.004489208703247834,1.100732824114735
1998-03-12,0.0038213543392060212,1.1049471613780584
1998-03-13,-0.0011263509973581478,1.1037033036824935
1998-03-16,0.012282894987094587,1.117343574977167
1998-03-17,0.0003928273283961258,1.1177825842904083
1998-03-18,0.0015072447910203964,1.1194686265881146
1998-03-19,0.0042909640647065235,1.1242825470298778
1998-03-20,0.015510893774485734,1.1418571205095989
1998-03-23,-0.007026048744781901,1.133862494923957
1998-03-24,0.009569063405328447,1.1447645751903863
1998-03-25,-0.004211209045355386,1.1399538688111845
1998-03-26,-0.0022790725776204164,1.137358789519324
1998-03-27,-0.008493352038157603,1.1277397078738542
1998-03-30,0.0030211727565111536,1.1311519562562076
1998-03-31,0.008119042458295695,1.14037321023765
1998-04-01,0.008873281424538255,1.1505370894536477
1998-04-02,0.012854137250325805,1.1654217106481195
1998-04-03,0.0019443827403209716,1.1676899409468104
1998-04-06,-0.0028945349128189812,1.1643149085763347
1998-04-07,-0.007965147761938825,1.1550778045734267
1998-04-08,-0.013737242678904004,1.1393187115282692
1998-04-09,0.005337610525979293,1.1454162096338893
1998-04-13,-0.0038292185239122882,1.1410385475278895
1998-04-14,0.001549217230966855,1.1428076341027913
1998-04-15,0.0016583597399953498,1.1447043925930065
1998-04-16,-0.00591470190709922,1.137953790917447
1998-04-17,0.02528623780293493,1.167095247258435
1998-04-20,0.005330123487313744,1.1733326172568643
1998-04-21,0.006266851392311361,1.1807088070047895
1998-04-22,0.010214495049088864,1.1928309566895494
1998-04-23,-0.006124795868976629,1.1855474383740217
1998-04-24,-0.014031599165971048,1.169028476679242
1998-04-27,-0.018765397539175274,1.1472957420260477
1998-04-28,-0.005448209511533151,1.1410620311528246
1998-04-29,0.00412703765816275,1.1457809680429023
1998-04-30,0.016755123581816668,1.1651404017095137
1998-05-01,0.003176047017812779,1.1688468251796589
1998-05-04,0.003547078914261431,1.173000178889228
1998-05-05,-0.0059309472472374005,1.1660637667873688
1998-05-06,-0.009844509826532141,1.1546407597835315
1998-05-07,-0.012418462600127435,1.1403905625981643
1998-05-08,0.013600717434568418,1.1560066466579138
1998-05-11,-0.005022475527969026,1.150215187470176
1998-05-12,0.007637922688187447,1.1590340782770463
1998-05-13,0.0034017823851510607,1.1629835738418701
1998-05-14,-0.0010246371026771828,1.1617925480111388
1998-05-15,-0.010754876995029977,1.1493645625833004
1998-05-18,0.0033123618242050686,1.1531779861151015
1998-05-19,0.0011927574270200472,1.1545542683449757
1998-05-20,0.013025430599948675,1.1696912033768023
1998-05-21,-0.007175698347098452,1.1613278943195902
1998-05-22,-0.005668371037179053,1.1547636786995255
1998-05-26,-0.016507116672069173,1.1358583256441916
1998-05-27,0.007462544526367924,1.1443664255277324
1998-05-28,0.0031707219849485707,1.148000651827887
1998-05-29,-0.01090248626088059,1.1355525713096208
1998-06-01,0.001371798481773742,1.1371113895507132
1998-06-02,0.001758860765087037,1.1391131700698778
1998-06-03,-0.00978034816004284,1.1280265505466012
1998-06-04,0.016793155975344688,1.147129627896769
1998-06-05,0.022633672881191176,1.173389441635179
1998-06-08,-0.0013778169768558141,1.1717738389999857
1998-06-09,0.0087535986977136,1.182076102104941
1998-06-10,-0.002198209340590961,1.179480505253813
1998-06-11,-0.014576410337003427,1.1624126099502163
1998-06-12,0.010534682212250108,1.174722986498205
1998-06-15,-0.018020504269229538,1.1537434842445473
1998-06-16,0.010013020799721759,1.1653539727753723
1998-06-17,0.0153285096698121,1.1833547222891985
1998-06-18,-0.0005088428316773142,1.1827527338931592
1998-06-19,-0.0024953541683766112,1.1798050262453266
1998-06-22,-0.001713742643428852,1.1777848755645195
1998-06-23,0.0177962043500879,1.1989325923056788
1998-06-24,0.014623780960128839,1.216594345976684
1998-06-25,-0.004658065948853988,1.2109405473862773
1998-06-26,0.005550437179888708,1.2176804843181008
1998-06-29,0.006386127554030764,1.2254816302549374
1998-06-30,-0.0095721427746751,1.2138071093534308
1998-07-01,0.006722404555378325,1.2219942997656958
1998-07-02,0.002731410885571176,1.2253366308599647
1998-07-06,0.005351007290944731,1.2319109901406657
1998-07-07,0.0006963875678947005,1.2327691764193984
1998-07-08,0.009601300388982777,1.2446623672771722
1998-07-09,-0.0036617389628597567,1.2401130728388603
1998-07-10,0.009664095600909509,1.2521557411529707
1998-07-13,0.003576054695656445,1.256641534511594
1998-07-14,0.0078060993838185225,1.266489389882003
1998-07-15,-0.009067168669107447,1.2550578212657497
1998-07-16,0.0076261549504261505,1.2646656756108423
1998-07-17,0.006761004728318684,1.2732450561585014
1998-07-20,-0.00036987964561846135,1.2727741958145409
1998-07-21,-0.018600527412147787,1.2493187426507517
1998-07-22,0.0004144837107733,1.2498366722484202
1998-07-23,-0.024948786555765243,1.2190405245256808
1998-07-24,0.01228468314048611,1.2341084137320328
1998-07-27,0.010861932794549433,1.2475862817199033
1998-07-28,-0.01705811035487222,1.2264853003431775
1998-07-29,-0.002384250356463428,1.223564535629419
1998-07-30,0.014654675704122776,1.2416275073333163
1998-07-31,-0.02116175077942842,1.2156285573419499
1998-08-03,-0.006436789144649294,1.207828941810039
1998-08-04,-0.0389890834145602,1.161643022419398
1998-08-05,0.013040143475925524,1.1768902108027823
1998-08-06,0.007271616455729811,1.1854792954442253
1998-08-07,-0.005649546251558048,1.1788007584496074
1998-08-10,-0.004895130283304074,1.1730444755308336
1998-08-11,-0.01067401985386058,1.160589963613161
1998-08-12,0.007798202527367619,1.169675859986458
1998-08-13,-0.003740194873114542,1.1653092154728777
1998-08-14,-0.011050502892698702,1.1525028513174973
1998-08-17,0.023777590816373494,1.180234987652931
1998-08-18,0.015923146558392148,1.1991784619406138
1998-08-19,-0.0012476926997232606,1.1976831887426906
1998-08-20,-0.011064061798213167,1.1845049845925075
1998-08-21,-0.003074111654157831,1.1808692751664924
1998-08-24,0.008454813372026622,1.190895630258521
1998-08-25,0.008168731833944957,1.2006635788642916
1998-08-26,0.00018421061058324908,1.2008847742078985
1998-08-27,-0.036051921366807384,1.1583616957474214
1998-08-28,-0.01674330008675085,1.139128362320717
1998-08-31,-0.0802215088021385,1.0513151105461882
1998-09-01,0.046194710509724214,1.1010195093054786
1998-09-02,-0.016489650761132835,1.0830129510539543
1998-09-03,-0.005295432217449006,1.0772930873225426
1998-09-04,-0.009623827589642186,1.066975133128375
1998-09-08,0.04354197774416543,1.1144596229973747
1998-09-09,-0.019092867179040924,1.0933832380060122
1998-09-10,-0.024764243323573236,1.0666389472858442
1998-09-11,0.023459086197818592,1.0919571319304413
1998-09-14,0.014134325528404067,1.1075008003567088
1998-09-15,0.004599914679180181,1.1126069444555737
1998-09-16,0.0005337372521572318,1.1132009427342417
1998-09-17,-0.025581819969376186,1.085084406058073
1998-09-18,0.003069248364984805,1.0884199157325907
1998-09-21,0.006614041438842555,1.0956426294920512
1998-09-22,0.0046267399739293455,1.1007236282090411
1998-09-23,0.030266942776053483,1.1345484724170822
1998-09-24,-0.017472313896434125,1.1148974596302803
1998-09-25,-0.0055035039193390735,1.1087784704765429
1998-09-28,0.008162591771086391,1.1178660149967243
1998-09-29,0.007068312107146502,1.1257954316671586
1998-09-30,-0.02058327710555353,1.1028597280652999
1998-10-01,-0.025548471682351012,1.0750402335064868
1998-10-02,0.018341194206148256,1.0949396872374855
1998-10-05,-0.0020519973199510403,1.09269517758524
1998-10-06,0.0001780371199586061,1.0928897352063753
1998-10-07,-0.01189717602668399,1.0799644731638438
1998-10-08,-0.011361799051872193,1.0677635771523053
1998-10-09,0.010281153534377809,1.0787980447581926
1998-10-12,0.008799461652569335,1.0883327755095278
1998-10-13,0.0045159206826715405,1.093258714202853
1998-10-14,0.010960922334042156,1.1053077517098708
1998-10-15,0.045049260868002004,1.1562396580279029
1998-10-16,0.011577180793467234,1.1697034395256152
1998-10-19,-0.003314762225051094,1.1658325698004472
1998-10-20,0.002350368172494254,1.1685759282552504
1998-10-21,0.010040307572693242,1.1803678883903592
1998-10-22,0.010694770005029273,1.1930593968912389
1998-10-23,-0.00037624018840211104,1.1926106044311515
1998-10-26,-0.0012390893810876596,1.1911337684502732
1998-10-27,-0.013049139246861628,1.1756914715112676
1998-10-28,-0.004177046067783227,1.1707907963716386
1998-10-29,0.022019378738426337,1.1968568078563857
1998-10-30,0.00583821268603263,1.2038647494769097
1998-11-02,0.01443390065056728,1.221367224291471
1998-11-03,0.004878421688193224,1.2273401259684926
1998-11-04,-0.004330078532259643,1.2220371363038407
1998-11-05,0.017627633707754324,1.2437697437908954
1998-11-06,0.009019186112900788,1.2550382746933297
1998-11-09,-0.010796110554870958,1.2415616213473457
1998-11-10,0.003835795549954704,1.2463331433304867
1998-11-11,-0.006664921323991062,1.238054051382169
1998-11-12,-0.002754893728737519,1.2346480377970552
1998-11-13,0.007556053472892166,1.2440124387940152
1998-11-16,0.008662968310586838,1.2548360939298162
1998-11-17,0.003552142781898236,1.2593013768694767
1998-11-18,0.008220590565132713,1.2696962453268816
1998-11-19,0.00519387871733363,1.2763080492231977
1998-11-20,0.013343454878401929,1.2934525370614671
1998-11-23,0.023653051233461876,1.3244113277653662
1998-11-24,-0.0024886806222484434,1.3211193889493011
1998-11-25,0.005044683595898328,1.3278008570355584
1998-11-27,0.003239819435384979,1.3321096681746116
1998-11-30,-0.02068149860000578,1.304842577974127
1998-12-01,0.004435809169530382,1.310643466952844
1998-12-02,-0.0039265280389335746,1.3055072789229472
1998-12-03,-0.019381390184087886,1.2804483557649669
1998-12-04,0.022898997460723144,1.3101076271927046
1998-12-07,0.006983461794062841,1.319288734396453
1998-12-08,-0.001158334899459898,1.3177614409423613
1998-12-09,-0.0023655288768122187,1.3146479222121614
1998-12-10,-0.016488566160846044,1.293148993303382
1998-12-11,0.002524192102950547,1.2964172729276933
1998-12-14,-0.021224692533789554,1.2691911698253482
1998-12-15,0.025115661840984245,1.3014714191333567
1998-12-16,-0.0005155891476077015,1.300800567550489
1998-12-17,0.009707457310587057,1.3134895226295837
1998-12-18,0.009220009489581578,1.3256559094063174
1998-12-21,0.007694918686757868,1.3358960719166149
1998-12-22,0.0006201850074161242,1.3367248315974842
1998-12-23,0.0216949636341143,1.3660418946329964
1998-12-24,-0.0024833047176843,1.362653804922221
1998-12-28,0.0005882839124533001,1.36345566807237
1998-12-29,0.014072771197127996,1.3827789146388587
1998-12-30,-0.012448786697898775,1.3656716978546812
1998-12-31,-0.008321092491221736,1.3543549664266563
1999-01-04,-0.008623497303560252,1.3427259036870978
1999-01-05,0.012625867890753059,1.3597864590815494
1999-01-06,0.019580899191106876,1.3866746894226345
1999-01-07,0.0038620920329746006,1.3920405096691901
1999-01-08,-0.0010641306483673636,1.3905599845748555
1999-01-11,-0.02240846099545785,1.359746209427305
1999-01-12,-0.019320530852196448,1.3337273492931765
1999-01-13,-0.0008964675672224258,1.3325322417486318
1999-01-14,-0.014577449387323815,1.3132482178685883
1999-01-15,0.019405741040538046,1.3389816533399155
1999-01-19,0.010500837676958927,1.3531161645567253
1999-01-20,0.006461260317474815,1.3618873061355243
1999-01-21,-0.012485127239415163,1.3449896738745126
1999-01-22,-0.013158896446931495,1.327407031828525
1999-01-25,0.003911127123681236,1.3326088553404034
1999-01-26,0.021305031854337464,1.3613047272618666
1999-01-27,0.00040414388793509517,1.3618550014344886
1999-01-28,0.01604376945759476,1.3838805026947454
1999-01-29,0.014471538151763354,1.4040529936215413
1999-02-01,-0.010760197773140806,1.38902609690306
1999-02-02,-0.007027596138621806,1.379298802250734
1999-02-03,0.007025978093886462,1.389023849398515
1999-02-04,-0.015201256732899588,1.3680686177073305
1999-02-05,-0.012364537407643882,1.3512572288099625
1999-02-08,0.004344012350690406,1.3571398747936012
1999-02-09,-0.019320786174712307,1.3311705472179773
1999-02-10,0.011010572265283878,1.345908484393668
1999-02-11,0.025412944050813128,1.380550292229527
1999-02-12,-0.01392133205046965,1.3614643522951664
1999-02-16,0.01430076360241127,1.3810742159597524
1999-02-17,-0.007641087101557371,1.3705615229330772
1999-02-18,0.011323272929455161,1.3861689620094633
1999-02-19,0.00184788012058878,1.3887328041850777
1999-02-22,0.023674112569844415,1.422002077342832
1999-02-23,-0.00501380050432257,1.4148902860597905
1999-02-24,-0.01581391297744737,1.3926913230620943
1999-02-25,-0.004223147739718216,1.3868221836933037
1999-02-26,-0.0005879627281356689,1.3860070236040987
1999-03-01,-0.0039664381907086625,1.3805204007814853
1999-03-02,-0.007749233806281201,1.3698637691147373
1999-03-03,-0.002601049733344707,1.3663053151873967
1999-03-04,0.01835167354540153,1.3916107930266512
1999-03-05,0.025539984725752047,1.4276102676177131
1999-03-08,0.004324876128495618,1.4337978758598164
1999-03-09,0.0005937862092966167,1.434649498081164
1999-03-10,0.0019980147469593175,1.437518814448715
1999-03-11,0.011642706107658583,1.4543532324582549
1999-03-12,0.0006017450858419607,1.455228645730367
1999-03-15,0.011779154516293402,1.4724713617468201
1999-03-16,-0.002535645375944886,1.468742426174248
1999-03-17,-0.012853287991449861,1.449985061924333
1999-03-18,0.010936055929026868,1.4659292037651785
1999-03-19,-0.013375138820577243,1.4464527377337266
1999-03-22,0.0015943538875066432,1.4487607346722688
1999-03-23,-0.028318581849164665,1.4083093514010343
1999-03-24,0.0014856650802240838,1.4104031824072434
1999-03-25,0.016558921339909032,1.4339523742777767
1999-03-26,-0.008417980456376543,1.421932055601875
1999-03-29,0.024897943745572065,1.4577796538437378
1999-03-30,-0.0006368365570063253,1.45685158201451
1999-03-31,-0.01516987664477802,1.434918107892745
1999-04-01,0.00454258754093458,1.4414511762952777
1999-04-05,0.0205592891485888,1.471393125761943
1999-04-06,-0.003711475947492415,1.4659422072999766
1999-04-07,0.01095231708006784,1.482085915305982
1999-04-08,0.016543952196647282,1.5068094221939077
1999-04-09,0.004309772638860851,1.5133174421834956
1999-04-12,0.010778028233312713,1.5297162348785853
1999-04-13,-0.00871871437300295,1.5164370487893317
1999-04-14,-0.02835173119650592,1.4740471856574004
1999-04-15,-0.011128029733012823,1.4577348750196815
1999-04-16,0.0014938211298332871,1.4599140974566973
1999-04-19,-0.03051495994908056,1.416037724739396
1999-04-20,0.01847608413920951,1.4424437456464954
1999-04-21,0.02810402457930411,1.4835572414348532
1999-04-22,0.017201916172910565,1.5092980294440097
1999-04-23,-0.004931635452046619,1.5018730454799711
1999-04-26,-0.00044038892617028933,1.5012117828392875
1999-04-27,0.003804001019129894,1.50693326936206
1999-04-28,-0.015360260834356898,1.483963245684819
1999-04-29,-0.008267976705058355,1.4717444540862168
1999-04-30,-0.008288319147586194,1.459596578624153
1999-05-03,0.014302242042358424,1.480622079675184
1999-05-04,-0.016947180263455208,1.455741136796318
1999-05-05,0.010626230585766455,1.471292658481428
1999-05-06,-0.014555833801885687,1.4500318766535958
1999-05-07,0.008478799190910265,1.462378674799668
1999-05-10,-0.013180280896797167,1.4432305789289168
1999-05-11,0.012577650955301561,1.4614976671118973
1999-05-12,0.0021607111755097444,1.4646589555399068
1999-05-13,0.008492359324237923,1.4771503312299703
1999-05-14,-0.022011442221253966,1.4449913532230125
1999-05-17,0.007842832380585267,1.4563687353296082
1999-05-18,-0.00875500337760141,1.4436738749937297
1999-05-19,0.0076672412207825875,1.4547854138276677
1999-05-20,-0.003938866940316184,1.4490664781132467
1999-05-21,-0.009333227287459469,1.4356049288861796
1999-05-24,-0.019694201837878664,1.4076084249484133
1999-05-25,-0.015751305557080517,1.3856104577068984
1999-05-26,0.015994363088151404,1.4079505963588805
1999-05-27,-0.014749676913055324,1.3873361816572491
1999-05-28,0.018180624044746605,1.4127894966778884
1999-06-01,-0.006379589729322789,1.4038051679520218
1999-06-02,0.0012253534336894034,1.4055263797658406
1999-06-03,0.006850218700091931,1.4151875957975981
1999-06-04,0.027268216675133652,1.454308188192657
1999-06-07,-0.0027420751993545095,1.450325828238101
1999-06-08,-0.012533142113532939,1.432262122470372
1999-06-09,-0.0006938481390629242,1.4312686947458897
1999-06-10,-0.016446908945706322,1.4079212716068472
1999-06-11,-0.007626240118976442,1.3972249640667778
1999-06-14,0.0018294059410940372,1.3997833952081207
1999-06-15,0.006054232731864007,1.4082837151504997
1999-06-16,0.017276005946224898,1.4328246069127935
1999-06-17,0.01163462991877758,1.4495923450203647
1999-06-18,-0.004010193155648448,1.4437908400724129
1999-06-21,-0.0004462302371371467,1.4431467206669366
1999-06-22,-0.004345216783632507,1.4368895395643255
1999-06-23,-0.006395257449110302,1.4277295823946847
1999-06-24,-0.005912945957611755,1.4193124042158316
1999-06-25,-0.0005495557835164801,1.4185326271605985
1999-06-28,0.009479995067600638,1.4320442533531277
1999-06-29,0.02107976170870061,1.4625518214251514
1999-06-30,0.02646633962792021,1.5017769984473957
1999-07-01,0.006389191323347726,1.5114028569960822
1999-07-02,0.007570614720202164,1.522888527649449
1999-07-06,-0.0023124166338017917,1.5193710433986434
1999-07-07,0.008431159716223859,1.5322352572508373
1999-07-08,-0.005475758116081479,1.5238680369492705
1999-07-09,0.004678139141037107,1.5310136046068543
1999-07-12,-0.0021745515839587688,1.527687953758048
1999-07-13,-0.003628078976701722,1.522155423507107
1999-07-14,0.002626605398114911,1.5261587804771597
1999-07-15,0.014312861359888098,1.548159550919007
1999-07-16,0.006870166398625525,1.5588322843942317
1999-07-19,-0.010041900054333083,1.5432569801013276
1999-07-20,-0.020569942716541535,1.5118365386477668
1999-07-21,-0.003618108000469029,1.5063764343517858
1999-07-22,-0.008032600496404217,1.4943247821116528
1999-07-23,-0.004618909399951277,1.487438547019735
1999-07-26,-0.004994971108149361,1.4800273591956785
1999-07-27,0.00417353718774037,1.4862172162326324
1999-07-28,0.0006355731964547222,1.4871621163041508
1999-07-29,-0.01553290369249655,1.4642406496985367
1999-07-30,-0.006635227774374031,1.4545572408100802
1999-08-02,-0.002919526464778348,1.4503168154799728
1999-08-03,-0.000545936435707803,1.4495252507787486
1999-08-04,-0.014665163717432381,1.4284228390265064
1999-08-05,0.00934714331510495,1.44183710689368
1999-08-06,-0.01338611967828574,1.4226651084392357
1999-08-09,-0.0026226354875442713,1.4189388648640953
1999-08-10,-0.0026945417579267374,1.4151206213592704
1999-08-11,0.007513289825629707,1.4257928743872272
1999-08-12,0.004028975423965719,1.4315489465881637
1999-08-13,0.02185901153746928,1.4631857059687714
1999-08-16,0.006946524749105202,1.4733851460053504
1999-08-17,0.012635675122672078,1.4921204795615142
1999-08-18,-0.00777706558952937,1.4805611677490729
1999-08-19,-0.009658388417850598,1.4663301678045169
1999-08-20,0.016348180302404987,1.4904990178455122
1999-08-23,0.02277928996794667,1.524841187299514
1999-08-24,0.006455528727271705,1.5347166848719798
1999-08-25,0.02088974302664479,1.5671137268651445
1999-08-26,-0.015295855650666193,1.5433257738489439
1999-08-27,-0.01015168469211298,1.5277376738250987
1999-08-30,-0.014147119668111116,1.5062767491994866
1999-08-31,-0.008490150974022415,1.4935423670973504
1999-09-01,0.008989958146120655,1.5070297852926453
1999-09-02,-0.00790192885847162,1.4951682692893027
1999-09-03,0.025886141816462593,1.5343777082250862
1999-09-07,-0.0066020957836215866,1.5242809661307626
1999-09-08,-0.0020185204660673932,1.5212072770004248
1999-09-09,-0.0002663198779930976,1.5208022032060078
1999-09-10,0.002310128047735456,1.52431951218352
1999-09-13,-0.002727960411803223,1.5201668955614531
1999-09-14,-0.009824789023380479,1.5053047050248434
1999-09-15,-0.015940806484765646,1.481499177771419
1999-09-16,0.004179195584719389,1.4877036083279422
1999-09-17,0.013287276745862135,1.5076030498081017
1999-09-20,0.00025381475382972325,1.507985750270519
1999-09-21,-0.018465995470609512,1.4803948232248083
1999-09-22,0.0016103048678013704,1.4827806306380114
1999-09-23,-0.019789569574416015,1.4537254828444446
1999-09-24,0.0005211904238445968,1.4544833481239097
1999-09-27,0.0015982206087875007,1.4568097919760696
1999-09-28,0.0016155867832729981,1.4591652968706708
1999-09-29,-0.02044028615359461,1.429642297829787
1999-09-30,0.015416510529565657,1.4518531604659688
1999-10-01,0.005711140660967003,1.4601686208642666
1999-10-04,0.014818812918126397,1.4819677058501304
1999-10-05,-0.003330614486905278,1.4770400533505013
1999-10-06,0.024498880121260124,1.5136727787117954
1999-10-07,-0.008065862688533406,1.50151280817501
1999-10-08,0.0215345860456966,1.534197932146171
1999-10-11,-0.004615006137720443,1.5271339120584888
1999-10-12,-0.01771915530928622,1.5003127153151432
1999-10-13,-0.018058985449355042,1.4734617699662516
1999-10-14,0.00015155428540702262,1.47368509633448
1999-10-15,-0.028189987577697622,1.4327220187592766
1999-10-18,0.0145198904244714,1.4536767475121013
1999-10-19,0.020377028235854758,1.4836022202714083
1999-10-20,0.016561688458530708,1.5083777742393758
1999-10-21,0.001437075041904851,1.5105469845782002
1999-10-22,0.015039222635412148,1.5334361229876745
1999-10-25,-0.010661514955397727,1.5171742131644905
1999-10-26,-0.01530937475311951,1.4941241160559577
1999-10-27,0.014868050085202686,1.5165047944850472
1999-10-28,0.03532754177615762,1.5710367495611464
1999-10-29,0.012203546891298319,1.5903264320800319
1999-11-01,-0.005472028619223363,1.5816478866095764
1999-11-02,-0.012220008843506285,1.5624377485278658
1999-11-03,0.004017169397248885,1.5687269495715999
1999-11-04,0.0023346722186575962,1.5723936914541032
1999-11-05,0.003866405681755309,1.5784849714482294
1999-11-08,0.010434494205456708,1.595041895073643
1999-11-09,-0.007447875963742309,1.5832063504270069
1999-11-10,0.003746576423445035,1.58914907950587
1999-11-11,0.002206129247309147,1.5926588178131744
1999-11-12,0.005991814450808108,1.602230380811322
1999-11-15,-0.00706180641068853,1.5909555970620355
1999-11-16,0.017741048073747438,1.6194326764965614
1999-11-17,0.0002582165487576023,1.6198508948063521
1999-11-18,0.004468071896893493,1.6271046982565596
1999-11-19,0.0006603514602041839,1.6281795140589932
1999-11-22,0.009259362651705981,1.6433254311993735
1999-11-23,-0.00914443983695368,1.6283666397839724
1999-11-24,0.007286612617337418,1.6402752507140825
1999-11-26,-0.0031309409335547947,1.6351476770431834
1999-11-29,0.0004884638246180986,1.6359465826336828
1999-11-30,-0.010122943601842491,1.6194695265025876
1999-12-01,0.009984275592333107,1.6357197449053367
1999-12-02,-0.002623626303390759,1.63143385230637
1999-12-03,0.016066692204701,1.6578572981424973
1999-12-06,-0.009028579077719959,1.6429565698480697
1999-12-07,-0.015499792937471717,1.6176874223807385
1999-12-08,-2.8576995074025154e-05,1.6176411943957694
1999-12-09,0.009245556316864474,1.632666538962948
1999-12-10,0.0022922921892591683,1.6364133805049978
1999-12-13,0.0010342450349864695,1.6381067084260272
1999-12-14,-0.00026491134629326327,1.6376728128469946
1999-12-15,0.004138267105289273,1.6444639825229577
1999-12-16,-9.404295838865517e-05,1.6443093395367336
1999-12-17,-0.005867826476091408,1.6346890702978416
1999-12-20,-0.005618247048363411,1.6255307342409069
1999-12-21,0.0007855239539851157,1.626808129217084
1999-12-22,0.008613347395683528,1.640880912661883
1999-12-23,0.01548270879248382,1.6664838842244718
1999-12-27,0.0016274323893118417,1.669198182143022
1999-12-28,-0.0069578780648500115,1.6576244158453848
1999-12-29,-0.007007826276632318,1.6460486796546643
1999-12-30,-0.0022274586657418977,1.642386254723292
1999-12-31,0.0003275937222513526,1.6429243782879894
2000-01-03,-0.015500111305576877,1.6176552109262612
2000-01-04,-0.039564415037262365,1.5549031878070096
2000-01-05,0.013892940277979094,1.5766561211516161
2000-01-06,0.006521369625157253,1.5869716777094824
2000-01-07,0.04539499225440868,1.6606724109785722
2000-01-10,-0.002335025006709078,1.6567992231260595
2000-01-11,-0.00262818384339024,1.6524505672128444
2000-01-12,-0.0026278224074473768,1.6481139210486462
2000-01-13,0.004904442328734577,1.6562168546689078
2000-01-14,0.009899206898453285,1.6726935063225656
2000-01-18,-0.0030277542611078638,1.667636660737287
2000-01-19,0.0005827292983107556,1.6686087246759969
2000-01-20,-0.007434428605746631,1.6562495707899647
2000-01-21,-0.005234341166028453,1.6476028451784144
2000-01-24,-0.026021769140837363,1.6052823197992665
2000-01-25,0.00020184408266657808,1.605606369239158
2000-01-26,-0.0030557802055642754,1.6007074778578338
2000-01-27,-0.010680802898941353,1.5837016165822884
2000-01-28,-0.020287240758274604,1.5518963915639616
2000-01-31,0.029302536868503506,1.5980437075662264
2000-02-01,0.010955670773556917,1.6156476034742182
2000-02-02,-0.005143482871276357,1.6073588824205676
2000-02-03,-0.0011502207472107453,1.6055111277523877
2000-02-04,-0.004990054570138962,1.5975194955354308
2000-02-07,-0.003300177943497839,1.59225608680172
2000-02-08,0.011742353033162102,1.6110631232259212
2000-02-09,-0.022698806764637057,1.574905828872805
2000-02-10,-0.005508124309946861,1.5662548988618774
2000-02-11,-0.017779835828130867,1.5386532474321766
2000-02-14,0.006427450393373137,1.5485747155684046
2000-02-15,0.011173941513827218,1.5659754351315913
2000-02-16,-0.02080288678124693,1.5337351338060807
2000-02-17,-0.01389369775387417,1.512573230381805
2000-02-18,-0.02777034128233532,1.4711464359687694
2000-02-22,0.0015936097906291975,1.4734927383812724
2000-02-23,-0.003135112897327061,1.468880406162027
2000-02-24,-0.016219102266817723,1.4452486456508822
2000-02-25,-0.019195456159424272,1.4177710052629844
2000-02-28,0.020895210680312692,1.4477073025347564
2000-02-29,0.010347393172155014,1.4627650691571943
2000-03-01,0.009361465555024848,1.4765229906461235
2000-03-02,0.006002899007032346,1.4854130654551683
2000-03-03,0.010572145289148894,1.5012003740117668
2000-03-06,-0.025955088611919645,1.4627378930474442
2000-03-07,-0.0399212149112106,1.4054938474835728
2000-03-08,0.01808443374470828,1.431142630681732
2000-03-09,0.023053040588825582,1.4645180441355732
2000-03-10,-0.017068217581149982,1.4397334476423842
2000-03-13,-0.004758938569404753,1.4328981219565036
2000-03-14,-0.011722704206868545,1.4161987532318927
2000-03-15,0.03941746989527208,1.4731365243911594
2000-03-16,0.04748807328542466,1.5447805957686853
2000-03-17,-0.002904895005411636,1.540299681774904
2000-03-20,-0.006745326139428347,1.5299448207877728
2000-03-21,0.022649923498415967,1.5649933791495731
2000-03-22,-0.00668953869657977,1.554559234098976
2000-03-23,0.013222477093929588,1.5752508537308134
2000-03-24,-0.001291189711654953,1.5732182185763959
2000-03-27,-0.005331654614640567,1.5648526832908176
2000-03-28,-0.0004836116424212493,1.5640960852790537
2000-03-29,0.02207806160346133,1.5990123180848062
2000-03-30,-0.007435699537519827,1.5871666379683693
2000-03-31,-0.01132621961880478,1.5692914602395245
2000-04-03,0.034107875814442856,1.6237399410547404
2000-04-04,0.01340078254891792,1.6456457767696655
2000-04-05,-0.019801684556135506,1.6133797335162443
2000-04-06,0.0031796351198382805,1.618517856728173
2000-04-07,0.0018764776949059924,1.62155782070541
2000-04-10,0.005157997823985753,1.6299434202767225
2000-04-11,0.00996152167504582,1.6462612773931253
2000-04-12,-0.009498723439944777,1.630697929794311
2000-04-13,-0.015160516470357753,1.6061621643520059
2000-04-14,-0.05301883353089958,1.5232234055315286
2000-04-17,0.021075224066379898,1.5556663504466386
2000-04-18,0.014587222799151396,1.5785255226776649
2000-04-19,-0.007179327473008671,1.5672333546144641
2000-04-20,0.00664541697274745,1.5776829562737174
2000-04-24,0.014256387223938537,1.6003361077886673
2000-04-25,0.0132910599415921,1.6217482507540781
2000-04-26,-0.016496164193512904,1.5952150748312437
2000-04-27,-0.005398774499250314,1.5866260742648302
2000-04-28,-0.015194561468471816,1.5627002186152306
2000-05-01,0.0010860024907763093,1.5643982368040876
2000-05-02,-0.0037290245467513305,1.5585754208374754
2000-05-03,-0.013041834894920104,1.5383807117995911
2000-05-04,-0.0080049729025857,1.5261151740339833
2000-05-05,0.013689835592761835,1.5471511005193326
2000-05-08,0.00694090258291232,1.5579270798383815
2000-05-09,-0.0027943727456080257,1.5535797277567873
2000-05-10,0.0003552984039584448,1.5541318102256838
2000-05-11,0.013300467234722802,1.5749405657726598
2000-05-12,-0.002614192720440431,1.5708287444987947
2000-05-15,0.020405837041054954,1.6032121009358173
2000-05-16,-0.00048154707262305517,1.602440264694474
2000-05-17,-0.01399660338301015,1.5801677770587543
2000-05-18,-0.002975500123751769,1.575472975797259
2000-05-19,-0.00704017759589713,1.5644203182373886
2000-05-22,0.0012792332971245106,1.5664228573834673
2000-05-23,-0.01377093806437441,1.5449995930108849
2000-05-24,0.01335203557998396,1.565766816375101
2000-05-25,-0.013118655669164406,1.5453602069565064
2000-05-26,0.0038565760932597767,1.5513315131835264
2000-05-30,0.016483898776643257,1.577115430730442
2000-05-31,0.0006023792217842433,1.578065738490358
2000-06-01,0.004134046412069107,1.5846030389359111
2000-06-02,0.0016433801541719374,1.5872092850623625
2000-06-05,-0.006862561469731364,1.5763542530417605
2000-06-06,0.002135280776159605,1.579723808167571
2000-06-07,0.011565979932158547,1.5981009318918662
2000-06-08,-0.008587151320687906,1.5844365503863975
2000-06-09,-0.0054727058953562575,1.5757890792524107
2000-06-12,-0.007089696085352124,1.564656722727629
2000-06-13,0.026019780523106297,1.605903030127448
2000-06-14,0.005371559514258251,1.6145524434498644
2000-06-15,0.004935235011408545,1.6225403340420812
2000-06-16,-0.01433843555173516,1.599441639343405
2000-06-19,0.011081015789766776,1.617263637966242
2000-06-20,-0.012613927193354699,1.5969917152531097
2000-06-21,0.003867001349853453,1.6031792402449154
2000-06-22,-0.005748607020423004,1.593989631840148
2000-06-23,0.00521630059654433,1.6023260847269307
2000-06-26,0.006869577142329844,1.6133712818537804
2000-06-27,-0.0006757839478449774,1.6122813597569974
2000-06-28,0.0009637867997121615,1.6138360043015578
2000-06-29,-0.007016402076004967,1.6025523137567332
2000-06-30,0.006220230776678689,1.612551625753628
2000-07-03,0.008005070889509124,1.6255120210626917
2000-07-05,-0.010019667445070981,1.6093062549567716
2000-07-06,-0.00035173148944599115,1.608740310806765
2000-07-07,0.014843039207487207,1.6327970018480675
2000-07-10,-0.0002572742327309082,1.6323769792850198
2000-07-11,-0.0026410392522357995,1.6280714955865994
2000-07-12,-0.0013018111466307299,1.6259534329240501
2000-07-13,-0.01031808023442224,1.6092629697904157
2000-07-14,-0.003149531167243262,1.6042025191174418
2000-07-17,0.006701623417276518,1.614989384669612
2000-07-18,-0.006325655314502786,1.6048057614878581
2000-07-19,0.002524182549184706,1.6088617009981694
2000-07-20,0.005328819674402126,1.6174579183882827
2000-07-21,-0.004543998261160748,1.6101248657265836
2000-07-24,-0.00021536636771177708,1.6097781363209562
2000-07-25,0.0019856831222222517,1.6129778213256798
2000-07-26,-0.012140081911723472,1.593514520529723
2000-07-27,0.01810185459936512,1.622622750316502
2000-07-28,-0.008747202746406862,1.608491235853864
2000-07-31,-0.002002740208858568,1.605273069431533
2000-08-01,0.009624588068225162,1.6207977509531886
2000-08-02,0.0053187033961470545,1.6294412592079486
2000-08-03,0.002320439650083566,1.6332266695228639
2000-08-04,0.0006298521619119752,1.6342556849013168
2000-08-07,0.0016581054560831144,1.6369677009520434
2000-08-08,-0.004115404925779005,1.6302447593143912
2000-08-09,-0.009523689669902004,1.6147925121380167
2000-08-10,-0.0028932755382975084,1.6101272246986786
2000-08-11,0.00936528575605256,1.625277358193399
2000-08-14,0.012926008815335574,1.646422071621783
2000-08-15,-0.008805932282705929,1.6319874388267983
2000-08-16,-0.004261419162307247,1.6250476534515552
2000-08-17,0.0005893546073819013,1.626005665049877
2000-08-18,-0.004032066912697627,1.6194627011065692
2000-08-21,0.006547281565798815,1.630100565943202
2000-08-22,-0.004145035272503857,1.6233577259087655
2000-08-23,0.005546058384244293,1.6323859750922391
2000-08-24,-0.0015301444762309319,1.6298900987220706
2000-08-25,0.002518932828837901,1.634000857588298
2000-08-28,0.005524872555795987,1.643053488371193
2000-08-29,-0.005819676160974608,1.6335192192424648
2000-08-30,-0.011070454610816056,1.6155351484589975
2000-08-31,0.002200219524983733,1.6190935936807362
2000-09-01,0.006442941969988702,1.6295589975408227
2000-09-05,-0.0007216494044119424,1.628383451477868
2000-09-06,-0.0091114242049364,1.6136139468718516
2000-09-07,0.005870197496740295,1.6231140358422758
2000-09-08,0.008813515892168245,1.6374826029792937
2000-09-11,0.002341613470071064,1.6413214470898956
2000-09-12,0.0022578772612457925,1.6450315363505918
2000-09-13,-0.0022029435844926263,1.6414116133882786
2000-09-14,-0.007048712714343323,1.6298824550767619
2000-09-15,-0.004233210997206574,1.6229974019667672
2000-09-18,1.3354167035357668e-07,1.6229976187045658
2000-09-19,0.002678736109435021,1.6273510292471227
2000-09-20,-0.012720839241119993,1.6067808706429965
2000-09-21,0.0067914364474306235,1.617730360106027
2000-09-22,0.01998202087933924,1.6503810085161033
2000-09-25,-0.007150163240624691,1.6386226022536046
2000-09-26,-0.006864347582931604,1.6274130443209174
2000-09-27,0.008043071450504567,1.6405552246151138
2000-09-28,0.017539956076555865,1.669584331596669
2000-09-29,-0.004826617719669314,1.6615453025439286
2000-10-02,0.0037400857444410524,1.6677712599935528
2000-10-03,-0.006921186973315732,1.6562681567577782
2000-10-04,0.006472773996297382,1.6670235773656983
2000-10-05,0.01621566074304232,1.694275825595863
2000-10-06,-0.00943883492775524,1.678359071732714
2000-10-09,-0.00805332501506259,1.6648969806914258
2000-10-10,0.0007963979107464695,1.666223429288794
2000-10-11,-0.011814939715237033,1.6466529396550003
2000-10-12,-0.027156566285456596,1.6025372267588662
2000-10-13,0.011953086298728799,1.6218074323048017
2000-10-16,0.003865260627818575,1.6280882714391325
2000-10-17,-0.0002540811100917204,1.627674657511766
2000-10-18,-0.007958121484529035,1.6147728300961186
2000-10-19,0.011877883582964039,1.6340672755288055
2000-10-20,-0.0015852369229511702,1.6314789438505581
2000-10-23,0.004093700902316137,1.6381714198263233
2000-10-24,0.004632691575535959,1.6457781690191289
2000-10-25,0.0009516002673129699,1.6473450373626337
2000-10-26,0.00298388154216033,1.652267860721518
2000-10-27,0.010331437035385548,1.669426646924667
2000-10-30,0.011961166717523196,1.6895148369662258
2000-10-31,0.0053088574943218935,1.6985080812743445
2000-11-01,-0.0026747654026510878,1.6939710410864628
2000-11-02,-0.0009121961782089707,1.6924265117407706
2000-11-03,-0.006113656298368528,1.6821111621183729
2000-11-06,0.007949442692203337,1.6955362988826903
2000-11-07,0.00043377933453792164,1.6962719470330518
2000-11-08,-0.0021138626850596546,1.6926900482154155
2000-11-09,0.0034944093906419203,1.6986153468955876
2000-11-10,-0.01666705765055897,1.6705390515411263
2000-11-13,-0.004175852724202217,1.663577671456752
2000-11-14,0.01690419142714577,1.69193813690306
2000-11-15,0.006265858365591943,1.7025728646871328
2000-11-16,-0.0022385801646576855,1.6987657816634816
2000-11-17,0.0008124535778767985,1.7001465108139886
2000-11-20,-0.012037098575040286,1.6798043555522997
2000-11-21,0.0007315127838596089,1.6810336034632345
2000-11-22,-0.004629763140896787,1.673268804506991
2000-11-24,0.0013869204697107512,1.6755911053142987
2000-11-27,0.010692931198130487,1.6936042205879618
2000-11-28,0.0029764232015172614,1.698652612833197
2000-11-29,0.010889459793478627,1.717251102130214
2000-11-30,-0.015247831979619144,1.6912653624185288
2000-12-01,-0.008199268099455015,1.6774549194177206
2000-12-04,0.01780699648614271,1.7075928902797184
2000-12-05,0.019630680706561047,1.7414452867623076
2000-12-06,-0.015527523590504511,1.7146138063092982
2000-12-07,0.0016571416725660005,1.7174575198674469
2000-12-08,0.005066659064790795,1.7261813733119233
2000-12-11,-0.013723803114208214,1.7026534158089706
2000-12-12,-0.0003972948391134024,1.7019770947523996
2000-12-13,0.00125578144141861,1.7041157485615384
2000-12-14,-0.01123418674288358,1.6850785280744276
2000-12-15,-0.03041001935881721,1.6346065734887045
2000-12-18,0.016511023528947514,1.6618196406614567
2000-12-19,-0.01580565418882935,1.635759981590332
2000-12-20,-0.023943458047280274,1.5970593929243422
2000-12-21,0.010392255911634622,1.6137429827586087
2000-12-22,0.013679080981830422,1.6359691740647742
2000-12-26,0.0048346169093332544,1.6438976083250796
2000-12-27,0.011589060278574898,1.6630596574058178
2000-12-28,0.0014730707704132997,1.6655112672306627
2000-12-29,-0.0002538638893703235,1.6650885077265298
2001-01-02,-0.010165360995117043,1.6482480217829172
2001-01-03,0.020488609757874164,1.6823666604950418
2001-01-04,-0.019757453404550398,1.6494535894714275
2001-01-05,-0.009652063495040318,1.633609545558141
2001-01-08,-0.003163510880932836,1.6284497697921283
2001-01-09,0.004189359004572766,1.6352862407154614
2001-01-10,-0.0012994700794145457,1.6331626152670717
2001-01-11,0.0001649025400739763,1.6334319501370749
2001-01-12,-0.007454526558993339,1.621300760597209
2001-01-16,0.006372639993445845,1.6316657176583587
2001-01-17,-0.009816224306180487,1.6157272766204431
2001-01-18,0.016709356497463277,1.6429518588852285
2001-01-19,-0.0031688338474957158,1.637753857575878
2001-01-22,-0.0012349679578732052,1.6357325324316827
2001-01-23,0.00999710154103516,1.652167128942064
2001-01-24,0.00041402405826232035,1.6528513075051356
2001-01-25,0.0021503942121957383,1.6564094136847676
2001-01-26,-0.0021015319838278324,1.6529320714763187
2001-01-29,-0.0027418444154354627,1.6484061963650978
2001-01-30,0.011219834994966047,1.6670051855777455
2001-01-31,0.004174342611920868,1.67397838048478
2001-02-01,0.008718932402800564,1.6886374978897207
2001-02-02,-0.00985021247423322,1.6720857128733562
2001-02-05,0.007509544795176254,1.6846895808601245
2001-02-06,-0.0017011045663335566,1.6818261838806052
2001-02-07,0.0009703157923445366,1.6834588783733282
2001-02-08,-0.0058551917749005925,1.6736307047943229
2001-02-09,-0.010708988399757539,1.6558034393531285
2001-02-12,0.018373169979726555,1.68650699449582
2001-02-13,-0.010073782361462193,1.669602777737116
2001-02-14,-0.010970003113972582,1.6513873245272004
2001-02-15,-0.001994349782182953,1.64809716253369
2001-02-16,-0.0026053672906640605,1.6438088528312356
2001-02-20,-0.004840928924041239,1.6358705209627704
2001-02-21,-0.019459694459231045,1.6043447165529268
2001-02-22,-0.0038492130479570504,1.5981811220409685
2001-02-23,-0.006450947606564093,1.587904521899558
2001-02-26,0.014320328162258674,1.6108074329507973
2001-02-27,-0.004328276484443051,1.603850479687344
2001-02-28,-0.011248379370498454,1.5859108460926505
2001-03-01,-0.005346798483520682,1.5774539292482073
2001-03-02,-0.0022650230093284067,1.573885003177952
2001-03-05,-0.00292607572702103,1.569286427644207
2001-03-06,-0.0012696074711889415,1.567295314105004
2001-03-07,0.0012254968939616562,1.5692172070407402
2001-03-08,0.014572863476732256,1.5922526335623475
2001-03-09,-0.02007048533621259,1.560613914713725
2001-03-12,-0.03478243189565801,1.5072651458837534
2001-03-13,0.011731565830104707,1.5250518551436762
2001-03-14,-0.029335302210248944,1.480963827547342
2001-03-15,0.006991315600088538,1.4913539911933722
2001-03-16,-0.016408439212525747,1.4670828700467904
2001-03-19,0.01023874463504974,1.482181118569252
2001-03-20,-0.02236621731108134,1.4493983138594837
2001-03-21,-0.022934037574333033,1.416536031250149
2001-03-22,0.0006066025052690301,1.4173955662271878
2001-03-23,0.011153568579562397,1.4332930770615124
2001-03-26,0.010173035653970892,1.4479484369957674
2001-03-27,0.030070258436704803,1.4921498642672648
2001-03-28,-0.01750425066202034,1.4662581674884123
2001-03-29,-0.00024712646449097175,1.465895861061047
2001-03-30,0.014008177297825967,1.4865748897822344
2001-04-02,-0.006591730258014655,1.4768080147681701
2001-04-03,-0.027153220813011244,1.437247449653387
2001-04-04,0.0026611495968866146,1.4410772737319157
2001-04-05,0.029711347507868024,1.4845360336167466
2001-04-06,-0.00554017289588736,1.4763341881200056
2001-04-09,0.0014062949190835584,1.478411809919715
2001-04-10,0.013647763191178903,1.4987271382665417
2001-04-11,-0.008445545672203143,1.4861228696521522
2001-04-12,0.011846420330198202,1.503832798344325
2001-04-16,0.003119246098371074,1.5085309464639634
2001-04-17,0.013179565968545404,1.528544323706894
2001-04-18,0.020882478964650557,1.5607997326956176
2001-04-19,0.01013044161270067,1.5766916835869396
2001-04-20,-0.009529397609772835,1.561738123993707
2001-04-23,-0.006285857431446141,1.551952049956396
2001-04-24,-0.011428713428742467,1.5343162041950706
2001-04-25,0.02156320761604628,1.5677602678294573
2001-04-26,0.00521632799502404,1.5759595861789468
2001-04-27,0.011812186277181261,1.5946854935980612
2001-04-30,-0.004463842884533038,1.5875829322570834
2001-05-01,0.019833795725152474,1.6193850638039813
2001-05-02,-0.0010205584743030027,1.6177332296939768
2001-05-03,-0.009753737210632439,1.6020309871546896
2001-05-04,0.01342512379487668,1.6236834699027538
2001-05-07,0.004185176835194812,1.6304931121876152
2001-05-08,-0.0015415522575422005,1.6279815581928485
2001-05-09,-0.005400366525532938,1.619213557599373
2001-05-10,-0.004738972900135144,1.6115583017820283
2001-05-11,-0.006327438155562332,1.601393458914405
2001-05-14,0.006432701239509702,1.6117279483074365
2001-05-15,0.0006459220200238138,1.6127693351706824
2001-05-16,0.02470214212789071,1.6531043217945465
2001-05-17,-0.00559471678732999,1.6438814949032645
2001-05-18,0.005140137754199211,1.652353026004875
2001-05-21,0.005787774427577555,1.6619442016005201
2001-05-22,-0.00833488761061373,1.648149651337372
2001-05-23,-0.012359808190187907,1.6279042103935166
2001-05-24,0.004889093700049125,1.635882674449424
2001-05-25,-0.011638915633723558,1.6169531472888443
2001-05-29,-0.0006202739109392719,1.6159505044251214
2001-05-30,-0.010186067864124404,1.5995738712678989
2001-05-31,0.0009645742369446349,1.6011175233780568
2001-06-01,0.004050361754583324,1.6076157798201338
2001-06-04,0.009196627203645785,1.6224686161480915
2001-06-05,0.012002576789226295,1.6420597571948163
2001-06-06,-0.009906991552622783,1.6258722024339656
2001-06-07,0.00297897669835433,1.630722859249148
2001-06-08,-0.006663645610191682,1.6198924251902025
2001-06-11,-0.0034379541624432637,1.6143328715056162
2001-06-12,0.0033014288757785832,1.6196712840085126
2001-06-13,-0.008897925830685124,1.6053234964909877
2001-06-14,-0.0067404487103402,1.594539281852699
2001-06-15,-0.00960221402253911,1.5793014499429765
2001-06-18,-0.0015194697210631745,1.5769035714226096
2001-06-19,0.007341757710604978,1.5885234182331474
2001-06-20,0.005521932379683037,1.5973194001905786
2001-06-21,0.006207715590724173,1.6072659454551337
2001-06-22,-0.011598178430072284,1.5887322744055654
2001-06-25,-0.007705279556554795,1.5765376897666115
2001-06-26,0.00023133734926605507,1.5769024440057928
2001-06-27,-0.007623672265604813,1.5649263654313632
2001-06-28,0.014630769506233765,1.5879907558404618
2001-06-29,-0.009206784130206466,1.5734375645955805
2001-07-02,0.015103861461930948,1.5973829260887311
2001-07-03,0.0003577207275484193,1.5979544452872623
2001-07-05,-0.012327345621904047,1.578376826511612
2001-07-06,-0.015791545896645165,1.553647586773802
2001-07-09,0.012479283018852852,1.5731574762438862
2001-07-10,-0.009670133113576663,1.5580181516568559
2001-07-11,0.006323044683055411,1.5679007812747816
2001-07-12,0.01122741902338342,1.585603452025723
2001-07-13,0.006806064956743867,1.5964319801483813
2001-07-16,0.003238325386490218,1.6016101260930746
2001-07-17,0.009808210676389211,1.6173963463643621
2001-07-18,-0.0004525085660509508,1.6166646262302329
2001-07-19,0.005822222309867165,1.626104661409632
2001-07-20,-0.0038281004367758118,1.6198916690117826
2001-07-23,-0.0173146560157314,1.5920852261644884
2001-07-24,-0.014027002685478721,1.5699089394483121
2001-07-25,0.02007238784732134,1.6017391459974444
2001-07-26,0.00646207642058788,1.6121232219757895
2001-07-27,-0.001957498329995124,1.608970580113307
2001-07-30,0.0012493378626029982,1.6109819841788606
2001-07-31,0.005924249515479566,1.6205541694289747
2001-08-01,-0.00018814476136899138,1.620249299332237
2001-08-02,-0.0010900383096679972,1.618484127751854
2001-08-03,-0.005588054293057904,1.60946517324632
2001-08-06,-0.00882482912567774,1.5953244048119124
2001-08-07,0.007621574152509347,1.6075297409152725
2001-08-08,-0.012326222893756872,1.5878365914359114
2001-08-09,0.0020732989321360492,1.5911320664172366
2001-08-10,0.010192575485405852,1.6074327318721415
2001-08-13,-0.0004139609765537737,1.6067674551575108
2001-08-14,0.0006159977979420427,1.6077575252808936
2001-08-15,-0.001710578246398813,1.6050096811039347
2001-08-16,0.0020986364844424806,1.6083815499044725
2001-08-17,-0.01672705405164091,1.5817018234634863
2001-08-20,0.01291425551560641,1.602260791110704
2001-08-21,-0.012777215899429834,1.5819185941270246
2001-08-22,0.004627412543462396,1.589255746996334
2001-08-23,-0.0015931025744542247,1.586725915250116
2001-08-24,0.015744910322845675,1.6119064852095317
2001-08-27,-0.008912939002786,1.5976034965476482
2001-08-28,-0.01524249651986648,1.5734366800151873
2001-08-29,-0.008865116471685067,1.5595496267073854
2001-08-30,-0.010392705320275718,1.543425618166344
2001-08-31,-0.002478925691902555,1.539604319063039
2001-09-04,0.011178572815691883,1.5569114523506022
2001-09-05,0.005420319419656371,1.5653733220313717
2001-09-06,-0.01748333383739541,1.5382432309427714
2001-09-07,-0.01726872829067984,1.511907770946812
2001-09-10,0.012901068553849853,1.5315393586911596
2001-09-17,-0.022980143339154702,1.4967456777472776
2001-09-18,0.00017231068049242015,1.4970036052347266
2001-09-19,-0.00973453285677708,1.4825016737352932
2001-09-20,-0.024072621782796497,1.4472400937877947
2001-09-21,-0.028369872056983013,1.4067590140794437
2001-09-24,0.033526734884503584,1.4547225889485507
2001-09-25,0.015286729853165959,1.4771313823830106
2001-09-26,0.003834419625934395,1.482806196802638
2001-09-27,0.011908681817404463,1.5005700259583967
2001-09-28,0.015877805889745106,1.5245859410317584
2001-10-01,0.00238787868375858,1.5282308173312034
2001-10-02,0.011272368929257176,1.5455550580862818
2001-10-03,0.008354389939935722,1.5585213148820396
2001-10-04,-0.005403996736544129,1.5501217867349983
2001-10-05,0.0069800583780532015,1.5609795772215342
2001-10-08,-0.0018805121751680844,1.558046894458445
2001-10-09,-0.0028708552821442527,1.5535803817251757
2001-10-10,0.020488109536061113,1.5857386125426756
2001-10-11,0.005123463216288183,1.593883934305104
2001-10-12,-0.0030730828026862443,1.58899331548426
2001-10-15,-0.002241003543139274,1.5854363628945265
2001-10-16,0.004915543553261343,1.5932488299174474
2001-10-17,-0.009870128807143948,1.5776006107502485
2001-10-18,-0.0015737651943680839,1.5751197904447893
2001-10-19,0.005855914279720386,1.584370616504581
2001-10-22,0.010500141680692892,1.6010943797408745
2001-10-23,-0.010515237837492416,1.584346698777859
2001-10-24,0.0012890761910755786,1.5863903593197375
2001-10-25,0.007231566033351499,1.5979040267047364
2001-10-26,0.0015609178839075645,1.60040017130835
2001-10-29,-0.01979547134018757,1.5690310036691395
2001-10-30,-0.012174824918567908,1.5500441412990984
2001-10-31,-0.002422866668339935,1.5462931369413593
2001-11-01,0.022292494155965133,1.5811509579931358
2001-11-02,0.002105552389977447,1.5844836615313498
2001-11-05,0.006599039141933692,1.594974307254496
2001-11-06,0.012783981473640396,1.6154953198934263
2001-11-07,-0.006901868374757928,1.604383773160883
2001-11-08,0.0019397702757924938,1.607498929482057
2001-11-09,0.0033615332307805387,1.6129116830304504
2001-11-12,-0.004255379477601746,1.6060627145704478
2001-11-13,0.00939963679862786,1.621230293956753
2001-11-14,0.0019430639597543132,1.6243835105701017
2001-11-15,0.004176131845776209,1.6311813347037252
2001-11-16,-0.0028832327825383743,1.6264850327245293
2001-11-19,0.005302893148402283,1.6351330184671233
2001-11-20,-0.0035152079974631336,1.6293952763903985
2001-11-21,-0.0029567699317279922,1.6245846449002794
2001-11-23,0.0071411899816061705,1.636227635414959
2001-11-26,-0.0014158023530806585,1.633912699611032
2001-11-27,-0.010915607416337354,1.616174537561654
2001-11-28,-0.012197244083842314,1.5965813963178614
2001-11-29,0.006599553310139106,1.607152965805465
2001-11-30,-0.0003042023434551428,1.6066641404616533
2001-12-03,-0.0032932833151729014,1.6013816434088581
2001-12-04,0.004615172909206648,1.6087893774248816
2001-12-05,0.012247380129821728,1.6286139844237504
2001-12-06,-0.007945979781628407,1.6157243289219365
2001-12-07,-0.00024097499460134036,1.6153350266684354
2001-12-10,-0.010732653031365667,1.5980908994436624
2001-12-11,-0.006358929024428105,1.587960994646691
2001-12-12,0.001112228408699362,1.5897281525362752
2001-12-13,-0.008398116380704665,1.576433334351166
2001-12-14,0.006483689466040242,1.5866876455169252
2001-12-17,0.010769230772521348,1.6038673912217907
2001-12-18,0.006631062291233143,1.6145380756865324
2001-12-19,0.00989286942685327,1.630589757738179
2001-12-20,-0.003414187755655895,1.6250321109762143
2001-12-21,0.002602103086710076,1.6292661183209616
2001-12-24,-0.00220140625808586,1.6256833866628322
2001-12-26,0.003367025827112543,1.6311663300384638
2001-12-27,0.004759979192237496,1.6389491561788885
2001-12-28,-0.0030623724414744506,1.633937760746119
2001-12-31,-0.012557677026966573,1.6135475925896432
2002-01-02,0.005866158861609409,1.6230407360192558
2002-01-03,0.004094935150575654,1.6297006091479496
2002-01-04,0.0008849360985989163,1.6311434283541355
2002-01-07,-0.010808942293585654,1.6136074366575341
2002-01-08,-0.002085099145185058,1.6102464104248682
2002-01-09,-0.006197225816037914,1.600298207269588
2002-01-10,0.003974799524462839,1.606671730169449
2002-01-11,-0.007752223007651028,1.5942646061490409
2002-01-14,-0.0018812955417024423,1.591268142753587
2002-01-15,0.00755856527496865,1.603341417718304
2002-01-16,-0.012602425868761636,1.5832622154377587
2002-01-17,0.009067352582218531,1.5976834947815683
2002-01-18,-0.00890926828317755,1.5835125241196992
2002-01-22,-0.003294571117141782,1.5783041139440601
2002-01-23,0.0021960921199219658,1.5817740238979237
2002-01-24,-0.004876304676413018,1.574079587283527
2002-01-25,0.0012057460603234417,1.5759786722215428
2002-01-28,0.0002894151179359752,1.576434850284058
2002-01-29,-0.027802424721852074,1.5332098038665303
2002-01-30,0.0062513699907460986,1.5428244867825671
2002-01-31,0.013658819115111784,1.5640422221083814
2002-02-01,-0.0011459159968732367,1.5622509876044277
2002-02-04,-0.021216961977309486,1.52945392513161
2002-02-05,0.0025577001615284885,1.53337081666472
2002-02-06,-0.001534132202466631,1.5310202266355029
2002-02-07,-0.005870621840472468,1.5220585169971421
2002-02-08,0.010615674580808278,1.5383022615139552
2002-02-11,0.009124022850951905,1.5524019918162648
2002-02-12,-0.00064483227032963,1.551401275597149
2002-02-13,0.01162937531374869,1.5695484187411168
2002-02-14,0.00026902967504072156,1.5699707306468418
2002-02-15,-0.00901821588417741,1.5558760456466094
2002-02-19,-0.012687612675055217,1.5362603940399553
2002-02-20,0.014177447958607587,1.5581957722524464
2002-02-21,-0.014298629477996374,1.5360742389507347
2002-02-22,0.015919406771186608,1.5607233083116818
2002-02-25,0.010425682741340118,1.577080031215622
2002-02-26,-0.001670732595623416,1.5744473520653917
2002-02-27,0.005802576634739712,1.5836097605637522
2002-02-28,-0.0005875272890990332,1.58267961988241
2002-03-01,0.02295962259679088,1.6194377078395472
2002-03-04,0.0097921343839624,1.6353733541628748
2002-03-05,-0.007170082346360485,1.62368952959411
2002-03-06,0.013830937338824732,1.6463026979119548
2002-03-07,-0.00412284960917236,1.6395292121035254
2002-03-08,0.00039810022413506573,1.6401820389869823
2002-03-11,0.003024450294531081,1.6451501972246017
2002-03-12,0.004636760948963973,1.6527960777758743
2002-03-13,-0.00546525074999176,1.6437877715208726
2002-03-14,0.0009076731867008725,1.6452804709448479
2002-03-15,0.007025302266009092,1.6568797601150964
2002-03-18,-0.0046711817404897745,1.6491582220276066
2002-03-19,0.0044447667125877425,1.6565046601037217
2002-03-20,-0.018267538620671715,1.6265191121782385
2002-03-21,0.0011989955772066815,1.6284704710015105
2002-03-22,-0.002668260445689394,1.624131079544621
2002-03-25,-0.009840280364038046,1.608227550296745
2002-03-26,0.0073969731004632396,1.620167672163706
2002-03-27,0.0028174382685657797,1.6247388310198942
2002-03-28,0.0003340623268412851,1.6252816857228982
2002-04-01,-0.0032037672667510563,1.620082993605415
2002-04-02,-0.004246937890302468,1.6132171913917948
2002-04-03,-0.007193029396409339,1.6016549064912695
2002-04-04,-0.008972117998383341,1.5873489430413499
2002-04-05,-0.006949081827258018,1.5763565630566327
2002-04-08,-0.0004621180978600011,1.5756282684521834
2002-04-09,-0.010434370320979517,1.5592730561724384
2002-04-10,0.010869015704331597,1.5763132568576854
2002-04-11,-0.026892385762950246,1.5344873525269769
2002-04-12,0.0033809780390537895,1.539684200831636
2002-04-15,-0.008621624210411672,1.526466682362036
2002-04-16,0.021408398746216247,1.5594982041931211
2002-04-17,-0.004108455864619707,1.5531042183484505
2002-04-18,0.0034166708532728284,1.5584197397860036
2002-04-19,5.199499798605872e-05,1.55850077192385
2002-04-22,-0.01557286285010679,1.5344184551487488
2002-04-23,-0.008928256658560082,1.5207797488937842
2002-04-24,-0.005268228923183109,1.5127890000633428
2002-04-25,0.001940194583013025,1.515726954266297
2002-04-26,-0.012051071872696325,1.4975704422527998
2002-04-29,-0.006395077489711155,1.4880239211347757
2002-04-30,0.010194544163447896,1.5032712343665113
2002-05-01,0.01792562586090477,1.5304612833304123
2002-05-02,0.0015298891153052608,1.5328045113716742
2002-05-03,-0.0139956992162666,1.511501265124719
2002-05-06,-0.018158895614543282,1.4843017751843544
2002-05-07,-0.006632106503448982,1.4744902990683402
2002-05-08,0.03481216054784082,1.5267244081367026
2002-05-09,-0.014110827999687246,1.5053323474116218
2002-05-10,-0.011714885754040658,1.4878004435690766
2002-05-13,0.021444605023520618,1.5200502931905298
2002-05-14,0.017688591178927696,1.5471770511686678
2002-05-15,-0.008219610695918879,1.5345119804123073
2002-05-16,0.015341657534874169,1.5582354510728853
2002-05-17,0.008344203739333178,1.5712920829925534
2002-05-20,-0.014197179385657177,1.5491417754179901
2002-05-21,-0.008645747978778942,1.53580601791297
2002-05-22,0.009644692800662732,1.5506900557674754
2002-05-23,0.009515084471114266,1.5655154230945214
2002-05-24,-0.014330226326514308,1.5432412111889986
2002-05-28,-0.008857446112870832,1.5296323939767504
2002-05-29,-0.004939980893326889,1.522094672605305
2002-05-30,-0.004232494797115771,1.5156660290199464
2002-05-31,0.002412042379547225,1.5193262922956514
2002-06-03,-0.025607872089212457,1.4809135128297222
2002-06-04,0.0019585202355138255,1.4838167540119256
2002-06-05,0.008255310761726802,1.4961168230215611
2002-06-06,-0.024251845239678847,1.4602696661668437
2002-06-07,0.0027450629633129103,1.4642837052182487
2002-06-10,0.0023097661821822597,1.4676697672020207
2002-06-11,-0.01801468748503717,1.441466882037463
2002-06-12,0.015292730913041482,1.4636802659214805
2002-06-13,-0.004863932722425436,1.4565783093019025
2002-06-14,0.0006449587655853198,1.4575180452631455
2002-06-17,0.02275423891900075,1.4910629562274045
2002-06-18,-0.0009578623751647094,1.489635406929661
2002-06-19,-0.02058965739393921,1.4592779218245018
2002-06-20,-0.006936721849286126,1.4491903445882748
2002-06-21,-0.016181545036473184,1.4259289162528122
2002-06-24,0.005578587092031934,1.4339058141217524
2002-06-25,-0.019296718776682084,1.4065013949211849
2002-06-26,0.006451977640115247,1.4156054484650054
2002-06-27,0.01823539337684926,1.4416563732267025
2002-06-28,-0.004990090645968524,1.4344802967709147
2002-07-01,-0.020374382475340236,1.4055493722115833
2002-07-02,-0.014334134957555143,1.385545747654413
2002-07-03,0.007813851322435457,1.3964146046423567
2002-07-05,0.0321143167093796,1.4419873577848583
2002-07-08,-0.007241253127271892,1.4315832770739099
2002-07-09,-0.025954981859505514,1.3949046151486775
2002-07-10,-0.03329934044001064,1.3492200655226987
2002-07-11,0.00392706735934236,1.3545289609748539
2002-07-12,-0.013166903725851532,1.3368109104613686
2002-07-15,-0.006028739617906348,1.3287758704823294
2002-07-16,-0.015582403955934528,1.3082308343400555
2002-07-17,0.00734974473812972,1.317881418252505
2002-07-18,-0.031372302329082495,1.2771782582411946
2002-07-19,-0.048587202511786394,1.216607145490529
2002-07-22,-0.041214329069852534,1.1674847252119682
2002-07-23,-0.02647809429870939,1.1369776218749084
2002-07-24,0.05496559477463999,1.2012217064735158
2002-07-25,0.0039021814510759056,1.205918248956099
2002-07-26,0.021343916479537966,1.2319339178348043
2002-07-29,0.05083895911672243,1.2961835094037684
2002-07-30,-0.0019596508330427696,1.2936459295071425
2002-07-31,0.02762750359596907,1.3298844216350894
2002-08-01,-0.03749718044516281,1.280940862810716
2002-08-02,-0.009976783629475138,1.2682247315017567
2002-08-05,-0.03738472952677198,1.2216877982124736
2002-08-06,0.024588704314912526,1.252099882868603
2002-08-07,0.02506154338747164,1.2838759539559976
2002-08-08,0.03486779407537011,1.3294314712351782
2002-08-09,0.006884968951572036,1.3386161474616163
2002-08-12,-0.0047481985019216,1.3322751982316676
2002-08-13,-0.021264472365366417,1.3042441579793966
2002-08-14,0.040733105298581165,1.3584669061289338
2002-08-15,0.005145224009785039,1.3654745351217201
2002-08-16,-0.001158250075331692,1.3638938897065962
2002-08-19,0.021557582355921638,1.3936153549990353
2002-08-20,-0.01761875606682213,1.369276624684799
2002-08-21,0.014640180952046597,1.389470542864572
2002-08-22,0.014447682684222756,1.409690889216707
2002-08-23,-0.01836288567627147,1.3840411192211826
2002-08-26,0.008105687969438969,1.3953053150252213
2002-08-27,-0.013931855525191779,1.3760009083077478
2002-08-28,-0.020016497014019446,1.3487320145576613
2002-08-29,-0.0058052121802745285,1.3409250215891053
2002-08-30,-0.0002160034355199425,1.3406354084575092
2002-09-03,-0.048621138514793716,1.2770114565589437
2002-09-04,0.022056905702173696,1.30549131195099
2002-09-05,-0.01626719159330658,1.2844264323882806
2002-09-06,0.01441532189915484,1.303075949313119
2002-09-09,0.007203180566557169,1.312496127559301
2002-09-10,0.012384763715602766,1.3288521556886217
2002-09-11,0.003129601290049654,1.3330174475610466
2002-09-12,-0.027000518952320748,1.29750684438726
2002-09-13,0.002264627143066391,1.300448543273729
2002-09-16,0.008799830413069658,1.3119427693624988
2002-09-17,-0.02133301799909712,1.2842514901076771
2002-09-18,-0.004258440823545823,1.278794209135545
2002-09-19,-0.029832176435867754,1.2412084151251601
2002-09-20,0.0005246964352268389,1.2418598436421149
2002-09-23,-0.00940206962263733,1.2302385088394168
2002-09-24,-0.012842527889508007,1.214540155510001
2002-09-25,0.02444857337312798,1.2445998911503584
2002-09-26,0.016663367518474602,1.2655128729983416
2002-09-27,-0.03907290243322586,1.2170191761466234
2002-09-30,-0.014580884045480644,1.1994027046295908
2002-10-01,0.04443467212311113,1.2538995794971457
2002-10-02,-0.015410714344268866,1.234724223721227
2002-10-03,0.006709337341337045,1.2430362580020458
2002-10-04,-0.01672402092977365,1.222420562769049
2002-10-07,-0.014536530770603765,1.2047793403770042
2002-10-08,0.01705340659131405,1.225501118588259
2002-10-09,-0.019529046351120564,1.20180042961656
2002-10-10,0.02596748852161899,1.2334168919499675
2002-10-11,0.03685882046150263,1.279727416480164
2002-10-14,0.009244536167064834,1.291612755444017
2002-10-15,0.04143227468827749,1.3462512934038644
2002-10-16,-0.028109087253736117,1.308936300442246
2002-10-17,0.0256129227147586,1.3428950193136002
2002-10-18,0.0059027053935731795,1.3508451736132234
2002-10-21,0.009402089429793845,1.363605835179312
2002-10-22,-0.0013334363131053397,1.3617887653845826
2002-10-23,-0.003487438852009013,1.3570478819115346
2002-10-24,-0.010897831399461858,1.3423392943163797
2002-10-25,0.011066611320060588,1.3572769436752616
2002-10-28,0.00022915982869117928,1.357588012668058
2002-10-29,-0.012893957830426527,1.340195698922983
2002-10-30,0.016266223788890585,1.3621738885594277
2002-10-31,-0.0065640445641356885,1.3532618001229861
2002-11-01,0.01496560206106248,1.3736664810418107
2002-11-04,0.003024710080513763,1.3778277139833464
2002-11-05,0.014472947862040142,1.3979139455272829
2002-11-06,0.0033081031910210884,1.402546046621159
2002-11-07,-0.01931904385263335,1.375710253616978
2002-11-08,0.0009841686923882957,1.3770648510452381
2002-11-11,-0.018453380853326394,1.3518863773635907
2002-11-12,0.0036535160216739854,1.3568345495117926
2002-11-13,-0.009613778971461056,1.3438527441421992
2002-11-14,0.016281760854744004,1.365912128639227
2002-11-15,0.009195546206682679,1.3785303635993678
2002-11-18,-0.004742188615727918,1.3720085885683184
2002-11-19,-0.0025637721055055207,1.3684955764259323
2002-11-20,0.01701897112204528,1.3919852814565923
2002-11-21,0.016077085270007,1.414545210548008
2002-11-22,-0.008284540879812018,1.402874761828316
2002-11-25,0.008014033442702241,1.4141626172979196
2002-11-26,-0.021655954063024643,1.383866803003931
2002-11-27,0.026228245403848945,1.4206433854771296
2002-11-29,-0.0041679421642460985,1.414734548409916
2002-12-02,-0.006739012246862745,1.4052326875006316
2002-12-03,-0.010622004053030766,1.3903852943323567
2002-12-04,7.866525102164567e-05,1.390494673642671
2002-12-05,-0.00979754134669472,1.376937765216566
2002-12-06,0.0057152571225216236,1.3848298497503102
2002-12-09,-0.015884540587931602,1.3630062515831054
2002-12-10,0.013306341298239722,1.3812640810217132
2002-12-11,0.00026613209261131454,1.3816317286412896
2002-12-12,-0.011287026107548816,1.3661248929056204
2002-12-13,-0.0070777019113294525,1.356490004793688
2002-12-16,0.021038732195975914,1.3853311616001422
2002-12-17,-0.012187587943917819,1.3685497862021008
2002-12-18,-0.010873439451569138,1.3537495535035171
2002-12-19,-0.008778888288536207,1.3419171510646541
2002-12-20,0.013699615384489348,1.3604274020732439
2002-12-23,0.0013365298629176986,1.3622468695379022
2002-12-24,-0.004175405666890243,1.356570794443582
2002-12-26,-0.006001727948400419,1.3484534091279146
2002-12-27,-0.01591615936018807,1.3271611051163088
2002-12-30,0.004716230293575859,1.3334350856640225
2002-12-31,-0.00026652718578818764,1.333079736320443
2003-01-02,0.026767505621426244,1.369244820879121
2003-01-03,0.0039764413601169005,1.3747003822883572
2003-01-06,0.020780253622533166,1.4035658823787152
2003-01-07,-0.011863630843953154,1.3870128783959184
2003-01-08,-0.012032636654593806,1.370423463751116
2003-01-09,0.01571834302574964,1.3921344330742689
2003-01-10,-0.0017804622225590133,1.3896579955633754
2003-01-13,-0.0002463152584108105,1.3893157437477481
2003-01-14,0.007212416222210398,1.399372289558593
2003-01-15,-0.014092985275628942,1.379789272192248
2003-01-16,-0.0027601502223838278,1.3759860976068703
2003-01-17,-0.012709961877441238,1.3586080379418717
2003-01-21,-0.013769928570826309,1.3400283165971498
2003-01-22,-0.009520744425554273,1.3273307903363494
2003-01-23,0.0019482375012507163,1.3299192666231927
2003-01-24,-0.029506880200211028,1.2912507966398243
2003-01-27,-0.016178711915832217,1.2705281072140038
2003-01-28,0.014055396350882838,1.2885119724480756
2003-01-29,0.011218417436701872,1.3030484231590405
2003-01-30,-0.023110274071527357,1.2732799209901118
2003-01-31,0.018458512685554592,1.2970010292417922
2003-02-03,0.008466517815311837,1.3080287287958994
2003-02-04,-0.011298758013864419,1.2933328078832826
2003-02-05,-0.007702190408662398,1.283409576700098
2003-02-06,-0.006568601920083369,1.2750069969030524
2003-02-07,-0.01397607127871061,1.2573113540570764
2003-02-10,0.008960126473469675,1.2686276447945364
2003-02-11,-0.008479114298432129,1.2579162816032845
2003-02-12,-0.011885509047752763,1.243053805267753
2003-02-13,0.005910402190173744,1.2504225077477449
2003-02-14,0.01745688464060831,1.2724426313932664
2003-02-18,0.016063459818874713,1.2930475122496434
2003-02-19,-0.004734477173924644,1.286940077481662
2003-02-20,-0.013325925667484398,1.2699041713825021
2003-02-21,0.014194540731242124,1.2880584186527948
2003-02-24,-0.014620002642460595,1.2693639904480363
2003-02-25,0.00538288895595831,1.2762152591193097
2003-02-26,-0.013461525418547993,1.2591505710294018
2003-02-27,0.00905120622556199,1.2705991360186097
2003-02-28,0.00026782700415461783,1.2709394823536262
2003-03-03,-0.005160164394154331,1.264398117463656
2003-03-04,-0.011499386409341623,1.249941594811329
2003-03-05,0.012969925883216596,1.2662588325982929
2003-03-06,-0.006933910185323181,1.2575090776458508
2003-03-07,0.011639147791316654,1.2722309203040556
2003-03-10,-0.023531871176116756,1.242642447614568
2003-03-11,-0.003929290863687027,1.2377693242277377
2003-03-12,0.004947517940721135,1.2439083841978793
2003-03-13,0.028234412973630187,1.2795299173855292
2003-03-14,0.002104521842665851,1.2822255515605958
2003-03-17,0.027502757106779307,1.3179797046756625
2003-03-18,0.005020081532810021,1.324612705424036
2003-03-19,0.012257809741710516,1.340949477918288
2003-03-20,-0.0003791722643116503,1.340441123451466
2003-03-21,0.023279016972274677,1.372011310901964
2003-03-24,-0.03225718615458218,1.3284602797657104
2003-03-25,0.01095812615687028,1.3430977683562506
2003-03-26,-0.006440047735370115,1.3344759468842757
2003-03-27,1.5778175068977185e-06,1.3344780524454483
2003-03-28,-0.0030312121183232368,1.3304390909683075
2003-03-31,-0.014288257265374762,1.311564597875153
2003-04-01,0.01358631536416506,1.329505527715264
2003-04-02,0.01914406795448337,1.3552028628238246
2003-04-03,-0.01065779550186122,1.3408360829409338
2003-04-04,0.0076528571170871975,1.3511366741051396
2003-04-07,-0.005524829879234299,1.34369245678968
2003-04-08,-0.00032726351610892524,1.3432527872195308
2003-04-09,-0.011544584790265967,1.3278346606975038
2003-04-10,0.0035019907945681755,1.3324928772109768
2003-04-11,-0.003759743955726659,1.327492451220895
2003-04-14,0.01428673806600601,1.3465941134750536
2003-04-15,0.0028891236252339856,1.3504902157924463
2003-04-16,-0.01621780669183813,1.3287648714273992
2003-04-17,0.015021498328636964,1.3488755790471596
2003-04-21,-0.0007892844929957202,1.3478113525136355
2003-04-22,0.019386620454581664,1.37419578578851
2003-04-23,0.0063118084396663705,1.3828968772715067
2003-04-24,-0.00607001613432148,1.3745280959289496
2003-04-25,-0.012948167355905834,1.3568452036830092
2003-04-28,0.01741287081733915,1.3806786763185397
2003-04-29,-0.0008193042494871771,1.3795479436821338
2003-04-30,-0.0007165014713964601,1.378559849578335
2003-05-01,0.002251512067986774,1.3816671905112359
2003-05-02,0.012889610945748755,1.3995916143119878
2003-05-05,-0.003849102781275456,1.3942147969364398
2003-05-06,0.004662303240864807,1.4007302257529106
2003-05-07,-0.000726679014276733,1.3997127142401002
2003-05-08,-0.007909445607470398,1.3886854300014082
2003-05-09,0.011839848732433586,1.4052249750736563
2003-05-12,0.007275008524508332,1.4154852753794636
2003-05-13,-0.0040899792564866,1.4097077929108
2003-05-14,-0.0038013868006417395,1.4043591209405137
2003-05-15,0.0052810960069807145,1.4117952945770458
2003-05-16,-0.003711963138714504,1.406564476791709
2003-05-19,-0.021647661032715766,1.3764428534172368
2003-05-20,-0.0036723905743092813,1.3713972879703302
2003-05-21,0.002627488852215752,1.3750053570613372
2003-05-22,0.0036805398269523686,1.380075443644633
2003-05-23,-0.00015906612517647227,1.379855937849792
2003-05-27,0.019313223679860377,1.4067644125172838
2003-05-28,-0.0027336459199935217,1.402924068182941
2003-05-29,-0.004131527915087381,1.397139805381992
2003-05-30,0.011792961163936126,1.4137137567465672
2003-06-02,0.001212179621639793,1.415428470814088
2003-06-03,0.008481325699555519,1.427484232834553
2003-06-04,0.012413363663128268,1.4453145518995607
2003-06-05,-0.0001535285490619986,1.4450926718863635
2003-06-06,-0.000900293792403824,1.4437922493934008
2003-06-09,-0.0043478081175791165,1.437528544292458
2003-06-10,0.007093612293679013,1.4477620678590826
2003-06-11,0.013280177745136852,1.4671168383945732
2003-06-12,0.0019994972518918835,1.4700532691954877
2003-06-13,-0.006912921899301365,1.4599259507691305
2003-06-16,0.019761672007626175,1.4890634835110246
2003-06-17,0.002088726189162201,1.4921769798951203
2003-06-18,-0.0005857916530971733,1.4913031310470233
2003-06-19,-0.013280528380147467,1.471628769616488
2003-06-20,0.0033407597006302075,1.47655334904242
2003-06-23,-0.009338632835138467,1.4628285446536227
2003-06-24,0.0009554405446582996,1.4642268582514482
2003-06-25,-0.010041691604482553,1.4495971202932596
2003-06-26,0.008316360037413721,1.4617027595113126
2003-06-27,-0.012342085351585028,1.4437731711459671
2003-06-30,-0.0035540803079541095,1.4386509930571105
2003-07-01,0.008541155625988239,1.4509913605595168
2003-07-02,0.008496650582599647,1.463372451564955
2003-07-03,-0.007638159743748955,1.4522375581978986
2003-07-07,0.01167994196709955,1.4692990532744685
2003-07-08,-0.0019788760547224797,1.4663943675151487
2003-07-09,-0.007353943048292911,1.4556501414842993
2003-07-10,-0.006389940430840197,1.446378278666142
2003-07-11,0.01070593888586121,1.461946302583129
2003-07-14,0.0022589508605314287,1.4652525003045722
2003-07-15,-0.004195506849611648,1.4591179012778257
2003-07-16,-0.0033963748717197933,1.4541705961102716
2003-07-17,-0.007310130346337393,1.4435791789920462
2003-07-18,0.01226528373864085,1.4613941165181552
2003-07-21,-0.01548960810952024,1.4389321073231618
2003-07-22,0.0058360559183272724,1.447354347993134
2003-07-23,0.0006029698784905653,1.448227322230612
2003-07-24,-0.008279821754627763,1.4362857633533475
2003-07-25,0.01681399784873605,1.460639638333948
2003-07-28,-0.005316461347338527,1.4528948099368975
2003-07-29,-0.010631342064662567,1.437530405064168
2003-07-30,0.0032006112782068832,1.4421387519208855
2003-07-31,0.0022264305219866446,1.445353150645004
2003-08-01,-0.014769768840372184,1.4241624944839433
2003-08-04,0.005329209065297457,1.4317724135744745
2003-08-05,-0.012840615178884933,1.4135051077047567
2003-08-06,0.004847279726393968,1.4203733951635946
2003-08-07,0.010805229289123522,1.4358040712398943
2003-08-08,0.002363209425742195,1.4392011894244174
2003-08-11,0.0010244328616834586,1.44067630986936
2003-08-12,0.005652503535958102,1.4488427966088522
2003-08-13,-0.010045519849339499,1.434361276516007
2003-08-14,0.004987681382841494,1.4415332845284317
2003-08-15,0.0005989064469339417,1.4423968866886425
2003-08-18,0.002827269707377488,1.44648070201576
2003-08-19,-0.003154727486465303,1.4419246399322212
2003-08-20,-0.002177009025007851,1.4387889714054725
2003-08-21,-0.002018243398953321,1.4358880734052537
2003-08-22,-0.00977172644317334,1.4219252992582845
2003-08-25,0.0035865657181094494,1.427034284168786
2003-08-26,0.0041820494675014015,1.4330147086362444
2003-08-27,-0.0012762238083842364,1.4311870276603749
2003-08-28,0.004719995084171379,1.4379581907528578
2003-08-29,0.001194404831583822,1.4396767210696604
2003-09-02,0.01191914295762613,1.4569391057704084
2003-09-03,0.004539318035590291,1.4635676488806513
2003-09-04,0.003741670438410939,1.4690540945219202
2003-09-05,-0.006922601951131783,1.4589195370073527
2003-09-08,0.012162445417692477,1.4767719104364443
2003-09-09,-0.004999622200762339,1.469407034946233
2003-09-10,0.00011187850535089149,1.4695714392055348
2003-09-11,0.0012977573153011874,1.471479824333664
2003-09-12,0.0004554767184625,1.4721502017944086
2003-09-15,-0.006219372735424421,1.4630227638574538
2003-09-16,0.009490303986899347,1.4769733877508935
2003-09-17,-0.006605601263538557,1.4672492427453814
2003-09-18,0.010145850966719293,1.4822115090061534
2003-09-19,-0.004855285855899302,1.4750323908696505
2003-09-22,-0.010444182524099207,1.4597070529718532
2003-09-23,0.002876972929775128,1.4639126374241747
2003-09-24,-0.013641036340137157,1.4440789356120076
2003-09-25,-0.001972754765171813,1.4412329301688924
2003-09-26,-0.0037959452718473573,1.4357724592231715
2003-09-29,0.009172124245319388,1.4490021219136604
2003-09-30,-0.009661322973328931,1.4350702529356238
2003-10-01,0.021164125092276553,1.4657659371759777
2003-10-02,0.0029162073945341693,1.4700466533349899
2003-10-03,0.00261827419135735,1.473900681797407
2003-10-06,0.003803251664774934,1.4795169703286823
2003-10-07,0.003168962116192763,1.4842129403035236
2003-10-08,-0.004776175840694632,1.4771409802217499
2003-10-09,-0.001305263446416596,1.4752141798596625
2003-10-10,0.0012989477222121778,1.477131651036168
2003-10-13,0.004757144473459619,1.484175320299191
2003-10-14,0.005726052169475863,1.4926981634471175
2003-10-15,-0.0038161973212546448,1.4870125882528311
2003-10-16,0.0028172452885200368,1.4912077741201455
2003-10-17,-0.006598911423625921,1.4813998225972724
2003-10-20,0.00518835931509463,1.489105830649012
2003-10-21,5.745655232510116e-05,1.4891913919940947
2003-10-22,-0.01641325650734526,1.4649484090797034
2003-10-23,0.008634004791886356,1.4776515412014526
2003-10-24,-0.004067706592325561,1.4716530965136192
2003-10-27,-0.006039509791724598,1.462791819048289
2003-10-28,0.009758109411157869,1.4771357727793286
2003-10-29,-0.0031885177480033043,1.4724333999351926
2003-10-30,-0.005939851379095342,1.4637132880965735
2003-10-31,0.009335661605674233,1.4774420036534426
2003-11-03,0.0020477732986713825,1.4804705697889662
2003-11-04,-0.007368960264049104,1.4696011383777379
2003-11-05,-0.001772032506395759,1.4669992633734843
2003-11-06,0.004001962824107843,1.472881903090008
2003-11-07,-0.006145136147652055,1.463858596385557
2003-11-10,-0.002226409423778166,1.460603073219988
2003-11-11,0.002490361116832597,1.4642450353388297
2003-11-12,0.008646141508463542,1.4769599935719115
2003-11-13,0.003387911765567925,1.481972289525386
2003-11-14,0.0002663802419239171,1.4823671102462792
2003-11-17,-0.003915589135623372,1.4765741185834347
2003-11-18,-0.003538020529249697,1.4713591997237696
2003-11-19,0.007905658975094584,1.4830373647585924
2003-11-20,-0.010213789679527846,1.4679670266729976
2003-11-21,-0.006114617828252343,1.4590183560523429
2003-11-24,0.009811659273750047,1.4734042061571833
2003-11-25,5.4122453227787584e-05,1.4734839525654329
2003-11-26,0.00015456895588947047,1.4737117250443243
2003-11-28,-0.0018245983453556369,1.4710252446883934
2003-12-01,0.00980123120547458,1.4855139910097417
2003-12-02,-0.003968192139483198,1.4796308664717053
2003-12-03,0.0010459958078113906,1.4811793638748538
2003-12-04,0.006837890722437765,1.4913422131332363
2003-12-05,-0.00324723084444578,1.486507334930391
2003-12-08,0.00859055897088667,1.4993322716686306
2003-12-09,-0.0028626657227333167,1.4950463221148695
2003-12-10,0.002561139010412128,1.4988802510896415
2003-12-11,0.00531820764373146,1.5068728417884154
2003-12-12,0.00348169638380594,1.512128459435864
2003-12-15,-0.0015750878191429602,1.5097485990549924
2003-12-16,0.012417528368843226,1.5286128262549314
2003-12-17,0.00023954537794043044,1.528979042253045
2003-12-18,0.009191676655152534,1.5430977109371837
2003-12-19,-0.0013109688494633823,1.541076083341406
2003-12-22,9.48296145034156e-05,1.541222229921712
2003-12-23,0.0007431715842178038,1.5423680482050124
2003-12-24,-0.0011705773823295653,1.5405636433563488
2003-12-26,0.0021919970188957567,1.5439442580650744
2003-12-29,0.011083631483469088,1.5611519529680262
2003-12-30,0.001996722826816607,1.5642722548609602
2003-12-31,0.0036484962631831565,1.5699899204355938
2004-01-02,-0.004060867338361939,1.5636273272132437
2004-01-05,0.0132798821819226,1.5845306032170046
2004-01-06,-0.0009263313258012142,1.5830634825074001
2004-01-07,-0.0008861734456583868,1.5816612350953867
2004-01-08,0.0034195643438880933,1.587079085523669
2004-01-09,-0.010557833608053992,1.5704111122881974
2004-01-12,0.003063710611130821,1.5752297752019762
2004-01-13,-0.006251523594027186,1.5654129062617015
2004-01-14,0.004687573379158814,1.5727681197116536
2004-01-15,-0.003583925816813469,1.567141524116742
2004-01-16,0.0025480620820938628,1.571139789762894
2004-01-20,0.0035129952228637913,1.576668902525851
2004-01-21,0.010422234253321064,1.5931872446611672
2004-01-22,-0.000704446252562419,1.5920653250894499
2004-01-23,-0.001025216851107806,1.5904339492899746
2004-01-26,0.013668968886240938,1.612322799656111
2004-01-27,-0.007817191653851127,1.599768098509003
2004-01-28,-0.009230996233684783,1.5850685951272319
2004-01-29,0.012105894539250962,1.6043738865185262
2004-01-30,-0.0070280924233099345,1.593137729188564
2004-02-02,0.00393492653905151,1.599418959103965
2004-02-03,0.0010910461038223496,1.6011649512334303
2004-02-04,-0.0004016382787244852,1.6005219912257815
2004-02-05,0.001718606275543264,1.6032750233755972
2004-02-06,0.006812435700256914,1.614234519428093
2004-02-09,-0.00048217869573646355,1.6134563575545176
2004-02-10,0.0032702364559893354,1.6187413782788316
2004-02-11,0.008177797938815614,1.6320333938174931
2004-02-12,-0.004524566413364392,1.6246658304221562
2004-02-13,-0.003314764819520304,1.6192893610726258
2004-02-17,0.007837000982295153,1.632029590775146
2004-02-18,-0.006887271386412162,1.6208279786227962
2004-02-19,-0.003981456892179245,1.6143875515454607
2004-02-20,-0.0011880756102564574,1.6124706759919907
2004-02-23,0.0032145925719580352,1.6176624525018233
2004-02-24,0.0006951412797168348,1.6187873473843415
2004-02-25,0.0011816340500344186,1.6207012922022621
2004-02-26,-0.0002594832373815954,1.6202808019415793
2004-02-27,-0.0014262816663713953,1.6179714724080692
2004-03-01,0.007084891663623112,1.629475328672293
2004-03-02,-0.0084740061860677,1.6157254850668248
2004-03-03,0.002357152660048578,1.6195384888423803
2004-03-04,0.0006554869418083682,1.6206004231775946
2004-03-05,0.004400774850411012,1.6277480367459547
2004-03-08,-0.0030344377864050397,1.6228162230217338
2004-03-09,-0.003156314250283261,1.6177021800604006
2004-03-10,-0.011357672831792877,1.5994327932098507
2004-03-11,-0.018585809829587196,1.569980583868209
2004-03-12,0.007860252673709805,1.582369654777412
2004-03-15,-0.010498386390578606,1.5658442236897052
2004-03-16,0.006739405818781202,1.5764327233832882
2004-03-17,0.006532925366945242,1.5867651544634904
2004-03-18,0.002109075296935432,1.5901152932584541
2004-03-19,-0.013794128357726998,1.5683316275516515
2004-03-22,-0.011209047490996405,1.5508502815091016
2004-03-23,-0.0010391175528934966,1.5492396027468922
2004-03-24,-0.0042145702796505275,1.5427239635153829
2004-03-25,0.010826875953281292,1.5595175917160082
2004-03-26,0.0007676923066433742,1.5607152810428628
2004-03-29,0.010515139342454703,1.5772130056233578
2004-03-30,0.005324543908157439,1.5856333428584048
2004-03-31,-0.001400291184277256,1.583414548308682
2004-04-01,0.005329380521963865,1.5918756932648743
2004-04-02,0.0063552601796359335,1.602024693077142
2004-04-05,0.006728299137827244,1.612839937738528
2004-04-06,0.00039040217475932803,1.6134697168833347
2004-04-07,-0.004075973437657302,1.606906641721203
2004-04-08,-0.001187442533015732,1.6049996648650249
2004-04-12,0.007123721079109809,1.6164740564676636
2004-04-13,-0.009221194117895085,1.6016367493858845
2004-04-14,0.004654018630632226,1.6091081692347795
2004-04-15,0.008339964379404992,1.6225841907080332
2004-04-16,0.0035617374252595274,1.6283737138057814
2004-04-19,0.00175098654199024,1.6312274719809412
2004-04-20,-0.014720909229627793,1.6073902040319568
2004-04-21,0.0025626547700876557,1.6115146727432361
2004-04-22,0.006118857021316035,1.621405530124778
2004-04-23,0.0012732359957953595,1.6234712768219708
2004-04-26,-0.001804149841883952,1.6205449319506682
2004-04-27,0.005055507713508619,1.6287583533685788
2004-04-28,-0.010882922598165574,1.6111288067736191
2004-04-29,-0.0032813297144423472,1.6058508260793232
2004-04-30,-0.0010825918405147404,1.6041132857711065
2004-05-03,0.00997377221492109,1.6201923976997792
2004-05-04,0.00018103581713309425,1.620485737106078
2004-05-05,0.0024256599642189943,1.6244212556664104
2004-05-06,-0.003478476060902311,1.61878056141332
2004-05-07,-0.01050537853738726,1.6018636735847562
2004-05-10,-0.010538294388653028,1.585071398994698
2004-05-11,0.005197612229069979,1.5933314331137243
2004-05-12,0.005478829851553373,1.6020849826404286
2004-05-13,-0.0039503751376341,1.595768630151677
2004-05-14,0.003186078557674911,1.6008609823765836
2004-05-17,-0.005067457416762453,1.592769207197109
2004-05-18,0.0027814443258491963,1.5972055729629113
2004-05-19,-0.00511995415792813,1.5890488524843196
2004-05-20,0.002874405549769864,1.5936229941444675
2004-05-21,0.0017624889531991314,1.5964342137112035
2004-05-24,-0.0011629375532253069,1.5945787395222473
2004-05-25,0.015341551712777622,1.6192306676183983
2004-05-26,-0.001360650201676803,1.6170289593010563
2004-05-27,0.005501876193698355,1.6259501716354126
2004-05-28,-0.0015099183800782946,1.6234969721177677
2004-06-01,0.0030733045840266007,1.628494147792508
2004-06-02,0.005069863240606135,1.6367713548343674
2004-06-03,-0.0035444263119486555,1.630980208586044
2004-06-04,0.001823234017165362,1.6339565796696653
2004-06-07,0.01260850128355802,1.6546887494401612
2004-06-08,0.00026689602720135226,1.6551304382335117
2004-06-09,-0.00817646346615923,1.6416525006938891
2004-06-10,0.004668938075205197,1.6493351956178204
2004-06-14,-0.007097816435334036,1.6376699649654243
2004-06-15,0.004290319266493101,1.6447111857102348
2004-06-16,0.0021625858515504186,1.648271863598442
2004-06-17,0.00024567116751332075,1.6486768462157908
2004-06-18,0.0031478653530076744,1.653874835931902
2004-06-21,-0.0031971638290765273,1.6485955709631317
2004-06-22,-2.2295284984592683e-05,1.6485588154647914
2004-06-23,0.005629259391929569,1.6578651499700041
2004-06-24,-0.003369706977294692,1.6522880321105307
2004-06-25,-0.014461852675678889,1.6285648401305688
2004-06-28,0.0009719569034561767,1.6301485044717303
2004-06-29,0.0031634136234554916,1.6353135036661821
2004-06-30,0.0005668113462946876,1.636240680657205
2004-07-01,-0.006095425399510912,1.6262974326020971
2004-07-02,-0.0007101506698120591,1.6251429263762254
2004-07-06,-0.002776678195246528,1.6206366865325925
2004-07-07,0.0009347534653280384,1.6221522905390584
2004-07-08,-0.003967172002323365,1.6157296816091835
2004-07-09,0.0031767198032093724,1.6208705633324854
2004-07-12,0.0012921340016773253,1.62296629899375
2004-07-13,0.00220292648364485,1.6265455153636719
2004-07-14,0.0002713231514332965,1.6269868946943578
2004-07-15,-0.00828094711896166,1.61356953316034
2004-07-16,0.0020896029086218573,1.616944777982644
2004-07-19,-0.0009271930911523354,1.615446252774189
2004-07-20,0.0017020187862705326,1.6181981138399217
2004-07-21,-0.012056098233491158,1.5988060893786697
2004-07-22,0.006259130904498989,1.6088446094154976
2004-07-23,-0.011979211534789203,1.5896868957610855
2004-07-26,-0.0003131217962369662,1.589189208067329
2004-07-27,0.007908256649104993,1.6018067498089972
2004-07-28,0.001919158555790687,1.6048838226885398
2004-07-29,0.0013797179143345407,1.6070996378975921
2004-07-30,-0.0002632480443062966,1.6066766277416513
2004-08-02,0.00592071483139788,1.616217518456158
2004-08-03,0.0006439184250315383,1.6172585658339738
2004-08-04,-0.001785577825347814,1.6143734014103368
2004-08-05,-0.013654300644944722,1.5924800708413198
2004-08-06,-0.012903454376375932,1.5720635817959199
2004-08-09,0.002744133748255986,1.5763834589746877
2004-08-10,0.008898213709672852,1.5904730490070487
2004-08-11,0.004862921722580706,1.5982262312264244
2004-08-12,-0.007826155406257598,1.5857670815793434
2004-08-13,0.003909018896262079,1.5919780064688882
2004-08-16,0.009343617484112936,1.6069225493250547
2004-08-17,-0.001115064248534509,1.605131726067188
2004-08-18,0.009486537320604338,1.6204313234521457
2004-08-19,-0.004707485284590442,1.6128210934190697
2004-08-20,0.005658279407523078,1.6219727527059153
2004-08-23,-0.002962087412544982,1.617175436174712
2004-08-24,0.00037174717443051996,1.6177767283310738
2004-08-25,0.005770127170394704,1.627138489087423
2004-08-26,-0.00044066024712525375,1.6264216317955704
2004-08-27,0.00397764505305384,1.6329038431748648
2004-08-30,-0.004963571778455618,1.6248188894650895
2004-08-31,0.007879913598212543,1.6376728996597032
2004-09-01,2.741886092063308e-05,1.6377178034007744
2004-09-02,0.009992483161388344,1.654164706825798
2004-09-03,-0.0022545036393238943,1.6504395871999271
2004-09-07,0.005092296952242199,1.6588655512270116
2004-09-08,-0.0047346839210192,1.6510299114510874
2004-09-09,-0.0007299303537985455,1.6498252143296763
2004-09-10,0.0004919662205258884,1.6506370722918704
2004-09-13,0.0021504163558775913,1.6541904484995824
2004-09-14,0.002589664698176911,1.6584797987003583
2004-09-15,-0.00808978004074407,1.6451171851049964
2004-09-16,-0.0025773780663065162,1.6408825556203561
2004-09-17,0.006235427981173886,1.6511461262447926
2004-09-20,-0.007625091528636513,1.638603864620763
2004-09-21,0.008093318275209366,1.6519194180474253
2004-09-22,-0.01171432356795745,1.6326812008240688
2004-09-23,-0.008502144886975439,1.6188587521954534
2004-09-24,0.0011890261731493036,1.6207847624338239
2004-09-27,-0.0012745696518514805,1.618720275309245
2004-09-28,0.006682099852003646,1.6295729447503986
2004-09-29,0.0016890635239407807,1.6323277228136153
2004-09-30,-0.020908321807249865,1.5985528082864258
2004-10-01,0.010963444627272051,1.6161748762572572
2004-10-04,0.004899419662641102,1.6241126245258877
2004-10-05,0.00013139073136305855,1.624326031891008
2004-10-06,0.004082518523407528,1.6309709277302504
2004-10-07,-0.012604261655577818,1.6105427548693034
2004-10-08,-0.005752922989002481,1.6013040267562126
2004-10-11,0.003556079220029886,1.6070085275476242
2004-10-12,-0.0005935226873642037,1.6060550145215349
2004-10-13,-0.010550641812964674,1.5891991796297162
2004-10-14,-0.009281442904977984,1.5745173578219702
2004-10-15,0.0024517893874366446,1.5783824790656453
2004-10-18,0.005313770550803786,1.5867919646516155
2004-10-19,-0.006440511922952888,1.5766050517638892
2004-10-20,0.0028078794854600408,1.5810381896912906
2004-10-21,-0.0008942468610751559,1.5796249832248184
2004-10-22,-0.011901960882646752,1.5609357881200034
2004-10-25,-0.0009588085795690949,1.5594398667599165
2004-10-26,0.013741133801868472,1.581016241047104
2004-10-27,0.005925195438722509,1.5904118792750452
2004-10-28,0.000904875109388949,1.5918516547085135
2004-10-29,0.0029763223883782722,1.5965965761325942
2004-11-01,-0.00604028457536483,1.5869817458493303
2004-11-02,-0.004055610037305265,1.5805586004423098
2004-11-03,0.015086534830640914,1.604584531142763
2004-11-04,0.010942152332469795,1.6222385498501937
2004-11-05,0.0005691361469069619,1.623162087232144
2004-11-08,-0.002370176945617459,1.6193194615243232
2004-11-09,-0.004188614506814539,1.6125509417924349
2004-11-10,-0.0005147700096476282,1.6117210625453708
2004-11-11,0.005987956929767889,1.6214009312459943
2004-11-12,0.011091738089386398,1.639485193258681
2004-11-15,-0.0008307446992724608,1.6381237652027136
2004-11-16,-0.005054359258208118,1.6298649881789555
2004-11-17,0.004241991776542228,1.636793547111035
2004-11-18,0.0009475032545870209,1.6383451492819825
2004-11-19,-0.008882943654785806,1.6238562688603606
2004-11-22,0.00520545345649675,1.6323312159222436
2004-11-23,-0.001303467065794934,1.630204912026424
2004-11-24,0.0008046978678036861,1.63151726239517
2004-11-26,0.0008511417537124984,1.632906505996846
2004-11-29,-0.002836893823579057,1.6282806881948457
2004-11-30,-0.0036723189976841848,1.6223120880994593
2004-12-01,0.009949342994125025,1.6385335903394298
2004-12-02,0.0022617198691775647,1.6422436883366482
2004-12-03,0.0007809041398908259,1.6435266240913051
2004-12-06,-0.0034074358621649886,1.637935942885043
2004-12-07,-0.008481890579383962,1.6241019017906904
2004-12-08,0.00962968299400669,1.6398170326797066
2004-12-09,0.005651603227551718,1.6491108657050026
2004-12-10,-0.004805642688697732,1.6412048401126909
2004-12-13,0.008028164936112013,1.6544337340827304
2004-12-14,0.0018582527159886873,1.6575109482978547
2004-12-15,-3.7015771403353836e-05,1.6574495953870136
2004-12-16,0.0023312204584168762,1.6613179830729072
2004-12-17,-0.010831583298736295,1.6434203836065877
2004-12-20,0.0011862868681603309,1.6453711084573968
2004-12-21,0.00857922453381157,1.6595478423758376
2004-12-22,0.0038168239322125693,1.6658941479582938
2004-12-23,0.0017638704821957122,1.6688351624941873
2004-12-27,-0.00589512226135847,1.6590261163477429
2004-12-28,0.005560431843942071,1.668276712816144
2004-12-29,-0.0005067925249995735,1.6674314568512514
2004-12-30,-0.0015771491798363124,1.6648037413909682
2004-12-31,-0.001158713164368985,1.6628758285444292
2005-01-03,-0.008323435352202709,1.6490924312704391
2005-01-04,-0.008046030871627217,1.6358770197583148
2005-01-05,0.00019696391736272417,1.636199260238282
2005-01-06,0.004815388300860732,1.644097195565183
2005-01-07,-0.002458171224555515,1.6400606863966012
2005-01-10,0.0023584198116703738,1.6439332027263995
2005-01-11,-0.004635592478639782,1.6363302340834156
2005-01-12,-0.0038348122622719424,1.630067231231889
2005-01-13,-0.013386307691585587,1.60839204871739
2005-01-14,0.003408257252186723,1.613883214919759
2005-01-18,0.008461975537227162,1.6275977996084146
2005-01-19,-0.007489912235906257,1.6154527742975449
2005-01-20,-0.004744498054018137,1.6078064151650011
2005-01-21,-0.006942408419459569,1.596683022614721
2005-01-24,0.0012587057312429236,1.5986940420616047
2005-01-25,0.00799348963931285,1.6115243976633788
2005-01-26,0.004310279304703402,1.6184855093141428
2005-01-27,-0.003144700535961249,1.6134038513995097
2005-01-28,-0.004144046344850848,1.606731665538582
2005-01-31,0.004223200625475614,1.6135315642751682
2005-02-01,0.006006646071035761,1.6232526436198766
2005-02-02,0.004837638688811717,1.6311243783629592
2005-02-03,-0.0007291767795578676,1.6299354338697245
2005-02-04,0.008441515558574844,1.6437527968855752
2005-02-07,0.0018816231163153083,1.6468486318295987
2005-02-08,0.0023052966411902733,1.650649485813797
2005-02-09,-0.005761886200690858,1.6411659789999915
2005-02-10,0.005272083431399198,1.6498411910931714
2005-02-11,0.005716699162607721,1.6592998472349807
2005-02-14,0.002934263877554417,1.6641758210371798
2005-02-15,0.0037914206396139553,1.6704973878798675
2005-02-16,0.004810506210201095,1.6785526854338986
2005-02-17,-0.007613233985563064,1.6658219934416583
2005-02-18,0.005516188725008018,1.6750363727024025
2005-02-22,-0.011648658080499455,1.6556376506173265
2005-02-23,0.005511634316148055,1.6647881137463993
2005-02-24,0.007567841526398454,1.6774347599148791
2005-02-25,0.009965113708448466,1.6942341529472
2005-02-28,-0.006239347646878604,1.683696146401472
2005-03-01,0.002569924958985806,1.688028683915078
2005-03-02,0.00035906698009362167,1.6886349081079546
2005-03-03,2.001467939102702e-05,1.688668705932474
2005-03-04,0.008974365691111505,1.7038916423596702
2005-03-07,0.0014712735990507634,1.7064003782145887
2005-03-08,-0.0026677512695374704,1.701854193180942
2005-03-09,-0.011852351304935263,1.6818022852794727
2005-03-10,-0.0007144080669243832,1.6806012212359012
2005-03-11,-0.00752983463860749,1.6679940962965223
2005-03-14,0.0038267934354049137,1.6743893940917554
2005-03-15,-0.009204820926821835,1.6590476568530363
2005-03-16,-0.004886836864449807,1.6509599393769465
2005-03-17,0.0016090052018770205,1.6536184807373762
2005-03-18,-0.0010047355193514387,1.6519578658933805
2005-03-21,-0.005555190172646533,1.6428063684800849
2005-03-22,-0.011229710431013765,1.6244613262092935
2005-03-23,0.0025063471794077277,1.6285378967888735
2005-03-24,-0.0028270429988641595,1.6239404517786997
2005-03-28,0.003178971215680369,1.6291111260887743
2005-03-29,-0.005582535819936472,1.6200418930850975
2005-03-30,0.012376804481933491,1.64021743164742
2005-03-31,-0.003989118149127663,1.6336874436285203
2005-04-01,-0.00803170572166835,1.6206186992480802
2005-04-04,0.003781361561541362,1.6267584454876844
2005-04-05,0.0031252725681967467,1.6318504618573721
2005-04-06,0.0029434571064628824,1.6366608197640398
2005-04-07,0.004684423395325795,1.6443456173683841
2005-04-08,-0.010002500917173961,1.6279800336534256
2005-04-11,0.0025717712382021525,1.6321722142344721
2005-04-12,0.0047937082973437736,1.6400151550868716
2005-04-13,-0.011470177074189713,1.6213113638157723
2005-04-14,-0.005335458326812059,1.6126839606408312
2005-04-15,-0.015885425916592276,1.5872681936622033
2005-04-18,0.002386774567900675,1.5910611697080372
2005-04-19,0.003511010585087228,1.5966572204644907
2005-04-20,-0.015725794674945632,1.5717449131642383
2005-04-21,0.018553510093699068,1.6011785021415468
2005-04-22,-0.005836959476699252,1.5918597112695902
2005-04-25,0.006956602679911749,1.6029722547626775
2005-04-26,-0.005535051630965722,1.5941242302952723
2005-04-27,0.004273674992964376,1.600951577694499
2005-04-28,-0.008980512825352036,1.5866385767571893
2005-04-29,0.013103957422656598,1.6075666418805497
2005-05-02,0.007933492517885455,1.6203709842239713
2005-05-03,-0.00187569758884252,1.6173345069226632
2005-05-04,0.005793802308076443,1.6267322212827398
2005-05-05,-0.0007455981573466224,1.6255197847874312
2005-05-06,-0.002192637769659256,1.6219595133311917
2005-05-09,0.006373390279702787,1.6323299065052075
2005-05-10,-0.009179514340639546,1.6174144736699725
2005-05-11,0.007446230325220365,1.629503065737047
2005-05-12,-0.010223142212573018,1.6129292865581617
2005-05-13,-0.006622045406287853,1.6022836823248487
2005-05-16,0.007275368754035749,1.6139833952187421
2005-05-17,0.008679674110288974,1.6280532175137092
2005-05-18,0.008122566112664986,1.6413310393994778
2005-05-19,0.005689850228145226,1.6506965862007894
2005-05-20,-0.002906116785646559,1.6459064328873723
2005-05-23,0.004101044631748014,1.6526702284623145
2005-05-24,5.226379501596056e-06,1.652678865966691
2005-05-25,-0.0006807222179435635,1.65155423356806
2005-05-26,0.004299915898518806,1.6586710678031595
2005-05-27,0.0013725054576377907,1.6609491658895557
2005-05-31,-0.009771506463828461,1.6447982283846574
2005-06-01,0.009311234395015269,1.6601848532901422
2005-06-02,0.0007384619163560111,1.6614112893608397
2005-06-03,-0.008438646592256209,1.6474502157766706
2005-06-06,-0.0006345579579911493,1.6464051447459926
2005-06-07,0.0011112841665983433,1.6482357857079166
2005-06-08,-0.0032478748764032048,1.6428912060702847
2005-06-09,0.0023905983782205216,1.6468233973955186
2005-06-10,-0.001154381571555677,1.6449234316676606
2005-06-13,-0.0017199751532860886,1.6420966359422189
2005-06-14,0.0028213106861693037,1.6467360422548363
2005-06-15,0.0030392121087397983,1.6517484353790841
2005-06-16,0.0034882674658476354,1.6575202366486657
2005-06-17,0.005243194100564898,1.6662337603610822
2005-06-20,-0.00030875091402014066,1.6657193885750652
2005-06-21,-0.003507562098788466,1.659887009076761
2005-06-22,-0.0015015045396218165,1.6573965513820381
2005-06-23,-0.012412492575913274,1.6369512798825407
2005-06-24,-0.00980757458093941,1.6209752293325492
2005-06-27,0.0011000660880874213,1.622759390379575
2005-06-28,0.008625830478669145,1.6368175824128322
2005-06-29,0.0003038395000705193,1.637314987810656
2005-06-30,-0.011125154322781465,1.6192005556563187
2005-07-01,0.00209962181332933,1.6226038360137123
2005-07-05,0.007763490249543238,1.6352499304721653
2005-07-06,-0.010315409082681129,1.6184683616675846
2005-07-07,0.002009909289351375,1.6217246075454432
2005-07-08,0.011070925326429516,1.6397783510018173
2005-07-11,0.003447780014289979,1.6454417034147888
2005-07-12,0.0019217355450696836,1.6486068475344702
2005-07-13,0.0030523421394781257,1.6536466473704419
2005-07-14,0.003743189438142345,1.65984815951165
2005-07-15,-0.0008465664782610024,1.6584435823186736
2005-07-18,-0.006784960501130108,1.6472291957261276
2005-07-19,0.006553126760443128,1.6580591437039094
2005-07-20,0.005135156895897851,1.6665954363922604
2005-07-21,-0.006022038487690724,1.6565892934591604
2005-07-22,0.003997121112640371,1.6632241327934905
2005-07-25,-0.0026305979168214557,1.6588546086049458
2005-07-26,-0.00037401868053603697,1.6582342820071336
2005-07-27,0.004946283103161194,1.6664566966486805
2005-07-28,0.005159000074535154,1.6750761616637793
2005-07-29,-0.010908061632373029,1.6569036214370125
2005-08-01,0.0009058132104008503,1.658405146573657
2005-08-02,0.006513212019739906,1.6692419437770245
2005-08-03,0.0033180345873920444,1.674789745089714
2005-08-04,-0.007596877460987617,1.6621147786653805
2005-08-05,-0.005243706777773863,1.653421947382711
2005-08-08,-0.0005056096478261061,1.6525861725998885
2005-08-09,0.004639291586600695,1.6602708135886504
2005-08-10,-0.0009274510991024322,1.6587317074309524
2005-08-11,0.0038887311285075886,1.6651946271896272
2005-08-12,-0.005547063490566547,1.6559832585113088
2005-08-15,0.0018104993579760918,1.6589841308566748
2005-08-16,-0.010968448113592669,1.6408870792149857
2005-08-17,-0.0014873297808280033,1.6384483530396963
2005-08-18,0.0018599151615794538,1.6414985636601738
2005-08-19,0.002755891718073617,1.6460285952281257
2005-08-22,0.003150450243989557,1.651222503696737
2005-08-23,-0.004130965336161572,1.6444154303438583
2005-08-24,-0.008638874975981429,1.630270716209447
2005-08-25,0.00116339782407964,1.6321684733225434
2005-08-26,-0.006229349692355183,1.6220327274742965
2005-08-29,0.00659397934103189,1.6327637188550417
2005-08-30,-0.0037267744273994617,1.6266901013125241
2005-08-31,0.00925664524149444,1.641817701896381
2005-09-01,0.0005038807829723101,1.642645190745867
2005-09-02,-0.003913917917074224,1.6362285775423107
2005-09-06,0.012962092949163452,1.6575755764572018
2005-09-07,0.0017099685035209555,1.6604124032361318
2005-09-08,-0.005594141590928239,1.6511497535956516
2005-09-09,0.007532521805269705,1.6636340351512684
2005-09-12,-0.0020859628255469314,1.6601673733195064
2005-09-13,-0.008531358619162278,1.6460641355203913
2005-09-14,-0.002042896132784203,1.6427048299880795
2005-09-15,-0.0003302048447234809,1.6421624904412675
2005-09-16,0.00910205698329904,1.6571777783434478
2005-09-19,-0.005016652267752088,1.6488851117875438
2005-09-20,-0.005283622909320415,1.6401959998457716
2005-09-21,-0.004475494895310704,1.6328717131504955
2005-09-22,0.0032848673681163346,1.6382442994430333
2005-09-23,-0.00262552559916583,1.6339486886827734
2005-09-26,0.0010490599523253824,1.635663698232859
2005-09-27,-0.00027596771148144343,1.6352123701441585
2005-09-28,0.004688930459628071,1.6428977713093222
2005-09-29,0.010790917626459524,1.6607221435331332
2005-09-30,-0.003406734430803104,1.655074130329778
2005-10-03,-0.0035742069692193987,1.6491691120037666
2005-10-04,-0.010004586775653121,1.6327521160787632
2005-10-05,-0.011562332250145153,1.6139824135050242
2005-10-06,-0.0018815470778140758,1.61094848474621
2005-10-07,0.001197879858028466,1.6128793637380479
2005-10-10,-0.003467186569874519,1.6072968933947847
2005-10-11,0.003857533595703827,1.6135090692945544
2005-10-12,-0.0027234355670124814,1.609120759659188
2005-10-13,0.0007922958008713126,1.610396164462378
2005-10-14,0.005341975725479506,1.6190218803513392
2005-10-17,-0.0007093894928599711,1.6178737705173813
2005-10-18,-0.010769315490593186,1.6005438605830702
2005-10-19,0.013694097990269036,1.622612626090847
2005-10-20,-0.010705445538818689,1.605334485105679
2005-10-21,-0.0013848837780995398,1.6031128221464066
2005-10-24,0.014794574432027823,1.6270065067461352
2005-10-25,2.3887060904733412e-05,1.6270453716138362
2005-10-26,-0.005563148467943446,1.6180190074289595
2005-10-27,-0.008584745161668813,1.6041881785956573
2005-10-28,0.016402117485160572,1.6307172331486326
2005-10-31,0.0014545915989357596,1.6330909867386858
2005-11-01,-0.003994520534495847,1.6265805828851685
2005-11-02,0.00715457528949137,1.6382598062517142
2005-11-03,0.003502198726706623,1.644007376350841
2005-11-04,-0.0019023096694167705,1.6408829379890915
2005-11-07,0.0018507668487762767,1.6439226417572588
2005-11-08,-0.0017948443500272729,1.640974702828974
2005-11-09,0.0016440079007124851,1.6436746970030511
2005-11-10,0.007322198660063821,1.6557541798840452
2005-11-11,0.004152351201890315,1.6626437467944737
2005-11-14,0.0004741945290798756,1.663432350323975
2005-11-15,-0.0033407497052800944,1.6578845113204055
2005-11-16,0.002311824823692822,1.6617216836145818
2005-11-17,0.008069099378228464,1.6751845244715584
2005-11-18,0.006573916456268875,1.6862333247384858
2005-11-21,0.0037361492592350373,1.6925451277024852
2005-11-22,0.004295915857034637,1.6998317994133774
2005-11-23,0.00306146129375301,1.7050437426837017
2005-11-25,0.0024379009417740565,1.7092055413949994
2005-11-28,-0.0067881592334105645,1.6976424723954695
2005-11-29,0.00022912571775363932,1.6980314905107716
2005-11-30,-0.0072224235906646565,1.6858117689371726
2005-12-01,0.006150062209578307,1.6962115631008183
2005-12-02,-0.0023836181554372044,1.6921732572251649
2005-12-05,-0.002469091115123882,1.6880002811196275
2005-12-06,0.0011451689102282164,1.6899344338164177
2005-12-07,-0.006040251590837617,1.6797575710115986
2005-12-08,-0.004900227030129885,1.671546512015159
2005-12-09,-0.0011528780937622553,1.6696205330815355
2005-12-12,-0.0006472376963218318,1.6685402413744428
2005-12-13,0.006042847805869676,1.6786535017831323
2005-12-14,0.006722119093727338,1.6899756222259785
2005-12-15,-0.0026731133637718776,1.6854641583193886
2005-12-16,-0.0051938585301679035,1.6767327902967788
2005-12-19,0.0002956338117578767,1.6772285624827734
2005-12-20,-0.0026961551345942238,1.6727125847061308
2005-12-21,0.003776755090238947,1.6790419551925817
2005-12-22,0.00299196880075599,1.684073119127244
2005-12-23,-0.0002317180246175753,1.6836829342389499
2005-12-27,-0.009725154447147595,1.6673882203952892
2005-12-28,0.00016943395210517395,1.6676707565060935
2005-12-29,-0.002946795219080801,1.6627637058813867
2005-12-30,-0.004888313183959095,1.6546554301776357
2006-01-03,0.017420943531967176,1.683733638497559
2006-01-04,0.001617010307156903,1.6864584555804505
2006-01-05,-0.002357447474423478,1.6824874009690682
2006-01-06,0.007220974580033982,1.6946805700227996
2006-01-09,0.0011828511903061154,1.6966863109649113
2006-01-10,-0.0005568012612502,1.6957418568480425
2006-01-11,0.0038261599715244915,1.70224246471509
2006-01-12,-0.007265910397309537,1.689918948491008
2006-01-13,0.0020699132318074036,1.6934205568456726
2006-01-17,-0.0034418956116478855,1.6876019992405327
2006-01-18,-0.0019033163537132982,1.684393013583002
2006-01-19,0.002416490819302501,1.6884682557459694
2006-01-20,-0.019182969989585897,1.6563871094799125
2006-01-23,0.0034033551986001782,1.6620339868740572
2006-01-24,-0.002252248685126067,1.6582948852863904
2006-01-25,-0.0005548201915276433,1.6573750849860107
2006-01-26,0.0013953944929234177,1.6596893913619741
2006-01-27,0.009444433563453319,1.675438471058626
2006-01-30,0.0007635688661971685,1.67671827225835
2006-01-31,-0.0068184477696477145,1.6653245442066884
2006-02-01,0.0030370681475441292,1.6703899364123775
2006-02-02,-0.006033859127166057,1.6603413851069644
2006-02-03,-0.007642713945256693,1.647700238713886
2006-02-06,-0.0006078554371347739,1.6466989795062716
2006-02-07,-0.004760847423559517,1.6388779290985915
2006-02-08,0.011472619965124147,1.6577884217785828
2006-02-09,-0.0014677364145794412,1.655357010116477
2006-02-10,0.0005426623941671694,1.656255553895697
2006-02-13,-0.0032272550328452266,1.6509190106484872
2006-02-14,0.0076506102098273686,1.6635979875986149
2006-02-15,0.004330912566374152,1.670818509466792
2006-02-16,0.005623902405415527,1.6802415018599157
2006-02-17,0.0012830514766308382,1.6823987218161602
2006-02-21,-0.0007722012840493727,1.681100072836627
2006-02-22,0.0056469667197122,1.690620043180387
2006-02-23,-0.0025732803722578073,1.686275196458269
2006-02-24,0.0021218113881442276,1.6898569529357206
2006-02-27,0.0019596981780731783,1.693171809525934
2006-02-28,-0.009125791063316421,1.6777905671059667
2006-03-01,0.005812065163644324,1.6875703881613022
2006-03-02,-0.004256826353045381,1.6804019622571682
2006-03-03,6.701628497835389e-05,1.6805145803275292
2006-03-06,-0.0036948366814046206,1.6743168103373518
2006-03-07,0.0032452472712458584,1.6797592085848883
2006-03-08,0.0041874213447877255,1.6868078155932604
2006-03-09,-0.004561521975620295,1.679130927132881
2006-03-10,0.0063995022459730445,1.689910985987591
2006-03-13,0.0020511039570707255,1.6933807262806289
2006-03-14,0.004702540443155669,1.7013626706303715
2006-03-15,0.0015485762316242563,1.7039994014859223
2006-03-16,0.002842332807751116,1.708849624597938
2006-03-17,0.0006443787676881008,1.7099511258671019
2006-03-20,0.0005990517244906804,1.7109757819181919
2006-03-21,-0.003168040591832798,1.7055639182177107
2006-03-22,0.00476848498133993,1.7137162959441261
2006-03-23,-0.005192131471859088,1.7048415150819827
2006-03-24,0.0011855167295476475,1.7068638317275922
2006-03-27,-0.0024357306224567017,1.7027114303428357
2006-03-28,-0.009266247217728217,1.6870065602657083
2006-03-29,0.0025414804790631473,1.6912995074166433
2006-03-30,-0.0015235561565783093,1.6887246795849609
2006-03-31,-0.004138863364784792,1.6817497230283582
2006-04-03,-0.00012634432417657794,1.6815372569183942
2006-04-04,0.0035358288384956683,1.6874934086055033
2006-04-05,0.001781535687994412,1.6905024178690335
2006-04-06,-0.004253356348108602,1.6833273784951224
2006-04-07,-0.009631560139493992,1.6671921381182784
2006-04-10,0.00123864072689973,1.6692584696571326
2006-04-11,-0.005320141677880386,1.6604013595328062
2006-04-12,-0.00061491639905748,1.6593806653607668
2006-04-13,0.002250718736407513,1.6631196706613687
2006-04-17,-0.0047101133442280065,1.655304607871506
2006-04-18,0.012641133288480592,1.6763623505032035
2006-04-19,-0.001501959739637924,1.6738464116361178
2006-04-20,-0.0006422558986645323,1.6727717190555524
2006-04-21,-0.0005870538224804781,1.6717900002128376
2006-04-24,-0.0016326121528198385,1.6690628423428204
2006-04-25,-0.0006009508528836076,1.668060118928121
2006-04-26,0.00624779211681983,1.6785144359824626
2006-04-27,0.007693951941146367,1.691478654469032
2006-04-28,0.003240223067754118,1.6969683116778045
2006-05-01,-0.0028640446594481706,1.692115071912699
2006-05-02,0.003922008821370678,1.698764593368758
2006-05-03,-0.00516545258630946,1.6900123295688285
2006-05-04,0.002261857741101842,1.693839223352153
2006-05-05,0.009311143247061424,1.7096844571408707
2006-05-08,0.0021345743099797413,1.7133378034436593
2006-05-09,0.0017854179377189347,1.7163995599354458
2006-05-10,-0.002906028182524175,1.7114188949233902
2006-05-11,-0.009536912235402147,1.6951748253772723
2006-05-12,-0.006564156875118167,1.6840838730921197
2006-05-15,0.011576404186789471,1.703692790078626
2006-05-16,-0.00028167351466954675,1.7032129725216487
2006-05-17,-0.014482991474709076,1.6787231247641539
2006-05-18,-0.006050640968253163,1.6685964412093177
2006-05-19,-0.00016845055812316626,1.6683153888798892
2006-05-22,0.0009409805675356459,1.6698859800733528
2006-05-23,-0.00034822471961521486,1.6693045857299684
2006-05-24,0.00549510684037324,1.6785028423330484
2006-05-25,0.008973527809850721,1.6936327169161838
2006-05-26,0.0036707562299948654,1.6998610541233126
2006-05-30,-0.016944158885621455,1.6713009848219276
2006-05-31,0.004687062114126243,1.6791528630952508
2006-06-01,0.008080524927084134,1.6927762676638443
2006-06-02,0.00036367633757627575,1.6933920022944755
2006-06-05,-0.014422394808499361,1.6691445080389644
2006-06-06,0.0022822313654227715,1.672958232233782
2006-06-07,-0.003320652472407706,1.6674121327743998
2006-06-08,0.006493485891998758,1.6782746796636339
2006-06-09,-0.004259556364747394,1.6711411776328124
2006-06-12,-0.00603247283727722,1.6610904098428754
2006-06-13,-0.009468218319818167,1.6454370647774346
2006-06-14,0.004258616057043977,1.6524592913529652
2006-06-15,0.011103678034623872,1.6709099126014828
2006-06-16,-0.0020857768791225986,1.6674283994307033
2006-06-19,-0.006957010443700522,1.6558683409909147
2006-06-20,0.0008036491778318031,1.6571996130879625
2006-06-21,0.0059517586223055835,1.6670922753403168
2006-06-22,-0.0033706645982712353,1.6614825260286874
2006-06-23,-0.004483459168053308,1.654050011103724
2006-06-26,0.003575242099679076,1.6599742242761184
2006-06-27,-0.0067667353981591925,1.6487795363938846
2006-06-28,0.0049144475397640925,1.6569023200789672
2006-06-29,0.01670531304670592,1.6848138785872695
2006-06-30,-0.006769440084444203,1.6734471485885434
2006-07-03,0.00820892512870332,1.6872408893716315
2006-07-05,-0.004122510320286902,1.6802995391171547
2006-07-06,0.004836711599629934,1.688446349392685
2006-07-07,-0.0027290989845762674,1.6838446942173655
2006-07-10,0.004867281511602373,1.6920604182673298
2006-07-11,0.0023231378995887246,1.695995877490675
2006-07-12,-0.011002624005304627,1.677437753781464
2006-07-13,-0.005757716926649122,1.6678072933707542
2006-07-14,-0.006039917095497782,1.6577642357366535
2006-07-17,0.0004901644806174091,1.6585770120630192
2006-07-18,0.004802103399446841,1.6665608245751424
2006-07-19,0.01652991056951271,1.694337869522785
2006-07-20,-0.004039261589981202,1.6875077991528304
2006-07-21,0.0010792709007825716,1.6893300603951813
2006-07-24,0.012476415830523828,1.7105388745815695
2006-07-25,0.0029812319842553382,1.7156459967602118
2006-07-26,0.0029078784421461713,1.720642147347319
2006-07-27,-0.003216604171358617,1.7151164144508402
2006-07-28,0.011245670461415334,1.7345129073196468
2006-07-31,-0.0015311703693379288,1.731859104781114
2006-08-01,-0.0029314707003302402,1.7267896446756061
2006-08-02,0.0061824727544819045,1.7374985442359425
2006-08-03,0.001485794987583955,1.7400820296534723
2006-08-04,0.0010175203073086482,1.7418534995554864
2006-08-07,-0.0018284645767589467,1.7386714921141195
2006-08-08,-0.00042349671756373953,1.7379353263371853
2006-08-09,-0.003296852759007069,1.7322150441069595
2006-08-10,0.004863159472589478,1.7406595990729785
2006-08-11,-0.0010149288755407877,1.7388938495900328
2006-08-14,0.0024240698677742405,1.7431141628746278
2006-08-15,0.007259219666446875,1.7558138506293839
2006-08-16,0.003535908915304589,1.7620332375904402
2006-08-17,0.0003233147060446548,1.7626030209533994
2006-08-18,0.004146715125434369,1.769927208725533
2006-08-21,-0.001356355409303487,1.7675281857136147
2006-08-22,0.00036940666984779357,1.768181243028999
2006-08-23,-0.0013888698062982734,1.7657271740741132
2006-08-24,0.004749205852167214,1.774132920413145
2006-08-25,-0.00016022548781734883,1.7738486818722565
2006-08-28,0.005802238200175078,1.784170891456009
2006-08-29,0.003268121302755924,1.7900113167650404
2006-08-30,-0.0006723281551429711,1.7888082462331685
2006-08-31,-0.001926297613456043,1.785365785843608
2006-09-01,0.005144342401584546,1.7945739835115795
2006-09-05,0.00024004467469313214,1.7950048131467753
2006-09-06,-0.005771231424514768,1.7846752607512943
2006-09-07,-0.004224824994823589,1.7771512251603065
2006-09-08,0.0029664275876172133,1.782430842511688
2006-09-11,0.002576635487744287,1.7870294389841934
2006-09-12,0.007255318378605537,1.8000420547696228
2006-09-13,0.00021425609532155318,1.8004277660707153
2006-09-14,0.001010589304068718,1.8022481788037423
2006-09-15,0.001381507139587915,1.8047397181735116
2006-09-18,-2.971076856640296e-05,1.8046860987659632
2006-09-19,0.00031083130132082275,1.8052471388844162
2006-09-20,0.005425212536851706,1.8150676032605575
2006-09-21,-0.0033876955668711867,1.8089291103307534
2006-09-22,-0.0032738777445170835,1.8030165813046373
2006-09-25,0.009108160581615562,1.819513761292304
2006-09-26,0.006845884328949735,1.832012676285572
2006-09-27,0.002656012446042888,1.8368849923568853
2006-09-28,0.0002908290341589658,1.8374192895358739
2006-09-29,-0.002982015980840785,1.8319482372878308
2006-10-02,-0.0042729222207904234,1.82413716489424
2006-10-03,0.005406385950629451,1.8340258614030946
2006-10-04,0.009536728177516166,1.8516001348512763
2006-10-05,-0.001764744170221216,1.8483354158519096
2006-10-06,-0.0033366515693019298,1.8421784421362726
2006-10-09,-0.0025913085203158556,1.8374109691077127
2006-10-10,-0.00048143619220037114,1.836526585871369
2006-10-11,-0.0015717364880726372,1.8336423172739016
2006-10-12,0.002659142968492832,1.8385247229790374
2006-10-13,-0.0013774830691228037,1.8359939297635461
2006-10-16,0.0004747269790208997,1.8368657325330982
2006-10-17,-0.0012208895809412226,1.8346244907314369
2006-10-18,0.0074848694266084065,1.848407934781494
2006-10-19,0.0006442015896482796,1.8495990657344326
2006-10-20,0.007760020525843656,1.8640078262825241
2006-10-23,0.007389329937276593,1.8778326101560274
2006-10-24,-0.0013478992295603415,1.8753031861148746
2006-10-25,0.003754055076794467,1.8823564083702673
2006-10-26,0.0037934038037214764,1.8895105069432057
2006-10-27,-0.006720104282644764,1.8768553688425262
2006-10-30,-0.0015771822206568202,1.8738975590396902
2006-10-31,-0.0014628446837424152,1.8711583419706088
2006-11-01,-0.004195864465394242,1.8633236632936425
2006-11-02,0.0002590222269960728,1.8638063680514552
2006-11-03,-0.0007034854749288159,1.8624956684265797
2006-11-06,0.008354881630230378,1.8781217855554977
2006-11-07,0.002663562110277905,1.8831309477277896
2006-11-08,0.0004835083667829308,1.884041677451742
2006-11-09,-0.005957757196055451,1.8728503851939962
2006-11-10,-0.00046473668347732307,1.871980205135291
2006-11-13,-0.0021470324884537637,1.8679653144098387
2006-11-14,0.008516543894317595,1.8839418589075154
2006-11-15,-0.001023103827308087,1.8820153764450755
2006-11-16,0.002987532379165497,1.8876463655131648
2006-11-17,0.002644193071043671,1.8926442717559522
2006-11-20,-0.0004317516876876691,1.8918272957754994
2006-11-21,-0.0029416430853342057,1.8862703923126707
2006-11-22,0.0005351408529956556,1.8872800827986114
2006-11-24,-0.004510879612127168,1.8787859619322782
2006-11-27,-0.010575771374083961,1.8590210499532707
2006-11-28,0.0034984013011434387,1.8655360409952049
2006-11-29,0.00752387476042298,1.8796250359823652
2006-11-30,-0.001781393137867272,1.8762796654362424
2006-12-01,-0.0020249746747138466,1.8724840908991967
2006-12-04,0.0023269802753642945,1.8768463979774839
2006-12-05,0.005587756888393577,1.8873631144300105
2006-12-06,0.0001327297179748627,1.8876136402296464
2006-12-07,-0.002519625713375624,1.882863547106195
2006-12-08,0.0012211948755879267,1.885164294966172
2006-12-11,0.0008462487288458167,1.8867602880627714
2006-12-12,-5.8531293694988244e-05,1.8866498567740935
2006-12-13,0.0021123118726521103,1.8906392616163539
2006-12-14,0.007555008630374476,1.9049771507947415
2006-12-15,0.003141399676452504,1.9109708547807611
2006-12-18,0.0005311699988516692,1.9119861747973945
2006-12-19,0.002260879777396103,1.916313835992063
2006-12-20,-0.0029702841537549225,1.9106302844315985
2006-12-21,-0.0030615558137372417,1.9047897283326554
2006-12-22,-0.005314142588219607,1.8946942522734598
2006-12-26,0.004096761905242362,1.9024722850038283
2006-12-27,0.005514769811149682,1.9129929646274098
2006-12-28,-0.00020788913109661192,1.9125953155170956
2006-12-29,-0.005229358131995523,1.9026197752198055
2007-01-03,-0.0010479569688086642,1.9006269559441729
2007-01-04,0.0007997301253670343,1.9021475525303315
2007-01-05,-0.0059860776471233465,1.8907951616305863
2007-01-08,0.0014414546278350736,1.893522622349787
2007-01-09,-0.0004030167609958306,1.8927596547503476
2007-01-10,-0.0016909716040880804,1.8895617564604035
2007-01-11,0.004686620311365292,1.898438198978563
2007-01-12,0.005620741850303591,1.9091388747097748
2007-01-16,0.0015979577496031826,1.9121920367319636
2007-01-17,0.0002524984315694129,1.9126749231835682
2007-01-18,0.0009445180568362814,1.9144823326164278
2007-01-19,0.0016971359613272977,1.9177342281042962
2007-01-22,-0.004928895578831721,1.9083051728495213
2007-01-23,-0.00012456376917076019,1.9080674819686065
2007-01-24,0.008588529573135892,1.9245255501014409
2007-01-25,-0.011143143549899561,1.9031993268865541
2007-01-26,-0.002550229256409446,1.898351915914152
2007-01-29,-0.0012725105817361444,1.8959377793462207
2007-01-30,0.0046368562481569385,1.9047493835677725
2007-01-31,0.005022890268854178,1.9143407988588823
2007-02-01,0.0030880871381987573,1.9202615873081048
2007-02-02,0.0006497849754492213,1.9215097499112064
2007-02-05,-0.000928086010450741,1.919727250877523
2007-02-06,-0.001267968600478785,1.9172946395652255
2007-02-07,-0.0007557389710289262,1.915846212672424
2007-02-08,-0.0013713109883775835,1.913220792254303
2007-02-09,-0.006601218601066938,1.900632797336889
2007-02-12,-0.001971942473298703,1.8968885517294571
2007-02-13,0.005882591065944535,1.908080056626946
2007-02-14,0.005291529766563726,1.9182034796190737
2007-02-15,-0.0012287251842264505,1.9158479821210976
2007-02-16,-0.002325605366840485,1.911397652632676
2007-02-20,0.0014865730185001451,1.9142411978558447
2007-02-21,-0.0026042197266595863,1.9092625786896589
2007-02-22,-0.0017788136916262098,1.9058693751069968
2007-02-23,-0.005330993069652011,1.8957362325312768
2007-02-26,0.0011683683749681136,1.8979524452169447
2007-02-27,-0.03586959709389687,1.8310801663780807
2007-02-28,0.007172971243928952,1.8442616705145845
2007-03-01,-0.0033695210631530513,1.8380578497917963
2007-03-02,-0.009192838597995879,1.8212383087569362
2007-03-05,-0.004754487413158321,1.812599806240213
2007-03-06,0.012841999850037412,1.8360273187710374
2007-03-07,-0.005142561774997349,1.8266096710361714
2007-03-08,0.004030651765894293,1.8339869561783195
2007-03-09,6.164391832084873e-05,1.8341000138050694
2007-03-12,0.002194289287106062,1.8381289785573498
2007-03-13,-0.01932139249741911,1.8029546696705034
2007-03-14,0.004833234457210094,1.8116898649234665
2007-03-15,0.0034504013855845735,1.817951718886022
2007-03-16,-0.003239551564848724,1.8120718996812795
2007-03-19,0.010224675306868884,1.8306947907531428
2007-03-20,0.00662947200015705,1.8428716490823374
2007-03-21,0.015805275325243295,1.8722301412512392
2007-03-22,0.0004748648585607866,1.8731194086766723
2007-03-23,-0.0012155629701783284,1.8708438973785886
2007-03-26,0.0005056068328380495,1.8717900480062317
2007-03-27,-0.00489232133132966,1.8626550136088567
2007-03-28,-0.007185258661063886,1.8493193231070613
2007-03-29,0.0059338260907600415,1.8603254843859782
2007-03-30,-0.0017446754259285093,1.8570826498985316
2007-04-02,-0.0002180747735479588,1.8566777111752601
2007-04-03,0.008114662886223768,1.8718053196013105
2007-04-04,0.0028684279015442193,1.8771821660678578
2007-04-05,0.0024026589708092206,1.8816978172515988
2007-04-09,0.0015811220703085566,1.8846753645126424
2007-04-10,0.002799442617750515,1.8899587969311558
2007-04-11,-0.0064995511596990215,1.8777147465599502
2007-04-12,0.003813415571436399,1.8848889235783874
2007-04-13,0.002937509966064538,1.890433943865186
2007-04-16,0.011144754915048176,1.9116202054117295
2007-04-17,0.005368756465714345,1.9219108279550075
2007-04-18,0.0013763983942439424,1.924557964271662
2007-04-19,0.000626089960035363,1.9257632879717594
2007-04-20,0.008245212250757089,1.9417072553964134
2007-04-23,-0.0077811167914301465,1.9266572333914056
2007-04-24,-0.001134548215633367,1.9244725873925739
2007-04-25,0.009360696172067725,1.9425715679471256
2007-04-26,-0.0009503557533810412,1.940726310845407
2007-04-27,0.0019043517142475956,1.9444256576330587
2007-04-30,0.000839996437303999,1.946059654437742
2007-05-01,0.003033701891978954,1.951972383487225
2007-05-02,0.0015757833690566863,1.955050693844137
2007-05-03,0.004839424695019671,1.9645349451017018
2007-05-04,0.0015901496285568694,1.9676613346697713
2007-05-07,0.002813051770377135,1.973204260484187
2007-05-08,-0.002893071190254441,1.9675038898506616
2007-05-09,0.003017676763403969,1.9734501480511681
2007-05-10,-0.013412896685586855,1.9471571916418988
2007-05-11,0.006996291879522158,1.9608278378428035
2007-05-14,-0.00014512442893725166,1.9605432944701888
2007-05-15,-0.0001820642227305221,1.9601863821706176
2007-05-16,0.011808503235341841,1.9834704538625685
2007-05-17,-0.0023808727149651943,1.978753680424725
2007-05-18,0.007118865754843733,1.9928904213158223
2007-05-21,-0.0028247162955720535,1.987269014445015
2007-05-22,-0.002516402943922317,1.9822745315479726
2007-05-23,-0.0016572022663555043,1.9789922221782048
2007-05-24,-0.005649201317632582,1.96784401558892
2007-05-25,0.005615030079021357,1.978924598718166
2007-05-29,0.002345052800402178,1.9835707269690142
2007-05-30,0.0070678999022733965,1.997640068094001
2007-05-31,-0.0021968445779268256,1.9932563802452192
2007-06-01,0.002881431500824757,1.9990080945743662
2007-06-04,0.0021039726865904893,2.0032183806159014
2007-06-05,-0.004913571191894033,1.9933995669645581
2007-06-06,-0.008154485427372737,1.9772105156446846
2007-06-07,-0.015146662570747395,1.9474880415214677
2007-06-08,0.009729715729971524,1.9665290280328747
2007-06-11,0.0009285717535877899,1.9683559394188006
2007-06-12,-0.010362536149135385,1.948064098889191
2007-06-13,0.012048047350742302,1.9716764229734436
2007-06-14,0.003832652674013737,1.979247673607254
2007-06-15,0.005217453308536453,1.989601292204114
2007-06-18,-0.0023932509617748637,1.9848453703253244
2007-06-19,0.0035416359283624113,1.991887432851115
2007-06-20,-0.011829460117077794,1.9684633004825356
2007-06-21,0.004361568723319392,1.977067639013608
2007-06-22,-0.01758261161170984,1.942609446811441
2007-06-25,0.0013696659160023804,1.9452719957438622
2007-06-26,0.00036007549950547253,1.9459725666510441
2007-06-27,0.00674862567815691,1.9591496205743515
2007-06-28,0.001465056146632026,1.9620219883444059
2007-06-29,-0.0017705541780889855,1.958551195635411
2007-07-02,0.006740276088577872,1.9717969613388484
2007-07-03,0.0058998523349210125,1.9834646572423258
2007-07-05,-0.0019511724923490187,1.9795983487076083
2007-07-06,0.002047715340969044,1.9836561558142334
2007-07-09,0.0023486486439246155,1.9883205425132255
2007-07-10,-0.01365497230052356,1.9613546091178997
2007-07-11,0.0064401912113153156,1.9740268699255605
2007-07-12,0.019014571431026552,2.0119212760643084
2007-07-13,0.0017415506090751585,2.015428191637153
2007-07-16,0.0031381450716484335,2.021762831995608
2007-07-17,-0.0029136283686309996,2.0158807397303096
2007-07-18,-0.003309813126799797,2.009219580872407
2007-07-19,0.006895243948665229,2.023121513557704
2007-07-20,-0.01186364134385821,1.9992617372865793
2007-07-23,0.007592583542508057,2.0144990712164565
2007-07-24,-0.013843511189339327,1.986803475233324
2007-07-25,0.007860087436367949,2.002481458711344
2007-07-26,-0.021647216250130764,1.9595991256553018
2007-07-27,-0.01268617836119907,1.9348963250013782
2007-07-30,0.0066850454969023775,1.9478745265669992
2007-07-31,-0.011344595700401921,1.925901550512214
2007-08-01,0.011871588271242255,1.9489013125019456
2007-08-02,0.00394012814488999,1.9565953812694488
2007-08-03,-0.0202539111048131,1.9173652947657986
2007-08-06,0.028038485682538295,1.9718860825180258
2007-08-07,0.004230070537394821,1.9802449666093092
2007-08-08,0.015084992788658038,2.0103433941749316
2007-08-09,-0.024849585242663317,1.961002780494518
2007-08-10,5.7780015524708356e-05,1.9611160905391156
2007-08-13,-0.005564012844331764,1.9502347155495692
2007-08-14,-0.012285165968227216,1.9264223274522194
2007-08-15,-0.005529173437420676,1.9158001971517895
2007-08-16,0.009807319908010632,1.9346814987084762
2007-08-17,0.023826269225133895,1.9813312792084252
2007-08-20,-0.0021309334886461875,1.9771136893311763
2007-08-21,-0.0019953733404947348,1.97317254272144
2007-08-22,0.003987431991686433,1.981056141254393
2007-08-23,0.0008133952637585584,1.9826681784597644
2007-08-24,0.008908038084869377,2.0004087616845525
2007-08-27,-0.006732654714747757,1.9869859365304656
2007-08-28,-0.01880483835425942,1.9499701162345346
2007-08-29,0.01697771565689583,1.9833587840618565
2007-08-30,-0.00413869154845819,1.9751672366612865
2007-08-31,0.009078416666194205,1.9931802690118512
2007-09-04,0.007003927834903919,2.0071893618476286
2007-09-05,-0.010254901276145074,1.986711014279051
2007-09-06,0.003861376215927483,1.9943972831751298
2007-09-07,-0.012363140421309636,1.9698920623790566
2007-09-10,0.0007949473917010127,1.9714586455290728
2007-09-11,0.014710995815619396,2.0006751403793523
2007-09-12,0.0010216606354048368,2.0027201959129948
2007-09-13,0.0076225375919687435,2.018044336111662
2007-09-14,0.0006432746297002887,2.01934291045988
2007-09-17,-0.005024189800850038,2.009222792389791
2007-09-18,0.02410838814388082,2.058250530594958
2007-09-19,0.0042448842922088136,2.067006136060467
2007-09-20,-0.0038873499761418445,2.058986557360281
2007-09-21,0.004185718007309449,2.0676229566268876
2007-09-24,-0.0036942256900344152,2.059998782164577
2007-09-25,-0.0004158628923955914,2.0591422832181028
2007-09-26,0.005407848447736997,2.0703079765953234
2007-09-27,0.002214915721791876,2.074898616344963
2007-09-28,-0.001991530688995538,2.070770504069508
2007-10-01,0.011732787841406118,2.0952095035077583
2007-10-02,-0.00043402723623597433,2.094300322836475
2007-10-03,-0.0032067102960658574,2.0875952647632308
2007-10-04,0.0026080037041024086,2.0930468267032833
2007-10-05,0.005579678366667668,2.104757996700148
2007-10-08,-0.004234867009292177,2.095863473352058
2007-10-09,0.006287868754939326,2.1090835071625342
2007-10-10,-0.002765204102727796,2.103259516767624
2007-10-11,-0.0015342200373123225,2.1000351279667564
2007-10-12,0.00038534619447206725,2.100844524450488
2007-10-15,-0.006046646739493522,2.0881797879376585
2007-10-16,-0.008102706755561531,2.071328243223017
2007-10-17,0.0030224460724361185,2.0775981916538853
2007-10-18,-0.00419530456014789,2.0689002924117976
2007-10-19,-0.019015322500967175,2.0299311655920205
2007-10-22,0.004126641578087708,2.038325271762323
2007-10-23,0.0036868434275290586,2.0458541282229716
2007-10-24,-0.0004857457276505282,2.044860604640244
2007-10-25,0.0003116265845286379,2.04549793686598
2007-10-26,0.014759107998875143,2.07591154863372
2007-10-29,0.004486327317161589,2.0852456896725426
2007-10-30,-0.0077899773271603665,2.0690647793172743
2007-10-31,0.008782552257972026,2.0873164798058688
2007-11-01,-0.029164934007048646,2.0273191935814046
2007-11-02,-0.0017131459307264663,2.0238490732146253
2007-11-05,-0.0054465653565663515,2.012856011356295
2007-11-06,0.009989081886395548,2.033063353248966
2007-11-07,-0.026444063289802297,1.9800055214526848
2007-11-08,0.002286703171628538,1.9845383870422926
2007-11-09,-0.010438054331667425,1.9639314030433785
2007-11-12,0.0007857859014913439,1.9654752391342654
2007-11-13,0.03111302151643844,2.0275883655771016
2007-11-14,-0.0037795117843343663,2.0199395349834144
2007-11-15,-0.01181824363099083,1.9962079067387666
2007-11-16,0.0066830243987427785,2.0095932904885183
2007-11-19,-0.017453439016841325,1.974823287249291
2007-11-20,0.006084538570787721,1.9868758055336246
2007-11-21,-0.015922318709492178,1.9554906609206713
2007-11-23,0.013802708431124404,1.982668863268469
2007-11-26,-0.020756213788386522,1.9419403119439516
2007-11-27,0.014515860566029652,1.9703348336155142
2007-11-28,0.023353060869986404,2.0168896660734097
2007-11-29,0.0009362610509030108,2.0187788855750357
2007-11-30,0.006783282256771049,2.0325193827184798
2007-12-03,-0.007008682088245398,2.0183239044327057
2007-12-04,-0.0035930542094591085,2.011084969961727
2007-12-05,0.016857716167341583,2.0452746397766246
2007-12-06,0.011185849940690143,2.068281209113251
2007-12-07,-0.0036196415539202225,2.0608083052792177
2007-12-10,0.006601233450241319,2.07445718214592
2007-12-11,-0.016186318416221104,2.041149648034012
2007-12-12,0.005128835463145758,2.0516452608628715
2007-12-13,0.0009289139016173674,2.053551948103913
2007-12-14,-0.012784498852513555,2.027465422463287
2007-12-17,-0.011331080060761809,2.004621715790056
2007-12-18,0.005264480710702708,2.0152028357583207
2007-12-19,-3.6222829018022036e-05,2.0151298407326155
2007-12-20,0.0015610685051595699,2.0182780531090523
2007-12-21,0.013611511533091538,2.0459376857625213
2007-12-24,0.0071505540191945565,2.0606197034265867
2007-12-26,-0.00013129057939535962,2.060349181230707
2007-12-27,-0.01360839235467823,2.0325010550595533
2007-12-28,0.002236098696191219,2.037051013200645
2007-12-31,-0.009853069845991737,2.017078364820911
2008-01-02,-0.014307966875895882,1.988423559239851
2008-01-03,0.0021742880407401213,1.9927516683774957
2008-01-04,-0.01638612025901965,1.9603642764208162
2008-01-07,0.007989524542959385,1.976089389360621
2008-01-08,-0.0147389322856166,1.9471775300188499
2008-01-09,0.014780832115069545,1.9761721889036503
2008-01-10,0.007813291155730012,1.9916730752008431
2008-01-11,-0.01575113445546903,1.9605477379967657
2008-01-14,0.011295599189591773,1.9828188453904647
2008-01-15,-0.020501873893987867,1.9425812261679094
2008-01-16,-0.0070833242401258985,1.9288699116520696
2008-01-17,-0.022737099660388525,1.8855078362329039
2008-01-18,-0.011919713503099874,1.863166538471001
2008-01-22,-0.013467088649607039,1.8382433078834064
2008-01-23,0.023402755173532883,1.8817706087496147
2008-01-24,0.00632759224674959,1.8937154370107323
2008-01-25,-0.02015182371857533,1.8559355625487501
2008-01-28,0.015721074244692643,1.8853434191875924
2008-01-29,0.0057440342280615396,1.8962040583994955
2008-01-30,-0.004183208157838632,1.8882884100589712
2008-01-31,0.015559563517200068,1.9178991209891059
2008-02-01,0.007032446234163182,1.9314341799455501
2008-02-04,-0.010407282125296501,1.911437435896358
2008-02-05,-0.03072390129099262,1.8536036104843967
2008-02-06,-0.005492333442520897,1.8434509079212236
2008-02-07,0.005986589879782071,1.8545199924461957
2008-02-08,-0.007132340280635714,1.8413399828320778
2008-02-11,0.001655584513228567,1.844391001704147
2008-02-12,0.013148284286805308,1.8688017067045253
2008-02-13,0.009926102481674953,1.8874439935233405
2008-02-14,-0.013625655846713897,1.8619007481650305
2008-02-15,-0.0005901606920820301,1.8608022517075031
2008-02-19,-0.004986231086859429,1.8515469553725026
2008-02-20,0.004118529112946618,1.859188330223325
2008-02-21,-0.0063149361362609705,1.847484667487655
2008-02-22,0.00664968725900414,1.8598107997846376
2008-02-25,0.011176355240109664,1.8807132952410335
2008-02-26,0.010059542403968379,1.8997278890935407
2008-02-27,0.0027831558743075264,1.9050224923631063
2008-02-28,-0.008003088121266266,1.8898372748509527
2008-02-29,-0.023608226017960067,1.8457440980897206
2008-03-03,-0.0001304274750362061,1.8455033780460388
2008-03-04,-0.0026047698146028373,1.8407025218312474
2008-03-05,0.003409763083984031,1.846989593960633
2008-03-06,-0.017535371277335954,1.8148842578457858
2008-03-07,-0.006558826659602489,1.803019697919951
2008-03-10,-0.010692213273517909,1.7838441241202156
2008-03-11,0.03485455756461866,1.8471154638563754
2008-03-12,-0.0053117216919772395,1.8373301121192636
2008-03-13,0.0001784318701325008,1.8376579796173553
2008-03-14,-0.020084114801737152,1.801118406522929
2008-03-17,0.006591288172923557,1.813029307943235
2008-03-18,0.0366305247846326,1.8806728690314507
2008-03-19,-0.016144098598354917,1.8505548689240556
2008-03-20,0.029613221709234073,1.9061752452114478
2008-03-24,0.00955938215984975,1.9244844758832855
2008-03-25,-0.003760794556537526,1.9172604776432998
2008-03-26,-0.010476192430712431,1.8972797317504002
2008-03-27,-0.009224678583411878,1.8798584126152524
2008-03-28,-0.006768839781665023,1.8671769201226431
2008-03-31,0.009034940654210025,1.884123191789199
2008-04-01,0.03290666421674584,1.9471547931713884
2008-04-02,-0.0048979817167379425,1.937640982849147
2008-04-03,0.001046576141548353,1.9396699332130087
2008-04-04,-0.0032182857619531963,1.9334375552499408
2008-04-07,0.0029692110910181516,1.9391868707244837
2008-04-08,-0.006317326169533535,1.926975008529927
2008-04-09,-0.0045615586345935134,1.9182050166642086
2008-04-10,0.003907704039125708,1.925715458891282
2008-04-11,-0.021804316829583354,1.8841810095890663
2008-04-14,-0.0034284473405758655,1.8777322551417832
2008-04-15,0.004599293595668728,1.8863883878661842
2008-04-16,0.017442462244452242,1.919580278732146
2008-04-17,-0.0010212117795853183,1.917620981338709
2008-04-18,0.011086781636527489,1.9389995170176377
2008-04-21,-0.001999241628958946,1.9351268609422116
2008-04-22,-0.00407901982105051,1.9272495169634931
2008-04-23,0.004086105917957297,1.9351405734872593
2008-04-24,0.007944330237964165,1.9505751969566585
2008-04-25,-0.0004593173103332839,1.9496794697308475
2008-04-28,-0.0036338309641280016,1.9426075210186464
2008-04-29,-0.000109454599971551,1.9423949053256266
2008-04-30,-0.0016150568069914545,1.9392603591283495
2008-05-01,0.014845613316591285,1.9682646289361816
2008-05-02,0.002060443221976775,1.972324307382143
2008-05-05,-0.00846506087395698,1.955698928755331
2008-05-06,0.002311323359948659,1.960224409284146
2008-05-07,-0.016257778229301335,1.9286131760429253
2008-05-08,3.6068857647660045e-05,1.9286827401715712
2008-05-09,-0.008526427713415101,1.9123078749618805
2008-05-12,0.006363804075752951,1.924516232206307
2008-05-13,-0.0019421363291924811,1.9207821865022288
2008-05-14,0.00537399520207048,1.9311322464339404
2008-05-15,0.008385745138986517,1.947394318782678
2008-05-16,-0.0015287024092874824,1.9444196066997943
2008-05-19,0.0011313422553866233,1.9466206555981018
2008-05-20,-0.01547811023407824,1.9167226258981491
2008-05-21,-0.013999324084525606,1.8900767519629218
2008-05-22,0.006767119230053091,1.9029105014783907
2008-05-23,-0.010590942335897639,1.8828632332062385
2008-05-27,0.0046703902490526986,1.8916775063166935
2008-05-28,-0.0006302661989783753,1.8904856215668848
2008-05-29,0.008410812931042752,1.9064531984988626
2008-05-30,-0.0007661829428510675,1.904993066012561
2008-06-02,-0.010335089693196325,1.8854061822565535
2008-06-03,-0.005552910530460417,1.8749657047591277
2008-06-04,-0.001356363629876561,1.8724242933985198
2008-06-05,0.01727111185266468,1.9050440214469107
2008-06-06,-0.029221117825817034,1.8501819745177361
2008-06-09,-0.0010704480770483819,1.8482025104267046
2008-06-10,0.004712539321702858,1.8569327921727141
2008-06-11,-0.01689584985171504,1.825821897135169
2008-06-12,0.004767877475781631,1.834547978145282
2008-06-13,0.008899309645786299,1.8509470506442751
2008-06-16,-0.005315359762815885,1.8411347023512115
2008-06-17,-0.007996655737243152,1.8264704924334647
2008-06-18,-0.012492609819575656,1.803795041905969
2008-06-19,0.0016022921259407814,1.8066875652132448
2008-06-20,-0.019285220467530274,1.7721790191886702
2008-06-23,-0.0018311327445353868,1.7689368934446776
2008-06-24,0.002654332961074753,1.773638477971988
2008-06-25,0.00930746616393728,1.7902236211931908
2008-06-26,-0.03046172320279299,1.7365125439758893
2008-06-27,-0.011597931556898096,1.716488931040213
2008-06-30,0.0030083387485061956,1.72166048619747
2008-07-01,0.0032751820333353637,1.7273084817473918
2008-07-02,-0.0077855327032195516,1.7139126794675084
2008-07-03,0.004951199707366877,1.7224196458907972
2008-07-07,-0.007459162482388296,1.7096196359147038
2008-07-08,0.02275601513124162,1.7489697945575156
2008-07-09,-0.023242902710175876,1.7087874459571915
2008-07-10,0.005455131797979951,1.718134578429727
2008-07-11,-0.011732123391733677,1.6980949948436979
2008-07-14,-0.008405925539170267,1.6838807603545198
2008-07-15,-0.007724869487125944,1.6709231137490728
2008-07-16,0.031277648140500575,1.724011572103721
2008-07-17,0.017788521869091238,1.754953580034474
2008-07-18,0.004595539607960407,1.7630370985601291
2008-07-21,-0.0008527946375657681,1.7615342308864752
2008-07-22,0.023570952040545403,1.8035484825094352
2008-07-23,0.015608769889527183,1.8319205059204842
2008-07-24,-0.026893901220061973,1.7833096149540923
2008-07-25,-0.001155441835940382,1.7812502943602309
2008-07-28,-0.027615448947832737,1.732733260894334
2008-07-29,0.027837983607120417,1.7816467283961128
2008-07-30,0.014971944071208982,1.8085221300448677
2008-07-31,-0.011268577961444868,1.7882570511773057
2008-08-01,-0.0019567986815092683,1.784761213578046
2008-08-04,0.0014124402649017967,1.7872838633059758
2008-08-05,0.029522847323522058,1.8408361909009283
2008-08-06,0.004284720589102908,1.8487405815890665
2008-08-07,-0.01951516965745009,1.8130118554716286
2008-08-08,0.023907413567161088,1.856878560059352
2008-08-11,0.005724285657126812,1.867538344084318
2008-08-12,-0.009064475271672106,1.8506865805273562
2008-08-13,-0.00823862036137967,1.8355021118059676
2008-08-14,0.005083202878482522,1.8448560953808584
2008-08-15,0.006911703660062969,1.8576513616142818
2008-08-18,-0.012820040596479964,1.8339882011756117
2008-08-19,-0.01096051064061467,1.8139965136713765
2008-08-20,0.0031419370681131666,1.819704939620633
2008-08-21,-0.0018045161064381592,1.8164242136997515
2008-08-22,0.016947223089115702,1.8474698859964522
2008-08-25,-0.01995346384392687,1.810971804933561
2008-08-26,0.00021586769477748022,1.8113627774400476
2008-08-27,0.0077979629231279,1.8255429335287996
2008-08-28,0.01437655645672899,1.851977518426011
2008-08-29,-0.016186719856612804,1.8222413915923088
2008-09-02,0.0023670284379696616,1.8265597976657724
2008-09-03,0.001911653288735878,1.8300548863445603
2008-09-04,-0.02650087537306796,1.7821938110931654
2008-09-05,0.003962141766588616,1.7892691230667752
2008-09-08,0.02817348667280782,1.8403959008977033
2008-09-09,-0.022206035531771737,1.7999784209625698
2008-09-10,0.0007953926263117616,1.8014106800547742
2008-09-11,0.010167886507631346,1.8198206560658041
2008-09-12,-0.00893104818263974,1.803640112262304
2008-09-15,-0.04928238654028259,1.7169071797236044
2008-09-16,0.0067077438555395216,1.7284624649292524
2008-09-17,-0.044039785285310565,1.6539931902576446
2008-09-18,0.03765294304047346,1.717458226414161
2008-09-19,0.03040442097163624,1.7704784901485258
2008-09-22,-0.029713223352933096,1.7186457398064168
2008-09-23,-0.013359758611093783,1.6958377414964696
2008-09-24,-0.0001268835146229472,1.6956225812940282
2008-09-25,0.025234457119959922,1.7389551339242997
2008-09-26,0.011450022146831952,1.7589806361589722
2008-09-29,-0.0703507464649968,1.639487529174398
2008-09-30,0.05451574368659796,1.7313465432956774
2008-10-01,-0.0006313113348894871,1.7302538695432266
2008-10-02,-0.020927716114482096,1.6944198774023251
2008-10-03,-0.013526285490312446,1.671654979741088
2008-10-06,-0.03048160686700659,1.6214690100378404
2008-10-07,-0.053479284947368214,1.5370319471363276
2008-10-08,-0.015767868050240094,1.512986302674368
2008-10-09,-0.07519153788932076,1.4033943582725552
2008-10-10,-0.00589859293495072,1.3951406727226687
2008-10-13,0.09615781494119725,1.535956118744782
2008-10-14,-0.0037559730585445196,1.5301979295148667
2008-10-15,-0.0696238210974066,1.4272839058307087
2008-10-16,0.04472975048705534,1.4925753072385572
2008-10-17,-0.01578196164965549,1.4692044450859183
2008-10-20,0.04186892239378207,1.5320243766865296
2008-10-21,-0.026789368892758958,1.4915272782954296
2008-10-22,-0.05388972115661815,1.4132766771042504
2008-10-23,0.01684224972131138,1.4372810119033488
2008-10-24,-0.03443386121330867,1.3886322658687444
2008-10-27,-0.013749004660660848,1.369670605055544
2008-10-28,0.10285481902602271,1.5180476913265257
2008-10-29,-0.022752275779591487,1.4838986094105728
2008-10-30,0.014510565642487152,1.5055877982228847
2008-10-31,0.004686695751823137,1.512660591229058
2008-11-03,0.0020541478934833777,1.5157710133358877
2008-11-04,0.03469040236126496,1.5692764159490395
2008-11-05,-0.05195662965284631,1.48982401449973
2008-11-06,-0.041440104030400354,1.4293472876639093
2008-11-07,0.03079643602709096,1.4740509130415653
2008-11-10,-0.0049256878401538525,1.4668080510661048
2008-11-11,-0.01534968927523461,1.4444649219926946
2008-11-12,-0.04630017125510286,1.3791105819241913
2008-11-13,0.06004742612393004,1.4644594696039082
2008-11-14,-0.03971701267753986,1.407435422494112
2008-11-17,-0.022754220529178196,1.3757719316843278
2008-11-18,0.014078120829405159,1.3952771917258946
2008-11-19,-0.056896416291422156,1.3181070877759855
2008-11-20,-0.05555375427143388,1.246878126694563
2008-11-21,0.0626828908724233,1.327537629126312
2008-11-24,0.04774003852267103,1.3924514935159908
2008-11-25,0.0017132832914045007,1.3948392022205758
2008-11-26,0.02754574226000408,1.433795155524213
2008-11-28,0.010763334408315142,1.449310923163293
2008-12-01,-0.08033898640707335,1.3374291570122216
2008-12-02,0.040646240743051856,1.39291054108449
2008-12-03,0.027769892284481817,1.432133606325602
2008-12-04,-0.02832750614819572,1.3921340513667035
2008-12-05,0.032075288857484695,1.4375110022543376
2008-12-08,0.03436819974420299,1.487774452270207
2008-12-09,-0.026532660732571444,1.4488189197517902
2008-12-10,-0.0009089155052041238,1.4475026640446216
2008-12-11,-0.020537585854109367,1.4180776474733052
2008-12-12,0.007471212904814132,1.4287120840962608
2008-12-15,-0.008787122108084125,1.4162128132913732
2008-12-16,0.03984069825667671,1.4737747610332583
2008-12-17,-0.01668256296372945,1.449392366684238
2008-12-18,-0.023063310594798894,1.4163471116112056
2008-12-19,-0.002072312545004326,1.4134150368606884
2008-12-22,-0.005974896207271363,1.4049952075692442
2008-12-23,-0.008875386679201331,1.3925805059529563
2008-12-24,0.004297692290075233,1.39857826749183
2008-12-26,0.0028689461535973417,1.4025964744865012
2008-12-29,-0.003319045254955366,1.3979489103176275
2008-12-30,0.016272147017267546,1.420882624860825
2008-12-31,0.010548489788639762,1.435950120668966
2009-01-02,0.023993816289515132,1.4708207104175224
2009-01-05,-0.01372070468909128,1.4507778294592888
2009-01-06,0.001177147694190681,1.4524866147850541
2009-01-07,-0.021854901700792122,1.4210870298084033
2009-01-08,-0.0047508929365605536,1.41435160977473
2009-01-09,-0.01482878904741697,1.3935332253135735
2009-01-12,-0.011806673713919405,1.3771769796419702
2009-01-13,0.003546795387819929,1.3820702171280055
2009-01-14,-0.02852544050187781,1.3432030425035555
2009-01-15,-0.0011253657625205924,1.341692298016909
2009-01-16,0.008267731519581127,1.3528310323017705
2009-01-20,-0.030189484884506953,1.3126000915007014
2009-01-21,0.025931062028023977,1.347082354550509
2009-01-22,-0.014579247174959741,1.3275853788982745
2009-01-23,-0.0046055226650292295,1.3214852123560994
2009-01-26,0.010453257174725866,1.3353714890978765
2009-01-27,0.005886441432966433,1.343255256061465
2009-01-28,0.018511746128262466,1.3683528396862163
2009-01-29,-0.022452107062501492,1.3379727598315225
2009-01-30,-0.024710700184867675,1.3053156676504007
2009-02-02,0.00043151635032098783,1.3058790542498444
2009-02-03,0.018468136962143767,1.3302202842253312
2009-02-04,-0.01168141508889976,1.314771834471026
2009-02-05,0.013369195889160542,1.332467300182955
2009-02-06,0.025424410168833542,1.3667788222352337
2009-02-09,-0.006147487235146218,1.35840234040986
2009-02-10,-0.041781801128507164,1.3028151958717078
2009-02-11,0.011244735069947023,1.3175476838203577
2009-02-12,0.008757867115855765,1.3291372672931634
2009-02-13,-0.009231494260277017,1.3169238052278116
2009-02-17,-0.028549381564632003,1.2798580645623174
2009-02-18,0.0050655801706085855,1.286357736601742
2009-02-19,-0.004706633063363769,1.2803175483725349
2009-02-20,-0.010717686914755501,1.2666687780126091
2009-02-23,-0.03218830225597907,1.2265460656815554
2009-02-24,0.0262832737024671,1.2592111032720963
2009-02-25,-0.009329626848632791,1.24751776561085
2009-02-26,-0.014090015408900444,1.2300634754428237
2009-02-27,-0.014654382018115638,1.2121690911738148
2009-03-02,-0.03729124657947972,1.1677982583898765
2009-03-03,-0.0050297380994720866,1.1619392858975548
2009-03-04,0.01744121424553128,1.1823826784877467
2009-03-05,-0.027814747589326175,1.1499481726089054
2009-03-06,0.0058562457324178125,1.1567023093263171
2009-03-09,-0.019096029960907958,1.1348234518851563
2009-03-10,0.04814161718007293,1.1907920893693194
2009-03-11,0.0031070367062697585,1.1944976778191458
2009-03-12,0.03445436187626923,1.2363705422817708
2009-03-13,0.009755444643842011,1.248490910332917
2009-03-16,-0.003783061002449631,1.2437767157233013
2009-03-17,0.021779419778013644,1.2711625926634444
2009-03-18,0.011107757765588464,1.2853610694574553
2009-03-19,-0.00799265208427919,1.2751285724937522
2009-03-20,-0.007854372492273541,1.2651524670204632
2009-03-23,0.05249386430770022,1.3333392454284092
2009-03-24,-0.012876201563083143,1.3162809592013172
2009-03-25,0.009388459922275385,1.3286970027980876
2009-03-26,0.01687566468966531,1.3513099152004124
2009-03-27,-0.015102490696054663,1.3310551038126832
2009-03-30,-0.024228381184938017,1.2991933315559088
2009-03-31,0.008005161457687369,1.309635323091409
2009-04-01,0.019390005829278797,1.3352769519332022
2009-04-02,0.018573305727685122,1.3603092052336534
2009-04-03,0.0019530193232055735,1.3629685113898846
2009-04-06,-0.0029363882250002657,1.3589721769681538
2009-04-07,-0.01999379524138886,1.3320709900782821
2009-04-08,0.004103893649787932,1.3375489004481025
2009-04-09,0.018259195138084487,1.3621957983215327
2009-04-13,-0.003771984795245346,1.3570672948812545
2009-04-14,-0.015205084171909038,1.3365890536630338
2009-04-15,0.011772517088987777,1.3524170560498652
2009-04-16,0.012538622904637536,1.3694812607748195
2009-04-17,0.0024610620457129976,1.3728557898875438
2009-04-20,-0.03181967093214954,1.3298596594831191
2009-04-21,0.008707985235901716,1.3414906254065329
2009-04-22,-0.012084436620026404,1.3253770249526087
2009-04-23,0.004620155032995503,1.3315146397332656
2009-04-24,0.006974334779156652,1.340833527341516
2009-04-27,-0.002487022443527714,1.3375029875462865
2009-04-28,0.0026946694044983977,1.341111976257171
2009-04-29,0.012414695590289557,1.3578652514267209
2009-04-30,-0.0006507166430359497,1.3569819533281722
2009-05-01,0.003565233090159479,1.3618285447713157
2009-05-04,0.018191277665918836,1.3868286484554169
2009-05-05,-0.0029083217288316814,1.3828011640120248
2009-05-06,0.005591802287746134,1.3905551739652249
2009-05-07,-0.008855306313318056,1.3782957425759357
2009-05-08,0.007719211572874248,1.3889762686086475
2009-05-11,-0.008386817362849153,1.3773758914410306
2009-05-12,0.01229451346388182,1.3944145844804852
2009-05-13,-0.011125773078872725,1.3789866273534015
2009-05-14,0.00712886432606868,1.3888523598796727
2009-05-15,-0.00717758303225897,1.3789194465455574
2009-05-18,0.022046398586251147,1.4096572381022074
2009-05-19,0.001795894981302208,1.4121911090635146
2009-05-20,-0.0018485456149676441,1.4095830207091837
2009-05-21,-0.014397156171278723,1.3894344231058742
2009-05-22,-0.0009988783560961987,1.3880472400623172
2009-05-26,0.016290360971656256,1.4108442119542943
2009-05-27,-0.0209077880206587,1.3816528074648877
2009-05-28,0.013390210212672605,1.400277847312379
2009-05-29,0.01482827683595203,1.4211962636237305
2009-06-01,0.014415319575530253,1.4418316373597744
2009-06-02,0.006452104194388306,1.4511645614369038
2009-06-03,-0.005372204635510477,1.4433895117314615
2009-06-04,0.00479061544704528,1.4503208251950088
2009-06-05,-0.0012935912127810922,1.4484459158643932
2009-06-08,-0.002215969267146334,1.4452397579154461
2009-06-09,-0.0009261624732185895,1.443901850742205
2009-06-10,-0.0025132531122108127,1.4402775162647938
2009-06-11,0.007262817689900223,1.4507760676721797
2009-06-12,0.004777782299579253,1.4577241448719949
2009-06-15,-0.018904369378938475,1.4304256327425182
2009-06-16,-0.009619833114911486,1.4167311517913825
2009-06-17,0.003032396646904486,1.4210337629003604
2009-06-18,0.009699752029319011,1.4348845038062605
2009-06-19,-0.002143718166867553,1.4318118104990467
2009-06-22,-0.015267156247985678,1.4101181375901513
2009-06-23,0.0007424564258018973,1.4111654776165998
2009-06-24,0.003617038238921334,1.4162789593651364
2009-06-25,0.016838454733622006,1.4403288215277112
2009-06-26,-0.002311908367696917,1.43700275952973
2009-06-29,0.00785087557779398,1.4483288912502406
2009-06-30,-0.008802021446031844,1.4356366100990439
2009-07-01,0.010033407915965355,1.4501134423614919
2009-07-02,-0.019873647154089617,1.4215788815370896
2009-07-06,0.004195539917118258,1.4275557017064366
2009-07-07,-0.014034521126013317,1.4076605768842352
2009-07-08,-0.002471314174650587,1.4041861003773377
2009-07-09,-0.0011447592408831094,1.4025795650865147
2009-07-10,-0.004506976574359764,1.3962723956518126
2009-07-13,0.021585113716819315,1.4267387207480935
2009-07-14,0.004258985150545426,1.4328281379375247
2009-07-15,0.027039477888475844,1.4720996100476862
2009-07-16,0.007195259061641321,1.4827299462554286
2009-07-17,0.0022758127338318385,1.4861082046315748
2009-07-20,0.00606185066394079,1.4951441301846469
2009-07-21,0.006116329958027995,1.5043169484152819
2009-07-22,-0.004341898751124649,1.4977995157908777
2009-07-23,0.016004174535422314,1.5219634064593601
2009-07-24,0.0021872598689734275,1.5252959792130623
2009-07-27,0.0009357836927009884,1.526723994369392
2009-07-28,-0.003030976447647533,1.5221035356883954
2009-07-29,0.001120887006987905,1.523810598298261
2009-07-30,0.009578208111561903,1.5384760958048669
2009-07-31,-0.0020053769844890104,1.535393962703455
2009-08-03,0.005129962177434963,1.543290713357773
2009-08-04,0.004139582896468931,1.5496925344918284
2009-08-05,-0.009359520262446078,1.5352558215569054
2009-08-06,-0.0074673376944703425,1.5238342453465075
2009-08-07,0.005367019919453713,1.5320346803598754
2009-08-10,-0.0010380798387050168,1.5304451312281928
2009-08-11,-0.010408671112214055,1.5145978488519505
2009-08-12,0.007576842395401937,1.5261173034816844
2009-08-13,0.0006932174786676525,1.527175601443897
2009-08-14,-0.0023703312717246426,1.5235599761660679
2009-08-17,-0.012823468628110124,1.5041473869914253
2009-08-18,0.004711013450083628,1.5112501630628818
2009-08-19,0.009203237828439091,1.5252227556555769
2009-08-20,0.0062182850338661985,1.5347365746535893
2009-08-21,0.013948293695546692,1.5562935229655843
2009-08-24,-7.998531112129543e-05,1.5561690473221317
2009-08-25,-0.0003585166817295411,1.5556112347576052
2009-08-26,0.0027670442693344018,1.5599216407018563
2009-08-27,-0.0015404852348722723,1.5575204544176595
2009-08-28,-0.004195383211231743,1.5509997472491108
2009-08-31,-0.002668492612473567,1.5468664331933661
2009-09-01,-0.016967927489631253,1.5208407411660316
2009-09-02,-0.0008921437549612102,1.5194845376507107
2009-09-03,0.0030814958766996305,1.5241740446255807
2009-09-04,0.010978747768327418,1.5409997606587045
2009-09-08,0.00892648575999785,1.5548170512530897
2009-09-09,0.002330213780397475,1.5584443319002783
2009-09-10,0.00877140971692182,1.5721742128333107
2009-09-11,-0.000642124256267089,1.571165005689043
2009-09-14,0.002360551866596699,1.5748782030492088
2009-09-15,0.001272208673344316,1.5768830517811552
2009-09-16,0.007619685964035496,1.588944298538161
2009-09-17,-0.0019303904761365097,1.585879974219968
2009-09-18,0.007565027284624801,1.5979226938129145
2009-09-21,-0.0007684175095348678,1.5966952936743792
2009-09-22,0.0032965426818009447,1.60196755319953
2009-09-23,-0.00519900783052343,1.5936605242119333
2009-09-24,-0.000932386780302607,1.592175308712114
2009-09-25,-0.004592558794606031,1.584879915080246
2009-09-28,0.010197322338324318,1.6011241294235912
2009-09-29,-0.004331621297696515,1.5942036652799476
2009-09-30,-0.002167734515978489,1.5907515979038152
2009-10-01,-0.017509004155365243,1.5631415392353285
2009-10-02,0.0010105650716098699,1.56472199391851
2009-10-05,0.006421638153317376,1.5748024041064914
2009-10-06,0.012017681848180249,1.5938420554599526
2009-10-07,0.0027392561369948046,1.5982139822717085
2009-10-08,0.0017897757058952682,1.6010769881349156
2009-10-09,0.005874969805389561,1.6105109520883625
2009-10-12,0.004471556958422627,1.6177285685080092
2009-10-13,-0.0017150109669637665,1.614956523994261
2009-10-14,0.009717432651746825,1.630726251793139
2009-10-15,0.007122832129622104,1.6423831067606611
2009-10-16,-0.006350064378978344,1.631986911486495
2009-10-19,0.005809910722805901,1.641496207073327
2009-10-20,-0.0051191389199503595,1.6331146314813239
2009-10-21,-0.007035951693966241,1.6216644445409982
2009-10-22,0.005397818830089081,1.6304415627516429
2009-10-23,-0.0068567429604918,1.6193002841361077
2009-10-26,-0.00767569635176461,1.6069186066413146
2009-10-27,0.004330728945717161,1.6138928263919368
2009-10-28,-0.00557823826766134,1.6049152105873707
2009-10-29,0.014832731314397978,1.6288979114665112
2009-10-30,-0.021057601056165737,1.5949558524679643
2009-11-02,0.0028406803833252747,1.599493053588384
2009-11-03,-0.007201863391722399,1.5880151040431205
2009-11-04,0.0050445325200344,1.5960461372511914
2009-11-05,0.015222826268486525,1.6205283417086163
2009-11-06,0.005937254020204982,1.6301784493424873
2009-11-09,0.016324922387203268,1.6570093966969766
2009-11-10,0.002017293821031544,1.6603554453612508
2009-11-11,0.0050243920246323725,1.6687187145967197
2009-11-12,-0.006696819884416636,1.6575809413828535
2009-11-13,0.0046780515718472795,1.6653533562154694
2009-11-16,0.010885232476544316,1.6835801360500642
2009-11-17,0.003814115091139034,1.6900137659571544
2009-11-18,0.0010175933295976953,1.691734387990598
2009-11-19,-0.007572581240919863,1.6789719750909822
2009-11-20,-0.0008761877004904064,1.6775015247862477
2009-11-23,0.01448585803919125,1.7019784302052385
2009-11-24,0.0007953093366930682,1.7033325679494502
2009-11-25,0.003970900809762003,1.7101097795350175
2009-11-27,-0.012668264879608135,1.6885823016727546
2009-11-30,0.0008301829505864864,1.689984715959935
2009-12-01,0.016200560347852767,1.7175863929670248
2009-12-02,3.57408335572791e-05,1.7176477820334577
2009-12-03,-0.003988029263262675,1.7108113933345297
2009-12-04,0.004457929776641618,1.718455095271637
2009-12-07,0.00010032229698828602,1.7186275032821052
2009-12-08,-0.00921999563569696,1.7028545900336909
2009-12-09,0.0005840809967783334,1.703849485561508
2009-12-10,0.005430458314518208,1.7131273378619298
2009-12-11,0.0010295067430562787,1.714891922177844
2009-12-14,4.5996090802662066e-05,1.7149708023164885
2009-12-15,-0.006961516790116566,1.7030734640895862
2009-12-16,-0.0027570644394594047,1.698384447734341
2009-12-17,-0.009489306890217096,1.6823441823571612
2009-12-18,0.004608554901440087,1.690115250828524
2009-12-21,0.007642703011685364,1.7030817863205219
2009-12-22,0.0026801185291897437,1.7076523694891967
2009-12-23,0.001274899749341519,1.709830843439899
2009-12-24,0.0042872078646282565,1.7171769796335896
2009-12-28,0.0032807362091082297,1.7228198356278333
2009-12-29,0.00037687764578282063,1.7234692502788382
2009-12-30,0.00018540120202422373,1.7237888131722485
2009-12-31,-0.010620835108596037,1.7055776166712577
2010-01-04,0.01258229123548607,1.7271732674455078
2010-01-05,-0.0033800602476709496,1.7213451729473788
2010-01-06,-0.0046609863986621465,1.7133406754272362
2010-01-07,-0.003153832011735446,1.7079455988126455
2010-01-08,0.0010357596280756915,1.709715536367545
2010-01-11,0.002821983641058241,1.714547139788535
2010-01-12,-0.0009033869975846796,1.7129989396129497
2010-01-13,0.006736577636473906,1.724577646601927
2010-01-14,0.0034463641140676676,1.730531422662218
2010-01-15,-0.011482473335333561,1.7107742892010245
2010-01-19,0.013226163247689056,1.7335515651777302
2010-01-20,-0.011571883562628569,1.7136067305325025
2010-01-21,-0.01694338726405429,1.6848170144717924
2010-01-22,-0.017783821556928116,1.6551193807276106
2010-01-25,0.0025710830229182147,1.6593803053165133
2010-01-26,-0.003567145020127997,1.6534715999937424
2010-01-27,0.004579760449510373,1.6610614704601177
2010-01-28,-0.009407686358792293,1.6455080009175607
2010-01-29,-0.006493552383946645,1.6348574259730762
2010-02-01,0.008638805784039319,1.649041821666644
2010-02-02,0.011763033231011574,1.6685540921668758
2010-02-03,-0.004234016195950646,1.6615043420266304
2010-02-04,-0.02459135483895838,1.62114399096426
2010-02-05,0.004202610912264251,1.6279713647400857
2010-02-08,-0.008671654765430597,1.6139151923167634
2010-02-09,0.011336436728884597,1.6323153387711196
2010-02-10,-0.0027703047886583954,1.6277995856657927
2010-02-11,0.006392530269355103,1.6382386743358208
2010-02-12,-0.002252880305294648,1.634552072986094
2010-02-16,0.014328251051416205,1.6581409354538397
2010-02-17,0.002867743959151035,1.6629028838658007
2010-02-18,0.005727288088122735,1.6724541330138172
2010-02-19,-0.00126487537897568,1.6703400242824085
2010-02-22,-0.0005605252814600907,1.6694040188220325
2010-02-23,-0.009575379172914514,1.6534951307210917
2010-02-24,0.008242837215617693,1.6671809494188519
2010-02-25,-0.00526847518304088,1.6584205452106942
2010-02-26,-0.0010422872496200105,1.656692895132142
2010-03-01,0.006895102592732282,1.6681554348894727
2010-03-02,-0.0008665770107306687,1.666710475913812
2010-03-03,-0.0009551834328097288,1.6651192217707114
2010-03-04,0.003954424966320062,1.6717168471028312
2010-03-05,0.007793980125689171,1.6847970823171792
2010-03-08,0.0005726940637512606,1.6857622319462002
2010-03-09,0.0008031616509494961,1.6871167153852848
2010-03-10,0.0005277358440739655,1.688007302325786
2010-03-11,0.004708599809955192,1.6959741949237723
2010-03-12,-0.001697553518682282,1.693097630213638
2010-03-15,0.004234823796883586,1.7002828035820183
2010-03-16,0.0035624834590411002,1.7063508351589387
2010-03-17,0.003777985449178081,1.7128095966565906
2010-03-18,0.0016425642363721198,1.71562530830433
2010-03-19,-0.0027427852781978304,1.7109261637839357
2010-03-22,0.003583462087820778,1.7170682011333147
2010-03-23,0.009528498423752673,1.7335074792191774
2010-03-24,-0.0072842294379799385,1.720926091496154
2010-03-25,-0.0003615278192959117,1.7203040412901285
2010-03-26,-0.0012642358434207326,1.7181305454547084
2010-03-29,0.0033667843455910747,1.723924869124605
2010-03-30,0.001651624939660822,1.7267744990446914
2010-03-31,-0.0029117421107900106,1.7217538899266411
2010-04-01,0.003148774116010608,1.727183848379294
2010-04-05,0.0026651049208712323,1.7317931139127685
2010-04-06,-0.001633284922573601,1.7289669109564059
2010-04-07,-0.004503248405418696,1.721198448258458
2010-04-08,0.001114560417244056,1.7231178973914199
2010-04-09,0.0069649784894027685,1.7351612687063123
2010-04-12,0.0005962822881034767,1.7361962231696877
2010-04-13,0.0021624229898212985,1.739954676015364
2010-04-14,0.004399445186817152,1.7476263744745886
2010-04-15,-0.0010304661469992867,1.74582643220715
2010-04-16,-0.008936897651678941,1.730293670795337
2010-04-19,0.006973129156303453,1.7424013973496502
2010-04-20,7.160842785796996e-05,1.7425261724418326
2010-04-21,-0.0033582211657840417,1.7366841989773847
2010-04-22,-0.002819013190764935,1.7317953574042833
2010-04-23,0.004952256465084338,1.7403929232635906
2010-04-26,-0.003161564858064336,1.7348992470410192
2010-04-27,-0.014687264196484098,1.7096045332217678
2010-04-28,0.00525269519598376,1.7186081907733324
2010-04-29,0.006345886007448981,1.729548960165527
2010-04-30,-0.01006886845706424,1.712221738343144
2010-05-03,0.010225241434359086,1.7298194360328125
2010-05-04,-0.01481182901734888,1.7043864656965904
2010-05-05,0.0011936343408853686,1.706422094568759
2010-05-06,-0.029743899679731328,1.6564138538259237
2010-05-07,-0.009475655842526017,1.6407923749779412
2010-05-10,0.031121931249736754,1.6926599252352788
2010-05-11,-0.004142867591672838,1.6856619651074436
2010-05-12,0.011793676783725407,1.7056598097561186
2010-05-13,-0.009403746706259153,1.689695397228831
2010-05-14,-0.011456060252601376,1.670448601671858
2010-05-17,0.0023166834465195006,1.6743229884266164
2010-05-18,-0.009158998829752539,1.6590578794050195
2010-05-19,-0.003981666407109946,1.652465198017993
2010-05-20,-0.033546762547019715,1.5979498594296617
2010-05-21,0.006884961702910075,1.6089896436511972
2010-05-24,-0.008649399587647624,1.5951328620990113
2010-05-25,-0.005118827438328684,1.5869885147744376
2010-05-26,-0.009708868498295517,1.5716552069564738
2010-05-27,0.023257028546463138,1.6086355971213975
2010-05-28,-0.006618550064315555,1.598023917589937
2010-06-01,-0.005604175785399458,1.589093358232077
2010-06-02,0.018774154816101653,1.6192090567849065
2010-06-03,0.0037214866566129263,1.6252461481940224
2010-06-04,-0.027298288387325172,1.5814798011654634
2010-06-07,-0.007733739787423729,1.5692962209493944
2010-06-08,0.01062442366091996,1.5860579731589746
2010-06-09,-0.006895453529452857,1.5751590039625054
2010-06-10,0.020162006995819805,1.6072396895805474
2010-06-11,0.003641943880609228,1.6131038383012437
2010-06-14,-0.0013446979187528268,1.6109361586909134
2010-06-15,0.016628806781103893,1.6379480703046392
2010-06-16,-0.0004543579784077482,1.6372040245750357
2010-06-17,0.0015412972253547466,1.6397293882635386
2010-06-18,-0.0006267503983655543,1.6387020092049809
2010-06-21,-0.004360512657502861,1.6315719849300785
2010-06-22,-0.0065544800048407716,1.620912849683567
2010-06-23,-0.0010435898215689677,1.6192221638766775
2010-06-24,-0.01237196189912803,1.5993126229544057
2010-06-25,-0.009612297296187946,1.5840132036370687
2010-06-28,0.005526657873619089,1.5927917383155188
2010-06-29,-0.019679256851666074,1.5617531900609298
2010-06-30,-0.010554566803980746,1.5453562452264125
2010-07-01,-0.003480612564480512,1.5399868087474575
2010-07-02,-0.0012346774404978801,1.5380865950928935
2010-07-06,0.007479519533103925,1.5496338740411133
2010-07-07,0.025657746935054064,1.5899084558986107
2010-07-08,0.009914611703816441,1.605750183402608
2010-07-09,0.0021670808846326484,1.6092337471494542
2010-07-12,0.003940680654906446,1.615587734741493
2010-07-13,0.009390086860149506,1.6308296935646749
2010-07-14,0.0028167646096703626,1.6354298326428642
2010-07-15,0.0004208725572384257,1.6361182850439115
2010-07-16,-0.020985966054792353,1.6021405371886015
2010-07-19,0.004098387269118925,1.6087202033698471
2010-07-20,0.0036271455322264695,1.6145658607843119
2010-07-21,-0.00924387951450386,1.599709778204385
2010-07-22,0.015296145418027053,1.6243672731507355
2010-07-23,0.007426724371914585,1.6364759092631342
2010-07-26,0.007529932392066168,1.6488449728838908
2010-07-27,0.004907283874269866,1.656956209022135
2010-07-28,-0.003981817649819071,1.6503716295412731
2010-07-29,-0.004039338025278017,1.64371866649149
2010-07-30,-0.002011365180375843,1.6404158706771044
2010-08-02,0.020061007247908876,1.6736565715327982
2010-08-03,0.0006803872374205499,1.674795693582002
2010-08-04,0.004515547899027913,1.6823754141738407
2010-08-05,-0.0009408874113501789,1.680793232769484
2010-08-06,-0.0014743212781237215,1.678317029350508
2010-08-09,0.007421349443284191,1.6908187389004647
2010-08-10,-0.0027129882110474767,1.686237784442298
2010-08-11,-0.020164087775380233,1.6525768492823534
2010-08-12,-0.005836781615448306,1.6429592144319516
2010-08-13,-0.004372822434995064,1.6357905306330152
2010-08-16,0.0008189385766611111,1.637130691281615
2010-08-17,0.010455401692883278,1.6543373447739713
2010-08-18,0.00037347136342492335,1.6549553077862504
2010-08-19,-0.01278455824691615,1.6339321077642635
2010-08-20,-0.00476932757783398,1.6261579039011473
2010-08-23,0.0011822444012531568,1.6280815568685056
2010-08-24,-0.010266696983638156,1.611452047993077
2010-08-25,0.0029213481942065586,1.6161665435121177
2010-08-26,-0.008481389883955678,1.6025171695911788
2010-08-27,0.011349382405399079,1.6208083502240669
2010-08-30,-0.012106722926583125,1.6013039778603702
2010-08-31,0.0005077245901272939,1.6021172056966138
2010-09-01,0.021951955045159753,1.6376756715726581
2010-09-02,0.003237443842741426,1.6429861461353108
2010-09-03,0.00961459724950883,1.658858979392239
2010-09-07,-0.00461701082712677,1.6512176631177176
2010-09-08,0.004653458033647633,1.6589194412698767
2010-09-09,0.0074212626982599695,1.6712765140665866
2010-09-10,0.005452996543583287,1.6804148721945975
2010-09-13,0.008366379300364093,1.694532836167781
2010-09-14,0.001481605481785301,1.6970453261067369
2010-09-15,0.0050074180983580175,1.7055644532011387
2010-09-16,0.002053150927317518,1.709069831744042
2010-09-17,0.003964007642280278,1.7158580429900983
2010-09-20,0.011346383410250798,1.7354376952871622
2010-09-21,-0.0013048959341195935,1.7331746065634246
2010-09-22,0.0014339772944406857,1.7356617224041737
2010-09-23,-0.0064798318189674,1.7244512864436898
2010-09-24,0.012847378780974915,1.746748891505353
2010-09-27,-0.002564991501505761,1.7422742366225474
2010-09-28,0.002222198976520535,1.7461502216579554
2010-09-29,-0.003354181986712109,1.7403031276290213
2010-09-30,-0.004768912512089918,1.7320235322933082
2010-10-01,0.004728120270885113,1.740232138211988
2010-10-04,-0.004716344429263572,1.7320439284481999
2010-10-05,0.01728683032101728,1.7622457729191898
2010-10-06,0.004170117495209386,1.7696098887901597
2010-10-07,-0.0020893784086151055,1.7659163640259707
2010-10-08,0.004226142880154416,1.7733951710170748
2010-10-11,0.0019443370630214268,1.776846603261954
2010-10-12,0.0007075788990716989,1.778104307335267
2010-10-13,0.004824713273306537,1.7867038793411634
2010-10-14,-0.0013313269314889345,1.7843267750505858
2010-10-15,0.004148989572775182,1.7917453072992144
2010-10-18,0.009165032746897664,1.8082421934907436
2010-10-19,-0.013711022194567742,1.7836185381384038
2010-10-20,0.009472457649900066,1.8005940622403769
2010-10-21,0.0022347536590130077,1.8046224459554687
2010-10-22,-0.0010286761587057908,1.802767028345392
2010-10-25,0.0006186397650544597,1.8038826367605394
2010-10-26,0.0007046092281033205,1.8051541170085694
2010-10-27,-0.002473622277362843,1.8006943657147694
2010-10-28,0.0036764981701876685,1.8073267998506863
2010-10-29,-0.00014594134737320292,1.8070630553884517
2010-11-01,0.0017668102565231165,1.8102586150714313
2010-11-02,0.005507511647766749,1.8202561409535591
2010-11-03,0.004668618327641767,1.828774090189749
2010-11-04,0.0138046896675448,1.8541948078362358
2010-11-05,-0.00043716723428946985,1.8533843917768407
2010-11-08,-0.0025198903531200713,1.8487199457418717
2010-11-09,-0.0029067637556584904,1.8433539562193815
2010-11-10,-0.0005511585200861854,1.8423382559125276
2010-11-11,-0.00853065547974915,1.8266887481575431
2010-11-12,-0.007796444605229871,1.8125024437487105
2010-11-15,-0.0008358871392253927,1.8109880292941272
2010-11-16,-0.014128917105380102,1.7855806416501607
2010-11-17,-0.0014664116630998558,1.782964164257187
2010-11-18,0.014571022828395059,1.8091339732207299
2010-11-19,0.000427174383092744,1.8099069539967112
2010-11-22,-0.0027555259060517935,1.8049265734325666
2010-11-23,-0.01391593030822553,1.7799832979938326
2010-11-24,0.010041558262478788,1.797947145552511
2010-11-26,-0.007969578525098064,1.7836752107835856
2010-11-29,-0.0024454126116590044,1.7793187178104624
2010-11-30,-0.00803244456308198,1.7650836864369095
2010-12-01,0.01792405486205195,1.7970063806798033
2010-12-02,0.007959922257444336,1.8113674926063543
2010-12-03,0.0014046296735388732,1.8139135808731024
2010-12-06,-0.0010769039583170654,1.8119612215982135
2010-12-07,0.002135644165643613,1.8158350611084926
2010-12-08,0.004466535504328206,1.8239636927761056
2010-12-09,0.0038852263572599346,1.8310639887869986
2010-12-10,0.005457366958856476,1.8410840937248314
2010-12-13,0.0017494984611345242,1.844307886701781
2010-12-14,0.0038776736161205603,1.8514733945057367
2010-12-15,-0.0018390031357675316,1.8480716579882155
2010-12-16,0.004834802346381064,1.8570283536560284
2010-12-17,0.000747990366411155,1.8584179125982796
2010-12-20,0.00033038379126757686,1.8590320051915372
2010-12-21,0.0038196499178093208,1.8661464353037722
2010-12-22,0.0024945822494706997,1.870807502366645
2010-12-23,0.0021573870747578065,1.8748479150915915
2010-12-27,-0.001509480224108919,1.8720200041153527
2010-12-28,0.0025505405354713092,1.876800761184739
2010-12-29,0.00024446081520877245,1.8772596215132025
2010-12-30,-0.0017759283051656425,1.8739287016281205
2010-12-31,0.00040408266331442135,1.8746860767395064
2011-01-03,0.00679942466185577,1.8874762972767969
2011-01-04,0.0025805998360721983,1.8923534085297982
2011-01-05,0.000365925599280822,1.8930459957948422
2011-01-06,3.749060296116078e-05,1.8931169685610554
2011-01-07,-0.00326854448085402,1.886939332980032
2011-01-10,-0.0035599064454598706,1.880233947839662
2011-01-11,0.00024636643895045664,1.880697231448208
2011-01-12,0.009494714678995623,1.8986389560499413
2011-01-13,0.0005475008210190439,1.8996787470544378
2011-01-14,0.005402529344580705,1.9099695904923335
2011-01-18,0.0011236445061593365,1.912116923523172
2011-01-19,-0.00046442742599513576,1.9112290901652174
2011-01-20,0.0009597830741778639,1.9130643360749318
2011-01-21,0.0011046300996255,1.9151787321208373
2011-01-24,0.008979303438939873,1.9324531431189413
2011-01-25,0.0029017506169995177,1.9380687838734407
2011-01-26,-0.0005538165312027068,1.936995746502667
2011-01-27,-0.002305126740342623,1.932535868078818
2011-01-28,-0.015096483443942538,1.9035804844940944
2011-01-31,0.002451234188925413,1.9082523296130474
2011-02-01,0.015509299508368588,1.9380786815807327
2011-02-02,-0.0035217803106190266,1.9312651990760417
2011-02-03,0.0021584189123326466,1.9354381803071816
2011-02-04,0.0014744967808080548,1.9382940826654866
2011-02-07,0.006141596343704188,1.9502349329244955
2011-02-08,0.00381291519991531,1.9576852079508889
2011-02-09,-0.0030806290943634494,1.9516635858959561
2011-02-10,0.0007745466375883481,1.9531758259387333
2011-02-11,0.0019287188050238064,1.956946588084747
2011-02-14,0.0011014804966265545,1.959103314162262
2011-02-15,-0.0047990530900429845,1.949723997269753
2011-02-16,0.0026190948894708648,1.954837202488807
2011-02-17,0.003952794452746673,1.9625795640397936
2011-02-18,0.0029307468219658944,1.968339824669687
2011-02-22,-0.016428214316758897,1.93626768151834
2011-02-23,-0.003017346582779732,1.9304340962463875
2011-02-24,-0.002168371838358598,1.9262527323305008
2011-02-25,0.005391717209878011,1.9366665914014742
2011-02-28,0.007648283406237237,1.9515355548978264
2011-03-01,-0.011150149718950867,1.9298965047937016
2011-03-02,0.000474411611257896,1.9308122873158566
2011-03-03,0.012506817218884933,1.9551122444886047
2011-03-04,-0.007851973840727453,1.9398208666025936
2011-03-07,-0.0071262896452196425,1.9260462803869047
2011-03-08,0.008869943209967047,1.9432061927318947
2011-03-09,0.0016932176240940615,1.9464992508499357
2011-03-10,-0.016013324266702305,1.9155775673921276
2011-03-11,0.002955414446745988,1.921247267037962
2011-03-14,-0.005509118263499384,1.910691990460288
2011-03-15,-0.012440345686124215,1.8870695618423639
2011-03-16,-0.0226321625995362,1.8448407636976147
2011-03-17,0.012452676622141808,1.8679576036887893
2011-03-18,0.0051651915641394205,1.8776309233136317
2011-03-21,0.013308395742519023,1.902786195581777
2011-03-22,-0.0021927331674064126,1.8986184642115442
2011-03-23,0.0021297064098560786,1.902666272916766
2011-03-24,0.00820947984866542,1.9183504647845775
2011-03-25,0.0033319164298628557,1.9247529084969779
2011-03-28,-0.0019910707433240154,1.9209244019712077
2011-03-29,0.006743049985531182,1.9339210605462491
2011-03-30,0.006321342939502734,1.9461847594737496
2011-03-31,-0.0039031979391067322,1.9386032208797221
2011-04-01,0.0039851885283187765,1.9463443348506444
2011-04-04,0.0020355048201291543,1.9503101629877138
2011-04-05,-0.0038643140717472485,1.9427880951574275
2011-04-06,0.0028006966709792115,1.9482368819458171
2011-04-07,0.0012248466193874393,1.950624635321741
2011-04-08,-0.0021912528954842504,1.9463550030720225
2011-04-11,0.0008654638724693078,1.9480402321574362
2011-04-12,-0.0050135239353278314,1.9382981273702833
2011-04-13,-0.0005221569810595473,1.9372862956621868
2011-04-14,0.0018375249088062864,1.940849380111607
2011-04-15,0.00027465071447911057,1.941382508989313
2011-04-18,-0.0064354904273350695,1.9289288760358738
2011-04-19,0.006476556035602495,1.9414622346799053
2011-04-20,0.011425768407702198,1.9637721437635367
2011-04-21,0.002031183715190656,1.967764979480965
2011-04-25,0.001151387133866267,1.970031943587023
2011-04-26,0.007878372745283482,1.9856138891504234
2011-04-27,0.008768514666622703,2.003101331059068
2011-04-28,0.002382152880319361,2.007878712631894
2011-04-29,0.002654977886037957,2.013216669154477
2011-05-02,-0.0017943118602666318,2.009607569501191
2011-05-03,0.0021706171188530703,2.0139743957330603
2011-05-04,-0.0032490527094332956,2.007441505365401
2011-05-05,-0.01251941326021816,1.9824661799834904
2011-05-06,0.0015886018331317904,1.9856180322474268
2011-05-09,0.0017357085065642908,1.9890674791079077
2011-05-10,0.006565342356614178,2.002169350151534
2011-05-11,-0.0054423086306095375,1.9913025237505972
2011-05-12,0.008175053044693984,2.007648250066128
2011-05-13,-0.007890836281126263,1.9918685657446835
2011-05-16,-0.006340315137497777,1.9792794430012446
2011-05-17,0.0030727073736462078,1.9853705428315005
2011-05-18,0.003856736544295658,1.9930423785731357
2011-05-19,0.0016386514134875533,1.9963109575833395
2011-05-20,-0.00801512901275658,1.9803742205281192
2011-05-23,-0.009189721476190618,1.9622584997277719
2011-05-24,-0.00115410109194204,1.959995161362424
2011-05-25,0.0011042157930770786,1.9621606143176045
2011-05-26,0.0012056766002179298,1.9645277721828271
2011-05-27,0.0037351475367235236,1.9718792942146697
2011-05-31,0.011721134951063677,1.9951279416289025
2011-06-01,-0.016712048785962566,1.962062332746557
2011-06-02,-0.003961501938841488,1.954304994511461
2011-06-03,-0.007693630574347284,1.9393269853700177
2011-06-06,-0.005732864114641856,1.928240895176044
2011-06-07,-0.004331014925818284,1.9199077136711342
2011-06-08,-0.0005402457245309249,1.918870771864239
2011-06-09,0.0044545752525249095,1.92743759272536
2011-06-10,-0.011259201857391399,1.9058578968476452
2011-06-13,0.003673570265458559,1.9128720753984787
2011-06-14,0.007872481155438146,1.9279905566624573
2011-06-15,-0.01571817213879086,1.8979229918316183
2011-06-16,0.00473047376929521,1.906922335558534
2011-06-17,0.001779084371850569,1.9103179309137457
2011-06-20,0.0039335249070463355,1.917847012282036
2011-06-21,0.007745299438975498,1.9327589859740912
2011-06-22,-0.006060159340183626,1.9210815777683499
2011-06-23,-0.003869982127176668,1.9136613936483589
2011-06-24,-0.012653849596779197,1.8895987736556372
2011-06-27,0.009749226493240925,1.9081109933647846
2011-06-28,0.011393953733111115,1.9299762510589793
2011-06-29,0.004937298732642674,1.9395286825564302
2011-06-30,0.009637555687081531,1.9583113624212363
2011-07-01,0.012292621762877137,1.9825327102233576
2011-07-05,0.0014272733189155068,1.9853643465433248
2011-07-06,0.0030793147373058215,1.9914873306939542
2011-07-07,0.008038841391115123,2.0075611021663846
2011-07-08,-0.005190416838294845,1.997168018768162
2011-07-11,-0.010930799435655444,1.9754562553619557
2011-07-12,-0.0023755333211714735,1.9707690626982186
2011-07-13,0.004533650370293486,1.9797241248109019
2011-07-14,-0.004574107852511349,1.9706893319567722
2011-07-15,0.008891147799350152,1.9882891474117164
2011-07-18,-0.004232734294806632,1.9798910337796736
2011-07-19,0.01732718736942241,2.014495913525618
2011-07-20,-0.0027975326553711373,2.0088681709904916
2011-07-21,0.009874726546669946,2.0288034606232572
2011-07-22,0.003169827427879261,2.0352446207682715
2011-07-25,-0.0068226796065421185,2.0214060605120903
2011-07-26,-0.0025666163613449005,2.016224538977679
2011-07-27,-0.015227617575866822,1.9857548221240702
2011-07-28,-0.002227331069144356,1.9813368107265554
2011-07-29,-0.007269028365006516,1.966986636348131
2011-08-01,-0.0004376210299897333,1.9661260299538192
2011-08-02,-0.01931853033475725,1.9285078980476091
2011-08-03,0.005729717540240286,1.9395894202567614
2011-08-04,-0.03733475655762875,1.868510435849401
2011-08-05,0.005029876220944497,1.877932488072935
2011-08-08,-0.04870408660814536,1.788661088456281
2011-08-09,0.039689395156778814,1.8610795821286876
2011-08-10,-0.043747372387406704,1.781417449686801
2011-08-11,0.0385553561961049,1.851441868039112
2011-08-12,0.0025241533203244327,1.8561210942354653
2011-08-15,0.017980947115454164,1.8897977714048966
2011-08-16,-0.005110388940772958,1.8801648048411062
2011-08-17,0.0028162518594883287,1.8854672855248085
2011-08-18,-0.03265824092368064,1.8248858663364573
2011-08-19,-0.013323742506993428,1.8007328187494256
2011-08-22,0.0032306979234719983,1.8065598501485496
2011-08-23,0.029419229059609996,1.8604969520507195
2011-08-24,0.010098957063619405,1.879381226124356
2011-08-25,-0.014114259975484322,1.8530414712453722
2011-08-26,0.010584821606255115,1.872759757820209
2011-08-29,0.021984412956746868,1.9143871823697
2011-08-30,0.000786576009063647,1.9158935857721313
2011-08-31,0.0008414469700604166,1.9175063870730618
2011-09-01,-0.010307441492179466,1.8978433142526714
2011-09-02,-0.01926128212701076,1.861638216371292
2011-09-06,-0.006663903304654966,1.8492736830928085
2011-09-07,0.020775858838208434,1.8880958172654587
2011-09-08,-0.007218560913347523,1.874515556537473
2011-09-09,-0.022261077357911434,1.8332478566437622
2011-09-12,0.007638070439063307,1.8473039452664763
2011-09-13,0.004644674574866825,1.8559040277645729
2011-09-14,0.010781339646992535,1.8760214107440258
2011-09-15,0.015413814924369752,1.9051620649407515
2011-09-16,0.008853456200843624,1.9221042214931257
2011-09-19,-0.006996903053895163,1.9087023849470937
2011-09-20,0.0010855501268607446,1.910775502095921
2011-09-21,-0.020296708452454265,1.8723839775624265
2011-09-22,-0.026726424390996113,1.8230046544050778
2011-09-23,0.0046398063057511525,1.8314826959217834
2011-09-26,0.02509894417242968,1.878032712307345
2011-09-27,0.01021205394293707,1.8973095441703554
2011-09-28,-0.012480404381597148,1.8737775039569957
2011-09-29,0.012250389731606581,1.896873185366012
2011-09-30,-0.018791260446171004,1.8615613632079433
2011-10-03,-0.021437461737756066,1.822078926375959
2011-10-04,0.015734486522998817,1.850975140069021
2011-10-05,0.011125819401593864,1.8716837416595051
2011-10-06,0.010478071935024556,1.8913984844175056
2011-10-07,-0.001914945959947378,1.8877800242147393
2011-10-10,0.028749245694151705,1.9428399493168647
2011-10-11,-0.0015475952290740327,1.9398355448810747
2011-10-12,0.00873345450567709,1.9568512049542166
2011-10-13,-0.001691661391313003,1.9535436737224623
2011-10-14,0.015031570601394335,1.983130313121402
2011-10-17,-0.015669569376947433,1.9522977127536874
2011-10-18,0.012168972211434002,1.9762003094208926
2011-10-19,-0.009066929549116125,1.958363226425416
2011-10-20,0.002800424065752027,1.9638551602168102
2011-10-21,0.014114155213893226,1.991769849490174
2011-10-24,0.005616159504483782,2.002987417000671
2011-10-25,-0.015139905627702867,1.9728907815297074
2011-10-26,0.011438105810731888,1.9955864654190942
2011-10-27,0.022685618441461365,2.0413749852962195
2011-10-28,-0.0008423025737879759,2.039656253839619
2011-10-31,-0.020902029809814704,1.9974657674779
2011-11-01,-0.02353418502699039,1.9510058806356516
2011-11-02,0.011879686733631588,1.9743214358552899
2011-11-03,0.015715813158278347,2.005594600593643
2011-11-04,-0.008487330382856284,1.988644488952764
2011-11-07,0.0074932310644467235,2.003601831037726
2011-11-08,0.012024161159314649,2.0278388854611094
2011-11-09,-0.031122776281580534,1.965698909569341
2011-11-10,0.005320406704238177,1.9761850978838378
2011-11-11,0.015329874729725836,2.0067131657533803
2011-11-14,-0.007775948652218238,1.9911695786051793
2011-11-15,0.0031734506833665625,1.9974984940041214
2011-11-16,-0.014245521948151508,1.969244807425815
2011-11-17,-0.010579856206523483,1.9485203049690136
2011-11-18,0.00023849194170330276,1.9489850667787643
2011-11-21,-0.01958048718941964,1.9111941790398657
2011-11-22,-0.002008907103015466,1.9073586214077687
2011-11-23,-0.018471357766310405,1.8724505105477054
2011-11-25,-0.00350040557123668,1.8659076323930264
2011-11-28,0.024550464405350948,1.91228347625664
2011-11-29,0.004255694927465503,1.920438912562333
2011-11-30,0.03647668034860042,1.9917834443082807
2011-12-01,-0.0017445496056587317,1.9883117084741508
2011-12-02,-0.000225599572534098,1.987863196796578
2011-12-05,0.008092691342142492,2.0040156302538197
2011-12-06,0.004256890536059124,2.0125646887175246
2011-12-07,0.0050658600056225165,2.0227859275063125
2011-12-08,-0.01575938182213136,1.9911579450423964
2011-12-09,0.014204882369242574,2.019643950622074
2011-12-12,-0.01264744320964548,1.994261468546137
2011-12-13,-0.0023481591072272013,1.9895841190461752
2011-12-14,-0.008474674715173653,1.9727942854949074
2011-12-15,0.0015429432661858296,1.9758405446514622
2011-12-16,0.002939318661647461,1.9816567132357814
2011-12-19,-0.008323366519463166,1.9652311110775167
2011-12-20,0.02214457073468559,2.0092357440383948
2011-12-21,-0.002443721861986889,2.0043317251943082
2011-12-22,0.006522400056589699,2.0174475052371186
2011-12-23,0.010611878618998875,2.038970410534488
2011-12-27,-0.0004683965040943339,2.038015587557571
2011-12-28,-0.007881305025565458,2.0220164947456416
2011-12-29,0.009094962240834944,2.040490541449273
2011-12-30,-0.004475372086727596,2.031378991033935
2012-01-03,0.010367531414116367,2.052548926903247
2012-01-04,-0.001290470769025808,2.0499018808462104
2012-01-05,-0.000905944032418096,2.048045625428932
2012-01-06,-0.0036007792035108906,2.040684326492749
2012-01-09,-0.000647834914416605,2.039362728071766
2012-01-10,0.0027107317534215652,2.0448983928369198
2012-01-11,-0.00019488081392445326,2.0444999202023277
2012-01-12,0.00048088055403055477,2.0454833168858904
2012-01-13,-0.0032969703731891785,2.0387505239993975
2012-01-17,0.0033254791364152004,2.045541631916695
2012-01-18,0.006389310972946846,2.058653075451815
2012-01-19,0.0019570354849246384,2.0626858774528016
2012-01-20,0.0055279848103369205,2.0741199482191823
2012-01-23,-0.0028647717349429575,2.0681865709602687
2012-01-24,-0.004735237462309728,2.058416366804783
2012-01-25,0.006104048128705343,2.071019465204305
2012-01-26,-0.005326739862527852,2.060017012879054
2012-01-27,-0.003649900781388387,2.0525118600375123
2012-01-30,0.0012532474044634236,2.055085777739685
2012-01-31,-0.001461306658945992,2.0520848603722524
2012-02-01,0.004195817141945213,2.0607131218515486
2012-02-02,-0.0009078159820852412,2.0588432224357462
2012-02-03,0.007306252693662205,2.0739407372442242
2012-02-06,0.0014202122839391375,2.076888265918204
2012-02-07,0.0018830877248572826,2.080802913373155
2012-02-08,0.0010443617945523598,2.0829771595900963
2012-02-09,0.0010634144482961373,2.0851934057823325
2012-02-10,-0.0050866036827685425,2.074613783309523
2012-02-13,0.0063448365849330815,2.087818716012364
2012-02-14,0.00037382433229239524,2.088599339348733
2012-02-15,-0.006215602378362864,2.0756576980411534
2012-02-16,0.009847477014172573,2.096198661853765
2012-02-17,0.0028028405269884603,2.1020822138931536
2012-02-21,0.0002338057952481562,2.1025737503566475
2012-02-22,-0.003703032567262959,2.094802249225422
2012-02-23,0.005626335300639424,2.1066215275004976
2012-02-24,0.002367744887467894,2.111615379602908
2012-02-27,0.0003079191108344491,2.112265686448834
2012-02-28,0.005607412283788452,2.124143301224775
2012-02-29,-0.00037019678739891256,2.123357095733039
2012-03-01,0.0022055363374124722,2.128045405182927
2012-03-02,-0.00030460796581323254,2.1273972843172966
2012-03-05,0.0014344261515686456,2.130451068306889
2012-03-06,-0.009411348862847481,2.1104947055141348
2012-03-07,0.004317218069107903,2.119625867818488
2012-03-08,0.006203283833192344,2.1328153755315946
2012-03-09,0.0016355690013083813,2.1363065965334753
2012-03-12,0.005436161219724545,2.1479515267887015
2012-03-13,0.01304300611974556,2.1761507734003813
2012-03-14,0.0008895780234846634,2.1780874906070014
2012-03-15,0.003634971325192483,2.186019183183192
2012-03-16,-0.00170115016123409,2.182303597577833
2012-03-19,0.00252192860838302,2.1878141571510064
2012-03-20,-0.0009994041513582616,2.1856287388399167
2012-03-21,-0.0004268964896461693,2.18469590073046
2012-03-22,-0.0017084994509360748,2.1809665356998122
2012-03-23,-0.0002093834710691183,2.1805099251613
2012-03-26,0.009797424295387396,2.201978301747589
2012-03-27,-0.0019753303574884117,2.1976329603169718
2012-03-28,8.659731449081095e-05,2.1978232776699387
2012-03-29,-0.001033144366197656,2.19555378149318
2012-03-30,0.0017828274432465318,2.1994715663574214
2012-04-02,0.0040053050784066785,2.2082987870470276
2012-04-03,-0.005284615323665444,2.196659558946889
2012-04-04,-0.007960533618662531,2.1792423936213825
2012-04-05,0.0005431652097520524,2.1804264038006735
2012-04-09,-0.00854171704695461,2.1618811353918854
2012-04-10,-0.012111426688348366,2.135855591875378
2012-04-11,0.002666972718864001,2.1415594631240014
2012-04-12,0.007413901136972211,2.157495775388239
2012-04-13,-0.011427673349601042,2.1329809588571496
2012-04-16,0.004435094802705326,2.142461940607533
2012-04-17,0.015037397180802915,2.1749224407995555
2012-04-18,-0.0061283352015356835,2.1616345449720744
2012-04-19,-0.005248971418466843,2.150317913349009
2012-04-20,0.006634867825286713,2.1646324234154526
2012-04-23,-0.00997922657381249,2.143138490797359
2012-04-24,0.0036440609670201096,2.15096246498006
2012-04-25,0.00980046731991989,2.172146539681268
2012-04-26,0.008878629571265706,2.191518093351333
2012-04-27,-0.0014804432940659638,2.1882760754901387
2012-04-30,-0.0034151966104453506,2.1808154294923456
2012-05-01,0.004303724448177536,2.1902212837577273
2012-05-02,-0.0005454958825264262,2.189026852873799
2012-05-03,-0.000913252477706097,2.18702863125595
2012-05-04,-0.012116761600284251,2.1606888255489607
2012-05-07,0.002152149721071636,2.1653439588773518
2012-05-08,-0.0021475398079475712,2.1606987861596934
2012-05-09,-0.0037658465537290502,2.152577227951238
2012-05-10,0.005124836749409188,2.1636371507780288
2012-05-11,-0.0014969249473302778,2.1604007712630118
2012-05-14,-0.008303193027926504,2.142536813220278
2012-05-15,-0.0026131780279889344,2.1369452920977845
2012-05-16,0.0019149549914003233,2.1410413667988735
2012-05-17,-0.002420320344527307,2.1358656268213205
2012-05-18,-0.006285565726416712,2.1224826070281133
2012-05-21,0.007957844532341154,2.1394403777984334
2012-05-22,-0.0012026382111880879,2.1368689516071613
2012-05-23,-0.000968287039592794,2.134800850515338
2012-05-24,0.0034072576537726644,2.1420870730221813
2012-05-25,-0.004036515327353312,2.13345793326339
2012-05-29,0.006932979141576816,2.1483005449203683
2012-05-30,-0.008616421243519195,2.1298694017458164
2012-05-31,-0.0007451364075099522,2.128282949646347
2012-06-01,-0.01626785454901928,2.093940448957493
2012-06-04,0.0024005948216923034,2.0989731899252324
2012-06-05,-0.0011019865504440908,2.096661423701781
2012-06-06,0.018340510654689918,2.135470062159641
2012-06-07,0.0005891370293145589,2.1367285173131183
2012-06-08,0.010560223257752483,2.1594124101782555
2012-06-11,-0.010272176538936783,2.137344083603199
2012-06-12,0.00884139858150591,2.1563249797411737
2012-06-13,-0.001240391823610592,2.1536519500120863
2012-06-14,0.01177874545314929,2.179169254020818
2012-06-15,0.008438320176646362,2.19763558473604
2012-06-18,-0.0009833196600903486,2.1954756685779047
2012-06-19,0.005879237713815204,2.2084214101849375
2012-06-20,-0.0011300198111456406,2.2059272597251938
2012-06-21,-0.016513285274746298,2.169799270457081
2012-06-22,0.005071709577813332,2.1808318154826587
2012-06-25,-0.008754987455772311,2.161821997080534
2012-06-26,0.004017372303686909,2.170524309407281
2012-06-27,0.008494934805988707,2.189041310916006
2012-06-28,-0.0014930804594830737,2.1857753348988957
2012-06-29,0.01984072504712989,2.2295757818017075
2012-07-02,0.002585022282998813,2.23534674069434
2012-07-03,0.004847786562321441,2.246209533562758
2012-07-05,-0.003563743752890959,2.2382188651740837
2012-07-06,-0.006512045618110747,2.2236908367531516
2012-07-09,0.0008713538927502128,2.2256293028423664
2012-07-10,-0.004129760555736202,2.216456939603908
2012-07-11,-0.0014103054285145578,2.213333261537722
2012-07-12,-0.0015743529647929567,2.2098514352862537
2012-07-13,0.01508052714108488,2.243429712526149
2012-07-16,-0.0021840694839676397,2.238535253017034
2012-07-17,0.007755675601050887,2.255964105159844
2012-07-18,0.005717495487028212,2.268899513581706
2012-07-19,0.0018236329862527257,2.2730409286399844
2012-07-20,-0.0050610430139540466,2.2615660326919507
2012-07-23,-0.005614311936283694,2.2489044717544746
2012-07-24,-0.006320444519176535,2.2347352209630023
2012-07-25,-5.264782036071899e-05,2.2346175701215927
2012-07-26,0.01552523109093888,2.2695812314791706
2012-07-27,0.014421269927321541,2.3025486194822697
2012-07-30,0.0015171762073485336,2.306044642835135
2012-07-31,-0.001521736550087326,2.302538119095335
2012-08-01,-0.0014320408072797583,2.2992431503763995
2012-08-02,-0.007284280019426083,2.282555671358729
2012-08-03,0.0160605480624828,2.3195107313330054
2012-08-06,0.0007051769494608599,2.3211469736871595
2012-08-07,-0.0013742502943441134,2.317959327588821
2012-08-08,0.0018269236153047332,2.322197932848817
2012-08-09,-6.576475878696191e-06,2.3221826610203435
2012-08-10,0.0016924038970451563,2.3261160595161297
2012-08-13,-0.001392617490828672,2.322878924174769
2012-08-14,0.0024664046455608554,2.328615154569212
2012-08-15,-0.0002586479523196984,2.3280129409117643
2012-08-16,0.0023135311874915216,2.333405106522004
2012-08-17,-0.0006144544060576634,2.331971775876446
2012-08-20,-0.000584113945228033,2.330610036386509
2012-08-21,-0.0054387381760202585,2.3179688657771256
2012-08-22,-0.0008024920119041647,2.316109460457242
2012-08-23,-0.006070854628440576,2.3020912908078985
2012-08-24,0.00753171183046201,2.3194954382560784
2012-08-27,-0.001768510938699129,2.3153970103267696
2012-08-28,-0.0009400193255136341,2.3132215150548205
2012-08-29,-0.0004258463988072825,2.3122366477189784
2012-08-30,-0.006937729312131739,2.2962504936767862
2012-08-31,0.005847972167978677,2.3097182437867243
2012-09-04,-0.0008415805696317548,2.307775247500069
2012-09-05,0.002265178981558763,2.3130086965965635
2012-09-06,0.01797201683712136,2.3549539189611077
2012-09-07,-0.0016724153663628186,2.351018749376216
2012-09-10,-0.0042316334277937235,2.341091119706042
2012-09-11,0.001988739099772503,2.3457515718275705
2012-09-12,0.001086180248651372,2.3483008650984964
2012-09-13,0.014729889826001681,2.3831470885906705
2012-09-14,-0.0018092565937223558,2.378839262163618
2012-09-17,0.0005254085265825039,2.38008945299703
2012-09-18,0.001953264253667045,2.384742939911407
2012-09-19,0.000487575742462265,2.385905966229586
2012-09-20,0.003938866609432511,2.3953222641697574
2012-09-21,-0.0010251230253656848,2.392868022328422
2012-09-24,0.0002397919175381142,2.3934418815405625
2012-09-25,-0.005992586915607536,2.37914186288441
2012-09-26,-0.0032445093354036324,2.371435223791818
2012-09-27,0.005931263218647593,2.385542626310895
2012-09-28,-0.0040964672325000066,2.3757903177545243
2012-10-01,0.004305534102921938,2.3860414163804586
2012-10-02,-0.001028167219679074,2.383589427554612
2012-10-03,0.0036683848273530066,2.392349408512288
2012-10-04,0.004763684441476226,2.40377299374316
2012-10-05,0.0020759923257837316,2.408768391440665
2012-10-08,-0.004192312080689609,2.398691220695228
2012-10-09,-0.009908147309422348,2.3750419882430456
2012-10-10,-0.005443730756031264,2.3621480265944204
2012-10-11,-0.0022310005727190626,2.3568839472596825
2012-10-12,-0.00020440027997463533,2.356402248752327
2012-10-15,0.007325891621923356,2.3737283834476717
2012-10-16,0.005737219038287157,2.3873861243837684
2012-10-17,0.0021393016174822846,2.3924989303483084
2012-10-18,-0.0031464273331277322,2.3849829367838717
2012-10-19,-0.015062133987494694,2.349329189049873
2012-10-22,-0.0016825689700100017,2.3453796043121864
2012-10-23,-0.014311429627833498,2.312052914265017
2012-10-24,0.0011761676745290302,2.314773876004522
2012-10-25,0.006877951478475398,2.330749655746848
2012-10-26,-0.001014938970261871,2.3283852871391875
2012-10-31,-0.0015123740547346644,2.324866559128658
2012-11-01,0.00584520456059362,2.33849567341854
2012-11-02,-0.008788859851102159,2.318033016114124
2012-11-05,-0.0001404966735341928,2.3177073630633385
2012-11-06,0.006392703618299407,2.332571238865954
2012-11-07,-0.02084504209981086,2.284451959759931
2012-11-08,-0.011641750692259834,2.258011146878857
2012-11-09,0.002158717662848234,2.2628908204483293
2012-11-12,-0.001983045146751946,2.2584078522224953
2012-11-13,-0.006140094941491911,2.244583498447945
2012-11-14,-0.009240513294312106,2.22393792952261
2012-11-15,-0.005131132418485224,2.212555836003057
2012-11-16,0.001959559559787003,2.2168957216865817
2012-11-19,0.016634684272217478,2.2540815115402797
2012-11-20,-0.0001547167238094649,2.2537327944104963
2012-11-21,0.002621899256363617,2.2596496080032598
2012-11-23,0.014266466302738175,2.2921178760250642
2012-11-26,-0.004241768072034298,2.2824158350520896
2012-11-27,-0.005167029587372547,2.2706529406839633
2012-11-28,0.010032624783465508,2.2935482074210434
2012-11-29,0.0022563012832578144,2.298728985685084
2012-11-30,0.0030165592447212075,2.3056737071736664
2012-12-03,-0.004829535506923421,2.2945652201453273
2012-12-04,-0.0014608138033028923,2.2912157346821034
2012-12-05,0.0011551910590518796,2.2938640559772
2012-12-06,0.0033145381652725813,2.3014797702522047
2012-12-07,0.002045092513664398,2.3061913254416853
2012-12-10,-0.0007072633465649039,2.304560817514249
2012-12-11,0.006854963420343542,2.32041276781375
2012-12-12,-0.0013061545085438805,2.3173839287119216
2012-12-13,-0.004561017657678823,2.30683836722103
2012-12-14,-0.004071011070488519,2.2974662925438425
2012-12-17,0.007327433382183748,2.31436265162419
2012-12-18,0.00587410880861356,2.3279974766794465
2012-12-19,-0.0066934517330744315,2.312467171591062
2012-12-20,0.0049223624452446185,2.3238780343133354
2012-12-21,-0.009274475427287465,2.3024249215471806
2012-12-24,-0.0033574957974712863,2.294707502399998
2012-12-26,-0.002582624888390816,2.288788779902536
2012-12-27,-0.0011189702041108215,2.2862291258097307
2012-12-28,-0.01166355003791035,2.259718482647359
2012-12-31,0.011959183786234753,2.2869051122129957
2013-01-02,0.0246842358980746,2.344058104482613
2013-01-03,-0.004112964091740893,2.3344368771143635
2013-01-04,0.002496724915647758,2.3402726059027117
2013-01-07,-0.003956467945932032,2.3310316851106667
2013-01-08,-0.0034956552065170663,2.322897427626932
2013-01-09,0.00018419830673220162,2.323325340809045
2013-01-10,0.006363593838722165,2.3381571814864883
2013-01-11,0.00022634869814825193,2.3386864802213636
2013-01-14,-0.0029499778480668658,2.3317975729688505
2013-01-15,-9.601170318960321e-05,2.3315737038595756
2013-01-16,-0.00029995459246461037,2.3308744424980046
2013-01-17,0.0030181739617773868,2.337920054140902
2013-01-18,0.003683405479472945,2.3465474410066016
2013-01-22,0.0008699451384858333,2.348589696741557
2013-01-23,0.007921929929293034,2.367268949931573
2013-01-24,-0.002399556526220538,2.361595364040786
2013-01-25,0.006196477721264589,2.376274369196611
2013-01-28,0.0009372979550598436,2.378502690440856
2013-01-29,0.009699817862625476,2.4016859884386497
2013-01-30,-0.0027812796009403615,2.3950155087256846
2013-01-31,-0.002079664837896837,2.390039854825512
2013-02-01,0.01132471397163372,2.417260213032646
2013-02-04,-0.011230097461027249,2.3902660027552813
2013-02-05,0.009640660487209449,2.4134211820318363
2013-02-06,0.001518251803331048,2.417088146076651
2013-02-07,-0.0020715209783377306,2.4120862797996905
2013-02-08,0.0033495675581533785,2.4201792721956847
2013-02-11,0.0004044385719507149,2.4211582840061205
2013-02-12,-0.00013079682805036376,2.42084162489182
2013-02-13,0.001042080134971445,2.4233656507492247
2013-02-14,-6.924298797190582e-05,2.423197855480008
2013-02-15,0.00028494543037437605,2.423888433019605
2013-02-19,0.008221595245764459,2.443898808524811
2013-02-20,-0.005575804354876644,2.4303100263066875
2013-02-21,-0.001165999024539543,2.427477938613294
2013-02-22,0.006826923509721358,2.4441068423636536
2013-02-25,-0.01413312634925755,2.409806925017514
2013-02-26,0.005955896819300564,2.424202312585279
2013-02-27,0.011035303316887648,2.4511022720274496
2013-02-28,-0.0015844301486798785,2.4472217467126143
2013-03-01,0.0020620464158085956,2.4522732379588947
2013-03-04,0.0057163407683868735,2.466331409813687
2013-03-05,0.0082388858661386,2.4867351695150792
2013-03-06,5.6337614519726595e-05,2.4868752701889036
2013-03-07,0.0022164801079254583,2.492393493012576
2013-03-08,0.002230514447575449,2.4979590173915875
2013-03-11,0.0017017643058657675,2.5022135739844065
2013-03-12,-0.0031823887961688517,2.4942632148177415
2013-03-13,-0.00012722556459673922,2.493945900957629
2013-03-14,0.007334481658595537,2.5123049461644853
2013-03-15,-0.0046683691633594366,2.5006039128471125
2013-03-18,-0.0022770964985164305,2.4949162745412408
2013-03-19,0.0028991318991064417,2.5021598608809668
2013-03-20,0.005028873463964462,2.514774598582695
2013-03-21,-0.006412529273817796,2.4987001269447306
2013-03-22,0.005390814278996094,2.5122065278083365
2013-03-25,-0.002450560664278108,2.5060577503638934
2013-03-26,0.007448334422760618,2.5247933946259646
2013-03-27,-0.004062410789284386,2.514557452077776
2013-03-28,0.0013816709974907584,2.518034144450257
2013-04-01,0.0008382230928746117,2.520145703673999
2013-04-02,0.009337197493899543,2.5437870017972015
2013-04-03,-0.007981048647907255,2.5235657148597235
2013-04-04,0.0032357294825778107,2.531744515902385
2013-04-05,-0.005823129091162693,2.5170446818140273
2013-04-08,0.0055260418588584164,2.5309924786471187
2013-04-09,0.0023400372444103154,2.5369220302925815
2013-04-10,0.010519972191133415,2.5637512534112523
2013-04-11,0.0037711855313925496,2.573437888613322
2013-04-12,0.0007631524527470416,2.575402563627935
2013-04-15,-0.01507255266078769,2.5368757509513187
2013-04-16,0.014134240781314821,2.5729871661833315
2013-04-17,-0.01074856283439038,2.5454793515273137
2013-04-18,-0.006723384988593775,2.5284225179488065
2013-04-19,0.006942539541679817,2.5460372660495083
2013-04-22,0.002415444501652424,2.552194511012898
2013-04-23,0.009201405972168187,2.575786662858169
2013-04-24,-0.010959130971737839,2.5477123952345977
2013-04-25,0.004148832400949741,2.5583043839681188
2013-04-26,0.0016304762757570084,2.5624790409871143
2013-04-29,0.0069746055213189065,2.580413792660546
2013-04-30,0.0007858768618677637,2.5824424771979513
2013-05-01,-0.0064395776007380836,2.5658660682850853
2013-05-02,0.006854751862299041,2.5835148634446257
2013-05-03,0.005492895712075275,2.597744887400016
2013-05-06,-0.00095523995142937,2.595264602522155
2013-05-07,0.004535507864839647,2.607062179315577
2013-05-08,0.004729618560520795,2.61942179407935
2013-05-09,-0.005302588384604607,2.60556883921758
2013-05-10,0.003045117940923522,2.613515196293064
2013-05-13,-0.00014058951671143768,2.6131477892820913
2013-05-14,0.008093923531778548,2.634384234812886
2013-05-15,0.007872770265290338,2.6552059915927435
2013-05-16,-0.003567374247830161,2.6457507533297977
2013-05-17,0.004897595560603507,2.658740353413106
2013-05-20,-0.002951166245980964,2.650905535237126
2013-05-21,-0.0011590774171996278,2.647834710501699
2013-05-22,-0.004763228347864711,2.635252459005875
2013-05-23,-0.0032706611916401354,2.6266475206477478
2013-05-24,0.0035420944723414368,2.6359678513125475
2013-05-28,0.0020561414786480292,2.6413933500330384
2013-05-29,-0.011926430091404186,2.610078067850745
2013-05-30,0.0003920090936445166,2.611101442761495
2013-05-31,-0.01527788179047811,2.57151253097969
2013-06-03,0.008429309490367397,2.5932802203684306
2013-06-04,-0.0026796534176664103,2.586340430431486
2013-06-05,-0.010412339274553704,2.5595502924346913
2013-06-06,0.008145989748751553,2.580485516170563
2013-06-07,0.009920231036669669,2.6062119236509864
2013-06-10,0.0009289387259323986,2.6086340596686486
2013-06-11,-0.007089669432950728,2.5902051112818465
2013-06-12,-0.005585369792055654,2.575778185262063
2013-06-13,0.011375588546096715,2.6052464698484137
2013-06-14,-0.004914821235975145,2.592473563161253
2013-06-17,0.0064235631414760195,2.6091800810274712
2013-06-18,0.007244537597734759,2.6281510190893425
2013-06-19,-0.01554714494525523,2.5876067646298404
2013-06-20,-0.024530783514939966,2.5249029741706654
2013-06-21,0.00291847922093368,2.5322826144610597
2013-06-24,-0.006629182486282926,2.515551170075379
2013-06-25,0.007365944504440949,2.534148991564092
2013-06-26,0.008800650164143477,2.556549575574729
2013-06-27,0.0030231284295267505,2.564290047603457
2013-06-28,-0.006675359231506429,2.5472294963680837
2013-07-01,0.00405569161935784,2.557581251262522
2013-07-02,0.0004225462637258259,2.558662176018694
2013-07-03,0.002988170071684933,2.5663193284958976
2013-07-05,0.007188713170760456,2.584834331843071
2013-07-08,0.00717030801003558,2.60343499671203
2013-07-09,0.004278520644749726,2.614597710013912
2013-07-10,-0.001967977885793581,2.6094572993066962
2013-07-11,0.012565246948299219,2.6424526378394693
2013-07-12,-0.000965500702179453,2.6399025792019573
2013-07-15,0.0010174509752091398,2.6425899175413012
2013-07-16,-0.0005893481489589712,2.6410329709018154
2013-07-17,0.0012473113945495726,2.644329216714929
2013-07-18,0.0003154900473904459,2.6451636078789593
2013-07-19,-0.001280100324342624,2.641779699419821
2013-07-22,0.0027179127817401473,2.648969592556636
2013-07-23,-0.00030435077730365937,2.648163499275868
2013-07-24,-0.0008069767221587751,2.646027355000758
2013-07-25,-6.364846737447414e-05,2.6458589447745644
2013-07-26,0.0011006212517372092,2.64877263649967
2013-07-29,-0.0007596048922034089,2.6467613798235634
2013-07-30,-0.0004121427050033693,2.6456707611896793
2013-07-31,-0.0026073434204381637,2.63878157407905
2013-08-01,0.00727393983130192,2.658045891279119
2013-08-02,0.0006870622087336881,2.659872761675036
2013-08-05,-0.0010925767721716244,2.6569682334776528
2013-08-06,-0.003926267159347652,2.6465567189279
2013-08-07,-0.0018202859932423482,2.641743610747812
2013-08-08,0.0015791394795575087,2.6459185879464844
2013-08-09,-0.005849215099390453,2.6304872156944117
2013-08-12,0.0007611896240212011,2.6324902775273444
2013-08-13,0.0005971174582464693,2.634062652830373
2013-08-14,-0.004340922293000484,2.6226531732878966
2013-08-15,-0.011847897363713968,2.5917635972701443
2013-08-16,-0.004634082416688597,2.579780936917326
2013-08-19,-0.004152372244653306,2.569090935949162
2013-08-20,-0.00113103208242265,2.566186854292287
2013-08-21,-0.004618368663844692,2.554362582778344
2013-08-22,0.0036852516447119727,2.5637934185157665
2013-08-23,0.007880756483375731,2.584077873563451
2013-08-26,-0.00875870390601647,2.5615435304780156
2013-08-27,-0.0101812259763576,2.5355961889554006
2013-08-28,-0.0008287867223744445,2.5334955910947388
2013-08-29,0.0028621246203475977,2.5407571579991806
2013-08-30,-0.000841543597452596,2.5386198995044187
2013-09-03,-0.004948803834359331,2.526087802632895
2013-09-04,0.006026913555283979,2.5413582861712096
2013-09-05,-0.0010880337240898729,2.5385947063575096
2013-09-06,-0.00047695698319364933,2.5373841945887827
2013-09-09,0.00736495296312044,2.556140896159528
2013-09-10,0.005552884419009705,2.5703743328556152
2013-09-11,0.005326773100936241,2.5841026651054704
2013-09-12,-0.001161541227407001,2.5811028658566206
2013-09-13,0.0032631756868238895,2.5895392151325223
2013-09-16,0.004517136405579151,2.601262975973521
2013-09-17,0.0022525106805950925,2.607128952717337
2013-09-18,0.012544473590130537,2.640040007355663
2013-09-19,-0.0011249625527131502,2.637071731122567
2013-09-20,-0.005966164146581162,2.621385368545176
2013-09-23,-0.002902973829431244,2.6137865902870487
2013-09-24,-0.0073124887945036025,2.594743017947884
2013-09-25,-0.005637344066388662,2.5801567114350408
2013-09-26,0.003933639096171828,2.5903261049984243
2013-09-27,-0.004678551311068577,2.578235436863635
2013-09-30,-0.007996339347539308,2.5577012001706523
2013-10-01,0.006157192694520125,2.5734980415069764
2013-10-02,-0.000661889392349186,2.5717952340493344
2013-10-03,-0.007038639645022343,2.553756851465543
2013-10-04,0.0019377463301106141,2.558710182031606
2013-10-07,-0.005864913632492889,2.5437474881466375
2013-10-08,-0.007746213793855666,2.5241191968837553
2013-10-09,0.002280653523580287,2.5298824076695037
2013-10-10,0.0178759102122721,2.575512987419011
2013-10-11,0.004774055294047778,2.587838025629506
2013-10-14,0.0046635500923726415,2.599934722745508
2013-10-15,-0.006410226425879159,2.5833218554871342
2013-10-16,0.013476170281748828,2.618370772867373
2013-10-17,0.0033429483618407792,2.627138498014266
2013-10-18,0.010785668964546004,2.655627303413732
2013-10-21,0.0011242750346364954,2.6586146378703694
2013-10-22,0.0072303181883758855,2.6779069282956365
2013-10-23,-0.000678430253683916,2.676090771356497
2013-10-24,0.0003313930718352143,2.6769777562599355
2013-10-25,0.001364966652896317,2.6806342365468954
2013-10-28,0.005915558941485919,2.6965386818357517
2013-10-29,0.008670208128637004,2.720019879775951
2013-10-30,-0.005100156978996835,2.7061826673747915
2013-10-31,-0.0037756828009434867,2.6959842451406226
2013-11-01,0.0013928270479815798,2.6997419011932027
2013-11-04,0.003915413727049994,2.710333228876699
2013-11-05,-0.0037705068418706893,2.7001331407288593
2013-11-06,0.011280959199612316,2.730765689934227
2013-11-07,-0.00813487884291582,2.7086413533058713
2013-11-08,0.007863293652855626,2.7300241551148114
2013-11-11,0.0007741994981897446,2.732138556824507
2013-11-12,-0.0005631135936765649,2.7306004855584134
2013-11-13,0.005028437875807914,2.744365720272799
2013-11-14,0.002816181519630993,2.752105245135683
2013-11-15,0.00514477157866152,2.7663006828133097
2013-11-18,-0.00011517117084561641,2.765982103070712
2013-11-19,0.00046072150669950547,2.767256744117468
2013-11-20,-0.002426520943007707,2.760550077896948
2013-11-21,0.0020535042896434375,2.7662247037638634
2013-11-22,0.0021820734821175465,2.772267399741188
2013-11-25,0.0002659640895551117,2.7730048213756535
2013-11-26,-0.0030170910944581227,2.7646510216485125
2013-11-27,0.002331708447784123,2.7711049031518034
2013-11-29,-0.00030729551635375773,2.7702534858647763
2013-12-02,-0.0060586723436950474,2.7535201697113414
2013-12-03,7.298421481127851e-05,2.753721140552655
2013-12-04,-0.0008875391236544629,2.7512781895724308
2013-12-05,-0.007387710274901407,2.7310274388658984
2013-12-06,0.01113057573626174,2.7615951491343567
2013-12-09,0.003030860708378488,2.769977856356248
2013-12-10,-0.007787503701053838,2.748490418889845
2013-12-11,-0.008114129132636882,2.7262790475433922
2013-12-12,-0.009889516344436423,2.6994503464414628
2013-12-13,-0.002670440413576928,2.6922512418100744
2013-12-16,0.003997560953566353,2.703035220696881
2013-12-17,-0.006753287322556994,2.6848423472028
2013-12-18,0.017246505859738113,2.73154809426481
2013-12-19,0.0004018273693956888,2.7326459256044737
2013-12-20,-0.001265544369673346,2.7291898283225167
2013-12-23,0.006000819910233012,2.7456164422658427
2013-12-24,0.003553980551902203,2.755391669900031
2013-12-26,0.006647797001032104,2.773769974315385
2013-12-27,0.0015181988800678401,2.7779843070721144
2013-12-30,1.1195885759077371e-05,2.778015409241165
2013-12-31,0.0017392546230929932,2.782851289579281
2014-01-02,-0.009504869001387294,2.7565259602161127
2014-01-03,-0.0014679884894840097,2.7524823805259286
2014-01-06,-0.00048687034315311045,2.751142604659832
2014-01-07,0.008716380640084355,2.7752274245386483
2014-01-08,-0.005191406355374978,2.760857423779372
2014-01-09,-0.00300409987628591,2.7525759777077847
2014-01-10,0.00027166932040326473,2.753323869738067
2014-01-13,-0.010482323861628316,2.7246133764736475
2014-01-14,0.007940071190974831,2.746333114675048
2014-01-15,0.006561336940721713,2.7644119774875064
2014-01-16,-0.0019135360578164376,2.759127233376691
2014-01-17,-0.0043795094845314134,2.74707003107653
2014-01-21,-0.0006945569763580597,2.7451626968747163
2014-01-22,-0.004711478085751204,2.7322593437882907
2014-01-23,-0.006998975637887546,2.7132030921155215
2014-01-24,-0.013694631549003973,2.6763000390492016
2014-01-27,-0.005296352591828959,2.662162881134535
2014-01-28,0.002936251822181257,2.669991149003775
2014-01-29,-0.009191408437738646,2.645562608157099
2014-01-30,0.005602739583754647,2.660426607178387
2014-01-31,-0.007523930440025156,2.64048485669128
2014-02-03,-0.020909695774379396,2.58584634963947
2014-02-04,0.004726089972818536,2.598096216328813
2014-02-05,0.00023051306585860176,2.5986951804849143
2014-02-06,0.009711146858751121,2.6240544254050002
2014-02-07,0.009459755794817894,2.6489951199126662
2014-02-10,0.004173131001548659,2.660072821844673
2014-02-11,0.011778077256310011,2.6915885983432815
2014-02-12,-0.002655267933478767,2.6844511895078815
2014-02-13,0.004959541110736054,2.697797904976568
2014-02-14,0.005099809025763784,2.7115913010299644
2014-02-18,-0.008501539618334048,2.688636314776118
2014-02-19,-0.004203045411338817,2.6773595691882974
2014-02-20,0.004886936275830674,2.6904756774797187
2014-02-21,-0.0052259364861848125,2.6764520975563766
2014-02-24,0.0024718858997917594,2.6830761653548136
2014-02-25,0.0008304756160706722,2.685305320187449
2014-02-26,0.0020637041181299654,2.6908527179601647
2014-02-27,0.006359128036117066,2.708018717467126
2014-02-28,0.0029501910243947037,2.7160196863714945
2014-03-03,-0.007391065608563741,2.6960194094026013
2014-03-04,0.013541184717342156,2.732775001724357
2014-03-05,-0.0028635877485243986,2.7249606545842027
2014-03-06,0.0025357081784755544,2.7318791275092034
2014-03-07,0.0012628420043660669,2.7353312384988766
2014-03-10,0.00042965091729281013,2.7365067285817104
2014-03-11,-0.0010569802313869093,2.733615823150633
2014-03-12,0.000320693274206479,2.734492615942643
2014-03-13,-0.009924209521949784,2.7074891539236545
2014-03-14,-0.0037491893699215404,2.697357269413604
2014-03-17,0.009387897119688123,2.722799017356316
2014-03-18,0.0064028540955986465,2.7402886341773263
2014-03-19,-0.007194162781268476,2.7206452950865008
2014-03-20,0.008598762121682016,2.7441403462082703
2014-03-21,0.00024397846046242348,2.744809939025022
2014-03-24,0.0021763053871172522,2.750789988528632
2014-03-25,0.008739328686000435,2.7749354000512905
2014-03-26,-0.004761733016987195,2.7617533082454164
2014-03-27,0.0009018836344545529,2.764245211891174
2014-03-28,0.0023230183921221547,2.7706740686439066
2014-03-31,0.005882156502526009,2.7870196335893613
2014-04-01,0.00170193289216458,2.791766992672239
2014-04-02,0.0006815141807189938,2.7936702699485685
2014-04-03,-0.0017014270373270728,2.788921085159287
2014-04-04,-0.00805212075662544,2.7665545257670527
2014-04-07,-0.0033179241248731035,2.7573905189098706
2014-04-08,0.006459207893318001,2.77525872261199
2014-04-09,0.00692530367113074,2.794544936395356
2014-04-10,-0.016386225895585756,2.749126030295127
2014-04-11,-0.006751375224219026,2.7306281622127337
2014-04-14,0.006872540959156641,2.749459150351984
2014-04-15,0.008222014651917192,2.7721584328121485
2014-04-16,0.008381934102237434,2.795492136286896
2014-04-17,7.238181612933264e-05,2.7956944864078417
2014-04-21,0.00354523430367553,2.8056234682877124
2014-04-22,0.0007193161858361173,2.807642324670801
2014-04-23,-0.0025175980012903127,2.800582700342755
2014-04-24,0.0012209345023484108,2.804004116625857
2014-04-25,-0.003272980415529728,2.7948416685030244
2014-04-28,0.011632686077053625,2.8275430177732583
2014-04-29,0.0004929359508945384,2.828937158962346
2014-04-30,0.001725826189320828,2.8338236281846525
2014-05-01,-0.0030108687610858943,2.8253041890406747
2014-05-02,-0.004714610109168045,2.812015331854647
2014-05-05,-0.0024992739937223975,2.804996110198586
2014-05-06,-0.009574315059809763,2.7782683478786216
2014-05-07,0.0076776802063183505,2.7996810987233545
2014-05-08,1.0092455184726426e-05,2.79970935452196
2014-05-09,0.0019969641534134486,2.8053058598933793
2014-05-12,0.004182808484876174,2.817064491955825
2014-05-13,0.002455962094447903,2.8239915984392767
2014-05-14,-0.004397268711260682,2.8116010108794236
2014-05-15,-0.009429224942613593,2.7852143906907783
2014-05-16,0.0028873757097100396,2.7932679723316127
2014-05-19,0.0012078711234878746,2.796643918499055
2014-05-20,-0.004611641407683296,2.7837764923840416
2014-05-21,0.008011167024686733,2.8061673595608685
2014-05-22,0.0004931364957341343,2.807551524362045
2014-05-23,0.002159490962982403,2.8136209575914335
2014-05-27,0.0017287535138168614,2.81848922151016
2014-05-28,-0.002274119931733104,2.8120869215523094
2014-05-29,0.003969173323307696,2.823270762563024
2014-05-30,0.0039063910829053375,2.8343211317741193
2014-06-02,-0.0019250953444010159,2.828870041976074
2014-06-03,-0.0027425758543284883,2.8211222805719682
2014-06-04,0.00017542364798110824,2.8216172155442067
2014-06-05,0.008204158305943182,2.844861429086042
2014-06-06,0.0031298703593773706,2.8537794253554467
2014-06-09,0.0007161095128395817,2.8558237758515443
2014-06-10,0.001375833342543701,2.859755617582044
2014-06-11,-0.003955615688578542,2.848465867073543
2014-06-12,-0.0062855105298197465,2.8306179552517707
2014-06-13,0.0011827867335241482,2.8339679533930475
2014-06-16,0.0011337876646855857,2.8371828934860353
2014-06-17,-0.00015517690707029104,2.836742662377566
2014-06-18,0.008107825889905449,2.859835969729589
2014-06-19,0.0015534081812612387,2.8642819146115746
2014-06-20,-0.000487215778821364,2.862886731173075
2014-06-23,0.0017895115068451174,2.868014486641605
2014-06-24,-0.004694380186949717,2.8545824883798514
2014-06-25,0.0027689894117402117,2.862497750646426
2014-06-26,-0.0036240395327484035,2.852142720488295
2014-06-27,0.002260650499329345,2.8585977118442
2014-06-30,-0.0026345996322573294,2.8510763635850274
2014-07-01,0.007057843701353235,2.87126999285377
2014-07-02,0.0029016501080441864,2.879613512872568
2014-07-03,0.003653288157873029,2.890152810642359
2014-07-07,0.0002344317214275937,2.8908304335659976
2014-07-08,-0.0055110181355650266,2.8749428332570854
2014-07-09,0.004160547879391155,2.8869290879683485
2014-07-10,-0.0014198347287183116,2.882833034337615
2014-07-11,0.0004747339262766192,2.884201937889576
2014-07-14,0.005916101556729464,2.9013157430533285
2014-07-15,-0.0012302663716046295,2.897748546612083
2014-07-16,0.0052627310738842525,2.9130388169326547
2014-07-17,-0.008905669649887381,2.8872114313331076
2014-07-18,0.007812183025163894,2.9098551888936033
2014-07-21,-0.0028873163871738325,2.9014656338007185
2014-07-22,0.0015816484900185418,2.9060583636239197
2014-07-23,0.00041631292195457156,2.9072684451414594
2014-07-24,0.0005636941044019608,2.9089077172044915
2014-07-25,-0.005879791685327354,2.891854130694854
2014-07-28,-0.0006364724120062409,2.890014130937777
2014-07-29,-0.004700056307640811,2.87646277281199
2014-07-30,-0.002353243124859413,2.8697017148945756
2014-07-31,-0.01957996406814805,2.8140595716524786
2014-08-01,-0.0024116123015206796,2.80728132750587
2014-08-04,0.004356257735798772,2.8195372440894086
2014-08-05,-0.008468617584548982,2.7957604816586628
2014-08-06,0.007909449174375291,2.817961088640442
2014-08-07,-0.00642020064132436,2.799927165698688
2014-08-08,0.00885236496835042,2.824823174552785
2014-08-11,0.0014624938870324694,2.828957483641499
2014-08-12,-0.0010732399937857782,2.825922962005601
2014-08-13,0.00576030551555688,2.8422481154252757
2014-08-14,0.00421296816411279,2.854247675383671
2014-08-15,-0.0009879397651197533,2.8514292430555837
2014-08-18,0.009042994597773649,2.8773316434142786
2014-08-19,0.0037338109320914875,2.888095137681197
2014-08-20,0.0008796141076968325,2.8906366645262365
2014-08-21,0.0053009609948598555,2.9060005023104045
2014-08-22,-0.0027280562827839447,2.8980835732064016
2014-08-25,0.003564301563567936,2.908431647891751
2014-08-26,0.0022523232317821448,2.914989758780685
2014-08-27,0.0005489138868865029,2.9165902763723905
2014-08-28,-0.0021332326724122367,2.910375142223333
2014-08-29,0.002817024958978727,2.9185853003197075
2014-09-02,-0.001570693823350263,2.914004694721761
2014-09-03,0.00048528648042957197,2.915419164987907
2014-09-04,0.0005892931388253172,2.9171377078116487
2014-09-05,0.004469599515912294,2.9302053268555497
2014-09-08,-0.005325116621178676,2.914643113840256
2014-09-09,-0.004455088082821296,2.901687003773083
2014-09-10,0.004325162929548363,2.9142644529862722
2014-09-11,0.0006020097454980753,2.916019396781561
2014-09-12,-0.005016479174028006,2.9014278758367125
2014-09-15,0.002743972651279402,2.9094002475604013
2014-09-16,0.00636145587739863,2.9279672628749895
2014-09-17,0.0014298251758788837,2.9321567385767664
2014-09-18,0.00538692152571497,2.947994657341406
2014-09-19,0.0029176972427768532,2.9566085735137606
2014-09-22,-0.0038656507258850595,2.945201419676652
2014-09-23,-0.005628369491495041,2.9286713003070965
2014-09-24,0.007393483869700337,2.950404627827055
2014-09-25,-0.015574328110217401,2.904810032304609
2014-09-26,0.005968996542740955,2.9222006840807713
2014-09-29,-0.003582173656460146,2.9117515801972447
2014-09-30,0.00040733276046252655,2.9129378735978677
2014-10-01,-0.010925841268558494,2.8812848098198125
2014-10-02,-0.0003689637454993354,2.8802219162811795
2014-10-03,0.01028937404915244,2.9100105874995474
2014-10-06,0.00203242426224176,2.915930977955594
2014-10-07,-0.01113197466360224,2.883650911973611
2014-10-08,0.017200909540797987,2.933681381707583
2014-10-09,-0.016826649230106197,2.8847303500426666
2014-10-10,-0.002556937551546007,2.877363696734349
2014-10-13,-0.011847482219337728,2.8434753238344883
2014-10-14,-0.003098928701798536,2.8346772359051364
2014-10-15,-0.011221903919151574,2.8030445815863616
2014-10-16,-0.008724970725116663,2.7786944810987633
2014-10-17,0.009929634797422048,2.8064233434147514
2014-10-20,0.0024051397386033254,2.8131813073874627
2014-10-21,0.0035439932270864465,2.8231688903971057
2014-10-22,-0.0030558018814541513,2.8145550134438446
2014-10-23,0.006933029541019336,2.8341362065581572
2014-10-24,0.006288385260606787,2.8520145007924174
2014-10-27,0.0007514672450454066,2.854158501744508
2014-10-28,0.007692240566879594,2.876198033572143
2014-10-29,0.0018559085963380966,2.8815409506767184
2014-10-30,0.00388762334526298,2.8927651000430012
2014-10-31,0.008938063776605578,2.9187367140655907
2014-11-03,-0.001438106097046994,2.9145422777465333
2014-11-04,0.001672377244201129,2.919420569964561
2014-11-05,0.003905076904687849,2.9308434208468035
2014-11-06,0.00360452148419532,2.941426771422575
2014-11-07,0.003077520038549779,2.950493014870869
2014-11-10,0.00421066444050502,2.96294274331081
2014-11-11,0.0006035903401861703,2.96473168676938
2014-11-12,-0.0012500521205489176,2.961027933062363
2014-11-13,0.005758046683163831,2.97812685107215
2014-11-14,0.0011424149190208963,2.9815310517521354
2014-11-17,0.0001689430817197097,2.982034803347737
2014-11-18,0.001930143196889598,2.987796115826725
2014-11-19,0.002397449462523,2.994967799458181
2014-11-20,-0.001073076766699773,2.991755692822297
2014-11-21,0.003607172714216136,3.0025669596556703
2014-11-24,-0.0016147163252777622,2.9977225779718366
2014-11-25,-0.0019112990164919436,2.9919985057062224
2014-11-26,0.00370388950240644,3.003101086235625
2014-11-28,0.0037702268462390656,3.014444829378149
2014-12-01,-0.005322726853006071,2.9984423890283662
2014-12-02,0.005369544050879927,3.014585960541863
2014-12-03,-0.002736485877031177,3.0063478654919367
2014-12-04,-0.0016488060741928297,3.0013950650959065
2014-12-05,-0.0012947551117720743,2.9975115081630515
2014-12-08,-0.006184331985553723,2.9790311052395344
2014-12-09,-0.004604351692369323,2.965346127730029
2014-12-10,-0.014716046666105152,2.9220274771367736
2014-12-11,0.0036518817725780016,2.932717884190014
2014-12-12,-0.01769216886832556,2.88128803840783
2014-12-15,-0.004968399448224546,2.8670081519724677
2014-12-16,-0.008868873595385884,2.841693441490577
2014-12-17,0.018058094705916634,2.8934751430802788
2014-12-18,0.02643873317871077,2.970995211009331
2014-12-19,0.0029202382729570167,2.9796839052874655
2014-12-22,0.007279256247694336,3.0014529229763287
2014-12-23,0.003235909516436489,3.011181084289089
2014-12-24,-0.0018367315872110255,3.005655429003003
2014-12-26,0.0024230739691315554,3.0129471850977243
2014-12-29,-0.003081127097513416,3.0036781986777608
2014-12-30,-0.002240334697107796,2.9969564864442986
2014-12-31,-0.0093964475340146,2.968927634107424
2015-01-02,-0.0031183113428443912,2.9596840131242925
2015-01-05,-0.013414729931437275,2.9202457695231954
2015-01-06,-0.0035270559413754818,2.90996404210424
2015-01-07,0.010047761848105739,2.939350052374479
2015-01-08,0.01665943867415357,2.988728137892882
2015-01-09,-0.008854066110228645,2.9623825462915563
2015-01-12,-0.005533993869726471,2.946034017492577
2015-01-13,-0.0010698689451922585,2.9428838326287408
2015-01-14,-0.0071006568387262025,2.9220614382430754
2015-01-15,-0.006450901204633531,2.903272177581395
2015-01-16,0.011374572333206599,2.9364841850765724
2015-01-20,0.0005869068488506983,2.938208133605449
2015-01-21,0.002934216419427254,2.9468421329714967
2015-01-22,0.013718182883674757,2.9875460055333236
2015-01-23,-0.009636297535456329,2.9588953879643354
2015-01-26,-0.00026022836174939936,2.9581254996426707
2015-01-27,-0.018510756917476376,2.9038720430061664
2015-01-28,-0.013278368691210846,2.865568228267564
2015-01-29,0.006627540028324493,2.884622969687939
2015-01-30,-0.015724765183019428,2.839617726647574
2015-02-02,0.013322768323996783,2.8777024292608573
2015-02-03,0.011849267959152204,2.912003918881616
2015-02-04,0.0017171390896546076,2.917008530217129
2015-02-05,0.010200737364094515,2.946916450202427
2015-02-06,-0.0001002871074125829,2.946620927294666
2015-02-09,-0.005446534823624372,2.9306156799366248
2015-02-10,0.011705843834247378,2.965122581595268
2015-02-11,-0.0014695743147986775,2.9607683138527836
2015-02-12,0.005285038106020533,2.9764575096948183
2015-02-13,0.0024663493262082462,2.9838075538307574
2015-02-17,0.0005249000352090442,2.985374165642148
2015-02-18,-0.003323103702197169,2.9754699232265707
2015-02-19,-0.004794963536331181,2.961236804354509
2015-02-20,0.003058746585616225,2.9703083440167903
2015-02-23,-0.0014823993636765133,2.965908422843609
2015-02-24,0.004707856375327499,2.979904413426997
2015-02-25,-0.0005630200825655305,2.97822713961184
2015-02-26,0.001704044035162509,2.983306496299082
2015-02-27,-0.001049937783380652,2.9801758538666943
2015-03-02,0.005095456597150225,2.9953999645400526
2015-03-03,-0.00417894865647516,2.9829084607380403
2015-03-04,-0.0058179868403165315,2.9656043249951862
2015-03-05,0.001021860618461289,2.9686363081330867
2015-03-06,-0.01555486345487211,2.9228168572096225
2015-03-09,0.002673663055332834,2.9306419408152684
2015-03-10,-0.017344555789557018,2.8802495383955358
2015-03-11,-0.0029957753442624684,2.8716338695907413
2015-03-12,0.010567112475242188,2.9021396427811257
2015-03-13,-0.0035832246741054306,2.891759233181917
2015-03-16,0.012687017454607583,2.9286807497699723
2015-03-17,-0.004742712034408451,2.9148237461960584
2015-03-18,0.010352405202067958,2.945155917275247
2015-03-19,-0.007840767670881944,2.9221539284407854
2015-03-20,0.010380700234985801,2.952645922723607
2015-03-23,0.0014874944533659034,2.9570412353475493
2015-03-24,-0.00731027395473341,2.9355032739367104
2015-03-25,-0.013364091005828459,2.8965339160472863
2015-03-26,-0.002056824733610735,2.890582376182396
2015-03-27,0.0010032638072770834,2.893483848089879
2015-03-30,0.011062666114649455,2.9256712045345137
2015-03-31,-0.007626928698575614,2.903442196148145
2015-04-01,-0.004860799471914754,2.889363390699837
2015-04-02,0.0017289073312068228,2.894363153066035
2015-04-06,0.005517218117931607,2.910376118787174
2015-04-07,-0.0008400901597601531,2.907932167162171
2015-04-08,0.001469861030156675,2.912209566153959
2015-04-09,0.0033245615486988743,2.921907497852394
2015-04-10,0.00409424235336173,2.9338950184445833
2015-04-13,-0.003779872753725209,2.9228262011412953
2015-04-14,-0.0005624730398654146,2.9211826524721807
2015-04-15,0.0060414938651206515,2.938884378137295
2015-04-16,-0.0014723504240887334,2.934560494393944
2015-04-17,-0.010528439866165756,2.9038262265428125
2015-04-20,0.008685330613962067,2.9291567601615855
2015-04-21,-0.0026778273999617072,2.921323476701864
2015-04-22,0.0059123399980733,2.9386464936619303
2015-04-23,0.0010242690330653002,2.9416580002977213
2015-04-24,0.0065193855267936356,2.9608984527060698
2015-04-27,-0.0015591287572457187,2.9562856277096596
2015-04-28,0.004279507050845757,2.9689641825303594
2015-04-29,-0.003183876998552398,2.9595263981050737
2015-04-30,-0.007370438036570128,2.937793580745312
2015-05-01,0.007646481505150338,2.960343468805688
2015-05-04,0.004000701092774289,2.9722106408319338
2015-05-05,-0.00881543298336227,2.946124466509548
2015-05-06,-0.006197122925624092,2.9279234263279523
2015-05-07,0.0026937032234138946,2.935821015204235
2015-05-08,0.013042176939688854,2.974361290591589
2015-05-11,-0.00699125005118393,2.9536393077515877
2015-05-12,-0.003068772429084754,2.9445891544114047
2015-05-13,0.0005761889040287747,2.9462862828954477
2015-05-14,0.0102984517416117,2.9767852464944937
2015-05-15,0.00032947866862870505,2.9777661953262857
2015-05-18,0.0012960654539985268,2.98162807730745
2015-05-19,-0.0023224478663716962,2.9747114364188243
2015-05-20,-0.0011366466865018476,2.971332161406018
2015-05-21,0.00036867819744332335,2.9724278287532115
2015-05-22,-0.0045293444974382835,2.9589951227637745
2015-05-26,-0.009095062731489804,2.9322048905952642
2015-05-27,0.006725182986808168,2.9519909629441066
2015-05-28,-0.0003828356647567192,2.9508610518203904
2015-05-29,-0.005625514417698308,2.9343075450790708
2015-06-01,0.0006930610590763866,2.9363419042600527
2015-06-02,-0.0018337811084027844,2.93096223002824
2015-06-03,0.0005753453234209799,2.9326490306403015
2015-06-04,-0.009489051327977413,2.9049525877657985
2015-06-05,-0.005859636539500608,2.8879803954383068
2015-06-08,-0.004517855908035213,2.8749623451268764
2015-06-09,0.0015116858248901601,2.8793116715303793
2015-06-10,0.009717450776456868,2.9074276274312036
2015-06-11,0.001330750204852927,2.9112992628604677
2015-06-12,-0.007701642584757759,2.888963597540022
2015-06-15,-0.006443923744819466,2.8704071886693376
2015-06-16,0.008271138592088235,2.894247180369131
2015-06-17,0.0026046898997992792,2.901795623176087
2015-06-18,0.00859384485820447,2.926840667042721
2015-06-19,-0.0073950704330811795,2.9052763074168806
2015-06-22,0.003504621301466704,2.9154760633516967
2015-06-23,-0.0005567341367501146,2.913853370048642
2015-06-24,-0.00613071795866612,2.8960440047432443
2015-06-25,-0.0031905832850709784,2.886818660090134
2015-06-26,-0.0005255767165773189,2.885301814061804
2015-06-29,-0.017447772767689516,2.8353963591937017
2015-06-30,-0.001088486889247619,2.8323117465156833
2015-07-01,0.006733255724385986,2.8514467740196467
2015-07-02,0.00056348113102561,2.853053963240806
2015-07-06,-0.002538284127196254,2.8458212848315556
2015-07-07,0.008328053713788265,2.8696203999542735
2015-07-08,-0.01125812877066039,2.8374950191172825
2015-07-09,0.0010670673773349626,2.84052443349271
2015-07-10,0.010183936489291813,2.869599954257148
2015-07-13,0.010920461971438694,2.9011090452075856
2015-07-14,0.004047960254822077,2.9128764201822626
2015-07-15,0.0014171591796155478,2.91700735614576
2015-07-16,0.007997387417118447,2.940429326521559
2015-07-17,0.0010007615715522712,2.9433734681415853
2015-07-20,0.0009887469314236155,2.9462851588516608
2015-07-21,-0.0049208980847462,2.9318224039128
2015-07-22,-0.00419634254743517,2.919545250404543
2015-07-23,-0.004617215813957138,2.9060961524916733
2015-07-24,-0.010709411567596173,2.875139631670959
2015-07-27,-0.004566728238998176,2.8620395852666562
2015-07-28,0.01113127815129075,2.8940757147175233
2015-07-29,0.0070101539055232006,2.914434908056621
2015-07-30,-0.0032434811347793508,2.9049973070280064
2015-07-31,-0.004542874578552121,2.8918301995150473
2015-08-03,-0.0019617854533419987,2.886162610210921
2015-08-04,-0.0016393463896213292,2.8814350660559884
2015-08-05,0.0005467015073529986,2.8830107816337356
2015-08-06,-0.005919498919157329,2.8659952139313387
2015-08-07,-0.004024090382222403,2.8544853640254857
2015-08-10,0.010994044033365409,2.886040845145317
2015-08-11,-0.006893976100374662,2.8662129735005215
2015-08-12,0.0022386366791185223,2.8726365703602847
2015-08-13,-0.0032126969182245365,2.863422468686752
2015-08-14,0.002009762126227427,2.869183053479292
2015-08-17,0.0027616319484854565,2.8771176322160743
2015-08-18,-0.0058487871322575125,2.8603390984972483
2015-08-19,-0.00948972240838305,2.833323661695572
2015-08-20,-0.016333309870636595,2.787421991917973
2015-08-21,-0.032290073194054865,2.6988535675751657
2015-08-24,-0.03630147247803896,2.6026381554364004
2015-08-25,-0.01518098200337741,2.5634259454393926
2015-08-26,0.04150772978130924,2.6720670623339706
2015-08-27,0.020529184970449067,2.7274893621807506
2015-08-28,-0.0016504627224634225,2.7229914554972456
2015-08-31,-0.006141291924188417,2.7063200145523507
2015-09-01,-0.028563953851196113,2.6301104197678047
2015-09-02,0.014927953862919481,2.669667102357401
2015-09-03,0.0021532628526539357,2.6754217908128117
2015-09-04,-0.01716291501807372,2.629895552988366
2015-09-08,0.024954626883786662,2.696349331331808
2015-09-09,-0.017246455685075986,2.6502455680862194
2015-09-10,0.003956518107934541,2.660752083570431
2015-09-11,0.005065799007006991,2.6742651170912
2015-09-14,-0.002863864145047716,2.666617341430337
2015-09-15,0.012006722321435319,2.6988276585974167
2015-09-16,0.0065926401186378325,2.7166788366337298
2015-09-17,-0.00491918735870016,2.7033478002581943
2015-09-18,-0.015982222638081085,2.660485721842604
2015-09-21,0.00582259551838181,2.6760218404577336
2015-09-22,-0.008242862017486257,2.654054423246331
2015-09-23,-0.0016255117513553174,2.6497437310821663
2015-09-24,0.0019851308606965495,2.6550090435737297
2015-09-25,0.002455500116334481,2.66153642930758
2015-09-28,-0.012132043541365812,2.6294416348412684
2015-09-29,0.00414780524066409,2.6403706967755767
2015-09-30,0.012283840366743059,2.6730046134847814
2015-10-01,-0.003125304423926405,2.6646637010754812
2015-10-02,0.01168216815707737,2.695975288027345
2015-10-05,0.016679135233678276,2.741318919536687
2015-10-06,0.00019263437414874179,2.741847042656794
2015-10-07,0.009274068427374204,2.7673933959623978
2015-10-08,0.006893583662118845,2.786536560557549
2015-10-09,-0.000924716149485942,2.7839609962153697
2015-10-12,0.0010062988630753563,2.7867639030451583
2015-10-13,-0.0035864220544162407,2.77678729238469
2015-10-14,-0.01153514177007131,2.7449406879737315
2015-10-15,0.013486050601716308,2.782209838964137
2015-10-16,0.004003273607238419,2.7933701100869555
2015-10-19,-0.0010250506045576247,2.7905082314026837
2015-10-20,4.983305942840473e-05,2.790647294430154
2015-10-21,-0.0052593953937048795,2.7760087057108573
2015-10-22,0.020197424946015615,2.8326469814696997
2015-10-23,0.010236638228345411,2.8617926863546113
2015-10-26,-0.0035136330051191655,2.851755041744466
2015-10-27,-0.002283040953687038,2.8452517946087776
2015-10-28,0.010156007902553508,2.874295428366072
2015-10-29,-0.0005995750138524579,2.8725725891820693
2015-10-30,-0.00676502379853119,2.853205151704362
2015-11-02,0.01215269420806446,2.888090829564999
2015-11-03,0.004521362984047262,2.901178501297991
2015-11-04,-0.003163578322040539,2.892014898413251
2015-11-05,-0.0006856995216274792,2.8900325249148224
2015-11-06,0.00022975868118549475,2.8906966112632104
2015-11-09,-0.01014175622530879,2.861528031235787
2015-11-10,0.001902779825309629,2.8669780725131204
2015-11-11,-0.003128755906086974,2.858022015899622
2015-11-12,-0.013743976241586287,2.8190101325143577
2015-11-13,-0.01050597095332878,2.789548725273496
2015-11-16,0.015921261221045133,2.8343172996187382
2015-11-17,0.0012923289254926234,2.8379825376855323
2015-11-18,0.015157669238336478,2.8813274120418857
2015-11-19,0.0022665879889534825,2.8878656010374666
2015-11-20,-0.0026917701749792316,2.880102583360298
2015-11-23,-0.0019856047002836034,2.874389511961232
2015-11-24,0.0027189225150037427,2.882215388477032
2015-11-25,-7.183036587619789e-05,2.8820083653265067
2015-11-27,-0.0006865018867442751,2.8800305401141437
2015-11-30,-0.004667842560482981,2.86661833835952
2015-12-01,0.010395544362309187,2.8965738285121008
2015-12-02,-0.009156196909988305,2.870173276940952
2015-12-03,-0.010570322089555098,2.8399944021584758
2015-12-04,0.021883112242584463,2.9028273007329215
2015-12-07,-0.0018754092145757018,2.8973884133287022
2015-12-08,-0.009538534502857379,2.869882963366907
2015-12-09,-0.005694274355338816,2.853587501851437
2015-12-10,0.0025115506973493523,2.8607634391247077
2015-12-11,-0.013546826714824588,2.822270489871936
2015-12-14,0.010327254146573293,2.851567814565351
2015-12-15,0.013506385776690848,2.890343459486211
2015-12-16,0.013279633098547388,2.928982146126269
2015-12-17,-0.01522897824894878,2.884714670489159
2015-12-18,-0.020002122521317778,2.82758749126091
2015-12-21,0.006870738233412309,2.847081998885093
2015-12-22,0.009526981144544495,2.874335712075024
2015-12-23,0.010164440552464286,2.903700713129936
2015-12-24,-0.002903555235680641,2.895281885901087
2015-12-28,-0.0021290158717384143,2.8891243418931714
2015-12-29,0.009274085203513652,2.916042957032733
2015-12-30,-0.005742888925188442,2.899344440984994
2015-12-31,-0.010525642495571808,2.868987023859723
2016-01-04,-0.01758382749722286,2.8189801951305293
2016-01-05,0.0034216838983120025,2.828642375310038
2016-01-06,-0.009985984180682729,2.8005361649453624
2016-01-07,-0.01738357297278261,2.7522735439181
2016-01-08,-0.01129453243393675,2.72136279095744
2016-01-11,0.0031709730021881413,2.7300058551160604
2016-01-12,0.0062539303287687835,2.7471326205085544
2016-01-13,-0.018549779230156674,2.696643644302397
2016-01-14,0.018284472641034458,2.7464038847966084
2016-01-15,-0.021867064273610667,2.686999956358842
2016-01-19,0.002513559835921176,2.6937623868547016
2016-01-20,-0.013927266691013953,2.6565056839273535
2016-01-21,0.00822858772436037,2.678455156719869
2016-01-22,0.018675659066469247,2.7289470895728667
2016-01-25,-0.010551930293799578,2.700302822043655
2016-01-26,0.01740550177090514,2.7477143614677466
2016-01-27,-0.007678166394470691,2.726697741201119
2016-01-28,0.009269699495625058,2.7520909216229072
2016-01-29,0.02323247491191594,2.8167773078350287
2016-02-01,-0.004806517276842505,2.8032709044233273
2016-02-02,-0.01685917316832686,2.7564062346299005
2016-02-03,0.006195598450541623,2.773536833184071
2016-02-04,-0.0004029852531388789,2.7724193639182007
2016-02-05,-0.012906210357423002,2.736867847566848
2016-02-08,-0.0015666802145859362,2.7325834079098907
2016-02-09,-0.0013747130531126057,2.7288294707147434
2016-02-10,-0.002779718007314315,2.7212546271381153
2016-02-11,-0.009046674620232335,2.6967473438207796
2016-02-12,0.01684652904508378,2.7425630101963274
2016-02-16,0.009849453560818826,2.7697092254379636
2016-02-17,0.011290723980036445,2.8011584560020624
2016-02-18,-0.00465127940215914,2.7881597391404176
2016-02-19,0.0013936582556359843,2.7920481899353056
2016-02-22,0.011778467061570675,2.825128673826343
2016-02-23,-0.011829271537826595,2.7919063449925443
2016-02-24,0.002531243740205209,2.7989822921469356
2016-02-25,0.010198845016404676,2.8276747449812007
2016-02-26,-0.007712776795046309,2.805949409852172
2016-02-29,-0.007182135028354413,2.7858688990955094
2016-03-01,0.021619421798605345,2.84675354791709
2016-03-02,0.005017517975964791,2.861073079228034
2016-03-03,-0.00016138934633875133,2.860611369772446
2016-03-04,0.0025534745920221228,2.8679252020913175
2016-03-07,0.00021972065286418916,2.868555413721807
2016-03-08,-0.006001832170174078,2.8513903878864353
2016-03-09,0.006885813176959643,2.8710922833315276
2016-03-10,-0.0009765964547158359,2.8682897534795635
2016-03-11,0.009741492010472854,2.8963677137679973
2016-03-14,-0.0009881200334562943,2.8935071683196476
2016-03-15,0.002222143712676546,2.899944106333223
2016-03-16,0.0007288386960659254,2.9020584682351362
2016-03-17,0.008011483784559889,2.9254016444797415
2016-03-18,0.0005037480634413064,2.92687568113332
2016-03-21,0.0020888640666311374,2.932995916515625
2016-03-22,-0.0015672562359470188,2.9284027606417298
2016-03-23,-0.0022779115749670363,2.921739709898453
2016-03-24,0.001890456954745822,2.9272683572413616
2016-03-28,-0.0003322372472109645,2.926295971200879
2016-03-29,0.008112990550409059,2.9501335490345926
2016-03-30,0.004629464231583991,2.963822749160582
2016-03-31,-0.004238311182947306,2.9512877284818715
2016-04-01,0.005226043204242835,2.966751658045795
2016-04-04,7.070413060841184e-05,2.9669614270581888
2016-04-05,-0.00649894832379616,2.9477418193308456
2016-04-06,0.010970361456398634,2.9802576416280955
2016-04-07,-0.011760983022457755,2.945412192125414
2016-04-08,0.0026702777568769175,2.9532877710989007
2016-04-11,-0.0051672171852774045,2.9380668505428478
2016-04-12,0.008979006175029667,2.964566563440092
2016-04-13,0.006231161930366029,2.983096930652507
2016-04-14,0.0012231136562983044,2.9867478295234355
2016-04-15,-0.0007108878364063445,2.984625341335917
2016-04-18,0.007738781194307528,3.007812307508664
2016-04-19,0.005695487123066338,3.0249921410944123
2016-04-20,-0.0039023640542901958,3.013210523530243
2016-04-21,-0.007627761837857856,2.990313907272848
2016-04-22,-0.002437869904459387,2.9830327898080906
2016-04-25,0.001647504925300652,2.9879514016276945
2016-04-26,-0.004046488807711718,2.975885119225876
2016-04-27,0.0007895589671892564,2.978235683839658
2016-04-28,-0.009050793854251199,2.9514019033018637
2016-04-29,-0.0013333840326333606,2.9474691736322614
2016-05-02,0.008518058292948242,2.9726831223579273
2016-05-03,-0.00551943293575459,2.956320794150098
2016-05-04,-0.0024149010736391886,2.949190185213197
2016-05-05,0.000885283986679961,2.951802212080026
2016-05-06,0.006038354652897562,2.969680163084374
2016-05-09,-0.00013979192554306876,2.969265054791199
2016-05-10,0.010393041456827332,3.000285669645441
2016-05-11,-0.009206749681294207,2.9727895596372993
2016-05-12,0.0022572328614127576,2.9795074169531772
2016-05-13,-0.010874570275989318,2.9472820900208623
2016-05-16,0.008685901811650736,2.9729933941489
2016-05-17,-0.010098054640093992,2.9431230145974414
2016-05-18,-0.0012241088192527455,2.9395225159098204
2016-05-19,0.0017796381833013026,2.944758460080992
2016-05-20,0.0039008122391212246,2.956267843300579
2016-05-23,-0.0032730290446597453,2.946607710357368
2016-05-24,0.011778830156128179,2.9815205144575767
2016-05-25,0.006857239988188197,3.002035774798166
2016-05-26,0.00017479482091518027,3.0025605609674186
2016-05-27,0.004236602168348836,3.015308199820755
2016-05-31,-0.0022393169470499652,3.0085635236206305
2016-06-01,-0.0003032721863281585,3.007651248323969
2016-06-02,0.0017908517387298915,3.013042331666177
2016-06-03,-0.0020370953774842514,3.006910724514858
2016-06-06,0.004405471944324876,3.0201868075844973
2016-06-07,0.0023822800781348056,3.027390315428252
2016-06-08,0.0032056952137125374,3.0371107781685556
2016-06-09,0.0009682148252250948,3.0400527778638606
2016-06-10,-0.0024537858408843127,3.032602284098377
2016-06-13,-0.007369150197846236,3.0103367222708908
2016-06-14,0.0023181016260692138,3.0173230831405595
2016-06-15,-0.002824331412731716,3.0088131858164964
2016-06-16,0.00520344118234838,3.024510172012416
2016-06-17,-0.006816520919895987,3.003963642633865
2016-06-20,0.004207292569203388,3.0166288209184016
2016-06-21,0.00520864468825605,3.0323823602813964
2016-06-22,-0.002424312211113902,3.025039822594672
2016-06-23,0.01015847440275178,3.055926225960076
2016-06-24,-0.027251480284499988,2.973772206184801
2016-06-27,-0.00895706195464205,2.9472548802485363
2016-06-28,0.014651433984456773,2.99075427668419
2016-06-29,0.013189512142039016,3.03046215465882
2016-06-30,0.012066019369230291,3.0672492603647754
2016-07-01,0.0003745522131302064,3.0683983205415495
2016-07-05,-0.0005029132160752994,3.0668555704411893
2016-07-06,0.0038598159740557683,3.0787159432655162
2016-07-07,-0.0027228789267962094,3.070344375057618
2016-07-08,0.010735929653578566,3.1034849554351274
2016-07-11,0.0032078158182428118,3.1134563482120545
2016-07-12,0.0029391314632625843,3.1226206666958185
2016-07-13,0.0015138883009840425,3.1273515456991867
2016-07-14,0.0041782670119048775,3.140445792076205
2016-07-15,-0.0005909499357032943,3.1385904940854044
2016-07-18,0.002595158823901007,3.146746213016422
2016-07-19,0.00040656529368613743,3.1480258309211613
2016-07-20,0.0019063268211667174,3.1540327207248167
2016-07-21,-0.003095249176373144,3.1442852966790173
2016-07-22,0.0030909623171136956,3.1540191998594245
2016-07-25,-0.004947278986549042,3.138453921583263
2016-07-26,-0.004569827241763785,3.124144450163977
2016-07-27,-0.0023517226275123456,3.1168059613961394
2016-07-28,0.0008029124004946818,3.1193094884744528
2016-07-29,0.0030430671466242726,3.128816214165067
2016-08-01,-0.0015416202585168941,3.1239964837556986
2016-08-02,-0.0037866100855326887,3.1121894955013314
2016-08-03,-7.719959007367428e-06,3.1121654696187426
2016-08-04,0.00027597310394963573,3.113024462107358
2016-08-05,0.0060544457465052486,3.1319292711427087
2016-08-08,-0.0005916524895388567,3.130076805454384
2016-08-09,0.002687576298533683,3.1385004401994854
2016-08-10,-0.0010955349067342122,3.13506398613384
2016-08-11,0.002840288719579824,3.143981130646574
2016-08-12,0.00016195953250807514,3.144490369597646
2016-08-15,0.0013252301912499759,3.148660305623808
2016-08-16,-0.00565044415823363,3.130919146311208
2016-08-17,0.004654637857863282,3.1455264104889737
2016-08-18,0.0017992685634726972,3.151191151942311
2016-08-19,-0.004500470328160952,3.137041174324908
2016-08-22,-0.0022580246200370703,3.1299656494801784
2016-08-23,0.0012855617018172826,3.1339920009542617
2016-08-24,-0.001468466908953385,3.1293932148169676
2016-08-25,-0.00100882316667986,3.1262378023384256
2016-08-26,-0.0019123678852717482,3.1202649984829374
2016-08-29,0.005696731513853835,3.138091037301283
2016-08-30,-0.0022900952345803905,3.1309127326090036
2016-08-31,-0.0013320083812624057,3.1267451068805667
2016-09-01,0.0005587278153006591,3.1284925944826405
2016-09-02,0.0037356633161188635,3.1402014460496437
2016-09-06,0.003965006878688596,3.1526770830325144
2016-09-07,-0.0012217335190983817,3.148827703701967
2016-09-08,-0.0012139088462447968,3.1450076329750636
2016-09-09,-0.022464350975858662,3.075144728078499
2016-09-12,0.014790574682959658,3.1209659113352406
2016-09-13,-0.014303104738544218,3.076644134136167
2016-09-14,-0.0010050783226668773,3.0735534192758225
2016-09-15,0.009147704390722428,3.1017983686457966
2016-09-16,-0.003952830025579417,3.089561687614055
2016-09-19,-0.0034082728014906056,3.079049542850212
2016-09-20,0.0015272489781608576,3.0837556108722874
2016-09-21,0.006385052781065653,3.1035085478755424
2016-09-22,0.005869283215015772,3.1217774788234105
2016-09-23,-0.004147289263083318,3.1088573748268615
2016-09-26,-0.010159245885299711,3.0774336194332528
2016-09-27,0.008190133064162044,3.102741707106937
2016-09-28,0.00462356754277878,3.1171206583683726
2016-09-29,-0.01048798614558557,3.0845991806005997
2016-09-30,0.008933616501463584,3.112279264272708
2016-10-03,-0.004314283334590981,3.0988809325917726
2016-10-04,-0.0029112269580718504,3.0898725060304666
2016-10-05,0.004249248012396292,3.103030075725843
2016-10-06,-0.002466231506634044,3.095386714210647
2016-10-07,-0.0008770776711037683,3.0926730098788826
2016-10-10,0.0031820982204586365,3.102529873596984
2016-10-11,-0.008251129736396783,3.077035819112947
2016-10-12,0.001326881175203136,3.0811213899508454
2016-10-13,-0.00407565727031481,3.0685893506531596
2016-10-14,0.0010971542572518942,3.0719579141019424
2016-10-17,-0.0015121727148111055,3.06731609366482
2016-10-18,0.0018057218221648585,3.0728598169753703
2016-10-19,0.0013158654099983983,3.0769059484166825
2016-10-20,-0.004557447953783266,3.0629150153889886
2016-10-21,-0.002681371107341623,3.0547132045259007
2016-10-24,0.005127473608392002,3.0704163902942736
2016-10-25,0.0009055774322552987,3.0731981494440017
2016-10-26,0.0009668735188105598,3.076170980296876
2016-10-27,0.0002947892945598651,3.0770779362439873
2016-10-28,-0.0024405710099934244,3.0695772657198925
2016-10-31,-0.001245146447195836,3.065757571026228
2016-11-01,-0.005627753816658301,3.0485526999531705
2016-11-02,-0.007430806059131439,3.0259834537745856
2016-11-03,-0.001824121545912485,3.020468723457328
2016-11-04,-0.004671812623786552,3.006390570397529
2016-11-07,0.0195850335583632,3.0658511991987103
2016-11-08,0.00457412783807311,3.0799069163329786
2016-11-09,0.012843063950874131,3.1197174552622857
2016-11-10,0.0005607887676500418,3.121467448411827
2016-11-11,-0.0009510382472631161,3.118500224676079
2016-11-14,-0.004063936346745286,3.1058525553342147
2016-11-15,0.007796818244476817,3.1301629719992383
2016-11-16,-0.00035221587642478617,3.129060673039696
2016-11-17,0.0007972279426684484,3.131556242279137
2016-11-18,-0.0037073054642304576,3.1199681003738853
2016-11-21,0.0065949721148963365,3.1406122018079627
2016-11-22,0.001183430436452406,3.1443310979701016
2016-11-23,0.0015217886570232655,3.1491197481014983
2016-11-25,0.006111018973209434,3.168422999827254
2016-11-28,-0.004204509317467441,3.1551293021244438
2016-11-29,-3.634136413858366e-05,3.155014642505027
2016-11-30,-0.004491136262869221,3.1408768130571314
2016-12-01,-0.0007333359604052118,3.138574339489432
2016-12-02,0.00027690256673794763,3.1394435391161846
2016-12-05,0.0054878748877524525,3.156719774025194
2016-12-06,0.003275045093395967,3.1670751214914117
2016-12-07,0.012773885519466432,3.20779046948926
2016-12-08,-0.0009379951613255076,3.204782988272255
2016-12-09,0.009955644641403364,3.236848018034197
2016-12-12,0.0056034596470417985,3.255036476843118
2016-12-13,0.005353903664564234,3.2725103635782062
2016-12-14,-0.00831736625544501,3.2454045769485824
2016-12-15,0.003500145323458797,3.2567838675694247
2016-12-16,0.0003921568635870052,3.2580612881745696
2016-12-19,0.0030584926493308793,3.2680412987903447
2016-12-20,0.003020244999391458,3.277926504538131
2016-12-21,-0.0033488865991400576,3.2669674609334263
2016-12-22,7.033110146726475e-05,3.2671972384335692
2016-12-23,0.0006506281247448004,3.2693236605259792
2016-12-27,0.0003988871444722392,3.2706280118324713
2016-12-28,-0.005621670274514241,3.252293203968028
2016-12-29,0.0004548752008827046,3.253772928011884
2016-12-30,-0.0033267618882938813,3.242966385605165
2017-01-03,0.006408779172636525,3.2638165818224176
2017-01-04,0.0003240061105334711,3.2648742496747594
2017-01-05,0.001941957106653234,3.2712206556558803
2017-01-06,-0.0023184524860996093,3.263645270972202
2017-01-09,-0.004784929926311591,3.248066259010705
2017-01-10,-0.0028425540117097163,3.2388465651827074
2017-01-11,7.550608003183225e-05,3.2390911270235057
2017-01-12,-0.00173686346899856,3.2334701508193997
2017-01-13,-5.580417978145043e-05,3.233289714704377
2017-01-17,-0.0002460638024380448,3.2324942170183997
2017-01-18,-0.0004282551593454322,3.231110181073827
2017-01-19,-0.003495609083923537,3.2198352009162496
2017-01-20,0.006978830943133339,3.2423844787269784
2017-01-23,-0.0016757640109269665,3.2369555575737343
2017-01-24,0.0001525262406939319,3.2374493158908173
2017-01-25,0.005662901052803326,3.255834679144155
2017-01-26,-0.0017637388929929306,3.2500972979998357
2017-01-27,0.0002459339548249335,3.250896705578603
2017-01-30,-0.004195691576328234,3.2372855197916772
2017-01-31,-5.9765807220438795e-05,3.2370920465909823
2017-02-01,-0.0022741926420844546,3.2297386403773163
2017-02-02,8.269881961856353e-05,3.2300057469951007
2017-02-03,0.005092019259265448,3.2464949444934024
2017-02-06,-0.0025672482134641923,3.238171075437833
2017-02-07,0.0015546809230857317,3.2432093136461195
2017-02-08,0.0014167941081124078,3.2478075300868805
2017-02-09,0.004112549459466531,3.2611918020653548
2017-02-10,-0.0014549082612241317,3.25645051707479
2017-02-13,0.002954862650828909,3.266087111476811
2017-02-14,0.0035090869212387452,3.277568227378907
2017-02-15,0.008152056745782328,3.304396353184587
2017-02-16,0.002977854291652391,3.314251029659265
2017-02-17,0.0034765897485728287,3.32579337318405
2017-02-21,0.006860484899006352,3.3486883740032645
2017-02-22,-0.000512332609176527,3.3469731711659825
2017-02-23,0.004581131839707249,3.362341271296247
2017-02-24,0.003272187505091104,3.3733615026907775
2017-02-27,-0.0022780956955097626,3.3656854091296804
2017-02-28,-0.0014863630428079764,3.3606864947449613
2017-03-01,0.011541829635919211,3.3996996743731547
2017-03-02,-0.002723410965287322,3.3904534912943607
2017-03-03,-0.0003501024190902781,3.3892666930878295
2017-03-06,-0.002653285942965777,3.380285918963633
2017-03-07,-0.0027750033187874845,3.3709186174776007
2017-03-08,-0.0020218499791836977,3.3641100110508004
2017-03-09,0.0041473836037943706,3.3780912384679938
2017-03-10,0.0031365711877159664,3.3887034964670355
2017-03-13,-6.40861537256207e-05,3.388486334452444
2017-03-14,-0.0014535935255276335,3.383564430745664
2017-03-15,0.0067253004004133796,3.4063966085362187
2017-03-16,-0.0009492167654799605,3.4031647338829876
2017-03-17,-0.0024245012481345055,3.3949237509116803
2017-03-20,-0.0013692957567692753,3.3902782774643856
2017-03-21,-0.008023991574354994,3.363183562387055
2017-03-22,-0.0007869700840723601,3.3605378787097098
2017-03-23,-0.0023657241926293192,3.3525971694172867
2017-03-24,-0.0020668870972069533,3.3456748858393364
2017-03-27,-0.0010556442234035768,3.342144907001411
2017-03-28,0.004782199022613021,3.3581659865719042
2017-03-29,1.9150041063238375e-05,3.3582302962042085
2017-03-30,0.003650707742721504,3.3705126194935455
2017-03-31,-0.0035396719174919057,3.3586032007789592
2017-04-03,0.0010605217074026556,3.3621669617688665
2017-04-04,0.0022592711293565547,3.3697715957479684
2017-04-05,-0.002831240325795054,3.360244455692991
2017-04-06,-0.00019589354115660322,3.359586269976684
2017-04-07,-0.00046288407369015684,3.358031530857872
2017-04-10,-0.0005130661172970523,3.3563090805618008
2017-04-11,-0.0014065743308584332,3.3515915009536377
2017-04-12,0.001084063538196287,3.3552268091912896
2017-04-13,-0.008046034571270544,3.328338854055755
2017-04-17,0.007166686233679382,3.3522776929146683
2017-04-18,-0.0025047200334780305,3.3438916825077984
2017-04-19,-0.004015369959781823,3.3304916413627152
2017-04-20,0.00490791415688745,3.346877585951944
2017-04-21,-0.004768879202007988,3.330954728309689
2017-04-24,0.008911611018775923,3.360771561851146
2017-04-25,0.003781630353330054,3.3735048186607077
2017-04-26,0.00016652346749903383,3.3740666331570868
2017-04-27,-0.0024163136078436025,3.365923671973514
2017-04-28,-0.002370401100964575,3.357954531556732
2017-05-01,0.0009901825579349533,3.3612811662802544
2017-05-02,0.0006257050800475174,3.3633849951010157
2017-05-03,0.0018519321159199617,3.3696195269746925
2017-05-04,-0.0008122114491047136,3.366883794562744
2017-05-05,0.002874422728309849,3.3765755643140087
2017-05-08,0.0013223887236449487,3.3810436633955954
2017-05-09,-0.003617968107379658,3.368833257001431
2017-05-10,0.0013939655906029733,3.373532569220985
2017-05-11,-0.0024014761439340926,3.365440831181961
2017-05-12,-0.0006461472374252687,3.3632669632811774
2017-05-15,0.003948228748598056,3.376572159289496
2017-05-16,-0.001010599331379737,3.3731615214074213
2017-05-17,-0.014425845663719404,3.3248501181420216
2017-05-18,0.004954003178519655,3.341362303133505
2017-05-19,0.006554800698048014,3.3633362056899987
2017-05-22,0.0027764606843703856,3.3726873519712943
2017-05-23,0.0027595870954782954,3.382007430334252
2017-05-24,0.0007571630017857659,3.3845691309223347
2017-05-25,0.0033301223346786594,3.3958589479810515
2017-05-26,-0.0006139841804619551,3.393774584256567
2017-05-30,0.0010358218803348245,3.3972917514927823
2017-05-31,0.0003587073484918247,3.398510603601548
2017-06-01,0.003934946650909245,3.411909907001944
2017-06-02,0.0015186077641655183,3.417095196090972
2017-06-05,0.0012704829347562042,3.421439316204949
2017-06-06,-0.001357421431760356,3.4167981318838487
2017-06-07,0.0004687156763646824,3.418400014115566
2017-06-08,-0.002270079866066142,3.4106487743646907
2017-06-09,0.004909362417043784,3.427434054072977
2017-06-12,0.001141712736525931,3.4313494338803014
2017-06-13,0.0007279886353345848,3.43384832674447
2017-06-14,0.00041869823773654877,3.4352863740204542
2017-06-15,-0.0020601661562614022,3.4282163984584026
2017-06-16,0.0009858159401340304,3.431597655204796
2017-06-19,0.004122293331692643,3.4457729045300978
2017-06-20,-0.004440956798550417,3.430504304613825
2017-06-21,-0.0030646947148487225,3.4200069500120307
2017-06-22,-0.0018000436715815524,3.4138563255020085
2017-06-23,0.0017819083190263815,3.4199449275426526
2017-06-26,-6.700092644321773e-05,3.4197157957402298
2017-06-27,-0.007948213670934285,3.392642897019033
2017-06-28,0.006217215487175064,3.4138013942947145
2017-06-29,-0.008304141922213553,3.385570083660179
2017-06-30,-1.4137110098748757e-05,3.3855222218214744
2017-07-03,0.004099333485278478,3.3994290914037513
2017-07-05,0.0015352688514928188,3.4046521373646135
2017-07-06,-0.00851327104482024,3.375790438950914
2017-07-07,0.0027759173563931343,3.385174372708411
2017-07-10,-0.002385351923061347,3.377109163513892
2017-07-11,-0.00218970880071287,3.3697223682743824
2017-07-12,0.005739005557109622,3.3891168228816273
2017-07-13,0.0003739959198571191,3.390384575797736
2017-07-14,0.004199693455455072,3.4046530924385157
2017-07-17,-0.0003594567679277872,3.4034294867718367
2017-07-18,0.0021156174875195965,3.4106374636841164
2017-07-19,0.004272007728322035,3.425238899805051
2017-07-20,0.0036631059507709245,3.437808921406466
2017-07-21,-0.0014646703493708649,3.4327773503084806
2017-07-24,-0.0030008391291037155,3.4224915784062167
2017-07-25,0.0035470575514064987,3.43465290872253
2017-07-26,0.005640913475499874,3.4540822366579733
2017-07-27,0.011220655293960786,3.493057558191144
2017-07-28,-0.0007059279976886944,3.490592581213775
2017-07-31,0.0019477021575276983,3.4973978410735733
2017-08-01,0.00420520391341316,3.512136079090788
2017-08-02,-0.000254353740818376,3.511242867741448
2017-08-03,0.0015783908487775437,3.5167893574645315
2017-08-04,0.0022499690670558115,3.5247109330423614
2017-08-07,0.0004743912693646269,3.5263834218117003
2017-08-08,-0.001680635115517291,3.5204618354090598
2017-08-09,0.001508589180107261,3.525776774064416
2017-08-10,-0.0077902991303863516,3.4984166285573313
2017-08-11,-0.0017268125952178694,3.492380731591132
2017-08-14,0.008378524609073259,3.521764654560927
2017-08-15,0.0003795644353276576,3.5231016448943313
2017-08-16,0.000499240340091965,3.5248609584813226
2017-08-17,-0.012389111742179491,3.481460464105689
2017-08-18,-0.0017663530757445073,3.4753164035943813
2017-08-21,0.0020296746829859755,3.4823773285804607
2017-08-22,0.007365235055440712,3.5081205421932973
2017-08-23,-0.0029298594585763747,3.497857284334198
2017-08-24,-0.0026576099206327745,3.488573685670434
2017-08-25,0.002553178945431102,3.497492018759731
2017-08-28,-0.001159972161946126,3.49343737747149
2017-08-29,0.0009947198708432753,3.496914097943202
2017-08-30,-0.00036540614759795266,3.4956365374626333
2017-08-31,0.0033387253497125166,3.5073270125668716
2017-09-01,0.00031605806936458583,3.5084357067677385
2017-09-05,-0.006095027126387957,3.4871167318278915
2017-09-06,0.002247796145099793,3.4949638754607797
2017-09-07,-0.0020196323435182615,3.487912456412305
2017-09-08,-0.003528344700816705,3.4756275843561695
2017-09-11,0.010146356560502601,3.511072053128492
2017-09-12,0.006741021655431184,3.534820219394911
2017-09-13,0.0031144587260616623,3.5458464325023593
2017-09-14,0.0003720692973738688,3.5471659785591605
2017-09-15,0.004078481175346104,3.5616625701718445
2017-09-18,0.0026876568516453845,3.571247972347721
2017-09-19,0.006792594247101764,3.595588585144653
2017-09-20,0.0011151936767813558,3.5996005994698193
2017-09-21,-0.005758012865369717,3.5789336104029883
2017-09-22,0.0010486073727977601,3.5826884749188546
2017-09-25,-0.0018631713811143064,3.576019526910693
2017-09-26,-0.002090376631488185,3.5685521068372856
2017-09-27,0.0005697395065883793,3.5705858312454275
2017-09-28,0.002455637845489783,3.579364671357731
2017-09-29,0.002478828560546274,3.588248308691816
2017-10-02,0.0021548488658748198,3.5959887782661624
2017-10-03,0.004935709144525651,3.613781406460668
2017-10-04,-0.0002616679896986578,3.6128359192520927
2017-10-05,0.00557686622267857,3.6330405086383424
2017-10-06,-0.0003632940244196022,3.631720886451021
2017-10-09,0.001265263899993451,3.636318880007722
2017-10-10,0.005986030488416735,3.6581512751881324
2017-10-11,0.004207447598851343,3.6735751798689007
2017-10-12,-0.004197040017070269,3.658189347894819
2017-10-13,0.001518169064672224,3.6637473156953773
2017-10-16,0.0034497114617228655,3.676408012122251
2017-10-17,0.0024906832816643694,3.6855761928723103
2017-10-18,-0.0011456039610812693,3.681356399754252
2017-10-19,0.0001573246837339822,3.681935613546674
2017-10-20,0.0019738256655007468,3.6892102896687957
2017-10-23,-0.0012732487699770925,3.684515996341075
2017-10-24,-8.896705178904712e-05,3.684188210396902
2017-10-25,-0.0029706338310310806,3.673260076038455
2017-10-26,0.002493012215245706,3.682428982627043
2017-10-27,0.010099737462624336,3.7198089949877358
2017-10-30,-0.004540761869908102,3.7029565186370488
2017-10-31,0.0011908892435719782,3.707368956565459
2017-11-01,0.002932930315875018,3.718258372513414
2017-11-02,0.0013125815183902074,3.723142094174003
2017-11-03,0.001311231994881257,3.728027199262493
2017-11-06,-0.003617558229387876,3.714565208237741
2017-11-07,0.0006633376384933598,3.7170300365673246
2017-11-08,0.0019528426556813777,3.7242959036136423
2017-11-09,-0.0006175623801367578,3.7219966286170183
2017-11-10,-0.0005442171545773545,3.719971605278645
2017-11-13,0.001557060709880291,3.7257683386688467
2017-11-14,-0.0009568250731668466,3.7222051350587217
2017-11-15,-0.00592173438367304,3.7002283594626864
2017-11-16,0.01302856122566055,3.7487524241821966
2017-11-17,-0.008158864437165268,3.718291294434396
2017-11-20,0.000918005527131065,3.7217062736392363
2017-11-21,0.004561709384881196,3.738722397874637
2017-11-22,0.0003342587376140593,3.7399723073885904
2017-11-24,0.002485377644591017,3.7492791116236015
2017-11-27,0.0017764311774667665,3.7559453672496175
2017-11-28,0.010597889697260525,3.7959621340605674
2017-11-29,0.0016353915956786123,3.802175097561554
2017-11-30,0.007891599056549988,3.832299045698216
2017-12-01,0.00018322903561333452,3.8330012984911273
2017-12-04,0.0015164923932277465,3.8388184255031255
2017-12-05,-0.0016811843394893443,3.832370086026487
2017-12-06,0.0001595958218655583,3.8329817650894724
2017-12-07,-0.0013675266291408334,3.827743642908816
2017-12-08,0.003936807116667371,3.842842432333179
2017-12-11,0.0035619789907627257,3.8565549637179486
2017-12-12,0.005886149966842988,3.879322164434527
2017-12-13,0.0011358545645826776,3.88373101365423
2017-12-14,-0.0032036134909837373,3.871308948954677
2017-12-15,0.00926459980420278,3.9073417340193357
2017-12-18,0.0048357461373826245,3.9262824059478754
2017-12-19,-0.002513344524050035,3.916426696148268
2017-12-20,-0.000473623440719304,3.914572223856553
2017-12-21,0.0028265044772197087,3.9256524315252106
2017-12-22,-0.00020151816336750033,3.9248614209613653
2017-12-26,0.0001813587284764392,3.9255732933883047
2017-12-27,0.0008842641631904073,3.9290460723723393
2017-12-28,0.001476151700482736,3.934850223263002
2017-12-29,-0.00493827893067061,3.915466735236808
2018-01-02,0.0024529232174802787,3.9250828634895165
2018-01-03,0.004988168605509748,3.9447107515124893
2018-01-04,0.00353878513965107,3.9586949642686204
2018-01-05,0.00710012871622896,3.9869022271636516
2018-01-08,0.0008230830412387191,3.990185129639246
2018-01-09,-0.0007162379010095195,3.9873282310490104
2018-01-10,-0.001345656576321954,3.981966265084443
2018-01-11,0.0066125364749360345,4.00838441147011
2018-01-12,0.00592503260822772,4.032204718175075
2018-01-16,0.0003462912766575258,4.03360127728884
2018-01-17,0.012003438713603019,4.0823101149500385
2018-01-18,0.0012606574064845215,4.0874597547157645
2018-01-19,0.003158018273676099,4.100388431067268
2018-01-22,0.011002810573413686,4.145753341346588
2018-01-23,-0.004225149857058538,4.128273864916137
2018-01-24,0.0005104628810014069,4.130381733435333
2018-01-25,0.0023546907097259746,4.140118964515395
2018-01-26,0.012879837216333866,4.193787904512734
2018-01-29,-0.006426527908067791,4.166922826551665
2018-01-30,-0.012966242301841475,4.1132422651902205
2018-01-31,-0.002891944831836372,4.101364179142468
2018-02-01,0.002456076868910201,4.111449825325004
2018-02-02,-0.026687508834258047,4.0031766683509264
2018-02-05,-0.04960264375615965,3.8094528475835348
2018-02-06,0.01994607881597769,3.8861993457537407
2018-02-07,-0.004832425382187579,3.867464880306034
2018-02-08,-0.0387501593688903,3.720466498824361
2018-02-09,0.015644863256113615,3.7791303861435996
2018-02-12,0.012417706793013714,3.8263510989117515
2018-02-13,0.002170733990035251,3.834666110874428
2018-02-14,0.00879983649140327,3.8685594548752893
2018-02-15,0.010516641404399372,3.9094583901817366
2018-02-16,0.0038327098306478753,3.924470960822369
2018-02-20,-0.013493158301907658,3.8718731065021093
2018-02-21,-0.009982210340190636,3.833415519941715
2018-02-22,0.003457729247679689,3.8466933752888695
2018-02-23,0.014529031312271077,3.90299008177742
2018-02-26,0.014469771830143675,3.9598760285164194
2018-02-27,-0.010628402017718423,3.9180117434628356
2018-02-28,-0.013707844074455676,3.8646706801426514
2018-03-01,-0.01374125299634753,3.811928464548369
2018-03-02,0.004233343412925359,3.828099872214461
2018-03-05,0.01096034913941267,3.8702879591009367
2018-03-06,-0.001753480560224965,3.8635074309017106
2018-03-07,-0.0023187857795653978,3.8545591633788283
2018-03-08,0.004347651905020712,3.87135392730755
2018-03-09,0.016353469890858,3.9351845003286705
2018-03-12,-0.0032367710926283345,3.9224678005194207
2018-03-13,-0.004238363599649491,3.9058781371199833
2018-03-14,-0.007212340577198932,3.8778089576578143
2018-03-15,0.0024128215728910192,3.887176715585915
2018-03-16,0.0023693995616893416,3.8963979104255153
2018-03-19,-0.014526899774077194,3.8402044749124116
2018-03-20,0.00204062789651026,3.8480489043508705
2018-03-21,-0.0026612169293740193,3.8378220254687876
2018-03-22,-0.023788930914736127,3.747601719453938
2018-03-23,-0.020470356195862797,3.671666836031192
2018-03-26,0.026709153054068572,3.771055330371243
2018-03-27,-0.013358063209971785,3.721016291292676
2018-03-28,-0.00083075387408538,3.7179263262710682
2018-03-29,0.013665377862085184,3.7690819286260946
2018-04-02,-0.02197630883339683,3.687154943753784
2018-04-03,0.015469659299834912,3.744637445536559
2018-04-04,0.01041643673874302,3.783847082421736
2018-04-05,0.007429079963077538,3.812062261607193
2018-04-06,-0.020356108279720654,3.7352479817896778
2018-04-09,0.0029527515575266277,3.7462935404556528
2018-04-10,0.01606773128238253,3.8069741729191757
2018-04-11,-0.006948952690104689,3.7806113924398943
2018-04-12,0.007254121345272143,3.8081361193935868
2018-04-13,-0.002564471768426871,3.79838277326073
2018-04-16,0.00848109373809522,3.830734207470138
2018-04-17,0.008923815607361302,3.8650719571796874
2018-04-18,0.0007216480140366482,3.8678621853419104
2018-04-19,-0.00250803566936291,3.8581736037496297
2018-04-20,-0.007572276529020197,3.8290687802817764
2018-04-23,0.00013709295046981574,3.829593754602734
2018-04-24,-0.008678726375196132,3.7965015650168494
2018-04-25,0.002396435382332248,3.8056105458790213
2018-04-26,0.015162367039957636,3.86375227905443
2018-04-27,0.001516673850819427,3.8696167772434666
2018-04-30,-0.00896817221292715,3.8350685364276007
2018-05-01,8.378495157273468e-05,3.835389870920513
2018-05-02,-0.007068012789453016,3.8083768628604044
2018-05-03,-0.0016276458393865798,3.8021832160038884
2018-05-04,0.01168500793383957,3.84687234497766
2018-05-07,-4.204052752857044e-05,3.846710623834387
2018-05-08,0.0009371806943064857,3.850317376593169
2018-05-09,0.0077734460027097455,3.880364243359587
2018-05-10,0.010157339148340945,3.9199792700344536
2018-05-11,0.0063434280255716315,3.9449244116033104
2018-05-14,0.002592790604679605,3.955166046023135
2018-05-15,-0.007587208487675375,3.925270930277594
2018-05-16,0.0033718002262993854,3.938528498063141
2018-05-17,-0.0032814206407301766,3.9256257106697303
2018-05-18,-0.0048860596936258,3.9064916522548874
2018-05-21,0.009539078499777575,3.943934282960386
2018-05-22,-0.003214722401871151,3.931275986425531
2018-05-23,0.002737372875386885,3.942052097063943
2018-05-24,-0.0064244075526502286,3.9168079240517004
2018-05-25,-0.0030561899056543228,3.9048556886655126
2018-05-29,-0.010656176374913881,3.8634657784854256
2018-05-30,0.015299755477437438,3.9230303600437777
2018-05-31,-0.007546843183071089,3.893535302391884
2018-06-01,0.008876609711179394,3.9282505445494014
2018-06-04,0.0063524532699493754,3.9532840003126863
2018-06-05,-0.0007257490462713401,3.9504159490884265
2018-06-06,0.009186219438834888,3.986872529575301
2018-06-07,0.004037923571354375,4.003003762563343
2018-06-08,0.003405572995913058,4.016659523727188
2018-06-11,-4.712971488579527e-05,4.016470224169893
2018-06-12,-0.0004587905333194361,4.014627928299952
2018-06-13,-0.00511505778658242,3.9941453040170996
2018-06-14,0.00012228176977301707,3.994633745036713
2018-06-15,-0.0007342796994417332,3.9917016431941987
2018-06-18,-0.0023004237841415046,3.9825295916426033
2018-06-19,-7.06603757068051e-05,3.982248194547324
2018-06-20,-0.00015268194275631702,3.9816402235707185
2018-06-21,-0.0028946119681263582,3.9701315846844194
2018-06-22,0.004887744221631021,3.989584073063694
2018-06-25,-0.01039181875679895,3.9483397115898535
2018-06-26,0.0016071137124834154,3.9546902441290013
2018-06-27,-0.003947694030612196,3.9391091120654176
2018-06-28,0.005933689613098509,3.9625520456514614
2018-06-29,-0.00031055907471387606,3.9613216302228857
2018-07-02,0.0008924880044294635,3.964858640394342
2018-07-03,-0.004387508202124307,3.9475008970550185
2018-07-05,0.009582343930320574,3.98550902094426
2018-07-06,0.004844095539573579,4.004862043517077
2018-07-09,0.008224235927763423,4.037934786426879
2018-07-10,0.007446874442033329,4.068117021963841
2018-07-11,-0.006208175257307634,4.042939672088748
2018-07-12,0.0071807516449395765,4.072075501171202
2018-07-13,0.0019331084508493988,4.079954878126394
2018-07-16,0.0013141053369080677,4.085319892931319
2018-07-17,0.0037987421219995046,4.100868483535725
2018-07-18,0.0024949329930182267,4.111112649555325
2018-07-19,-0.005692611416954372,4.087776168529034
2018-07-20,0.0014022866604607583,4.093512423518053
2018-07-23,0.0027581078208211035,4.10481835647187
2018-07-24,0.009753720902413821,4.145051501545282
2018-07-25,0.004843567280435689,4.165177037722503
2018-07-26,-0.003415605470742791,4.150974704836257
2018-07-27,-0.004133867226501765,4.133850545432587
2018-07-30,-0.0020557938950135153,4.125360930157978
2018-07-31,-0.00026332418376178194,4.1242747658712595
2018-08-01,0.002810504860446784,4.135882364111555
2018-08-02,0.005002917880166204,4.156625689251655
2018-08-03,0.005589509216562395,4.179924239924451
2018-08-06,0.004396802046713754,4.198343001529608
2018-08-07,0.0030485665428414584,4.211161458571443
2018-08-08,0.0022499848252590937,4.220647175307569
2018-08-09,-0.0022056165942621175,4.211348304500784
2018-08-10,-0.004363731390723723,4.193011150013719
2018-08-13,-0.004609220673619421,4.173729108066645
2018-08-14,0.0035157173582512843,4.188428584401781
2018-08-15,-0.005062408224329131,4.1672786291120865
2018-08-16,0.015057846042578557,4.230503691124364
2018-08-17,0.0031193691278874475,4.243720797533338
2018-08-20,4.741150602266748e-05,4.24392200349719
2018-08-21,0.0006582136267715702,4.246716330321958
2018-08-22,-0.0009597217021672063,4.242642619623763
2018-08-23,-0.0005245887628683542,4.240417560652135
2018-08-24,0.005671676220394192,4.2645361679073135
2018-08-27,0.005616763191949482,4.2885564526622355
2018-08-28,0.000667386941949878,4.291419534524012
2018-08-29,0.004212414528036824,4.309534900445198
2018-08-30,-0.0017944300240539464,4.301808675788069
2018-08-31,-0.0019538730348183705,4.293411693805208
2018-09-04,-0.0020292206820937474,4.284708247592467
2018-09-05,0.0009240340838905373,4.2886692938417985
2018-09-06,-0.003765636886232977,4.272550091135745
2018-09-07,-0.0013909718292358325,4.266611225674797
2018-09-10,0.00020654947573710178,4.267492583005448
2018-09-11,0.006944042212268509,4.297229358864298
2018-09-12,-0.0008835051169762498,4.293434411411523
2018-09-13,0.002130682687445926,4.302592110392423
2018-09-14,-0.0001220448490465078,4.3020670332299344
2018-09-17,-0.0026728850723804027,4.290583456453762
2018-09-18,0.004482823369966137,4.30986055988579
2018-09-19,0.0029764789195929316,4.322707879391527
2018-09-20,0.008141021604571952,4.35804277354115
2018-09-21,0.0010873236964363394,4.3627839538506406
2018-09-24,-0.004588678895196741,4.342810400355868
2018-09-25,-0.003269062925336104,4.328636659931593
2018-09-26,-0.004195009227417351,4.310516023892798
2018-09-27,0.0030360870063135246,4.323623012494179
2018-09-28,-0.0015545085643293508,4.316907124797206
2018-10-01,0.003200411942222792,4.3307451377723885
2018-10-02,0.00301668052878148,4.343829337807785
2018-10-03,0.00022309782366740404,4.344798544789397
2018-10-04,-0.005303609251237061,4.321816428984063
2018-10-05,-0.004603292762198018,4.3019675628182314
2018-10-08,0.0019010250184838256,4.31015348914397
2018-10-09,0.003082393223611731,4.323459573808981
2018-10-10,-0.02759784783031182,4.2057728145233115
2018-10-11,-0.02271654747261779,4.111309182739221
2018-10-12,0.01285181940660395,4.164487976047941
2018-10-15,-0.005798693531228302,4.140409266559036
2018-10-16,0.019654018527554714,4.222589891376709
2018-10-17,0.0035120195293135022,4.237445781357651
2018-10-18,-0.01180385551864292,4.187721629281535
2018-10-19,0.010580730929748,4.232266025617426
2018-10-22,-0.0035050469719472652,4.2174577014961265
2018-10-23,0.0005710655290573582,4.21986683403051
2018-10-24,-0.020113089668764905,4.13584012500989
2018-10-25,0.017743241389366428,4.2098782302871065
2018-10-26,-0.015375954135023929,4.145642444499097
2018-10-29,-0.0020257460481553397,4.137252926085941
2018-10-30,0.01450940661732913,4.1977196181823455
2018-10-31,0.006034627166802789,4.223127878611082
2018-11-01,0.005967483205439858,4.24840466769767
2018-11-02,-0.002966266353018598,4.235821439707146
2018-11-05,0.009063171295162127,4.274385909210556
2018-11-06,0.0025951840928722524,4.285493133941494
2018-11-07,0.01915123344956012,4.36835654906586
2018-11-08,0.0005813355129091633,4.370896768149124
2018-11-09,-0.0040412383491805525,4.353268576363092
2018-11-12,-0.015590247794051819,4.28592634556405
2018-11-13,-0.002476256998421772,4.275326419942556
2018-11-14,-0.006587432741957102,4.24725555368251
2018-11-15,0.007833911952070637,4.280658848131481
2018-11-16,0.004521799452340791,4.300058957613209
2018-11-19,-0.007450506705647796,4.268140391908701
2018-11-20,-0.018671837439767056,4.189185776081879
2018-11-21,-0.003264336529492068,4.17553315941524
2018-11-23,-0.008364001401009735,4.1407546407577565
2018-11-26,0.013653733239596181,4.19767913159942
2018-11-27,0.008967661611491292,4.235491789762544
2018-11-28,0.02054885943502334,4.3234267020352695
2018-11-29,-0.002926548099249842,4.310792482181571
2018-11-30,0.010858608319269937,4.357856753090731
2018-12-03,0.00341173753266712,4.3727500080292705
2018-12-04,-0.027915155006864607,4.252372015906936
2018-12-06,-0.0012825330801759956,4.246921703977091
2018-12-07,-0.018899337334644342,4.167411410630177
2018-12-10,0.0012914198791827397,4.172796765199113
2018-12-11,0.0008081557854377257,4.1761703980732126
2018-12-12,0.0016866445167199333,4.183220056438603
2018-12-13,0.004161972625250887,4.200666785017905
2018-12-14,-0.021555939562167396,4.111086428715327
2018-12-17,-0.02180110423232336,4.0224301191113465
2018-12-18,0.0010034745731227481,4.0264685513511935
2018-12-19,-0.01572192968681729,3.9636597276029164
2018-12-20,-0.012440597151336072,3.914654890437612
2018-12-21,-0.015593747195450994,3.8540842408009244
2018-12-24,-0.028158354128365988,3.74707326892207
2018-12-26,0.04889737685439134,3.93484877545643
2018-12-27,0.009965006545175665,3.974255587733982
2018-12-28,-0.0003127887903327754,3.9730126795302314
2018-12-31,0.009301921889757698,4.010141751286883
2019-01-02,-0.00047037291704442747,4.008255932767318
2019-01-03,-0.022469801367675398,3.9191955498091406
2019-01-04,0.026033198709957565,4.022564419576739
2019-01-07,0.001531444399296694,4.028729472841137
2019-01-08,0.009936379728170214,4.0689600006039885
2019-01-09,-0.0020135961615627713,4.060775001771889
2019-01-10,0.0018727671205163582,4.068387013216626
2019-01-11,0.001195826096205332,4.073255006633173
2019-01-14,-0.003559816077461853,4.0587807461107825
2019-01-15,0.009519613539566946,4.097603264758553
2019-01-16,-0.00012652371295063141,4.097084853575643
2019-01-17,0.004126783714786474,4.114027572049799
2019-01-18,0.011901729144756516,4.163284151704971
2019-01-22,-0.010811915738566031,4.118513538440416
2019-01-23,0.005605646409069661,4.141665298733549
2019-01-24,-0.0030409630108086654,4.129089778294162
2019-01-25,0.00029318022824752817,4.130300523252386
2019-01-28,-0.007977789677142728,4.097480942298575
2019-01-29,-0.0026432761483021205,4.0866644704145525
2019-01-30,0.014694873246899923,4.1471608918063705
2019-01-31,0.009453590277433085,4.186552353693972
2019-02-01,0.006196115194503995,4.212573245317149
2019-02-04,0.0038473082583704078,4.228811529966542
2019-02-05,0.002295029507068569,4.2385279226467825
2019-02-06,-0.002145015030700839,4.22944596049956
2019-02-07,-0.008951386307075274,4.191755498454455
2019-02-08,-0.0011530522358352406,4.1869249708654
2019-02-11,-0.0005829112433749685,4.184485076414756
2019-02-12,0.012948867779760828,4.239021752473334
2019-02-13,0.0025301792960817425,4.249760817698209
2019-02-14,-0.011154766751424528,4.202619143034253
2019-02-15,0.010482985490900253,4.246906866741885
2019-02-19,0.002003675607341488,4.255424821196445
2019-02-20,0.0008539720054042031,4.259060386979608
2019-02-21,-0.0011632585286776545,4.254108879160504
2019-02-22,0.004090209835061786,4.27154471093459
2019-02-25,0.0014504380920947319,4.277744817443776
2019-02-26,-0.0005655482029015563,4.275326230528005
2019-02-27,-0.001321316392721154,4.269680902349048
2019-02-28,-0.0003245871146811658,4.26829524383996
2019-03-01,0.005930830257164012,4.293684995148145
2019-03-04,-0.0013716566608548985,4.2877995708384224
2019-03-05,0.0015940026915728393,4.294639785106915
2019-03-06,-0.004567173246880292,4.275070144162705
2019-03-07,-0.0056522024903940486,4.250974742241372
2019-03-08,-0.0015931412781444798,4.2442077307411115
2019-03-11,0.016007024999884437,4.312691518579354
2019-03-12,0.002602013674755994,4.3239278130420375
2019-03-13,0.006909609588759204,4.353907922267694
2019-03-14,-0.0013793036180767663,4.347906701022258
2019-03-15,0.0033424627527316943,4.362463731836759
2019-03-18,0.0029859737264208465,4.375509401242558
2019-03-19,0.000851450407453421,4.379236517007011
2019-03-20,-0.004637119986330164,4.358976482239285
2019-03-21,0.005499751983875747,4.383015816389331
2019-03-22,-0.011949252425552802,4.330953725020633
2019-03-25,-0.0011516007747527765,4.325969066074914
2019-03-26,0.008875227928788457,4.364533910295791
2019-03-27,-0.0041645735543755094,4.346395283833696
2019-03-28,-4.9486487230924186e-05,4.346180201320865
2019-03-29,0.0044238423868463795,4.365449608500673
2019-04-01,0.006871387673473226,4.395549601055333
2019-04-02,-0.0016937868337791489,4.388110778681985
2019-04-03,0.0012044801009834416,4.3933993551490005
2019-04-04,0.0026942446939038967,4.4052522081229855
2019-04-05,0.002046873600115459,4.414278437193213
2019-04-08,0.002669927936987454,4.42607999015166
2019-04-09,-0.004254986837726235,4.4072870881797535
2019-04-10,0.0011033429030822446,4.412152520737
2019-04-11,-0.0008787342345733937,4.408277114244422
2019-04-12,0.0007477459607322071,4.411574618344429
2019-04-15,0.003039167559688128,4.425002527308688
2019-04-16,0.0021681232665287965,4.4346068861972645
2019-04-17,0.000978481211653513,4.438948189311871
2019-04-18,-8.40290583977524e-05,4.438575204346254
2019-04-22,0.0032410202588648435,4.452984053577369
2019-04-23,0.003919944834360283,4.4704737623669715
2019-04-24,-0.0038952496175692843,4.4530940223417845
2019-04-25,0.00018634537477567198,4.453923913137043
2019-04-26,0.0032888909660288668,4.468596498298862
2019-04-29,0.0015956576915027677,4.475732540497803
2019-04-30,0.002688033478202463,4.487779643660565
2019-05-01,-0.007130113236976153,4.455895072002128
2019-05-02,-0.001972228463080688,4.44711568923267
2019-05-03,0.008620376838593746,4.485617212716055
2019-05-06,-0.0021343039166736846,4.476053751626818
2019-05-07,-0.013385833130468518,4.416537270546883
2019-05-08,-0.0025475296936568127,4.4053003300040965
2019-05-09,-0.004082853204796032,4.387350803009971
2019-05-10,0.006480618312238761,4.415875879197797
2019-05-13,-0.01571746314376398,4.347012112339653
2019-05-14,0.0029514678572217703,4.359861131269872
2019-05-15,0.006180790418298576,4.386891969093846
2019-05-16,0.0086335951909994,4.424930587237342
2019-05-17,-0.003059815537694897,4.411411808904718
2019-05-20,-0.001832485251938233,4.403335364067759
2019-05-21,0.003861832158936175,4.4203731836082
2019-05-22,0.0013161948091352615,4.42619508638554
2019-05-23,-0.0072796181045582204,4.394091070760522
2019-05-24,0.003206905042411651,4.408205122688286
2019-05-28,-0.008800552376474313,4.369580690078233
2019-05-29,-0.009512428916523163,4.3282124326110525
2019-05-30,-0.00010582993997679882,4.327754402386185
2019-05-31,-0.015359788507476227,4.2617889149148525
2019-06-03,0.0002542168701606921,4.262872471277405
2019-06-04,0.015298150461867745,4.3285879164979555
2019-06-05,0.008808161746933411,4.366883227056352
2019-06-06,0.009151157805892937,4.407028673082684
2019-06-07,0.008248013915248037,4.443528224385696
2019-06-10,0.004779021498212619,4.464814765202367
2019-06-11,0.00169213838893149,4.472376245397239
2019-06-12,-0.0008426110876720793,4.468609358817697
2019-06-13,0.0017724360348942885,4.476536706354016
2019-06-14,0.0022081783341678916,4.486432619670704
2019-06-17,-0.00114021982118701,4.48132001557151
2019-06-18,0.0049960552718783975,4.503764959463883
2019-06-19,0.002328079156525974,4.5142622953651035
2019-06-20,0.0069674562152771255,4.545825048617438
2019-06-21,0.00267562355195684,4.558004251395623
2019-06-24,0.0017993651893929382,4.566213148765936
2019-06-25,-0.006558745201473983,4.536362518533773
2019-06-26,-0.006156652181790298,4.508519510143404
2019-06-27,0.0014007974049792613,4.5148394580233715
2019-06-28,0.003840115843725519,4.532210296226937
2019-07-01,0.005394539623722929,4.556725549052736
2019-07-02,0.005079033522662473,4.579928184472468
2019-07-03,0.0071091438442596865,4.612603562094621
2019-07-05,-0.0016193104561519167,4.605140369160425
2019-07-08,-0.002054467401240045,4.595688970513459
2019-07-09,-0.0006634153954338838,4.592641130801473
2019-07-10,0.005424271059040431,4.617620547488514
2019-07-11,0.0020513962553756686,4.627102839632373
2019-07-12,0.0001899434243536065,4.62798181086533
2019-07-15,0.00039808650960977796,4.6298245147443975
2019-07-16,-0.005822228005707925,4.602946940401556
2019-07-17,-0.00347520403967092,4.58697852342441
2019-07-18,0.001718071063471996,4.594866052221588
2019-07-19,-0.007086938508195971,4.562417634834666
2019-07-22,0.00038311472697312454,4.564165899092681
2019-07-23,0.009387870229243513,4.607215451895485
2019-07-24,0.0033617315605063507,4.62272973630506
2019-07-25,-0.004372759822761546,4.602559780767442
2019-07-26,0.01129352148842255,4.654833510199356
2019-07-29,-0.0013796634076766,4.648415834870402
2019-07-30,-0.0039009134994912324,4.630318088609891
2019-07-31,-0.013813869586492547,4.566795236717605
2019-08-01,-0.011935444669325545,4.512612495622422
2019-08-02,-0.0019846604899279694,4.5036653733328595
2019-08-05,-0.02497613804533389,4.3925742932284315
2019-08-06,0.009656980365231506,4.435198777582128
2019-08-07,-0.0008575023881912554,4.431397214196034
2019-08-08,0.016292079079410167,4.504185211935701
2019-08-09,-0.0064477323959057226,4.475236856940404
2019-08-12,-0.010196371545195312,4.429837526745096
2019-08-13,0.013179168405508626,4.488605507459016
2019-08-14,-0.024822993903052527,4.378556405200716
2019-08-15,0.007771773355367845,4.412718129847836
2019-08-16,0.011274533498910798,4.462750986791685
2019-08-19,0.010049955316268198,4.507827564191005
2019-08-20,-0.012240275829056806,4.4529868289830485
2019-08-21,0.006244566870245481,4.480880805266197
2019-08-22,0.000733019757416035,4.484166583550158
2019-08-23,-0.02305933590657729,4.381947758536507
2019-08-26,0.012262426373459487,4.43601187144628
2019-08-27,-0.00010179046706969641,4.435560350706602
2019-08-28,0.0071240406799548284,4.467272287527285
2019-08-29,0.008276855914982657,4.504400697874814
2019-08-30,0.0015935591445059541,4.511584449143475
2019-09-03,-0.0035049920184652764,4.495799061647433
2019-09-04,0.008730741923262725,4.5352225708117295
2019-09-05,0.00899602168014617,4.576205597088951
2019-09-06,0.00043162767649830363,4.578181240418498
2019-09-09,0.002076076602684932,4.587695768401672
2019-09-10,0.003500032393663316,4.603780985172603
2019-09-11,0.0068778393871711625,4.635554191616031
2019-09-12,0.0034146263102692565,4.651409932229877
2019-09-13,0.0004081193352454922,4.653308649984733
2019-09-16,-0.00579988399524875,4.626398114050211
2019-09-17,0.0012577687461807702,4.632220713979955
2019-09-18,0.001357455519567373,4.6385130173507445
2019-09-19,0.0007983886360720599,4.642217832176303
2019-09-20,-0.00219529448147034,4.632037974968049
2019-09-23,0.0006195366461493662,4.634908581371011
2019-09-24,-0.005790230613250064,4.6081489388279255
2019-09-25,0.002888409528048508,4.621478401335551
2019-09-26,-0.004854568562644837,4.599097486372505
2019-09-27,0.0008370975531488684,4.60294899144287
2019-09-30,0.0006979673056065428,4.606162820791707
2019-10-01,-0.007761641537970096,4.570549822560588
2019-10-02,-0.016730388428186416,4.494718858229102
2019-10-03,0.0065627631694826945,4.524313639158031
2019-10-04,0.015923599331469578,4.596933648301959
2019-10-07,-0.00472000949284273,4.575287203743399
2019-10-08,-0.012531237825314073,4.518310928888686
2019-10-09,0.006149684496971927,4.546182729110072
2019-10-10,0.005081664238389982,4.569343701607548
2019-10-11,0.0072048998590277325,4.602384249388753
2019-10-14,-0.0020008819707853748,4.593184628468588
2019-10-15,0.011372560683336438,4.645719058672255
2019-10-16,-0.0007452101552976268,4.642258311303272
2019-10-17,0.0031169073498783697,4.656750373829243
2019-10-18,-0.005800240679195465,4.629818282689255
2019-10-21,0.006735886168999086,4.6611094802847965
2019-10-22,0.0012378513924609787,4.666882813672571
2019-10-23,0.00524031754617019,4.691402952110705
2019-10-24,1.9580297774313395e-05,4.691494812076806
2019-10-25,0.004424801918867606,4.71229974222632
2019-10-28,0.004397382025199865,4.733067152062617
2019-10-29,-0.0009326840046139307,4.7286547540435135
2019-10-30,0.00603794839661648,4.757292497037671
2019-10-31,-0.002411262369420479,4.745835235442329
2019-11-01,0.0038946997274890093,4.76435487945688
2019-11-04,1.2133644448229816e-05,4.764412688795731
2019-11-05,-0.0003986454889880825,4.76251375569537
2019-11-06,0.0024142875913896657,4.774025724569639
2019-11-07,0.004869265587606067,4.797328411187941
2019-11-08,-0.001259935299007029,4.791287893911305
2019-11-11,-0.002932006952124403,4.7772603789316
2019-11-12,-0.0007961003322726101,4.773458713810796
2019-11-13,-0.00010454246400949789,4.772959710758966
2019-11-14,0.0003849101837241672,4.774797225174461
2019-11-15,0.008418109058131978,4.815161646630422
2019-11-18,0.0020148689474635173,4.824873346925364
2019-11-19,0.00032772819184834787,4.82645485308117
2019-11-20,-0.0019914490927001307,4.816852778138141
2019-11-21,0.0012911203969452987,4.823075931564744
2019-11-22,0.003267289569156047,4.838860088911963
2019-11-25,0.0041902693962623735,4.859178756871393
2019-11-26,0.0024508226998804987,4.8711023478068896
2019-11-27,0.0033078235815192595,4.887241773491339
2019-11-29,-0.0019593615275633517,4.877675275159412
2019-12-02,-0.0032839740878362472,4.861683388789157
2019-12-03,-0.00549174808195173,4.835057426819829
2019-12-04,0.007704124597137018,4.872451169743625
2019-12-05,0.0018923107363560036,4.881680090643613
2019-12-06,0.008340242866448012,4.922564745176793
2019-12-09,-0.0024081462108228786,4.910724751477988
2019-12-10,-0.0011645346852629985,4.905009370700595
2019-12-11,0.0006580873615812797,4.908238357737137
2019-12-12,0.008217455547419743,4.948737761383984
2019-12-13,-0.000533324557312451,4.946099181680356
2019-12-16,0.0069811210625083985,4.980749306487153
2019-12-17,0.0011828400680563237,4.986644222019652
2019-12-18,-0.004296127346786469,4.965266916102565
2019-12-19,0.004267157339068717,4.986499760990583
2019-12-20,0.005955719991704205,5.01628657020703
2019-12-23,3.7314679056677536e-05,5.0164737548227984
2019-12-24,-0.0006780599353494155,5.0130734378925395
2019-12-26,0.005448164051391741,5.040460019937949
2019-12-27,0.000853240820023985,5.044762581478198
2019-12-30,-0.005939331475503388,5.014888867055623
2019-12-31,0.0028087746390303764,5.0289943600249885
2020-01-02,0.004702284872522639,5.052697810640242
2020-01-03,-0.00923846064192535,5.006233620051918
2020-01-06,0.002163621469570614,5.017076940784687
2020-01-07,-0.005419004902286735,4.989962908136997
2020-01-08,0.004160828082835269,5.010768540250235
2020-01-09,0.0075431411042435805,5.048708387305247
2020-01-10,-0.0017574382721061849,5.039843386088599
2020-01-13,0.005046985604256335,5.0653436988327805
2020-01-14,-0.001341096816676788,5.058555135600631
2020-01-15,0.004062157011315246,5.079145573293491
2020-01-16,0.007122303565260095,5.115449921745786
2020-01-17,0.003937044075152917,5.135629371177202
2020-01-21,-8.577248637723209e-05,5.135188894367589
2020-01-22,0.002459529019363326,5.147834585320353
2020-01-23,-0.0010267392855760396,5.142551813794577
2020-01-24,-0.004553551668300705,5.119188172547425
2020-01-27,-0.012789017936506166,5.054135648792872
2020-01-28,0.00880329910963509,5.098825135497061
2020-01-29,-0.0018471702670446702,5.089415430648942
2020-01-30,0.007096628842215551,5.125661583612009
2020-01-31,-0.016762447917819404,5.040459044837373
2020-02-03,0.0023827684388171826,5.052483611756626
2020-02-04,0.0103952715814387,5.1052794893713225
2020-02-05,0.01296697161335103,5.171910571641443
2020-02-06,0.0019486601506100577,5.181998693643307
2020-02-07,-0.0035051815128646817,5.163866644249465
2020-02-10,0.004760199037718392,5.188506275528096
2020-02-11,-0.004218151741691118,5.166666462949551
2020-02-12,0.004407006999046549,5.189486244749308
2020-02-13,0.0007950333693380877,5.193613699998526
2020-02-14,0.0018699370940988785,5.203334516733936
2020-02-18,-0.003956364125153436,5.18278890049
2020-02-19,0.005567119717140164,5.2117225706425225
2020-02-20,-0.003412372748094545,5.193968539485628
2020-02-21,-0.005599037107175048,5.1649685785885975
2020-02-24,-0.03444035362843984,4.99011355191214
2020-02-25,-0.026635758267419714,4.858952633277842
2020-02-26,-0.006035348229400814,4.82971547905726
2020-02-27,-0.04618738038039855,4.611716721741114
2020-02-28,-0.008326812520615146,4.57347525691337
2020-03-02,0.048505405634071276,4.800781761516054
2020-03-03,-0.030218097973394146,4.657881232759085
2020-03-04,0.04253559625647829,4.860281071674856
2020-03-05,-0.030671270032740307,4.713472982442707
2020-03-06,-0.013572383678333456,4.6499320947216995
2020-03-09,-0.06599051900377942,4.352986221179431
2020-03-10,0.0449339907812854,4.553044308335368
2020-03-11,-0.04581815500119655,4.3491391674771345
2020-03-12,-0.09408642845125169,3.958604263919377
2020-03-13,0.08769316932910913,4.3214226875466055
2020-03-16,-0.10221763335664336,3.9015231981141785
2020-03-17,0.0571993143026411,4.131193526980474
2020-03-18,-0.0386866497206125,3.9744234958064077
2020-03-19,-0.008559714748611178,3.940548750301155
2020-03-20,-0.05546809322622935,3.7279254418205316
2020-03-23,-0.028706285198195142,3.6224319581376623
2020-03-24,0.07666430982386876,3.91106580689879
2020-03-25,0.010258188782985355,3.9513927453278663
2020-03-26,0.05275057565962131,4.165426561829102
2020-03-27,-0.03393317279831711,4.0264516868325195
2020-03-30,0.040487064432741415,4.192815971699423
2020-03-31,-0.019534329021516576,4.111706909717514
2020-04-01,-0.03176257160394769,3.9831608088630257
2020-04-02,0.03311472440965441,4.117270326198693
2020-04-03,-0.010523755506455765,4.074168374922643
2020-04-06,0.055866618622673385,4.308256356979452
2020-04-07,-0.006566434621259268,4.280059152148069
2020-04-08,0.027624934508472854,4.399943784541445
2020-04-09,0.006182356603079661,4.427230065901617
2020-04-13,-0.006124920308474958,4.4001965082665855
2020-04-14,0.029667011583417512,4.532692856689232
2020-04-15,-0.016277399661823434,4.459509635625712
2020-04-16,0.005168768104989893,4.4826194800571235
2020-04-17,0.023541285606748542,4.589398026357486
2020-04-20,-0.021242407004434014,4.492936332113786
2020-04-21,-0.022117183855529906,4.394656080678839
2020-04-22,0.020024982721235766,4.483546032246793
2020-04-23,0.0010584094224349986,4.488293971801993
2020-04-24,0.008658347719326139,4.527323905214486
2020-04-27,0.007211769849798455,4.56009193899243
2020-04-28,-0.005945369786651047,4.5330609404180695
2020-04-29,0.01912667794797799,4.620597813315388
2020-04-30,-0.006994417609189531,4.588392183712905
2020-05-01,-0.0206867304412783,4.494448396525181
2020-05-04,6.251899944088915e-07,4.494451206410227
2020-05-05,0.00537344262272464,4.5186668846004725
2020-05-06,-0.009233823619702472,4.477134358701483
2020-05-07,0.0064341587873192685,4.5060338242534135
2020-05-08,0.020213476326402233,4.598043214319367
2020-05-11,-0.003280150959364687,4.582985647505683
2020-05-12,-0.015975120434451078,4.510353597373651
2020-05-13,-0.01504232562453435,4.443015123234708
2020-05-14,0.010659349152206295,4.490628083484167
2020-05-15,0.005210665819186172,4.514088314376287
2020-05-18,0.028910030443948638,4.646495470510918
2020-05-19,-0.015717762958577075,4.574033914680897
2020-05-20,0.017577751637622204,4.655145941878809
2020-05-21,-0.00909850151897167,4.612983189251912
2020-05-22,0.0009405121578226862,4.617323796902407
2020-05-26,0.012091104969469248,4.673491222447295
2020-05-27,0.010717279879816176,4.723847696110303
2020-05-28,-0.002219333367918267,4.7133755282075285
2020-05-29,0.005238464488464767,4.7381311626779
2020-06-01,-0.00027388498976367825,4.736833637367375
2020-06-02,0.006785116743148751,4.7690828903392815
2020-06-03,0.011025272866224307,4.821954255570105
2020-06-04,-0.004351775375654769,4.801015786579355
2020-06-05,0.02427627362309937,4.918992786483405
2020-06-08,0.006576464550626241,4.951448974676932
2020-06-09,-0.006291063018382578,4.920396874916728
2020-06-10,-0.00473535950711517,4.897152106400094
2020-06-11,-0.05517486921602928,4.634271273731921
2020-06-12,0.008235254466930299,4.672593255996742
2020-06-15,0.004417584880788953,4.69328049348959
2020-06-16,0.015810243240428557,4.768072078335745
2020-06-17,-0.004843295851490702,4.7450347280040095
2020-06-18,0.001116499625292321,4.750335516113143
2020-06-19,-0.007990239375171881,4.712530435185307
2020-06-22,0.005416529527060789,4.738125250394103
2020-06-23,0.0033568657072162067,4.754057226354671
2020-06-24,-0.023274925068332824,4.644684657233359
2020-06-25,0.007172290463406062,4.678117436186856
2020-06-26,-0.026419996904780335,4.5561400047857274
2020-06-29,0.015455953178257386,4.627106506094775
2020-06-30,0.011575168787698176,4.680977224746455
2020-07-01,0.000509584692695756,4.683363186960322
2020-07-02,0.002269568626436993,4.694004472111399
2020-07-06,0.013337830650275346,4.757031697698769
2020-07-07,-0.0023513475660375295,4.745859402916375
2020-07-08,0.005120837412284682,4.770224508929711
2020-07-09,-0.0060937013161289875,4.741244572775372
2020-07-10,0.01574742874989764,4.816497952373552
2020-07-13,-0.003832239807207454,4.798075299746854
2020-07-14,0.016598174099517967,4.878379194294951
2020-07-15,0.003625491180596056,4.896097814982922
2020-07-16,-0.002306077375895217,4.884820043286625
2020-07-17,0.0009818249688177865,4.889618436779113
2020-07-20,0.0039746691922387875,4.9090917268480645
2020-07-21,0.004648714356689372,4.9319658184024195
2020-07-22,0.004858830558567182,4.955987716541527
2020-07-23,-0.008553933119729849,4.9137753274375635
2020-07-24,-0.006481437886261218,4.882029986725258
2020-07-27,0.0005901139507313543,4.88491179094112
2020-07-28,-0.0010620014671219075,4.879726761194306
2020-07-29,0.004814016010026895,4.903274478014117
2020-07-30,-0.0030042855854516106,4.8885657468558925
2020-07-31,0.004789196082855597,4.9120341994353
2020-08-03,0.002265399103824755,4.923174531193068
2020-08-04,0.0076807584371560295,4.961133837026145
2020-08-05,0.010460981388596172,5.0133045685252355
2020-08-06,0.007378314201096436,5.050431102003135
2020-08-07,0.002945537306460637,5.06532926600512
2020-08-10,0.0048197725045456925,5.089801929688247
2020-08-11,-0.0044618254350981485,5.067142710310849
2020-08-12,0.01229999388466097,5.1298534146780606
2020-08-13,-0.00264039691628003,5.116326431701878
2020-08-14,0.00044605940272712975,5.118609126285002
2020-08-17,0.0008228170356344462,5.122822538268726
2020-08-18,0.0022806933582098887,5.13451945908166
2020-08-19,-0.006942385810705542,5.098997091705445
2020-08-20,0.0022413051727740744,5.110438317112354
2020-08-21,0.0034830700229083853,5.128269366989406
2020-08-24,0.010528185086516133,5.1825459516773895
2020-08-25,0.0009455081247083054,5.187448408272418
2020-08-26,0.00673209540534025,5.222488620554905
2020-08-27,0.005608137349783961,5.251859334567127
2020-08-28,0.011312453307299127,5.311608063240558
2020-08-31,-0.0058167658360288015,5.280801367453107
2020-09-01,0.006402663693269955,5.31472103487597
2020-09-02,0.01584251057369354,5.399590053162563
2020-09-03,-0.02558585072941938,5.26318935302233
2020-09-04,-0.006054738915526449,5.231418395114272
2020-09-08,-0.02186612166883416,5.118269139952359
2020-09-09,0.013676886594279576,5.188752021033247
2020-09-10,-0.015078045463970239,5.111102653614863
2020-09-11,0.0025530032049718206,5.124167985891608
2020-09-14,0.007539196506417197,5.1629460894635155
2020-09-15,0.00250734821151824,5.175907635871651
2020-09-16,-0.0035394579534333195,5.1576201114772715
2020-09-17,-0.005582243492733715,5.128909230292817
2020-09-18,-0.007150174460760524,5.092367430308463
2020-09-21,-0.013529678108504419,5.02393332777016
2020-09-22,0.007030703568957154,5.059379573760796
2020-09-23,-0.022611470728127622,4.946263243378472
2020-09-24,0.003904027243130966,4.965611332992426
2020-09-25,0.009815665886662654,5.014592110972702
2020-09-28,0.011390844132275597,5.072039111861505
2020-09-29,-0.005498829344106872,5.0442253759362945
2020-09-30,0.009853604445419639,5.094174864629246
2020-10-01,0.0027735604389775874,5.108323478450785
2020-10-02,-0.008911561387486163,5.063002580102348
2020-10-05,0.012071790821731888,5.124492488100419
2020-10-06,-0.01247374344625141,5.060967901876848
2020-10-07,0.011958383615318764,5.121852210922973
2020-10-08,0.009668688787503224,5.171613983855674
2020-10-09,0.008686422402783346,5.216732482897014
2020-10-12,0.011441266542325367,5.2767612574936695
2020-10-13,-0.005424474757512308,5.248215093222098
2020-10-14,-0.009707887298945433,5.197512518215033
2020-10-15,-0.0007239250743473645,5.193751270174009
2020-10-16,0.00035287694291318277,5.195584348651023
2020-10-19,-0.016660964893596145,5.109738027304285
2020-10-20,0.00556462408424303,5.138251057165979
2020-10-21,-0.00011325456252974995,5.137669159742223
2020-10-22,0.006872014711683699,5.173096888306139
2020-10-23,0.001188407929339537,5.1792482921320095
2020-10-26,-0.017472767245615285,5.0895385135930615
2020-10-27,-0.0014540987458301474,5.082143200084697
2020-10-28,-0.03645907805191295,4.900190021920632
2020-10-29,0.009175597106954503,4.945359101040902
2020-10-30,-0.005534068145940025,4.9180667353298775
2020-11-02,0.010523309306146221,4.9700943439556395
2020-11-03,0.013978362378167804,5.040055958979625
2020-11-04,0.012222575348440694,5.102036431586621
2020-11-05,0.014036191137129839,5.174154537867939
2020-11-06,0.0018646373726212257,5.183811460322231
2020-11-09,0.029578499789234484,5.339430976792377
2020-11-10,0.008571421575561526,5.38539419431862
2020-11-11,0.0013524079424395504,5.392682371383614
2020-11-12,-0.008118663025130271,5.349078243524269
2020-11-13,0.010809506989815334,5.407212778958424
2020-11-16,0.012157036989213317,5.4733496644540205
2020-11-17,-0.006807072550236421,5.436218696168427
2020-11-18,-0.012679477710223154,5.367725429438124
2020-11-19,0.0025178126242462557,5.38125738460294
2020-11-20,-0.008938458200857705,5.333371571893724
2020-11-23,0.008476141637090763,5.378770115177374
2020-11-24,0.016786959195765346,5.469825442367582
2020-11-25,-0.0030460558510487703,5.45318939859694
2020-11-27,-0.0006614338487387412,5.449583667152996
2020-11-30,-0.00602355139135903,5.416856485755677
2020-12-01,0.009029470949558053,5.465989321968626
2020-12-02,0.005234772212414094,5.494677553652084
2020-12-03,-0.0007635946053191224,5.490483449015775
2020-12-04,0.006235627619709825,5.524827024849183
2020-12-07,-0.005321995621573341,5.4955020225956455
2020-12-08,0.0035197476929955257,5.514878883988739
2020-12-09,-0.005194244837815386,5.486307520381713
2020-12-10,-0.004368232055508493,5.462394323226849
2020-12-11,0.00641673348782895,5.497557748315218
2020-12-14,-0.007881722888196442,5.454397832260115
2020-12-15,0.010104121094699978,5.50978909722489
2020-12-16,-0.0011207823602792954,5.5036172820727
2020-12-17,0.005286070149997444,5.532786817286628
2020-12-18,-0.001904467070121921,5.5222598343150855
2020-12-21,-0.005105483524435741,5.4941378768939435
2020-12-22,-0.0062098369044714195,5.460125890489596
2020-12-23,0.0034203299836439104,5.478833297301902
2020-12-24,0.004582699366891067,5.503998762022445
2020-12-28,0.012931665012666835,5.575636831681305
2020-12-29,-0.00021512784550103959,5.574437485953366
2020-12-30,0.0006810302729311034,5.578235139647648
2020-12-31,0.006162781025981181,5.612718729591518
2021-01-04,-0.009840999827186529,5.557754858846706
2021-01-05,0.0022785201047645968,5.57043275296332
2021-01-06,0.003457385467912132,5.589725217739351
2021-01-07,0.011972452721023041,5.657050156764591
2021-01-08,0.0033078992404448992,5.67579409311607
2021-01-11,-0.008136226924891328,5.629801899573616
2021-01-12,-0.002457179050526086,5.615985449984278
2021-01-13,0.0024113442947805964,5.629543864892177
2021-01-14,-0.009404755888216673,5.57684756540986
2021-01-15,-0.005192940434890946,5.547962392590457
2021-01-19,0.0051664587710219196,5.576699883162629
2021-01-20,0.009151836025422867,5.627971181457219
2021-01-21,0.0037214006614014446,5.648954135908766
2021-01-22,5.947206060304291e-05,5.649290100841645
2021-01-25,0.005698719695603082,5.68157572760001
2021-01-26,-0.0018392678654175366,5.671135392169253
2021-01-27,-0.028214047782475566,5.513365831859477
2021-01-28,0.00996429064154169,5.568577225795098
2021-01-29,-0.020653212959336913,5.454747733032568
2021-02-01,0.00950543594253042,5.506844698113237
2021-02-02,0.012821838135037613,5.5779071716835755
2021-02-03,0.0034354341543604864,5.597102658026636
2021-02-04,0.011787910795004443,5.663471209635401
2021-02-05,0.0025366157230341823,5.67785549574299
2021-02-08,0.007469470130754084,5.720424855131952
2021-02-09,-0.0004919897707165363,5.717611156831222
2021-02-10,0.0005302188497429008,5.720643545885951
2021-02-11,0.0010090362040944495,5.726418795562466
2021-02-12,0.001036893667743028,5.732359562389915
2021-02-16,0.0017381933768153464,5.742332176469788
2021-02-17,0.0060905057229235305,5.777412603785028
2021-02-18,-0.0064602013763029155,5.740209653591803
2021-02-19,-0.008808454355692382,5.689869314642052
2021-02-22,-0.0038695092685684454,5.667894855198158
2021-02-23,0.0010635220299678157,5.673925992795579
2021-02-24,0.005451146432557512,5.70493984796477
2021-02-25,-0.02195807775958584,5.581035662440677
2021-02-26,-0.007600321337660261,5.538778784348743
2021-03-01,0.018234857930812292,5.640704101177188
2021-03-02,-0.0077926713928827395,5.5969187716092454
2021-03-03,-0.00999747733310859,5.541242478030636
2021-03-04,-0.013330532984838881,5.467864929927911
2021-03-05,0.019826977679117307,5.577358037676958
2021-03-08,0.0018736357829647722,5.587817771076227
2021-03-09,0.010261338204407139,5.64545145268838
2021-03-10,0.008204075129560014,5.691957669948096
2021-03-11,0.0049191171821309655,5.720026055963052
2021-03-12,0.0009245534091657238,5.725316971043508
2021-03-15,0.0008329608006447484,5.730087922383528
2021-03-16,0.0012417692198360495,5.737207788893142
2021-03-17,0.00024462113514070715,5.7386114028448185
2021-03-18,-0.007467777701333716,5.695916345589224
2021-03-19,-0.0007184295829380418,5.691825700380824
2021-03-22,0.006454197670383466,5.728680675265107
2021-03-23,0.00022895585103182818,5.729992440386821
2021-03-24,-0.004002608211428561,5.707103364154318
2021-03-25,0.003114318204225013,5.724904805342896
2021-03-26,0.013716973870847787,5.803974231825169
2021-03-29,0.005096543781451203,5.833629947238425
2021-03-30,-0.005042706844105178,5.804286708433562
2021-03-31,0.0016214848586064458,5.813705905925598
2021-04-01,0.007707978646998684,5.8586909761644534
2021-04-05,0.016445920161294047,5.955839196529903
2021-04-06,-0.0010865668158214583,5.949371293839149
2021-04-07,0.004524195535098703,5.976348391701532
2021-04-08,0.003393224466465611,5.996661927987752
2021-04-09,0.0056402929920723,6.0305804234416716
2021-04-12,0.002104575775647816,6.043285601729646
2021-04-13,2.9318835476348053e-05,6.043462786423351
2021-04-14,-0.0047330775171923875,6.014926194806137
2021-04-15,0.011919443912504688,6.087049752674685
2021-04-16,0.00365733185808717,6.10935287375385
2021-04-19,-0.004827358913447406,6.079931904626133
2021-04-20,-0.0024623606242307316,6.064979336568644
2021-04-21,0.005012212141799473,6.095454610106537
2021-04-22,-0.01126411838795556,6.0271799366437
2021-04-23,0.008534878073108874,6.078841330775522
2021-04-26,-0.0019717165594852165,6.066867387151836
2021-04-27,-0.001482910144543329,6.057877435250692
2021-04-28,0.0014368174073703533,6.066587755072451
2021-04-29,0.011723587442609389,6.138128464586518
2021-04-30,-0.00516753068771648,6.106491310763776
2021-05-03,0.0030960728649044003,6.12542675043555
2021-05-04,-0.003278061370557596,6.105380100652147
2021-05-05,-0.0027578351646581375,6.0885656650948565
2021-05-06,0.011519808962764258,6.159110328798656
2021-05-07,0.00238466757314247,6.173815285727644
2021-05-10,-0.005942882371322551,6.1372338349964135
2021-05-11,-0.009156379612002408,6.081295479463404
2021-05-12,-0.017978222578404462,5.97294152003495
2021-05-13,0.011568461245225044,6.042440485492304
2021-05-14,0.009583150552143593,6.100624449927643
2021-05-17,-0.003943263917913916,6.0766154456878825
2021-05-18,-0.005663309522596071,6.042298955740876
2021-05-19,-0.0014728244988683338,6.033406260106882
2021-05-20,0.008283721651944269,6.0835928972613456
2021-05-21,0.00023514159888841097,6.0850235712210825
2021-05-24,0.009243259925262488,6.14152977418845
2021-05-25,-0.0007291933754020518,6.1370530437617274
2021-05-26,-0.0006392772411843927,6.133131019187004
2021-05-27,-0.0019269730151815832,6.121324020751648
2021-05-28,0.00046664438883262967,6.124181168842373
2021-06-01,-0.004381515128122251,6.097406675661177
2021-06-02,0.0027820823177607383,6.114393781764834
2021-06-03,-0.0010166706441416228,6.108180616006979
2021-06-04,0.007037030345534981,6.151315661667387
2021-06-07,-0.0015285158593830897,6.141920460308811
2021-06-08,-0.0018521043896910052,6.130555510248844
2021-06-09,-0.0014266271614190673,6.121815728930357
2021-06-10,0.004462594469485906,6.149195957935574
2021-06-11,0.0004619664952290551,6.152037336701101
2021-06-14,0.0019199648437324332,6.163860378385181
2021-06-15,-0.0038537979522701086,6.140151819222067
2021-06-16,-0.006889925378951455,6.097992037029549
2021-06-17,0.004748191309137262,6.127015319343136
2021-06-18,-0.011410219291034524,6.057502065860059
2021-06-21,0.01028625984178443,6.120132671212524
2021-06-22,0.0058713221483537,6.156171636373908
2021-06-23,-0.0013360995554241994,6.147951870622918
2021-06-24,0.0051264153107880685,6.179549747943836
2021-06-25,0.004037939575623471,6.20455284295116
2021-06-28,0.0022991016274301825,6.218834151288727
2021-06-29,-0.0024159096642226035,6.2038281436405756
2021-06-30,0.0029363104974090936,6.222071279991687
2021-07-01,0.004727049223119976,6.25155294294066
2021-07-02,0.00800859430807347,6.301820110263571
2021-07-06,-0.0008729853603250262,6.296321114184679
2021-07-07,0.003133908772290085,6.316084161776648
2021-07-08,-0.007387210525009717,6.269597831932272
2021-07-09,0.009724787990169665,6.330865767624748
2021-07-12,0.005366738220690512,6.364933200640208
2021-07-13,-0.0003949327319053286,6.36241997649279
2021-07-14,0.002308105983143275,6.377122076583456
2021-07-15,-0.0008246395243200445,6.37186541739005
2021-07-16,-0.006069667035551525,6.3333074512946705
2021-07-19,-0.015324348202965377,6.2369935017064275
2021-07-20,0.009571608400557334,6.296978178056865
2021-07-21,0.00648486037478172,6.3379458937133055
2021-07-22,0.0016710204674201998,6.348545584706934
2021-07-23,0.011646161862893693,6.422913986838655
2021-07-26,0.0016751871825158723,6.433682587216188
2021-07-27,-0.0027076791470441847,6.416285802120943
2021-07-28,-0.003973404444863822,6.3908418865544645
2021-07-29,3.01581444651691e-06,6.390861160176814
2021-07-30,-0.004440810682518163,6.362543478934155
2021-08-02,-0.003564671215520403,6.339903479388295
2021-08-03,0.0065942492860011775,6.3818485294435545
2021-08-04,-0.0035394373356436464,6.359300304043059
2021-08-05,0.006251307911497058,6.399178764746808
2021-08-06,0.0013187686269161654,6.407623367954804
2021-08-09,7.34202808759274e-05,6.408093834732916
2021-08-10,0.001775254059910552,6.419479932947555
2021-08-11,0.0012096403274324662,6.42724989323681
2021-08-12,0.0019362071740735716,6.439706435921788
2021-08-13,0.0018474219739845377,6.451614287123746
2021-08-16,0.004404361511575096,6.480092196245439
2021-08-17,-0.005953462999949192,6.441627818852635
2021-08-18,-0.009714036450681612,6.379356553759985
2021-08-19,0.0036938634538295962,6.402964601401489
2021-08-20,0.0071768053548717115,6.449082724487686
2021-08-23,0.005548513971697934,6.484965004699723
2021-08-24,-0.0016772269571185547,6.474097362876422
2021-08-25,-0.0002053204018663693,6.4727682350573525
2021-08-26,-0.006284394536931985,6.432218354899823
2021-08-27,0.006629577907465057,6.475002912677997
2021-08-30,0.004817442794585616,6.506271124743996
2021-08-31,-0.001394182996534975,6.4972065125034355
2021-09-01,0.001797091707225696,6.5088930862243615
2021-09-02,-0.0007214481371473067,6.504198950923601
2021-09-03,0.0012980073286016768,6.512646930412115
2021-09-07,-0.0008717621797759954,6.5069719251148435
2021-09-08,-0.0006939423141782142,6.502458028331968
2021-09-09,-0.004817360171009502,6.471208676138446
2021-09-10,-0.007903390855925419,6.4202657607194435
2021-09-13,0.004732696244529057,6.450722943822764
2021-09-14,-0.004853122698004688,6.419492637436691
2021-09-15,0.004692501756348702,6.449686905836091
2021-09-16,-0.0005555593558873577,6.446104717084383
2021-09-17,-0.005711468010015183,6.409392935085245
2021-09-20,-0.015930722152040697,6.308095688543492
2021-09-21,-0.0010863793415896025,6.301246424825629
2021-09-22,0.005792251838051316,6.337850739375898
2021-09-23,0.01104291577468043,6.40822695542318
2021-09-24,0.0022166629188732664,6.422447589844624
2021-09-27,-0.0021205349850583464,6.408842994648636
2021-09-28,-0.01707361864393949,6.30034967573258
2021-09-29,0.0016639543385852111,6.310841896777627
2021-09-30,-0.011940705826348388,6.235934106147746
2021-10-01,0.008857764507590632,6.291415901525854
2021-10-04,-0.015347968861811783,6.195592673139059
2021-10-05,0.009827750987488509,6.256781597414083
2021-10-06,0.007040320467407377,6.300986771661229
2021-10-07,0.00927228946814581,6.359683048843912
2021-10-08,-0.0018442894105094635,6.347964762020433
2021-10-11,-0.00932059334273847,6.289072844073559
2021-10-12,-0.006114608212703907,6.250734957637907
2021-10-13,0.00013558311041638157,6.251582509181391
2021-10-14,0.016853205379848427,6.357834541932813
2021-10-15,0.011472589095330188,6.431195379897135
2021-10-18,0.0007963283089100533,6.4363187625148415
2021-10-19,0.006702254190078606,6.479601490810808
2021-10-20,0.0025743351816939486,6.496303646140952
2021-10-21,0.000217220953284565,6.497714932686748
2021-10-22,-0.0015623373607207382,6.48757123588965
2021-10-25,0.0058879840198194896,6.525882629407727
2021-10-26,0.0039601934018835055,6.551777627495579
2021-10-27,-0.008276417156103399,6.4977761603249595
2021-10-28,0.004942766936614369,6.529972657834205
2021-10-29,0.0034076523232173684,6.552262490763403
2021-11-01,-0.0024742441952053437,6.536070632895728
2021-11-02,0.0010849960558931867,6.543166092330136
2021-11-03,0.005948596784963896,6.582204746599315
2021-11-04,0.003489439405647503,6.6052130709488255
2021-11-05,0.004930841467081282,6.637862758523158
2021-11-08,0.0014388519967413476,6.647420535071339
2021-11-09,-0.007936748770754802,6.594870442604395
2021-11-10,-0.0019098116603635297,6.5822875014829245
2021-11-11,-0.005443127785176767,6.5465566016389225
2021-11-12,0.007079931201285859,6.593070234350803
2021-11-15,-0.00140328102028608,6.5838247925192235
2021-11-16,0.0012931945751654794,6.592344466635599
2021-11-17,-0.006897386562143231,6.547030970493088
2021-11-18,0.0022877724502247667,6.562026233913106
2021-11-19,-0.0037445654849686816,6.53750024520967
2021-11-22,-0.003792719577445744,6.512752300714918
2021-11-23,0.005566932805819271,6.54910946019129
2021-11-24,0.003987756785099328,6.575277857802166
2021-11-26,-0.018961168109726187,6.451777464937857
2021-11-29,0.007697567248497987,6.501632089341032
2021-11-30,-0.020031862406493933,6.372688095887285
2021-12-01,-0.009661646792333289,6.311413915778105
2021-12-02,0.012172030361247064,6.388706084608712
2021-12-03,-0.0015603276964110163,6.378745382561187
2021-12-06,0.01389505079317837,6.467997015638215
2021-12-07,0.012738239903748696,6.550914906106609
2021-12-08,0.002612524110525242,6.568051704647538
2021-12-09,-0.000771479686169559,6.562986540266629
2021-12-10,0.006441897668782085,6.605401096399093
2021-12-13,-0.003968105870350382,6.579242100689329
2021-12-14,0.0006267062010482621,6.583366644815722
2021-12-15,0.01170601799498735,6.660884480625392
2021-12-16,0.00042250296488575235,6.663699318664054
2021-12-17,-0.014061992361448915,6.57065019109319
2021-12-20,-0.008941444207142194,6.512160967749631
2021-12-21,0.013066885584960079,6.597813014063337
2021-12-22,0.008840446999342841,6.656399212859186
2021-12-23,0.0033646027674645593,6.678833071419786
2021-12-27,0.008372792745838293,6.734988316568485
2021-12-28,0.0024986340671427744,6.751837629185232
2021-12-29,0.0008975034970078401,6.757900147227274
2021-12-30,-0.0015368454652604669,6.747522275666368
2021-12-31,-0.0037929628975224626,6.7219776495590375
2022-01-03,0.00290117774451296,6.741507617771246
2022-01-04,-0.003496292630026847,6.717978490697207
2022-01-05,-0.010064586204121104,6.65070393025207
2022-01-06,-0.0025742121802975735,6.633605623963342
2022-01-07,0.0008734694729695397,6.639402407259664
2022-01-10,-0.0032561254406090214,6.6178188386440935
2022-01-11,0.003731252918751619,6.64255771931017
2022-01-12,0.00143690917041802,6.652109332168691
2022-01-13,-0.012468777987591868,6.569680618355687
2022-01-14,-0.00327638832029083,6.548191016873053
2022-01-18,-0.017892787040411588,6.432067613250717
2022-01-19,-0.005014717336613509,6.399893352117689
2022-01-20,-0.008815666785619874,6.343721982683778
2022-01-21,-0.02103592303916869,6.211669725337264
2022-01-24,-0.0033543472327014043,6.190868534895386
2022-01-25,-0.004946848289617379,6.160318872045161
2022-01-26,0.004973695916793848,6.191034747256903
2022-01-27,0.0007320759678633023,6.19556871441328
2022-01-28,0.027415007058346312,6.367769938179867
2022-01-31,0.01053906654917162,6.4352351751827745
2022-02-01,0.005819308172549956,6.472792966020465
2022-02-02,0.012052402840592794,6.551277689042061
2022-02-03,-0.02549131995827879,6.386387535966841
2022-02-04,0.0038879769791601453,6.411265995786889
2022-02-07,-0.005397234611139886,6.376756101823401
2022-02-08,0.0039198954126537225,6.401801374169051
2022-02-09,0.009266320508746321,6.461398212801381
2022-02-10,-0.014750024710188962,6.366791867696483
2022-02-11,-0.015921700667477907,6.266224440089078
2022-02-14,-0.002826408524538115,6.248538535484489
2022-02-15,0.013357518208206303,6.332563435483177
2022-02-16,0.00012012434300619414,6.333324176196234
2022-02-17,-0.015509330537587825,6.235856342301723
2022-02-18,-0.007037488519014877,6.192125632555104
2022-02-22,-0.015037131708111488,6.099710395281156
2022-02-23,-0.01737062397556768,5.994669573181986
2022-02-24,0.004704989178257502,6.0229408846048855
2022-02-25,0.02355216803564265,6.166477868984548
2022-02-28,-0.006614831785366653,6.125822268396303
2022-03-01,-0.016742525272469097,6.02411433390458
2022-03-02,0.01584614855247076,6.120333684211112
2022-03-03,-0.0022340356106628195,6.1066759024772255
2022-03-04,-0.003707309194381345,6.084078480453924
2022-03-07,-0.026078160106931907,5.927467841813456
2022-03-08,-0.011357392649808855,5.860528112059029
2022-03-09,0.026878979864562003,6.020189281310316
2022-03-10,-0.0021659324137660043,6.007164069165567
2022-03-11,-0.007993207895042771,5.959338950592874
2022-03-14,0.005456218635857389,5.99194327410454
2022-03-15,0.02396536821677946,6.137276932490375
2022-03-16,0.016691414687842458,6.24057647629752
2022-03-17,0.011868197116676948,6.315082117323535
2022-03-18,0.00880819171127931,6.370952267562714
2022-03-21,-0.0031457247745738334,6.350942494297459
2022-03-22,0.006390909855797963,6.391660770102524
2022-03-23,-0.013620238898945243,6.305195002350515
2022-03-24,0.013207218325832925,6.389021427796973
2022-03-25,0.00425999170085314,6.4162966609412155
2022-03-28,0.008745267310841772,6.472654965417328
2022-03-29,0.007866335184559307,6.52377182650168
2022-03-30,-0.004629245537978768,6.493641479078783
2022-03-31,-0.016827919089272024,6.385281300926576
2022-04-01,0.004271881592843859,6.412616812044119
2022-04-04,0.004712339506165611,6.442906551301379
2022-04-05,-0.006879227583965929,6.398736433171511
2022-04-06,-0.004407436391612037,6.3705964674627955
2022-04-07,0.0059148864629725755,6.408389482781504
2022-04-08,0.001268425592428143,6.416523205428164
2022-04-11,-0.016801420384009953,6.309617103673482
2022-04-12,-0.005703727059192893,6.273731208828957
2022-04-13,0.008412567912743698,6.326732022584438
2022-04-14,-0.012416233965055938,6.248663499021119
2022-04-18,-0.0021221445478736595,6.2354169923174645
2022-04-19,0.0136778853788723,6.32129025475569
2022-04-20,-0.000814226873968769,6.316145385181885
2022-04-21,-0.012744410073376504,6.236160600349881
2022-04-22,-0.02363906586799736,6.090472340558929
2022-04-25,0.011032608763318309,6.158038167410217
2022-04-26,-0.0242338535913931,6.010598898482413
2022-04-27,0.002975558413181945,6.028510421779335
2022-04-28,0.026742231985812468,6.191901226151022
2022-04-29,-0.03297085010587505,5.991077830206832
2022-05-02,0.0034056918792258724,6.011516379266146
2022-05-03,0.0024053174883055376,6.025993388666584
2022-05-04,0.02423280329507466,6.173803798262464
2022-05-05,-0.03571360511820891,5.957205776819651
2022-05-06,-0.004258732737599786,5.931889575284331
2022-05-09,-0.02086655118498425,5.809393972865687
2022-05-10,0.0024169975607806764,5.823452246490355
2022-05-11,-0.014948383810824946,5.737048454661989
2022-05-12,-0.0004566877764006202,5.734429012939161
2022-05-13,0.01606483344198561,5.827295605857145
2022-05-16,-0.0016841426149642057,5.817489868445148
2022-05-17,0.01014075718766877,5.876783754972954
2022-05-18,-0.04099834321770302,5.640717583860343
2022-05-19,-0.009093521328136095,5.589656114351185
2022-05-20,0.004299387222657097,5.613739946189129
2022-05-23,0.021094369013093466,5.733416056493021
2022-05-24,-0.006413372497084317,5.696763183537393
2022-05-25,0.004662927014388442,5.723388802897238
2022-05-26,0.017999610458988083,5.827340308605388
2022-05-27,0.020568389537273614,5.9484404622636005
2022-05-31,-0.004649072039833044,5.920849918936504
2022-06-01,-0.011368106216011404,5.8539222095987595
2022-06-02,0.015185760879667703,5.943496880876627
2022-06-03,-0.014881407067521425,5.855704144294812
2022-06-06,0.0020052766265807446,5.8674582321075865
2022-06-07,0.006609337517466431,5.906366681833993
2022-06-08,-0.008542896476068136,5.85612411679996
2022-06-09,-0.02441411066894617,5.714883205609653
2022-06-10,-0.027804511550857808,5.5581723990671055
2022-06-13,-0.035091191925530583,5.3665119681582025
2022-06-14,-0.007163846461229234,5.3282044787028005
2022-06-15,0.013283962272822409,5.399456351799407
2022-06-16,-0.022202535462078177,5.280895773747174
2022-06-17,-0.0017367656886497374,5.271732055081493
2022-06-21,0.024424425767903372,5.402076396467728
2022-06-22,0.0026485812493916884,5.416403199194539
2022-06-23,0.01426245727961355,5.4942079429485675
2022-06-24,0.025751217099440858,5.6375278962581055
2022-06-27,-0.0028623420726846135,5.621414435095091
2022-06-28,-0.023984523909888127,5.488191516699398
2022-06-29,0.003444599062321394,5.507128732885637
2022-06-30,-0.004468147961688051,5.482576958190734
2022-07-01,0.00746580402203838,5.5236619788187715
2022-07-05,0.00476770195820978,5.550060031871839
2022-07-06,0.0060503089442195315,5.583741398314334
2022-07-07,0.013232953070444127,5.658121837224576
2022-07-08,-0.0009737005708634675,5.652615202103603
2022-07-11,-0.010673063632568147,5.592605294805123
2022-07-12,-0.008135071862138809,5.5472936056504425
2022-07-13,-0.002139115772971793,5.535439985054681
2022-07-14,-0.0011123385276432373,5.529286125114113
2022-07-15,0.018571255602207164,5.632931343112978
2022-07-18,-0.00898250058746852,5.582560102547784
2022-07-19,0.021657152713352553,5.70478116219928
2022-07-20,0.005415211876823975,5.735757557076937
2022-07-21,0.009223143561874798,5.788903984278606
2022-07-22,-0.008805116259599882,5.738155761557576
2022-07-25,0.001044852675807136,5.74415442227185
2022-07-26,-0.01631618256803504,5.6511922066011495
2022-07-27,0.022259474152445717,5.778395257754097
2022-07-28,0.007383649991306314,5.821218808347886
2022-07-29,0.007409611753136575,5.8645119743490985
2022-08-01,-0.0005826730483706139,5.86109587661049
2022-08-02,-0.00911570442942042,5.80791063771554
2022-08-03,0.016970813578828854,5.907316721685446
2022-08-04,-0.0026273330281984474,5.89181660425605
2022-08-05,-0.002405539732603935,5.877660638512588
2022-08-08,-0.0012661483353556128,5.870223357623337
2022-08-09,-0.0042700238548153205,5.845210803958297
2022-08-10,0.01778513276116766,5.9500986111628915
2022-08-11,-0.004352465519284657,5.924257289646623
2022-08-12,0.01694699155184366,6.025511178952648
2022-08-15,0.006307339853690955,6.0636362331950115
2022-08-16,0.008237536687351015,6.113791955307404
2022-08-17,-0.00866845146844123,6.0610238856049925
2022-08-18,0.00030631721765221387,6.062880765960447
2022-08-19,-0.011324846975331305,5.994606894318372
2022-08-22,-0.020284153545061273,5.874236302561605
2022-08-23,-0.007884561836997298,5.828102634066367
2022-08-24,0.0016238062437945447,5.837574031288874
2022-08-25,0.01369499879723712,5.918069535448695
2022-08-26,-0.03338737091941637,5.723742832855007
2022-08-29,-0.007039778318753846,5.683590449919683
2022-08-30,-0.008182625891027518,5.637273511072024
2022-08-31,-0.008584690499617464,5.589086394395587
2022-09-01,0.008887059569296965,5.638978305944726
2022-09-02,-0.013332206200971754,5.564297222405689
2022-09-06,-0.003973889129863569,5.542229199138265
2022-09-07,0.01541039271450313,5.628298605982579
2022-09-08,0.00733957610947961,5.669759900005263
2022-09-09,0.014238720531342855,5.751067511182238
2022-09-12,0.007613529888486932,5.795020542112352
2022-09-13,-0.04216614428924297,5.555746943316743
2022-09-14,0.0035193799777557817,5.575334175108883
2022-09-15,-0.009020856981990143,5.525266051109
2022-09-16,-0.0018007269115786924,5.515325508624434
2022-09-19,0.003903247144835206,5.536895255810676
2022-09-20,-0.009216405376099773,5.486099421665914
2022-09-21,-0.017378400804450522,5.391583434129861
2022-09-22,-0.0029103749308354385,5.375914716846522
2022-09-23,-0.01141674540407937,5.314888291647753
2022-09-26,-0.007980021954901141,5.272644145178709
2022-09-27,-0.004534261915891267,5.248790715352321
2022-09-28,0.016211168673984647,5.334573185376671
2022-09-29,-0.01714478459195427,5.243892647603165
2022-09-30,-0.013964482195915395,5.17117332763898
2022-10-03,0.0189683843054013,5.270198333734523
2022-10-04,0.024824275375771896,5.40266457511865
2022-10-05,-0.002450398778845461,5.389442099226803
2022-10-06,-0.01223509919020179,5.323903493811177
2022-10-07,-0.02685285297248777,5.182843898458162
2022-10-10,-0.009447541539059868,5.1341093388126176
2022-10-11,-0.004712673042332168,5.109970883134696
2022-10-12,-0.0023250980574168155,5.098103501520167
2022-10-13,0.025407798955802398,5.22929467225737
2022-10-14,-0.015641476638951303,5.148137148192872
2022-10-17,0.02465163738305222,5.276624361690827
2022-10-18,0.009961969888143392,5.329452634632367
2022-10-19,-0.007544905704162757,5.289393727419302
2022-10-20,-0.0057157395259313775,5.25924716763809
2022-10-21,0.02625883963411806,5.399178066713924
2022-10-24,0.011361648703367679,5.4608714367437665
2022-10-25,0.012658900382401079,5.530439462609685
2022-10-26,-0.0041246493613515435,5.5076753183421445
2022-10-27,-0.011815617329646961,5.442981684662648
2022-10-28,0.025189346935711773,5.581828224037763
2022-10-31,-0.009549916134545193,5.528775958166254
2022-11-01,-0.00209464425014125,5.51720725977878
2022-11-02,-0.02405531881226018,5.386072646111782
2022-11-03,-0.014860791482758807,5.3066231469778575
2022-11-04,0.014653863241474418,5.384958230877661
2022-11-07,0.012369779946172561,5.451982663329854
2022-11-08,0.0043876718896099735,5.475956731114323
2022-11-09,-0.02331913144118616,5.349739533545704
2022-11-10,0.04985998930287415,5.623239176000877
2022-11-11,0.007301892866272579,5.6644497404848675
2022-11-14,-0.0027535563407841243,5.648873813422748
2022-11-15,0.009423974681595702,5.702360288965942
2022-11-16,-0.004154662460663732,5.678718053498097
2022-11-17,-0.0029805442726785923,5.661817581741217
2022-11-18,0.005203930060881952,5.691358081135259
2022-11-21,-0.0008130482998931871,5.686732612742719
2022-11-22,0.012954295169164477,5.760879448653361
2022-11-23,0.006684731938791597,5.799518385081818
2022-11-25,0.0016114570150616281,5.808871593790301
2022-11-28,-0.010784696695620268,5.746561278373771
2022-11-29,-0.004670618009005461,5.7197838679831
2022-11-30,0.030498180979591803,5.896914218860261
2022-12-01,0.0006027994160887532,5.900469946895838
2022-12-02,-0.0006463037526392754,5.896657683099725
2022-12-05,-0.015725556940496512,5.804654751581346
2022-12-06,-0.01869488543936679,5.697145464070781
2022-12-07,-0.0009111276197639124,5.691957001519356
2022-12-08,0.009679133601512952,5.747317703398176
2022-12-09,-0.003959958882012461,5.724603564820473
2022-12-12,0.014228613531337928,5.806638977632169
2022-12-13,0.00725743677357485,5.848933582450199
2022-12-14,0.00039961107220576954,5.851271348137759
2022-12-15,-0.023452392254885067,5.715641673921283
2022-12-16,-0.011570226432237445,5.649891511180899
2022-12-19,-0.008761955523766032,5.600603657363632
2022-12-20,0.0014479640645774,5.608719004146806
2022-12-21,0.012220576634559421,5.677681305857129
2022-12-22,-0.012001116379235455,5.6099500301271945
2022-12-23,0.004815896882985194,5.637032130950857
2022-12-27,-0.005891300755247052,5.603920310914406
2022-12-28,-0.009839972680478403,5.549048300441523
2022-12-29,0.016112841778292693,5.639183454370416
2022-12-30,-0.0023427713891602323,5.62598760018565
2023-01-03,-0.00545177456773729,5.595399439707582
2023-01-04,0.0021324696823651077,5.607344190756729
2023-01-05,-0.009109068282004834,5.556498439927723
2023-01-06,0.019159591582928535,5.663985092766709
2023-01-09,-0.010079184450903776,5.607183480126975
2023-01-10,0.004240809220441054,5.631012967972722
2023-01-11,0.011762959408065054,5.6976414507457225
2023-01-12,0.0023194769512715724,5.710872337203611
2023-01-13,0.0043596481212375,5.735824081952187
2023-01-17,-0.006174219452687969,5.700518948305144
2023-01-18,-0.018258052008171686,5.597382972945515
2023-01-19,-0.006576491501919824,5.560692610557991
2023-01-20,0.013589294016396166,5.63677427460576
2023-01-23,0.006074571083676892,5.671119471175869
2023-01-24,0.002241595874794834,5.683846087824608
2023-01-25,0.0006449155237192726,5.6875128706565725
2023-01-26,0.008586967912113332,5.736561649935428
2023-01-27,0.0027574128729840703,5.752401547407902
2023-01-30,-0.01609448263169046,5.660560668796966
2023-01-31,0.01461475191835111,5.743895836795368
2023-02-01,0.005522319164551079,5.775703207246684
2023-02-02,0.013308476107187434,5.853082775358965
2023-02-03,-0.007060089025525803,5.811905020241128
2023-02-06,-0.004611724435595168,5.78516382474857
2023-02-07,0.00938319528836004,5.839702620625427
2023-02-08,-0.008970364987515602,5.787552608718051
2023-02-09,-0.007838869851312283,5.742362089763882
2023-02-10,0.004892637817573898,5.770526229972686
2023-02-13,0.01094519907611864,5.834032699820111
2023-02-14,-0.0014735260433042302,5.825442431245992
2023-02-15,-0.003787351108164124,5.803421162858882
2023-02-16,-0.01382642080383338,5.723732791733034
2023-02-17,0.0012118848755871348,5.730673501756524
2023-02-21,-0.016360465934779304,5.637679797565347
2023-02-22,-0.002219805225287084,5.625179126153201
2023-02-23,0.004591432145360076,5.651066138168456
2023-02-24,-0.008749433362079555,5.601838183963805
2023-02-27,-0.0014787060414650523,5.59356083339027
2023-02-28,-0.0036476192343285856,5.573194819618815
2023-03-01,-0.005962123038250848,5.5400656047524155
2023-03-02,0.005519273399762339,5.570727278722845
2023-03-03,0.01580683768550856,5.659482482160241
2023-03-06,0.003573742989408423,5.679744201528705
2023-03-07,-0.016412249086378443,5.587287610594105
2023-03-08,-0.0013064513563139553,5.5799928572748785
2023-03-09,-0.013911613122428798,5.50290361653694
2023-03-10,-0.004957285046479392,5.475691659168199
2023-03-13,0.005675136944714185,5.506855304537544
2023-03-14,0.01347407824049518,5.5815572434754035
2023-03-15,-0.0019899889451361293,5.570461050576639
2023-03-16,0.01057580122843987,5.6296857617743745
2023-03-17,-0.007754489136766214,5.586199250442207
2023-03-20,0.010724950074834564,5.646433385189326
2023-03-21,0.009594990211351767,5.700871607706692
2023-03-22,-0.012595114488878002,5.629518768971376
2023-03-23,0.003263322365136198,5.647919711248632
2023-03-24,0.004619330250639768,5.674069668769474
2023-03-27,0.0017054683914478508,5.6837548717966975
2023-03-28,-0.0026564112647067613,5.668676517351451
2023-03-29,0.009111131408281521,5.720560576332543
2023-03-30,0.005844851095229417,5.754094305443429
2023-03-31,0.012980651595091632,5.829273077979023
2023-04-03,0.01213780177289293,5.900458784116667
2023-04-04,-0.0017428655457210724,5.8901840341525995
2023-04-05,0.00765944243595633,5.935472781563359
2023-04-06,0.004162496033843074,5.960230655003598
2023-04-10,-0.0015278495624555378,5.951131272219295
2023-04-11,-0.0007838482901537799,5.946468315911001
2023-04-12,-0.0029389146439559536,5.929017808433854
2023-04-13,0.013009557625150332,6.00665562911972
2023-04-14,0.0014701907459255537,6.015493053397497
2023-04-17,6.273548989882534e-05,6.015870450139146
2023-04-18,-0.0022955189647401336,6.0020767433462545
2023-04-19,-0.0016028941325670466,5.992463756109743
2023-04-20,-0.0007798871551767251,5.987792132504895
2023-04-21,0.006394400326789715,6.026203149302728
2023-04-24,0.002129423716011337,6.039049161653906
2023-04-25,-0.00943706605013191,5.982326325380539
2023-04-26,-0.008437504459569324,5.932062768020637
2023-04-27,0.01990525257191861,6.051325010413801
2023-04-28,0.005318639724785937,6.083595569668739
2023-05-01,0.0012493581806131587,6.091200909468732
2023-05-02,-0.008366430837548695,6.04045188845287
2023-05-03,-0.0033987695950037566,6.019956633288832
2023-05-04,-0.006664963330190433,5.979967254981657
2023-05-05,0.013358511039269081,6.060386659424027
2023-05-08,0.0025630753000419585,6.0759398102133
2023-05-09,-0.004038340234753557,6.051452575185535
2023-05-10,0.00297814482029027,6.069501540203187
2023-05-11,8.215127495853089e-05,6.070000177974661
2023-05-12,-0.0015031167908878093,6.060883112510108
2023-05-15,-0.0003241523110120271,6.058918781630812
2023-05-16,-0.0035098379490439975,6.037690234733422
2023-05-17,0.009275890905912583,6.093955743602309
2023-05-18,0.005260326112262282,6.126096399178525
2023-05-19,-0.0005381553257808343,6.122800494708876
2023-05-22,-0.0010507974864195297,6.1163700504782
2023-05-23,-0.004934567193710237,6.086262755809377
2023-05-24,-0.004502594550125598,6.058920384294381
2023-05-25,0.000999883352760963,6.064981627685537
2023-05-26,0.008250711253865546,6.115229043268303
2023-05-30,-0.0010704759463044874,6.108686340199255
2023-05-31,-0.002039349199297791,6.096241289817564
2023-06-01,0.01062404179402874,6.161353275864829
2023-06-02,0.014038787031701668,6.248461216593312
2023-06-05,0.00017367088875679882,6.2495464866433394
2023-06-06,0.0009424729827181033,6.255439291829889
2023-06-07,-0.0022319910914076722,6.241492777095881
2023-06-08,0.008174482228759135,6.292722853281816
2023-06-09,5.361273793854074e-05,6.293060232426898
2023-06-12,0.005833917622094265,6.329880726848559
2023-06-13,0.0038924162492314776,6.354567271430461
2023-06-14,-0.0022726185690141636,6.340142161446324
2023-06-15,0.011266602835756317,6.411977937803112
2023-06-16,-0.0036095744798517416,6.388875146580155
2023-06-20,-0.0021585332930335885,6.375099419902292
2023-06-21,-0.0018859701255068088,6.363087503467409
2023-06-22,0.005268874507950324,6.396702291290529
2023-06-23,-0.004648236371668877,6.367037903994362
2023-06-26,-0.008568655244208091,6.312714024943367
2023-06-27,0.007316725587859817,6.359071807955653
2023-06-28,-0.0024489032063035217,6.34351810914061
2023-06-29,0.004068822990286079,6.3693813422399295
2023-06-30,0.013515643426334286,6.456052014902403
2023-07-03,-0.00101350537560767,6.449512086166377
2023-07-05,-0.0002471115438872276,6.4479185341781
2023-07-06,-0.01017691737238843,6.382631374526206
2023-07-07,-0.007685696905786657,6.333764433117449
2023-07-10,0.001977116921254675,6.346299413430989
2023-07-11,0.0027752492452346824,6.363936438338136
2023-07-12,0.005727267276114377,6.400488976411224
2023-07-13,0.001903517123428587,6.412684019830854
2023-07-14,0.004940077512282924,6.444441553704885
2023-07-17,0.0014814308172097193,6.453995623121372
2023-07-18,0.0042175652262612115,6.48127325278886
2023-07-19,0.0026273277105117385,6.498324070840417
2023-07-20,0.0053135559560791535,6.5329451785508015
2023-07-21,0.0025331962100288083,6.549515389454128
2023-07-24,0.006598699957008577,6.592876582786219
2023-07-25,0.00026493119764046957,6.5946234728678155
2023-07-26,0.0017043400618085537,6.6058725372376985
2023-07-27,-0.003356516849564246,6.583736984719856
2023-07-28,0.008766500329093985,6.641707043174509
2023-07-31,-0.0006027928057825776,6.637704676370917
2023-08-01,-0.002880642634886207,6.618611335032137
2023-08-02,-0.008351565157912128,6.56356574955546
2023-08-03,0.0015053099790409892,6.573453390691712
2023-08-04,-0.0028784402329311456,6.554559303778064
2023-08-07,0.013876507128430153,6.646147686439028
2023-08-08,0.007630165511100711,6.697052853751532
2023-08-09,-0.004015708970231251,6.670213364389312
2023-08-10,-0.0008537545879788188,6.664521069383913
2023-08-11,0.004908092887578324,6.697311561408836
2023-08-14,0.0043467221529478895,6.726486275189798
2023-08-15,-0.00923859596797876,6.664629162611215
2023-08-16,-0.005148578245193085,6.630403979013162
2023-08-17,-0.0037034720922762897,6.605893877169886
2023-08-18,0.002425276229765962,6.6219344380996095
2023-08-21,0.001157217260295799,6.6296018905264145
2023-08-22,-0.0030577701128127145,6.6093610536895975
2023-08-23,0.004997929707485307,6.642476861954168
2023-08-24,-0.009181948555529784,6.581765133650084
2023-08-25,0.007219231895306428,6.6294523478486225
2023-08-28,0.002282087437352026,6.644598613746354
2023-08-29,0.008175550974930872,6.699144536086492
2023-08-30,0.0016362919416298147,6.7101152655169845
2023-08-31,-0.0014659695969627684,6.700285647266749
2023-09-01,0.002701352601027489,6.718409950372742
2023-09-05,-0.0027740319454161166,6.699798692594677
2023-09-06,-0.006916811569487242,6.65361734544092
2023-09-07,0.004140203191835134,6.681221777759892
2023-09-08,0.003132889961480241,6.702186132759431
2023-09-11,0.006666017569232701,6.747012263168854
2023-09-12,-9.829745746957266e-05,6.746349081612933
2023-09-13,0.0021729406179054906,6.761024436117532
2023-09-14,0.004698173005006048,6.792863633072227
2023-09-15,-0.011562967769329045,6.714770335067508
2023-09-18,0.00028704555329805856,6.716698056692331
2023-09-19,-0.0010181514651728272,6.709862920916999
2023-09-20,-0.007028458452194968,6.662868271585685
2023-09-21,-0.014462632061491532,6.567199140588916
2023-09-22,-0.002155135824002401,6.553061174548333
2023-09-25,0.004591279970570106,6.583217287670193
2023-09-26,-0.011048730102976637,6.510881442128194
2023-09-27,-0.0014805043789652968,6.501249185700516
2023-09-28,0.0021556352870412856,6.515278623598133
2023-09-29,-0.005065366601373995,6.482359792219773
2023-10-02,0.003943635223211032,6.5079743286229075
2023-10-03,-0.010625909870597295,6.439187289632359
2023-10-04,0.0026573576110246752,6.456321268457094
2023-10-05,0.001026165227255497,6.462949921303629
2023-10-06,0.006790066609058657,6.5069831067122035
2023-10-09,0.004356080221255469,6.535389873281182
2023-10-10,0.005180571843795834,6.56933478114522
2023-10-11,0.0010830632898184572,6.576453640877142
2023-10-12,-0.0012908847375793775,6.567969674334326
2023-10-13,-0.0013735141712463922,6.558954667447432
2023-10-16,0.010549835563038328,6.628516850267074
2023-10-17,-0.003914278981266319,6.602621699568029
2023-10-18,-0.010755624189259728,6.531986923395474
2023-10-19,-0.00788822741262869,6.480663815388863
2023-10-20,-0.01033034119030878,6.414060954472871
2023-10-23,-0.0013710473825549127,6.405272998718172
2023-10-24,0.004510358340155688,6.434228325571595
2023-10-25,-0.0076527606961256656,6.385176645707
2023-10-26,-0.013189693056161073,6.301511099998202
2023-10-27,-0.010103252927148323,6.2381658747809405
2023-10-30,0.014040569806784703,6.326371054663134
2023-10-31,0.0032592587732632587,6.347023973346577
2023-11-01,0.006487896619103959,6.388336680095981
2023-11-02,0.015223021355333191,6.486330454039975
2023-11-03,0.002922381962815406,6.505313713821461
2023-11-06,0.0024954381928131604,6.521567593961108
2023-11-07,0.00224583924365273,6.5362304454343585
2023-11-08,-0.0009893918685370956,6.529766750271753
2023-11-09,-0.008821600849026077,6.472417084210191
2023-11-10,0.010660156465508712,6.5417831326135065
2023-11-13,0.000749760387249318,6.546689741629003
2023-11-14,0.01038743755950111,6.615047488814428
2023-11-15,0.003024636068301058,6.635085889200254
2023-11-16,-0.0041411048234077825,6.607666116282262
2023-11-17,0.001080344622092366,6.614808530275157
2023-11-20,0.004534510843360642,6.644871560337892
2023-11-21,0.0003421639474594634,6.647145584843753
2023-11-22,0.0031093574448869785,6.667846102431579
2023-11-24,0.0028165963153323273,6.686653206771886
2023-11-27,-0.0032138821972886164,6.6651975874556655
2023-11-28,0.0018402418888325675,6.677474455992695
2023-11-29,-0.0037543085041435863,6.652452156961802
2023-11-30,0.005725183976329551,6.690647903962714
2023-12-01,-0.0031307967573113217,6.669733601499145
2023-12-04,-0.002476595719412772,6.653235805430082
2023-12-05,-0.002294950005613046,6.637984469102067
2023-12-06,-0.006349657194234723,6.595969076098976
2023-12-07,0.002807009175026185,6.614510031956232
2023-12-08,0.0017208866448795458,6.625902653826504
2023-12-11,-0.0011920849243189384,6.618008721216718
2023-12-12,0.003659160032634828,6.642269434070644
2023-12-13,0.0052397073895771775,6.677164321973706
2023-12-14,-0.005012911465220714,6.643776044546868
2023-12-15,0.0010508372666012127,6.650761241515286
2023-12-18,0.008523926135644717,6.707694140280097
2023-12-19,0.007403607403699349,6.757539564572089
2023-12-20,-0.014139225342050674,6.6626654934248375
2023-12-21,0.008040887150320268,6.71645520345385
2023-12-22,0.0017642364981148516,6.728315077596966
2023-12-26,0.002218881338184272,6.743260985826396
2023-12-27,0.0024951555527364644,6.7601074794895935
2023-12-28,-0.0002779873002599204,6.758228516637908
2023-12-29,-0.0011301061119209158,6.750595315261651
2024-01-02,0.0005215571646533147,6.754117054928447
2024-01-03,-0.0014680320587438654,6.744209068963227
2024-01-04,-0.002012527849960155,6.730649809156531
2024-01-05,0.0007089643131773323,6.735423291590123
2024-01-08,0.00993607355251277,6.802680535952965
2024-01-09,0.001651782417442952,6.8139263693317424
2024-01-10,0.007927710046688428,6.868159891645759
2024-01-11,-0.00037133234917683246,6.865609995157499
2024-01-12,0.000731136564189498,6.870631529150286
2024-01-16,-0.0035761705463382945,6.846104860954479
2024-01-17,-0.0021898534050319887,6.831129298041787
2024-01-18,0.005764221604961008,6.87061914590338
2024-01-19,0.00784018071608297,6.924697757672869
2024-01-22,0.0012817431316655562,6.933579132067033
2024-01-23,0.003321797044469653,6.956649370847302
2024-01-24,0.0002475106757413191,6.958371428939065
2024-01-25,0.002433560790931236,6.975325670038232
2024-01-26,0.0037009617951903884,7.0011889137695436
2024-01-29,0.0053549216593157655,7.038780291538088
2024-01-30,0.0029052574104144577,7.059259494413722
2024-01-31,-0.010228393837341384,6.987422622311765
2024-02-01,0.010358383883908714,7.060177187528325
2024-02-02,0.008438859349534993,7.120009131402172
2024-02-05,-0.0009077454679306447,7.113548907944403
2024-02-06,0.0046617007576323565,7.146787558405379
2024-02-07,0.009429317539915716,7.2144956063550465
2024-02-08,-0.0003602824052723346,7.211896818702006
2024-02-09,0.002190350297206781,7.227710711702452
2024-02-12,-0.0011701402329736214,7.2192582228694695
2024-02-13,-0.008547977482092154,7.157811164329612
2024-02-14,0.004904653600229829,7.193003982368608
2024-02-15,0.007552265504682343,7.2475331082579855
2024-02-16,-0.0005710948507288764,7.2433952610834424
2024-02-20,-0.0016442330938647356,7.231495216787534
2024-02-21,0.002858742715421059,7.252197778609879
2024-02-22,0.018114899414001465,7.384767732377347
2024-02-23,0.0010139585830376838,7.392259378470905
2024-02-26,-0.001975271460158862,7.377672071183341
2024-02-27,-0.0015494512103356713,7.366249579844959
2024-02-28,-0.00045030964530701174,7.362933233356863
2024-02-29,-0.0013738970934774257,7.352824266718161
2024-03-01,0.006407531777259876,7.400088985242638
2024-03-04,-0.004899805806816192,7.363918672381288
2024-03-05,-0.006996731472101116,7.3125751387638696
2024-03-06,0.003753196595813622,7.340072239615849
2024-03-07,0.006146488290385518,7.385326843660236
2024-03-08,-0.010599810318162274,7.30745721074092
2024-03-11,0.0002508103934867472,7.309290226819467
2024-03-12,0.011194275070527938,7.3915721160000745
2024-03-13,-0.0009089110545842938,7.384856886628488
2024-03-14,-0.0008833711937477221,7.378336197303479
2024-03-15,-0.005677041506157118,7.336567749250483
2024-03-18,0.004372557174564688,7.368717548393262
2024-03-19,0.005720673976836067,7.410992384100413
2024-03-20,0.008100206373976532,7.4712667396405905
2024-03-21,0.0024530156467486813,7.489616370618665
2024-03-22,-0.004009757420404281,7.45964495501074
2024-03-25,-0.005197586628545767,7.420973390600937
2024-03-26,-0.0005322456702449923,7.4170246605852315
2024-03-27,0.00651952449942583,7.465538105032269
2024-03-28,-0.00018262861355939575,7.464174808650925
2024-04-01,-0.005154329583212788,7.425800972277246
2024-04-02,-0.008346188563759077,7.36408175551004
2024-04-03,-0.003182636654763184,7.340681815491531
2024-04-04,-0.008771563331596266,7.276574133384958
2024-04-05,0.009232844322361995,7.344068713568071
2024-04-08,-0.0006567506862149312,7.33924707488139
2024-04-09,0.00029636856292904065,7.341422519340705
2024-04-10,-0.004971711536661688,7.3050136664586285
2024-04-11,0.003159441443280927,7.328129927387559
2024-04-12,-0.010699311602215229,7.250141934723575
2024-04-15,-0.009032464923007903,7.184950146505892
2024-04-16,-0.0011237936135341873,7.176880280698809
2024-04-17,-0.0012186997233451112,7.168139146177234
2024-04-18,0.00044980748534072403,7.171364154083121
2024-04-19,-0.002509080138331975,7.153393181452607
2024-04-22,0.007426265959280271,7.20671392368539
2024-04-23,0.006425462074242032,7.253169480057335
2024-04-24,0.0007744749191161054,7.258789053732281
2024-04-25,-0.0025909493404702466,7.240006242184942
2024-04-26,0.006449021468297038,7.286848077526859
2024-04-29,0.0005236994162168537,7.290665195034985
2024-04-30,-0.009824309322130092,7.219390132396695
2024-05-01,0.0010716282264903985,7.227130781448853
2024-05-02,0.006138488934576932,7.271630885744299
2024-05-03,0.007697270305773305,7.327818562687448
2024-05-06,0.008809800844629892,7.392660387252761
2024-05-07,0.005127453428722624,7.4306632548091605
2024-05-08,0.00027065984274782874,7.432674709154898
2024-05-09,0.0065056259712646305,7.481186539592997
2024-05-10,0.0027241708192846637,7.50159435422362
2024-05-13,-0.0016497456442455024,7.489228834398641
2024-05-14,0.0030710262670244136,7.512263805265178
2024-05-15,0.010726619593689318,7.593278732746827
2024-05-16,0.00479107934999206,7.62974602276494
2024-05-17,0.0032861018775393234,7.654859385430789
2024-05-20,-0.006049803442956024,7.608688793090407
2024-05-21,0.005550533212916964,7.651038495932068
2024-05-22,-0.0019775494505431873,7.6359231395666605
2024-05-23,-0.00968891026452264,7.562296621815499
2024-05-24,0.003072733938772827,7.5855692843393
2024-05-28,-0.0030208730839003874,7.5626888191528625
2024-05-29,-0.006691996998241894,7.5122482904487615
2024-05-30,0.00010123609142418421,7.5130088396003565
2024-05-31,0.007458570742396831,7.569254643424932
2024-06-03,0.0007708571531335394,7.575091706992766
2024-06-04,0.004151319745099587,7.606603697686505
2024-06-05,0.006277260562270368,7.654502510471417
2024-06-06,0.00413289045564816,7.686203193442027
2024-06-07,-0.002475794206914672,7.667197273184325
2024-06-10,0.005034766063934006,7.70589715850566
2024-06-11,0.002079361729665682,7.72193717687055
2024-06-12,0.0003887834545965843,7.7249399219533315
2024-06-13,0.00795055076216762,7.786602248855163
2024-06-14,0.002562910431091602,7.806584208029676
2024-06-17,0.007579055472579,7.865975523534631
2024-06-18,0.0002893125499926622,7.868251578201239
2024-06-20,0.00033531323541539525,7.8708903494777305
2024-06-21,-0.0027192699982708894,7.8495163475025835
2024-06-24,0.00035616015911456794,7.852312530408799
2024-06-25,-0.003012848784782908,7.8286903031119754
2024-06-26,0.004601978743946466,7.8648007956096855
2024-06-27,-0.0020815587081369673,7.848446777854865
2024-06-28,-0.0013014766212577154,7.838238851989618
2024-07-01,-0.0002734019021161584,7.836096155500238
2024-07-02,0.008387959066004714,7.9021014471332425
2024-07-03,0.002370304442106642,7.920854049203475
2024-07-05,0.010469594357127018,8.004217808961219
2024-07-08,-0.0008895050284948596,7.9971011825776905
2024-07-09,0.0025539757526471117,8.017551689022055
2024-07-10,0.007439524697931618,8.077420885884738
2024-07-11,-0.009848746103480785,7.998258881527007
2024-07-12,0.0034229131682132095,8.025683135819964
2024-07-15,0.004753452407823082,8.063923653883016
2024-07-16,0.008848400831324762,8.135593095009158
2024-07-17,0.0018215393901110399,8.150425903464788
2024-07-18,-0.009528762764624546,8.073131274535587
2024-07-19,-0.005604065121390556,8.028015455208163
2024-07-22,0.005097423267418518,8.069042124294096
2024-07-23,-0.002586409401086886,8.04819924361638
2024-07-24,-0.017094081315812592,7.911791872239229
2024-07-25,-0.004510823806957722,7.876183544929957
2024-07-26,0.009528673682209601,7.9515918276894935
2024-07-29,0.00023814956511533628,7.953485721331255
2024-07-30,-0.003343535414885952,7.926937367563215
2024-07-31,0.009017804031384996,7.9987442187538775
2024-08-01,-0.0032554946663902566,7.972746689980713
2024-08-02,-0.0064346360106177026,7.921609667530851
2024-08-05,-0.027351675643552727,7.707876671675456
2024-08-06,0.0074163828137215945,7.765253737906453
2024-08-07,-0.0061546448279354,7.717608130446433
2024-08-08,0.020322692353893067,7.876055289279413
2024-08-09,0.006621920202809192,7.928382962543164
2024-08-12,-0.0007067553979238372,7.9227815147474745
2024-08-13,0.009156677430034395,7.995661027307595
2024-08-14,0.005381281666668209,8.038803909295076
2024-08-15,0.01684242618233628,8.175343471847565
2024-08-16,0.000862905396024533,8.182401064423209
2024-08-19,0.0050996067720781345,8.224234669109764
2024-08-20,0.0037824770992649507,8.255401555262159
2024-08-21,0.0025035000402834078,8.276094845406716
2024-08-22,-0.003759603397692342,8.245038427594139
2024-08-23,0.007392748420998307,8.306217785577216
2024-08-26,0.00040203786658232174,8.309557871030522
2024-08-27,0.002193881791302261,8.32780807080801
2024-08-28,-0.004411392233090302,8.291151755104446
2024-08-29,0.002392401655639521,8.311011266782526
2024-08-30,0.010528132013927008,8.39897291400312
2024-09-03,-0.008604229609867332,8.327016232398035
2024-09-04,0.001601887963222546,8.340365868926659
2024-09-05,-0.006304319324998054,8.287950933048302
2024-09-06,-0.014616343853094616,8.167692403354021
2024-09-09,0.011412507258145103,8.261440183283764
2024-09-10,0.004604469363895412,8.299567442045047
2024-09-11,0.0028018985821717424,8.32285459718212
2024-09-12,0.008069164313329132,8.39028476516289
2024-09-13,0.004317646529443756,8.426589367881808
2024-09-16,0.0027258329365417804,8.449590176662916
2024-09-17,-0.0025613847203146594,8.427975219419519
2024-09-18,-0.0027146459268789264,8.405127276886468
2024-09-19,0.0069194526768194976,8.463487836032398
2024-09-20,0.0024599193602067248,8.484332961767803
2024-09-23,0.004048145939256867,8.51874839213812
2024-09-24,-0.002145527027281535,8.500490780327723
2024-09-25,-0.0019577688521326643,8.483865064215067
2024-09-26,-0.0011169260217607725,8.474394504501593
2024-09-27,-0.000807325930891985,8.467555667026364
2024-09-30,0.005151788043214765,8.511291280640737
2024-10-01,-0.0031595825814753325,8.484441592205126
2024-10-02,-0.000360446767147899,8.481383953753213
2024-10-03,-0.002244290973104637,8.462370604031547
2024-10-04,0.007567378998783365,8.526651481747827
2024-10-07,-0.011565018904153386,8.428608622695634
2024-10-08,0.00840620934766286,8.499759908602051
2024-10-09,0.00781778724441105,8.566469644695701
2024-10-10,-0.0031182913677343473,8.539798502159394
2024-10-11,0.005569184050991731,8.58749089235761
2024-10-14,0.004824804417600912,8.62902397027029
2024-10-15,-0.004788995445441103,8.587798407085758
2024-10-16,0.003396307394721178,8.617014796155226
2024-10-17,-0.00015770651837124325,8.615655943905717
2024-10-18,0.0024700560811672153,8.636963401737722
2024-10-21,-0.004989340167367789,8.593977976938119
2024-10-22,0.0020814777860613132,8.61188478103331
2024-10-23,-0.004221942799657966,8.575602540755717
2024-10-24,-0.0005298461904791934,8.571059993950266
2024-10-25,-0.0023543282314156333,8.55090464090156
2024-10-28,0.0041219877702828025,8.586224108454093
2024-10-29,-0.002701187399165117,8.563062404220851
2024-10-30,-0.0009644344188137243,8.55480787322449
2024-10-31,-0.012586742226458695,8.447805529843967
2024-11-01,0.003676795020456359,8.478923551386634
2024-11-04,-0.004676850711081631,8.439361476815941
2024-11-05,0.009077784452577157,8.51632096354191
2024-11-06,0.018887092021235945,8.678698090196946
2024-11-07,0.00747396935708559,8.743805415785157
2024-11-08,0.009484891990671334,8.827134022450396
2024-11-11,0.00018891770672377884,8.828801781896546
2024-11-12,-0.00366017179594473,8.796545917635367
2024-11-13,0.0009867078237802292,8.805229821848105
2024-11-14,-0.008435612784730743,8.731264721672593
2024-11-15,-0.005849831454396899,8.680337398026872
2024-11-18,0.003907350307764938,8.714320866451908
2024-11-19,0.0019690770789105223,8.731496940885865
2024-11-20,5.818372647894373e-05,8.73200498669548
2024-11-21,0.005908147104771334,8.783747657821186
2024-11-22,0.006112396955911301,8.837601831638239
2024-11-25,0.005462469661224799,8.886009054648266
2024-11-26,0.007959076095146827,8.957015675609117
2024-11-27,-0.0006899383322566421,8.950838018498168
2024-11-29,0.0044945766077382895,8.991158790197034
2024-12-02,0.003203178506241906,9.020005252299125
2024-12-03,-0.0015261652800800894,9.006249732725042
2024-12-04,0.002690866797819604,9.030516986434558
2024-12-05,-0.0025018661061947532,9.007952081020909
2024-12-06,0.0032859961059758663,9.037600862694132
2024-12-09,-0.0063406074593807225,8.980478270592297
2024-12-10,0.002798902335909381,9.005648960921462
2024-12-11,0.0034893417739541616,9.037127636031338
2024-12-12,-0.008096420009231426,8.964254658211328
2024-12-13,0.009220473205667986,9.047291559562419
2024-12-16,0.004493676875317992,9.088038647984787
2024-12-17,-0.0027603201154214213,9.062987342812075
2024-12-18,-0.024149071685964155,8.84674613284021
2024-12-19,-0.003128180674457843,8.819115152437023
2024-12-20,0.005878699469674716,8.87111276943922
2024-12-23,0.006387382628766726,8.927957311696494
2024-12-24,0.011671193987702038,9.03276767469307
2024-12-26,0.0010593046970377507,9.042341197661822
2024-12-27,-0.009933997043986864,8.952959301726455
2024-12-30,-0.012164931035957774,8.844706945456192
2024-12-31,-0.0025636831403582183,8.822060960347166
2025-01-02,-0.004639636278976508,8.78122461241522
2025-01-03,0.00736805951389854,8.846164143340939
2025-01-06,0.0010854632284697573,8.855771542527501
2025-01-07,-0.007079723213594575,8.793296544958794
2025-01-08,0.004313786944243512,8.831310886726952
2025-01-10,-0.009175799857756173,8.750647188482079
2025-01-13,-0.00020461252009641007,8.748856879674413
2025-01-14,-0.0018090157422320278,8.733044366707242
2025-01-15,0.01706487861424889,8.88335154809774
2025-01-16,-0.003955243290938922,8.848285125317561
2025-01-17,0.00896535682282913,8.927969825884931
2025-01-21,0.013105729860977256,9.045747481914177
2025-01-22,0.005466206900111861,9.09532879662377
2025-01-23,0.006941567087685251,9.158684270385546
2025-01-24,0.0010992146652628418,9.168757165572888
2025-01-27,-0.0027648288741168106,9.143442133014492
2025-01-28,0.0031976981156631953,9.172726897658546
2025-01-29,-0.0025488887893926203,9.149376408443057
2025-01-30,0.012596528702554897,9.265355725825673
2025-01-31,-0.003691992973260795,9.231211167111416
2025-02-03,0.0018816542162719816,9.248597466897598
2025-02-04,0.008565891448797835,9.328160225339579
2025-02-05,0.0062848220785940235,9.386970665674106
2025-02-06,0.004722252089665195,9.431403135608642
2025-02-07,-0.009330088128602133,9.343816543857786
2025-02-10,0.008238225456129998,9.421110958420376
2025-02-11,0.0008114281777561557,9.428758615660485
2025-02-12,-0.001518269340709845,9.414454082348385
2025-02-13,0.01023389312748311,9.511295285340763
2025-02-14,-0.00874134963714621,9.428516055947176
2025-02-18,-0.00036852892399324424,9.425042015251783
2025-02-19,0.0026317338567063294,9.449878885104784
2025-02-20,-0.015614319674033348,9.303471456095455
2025-02-21,-0.015053198799987634,9.16447325920754
2025-02-24,-0.0017042978183315265,9.14886756957451
2025-02-25,0.005779362299123685,9.20189527544961
2025-02-26,-0.003603952823466741,9.168791766562904
2025-02-27,-0.007506885901045773,9.100220393675539
2025-02-28,0.01761552752052035,9.261945833914288
2025-03-03,-0.014830845711556987,9.125596928252044
2025-03-04,-0.01564806058336946,8.98391048480612
2025-03-05,0.010968480718559654,9.082992731230686
2025-03-06,-0.01666050986897173,8.932919064440826
2025-03-07,-0.0056127290174745725,8.882921453173891
2025-03-10,-0.026793478399717532,8.648077284372022
2025-03-11,-0.008220382308525852,8.577278179400942
2025-03-12,-0.00014753677507546307,8.576012808786073
2025-03-13,-0.015643200400511127,8.442900388395707
2025-03-14,0.01601305497935843,8.579185273030706
2025-03-17,0.009476778179383635,8.660874774091292
2025-03-18,-0.012331458209811252,8.554729367654797
2025-03-19,0.011700413636701473,8.655411100158922
2025-03-20,-0.00038985737319341944,8.652037382000685
2025-03-21,0.0017551263445517017,8.667236134707915
2025-03-24,0.01735090653158492,8.818932770119222
2025-03-25,-0.0023980608911138472,8.79780976958524
2025-03-26,-0.0062710605485881725,8.7428108029916
2025-03-27,-3.84913150646749e-05,8.742474287182942
2025-03-28,-0.017759321923940793,8.588584406505586
2025-03-31,0.010819522138685535,8.682013302221405
2025-04-01,0.002163049109074661,8.700813248633349
2025-04-02,0.0070336034456257145,8.762227045639555
2025-04-03,-0.029607191044420465,8.506604914777084
2025-04-04,-0.055654861627300066,8.046104400685902
2025-04-07,-0.0036151063684788285,8.017069391370603
2025-04-08,-0.004568001339583164,7.980530925069015
2025-04-09,0.07679119998245405,8.61750966699344
2025-04-10,-0.017505304063553044,8.467970225365129
2025-04-11,0.018310649142449734,8.624452531321658
2025-04-14,0.005247345428519815,8.669826956412443
2025-04-15,-0.0036207957760933337,8.638492046477777
2025-04-16,-0.019880595309700703,8.468449555558
2025-04-17,-0.00914196459772056,8.391384091128685
2025-04-21,-0.027297351958394354,8.165419672496272
2025-04-22,0.023703501674920042,8.361280838725657
2025-04-23,0.010313214060034246,8.44795871329811
2025-04-24,0.011160427293578216,8.542769623334289
2025-04-25,0.004675578689015233,8.582805537528397
2025-04-28,0.0008603288399796203,8.590192749920558
2025-04-29,0.003937652841673214,8.624084630250817
2025-04-30,0.002881782482653408,8.648973210780603
2025-05-01,-0.001345850395456213,8.637340816251799
2025-05-02,0.01484103902771379,8.766483866552624
2025-05-05,-0.007121173924096881,8.70427796264389
2025-05-06,-0.008184962186129654,8.633324548287145
2025-05-07,0.0030782406898729416,8.65994094401963
2025-05-08,9.695533348318808e-05,8.660780612186297
2025-05-09,-0.0019534728537373577,8.643878526625816
2025-05-12,0.022908922871862015,8.844186128451035
2025-05-13,-0.01075790591710961,8.74955115592691
2025-05-14,-0.0008157768333361487,8.742416385377757
2025-05-15,-0.0009004299493003507,8.734547994833981
2025-05-16,0.010561518554760299,8.82728695562555
2025-05-19,0.0052603165988697005,8.873843623772855
2025-05-20,-0.001711116661277575,8.85867242564526
2025-05-21,-0.01568184960844864,8.720835649461195
2025-05-22,-0.0030904979946444534,8.693925528630752
2025-05-23,-0.005320563651782504,8.647791782070335
2025-05-27,0.01741942055846355,8.799750982157017
2025-05-28,-0.0023107483052644687,8.779440447792117
2025-05-29,0.0032459550775330074,8.807984418252316
2025-05-30,0.006499320283741264,8.865416763476585
2025-06-02,0.0035468675447751794,8.896917053119855
2025-06-03,0.0015581230947333523,8.910790350397955
2025-06-04,-0.001403591688140574,8.898292012460878
2025-06-05,-0.009331036922059178,8.815647898428052
2025-06-06,0.00816426047782984,8.887915749513617
2025-06-09,-0.0006621577674912446,8.882032495099534
2025-06-10,0.00614625159323733,8.936791811357038
2025-06-11,-0.001983225474446911,8.91908570158435
2025-06-12,0.009341535388194289,9.00279402972278
2025-06-13,-0.010268832254180111,8.910818894850172
2025-06-16,0.003179336896363296,8.939194474000129
2025-06-17,-0.006033413564078129,8.885422992717075
2025-06-18,-0.005044300383384581,8.840715104915352
2025-06-20,-0.003528930732569892,8.809571817256042
2025-06-23,0.010856650302412795,8.905735320011665
2025-06-24,0.010403367637690963,8.998868568357407
2025-06-25,-0.004953552581831035,8.954402423345421
2025-06-26,0.0034706293189688928,8.985533826461092
2025-06-27,0.004962467959222471,9.030235072687784
2025-06-30,0.0062035979849298225,9.086429143282496
2025-07-01,0.0038683660494991984,9.121646850866508
2025-07-02,-0.002334302126902927,9.100379003669461
2025-07-03,0.008838278709541956,9.181167177968986
2025-07-07,-0.007604168760606286,9.111616804851806
2025-07-08,-0.005414576582099782,9.062414582682853
2025-07-09,0.003305517441859224,9.092420116738209
2025-07-10,-0.0011601332646100787,9.08187781412536
2025-07-11,-0.004380890756269048,9.042178123058397
2025-07-14,0.00036168639884804265,9.045449147408318
2025-07-15,-0.008058498155517872,8.972849327776318
2025-07-16,0.0028282588716713286,8.998262789475737
2025-07-17,0.002888988473826606,9.024296254041703
2025-07-18,-0.002070407364071773,9.005631612994206
2025-07-21,0.0029216116880581735,9.031981044233397
2025-07-22,0.0033969094333666156,9.062714034885163
2025-07-23,0.008931116550200964,9.144016711608812
2025-07-24,-0.0016823063174106069,9.128646606765583
2025-07-25,0.005395771192465834,9.178035821776522
2025-07-28,0.0007128431304599237,9.184580654005394
2025-07-29,-0.008784440226263866,9.104252589339824
2025-07-30,-0.0028555796423863655,9.078291755242345
2025-07-31,-0.006158402555044695,9.02255577854515
2025-08-01,-0.009199363825589028,8.939934619027854
2025-08-04,0.008564565170879323,9.016830089796917
2025-08-05,-0.000550190580951817,9.011870479302068
2025-08-06,0.009796675344495728,9.100590720760625
2025-08-07,-0.013465927082987975,8.978864248994146
2025-08-08,0.008010900173947176,9.05108191220289
2025-08-11,0.0022999265760117074,9.071922692980488
2025-08-12,0.009124413582259284,9.155077459940554
2025-08-13,0.002418736314844801,9.17724797977019
2025-08-14,0.0026562980034225982,9.201657890902007
2025-08-15,0.006056079622497272,9.257552945364171
2025-08-18,0.002166216074125831,9.277628541550689
2025-08-19,-0.0007512905843454443,9.270660964247709
2025-08-20,0.0015208849524056994,9.284771300386167
2025-08-21,-0.007258914144123827,9.217617967676254
2025-08-22,0.00966398170425735,9.307128677368132
2025-08-25,-0.00700429528733782,9.242166572305118
2025-08-26,0.004521638272705566,9.284050927992837
2025-08-27,0.003758167731914303,9.31900759397545
2025-08-28,0.00245370077873784,9.341901726354617
2025-08-29,9.328632175086219e-05,9.342773238654283
2025-09-02,-0.0019175211163015374,9.324875438872871
2025-09-03,0.006666698047985067,9.387249250426654
2025-09-04,0.008809227169993567,9.470308970410002
2025-09-05,-0.001929978872334464,9.452049100432157
2025-09-08,0.004624543559530698,9.495861741875462
2025-09-09,0.007943977711856716,9.571597077533001
2025-09-10,0.012879145099405603,9.695668315873679
2025-09-11,0.006689360605804075,9.760743550746207
2025-09-12,-0.002238231346371248,9.738921179435053
2025-09-15,0.0040613994146938845,9.7785552586458
2025-09-16,0.001495176070769603,9.793186856156657
2025-09-17,0.00258827159050386,9.818567114809314
2025-09-18,-0.007573121660182906,9.744490760179382
2025-09-19,0.002509734013048989,9.768977554897788
2025-09-22,0.0023116132151820303,9.79158577317322
2025-09-23,-0.00673253443935936,9.725884999269061
2025-09-24,-7.018597082278393e-05,9.725202402542914
2025-09-25,-0.008790518744310428,9.6400874787888
2025-09-26,0.0012016879850574563,9.651678819279386
2025-09-29,-0.00035781703264277116,9.6482259019974
2025-09-30,0.0037027395371978435,9.68401699115685
2025-10-01,0.0026901728252470003,9.710103743709551
2025-10-02,-0.0020091441893542706,9.690614330271742
2025-10-03,0.004430142608614495,9.733640369094214
2025-10-06,0.001736319197347692,9.750555756733581
2025-10-07,0.0007682569195982658,9.758049566880787
2025-10-08,-0.000658670950589906,9.751624339384316
2025-10-09,-0.0018946076655000474,9.733166328026057
2025-10-10,-0.01814365677662925,9.558163495258977
2025-10-13,0.009545292104213685,9.649835781133678
2025-10-14,0.005742911861275372,9.705413373356844
2025-10-15,0.004421054198277008,9.74841652147747
2025-10-16,-0.01035109594164613,9.648030177448202
2025-10-17,0.0047967870138546235,9.694420897563624
2025-10-20,0.005020795593443425,9.743216998405261
2025-10-21,-0.0028429169423122656,9.715557177643696
2025-10-22,0.00037004593841911287,9.719153045393856
2025-10-23,0.002366553842144568,9.74218118229118
2025-10-24,0.005551710490840469,9.796417364251507
2025-10-27,0.0032368946337388627,9.828178711383178
2025-10-28,-0.0014435904223519056,9.814001082532998
2025-10-29,-0.006769877417859805,9.747785885502578
2025-10-30,-0.003392493099093209,9.714772619455687
2025-10-31,0.0006740947794271993,9.721323504672485
2025-11-03,-0.0014129612623313618,9.707597350687365
2025-11-04,0.0013855387581759515,9.721056925293436
2025-11-05,-0.0004931331302748935,9.71626433185271
2025-11-06,-0.004186113322445656,9.675675961319044
2025-11-07,0.0011246911652486942,9.686564230412834
2025-11-10,0.00638711878343686,9.74863147117142
2025-11-11,0.006906813505462607,9.816196511649567
2025-11-12,0.0017930154036838498,9.833812891701356
2025-11-13,-0.008083970096238992,9.754637100896906
2025-11-14,-0.005206486519415507,9.70398169709621
2025-11-17,-0.007391647937843036,9.632517724436978
2025-11-18,-0.010283202694910065,9.533972142694404
2025-11-19,0.002349944304178722,9.556402791292502
2025-11-20,0.00046151283266617437,9.560814211700073
2025-11-21,0.007108595982240529,9.629020314791076
2025-11-24,0.0034900357240568018,9.662684650373997
2025-11-25,0.014701616660654664,9.805791106600061
2025-11-26,0.007073977686477931,9.875402980218759
2025-11-28,0.004422124435811572,9.919169941202334
2025-12-01,-0.007461783043979088,9.84543070236447
2025-12-02,-0.0007808416538380958,9.837745980637955
2025-12-03,0.0070289260526569895,9.90713836091687
2025-12-04,-0.004170607427714507,9.865905618638767
2025-12-05,0.0016904346286409622,9.882597391339885
2025-12-08,-0.009985259091042472,9.784408134312484
2025-12-09,-0.0024702608837218077,9.760267922214434
2025-12-10,0.0024078637042801634,9.783797633889346
2025-12-11,0.010734719988869768,9.889389698557618
2025-12-12,0.00040645583633317156,9.89341011572403
2025-12-15,-0.0006062445727312082,9.887414107243012
2025-12-16,-0.005998247157644088,9.82828446805806
2025-12-17,-0.0026533062940046386,9.802241584172123
2025-12-18,0.0003474652637977315,9.80564811442117
2025-12-19,0.002568034772807039,9.83086172060106
2025-12-22,0.002633146811821304,9.856781933684939
2025-12-23,0.0018896294489468848,9.875425207991293
2025-12-24,0.005905580488648069,9.933917872988776
2025-12-26,0.00041574444011459083,9.938048702738277
2025-12-29,-0.002175854939956058,9.916448458395994
2025-12-30,0.00011091706291786894,9.917548422734855
