date,log_return,cumulative_value
1998-01-02,0.0022111908491963257,1.0022136373345651
1998-01-05,0.0035358692833383424,1.0057636061644455
1998-01-06,-0.009239801011814834,0.996513351644878
1998-01-07,-0.0005137772662231379,0.9960014972401527
1998-01-08,-0.006143812713051679,0.9899010098943375
1998-01-09,-0.029281761941225122,0.9613352333582736
1998-01-12,0.017858840634688622,0.9786577860416923
1998-01-13,0.007500946350932387,0.986026246254745
1998-01-14,0.002705306369928946,0.9886973608021686
1998-01-15,-0.008553381869216488,0.9802767185445738
1998-01-16,0.011160927067623241,0.9912787980024321
1998-01-20,0.024695104256988926,1.0160632996403438
1998-01-21,-0.009998101519651277,1.0059552106719398
1998-01-22,-0.0059090426815279935,1.0000285062162808
1998-01-23,-0.0041353117651335815,0.9959016154401397
1998-01-26,0.0010042412507900505,0.9969022432758733
1998-01-27,0.0153310239767059,1.0123035325786358
1998-01-28,0.007938966907148303,1.0203721627391322
1998-01-29,0.006915863179740436,1.0274533751330672
1998-01-30,-0.004314758440072596,1.0230297123919985
1998-02-02,0.019257794970992472,1.04292193423765
1998-02-03,0.0010766586246887366,1.0440454098243368
1998-02-04,-0.0015365334250195093,1.0424424309855636
1998-02-05,-0.005658576237422429,1.0365603488169957
1998-02-06,0.006691875993787443,1.0435201431995194
1998-02-09,-0.004220927173359727,1.0391248034014307
1998-02-10,0.009998477810769117,1.0495665836567516
1998-02-11,0.005009599614218292,1.0548376840368883
1998-02-12,0.004567802591231746,1.0596669956174463
1998-02-13,-0.003504440521811861,1.0559599550039271
1998-02-17,-0.0010028935292153065,1.0549014704603112
1998-02-18,0.010284669626014629,1.0658067661286044
1998-02-19,-0.0057221223652446935,1.059725504848759
1998-02-20,0.00738102018819064,1.0675762979830825
1998-02-23,0.00793990241229791,1.0760864899453133
1998-02-24,-0.006793859507752804,1.0688004875773567
1998-02-25,0.01084259536813777,1.080452111566904
1998-02-26,0.0010041125296086529,1.0815375519307062
1998-02-27,8.821173267633718e-05,1.0816329604401296
1998-03-02,-0.005210576823323168,1.076011686562987
1998-03-03,0.004627297394800332,1.0810022501431447
1998-03-04,-0.011196818214890972,1.0689659742027129
1998-03-05,-0.00996949088391315,1.0583618742356364
1998-03-06,0.020928832914654152,1.080745568332838
1998-03-09,0.0038864532109948624,1.084954008072019
1998-03-10,0.009070330539446444,1.0948396648575913
1998-03-11,0.004180640318509545,1.0994263767186165
1998-03-12,0.003717705338785414,1.1035213272221476
1998-03-13,-0.0010871881365247511,1.1023222438595004
1998-03-16,0.012028527053477909,1.115661622495689
1998-03-17,0.0002971041980744326,1.11599313949247
1998-03-18,0.001433028177105914,1.1175935355392574
1998-03-19,0.004114302012184808,1.1222011248788053
1998-03-20,0.015090063192514332,1.1392636240896716
1998-03-23,-0.006543777423675922,1.1318328756048286
1998-03-24,0.009638386300126985,1.1427946601832724
1998-03-25,-0.00378850030241235,1.1384733730349297
1998-03-26,-0.00213136068708958,1.1360494596787551
1998-03-27,-0.008146486438431048,1.1268322431021929
1998-03-30,0.0028416247199548193,1.1300388312618035
1998-03-31,0.008376906641435467,1.1395448208579302
1998-04-01,0.009343633381533064,1.1502422082925292
1998-04-02,0.012601600713650334,1.1648288155965856
1998-04-03,0.002317717986302725,1.1675316913353688
1998-04-06,-0.004023861124940664,1.1628431453057169
1998-04-07,-0.00849682385390225,1.1530045296149152
1998-04-08,-0.013854622684166104,1.1371402375567876
1998-04-09,0.005586047574003792,1.1435101317242231
1998-04-13,-0.0037081953298978513,1.139277625124673
1998-04-14,0.0015248872675792298,1.1410162203134033
1998-04-15,0.002046761221131683,1.1433539996877817
1998-04-16,-0.0054542235748167986,1.137134867035796
1998-04-17,0.024566067123208933,1.165415751299269
1998-04-20,0.004971174185545139,1.1712236601000143
1998-04-21,0.006388959889555183,1.1787305160518189
1998-04-22,0.010564194362191793,1.191248861015995
1998-04-23,-0.006306748095249612,1.183759595809175
1998-04-24,-0.014123502259468438,1.1671582748393383
1998-04-27,-0.018540177878239462,1.145718317266155
1998-04-28,-0.0061666111210799705,1.138674857408399
1998-04-29,0.004225630199977502,1.1434966566692912
1998-04-30,0.016685983075036576,1.1627370989645698
1998-05-01,0.003749227284306444,1.1671046469694457
1998-05-04,0.0038595513191573673,1.171617851118324
1998-05-05,-0.0052858643308798525,1.1654411770218562
1998-05-06,-0.010803400680942184,1.1529182160983158
1998-05-07,-0.013225777979876832,1.13777036758988
1998-05-08,0.013834687583037285,1.15362045284941
1998-05-11,-0.005464967794194682,1.1473331498300952
1998-05-12,0.007703685119666372,1.1562059759920944
1998-05-13,0.0026498733272257457,1.1592738382967345
1998-05-14,-0.0009980453502122122,1.1581174076139256
1998-05-15,-0.011608904543034884,1.1447506698860273
1998-05-18,0.003987922772307001,1.1493249620507444
1998-05-19,0.0015039289425217298,1.1510547655502696
1998-05-20,0.014408866287721025,1.1677602240912135
1998-05-21,-0.00700118076560658,1.1596130767757207
1998-05-22,-0.006040793965134591,1.1526292083920957
1998-05-26,-0.016227455577518174,1.1340759126421758
1998-05-27,0.007931344431148112,1.1431064240249273
1998-05-28,0.002834497289385956,1.1463511524998924
1998-05-29,-0.010254678015973889,1.1346557592725846
1998-06-01,0.0020221520982148427,1.1369525272213699
1998-06-02,0.0019786692890278288,1.139204407398439
1998-06-03,-0.009866182114818512,1.1280200733123922
1998-06-04,0.016751319113647842,1.1470750499467885
1998-06-05,0.02239085820006464,1.1730487462590398
1998-06-08,-0.0014518270483607986,1.1713469180392222
1998-06-09,0.00864007706223873,1.1815112929373088
1998-06-10,-0.002573219464959839,1.1784749133911665
1998-06-11,-0.014895355628052083,1.1610511988210317
1998-06-12,0.010626378857939147,1.1734547544566893
1998-06-15,-0.018162419464321466,1.1523343563339028
1998-06-16,0.009746885109003183,1.1636209420858854
1998-06-17,0.01562936708638592,1.1819504672557424
1998-06-18,-0.0008036178233226368,1.1810010123445123
1998-06-19,-0.003078118011177085,1.1773713410014344
1998-06-22,-0.0013892610618343759,1.175736800506688
1998-06-23,0.018016843588483697,1.1971118437443544
1998-06-24,0.014411833309863016,1.2144893401042833
1998-06-25,-0.0043233379480312846,1.2092500260760861
1998-06-26,0.005434044863156644,1.2158390312295602
1998-06-29,0.006646534210271204,1.2239470622489599
1998-06-30,-0.0090873817876535,1.2128749723552479
1998-07-01,0.007091271526009988,1.2215063657183953
1998-07-02,0.0023806717082623338,1.224417835616645
1998-07-06,0.00591427746231153,1.2316808389639455
1998-07-07,2.836648177012257e-05,1.2317157779115557
1998-07-08,0.009617633952764238,1.2436191186306103
1998-07-09,-0.0036129313479101705,1.2391341150157906
1998-07-10,0.010110346551419866,1.2517257359092209
1998-07-13,0.0033158841960519666,1.2558832025243276
1998-07-14,0.007895976968282755,1.2658388805434375
1998-07-15,-0.009170150079155582,1.2542840089583545
1998-07-16,0.007400940888322687,1.2636013266959298
1998-07-17,0.006879744766118617,1.2723245536908783
1998-07-20,-0.00051972002670359,1.2716634729431906
1998-07-21,-0.01853856238108678,1.2483058377662066
1998-07-22,0.00025295382608035895,1.2486216414441784
1998-07-23,-0.0244109369085529,1.2185106315459318
1998-07-24,0.011813305186284151,1.2329906294312132
1998-07-27,0.011726127271712636,1.2475339361654392
1998-07-28,-0.017464135966618482,1.2259359776614362
1998-07-29,-0.0035464997979664167,1.2215958965617166
1998-07-30,0.015021723489277855,1.2400848929590247
1998-07-31,-0.020915083641571148,1.2144177644174003
1998-08-03,-0.0063731742128344,1.2067026793420745
1998-08-04,-0.04011680502374951,1.1592517761690468
1998-08-05,0.012687104611026534,1.1740530186429394
1998-08-06,0.008665142317529198,1.1842705594286655
1998-08-07,-0.006460549948229925,1.1766441821491689
1998-08-10,-0.004834353843182304,1.170969595357087
1998-08-11,-0.010604075543084799,1.1586181488844387
1998-08-12,0.008112345733948796,1.1680554876030618
1998-08-13,-0.004571998722072572,1.1627273288552056
1998-08-14,-0.011407394715432643,1.1495390044939438
1998-08-17,0.02385063165270967,1.1772858099712378
1998-08-18,0.016557224124537976,1.1969406608554285
1998-08-19,-0.0011160599366651879,1.1956055485085664
1998-08-20,-0.011369169186558958,1.1820894855384732
1998-08-21,-0.0033963001091382047,1.1780815647931246
1998-08-24,0.008357214161720642,1.187968299968459
1998-08-25,0.008604539427659211,1.1982343239085629
1998-08-26,-3.798411809749742e-05,1.1981888108988863
1998-08-27,-0.036298390780424475,1.1554763712522909
1998-08-28,-0.018217088351120733,1.1346175266690612
1998-08-31,-0.0802579784341226,1.0471138181346218
1998-09-01,0.048125486562221084,1.098738959095873
1998-09-02,-0.01627215437040503,1.081004787040569
1998-09-03,-0.005350099031307923,1.0752367479253033
1998-09-04,-0.011655873438959513,1.0627766820179516
1998-09-08,0.045092303747934624,1.1117966365125183
1998-09-09,-0.019478156962025105,1.0903504314417054
1998-09-10,-0.026750491239286755,1.061569687540782
1998-09-11,0.025475820891715382,1.0889614794942781
1998-09-14,0.015128614763686099,1.1055612070477183
1998-09-15,0.003988192034564245,1.1099792014965935
1998-09-16,0.0018137101408398138,1.1119942087976857
1998-09-17,-0.026287514309830663,1.0831435130406664
1998-09-18,0.0031494219505644526,1.0865601664137055
1998-09-21,0.007245562766933185,1.0944614965240431
1998-09-22,0.006542522214196173,1.1016455103368965
1998-09-23,0.02933530949037373,1.1344413079038376
1998-09-24,-0.01724008491235804,1.1150510683778283
1998-09-25,-0.004632555825853686,1.109897478418066
1998-09-28,0.007952165769132014,1.118758753621247
1998-09-29,0.005242829586578247,1.1246396178286748
1998-09-30,-0.021686676637140946,1.1005124863518623
1998-10-01,-0.025850484787410144,1.0724282643587606
1998-10-02,0.016070062634088365,1.0898014741423878
1998-10-05,-0.002807782737442768,1.0867458401616832
1998-10-06,-0.0008287022654744763,1.0858456244788526
1998-10-07,-0.010968640954901947,1.0740004551547018
1998-10-08,-0.011688269324298783,1.061520326215963
1998-10-09,0.01047441185302476,1.0726975626009698
1998-10-12,0.008958002768385865,1.0823499588857641
1998-10-13,0.0025687369259275576,1.0851338051455257
1998-10-14,0.0117314434801167,1.097938955637965
1998-10-15,0.045274130134208036,1.148789610766276
1998-10-16,0.011226918493110884,1.1617596486387622
1998-10-19,-0.003109844449821564,1.1581523687902306
1998-10-20,0.0009677985037569479,1.1592737694772934
1998-10-21,0.012408913167693998,1.1737487204867862
1998-10-22,0.011639097266403914,1.1874899083975838
1998-10-23,-0.0016132982710356494,1.1855756775093707
1998-10-26,-0.0009660236372796088,1.1844309363936238
1998-10-27,-0.011309128653606292,1.1711115120529234
1998-10-28,-0.004688565313656732,1.165633531209612
1998-10-29,0.02209775179607855,1.1916781152321627
1998-10-30,0.006085154386613637,1.1989517687500792
1998-11-02,0.01453850600678635,1.216510062651649
1998-11-03,0.003972063071851195,1.2213517266797982
1998-11-04,-0.003462934730865957,1.2171295800952007
1998-11-05,0.017295064050155146,1.23836300155795
1998-11-06,0.008654084489422818,1.2491264061329197
1998-11-09,-0.010428186938958053,1.2361679664078191
1998-11-10,0.005006490295109833,1.2423723474621662
1998-11-11,-0.0069930220661501025,1.2337147170039224
1998-11-12,-0.002629472717830434,1.230474959108149
1998-11-13,0.008031643071420637,1.2403974885559048
1998-11-16,0.008061526767310109,1.250437400247489
1998-11-17,0.003558520515634295,1.2548950339763814
1998-11-18,0.007751154022496852,1.2646597135456967
1998-11-19,0.0059970752314501665,1.272266760206689
1998-11-20,0.013137816954469531,1.289091848481248
1998-11-23,0.024285302955993737,1.3207810682648533
1998-11-24,-0.0021720983241991726,1.3179153153950653
1998-11-25,0.005294990244196474,1.3249121719287835
1998-11-27,0.0037053728939208273,1.3298305722036226
1998-11-30,-0.022512789096565306,1.3002268583964318
1998-12-01,0.009259757180781189,1.312322558581654
1998-12-02,-0.004585110372263195,1.3063191883815521
1998-12-03,-0.019527513753940365,1.2810574744326355
1998-12-04,0.023136910866872647,1.3110427325338838
1998-12-07,0.008046472341722077,1.3216345578870272
1998-12-08,-0.001607087577771436,1.3195122812057114
1998-12-09,-0.0022459694176929636,1.3165520225454515
1998-12-10,-0.016742921380037894,1.2946926014670646
1998-12-11,0.003177249409086328,1.2988127046016424
1998-12-14,-0.022775529838248165,1.2695658773308058
1998-12-15,0.02668670800749083,1.3039025396352506
1998-12-16,-0.0010623191442474,1.3025181144860294
1998-12-17,0.010671875512434753,1.3164928614057456
1998-12-18,0.011184543681381552,1.331299883859573
1998-12-21,0.009842691285663606,1.344468156938263
1998-12-22,0.0005245178165420786,1.3451735394170174
1998-12-23,0.02237904615338265,1.3756166130798113
1998-12-24,-0.0024819658518503806,1.3722066131231432
1998-12-28,0.0003181466084720715,1.3726432454560964
1998-12-29,0.013545018605834907,1.3913622119369367
1998-12-30,-0.012798451153381555,1.3736683988524485
1998-12-31,-0.006436359625749776,1.3648553673754609
1999-01-04,-0.008733659331837928,1.3529870877545471
1999-01-05,0.012625867890753059,1.3701780208371885
1999-01-06,0.019580899191106876,1.3972717324905952
1999-01-07,0.0038620920329746006,1.4026785586260457
1999-01-08,-0.0010641306483673636,1.4011867192787666
1999-01-11,-0.022408460995457964,1.3701374635929067
1999-01-12,-0.019320530852196448,1.3439197659206563
1999-01-13,-0.0008964675672224258,1.3427155252995386
1999-01-14,-0.014577449387323927,1.3232841318647326
1999-01-15,0.019405741040538046,1.3492142236434521
1999-01-19,0.010500837676958927,1.3634567515603946
1999-01-20,0.006461260317474815,1.3722949226781147
1999-01-21,-0.012485127239415163,1.3552681577963215
1999-01-22,-0.013158896446931495,1.3375511482476807
1999-01-25,0.003911127123681236,1.342792724376527
1999-01-26,0.021305031854337464,1.3717078917051566
1999-01-27,0.00040414388793509517,1.3722623711028044
1999-01-28,0.01604376945759476,1.3944561924364198
1999-01-29,0.014471538151763354,1.4147828426312619
1999-02-01,-0.010514069743681836,1.3999856428604762
1999-02-02,-0.0074477465560512535,1.3895976362481652
1999-02-03,0.007002212892234147,1.399362041055835
1999-02-04,-0.01590715984620361,1.3772782760429414
1999-02-05,-0.012401055767618801,1.360304038102906
1999-02-08,0.004699193747895165,1.3667114132918505
1999-02-09,-0.019780424606309237,1.339942900292521
1999-02-10,0.010965335823698415,1.354716675852812
1999-02-11,0.02578230435999872,1.390098546673038
1999-02-12,-0.01439264361288358,1.370234643638997
1999-02-16,0.014172685134873929,1.3897928163376507
1999-02-17,-0.008181434307114715,1.3784687046140602
1999-02-18,0.01132355677572297,1.39416658343001
1999-02-19,0.0017067753178460002,1.3965481443601406
1999-02-22,0.024047313177743033,1.4305384244538193
1999-02-23,-0.004484186849151196,1.4241379839741566
1999-02-24,-0.01604578165569844,1.4014689345204572
1999-02-25,-0.004403119382139004,1.3953116650355244
1999-02-26,-0.0007512184960801503,1.394263874713963
1999-03-01,-0.003727261323892834,1.3890767617663295
1999-03-02,-0.007873732822259356,1.378182488057899
1999-03-03,-0.002876484084625511,1.374223864253999
1999-03-04,0.018379901172668713,1.3997155124251968
1999-03-05,0.025585167591412713,1.435989528046959
1999-03-08,0.0045412621424825725,1.4425255626181102
1999-03-09,0.000848074190433536,1.4437494502171948
1999-03-10,0.0016538639340979927,1.4461391909710906
1999-03-11,0.011268671728968602,1.4625274221688545
1999-03-12,0.0006949859778400619,1.463544211505708
1999-03-15,0.0119663925020561,1.4811627609843672
1999-03-16,-0.0025657480418813192,1.4773673416576403
1999-03-17,-0.013273370875290536,1.4578872661492173
1999-03-18,0.01106692312121287,1.4741112013774154
1999-03-19,-0.012994696881577542,1.4550794965737668
1999-03-22,0.0017867325285466514,1.4576816584332712
1999-03-23,-0.028882777582249424,1.4161819614970015
1999-03-24,0.0017133350090689694,1.4186104354314828
1999-03-25,0.0164900603800333,1.442197347488376
1999-03-26,-0.008746633748961917,1.4296379816523392
1999-03-29,0.024924167465802505,1.4657182861176468
1999-03-30,-0.0002983017287795667,1.4652811250251905
1999-03-31,-0.014983669819160215,1.4434895033894837
1999-04-01,0.004918819821633995,1.45060725929946
1999-04-05,0.021216975149200835,1.4817135816118372
1999-04-06,-0.0037083317610947493,1.4762290715528446
1999-04-07,0.011024819667972554,1.4925942768127578
1999-04-08,0.01626897179684323,1.517075856089234
1999-04-09,0.004313678675849603,1.5236341689167314
1999-04-12,0.010679612528210647,1.5399931899945414
1999-04-13,-0.009103767250033092,1.5260370734330981
1999-04-14,-0.028906090167667875,1.4825567586388
1999-04-15,-0.011615791491847707,1.4654353204944222
1999-04-16,0.00070458458990762,1.4664682074741429
1999-04-19,-0.03031584735024516,1.4226781019550803
1999-04-20,0.018507663992141418,1.4492537179380283
1999-04-21,0.027885732408816574,1.4902359737547202
1999-04-22,0.017732626242238887,1.5168974617613926
1999-04-23,-0.004968702623493102,1.5093791429763894
1999-04-26,-0.0011339756578138689,1.5076685138590398
1999-04-27,0.002840076162486984,1.5119564934782856
1999-04-28,-0.015811313577897865,1.48823847586933
1999-04-29,-0.009005901142137939,1.4748957192349614
1999-04-30,-0.008692828194760385,1.462130268462944
1999-05-03,0.014818535515449071,1.483958227537593
1999-05-04,-0.017883125222076687,1.457656298035842
1999-05-05,0.010751297373124795,1.4734125426271234
1999-05-06,-0.014737514281966886,1.4518573295052992
1999-05-07,0.009321156359852234,1.4654535866640168
1999-05-10,-0.012673563217692323,1.44699826237302
1999-05-11,0.012425375549155593,1.4650899242851194
1999-05-12,0.002970011732114837,1.4694477267076735
1999-05-13,0.008544206760720669,1.4820567823894957
1999-05-14,-0.022698560748967377,1.4487951501597307
1999-05-17,0.00671646407461448,1.458558682240043
1999-05-18,-0.008625538867709023,1.4460319302941278
1999-05-19,0.009128704644933197,1.4592927637198707
1999-05-20,-0.004035336026685819,1.4534158926066947
1999-05-21,-0.009766072138450039,1.43929081368831
1999-05-24,-0.0201471316018465,1.410583389417561
1999-05-25,-0.015613107438596351,1.388730836449141
1999-05-26,0.017810950413048036,1.4136870396284242
1999-05-27,-0.01600267819382662,1.3912443116794944
1999-05-28,0.019384342770694056,1.4184757473512497
1999-06-01,-0.006714715842197043,1.408982992022984
1999-06-02,0.0019751244304609043,1.4117686588663503
1999-06-03,0.006651564736783857,1.4211904295153621
1999-06-04,0.025959762339729672,1.4585672428761984
1999-06-07,-0.0004873009046300938,1.457856654888427
1999-06-08,-0.013828331734608347,1.437835676844019
1999-06-09,-0.0016250470007194864,1.4355010237641037
1999-06-10,-0.016491531416021582,1.4120215518983616
1999-06-11,-0.006787324596169507,1.4024701541747977
1999-06-14,0.00283275149892463,1.4064486359709318
1999-06-15,0.005435281698507381,1.4141138930469055
1999-06-16,0.017805433443769024,1.4395183009312782
1999-06-17,0.01169646908209087,1.4564544356372806
1999-06-18,-0.003333763353576841,1.451607045728499
1999-06-21,0.000966590774674109,1.4530108340424728
1999-06-22,-0.003734996227580928,1.4475939663460917
1999-06-23,-0.006246780601618869,1.4385793499178303
1999-06-24,-0.005869116072180029,1.430160889360745
1999-06-25,-0.0007300549702280126,1.4291171743262723
1999-06-28,0.0097732404233997,1.4431527548972416
1999-06-29,0.019863305198878568,1.472105131537171
1999-06-30,0.024169050114952004,1.5081179591167349
1999-07-01,0.004388984883841146,1.5147516128966565
1999-07-02,0.009061440999549263,1.5285398214396344
1999-07-06,-0.0023165980319539577,1.5250029074832538
1999-07-07,0.008886256474159285,1.5386148645408937
1999-07-08,-0.006485315587459748,1.5286687482887198
1999-07-09,0.005362295030901691,1.5368879382877259
1999-07-12,-0.0016230821221834538,1.5343954662418802
1999-07-13,-0.0028036398528328917,1.5300995988092214
1999-07-14,0.0018296175024172952,1.5329016583826056
1999-07-15,0.01258928240373189,1.5523217764418313
1999-07-16,0.008139843017705912,1.5650089979593702
1999-07-19,-0.009991240798436609,1.5494504701351675
1999-07-20,-0.02020429980702388,1.5184590426004505
1999-07-21,-0.003623714465012702,1.5129665382472985
1999-07-22,-0.007690152494454477,1.5013762176350594
1999-07-23,-0.003392891343465625,1.496290843202851
1999-07-26,-0.005104836478744636,1.4886719861784912
1999-07-27,0.004035883005297847,1.494692232481187
1999-07-28,0.0005968634962673734,1.495584626004976
1999-07-29,-0.015749361765728175,1.4722146369451874
1999-07-30,-0.008157884794072034,1.4602533353414695
1999-08-02,-0.0018307859408187388,1.457582369794219
1999-08-03,-0.0005890955050975559,1.4567239674371733
1999-08-04,-0.015066942830277276,1.4349401108607023
1999-08-05,0.008840682357829397,1.4476822019825226
1999-08-06,-0.013316478751255535,1.42853196256897
1999-08-09,-0.00322530831484082,1.423931928803354
1999-08-10,-0.0035026362496036307,1.4189531377497453
1999-08-11,0.008309428302003612,1.430792950022556
1999-08-12,0.004409931403601557,1.4371165819281448
1999-08-13,0.02334271012352578,1.471057371590925
1999-08-16,0.007192546737572075,1.4816761627875175
1999-08-17,0.013001959519252041,1.5010666402138815
1999-08-18,-0.008187515760456631,1.4888268087213647
1999-08-19,-0.010338673662765231,1.4735136096891281
1999-08-20,0.015959410124281877,1.4972186739881241
1999-08-23,0.02275389769610138,1.5316767759060863
1999-08-24,0.006391327584007659,1.5414975744732586
1999-08-25,0.019654253264033496,1.5720942506942663
1999-08-26,-0.014948113896366834,1.5487691740533838
1999-08-27,-0.010937242059560962,1.531922208313924
1999-08-30,-0.015445930060109556,1.5084420482979914
1999-08-31,-0.007996495610001517,1.4964278976515637
1999-09-01,0.009480452962574321,1.5106821736806721
1999-09-02,-0.00717381577243102,1.499883597883799
1999-09-03,0.027046378385921506,1.54100358396051
1999-09-07,-0.005432326290803749,1.5326550461982795
1999-09-08,-0.0019641404072917312,1.5296476509317232
1999-09-09,-5.6966077984659904e-05,1.52956051538626
1999-09-10,0.0027068949091159254,1.5337064837773537
1999-09-13,-0.0029841971803744862,1.5291364235848435
1999-09-14,-0.008790279982921222,1.5157537910048933
1999-09-15,-0.015563230136904445,1.4923463858067232
1999-09-16,0.004115783901623221,1.4985012183289743
1999-09-17,0.014415578272090059,1.5202594317523952
1999-09-20,0.000451372932954251,1.520945790601207
1999-09-21,-0.018484047140351012,1.4930907865873295
1999-09-22,0.002049436141897506,1.4961539185830612
1999-09-23,-0.020818294303792742,1.4653285253424329
1999-09-24,-0.001905362805574584,1.4625392010535396
1999-09-27,0.002556989750148103,1.466283684061979
1999-09-28,0.0011326976319151456,1.467945481097741
1999-09-29,-0.0201975222874945,1.4385940306096907
1999-09-30,0.015388070875491468,1.460902418839773
1999-10-01,0.0057931289066658126,1.4693901764715587
1999-10-04,0.018009180997977624,1.496092411112554
1999-10-05,-0.0028560128967319636,1.4918256477575627
1999-10-06,0.02107871316787818,1.5236051717583037
1999-10-07,-0.0081509113053537,1.5112368760558865
1999-10-08,0.023181683294187013,1.5466791088279166
1999-10-11,-0.004556920664246663,1.5396470492733851
1999-10-12,-0.017062815211489064,1.5135991930202777
1999-10-13,-0.020521073848612795,1.4828550425868205
1999-10-14,-0.0002424658928203767,1.4824955443997823
1999-10-15,-0.028551950141585365,1.440765970723188
1999-10-18,0.013864101426309627,1.4608800056016262
1999-10-19,0.018725715050015353,1.488493765106884
1999-10-20,0.01903406334492497,1.517097206003637
1999-10-21,-0.0009036637858595595,1.5157268794494354
1999-10-22,0.016359409655377605,1.5407272141866892
1999-10-25,-0.011066645899510326,1.5237705315384398
1999-10-26,-0.01486161828480141,1.5012922808608276
1999-10-27,0.01294818806915893,1.5208576906093234
1999-10-28,0.035477461391185204,1.575782394342218
1999-10-29,0.013929881095764759,1.5978864517495373
1999-11-01,-0.005638557523867523,1.5889020304665609
1999-11-02,-0.011740794493398628,1.5703561430229012
1999-11-03,0.00423926140237328,1.5770274238687114
1999-11-04,0.0018366803581008379,1.5799265807595757
1999-11-05,0.00624379581669671,1.5898221806394794
1999-11-08,0.010140447806686421,1.6060257061377738
1999-11-09,-0.008149467009242864,1.5929906391959057
1999-11-10,0.0010552528568091453,1.5946725343750596
1999-11-11,0.002389236133562298,1.5984871387961241
1999-11-12,0.0057643700746479905,1.6077280185611478
1999-11-15,-0.006852332542569265,1.596748990475176
1999-11-16,0.018844506708908283,1.6271242419658156
1999-11-17,-0.0015774111743073536,1.6245596212670061
1999-11-18,0.005507828418865491,1.6335321036814228
1999-11-19,0.0008565997595898745,1.6349319863727085
1999-11-22,0.005232184986306343,1.6435086707990885
1999-11-23,-0.010943960133885837,1.6256202410983904
1999-11-24,0.007478155627937348,1.6378224503982224
1999-11-26,-0.001820636329552378,1.6348432841557416
1999-11-29,-0.0029416086182497475,1.630041281330697
1999-11-30,-0.009162732613431033,1.6151738660134494
1999-12-01,0.008594419060747,1.629115169964829
1999-12-02,-0.002728601420631022,1.6246760230831538
1999-12-03,0.016556826710466266,1.6517994215569174
1999-12-06,-0.008559068928527971,1.6377218876835873
1999-12-07,-0.01340836655257003,1.615909274852632
1999-12-08,-0.00037298136266434125,1.6153066831940703
1999-12-09,0.009938620795516351,1.6314406456501387
1999-12-10,0.004832080589666797,1.6393429752980768
1999-12-13,0.003919387868775999,1.6457808042011974
1999-12-14,-0.001605023894851886,1.643141405400451
1999-12-15,0.005827776846808216,1.6527452241138663
1999-12-16,0.0015912132899008342,1.6553771877317045
1999-12-17,-0.007123458680099956,1.6436270771355066
1999-12-20,-0.006406149945354847,1.6331314099281549
1999-12-21,0.0023312011516070717,1.6369430088273995
1999-12-22,0.009033084441186083,1.6517966393003474
1999-12-23,0.01654024366957305,1.6793449581077253
1999-12-27,0.0026295628187192224,1.6837667122616389
1999-12-28,-0.005817626592606058,1.6739996244426167
1999-12-29,-0.007160840498221088,1.6620551972470192
1999-12-30,-0.0015556493571874787,1.6594716322294698
1999-12-31,0.000926760845088616,1.6610102784301553
2000-01-03,-0.015979281776780516,1.6346794611988846
2000-01-04,-0.039564415037262365,1.5712670339715884
2000-01-05,0.013892940277979094,1.593248895816484
2000-01-06,0.006521369625157253,1.6036730135902117
2000-01-07,0.04539499225440868,1.67814937550994
2000-01-10,-0.002335025006709078,1.6742354261163346
2000-01-11,-0.00262818384339024,1.6698410048223906
2000-01-12,-0.0026278224074473768,1.6654587196684099
2000-01-13,0.004904442328734577,1.6736469287966795
2000-01-14,0.009899206898453285,1.6902969812093571
2000-01-18,-0.0030277542611078638,1.685186917234738
2000-01-19,0.0005827292983107556,1.6861692112024813
2000-01-20,-0.007434428605746631,1.673679989223142
2000-01-21,-0.005234341166028453,1.6649422652209238
2000-01-24,-0.026021769140837363,1.6221763574074617
2000-01-25,0.00020184408266657808,1.6225038171530402
2000-01-26,-0.003055780205564387,1.6175533696969908
2000-01-27,-0.010680802898941464,1.6003685382450437
2000-01-28,-0.020287240758274604,1.5682285941178291
2000-01-31,0.029302536868503506,1.6148615658097154
2000-02-01,0.009028466156904844,1.629507303593732
2000-02-02,-0.0050977640892807975,1.6212215970105057
2000-02-03,-0.0012374190572298823,1.6192167072106203
2000-02-04,-0.005154574316736947,1.610891808445536
2000-02-07,-0.0019624055395876744,1.607733685209736
2000-02-08,0.010492643771144897,1.6246918745827126
2000-02-09,-0.02309215177896106,1.587604109436858
2000-02-10,-0.0061799794540714145,1.5778230033068992
2000-02-11,-0.018271050070390843,1.5492562868653388
2000-02-14,0.006617512031248032,1.5595425060353567
2000-02-15,0.01174442870516602,1.5779664192080212
2000-02-16,-0.01961493556610752,1.547316292403357
2000-02-17,-0.013139005761167876,1.5271190709862692
2000-02-18,-0.02813651207293845,1.4847501191956145
2000-02-22,0.002331643286728091,1.48821606594901
2000-02-23,-0.0039619099671707935,1.4823315525374912
2000-02-24,-0.016052115113115318,1.4587269545308967
2000-02-25,-0.018926477741382883,1.4313780172091979
2000-02-28,0.019493418097638868,1.4595542001874946
2000-02-29,0.009721101939454089,1.4738118631726151
2000-03-01,0.007943751190341039,1.4855660824008687
2000-03-02,0.005145047608062746,1.4932290869771565
2000-03-03,0.011603743044047994,1.5106570528760828
2000-03-06,-0.025430668130004126,1.4727244052835016
2000-03-07,-0.0372016559529162,1.4189431961228003
2000-03-08,0.019383704221230875,1.4467158704196972
2000-03-09,0.023959500559168154,1.4817970456425824
2000-03-10,-0.016833230088227066,1.4570623812380072
2000-03-13,-0.005223834314302697,1.4494707746838127
2000-03-14,-0.01248685362556942,1.4314839782430724
2000-03-15,0.03787789201466828,1.4867455629764403
2000-03-16,0.047119405206915495,1.5584768255953334
2000-03-17,-0.003246768687252389,1.5534250173024768
2000-03-20,-0.00622472525035043,1.5437854064628906
2000-03-21,0.023370663572236113,1.5802895979165534
2000-03-22,-0.004812982820617073,1.5727019654496996
2000-03-23,0.013243578164211274,1.5936686976872634
2000-03-24,-0.0012200939942393957,1.591725457789136
2000-03-27,-0.0037143650812944858,1.5858241748740702
2000-03-28,-0.0017643432130395814,1.5830287035646433
2000-03-29,0.019474640904708667,1.6141597683670814
2000-03-30,-0.008589706667294195,1.6003539881298916
2000-03-31,-0.009901872672328097,1.5845856834176817
2000-04-03,0.033616648131462916,1.638759614115191
2000-04-04,0.010345980686914743,1.6558021985393654
2000-04-05,-0.017104862409824954,1.6277207788255628
2000-04-06,0.0031145098930372636,1.632798234082283
2000-04-07,0.003191825465483938,1.6380181671919243
2000-04-10,0.0029579731993284388,1.6428705541076771
2000-04-11,0.008406866688964324,1.6567401661463932
2000-04-12,-0.014110613678220838,1.6335267089270744
2000-04-13,-0.014824751864432014,1.6094886998046247
2000-04-14,-0.05307259278792381,1.5262961110992574
2000-04-17,0.021133478642088713,1.5588953113260307
2000-04-18,0.018697389906844306,1.588316779999757
2000-04-19,-0.010653582327690491,1.5714853332190366
2000-04-20,0.003841515175188599,1.5775338282286118
2000-04-24,0.015194945236892047,1.6016874098066425
2000-04-25,0.01915711624801108,1.632666913245584
2000-04-26,-0.015328146794881523,1.6078319781473658
2000-04-27,-0.003707123990788617,1.601882580039678
2000-04-28,-0.013985116903135556,1.579635988075056
2000-05-01,0.0006570540913146674,1.5806742354187884
2000-05-02,-0.0032014044388597633,1.5756219494255983
2000-05-03,-0.014353280554631411,1.5531681339807781
2000-05-04,-0.007425165801563491,1.5416783127710831
2000-05-05,0.01662017139968878,1.5675153841042102
2000-05-08,0.00621740562905435,1.5772916230057457
2000-05-09,-0.005883653890687129,1.5680386324012296
2000-05-10,-0.005906725306874464,1.5588039591175993
2000-05-11,0.014798858767516758,1.5820440177862494
2000-05-12,-0.001576873111190719,1.579551300979453
2000-05-15,0.02173450204615653,1.6142578606205913
2000-05-16,0.0028526804081399917,1.6188693968855394
2000-05-17,-0.012742622615024922,1.5983716301099344
2000-05-18,-0.002932912151246086,1.5936906143932132
2000-05-19,-0.008963685332836013,1.579469106988502
2000-05-22,0.0006858736211622375,1.580552794778378
2000-05-23,-0.014209882039087223,1.558252146047666
2000-05-24,0.014004060263743004,1.580227516072
2000-05-25,-0.010184940054242106,1.5642146768738285
2000-05-26,0.002892389279072396,1.568745543992388
2000-05-30,0.017767057538960764,1.5968666109031167
2000-05-31,0.0010122175807586718,1.5984838056992219
2000-06-01,0.004980113948687692,1.6064642925697064
2000-06-02,-0.0006891371189661263,1.6053575997707448
2000-06-05,-0.00602991265932249,1.595706560362009
2000-06-06,0.0013286046056184872,1.5978280324340377
2000-06-07,0.010679621279327246,1.6149836755194598
2000-06-08,-0.007177738692971026,1.6034332472707788
2000-06-09,-0.002587949979310122,1.5992890070878258
2000-06-12,-0.008226915446165875,1.5861857651886546
2000-06-13,0.027304043026781445,1.630091727042247
2000-06-14,0.005046697747749068,1.638339100786521
2000-06-15,0.005490043806915574,1.6473583897122035
2000-06-16,-0.013112072184825041,1.6258991029015473
2000-06-19,0.012013883427343837,1.645550272257928
2000-06-20,-0.010590420180834888,1.6282151585360205
2000-06-21,0.0031628720395675,1.6333731474648965
2000-06-22,-0.009303517210259377,1.618247502227479
2000-06-23,0.005626349330217695,1.6273779895473053
2000-06-26,0.008497144557591894,1.6412649718675145
2000-06-27,-0.0015664705925832285,1.6386959911961045
2000-06-28,0.001274146315854191,1.640785260390764
2000-06-29,-0.0072057311095152935,1.6290046977523154
2000-06-30,0.007496671805445083,1.6412627010463838
2000-07-03,0.007521920232718737,1.6536546955341624
2000-07-05,-0.012176212842624021,1.6336415335156012
2000-07-06,-0.0007389397333867113,1.632434816776757
2000-07-07,0.013484892935472377,1.6545971177973282
2000-07-10,0.001507077344147961,1.6570926035999816
2000-07-11,0.00026936582178308595,1.657539027833937
2000-07-12,-0.0026686548347993194,1.6531215253098577
2000-07-13,-0.012231107012770198,1.633025169899379
2000-07-14,-0.0049979481263491415,1.6248837569383783
2000-07-17,0.006343843040792179,1.6352245298924193
2000-07-18,-0.008753445422618229,1.6209731465676442
2000-07-19,0.003252130463359655,1.6262533440095932
2000-07-20,0.005724430703184212,1.6355894149341768
2000-07-21,-0.004573114708669609,1.628126753732035
2000-07-24,0.004208227575142133,1.6349927182710216
2000-07-25,-0.0025546963692723744,1.630821139137709
2000-07-26,-0.012047829322822213,1.6112911675107697
2000-07-27,0.017879144101642725,1.640358751932614
2000-07-28,-0.009987978414602314,1.6240564332556275
2000-07-31,-0.00045964445043093213,1.6233101162622667
2000-08-01,0.009844281840861115,1.6393693547051946
2000-08-02,0.005972710597049308,1.6491901325595788
2000-08-03,0.0028168379984594245,1.653842182951811
2000-08-04,0.0006090845261246786,1.6548498194708536
2000-08-07,0.0006030825156954434,1.6558481314650748
2000-08-08,-0.003768896750821935,1.649619156377856
2000-08-09,-0.009491766416606083,1.6340354322033883
2000-08-10,-0.0032116293543555906,1.6287959342096399
2000-08-11,0.010133766632278097,1.6453856884765985
2000-08-14,0.013080951501296463,1.6670502867274262
2000-08-15,-0.008445450741666654,1.6530305803470886
2000-08-16,-0.0022282131679695087,1.6493513763885073
2000-08-17,0.003145778587899035,1.654548040123544
2000-08-18,-0.00612887909428307,1.6444385268675856
2000-08-21,0.008490700110305262,1.6584604047906106
2000-08-22,-0.004032202195085147,1.651786621170659
2000-08-23,0.006441077697064425,1.6624602450551762
2000-08-24,-0.0006980286358627194,1.6613002051157943
2000-08-25,0.0022296139324319746,1.6650083955794608
2000-08-28,0.005724091899789485,1.6745663859598725
2000-08-29,-0.006117014821613998,1.664354304127985
2000-08-30,-0.010903589623073492,1.6463054452994006
2000-08-31,0.0035740630394000736,1.6521999721736398
2000-09-01,0.005228013174407325,1.6608603138596834
2000-09-05,-0.006608420443300722,1.6499208367518496
2000-09-06,-0.012749562637523592,1.6290185980374254
2000-09-07,0.0070638530421529,1.6405664842845797
2000-09-08,0.006272261392312835,1.6508888846608247
2000-09-11,0.0018064348724212186,1.6538738031312763
2000-09-12,0.0001338597948191054,1.6540952051573043
2000-09-13,-0.002352169007379072,1.6502090659003747
2000-09-14,-0.005506046178524246,1.6411479070507438
2000-09-15,-0.008109936775029193,1.6278921257141978
2000-09-18,-0.0017381872222433825,1.6250650021688997
2000-09-19,0.0047035657977287,1.632726606637414
2000-09-20,-0.009783686063959575,1.6168304105848288
2000-09-21,0.005491246762801218,1.6257332468070664
2000-09-22,0.013306811489644315,1.6475111485187586
2000-09-25,-0.006475372528589805,1.636877366094966
2000-09-26,-0.008880414849825088,1.6224055689128876
2000-09-27,0.007799863410785809,1.6351095911593798
2000-09-28,0.01413929279300494,1.6583931027097276
2000-09-29,-0.00449010127494943,1.6509634421714614
2000-10-02,0.005073828668128529,1.6593614347859222
2000-10-03,-0.006828085211378488,1.6480697676162137
2000-10-04,0.002364113657933307,1.651970601053041
2000-10-05,0.016094512645876465,1.6787733729931484
2000-10-06,-0.009316682765783301,1.6632054075478784
2000-10-09,-0.00844121718081469,1.64922501825092
2000-10-10,0.001154463243439999,1.6511300873692016
2000-10-11,-0.011844885895320898,1.6316880117813128
2000-10-12,-0.02465354319701543,1.5919529386218676
2000-10-13,0.011687148122115448,1.6106674751825485
2000-10-16,0.003382548604298166,1.6161248609355463
2000-10-17,-9.881327596865932e-05,1.6159651742333758
2000-10-18,-0.00986871786656043,1.6000961023359985
2000-10-19,0.009914402289137786,1.6160390003556049
2000-10-20,-0.00025339352871786537,1.6156295584079199
2000-10-23,0.007146368777880606,1.6272167970671543
2000-10-24,0.002955882086148596,1.6320337737481698
2000-10-25,0.0029110021297347223,1.6367915491267242
2000-10-26,0.0014090458034820075,1.6390994890048454
2000-10-27,0.00807905242163769,1.652395496953071
2000-10-30,0.012161928432930255,1.672614514633069
2000-10-31,0.007415747093255834,1.6850643060558286
2000-11-01,-0.0019026775578936815,1.681861220203185
2000-11-02,-0.0022053022494459636,1.6781562946129156
2000-11-03,-0.00543596228126071,1.6690586499227325
2000-11-06,0.009061196363551644,1.6842510447806436
2000-11-07,-0.001636784874182689,1.6814965430245827
2000-11-08,-2.3208876911321774e-05,1.6814575178311562
2000-11-09,0.0018431047319940712,1.6845594778794173
2000-11-10,-0.015792201855314866,1.6581655323630358
2000-11-13,-0.007410837105714713,1.6459225590811966
2000-11-14,0.015586918734283061,1.6717784032480578
2000-11-15,0.004653465854055334,1.679576096040279
2000-11-16,-0.0023014366422407645,1.6757151026893882
2000-11-17,-0.001958909761532631,1.6724357410526085
2000-11-20,-0.009968646995933224,1.6558466423379639
2000-11-21,0.0022652483116974865,1.6596017977228965
2000-11-22,-0.004858708381594178,1.6515578340196375
2000-11-24,7.815044120453785e-05,1.65168690903661
2000-11-27,0.010449731932058504,1.669037088954426
2000-11-28,0.004181861308145279,1.676031384973537
2000-11-29,0.010179903250320328,1.693180361682876
2000-11-30,-0.014143098673426049,1.6694020903318663
2000-12-01,-0.010760688456321122,1.6515344808299353
2000-12-04,0.016211711852402222,1.6785268873304484
2000-12-05,0.015072836730269492,1.7040186832671413
2000-12-06,-0.016244543853351875,1.67656129719314
2000-12-07,0.0032608847719732487,1.68203729384112
2000-12-08,0.003464010858596538,1.687873992649183
2000-12-11,-0.01066057406903222,1.6699758586297597
2000-12-12,0.0006147256885127791,1.6710027512855656
2000-12-13,0.004349880581390131,1.6782872455588218
2000-12-14,-0.01132798141351187,1.6593829149423855
2000-12-15,-0.026305115173061774,1.616301767689372
2000-12-18,0.016667012227983447,1.6434664371193852
2000-12-19,-0.011510536357905627,1.6246577138557667
2000-12-20,-0.021060811588170716,1.5907989023924285
2000-12-21,0.004022149650119362,1.5972102186344326
2000-12-22,0.01276176989518444,1.6177240660077243
2000-12-26,0.00749456301753458,1.629893747224142
2000-12-27,0.008857453117406868,1.6443945800957167
2000-12-28,0.002471768935237748,1.6484641710082908
2000-12-29,-0.0006042448062036406,1.6474683959709908
2001-01-02,-0.010255709308883018,1.6306587835908202
2001-01-03,0.020488609757874164,1.6644133260897738
2001-01-04,-0.019757453404550398,1.6318514860934181
2001-01-05,-0.009652063495040318,1.6161765215047441
2001-01-08,-0.003163510880932836,1.6110718081588082
2001-01-09,0.004189359004572766,1.6178353238509657
2001-01-10,-0.0012994700794145457,1.6157343606192747
2001-01-11,0.0001649025400739763,1.6160008212888424
2001-01-12,-0.007454526558993451,1.6039990894395364
2001-01-16,0.006372639993445845,1.6142534371165462
2001-01-17,-0.009816224306180375,1.5984850827598351
2001-01-18,0.016709356497463277,1.625419138565127
2001-01-19,-0.0031688338474957158,1.6202766075987982
2001-01-22,-0.0012349679578732052,1.6182768529761233
2001-01-23,0.00999710154103516,1.6345360680943892
2001-01-24,0.00041402405826232035,1.6352129454627664
2001-01-25,0.0021503942121957383,1.6387330813998868
2001-01-26,-0.0021015319838279434,1.635292847563219
2001-01-29,-0.0027418444154354627,1.630815270216841
2001-01-30,0.011219834994966047,1.6492157807739283
2001-01-31,0.004174342611920868,1.656114561403161
2001-02-01,0.009910553928399056,1.672609174444671
2001-02-02,-0.013030106945809163,1.650956274184391
2001-02-05,0.007958633619681764,1.6641480549372645
2001-02-06,-0.000615031170836384,1.6631248666891774
2001-02-07,3.0787340766854155e-05,1.6631760706693992
2001-02-08,-0.007564174838710354,1.650642977097328
2001-02-09,-0.012641554612977949,1.629907623449047
2001-02-12,0.01873085581345997,1.660724904151802
2001-02-13,-0.009852970594128865,1.6444421788415255
2001-02-14,-0.009781212383974907,1.6284359484190154
2001-02-15,-0.0010475412456647344,1.6267309877613394
2001-02-16,-0.004272244019623183,1.6197960205116415
2001-02-20,-0.0069220165219164445,1.6086224820188855
2001-02-21,-0.02045137226527098,1.5760580732488414
2001-02-22,-0.0030099263319900804,1.5713213866683189
2001-02-23,-0.005986402179339076,1.5619429245258174
2001-02-26,0.016910192138181433,1.5885802660169228
2001-02-27,-0.004428327418243511,1.5815610655982622
2001-02-28,-0.013751426122483042,1.5599612003023295
2001-03-01,-0.0035100863241825167,1.5544952005045423
2001-03-02,-0.00488014884029318,1.546927513293779
2001-03-05,-0.0007365467055615815,1.545788548432019
2001-03-06,0.0002623867221521964,1.546194196038328
2001-03-07,0.0031706270744917046,1.5511043812884002
2001-03-08,0.011297904677283411,1.5687279781314971
2001-03-09,-0.020897960989105784,1.5362849394351417
2001-03-12,-0.039213812310538415,1.4772072510889396
2001-03-13,0.012762157128094614,1.4961804138636212
2001-03-14,-0.02671800437301897,1.4567347600992626
2001-03-15,0.005316072697869589,1.4644994886298037
2001-03-16,-0.016412840317000688,1.440659072031803
2001-03-19,0.009102973131198983,1.453833223858865
2001-03-20,-0.02228225661544075,1.42179678644242
2001-03-21,-0.022673030915167803,1.3899230465166963
2001-03-22,0.0013863214411743163,1.3918512628926996
2001-03-23,0.013458830353384374,1.4107105804139473
2001-03-26,0.011528878833638356,1.4270686054237818
2001-03-27,0.03168540866297591,1.473009847336245
2001-03-28,-0.018476155779888953,1.446044166093333
2001-03-29,-0.0018961212642419577,1.4433048888226159
2001-03-30,0.013485157490153908,1.4628999065604027
2001-04-02,-0.007725813293524073,1.451641361723014
2001-04-03,-0.027097941683347886,1.412833056070417
2001-04-04,0.0030759282488631834,1.41718551967972
2001-04-05,0.03361901578085699,1.4656398315103045
2001-04-06,-0.004717938194930249,1.458741319541889
2001-04-09,0.0012332586880046171,1.4605414347234553
2001-04-10,0.015168165817246842,1.4828640378768303
2001-04-11,-0.008787243560648052,1.4698908332408906
2001-04-12,0.012306382003419809,1.4880916346412703
2001-04-16,0.0023262188944640676,1.4915572908931871
2001-04-17,0.013440109531052282,1.5117393046927887
2001-04-18,0.02553919954237653,1.5508451569886899
2001-04-19,0.01101082056683628,1.5680155915505931
2001-04-20,-0.0072826461427341884,1.5566377694641285
2001-04-23,-0.004756993341297196,1.549250438632409
2001-04-24,-0.012067012507208484,1.530667957217161
2001-04-25,0.02154988692932398,1.5640116648007443
2001-04-26,0.005249991114060727,1.5722443038749578
2001-04-27,0.01118862130797138,1.5899343289465626
2001-04-30,-0.005391351769611656,1.5813854992697935
2001-05-01,0.020178694313110635,1.6136199243966904
2001-05-02,-0.004473074445650284,1.6064182012776098
2001-05-03,-0.010353101850035715,1.5898725870296815
2001-05-04,0.014882089306158369,1.61371014926677
2001-05-07,0.0039347504177245215,1.62007220429177
2001-05-08,-0.0002776581023677698,1.619622440560989
2001-05-09,-0.005923094161554226,1.6100576189724058
2001-05-10,-0.004255971065407996,1.6032198213880025
2001-05-11,-0.007912461448692851,1.5905844606815451
2001-05-14,0.006118550988647232,1.6003463667114546
2001-05-15,-0.00044587416540186594,1.5996329726646497
2001-05-16,0.023568485385822804,1.6377816868428976
2001-05-17,-0.0044618830781441455,1.63049037503559
2001-05-18,0.005528894315938985,1.6395301509573557
2001-05-21,0.004510344457049452,1.6469416984373895
2001-05-22,-0.006741397472226203,1.6358763496983428
2001-05-23,-0.011844627330375336,1.6166143050450295
2001-05-24,0.005874044316777968,1.6261383139562107
2001-05-25,-0.012461749498204007,1.6059995285086983
2001-05-29,-0.0008474726105366918,1.6046390644551887
2001-05-30,-0.00942706056033249,1.5895831130012075
2001-05-31,-0.00012529585269095234,1.5893839573065927
2001-06-01,0.005769189766434897,1.5985799160774727
2001-06-04,0.008128490550756533,1.6116269121751141
2001-06-05,0.011002022454628264,1.6294559656325502
2001-06-06,-0.009586933522387575,1.6139091219655028
2001-06-07,0.004518714465790971,1.621218418335783
2001-06-08,-0.006103688199902851,1.61135314451159
2001-06-11,-0.004629547057058998,1.6039105505160043
2001-06-12,0.004164074602473173,1.6106032785427253
2001-06-13,-0.009456503594004843,1.5954443908543305
2001-06-14,-0.0069413639089096245,1.5844081782376438
2001-06-15,-0.010042708937455437,1.5685760598075655
2001-06-18,-0.0013041906043756227,1.5665316710741821
2001-06-19,0.004757848922059787,1.5740027511382464
2001-06-20,0.007733373787612868,1.586222290990984
2001-06-21,0.005777964538397558,1.5954139561240717
2001-06-22,-0.011564880552566992,1.5770694646745842
2001-06-25,-0.008567533649784883,1.5636155845490356
2001-06-26,-0.0004373277673748888,1.562931921539717
2001-06-27,-0.006706470175804203,1.5524852345731865
2001-06-28,0.013219449373712984,1.5731444856407757
2001-06-29,-0.007816061357668129,1.5608966192069191
2001-07-02,0.01158726895888633,1.5790883407942458
2001-07-03,-0.0013289802902739318,1.576991157379109
2001-07-05,-0.013058896821720383,1.5565312750714615
2001-07-06,-0.01855366270858436,1.5279181784759037
2001-07-09,0.009621483289908545,1.5426899670012035
2001-07-10,-0.012072454933782308,1.5241778799015853
2001-07-11,0.004732317401109926,1.5314078672095488
2001-07-12,0.017946324520413334,1.5591391023597343
2001-07-13,0.007000616944343653,1.570092332930528
2001-07-16,0.0013253002460967861,1.5721745561664675
2001-07-17,0.008645207848931122,1.5858252535167119
2001-07-18,-0.001522973517475017,1.5834119218388465
2001-07-19,0.00786050285714681,1.5959073817350673
2001-07-20,-0.0050263604493628235,1.5879059019972876
2001-07-23,-0.019387893659841247,1.5574162711452373
2001-07-24,-0.014713724780823953,1.5346686383583292
2001-07-25,0.01828461948112428,1.5629875820161478
2001-07-26,0.0053026114720571655,1.5712975105891986
2001-07-27,-0.002122989224010518,1.5679652013863503
2001-07-30,0.00044649434481026527,1.5686654452974684
2001-07-31,0.005053117257003645,1.5766121566524423
2001-08-01,-0.00014929136668995647,1.5763767996376579
2001-08-02,0.0011166232040745073,1.5781380016670288
2001-08-03,-0.004960630293656607,1.5703288277147371
2001-08-06,-0.010863742361988197,1.5533615110596994
2001-08-07,0.008277344231305675,1.5662725799671484
2001-08-08,-0.012802804631580022,1.5463477173470217
2001-08-09,0.0023208171754860447,1.549940675375369
2001-08-10,0.009897502722459794,1.5653573850402336
2001-08-13,-0.0003007129791121938,1.5648867325268092
2001-08-14,3.0014463617445013e-05,1.5649337024675933
2001-08-15,-0.002700626356143601,1.560713102961428
2001-08-16,0.003374018254375169,1.565987871038557
2001-08-17,-0.017193568724575226,1.5392930977851063
2001-08-20,0.01215698967567607,1.558120478340161
2001-08-21,-0.015311604481436519,1.5344448721512423
2001-08-22,0.005601858006541384,1.5430647355277194
2001-08-23,-0.0033259058993891344,1.5379411723880454
2001-08-24,0.018871280875888335,1.5672396728490243
2001-08-27,-0.007801287572041968,1.5550607528628297
2001-08-28,-0.01632699548224911,1.5298774264304256
2001-08-29,-0.009764099966154342,1.5150122409819604
2001-08-30,-0.01413785496642714,1.4937439161488741
2001-08-31,-0.0008076756875934561,1.4925379425876315
2001-09-04,0.0098562261100494,1.507321469239443
2001-09-05,0.008962802146172885,1.520892017563284
2001-09-06,-0.020072676213067436,1.490667997816519
2001-09-07,-0.017215005101497878,1.4652257630577075
2001-09-10,0.011756861419531193,1.4825538818519042
2001-09-17,-0.029743486865904858,1.4391068953663708
2001-09-18,0.0011252234919454497,1.440727123640965
2001-09-19,-0.011850794979500983,1.4237541322399396
2001-09-20,-0.028781739789111298,1.3833601049309534
2001-09-21,-0.025895317996902863,1.3479973954809612
2001-09-24,0.03526177931652393,1.3963781652507385
2001-09-25,0.011974888176895177,1.4132001573499777
2001-09-26,0.0011905863288435496,1.414883696137503
2001-09-27,0.013886411735695532,1.4346684050806473
2001-09-28,0.015436422845881837,1.4569863647922965
2001-10-01,0.0040809094936901475,1.4629443429968734
2001-10-02,0.01254639848240421,1.481414651318953
2001-10-03,0.0076745432753032045,1.4928275706236798
2001-10-04,-0.005848391627009175,1.4841224107634594
2001-10-05,0.008144302660267645,1.496258907428568
2001-10-08,-0.0017472836699917275,1.4936468013832203
2001-10-09,-0.0054019755695993155,1.4855999119707883
2001-10-10,0.019983223051717583,1.5155855938218095
2001-10-11,0.003665787896234233,1.5211516048222227
2001-10-12,-0.002453942701757206,1.5174233622610196
2001-10-15,-0.00019928856851294407,1.5171209872622675
2001-10-16,0.002816191257244822,1.5213995118668469
2001-10-17,-0.009930011826402988,1.5063667579587283
2001-10-18,-0.002551563694983581,1.5025280666431318
2001-10-19,0.007857686723687732,1.514380968693582
2001-10-22,0.011910154347376417,1.532525316278096
2001-10-23,-0.008381926636261451,1.5197334864908016
2001-10-24,0.0014076412856400917,1.5218742324372616
2001-10-25,0.009469549381322709,1.536354146560552
2001-10-26,0.0026214928098328588,1.5403869716105134
2001-10-29,-0.020631072099922782,1.5089327200803837
2001-10-30,-0.013329612146857343,1.4889526910193993
2001-10-31,-0.002158196818167568,1.4857427031979509
2001-11-01,0.02452247599733912,1.5226271941360472
2001-11-02,0.001595559008645372,1.5250585748623509
2001-11-05,0.007852185177543448,1.5370807556228403
2001-11-06,0.014313140890022065,1.559239410718606
2001-11-07,-0.006688736560260236,1.5488448709884781
2001-11-08,0.0028538675495207934,1.5532713824393956
2001-11-09,0.0040168944576291,1.5595232578020624
2001-11-12,-0.003174087889822581,1.5545810415792403
2001-11-13,0.012755421183577236,1.5745373827215932
2001-11-14,-0.0006973125105838384,1.5734398208225349
2001-11-15,0.002222056839427581,1.5769399808749325
2001-11-16,-0.0031240853941021003,1.5720211731016585
2001-11-19,0.004909555241976779,1.5797580747248408
2001-11-20,-0.00293709645408589,1.5751249801387222
2001-11-21,-0.0027992118419973883,1.5707220369020858
2001-11-23,0.007489769024171733,1.582530548470308
2001-11-26,-0.0006595172037088186,1.5814871864436189
2001-11-27,-0.011568965871060821,1.5632964420968463
2001-11-28,-0.013399124569301422,1.5424893480548152
2001-11-29,0.008681557561803764,1.555938854979314
2001-11-30,-0.00019881735665938272,1.5556295380788465
2001-12-03,-0.003913046352308672,1.5495541819165763
2001-12-04,0.006814373657909216,1.560149482283216
2001-12-05,0.014501829457175302,1.582939352008165
2001-12-06,-0.008575780989197736,1.5694224526310072
2001-12-07,-0.0009400276407305585,1.567947845339944
2001-12-10,-0.011548100834987488,1.549945173917592
2001-12-11,-0.0066874758802295915,1.539614534403459
2001-12-12,0.003835476088223973,1.5455310281673587
2001-12-13,-0.010468657559471562,1.529435787858758
2001-12-14,0.0078256337168303,1.5414515462691254
2001-12-17,0.011564726178369681,1.559381488924468
2001-12-18,0.007426185405440258,1.5710048501796228
2001-12-19,0.010383414378491492,1.587402227588093
2001-12-20,-0.005404745706622867,1.5788458655229318
2001-12-21,0.004513744671332282,1.5859884804784878
2001-12-24,-0.0021645789876484998,1.5825591959565657
2001-12-26,0.003740532145835656,1.5884898945711508
2001-12-27,0.004072711785888269,1.5949725481156471
2001-12-28,-0.003066271061155616,1.5900894202707594
2001-12-31,-0.013364577302340702,1.5689799212613345
2002-01-02,0.005819994602198975,1.5781380000681988
2002-01-03,0.004094935150575654,1.5846136224150553
2002-01-04,0.0008849360985989163,1.5860165248598177
2002-01-07,-0.010808942293585654,1.5689656805703749
2002-01-08,-0.002085099145185058,1.5656976398494713
2002-01-09,-0.006197225816037914,1.556024661788396
2002-01-10,0.003974799524462839,1.5622218560173253
2002-01-11,-0.007752223007651028,1.5501579851275606
2002-01-14,-0.0018812955417024423,1.5472444213178334
2002-01-15,0.00755856527496865,1.5589836793563117
2002-01-16,-0.012602425868761636,1.5394599844626742
2002-01-17,0.009067352582218531,1.553482287438189
2002-01-18,-0.008909268283177662,1.5397033681522827
2002-01-22,-0.003294571117141782,1.5346390528608023
2002-01-23,0.0021960921199219658,1.5380129649466059
2002-01-24,-0.004876304676413129,1.5305314011504452
2002-01-25,0.0012057460603234417,1.5323779463661806
2002-01-28,0.0002894151179359752,1.5328215038932815
2002-01-29,-0.027802424721852074,1.4907923133792347
2002-01-30,0.0062513699907460986,1.5001409983084986
2002-01-31,0.013658819115111784,1.5207717278089685
2002-02-01,-0.0010611346673935714,1.519158840104271
2002-02-04,-0.021205597314884174,1.4872833335275224
2002-02-05,0.0025451337718932305,1.4910734897493982
2002-02-06,-0.001803274485262834,1.4883870978486344
2002-02-07,-0.006159016933422554,1.4792482685008053
2002-02-08,0.010511993273652804,1.4948801334330932
2002-02-11,0.00918582927659706,1.508675109273344
2002-02-12,-0.0006031298058413432,1.507765456694477
2002-02-13,0.011472034071506982,1.5251621905525625
2002-02-14,0.00026866547847312306,1.5255720040311385
2002-02-15,-0.00885247632598809,1.512126514725777
2002-02-19,-0.012699158460017505,1.4930451952874246
2002-02-20,0.014190710179262074,1.5143836124991115
2002-02-21,-0.014608531831440796,1.4924214989831357
2002-02-22,0.01587571871935566,1.5163038359401748
2002-02-25,0.010674094783959037,1.5325756959985681
2002-02-26,-0.0017120513792569108,1.529954092464744
2002-02-27,0.005309596676649225,1.538099135942121
2002-02-28,-0.0007043972854305643,1.537016084580042
2002-03-01,0.02280234305290261,1.572466290491449
2002-03-04,0.009049421759248284,1.5867607820474863
2002-03-05,-0.0076328392800339906,1.5746953971716846
2002-03-06,0.013743943185399829,1.5964873317672337
2002-03-07,-0.004059124741752058,1.5900201250181647
2002-03-08,0.00016475258401266575,1.5902821065228658
2002-03-11,0.0031952010141959412,1.5953715040165666
2002-03-12,0.004831228257211077,1.6030977565241906
2002-03-13,-0.005238212662269286,1.5947223448019563
2002-03-14,0.0007912943441252971,1.595984738970661
2002-03-15,0.007041980717486229,1.6072632978167234
2002-03-18,-0.0045392069827056136,1.5999841303546822
2002-03-19,0.004451085298329835,1.6071216693080475
2002-03-20,-0.017393112700177855,1.5794105112342156
2002-03-21,0.0008885732163368837,1.5808145568183678
2002-03-22,-0.002466108966030844,1.5769208989318142
2002-03-25,-0.009576820401164268,1.5618910944370374
2002-03-26,0.007585733184746095,1.573784235610026
2002-03-27,0.0026532829195442076,1.5779654749939758
2002-03-28,2.254202558977231e-05,1.5780010459330118
2002-04-01,-0.0027051643518024274,1.5737380623916797
2002-04-02,-0.0033919717715325086,1.5684090303807545
2002-04-03,-0.007397005189126946,1.5568503033299335
2002-04-04,-0.007697047914253894,1.5449131512996557
2002-04-05,-0.006708412257652378,1.5345839220794117
2002-04-08,0.00134763909912661,1.5366533815027126
2002-04-09,-0.010322160726230298,1.520873380281837
2002-04-10,0.01114059539314745,1.5379115466939441
2002-04-11,-0.02615058387185331,1.4982155605711447
2002-04-12,0.0028232367323538375,1.502451354285428
2002-04-15,-0.008771038007656998,1.48933092037859
2002-04-16,0.021571748876853866,1.5218074210704442
2002-04-17,-0.004058035017537427,1.5156443866281373
2002-04-18,0.0026329845114530896,1.5196403131207665
2002-04-19,0.0006818006396550021,1.5206767581425877
2002-04-22,-0.015238607276590793,1.4976794308755284
2002-04-23,-0.008664915227672685,1.4847582269813326
2002-04-24,-0.005303503202153381,1.4769046511107171
2002-04-25,0.0021788500730541196,1.4801261131846606
2002-04-26,-0.011678592882301922,1.4629408679591172
2002-04-29,-0.006038236774092648,1.4541339006475367
2002-04-30,0.010501986318508297,1.4694856658942568
2002-05-01,0.016663541565053418,1.4941776580288446
2002-05-02,0.002760092053165947,1.4983074225521602
2002-05-03,-0.011557016774410187,1.4810911346242002
2002-05-06,-0.018509317164187987,1.4539292980426843
2002-05-07,-0.0050942289480457635,1.4465414829118972
2002-05-08,0.03127534788214077,1.4924974698388147
2002-05-09,-0.012269780954607084,1.474296740627891
2002-05-10,-0.010138372638178988,1.4594252844563056
2002-05-13,0.019399050286037823,1.4880131410549835
2002-05-14,0.0142506478236973,1.509370106147721
2002-05-15,-0.009638119044077251,1.4948924979115317
2002-05-16,0.01313439304405488,1.5146565135855719
2002-05-17,0.009073063397143743,1.5284616207610775
2002-05-20,-0.014244657460656207,1.5068435451157272
2002-05-21,-0.010099595963444242,1.4917016264685679
2002-05-22,0.010106512397951517,1.5068539671364611
2002-05-23,0.007929862810024986,1.5188506153929278
2002-05-24,-0.012984169420646143,1.4992570798404725
2002-05-28,-0.011541321558212844,1.4820531408459228
2002-05-29,-0.0034510269095922174,1.4769473507522417
2002-05-30,-0.004645833889222038,1.4701016130905988
2002-05-31,0.00425852030229835,1.4763754197415997
2002-06-03,-0.024055311637484724,1.441284502520886
2002-06-04,0.0023033759485302755,1.4446081489130844
2002-06-05,0.008873165933260844,1.4574834345239727
2002-06-06,-0.022689797220208665,1.4247857852490322
2002-06-07,0.002384614713724179,1.4281874045602618
2002-06-10,0.0018401513971564205,1.4308179051255359
2002-06-11,-0.015230073075144257,1.4091915474045635
2002-06-12,0.0152328346389532,1.4308218564259358
2002-06-13,-0.005914611840306573,1.422384078221946
2002-06-14,0.0012008776179506689,1.4240932134513373
2002-06-17,0.02308144302063965,1.457345620317331
2002-06-18,-0.001177092181666318,1.4556311993953521
2002-06-19,-0.017059012458969926,1.431010170922308
2002-06-20,-0.005739021162865791,1.422821094385405
2002-06-21,-0.016212232206450152,1.3999399666569798
2002-06-24,0.007439715814767154,1.410393961322906
2002-06-25,-0.01883182991015246,1.3840821891373762
2002-06-26,0.0054923736308947835,1.3917050001565294
2002-06-27,0.017832464508964134,1.4167451302410514
2002-06-28,-0.0047625578872098635,1.4100138413465928
2002-07-01,-0.016369486296560792,1.387120526202575
2002-07-02,-0.012956067445503842,1.369264818755456
2002-07-03,0.0043661280990138,1.3752562745694459
2002-07-05,0.028840362018117304,1.4154966476824133
2002-07-08,-0.005550097791884158,1.4076622637726934
2002-07-09,-0.023847766522340656,1.3744897797198095
2002-07-10,-0.03296106747232159,1.3299236379208965
2002-07-11,-0.0012378911899372873,1.3282783557164968
2002-07-12,-0.012054759591532705,1.3123624036933892
2002-07-15,-0.008373748433476122,1.3014188941155926
2002-07-16,-0.017394911590842117,1.2789765843920695
2002-07-17,0.006747787247801645,1.2876360294677418
2002-07-18,-0.030470638943209064,1.2489926706942187
2002-07-19,-0.0511629131048272,1.1866977502483254
2002-07-22,-0.03586895282279596,1.1448864903877447
2002-07-23,-0.024693239324974817,1.1169617296077943
2002-07-24,0.05765955151837219,1.1832581874659303
2002-07-25,0.002502286720148908,1.1862227462561128
2002-07-26,0.02229474589030359,1.2129662935047203
2002-07-29,0.05038712297052415,1.2756501431378235
2002-07-30,-0.004365154877632172,1.27009386851569
2002-07-31,0.026340313445089098,1.3039930365240633
2002-08-01,-0.036168963327003055,1.2576717071032133
2002-08-02,-0.0092304240733845,1.2461162767071472
2002-08-05,-0.03661707597210966,1.201312441067916
2002-08-06,0.023212041656021355,1.229523507048381
2002-08-07,0.024684296115808736,1.2602511138346777
2002-08-08,0.035584998588729065,1.3059046204719018
2002-08-09,0.006880508716218159,1.3149208912903732
2002-08-12,-0.0048568672795134835,1.308549978899982
2002-08-13,-0.020447564036350518,1.282065018652066
2002-08-14,0.03970200466796198,1.3339895027475988
2002-08-15,0.005137776159746255,1.3408608788932836
2002-08-16,-0.001858784051315749,1.3383708230315696
2002-08-19,0.019458385093694446,1.3646683821749401
2002-08-20,-0.017776792245958677,1.3406233111883945
2002-08-21,0.013859996072435588,1.3593337085122679
2002-08-22,0.013330471451870883,1.3775755839739863
2002-08-23,-0.017419146678389234,1.353787181155097
2002-08-26,0.008290253291063424,1.3650570703604854
2002-08-27,-0.012334867376405784,1.3483226927763916
2002-08-28,-0.02030567943300403,1.3212201830787325
2002-08-29,-0.00612909472558972,1.313147065148292
2002-08-30,9.505230935386214e-05,1.313271888741647
2002-09-03,-0.046242323391357254,1.2539258691259814
2002-09-04,0.019652246734111443,1.2788120635711482
2002-09-05,-0.014052944761535803,1.2609666721141033
2002-09-06,0.014322662080590475,1.2791570278518387
2002-09-09,0.005859416781996121,1.286674143457373
2002-09-10,0.01191715861053212,1.3020993732043227
2002-09-11,-1.7282270387474253e-05,1.302076870165336
2002-09-12,-0.02585057256503284,1.2688487706221014
2002-09-13,0.003602788368175911,1.2734284089941286
2002-09-16,0.009491736567405968,1.2855730014474034
2002-09-17,-0.023136728922225742,1.2561704978855863
2002-09-18,-0.0027944597002447637,1.2526650802079766
2002-09-19,-0.028778314555005007,1.2171292733156238
2002-09-20,0.0015942786225236864,1.2190712641227994
2002-09-23,-0.008907355254918784,1.2082607811743402
2002-09-24,-0.012710232270539069,1.1930006910853965
2002-09-25,0.02421711222055737,1.2222443925048925
2002-09-26,0.020706098087061062,1.2478161366693281
2002-09-27,-0.03510644884866254,1.2047697668808266
2002-09-30,-0.014495578784303647,1.1874318966278126
2002-10-01,0.043873370423261324,1.2406882618306536
2002-10-02,-0.014848029622990198,1.22240257491994
2002-10-03,0.0004377488130951688,1.2229377973341773
2002-10-04,-0.016738248675715037,1.2026383231290985
2002-10-07,-0.01223669970278498,1.188011672594918
2002-10-08,0.01746647342893373,1.2089443245410072
2002-10-09,-0.019781750039424947,1.185264278672098
2002-10-10,0.024797887952193093,1.2150237909753587
2002-10-11,0.03008025132107048,1.2521272551064053
2002-10-14,0.011657486290933022,1.2668093231504276
2002-10-15,0.03837486307971162,1.3163677752583087
2002-10-16,-0.027042604355731876,1.2812467841714514
2002-10-17,0.019568548409599946,1.306565844578663
2002-10-18,0.005042859127570574,1.313171313299565
2002-10-21,0.008404928328641158,1.3242549373558545
2002-10-22,-0.008650520588994529,1.3128488481875893
2002-10-23,-0.0003878090284332284,1.3123398122620376
2002-10-24,-0.011651756916045908,1.2971374866724201
2002-10-25,0.012039186044165014,1.3128483494359942
2002-10-28,-0.004698964548497814,1.3066937929303735
2002-10-29,-0.012464679645917475,1.2905073623132064
2002-10-30,0.01362986172575351,1.308217216482284
2002-10-31,-0.00784515785378751,1.2979941989376547
2002-11-01,0.01295272073154671,1.3149161111230858
2002-11-04,0.0005570948436732734,1.315648848191526
2002-11-05,0.016541623439535587,1.3375928100273748
2002-11-06,0.0016625011468514098,1.3398184091259795
2002-11-07,-0.018096752124393874,1.3157901202317024
2002-11-08,0.00031285757657966557,1.3162018395414001
2002-11-11,-0.016419976457489438,1.2947663034327495
2002-11-12,0.0038113803124654915,1.2997105664790296
2002-11-13,-0.007762161511652897,1.2896610565609938
2002-11-14,0.017404771646200093,1.3123037869407181
2002-11-15,0.00881007730130748,1.3239163634835063
2002-11-18,-0.005597060272781309,1.3165270223852514
2002-11-19,-0.00043197628670546664,1.315958436747372
2002-11-20,0.014727434469451519,1.3354825455126587
2002-11-21,0.01130917060340015,1.350671470645615
2002-11-22,-0.009170960707604892,1.3383411425582696
2002-11-25,0.0063988856148193005,1.34693249266149
2002-11-26,-0.02143958300488248,1.3183621838043156
2002-11-27,0.02494293176098968,1.351659542351274
2002-11-29,-0.00474775707188137,1.345257401131914
2002-12-02,-0.006671120747639205,1.3363128946856313
2002-12-03,-0.007952692487457854,1.3257277551353792
2002-12-04,0.001678760530818617,1.3279552037185711
2002-12-05,-0.00988566507888642,1.3148921581649713
2002-12-06,0.0049051652769190055,1.3213577659957212
2002-12-09,-0.014567561989824344,1.302248331702547
2002-12-10,0.014256588165632144,1.320946922202247
2002-12-11,0.00011168634757611204,1.3210944621782768
2002-12-12,-0.010412481083707917,1.3074099595325106
2002-12-13,-0.007289033834734874,1.2979148512240373
2002-12-16,0.020426530674611604,1.3246993748943223
2002-12-17,-0.011944192465231615,1.3089710287868168
2002-12-18,-0.010840416490635092,1.2948578721170028
2002-12-19,-0.009509277076200003,1.282603069340586
2002-12-20,0.013454349844910665,1.2999762702357713
2002-12-23,0.0016214491570327519,1.3020858254693999
2002-12-24,-0.004065462361327944,1.2968029904144898
2002-12-26,-0.005842496639790161,1.289248513293302
2002-12-27,-0.015702991898362058,1.269161579570769
2002-12-30,0.00530766026523342,1.2759157666658973
2002-12-31,-0.00019629329417457307,1.2756653375365528
2003-01-02,0.026912125806462198,1.3104623340059502
2003-01-03,0.0039764413601169005,1.3156836849496554
2003-01-06,0.020780253622533166,1.343309972114556
2003-01-07,-0.011863630843953267,1.3274675983452118
2003-01-08,-0.012032636654593693,1.311590377045034
2003-01-09,0.01571834302574964,1.3323692816637736
2003-01-10,-0.0017804622225591246,1.3299991590742561
2003-01-13,-0.0002463152584108105,1.329671600330717
2003-01-14,0.007212416222210398,1.339296412704925
2003-01-15,-0.014092985275628942,1.32055410581177
2003-01-16,-0.0027601502223838278,1.3169142037520447
2003-01-17,-0.012709961877441238,1.3002821944270306
2003-01-21,-0.013769928570826309,1.2825001114661825
2003-01-22,-0.009520744425554273,1.270347697488712
2003-01-23,0.0019482375012507163,1.2728250489635182
2003-01-24,-0.029506880200211028,1.235816639178693
2003-01-27,-0.01617871191583233,1.215983587019032
2003-01-28,0.014055396350882838,1.2331953943231189
2003-01-29,0.011218417436701872,1.247107786640676
2003-01-30,-0.023110274071527357,1.218617263808456
2003-01-31,0.018458512685554592,1.2413200109072156
2003-02-03,0.008864576581225851,1.2523727035486028
2003-02-04,-0.01150677483783567,1.238044526483689
2003-02-05,-0.007707948101961667,1.228538426851962
2003-02-06,-0.006182024973949853,1.2209669991067729
2003-02-07,-0.014129652371732561,1.2038364690732664
2003-02-10,0.00886551607831226,1.2145565499561148
2003-02-11,-0.00827605632176714,1.2045462914105445
2003-02-12,-0.012454160786899562,1.1896377078708567
2003-02-13,0.005630839685785555,1.1963552620743556
2003-02-14,0.016751717442687303,1.2165650692713714
2003-02-18,0.016506933552054886,1.2368134879120296
2003-02-19,-0.00468068400078487,1.2310378822444397
2003-02-20,-0.013399961634204165,1.214652051786359
2003-02-21,0.014140350271278152,1.2319496661998497
2003-02-24,-0.0142949163694986,1.2144643222667024
2003-02-25,0.0050039250771864155,1.220556640784686
2003-02-26,-0.012949931925918774,1.204852419142254
2003-02-27,0.009258485108263943,1.2160593267620534
2003-02-28,0.0007321576962550588,1.216949999974081
2003-03-03,-0.004740807050840195,1.211194328876753
2003-03-04,-0.01142050036328123,1.1974405704941926
2003-03-05,0.013181290488230425,1.213328866575394
2003-03-06,-0.006876689973679021,1.2050138029486437
2003-03-07,0.011425611018443338,1.2188607763620343
2003-03-10,-0.023358526921198938,1.1907199279939513
2003-03-11,-0.003769246161572316,1.1862402592665644
2003-03-12,0.004755288359340115,1.191894607135101
2003-03-13,0.028226932236714547,1.2260174615812327
2003-03-14,0.0019992079124562523,1.2284709771178817
2003-03-17,0.027448333564034453,1.262657493374474
2003-03-18,0.00513075248972679,1.269152524402323
2003-03-19,0.012047655099048805,1.2845353134910436
2003-03-20,-0.00032288213084230235,1.2841206269429222
2003-03-21,0.023100952157116224,1.3141303278882717
2003-03-24,-0.032214671173254175,1.272470680173656
2003-03-25,0.01105064330032601,1.2866102817271154
2003-03-26,-0.006459604844529998,1.27832607288194
2003-03-27,-9.876471828422098e-05,1.2781998256019675
2003-03-28,-0.003043900670227931,1.2743150277649968
2003-03-31,-0.014530836881454099,1.2559320474604556
2003-04-01,0.013723025337973052,1.2732860370467836
2003-04-02,0.018922294962266276,1.2976089277305438
2003-04-03,-0.010504320194496014,1.2840497676231808
2003-04-04,0.007494506538688972,1.2937092382731874
2003-04-07,-0.0055507294554385835,1.286548101450645
2003-04-08,-0.00033578582603737935,1.2861161693560585
2003-04-09,-0.011596380346376493,1.2712880196871392
2003-04-10,0.0034640124838361363,1.2756994134081814
2003-04-11,-0.003701156265001325,1.2709865773831972
2003-04-14,0.014081964535146272,1.2890111783280496
2003-04-15,0.0028235586727540928,1.292655920169643
2003-04-16,-0.015995966264797976,1.2721431379483574
2003-04-17,0.014868512297640125,1.2911993313969683
2003-04-21,-0.0007934393394568357,1.2901752493795628
2003-04-22,0.019278142516102346,1.3152887245104803
2003-04-23,0.006168796530429898,1.3234275506022404
2003-04-24,-0.005917833502451152,1.3156188547749623
2003-04-25,-0.013009434206835549,1.2986142478287201
2003-04-28,0.01727934806840684,1.3212484443374668
2003-04-29,-0.0008978971151791516,1.3200626316194393
2003-04-30,-0.0008915896346937437,1.318886201984107
2003-05-01,0.0023445159219970717,1.3219819793155225
2003-05-02,0.012625655289405723,1.3387786796336603
2003-05-05,-0.0041199237076656745,1.3332743600861723
2003-05-06,0.004858090343193475,1.3397672862206307
2003-05-07,-0.001228312005212228,1.3381226442522918
2003-05-08,-0.008195643354090397,1.3272006856688996
2003-05-09,0.011954815802683458,1.3431623446460137
2003-05-12,0.007303175102769729,1.3530076014986268
2003-05-13,-0.004326419338213528,1.3471665677384506
2003-05-14,-0.0038166994605908413,1.342034637573401
2003-05-15,0.005267141006162668,1.3491219718539758
2003-05-16,-0.00394097949589331,1.3438155728981274
2003-05-19,-0.021833957147746892,1.3147927557130554
2003-05-20,-0.00365478122047885,1.3099962462760446
2003-05-21,0.0024535913847858566,1.313214388168156
2003-05-22,0.003630412774524349,1.3179905629558424
2003-05-23,-0.0003400539897448562,1.3175424512018763
2003-05-27,0.019477744213093867,1.343456762942827
2003-05-28,-0.002499487554973468,1.340103002570397
2003-05-29,-0.003930572433389799,1.3348459689943846
2003-05-30,0.011707947441326073,1.3505661212287694
2003-06-02,0.001668298971173893,1.352821149807226
2003-06-03,0.008370090851894744,1.3641919064860115
2003-06-04,0.012428817109871622,1.3812530031936154
2003-06-05,2.850504062683202e-05,1.3812923764277525
2003-06-06,-0.0008517366003498874,1.3801163800456393
2003-06-09,-0.00430369612777823,1.3741895413293443
2003-06-10,0.007149785001244834,1.3840499088500537
2003-06-11,0.013252728853797538,1.4025144294040515
2003-06-12,0.001979641881067034,1.4052936557360778
2003-06-13,-0.007264511478295038,1.3951218750852707
2003-06-16,0.01958043704785805,1.4227081655852858
2003-06-17,0.0014780941963483474,1.4248126171736306
2003-06-18,-0.00048172529866818097,1.4241264141840164
2003-06-19,-0.013452905188363567,1.4050960702734017
2003-06-20,0.0030203442605516513,1.4093463595621074
2003-06-23,-0.00941177002675625,1.396144141314644
2003-06-24,0.0008727992269293773,1.3973632267728988
2003-06-25,-0.010131441455279272,1.3832773984095417
2003-06-26,0.008302338369150014,1.3948096414796787
2003-06-27,-0.012247659518811056,1.3778306764325587
2003-06-30,-0.003502657745124632,1.3730130493172115
2003-07-01,0.008884504907974267,1.3852659403299474
2003-07-02,0.008665335857629412,1.3973218939606162
2003-07-03,-0.007838661191905058,1.3864115780577086
2003-07-07,0.012275475734111476,1.4035353257894505
2003-07-08,-0.0018325683086432038,1.4009656067433491
2003-07-09,-0.007078961798676668,1.3910832444330543
2003-07-10,-0.00678264330141172,1.3816799486333977
2003-07-11,0.01072438404030679,1.3965773549948988
2003-07-14,0.0021264408339783155,1.3995502538368902
2003-07-15,-0.004241759915186671,1.3936262706104527
2003-07-16,-0.0033694839986325967,1.388938371527338
2003-07-17,-0.007439578973583075,1.3786435967004096
2003-07-18,0.012243453183960354,1.3956267088533763
2003-07-21,-0.01556138938371055,1.3740769253558724
2003-07-22,0.005989062964922353,1.3823310511478508
2003-07-23,0.0007052140568607616,1.3833062342523565
2003-07-24,-0.00853127930270517,1.3715550599552637
2003-07-25,0.017084127582811713,1.395188182417317
2003-07-28,-0.005103891358120069,1.3880854347550333
2003-07-29,-0.010464603857092459,1.3736354093222565
2003-07-30,0.00300571397465637,1.3777703756180801
2003-07-31,0.002298008316234081,1.3809401440813356
2003-08-01,-0.014308462785930235,1.3613217029964975
2003-08-04,0.005072546015732438,1.3682446135239843
2003-08-05,-0.013198970012891408,1.350303854130819
2003-08-06,0.004048133097980243,1.3557811427719075
2003-08-07,0.01050257332723385,1.3700953701748195
2003-08-08,0.0022759387546088332,1.3732171744954773
2003-08-11,0.0012873255113567531,1.374986090337796
2003-08-12,0.005982870973989789,1.3832371124958838
2003-08-13,-0.009865095609009063,1.369658433736318
2003-08-14,0.005412022618841957,1.3770911510348478
2003-08-15,0.00043765902612923714,1.3776939793138974
2003-08-18,0.0038064953496371565,1.382948158699918
2003-08-19,-0.0027447803252150025,1.3791574744807185
2003-08-20,-0.0023651806105215198,1.3758993724818982
2003-08-21,-0.0016586145675604076,1.3736191772444566
2003-08-22,-0.009376460384125557,1.360799686093484
2003-08-25,0.0034835336453884302,1.3655483438370528
2003-08-26,0.004382221580348383,1.371545610336207
2003-08-27,-0.00124730684644615,1.3698359385705259
2003-08-28,0.0048082586050181226,1.376438324278333
2003-08-29,0.0012587120913991805,1.3781719546820521
2003-09-02,0.012366001574262738,1.3953202405855936
2003-09-03,0.004453059647853158,1.401547539821776
2003-09-04,0.003687973136146231,1.4067259525518279
2003-09-05,-0.0067896496063877395,1.3972071275525961
2003-09-08,0.012125614297411158,1.4142522547482543
2003-09-09,-0.00537348765937574,1.4066731690087337
2003-09-10,-0.0012380036434488134,1.404932780026594
2003-09-11,0.00181131353854859,1.4074798598755303
2003-09-12,0.0005725765963159045,1.4082859806640062
2003-09-15,-0.006214662106170041,1.3995610983241862
2003-09-16,0.010329469802329516,1.4140927453224195
2003-09-17,-0.006604281385073252,1.4047844500612188
2003-09-18,0.010424662830727743,1.4195054517272996
2003-09-19,-0.004608242809574208,1.4129790750498779
2003-09-22,-0.010824882191954837,1.397766230200116
2003-09-23,0.003404018525995747,1.4025323597371187
2003-09-24,-0.014400841257226722,1.3824794498063244
2003-09-25,-0.0023252647566529426,1.3792685536035194
2003-09-26,-0.0041637608616085856,1.3735375487290957
2003-09-29,0.009651502905720645,1.3868584302301716
2003-09-30,-0.010332185215260645,1.3726029241454833
2003-10-01,0.02299684039149462,1.4045342065775046
2003-10-02,0.002605339648895553,1.4081982662214907
2003-10-03,0.004173316987538994,1.4140874040398037
2003-10-06,0.0037655333676404217,1.4194222352833512
2003-10-07,0.0030869601347660444,1.4238107051689377
2003-10-08,-0.005107429858527213,1.4165572309336512
2003-10-09,-0.0007291003328481842,1.415524795005504
2003-10-10,0.00030850672819181756,1.4159615612978913
2003-10-13,0.004980348670079193,1.4230311334309453
2003-10-14,0.006299094780921049,1.4320232327266975
2003-10-15,-0.003600776634307826,1.4268761093126616
2003-10-16,0.002358210152660113,1.430244953700528
2003-10-17,-0.007617088804038498,1.4193920371650186
2003-10-20,0.006142311304018258,1.4281372152279528
2003-10-21,-0.0007368751349422657,1.4270852440580648
2003-10-22,-0.015603193610240587,1.404990975524932
2003-10-23,0.00680650383377153,1.4145866715108644
2003-10-24,-0.0040573798758320465,1.4088587839829125
2003-10-27,-0.004680960039726127,1.4022793832829974
2003-10-28,0.011421752220904148,1.4183876883590347
2003-10-29,-0.0032572247766640135,1.4137751968763896
2003-10-30,-0.006689093722853996,1.4043498806370998
2003-10-31,0.010215019163621247,1.4187688612812681
2003-11-03,0.0030549099877609934,1.4231096995050465
2003-11-04,-0.0071160867296608055,1.4130186743456488
2003-11-05,-0.0024384790578895624,1.4095772555189936
2003-11-06,0.0048333784776061145,1.416406767400554
2003-11-07,-0.007272799391368531,1.4061428939121738
2003-11-10,-0.0011919999978012652,1.4044677701578216
2003-11-11,0.0026913701239412247,1.408252803933141
2003-11-12,0.009026332361051914,1.421021703259383
2003-11-13,0.0024162152175093684,1.424459348896618
2003-11-14,-0.0008852624769501004,1.4231988864874539
2003-11-17,-0.00440765002248509,1.4169397281064662
2003-11-18,-0.0035115779784473254,1.4119727598127476
2003-11-19,0.009048179172138494,1.4248065158339822
2003-11-20,-0.010938733176350213,1.4093058708010273
2003-11-21,-0.004209245268092575,1.4033862240957349
2003-11-24,0.01121852673420404,1.419218792966977
2003-11-25,-0.00026600618524601617,1.4188413221968361
2003-11-26,0.0011141738544873003,1.4204230390918724
2003-11-28,-0.001676025526549698,1.4180443677336325
2003-12-01,0.009868582232187933,1.4321077337932346
2003-12-02,-0.004131059267474081,1.4262038149829668
2003-12-03,-0.0003042246842078182,1.4257699945705224
2003-12-04,0.008638877678240085,1.4381404034417034
2003-12-05,-0.004021946332450354,1.4323678960593431
2003-12-08,0.007716564649641703,1.4434636108735561
2003-12-09,-0.004141879888631294,1.4374973223283636
2003-12-10,0.003108884558914424,1.4419732895848971
2003-12-11,0.00649224717138357,1.451365391529892
2003-12-12,0.002585913862278404,1.455123354204859
2003-12-15,-0.002132059814939495,1.4520242490882809
2003-12-16,0.011563287652095963,1.4689118732166864
2003-12-17,0.0004257297712701254,1.4695373658684614
2003-12-18,0.009917873006573104,1.484184565310395
2003-12-19,-0.0012557695145614697,1.4823219413372701
2003-12-22,0.0003202836487820791,1.482796780854919
2003-12-23,0.0006839077264154679,1.4838112238832217
2003-12-24,-0.0012461130849045939,1.4819633788526592
2003-12-26,0.0021232411346054393,1.485113287282837
2003-12-29,0.012184653127608242,1.5033195709187315
2003-12-30,0.0014901869139609366,1.5055614680788474
2003-12-31,0.0036489606508447866,1.5110652380464662
2004-01-02,-0.0047689071512910745,1.503876263627023
2004-01-05,0.0132798821819226,1.5239807604383742
2004-01-06,-0.0009263313258011031,1.5225697029743288
2004-01-07,-0.0008861734456583868,1.5212210397973953
2004-01-08,0.0034195643438880933,1.5264318573094533
2004-01-09,-0.010557833608053992,1.5104008191743814
2004-01-12,0.003063710611130821,1.5150353459905423
2004-01-13,-0.006251523594027186,1.5055936101462806
2004-01-14,0.004687573379158814,1.5126677580130918
2004-01-15,-0.003583925816813469,1.5072561721364899
2004-01-16,0.0025480620820938628,1.511101651616335
2004-01-20,0.0035129952228637913,1.5164194797831958
2004-01-21,0.010422234253321064,1.532306604687853
2004-01-22,-0.0007044462525625301,1.531227557152523
2004-01-23,-0.001025216851107806,1.5296585212964797
2004-01-26,0.013668968886240938,1.5507109306083482
2004-01-27,-0.007817191653851127,1.5386359836414667
2004-01-28,-0.009230996233684783,1.5244981940043736
2004-01-29,0.012105894539250962,1.5430657701655768
2004-01-30,-0.0070280924233099345,1.5322589813554677
2004-02-02,0.005246003582821177,1.5403183386870305
2004-02-03,0.001392873976950941,1.5424653028953856
2004-02-04,-0.00038369105362149095,1.5418735862835875
2004-02-05,0.0020838219668714935,1.54508992630896
2004-02-06,0.006773787958992337,1.5555915656314325
2004-02-09,-0.0006127159670052451,1.5546387217821616
2004-02-10,0.0036432327590617086,1.560312962515475
2004-02-11,0.008017220714774984,1.572872615401294
2004-02-12,-0.004789636248360652,1.5653571402720288
2004-02-13,-0.0034074416238041873,1.5600323542968533
2004-02-17,0.008276795559084636,1.572998006165878
2004-02-18,-0.00730782210014863,1.561544716844502
2004-02-19,-0.0035678960669970473,1.555983214921023
2004-02-20,-0.0012821402116741766,1.5539895046536538
2004-02-23,0.002807620236024731,1.5583586476105147
2004-02-24,0.0013519000379100502,1.5604668174216405
2004-02-25,0.0011140061076465638,1.5622061556238402
2004-02-26,-0.00034043375515419185,1.5616744184317362
2004-02-27,-0.001442202766217498,1.559423790586494
2004-03-01,0.007259542170127219,1.5707856845309587
2004-03-02,-0.00827013287385281,1.5578486474471227
2004-03-03,0.002485352369368141,1.561725265659821
2004-03-04,0.0013250081799019906,1.5637959359361597
2004-03-05,0.0036433648150246017,1.5695038066407692
2004-03-08,-0.002374501242215353,1.565781439034463
2004-03-09,-0.0031977795004993668,1.5607824123988225
2004-03-10,-0.01132253079097466,1.5432100748730815
2004-03-11,-0.01872390659645147,1.5145839859970829
2004-03-12,0.007349010267547236,1.5257556794261178
2004-03-15,-0.010438719271889284,1.5099115841158102
2004-03-16,0.00631866459577623,1.5194824145755583
2004-03-17,0.00633393844861023,1.5291372670053522
2004-03-18,0.002269945302325064,1.5326122674996028
2004-03-19,-0.013565393661890792,1.5119621588546739
2004-03-22,-0.011351754141572681,1.4948957860573449
2004-03-23,-0.0012578614314153096,1.4930165964319277
2004-03-24,-0.004085645748421465,1.4869291036598287
2004-03-25,0.010729769201197493,1.502969410264197
2004-03-26,0.0003154512772503484,1.5034435986720704
2004-03-29,0.010135218205798078,1.5187588079975658
2004-03-30,0.004554248400337481,1.5256913872308444
2004-03-31,-0.0010543994761526673,1.5240835468333749
2004-04-01,0.00519289062183148,1.532018530911517
2004-04-02,0.006391716849318074,1.541842120927499
2004-04-05,0.006537074432493457,1.5519542735719294
2004-04-06,0.0007194926766074783,1.5530712951024122
2004-04-07,-0.004095527337927745,1.5467236564918911
2004-04-08,-0.0013513803529975233,1.5446348562306942
2004-04-12,0.006906407970505651,1.5553396580273227
2004-04-13,-0.009434085855580861,1.5407354471652739
2004-04-14,0.004926821490626748,1.548345106000288
2004-04-15,0.008674006819069508,1.5618338782867127
2004-04-16,0.0038632955504019953,1.5678793744091895
2004-04-19,0.0016223587646454574,1.5704251017373176
2004-04-20,-0.014276151963957559,1.5481647484992118
2004-04-21,0.002974889345400577,1.5527772247159355
2004-04-22,0.005882951073265793,1.5619390600475516
2004-04-23,0.0009638213933811486,1.5634452160448735
2004-04-26,-0.001760476006177495,1.5606952296078704
2004-04-27,0.0051429696798786185,1.568742513584384
2004-04-28,-0.010673761006164864,1.5520871765845792
2004-04-29,-0.002973812778745214,1.5474784160970294
2004-04-30,-0.0010426326724800943,1.5458658053668533
2004-05-03,0.010210621176157415,1.5617309139646736
2004-05-04,2.0350623880400103e-05,1.5617626964865021
2004-05-05,0.0023120211296867887,1.5653777022148327
2004-05-06,-0.003013114318763873,1.560668139035262
2004-05-07,-0.010988877348849936,1.5436120336327308
2004-05-10,-0.010124735762905282,1.5280622213762878
2004-05-11,0.004787990496892281,1.5353961120596544
2004-05-12,0.005209699698561343,1.543415937022859
2004-05-13,-0.0036883380041448934,1.537733782660665
2004-05-14,0.0039490657590763355,1.5438184008595108
2004-05-17,-0.004949147475473079,1.5361966919562073
2004-05-18,0.003115731241747556,1.5409905322636828
2004-05-19,-0.005323994070630175,1.5328081087217218
2004-05-20,0.002605041003131996,1.5368063422148897
2004-05-21,0.0017940481570272585,1.539565921469719
2004-05-24,-0.0013666759250433934,1.5374632709380374
2004-05-25,0.015083953453957166,1.5608300842722798
2004-05-26,-0.0017055583739623158,1.5581702663338644
2004-05-27,0.005929438551343144,1.567436786662527
2004-05-28,-0.001817828110179392,1.564590044238924
2004-06-01,0.0031120571276914743,1.5694667221522987
2004-06-02,0.00480074842488516,1.5770194519185874
2004-06-03,-0.003376140566216143,1.571704190157435
2004-06-04,0.0015405221992156265,1.574127301302015
2004-06-07,0.012147449021818593,1.593365543666126
2004-06-08,0.0002430417611563094,1.5937528450973288
2004-06-09,-0.00806032598132452,1.580958310960586
2004-06-10,0.0047325055265811065,1.5884579369179697
2004-06-14,-0.006603677108947405,1.5780028326620434
2004-06-15,0.0034213608745314876,1.5834109961776088
2004-06-16,0.0022895836949261257,1.5870405016195166
2004-06-17,0.00023769591176275742,1.5874177794954816
2004-06-18,0.0027044029104930545,1.5917166070192894
2004-06-21,-0.003003758513307399,1.586942648209337
2004-06-22,3.2761305640955796e-05,1.5869946393741141
2004-06-23,0.0056442567110217565,1.59597737109228
2004-06-24,-0.0036667530830181727,1.5901360320651137
2004-06-25,-0.014254226398683774,1.5676306525049375
2004-06-28,0.0013359915732363398,1.5697263934810537
2004-06-29,0.0031662455289759167,1.5747044093075429
2004-06-30,0.00033787888383635724,1.575236558571669
2004-07-01,-0.0054970931487707,1.566601093202165
2004-07-02,-0.0003907785212910189,1.5659890187440755
2004-07-06,-0.0024994073722192553,1.5620798615689975
2004-07-07,0.00099834655767885,1.5636401373399935
2004-07-08,-0.003918687355876202,1.5575247105532335
2004-07-09,0.0033312014450517817,1.562721790574013
2004-07-12,0.0014360389874373666,1.5649675320920509
2004-07-13,0.001768894470326686,1.567738244332129
2004-07-14,0.0010354918588618299,1.569362465309631
2004-07-15,-0.007799353255970772,1.5571700612941732
2004-07-16,0.002482233155920091,1.5610401216586913
2004-07-19,-0.0015479177989188924,1.5586256290696798
2004-07-20,0.0015225787499509764,1.56100056688775
2004-07-21,-0.012347260364012973,1.5418449892748756
2004-07-22,0.005802238107489442,1.5508171451485016
2004-07-23,-0.012454229127281754,1.5316226872766998
2004-07-26,0.00011811460715557153,1.531803604973019
2004-07-27,0.008209411797651422,1.5444305706242332
2004-07-28,0.0020657907898771117,1.5476243387652573
2004-07-29,0.0012757926042343702,1.5496000464794526
2004-07-30,-0.00032510410930086946,1.549096347018388
2004-08-02,0.006147704947106698,1.5586490678625988
2004-08-03,0.0012161877642375132,1.5605458309639173
2004-08-04,-0.0019057407041951726,1.5575746672861015
2004-08-05,-0.013649006929138362,1.5364597465096719
2004-08-06,-0.01240564593191727,1.5175167141259915
2004-08-09,0.0027841498326362686,1.5217475950018204
2004-08-10,0.008697379443606334,1.5350405343269562
2004-08-11,0.005345083827182308,1.5432674217757976
2004-08-12,-0.0078107537335125165,1.5312602934047828
2004-08-13,0.003782904857593155,1.5370638756857957
2004-08-16,0.00919081397506794,1.5512558618867045
2004-08-17,-0.0014164538916357054,1.5490601349243276
2004-08-18,0.009530898362303959,1.5638946504626436
2004-08-19,-0.004461617995733161,1.556932692294378
2004-08-20,0.005685786086560806,1.5658102926859678
2004-08-23,-0.0031311721238151337,1.560915138930255
2004-08-24,0.0005686029379979086,1.5618029322412392
2004-08-25,0.005759274054105029,1.5708237350498873
2004-08-26,-0.0003025459962978685,1.5703485605026613
2004-08-27,0.003640025079525949,1.576075084669349
2004-08-30,-0.004618928595132578,1.5688120929255074
2004-08-31,0.008369484725423416,1.581997341676414
2004-09-01,0.0008545727810079064,1.583349851370912
2004-09-02,0.010208426473599652,1.5995961453715557
2004-09-03,-0.0016057216351526924,1.597029700283059
2004-09-07,0.004955116650875617,1.6049628072461664
2004-09-08,-0.00434987448830307,1.597996582561996
2004-09-09,-0.0012823894410909527,1.595948642026935
2004-09-10,0.00014107042093604812,1.596173799054783
2004-09-13,0.002601238025188045,1.6003312319276801
2004-09-14,0.0029139759469246984,1.6050013596599666
2004-09-15,-0.007390543248999198,1.5931832526045169
2004-09-16,-0.0020447516590091433,1.5899289167937896
2004-09-17,0.006577414191032879,1.6004210053940382
2004-09-20,-0.007409694957944652,1.588606200047792
2004-09-21,0.008342414019850555,1.601914444944342
2004-09-22,-0.010841727373932535,1.584640732894354
2004-09-23,-0.008986410303984308,1.5704642941339053
2004-09-24,0.001462525287687759,1.5727628182926319
2004-09-27,-0.0007700588077044943,1.5715521646290593
2004-09-28,0.006790364930385295,1.5822598908748553
2004-09-29,0.0013439945087066647,1.5843878691547817
2004-09-30,-0.01921685971581756,1.5542315922321714
2004-10-01,0.010612722239322525,1.5708140573243583
2004-10-04,0.004755219531711218,1.5783014109066964
2004-10-05,0.00041494037408123055,1.5789564477757743
2004-10-06,0.005100281898438532,1.5870301423222022
2004-10-07,-0.012510155967725273,1.567299819744838
2004-10-08,-0.004935186614884536,1.5595839579225803
2004-10-11,0.0032913315735193156,1.564725522500273
2004-10-12,-4.565587646911555e-05,1.564654085215888
2004-10-13,-0.010469973175019527,1.54835765935434
2004-10-14,-0.009132752866234365,1.5342812674463917
2004-10-15,0.002481761899072636,1.538093717077735
2004-10-18,0.004760021547620138,1.5454325289077309
2004-10-19,-0.007467104830366408,1.5339356000128608
2004-10-20,0.003424335573037325,1.5391973140504072
2004-10-21,-0.0009880064054587664,1.5376773282463612
2004-10-22,-0.011772302713185644,1.519681459502736
2004-10-25,-0.0011277174484881681,1.5179686541664636
2004-10-26,0.014060478365524683,1.5394627742841849
2004-10-27,0.004260195356078291,1.5460351763641031
2004-10-28,0.0006309895551985951,1.5470110162523696
2004-10-29,0.0028103839432070585,1.5513648262456323
2004-11-01,-0.004373484465313583,1.544594771433894
2004-11-02,-0.004383617114017931,1.5378386782412947
2004-11-03,0.015283970587027863,1.5615234973441887
2004-11-04,0.011754672921920437,1.5799869989315007
2004-11-05,0.0010992827713523295,1.5817248064142992
2004-11-08,-0.002396351727433477,1.5779389753452133
2004-11-09,-0.0041027933208985685,1.571478280367174
2004-11-10,-9.890029236736273e-05,1.5713228683910685
2004-11-11,0.0066364559222109485,1.5817855625507367
2004-11-12,0.011639523797240606,1.6003043591606474
2004-11-15,-0.001748758821773675,1.597508258360589
2004-11-16,-0.004830785032720074,1.5898096495101903
2004-11-17,0.003946254601207873,1.5960958384477635
2004-11-18,0.001730249588534855,1.5988598731608903
2004-11-19,-0.007910167056520995,1.586262513758335
2004-11-22,0.005789516706466376,1.5954728430338296
2004-11-23,-0.00085414628211166,1.5941106576723403
2004-11-24,0.0005540945883420341,1.5949941905187541
2004-11-26,0.0007896742528275969,1.5962542138029114
2004-11-29,-0.002574154740972828,1.5921504925234775
2004-11-30,-0.0039724869080154076,1.585838241504555
2004-12-01,0.009652972785349873,1.6012204173117284
2004-12-02,0.0012238575981455924,1.6031812827510414
2004-12-03,0.00042681637856705704,1.603865692828657
2004-12-06,-0.003748568741647072,1.5978647465335607
2004-12-07,-0.010377962549478122,1.58136791584214
2004-12-08,0.009402378748991679,1.596306655719131
2004-12-09,0.005568585250572455,1.6052206214721436
2004-12-10,-0.004848351375876098,1.5974567839779314
2004-12-13,0.008218756589155845,1.6106399930321258
2004-12-14,0.0018685995973529116,1.6136524479340544
2004-12-15,-0.0011537118861326557,1.6117918314388502
2004-12-16,0.0038928485763321794,1.618078521602456
2004-12-17,-0.010546758165091272,1.60110271595847
2004-12-20,0.0017213130400683559,1.6038610882719853
2004-12-21,0.007563820951391268,1.6160384018275848
2004-12-22,0.00249656827712932,1.6200779924949857
2004-12-23,0.0024749996822946334,1.6240926511017344
2004-12-27,-0.005308185556711647,1.615494506411157
2004-12-28,0.005526369674154401,1.6244470409831762
2004-12-29,-0.0001556413947182843,1.6241942294545513
2004-12-30,-0.0016825845107812359,1.6214636832331617
2004-12-31,-0.0013670947740115251,1.619248503231071
2005-01-03,-0.008602114087099733,1.6053792807106892
2005-01-04,-0.008046030871627106,1.5925141753804286
2005-01-05,0.00019696391736272417,1.5928278741035178
2005-01-06,0.004815388300860732,1.6005164557098455
2005-01-07,-0.002458171224555515,1.5965869438991291
2005-01-10,0.0023584198116703738,1.6003568098946226
2005-01-11,-0.004635592478639671,1.59295537617272
2005-01-12,-0.003834812262271831,1.5868583892348036
2005-01-13,-0.013386307691585587,1.5657577594249923
2005-01-14,0.003408257252186723,1.5711033690955376
2005-01-18,0.008461975537227162,1.5844544158199216
2005-01-19,-0.007489912235906257,1.5726313235371219
2005-01-20,-0.004744498054018137,1.5651876494946657
2005-01-21,-0.006942408419459569,1.554359109145551
2005-01-24,0.0012587057312429236,1.5563168216981738
2005-01-25,0.00799348963931285,1.5688070779486196
2005-01-26,0.004310279304703402,1.5755836686374998
2005-01-27,-0.003144700535961249,1.570636712255239
2005-01-28,-0.004144046344850736,1.5641413886850906
2005-01-31,0.004223200625475614,1.570761039794784
2005-02-01,0.006840702518785014,1.5815429847900109
2005-02-02,0.004783575437404761,1.5891265387555478
2005-02-03,-0.0006282555617390009,1.5881284747217361
2005-02-04,0.007937257136240883,1.6007840174980121
2005-02-07,0.001118987571895983,1.6025762774901982
2005-02-08,0.0014072927959664413,1.6048331592147185
2005-02-09,-0.005677429233141739,1.595747648100058
2005-02-10,0.005536521599918029,1.6046070419037362
2005-02-11,0.00609638866894681,1.6144192291557773
2005-02-14,0.002536369513689456,1.6185191901810192
2005-02-15,0.004088379869330505,1.625149856561876
2005-02-16,0.004502573432425801,1.6324837113495696
2005-02-17,-0.007842381192603389,1.6197312220949627
2005-02-18,0.003919075799451144,1.6260915266461724
2005-02-22,-0.011807231131338847,1.607004790642881
2005-02-23,0.006312683656764623,1.6171813905543375
2005-02-24,0.007555749129315076,1.6294466858336094
2005-02-25,0.009361373182317572,1.6447721661898593
2005-02-28,-0.006274586010425066,1.634484211846158
2005-03-01,0.0022173149438683717,1.6381123990449549
2005-03-02,0.0007845810720837798,1.6393981353434182
2005-03-03,-0.0002917275692823052,1.6389199474639937
2005-03-04,0.009012726429186577,1.6537578491248992
2005-03-07,0.0011271446202527867,1.6556229242950056
2005-03-08,-0.0022350238533297754,1.6519266996808322
2005-03-09,-0.01254104162996364,1.6313391824548962
2005-03-10,-0.001043950956323767,1.629637032990153
2005-03-11,-0.007319210481522331,1.6177529207500945
2005-03-14,0.004147604259960451,1.6244766537086754
2005-03-15,-0.009371533957440755,1.6093239286238783
2005-03-16,-0.0042622487971257445,1.6024791870030166
2005-03-17,0.0018207002746329002,1.6053994789803707
2005-03-18,0.00013503828198908448,1.6056162840060781
2005-03-21,-0.00590204595796478,1.5961677731073487
2005-03-22,-0.011352458127372032,1.57814981287834
2005-03-23,0.0023065209671604206,1.581794049649702
2005-03-24,-0.0031460712572258685,1.5768254327648157
2005-03-28,0.0031979375349762387,1.5818760935468625
2005-03-29,-0.005509302410850648,1.5731850226229183
2005-03-30,0.011855772478133715,1.5919473474766366
2005-03-31,-0.0041291332163012956,1.585387537290886
2005-04-01,-0.006255873203437482,1.5755005121120456
2005-04-04,0.0024703451921488074,1.5793973535173444
2005-04-05,0.002786489627827261,1.583804465195034
2005-04-06,0.003483054629132727,1.589330560929107
2005-04-07,0.00453105462298884,1.5965482440243173
2005-04-08,-0.010108620956184235,1.5804906398402052
2005-04-11,0.002205429857335832,1.5839801476044633
2005-04-12,0.004256860941868326,1.5907373027586342
2005-04-13,-0.011639595161246493,1.5723291043634742
2005-04-14,-0.00513279931654074,1.5642793312192869
2005-04-15,-0.016751301124983516,1.5382938698793818
2005-04-18,0.0027196143239055287,1.5424831299260107
2005-04-19,0.0044416344867225285,1.5493495138865785
2005-04-20,-0.016246789138811148,1.5243809378463486
2005-04-21,0.018606354682802854,1.553009622049547
2005-04-22,-0.004867007129575979,1.5454694770006758
2005-04-25,0.006945148115867256,1.5562403507894336
2005-04-26,-0.005593045641270659,1.5475605234409073
2005-04-27,0.0031235176205075886,1.552401913151516
2005-04-28,-0.010216216087374353,1.5366229774988973
2005-04-29,0.01348671477899441,1.557487353006653
2005-05-02,0.008011477712212667,1.5700152446775602
2005-05-03,-0.0024507108812967596,1.5661723021275762
2005-05-04,0.005679648905406091,1.5750929199372208
2005-05-05,-0.0007180290858712737,1.573962363342588
2005-05-06,-0.0022839904049297838,1.5703715506588405
2005-05-09,0.006324756116861759,1.5803352434787743
2005-05-10,-0.009557497129498032,1.5653031429806308
2005-05-11,0.007016206616120316,1.5763242512234839
2005-05-12,-0.010965263766937284,1.5591338608520207
2005-05-13,-0.006445065941131478,1.549117453184236
2005-05-16,0.006910750681914688,1.5598600947847638
2005-05-17,0.008479351388499923,1.5731429319817842
2005-05-18,0.007848177822720648,1.585537812444834
2005-05-19,0.006110973670483963,1.59525665782934
2005-05-20,-0.0033648672708833866,1.589897851804434
2005-05-23,0.00442387576812962,1.5969469430404994
2005-05-24,7.443973613561335e-05,1.5970658237742323
2005-05-25,-0.0002363238499473582,1.59668844362386
2005-05-26,0.004455592498078712,1.6038185092127315
2005-05-27,0.0015133988372606306,1.6062475638803853
2005-05-31,-0.009900637212011058,1.5904231546076706
2005-06-01,0.00972015022976761,1.60595768326547
2005-06-02,0.0008768830732970103,1.6073665379845097
2005-06-03,-0.008101121651328647,1.5943976682446008
2005-06-06,-0.0005636372804607279,1.5934992594910162
2005-06-07,0.0009553691288980554,1.5950223669395251
2005-06-08,-0.0033801962799659417,1.5896399801550327
2005-06-09,0.003230374318702185,1.5947834154607874
2005-06-10,-0.0009595175609393579,1.5932539266707813
2005-06-13,-0.0013903627721696993,1.5910402649775333
2005-06-14,0.002800319106638524,1.5955019295576482
2005-06-15,0.003291825396277167,1.6007626973431528
2005-06-16,0.003998004329245535,1.607175363929923
2005-06-17,0.005643560699390828,1.616271197954865
2005-06-20,-0.00025936314287163583,1.6158520511351984
2005-06-21,-0.004011697143520303,1.609382727237693
2005-06-22,-0.0016166514853563879,1.6067830182391127
2005-06-23,-0.012192955454045716,1.587310539252049
2005-06-24,-0.009821082187175333,1.5717977329510087
2005-06-27,0.0014110056436893413,1.5740171138341958
2005-06-28,0.00798109680619336,1.5866297612243485
2005-06-29,-0.00021187159443616604,1.586293635056109
2005-06-30,-0.011397272303870087,1.5683168522826672
2005-07-01,0.003952543504684037,1.5745279596202906
2005-07-05,0.008389717362369271,1.5877933729050389
2005-07-06,-0.010900547791494603,1.570579545880771
2005-07-07,0.002035318708369217,1.5737794311019788
2005-07-08,0.010217679930575402,1.589942238187591
2005-07-11,0.0037669736356498837,1.5959428035711372
2005-07-12,0.0019232472366090942,1.599015149651426
2005-07-13,0.002592182002222534,1.6031654648057856
2005-07-14,0.0029035190358783595,1.607827050476951
2005-07-15,-0.0006285426251775662,1.6068167801740472
2005-07-18,-0.006368635895020859,1.5966160659464865
2005-07-19,0.007021223452490681,1.6078657110343106
2005-07-20,0.004725104120713938,1.6154810213294355
2005-07-21,-0.006767066073932273,1.6045858602314111
2005-07-22,0.004740185988837949,1.612209951172796
2005-07-25,-0.002504858061173477,1.6081766476156119
2005-07-26,-0.0008714825819154763,1.6067757601917285
2005-07-27,0.005533037401584634,1.6156907513144974
2005-07-28,0.005471035015418098,1.6245544767559144
2005-07-29,-0.011299905288277512,1.6063004934083311
2005-08-01,0.0020741796202650834,1.609635706875947
2005-08-02,0.006755606846902439,1.6205465861877646
2005-08-03,0.003115953514540681,1.6256040092741473
2005-08-04,-0.00756721198800845,1.6133491451834678
2005-08-05,-0.0055142251652677944,1.6044772579988964
2005-08-08,0.00012075924162177105,1.6046710251551237
2005-08-09,0.005207777085169135,1.613049592067337
2005-08-10,-0.0002747906160682355,1.612606402071199
2005-08-11,0.0042280667586362085,1.6194390438486788
2005-08-12,-0.005597432247006685,1.6103996657769715
2005-08-15,0.0011241858395869171,1.6122110722653051
2005-08-16,-0.01125236977270653,1.5941715610938658
2005-08-17,-0.0019433576896360975,1.5910765238882614
2005-08-18,0.0014740020989065425,1.5934235033253652
2005-08-19,0.0030428381492473683,1.5982794172826236
2005-08-22,0.0028442304388592095,1.6028317631424869
2005-08-23,-0.004202395574891108,1.596110163336426
2005-08-24,-0.008395830746653213,1.5827655903283464
2005-08-25,0.0010845950561895145,1.5844831813397096
2005-08-26,-0.0064937199262152575,1.5742273266955111
2005-08-29,0.006529645922672298,1.5845401064994091
2005-08-30,-0.0032013356720832285,1.5794755726943357
2005-08-31,0.009858101219195125,1.5951232040075205
2005-09-01,0.0021975454856340802,1.5986324142158181
2005-09-02,-0.004183773689914714,1.5919580696905085
2005-09-06,0.01281951887651221,1.6124975782363717
2005-09-07,0.00235538906293099,1.6163001138635726
2005-09-08,-0.005483185514231653,1.607461893437343
2005-09-09,0.008572828357605483,1.6213016264081772
2005-09-12,-0.0022012929695671246,1.6177365918187938
2005-09-13,-0.008915805629736645,1.603377274367997
2005-09-14,-0.0015075126593321316,1.6009619838271496
2005-09-15,-0.00048340758113173224,1.6001882536956369
2005-09-16,0.009545642247577618,1.6155362148261878
2005-09-19,-0.003916758713037552,1.6092209250871639
2005-09-20,-0.00534200602735011,1.6006473775658985
2005-09-21,-0.003917814760641263,1.594388606002926
2005-09-22,0.002633090356921941,1.5985923072003758
2005-09-23,-0.0035173243916762293,1.592979416451372
2005-09-26,0.0018113405914862342,1.595867459555016
2005-09-27,-0.00046044622452596785,1.5951328175529675
2005-09-28,0.0046269754310628115,1.602530559295589
2005-09-29,0.010227494937853054,1.6190045326177662
2005-09-30,-0.004637409152690414,1.6115139281030597
2005-10-03,-0.003952388444440777,1.6051571695402205
2005-10-04,-0.011062358630747322,1.5874982002830127
2005-10-05,-0.012127268397257219,1.5683624502413935
2005-10-06,-0.003220572806012111,1.5633195496572019
2005-10-07,0.002151598133280947,1.5666868062744677
2005-10-10,-0.004523496417517801,1.5596159087657537
2005-10-11,0.004612492708224602,1.5668262417934553
2005-10-12,-0.003077474037449059,1.5620117866931764
2005-10-13,5.766906389809521e-05,1.5621018690481703
2005-10-14,0.004855532988011301,1.5697051502572974
2005-10-17,-0.0006193394625093314,1.5687332709059227
2005-10-18,-0.012569719384618134,1.549138144519612
2005-10-19,0.013156540539913171,1.5696541069329113
2005-10-20,-0.013468848689370472,1.5486544115932426
2005-10-21,-0.0008998834273653847,1.547261430008057
2005-10-24,0.014809469655850773,1.5703460648959862
2005-10-25,0.0010088805673386747,1.5719311559742022
2005-10-26,-0.006599033264380616,1.56159208145477
2005-10-27,-0.00878304239097976,1.547936608090556
2005-10-28,0.016449731154628413,1.5736103331492153
2005-10-31,0.0007258165996903626,1.5747529002473828
2005-11-01,-0.002953709704600809,1.5701083999530765
2005-11-02,0.007180381946580548,1.581422950747586
2005-11-03,0.004209283018519907,1.5880936370733012
2005-11-04,-0.002699777300455175,1.5838119203624383
2005-11-07,0.0011861085719525202,1.5856916077938579
2005-11-08,-0.0017835232308056205,1.5828660104826948
2005-11-09,0.0013668532693796123,1.5850310353627066
2005-11-10,0.006228285947080032,1.594933868712673
2005-11-11,0.004032842068400765,1.60137897242226
2005-11-14,0.00017465317287293595,1.601658682766204
2005-11-15,-0.0027095705045671738,1.5973247498409704
2005-11-16,0.002777406215789655,1.601767336107332
2005-11-17,0.007570035439773447,1.6139387826245644
2005-11-18,0.0070418811006317805,1.625344057800916
2005-11-21,0.004257206416147412,1.6322782325861258
2005-11-22,0.004260851146139566,1.639247965116143
2005-11-23,0.002848591591114325,1.6439241702225178
2005-11-25,0.0024461247715357776,1.6479503361023162
2005-11-28,-0.0074127105590962245,1.6357797215958305
2005-11-29,3.300930903867013e-05,1.6358337184453744
2005-11-30,-0.007139676962040401,1.6241959883847163
2005-12-01,0.007079201622850047,1.635734793837672
2005-12-02,-0.002380370647508755,1.6318457692436286
2005-12-05,-0.001969636996374678,1.6286347887152457
2005-12-06,0.0011912083091274114,1.630575987964892
2005-12-07,-0.006368016531200612,1.6202254443122945
2005-12-08,-0.0043753555390313725,1.6131518679303978
2005-12-09,-0.0017866854854827203,1.6102722461573382
2005-12-12,4.885328338878314e-05,1.6103509151653168
2005-12-13,0.004947384972159386,1.6183376815962711
2005-12-14,0.0067883335052958725,1.6293608697113806
2005-12-15,-0.002384349513065816,1.6254805317943368
2005-12-16,-0.005900479205581819,1.6159176582305035
2005-12-19,-0.0001628994250110758,1.6156544476121237
2005-12-20,-0.0026968239272956852,1.6113031819753816
2005-12-21,0.0034235753187702818,1.6168290535016012
2005-12-22,0.0028667141787149346,1.6214706902179596
2005-12-23,-0.00019302848700655423,1.6211577303899543
2005-12-27,-0.010327532982558002,1.6045013282750575
2005-12-28,0.0007443503599373302,1.6056960840195496
2005-12-29,-0.0028265272912261254,1.601163948336617
2005-12-30,-0.004572610820917752,1.5938591624397438
2006-01-03,0.017424196344722163,1.6218742387430323
2006-01-04,0.001617010307156903,1.624498947622741
2006-01-05,-0.002357447474423478,1.6206737872603278
2006-01-06,0.007220974580033982,1.6324189863373815
2006-01-09,0.0011828511903061154,1.634351037517701
2006-01-10,-0.0005568012612502,1.6334412820986721
2006-01-11,0.0038261599715244915,1.63970306139361
2006-01-12,-0.007265910397309649,1.627832304025832
2006-01-13,0.0020699132318074036,1.6312052653154014
2006-01-17,-0.0034418956116478855,1.6256004781503486
2006-01-18,-0.0019033163537132982,1.6225093887693174
2006-01-19,0.002416490819302501,1.626434908892948
2006-01-20,-0.01918296998958601,1.595532405380163
2006-01-23,0.0034033551986001782,1.600971819765847
2006-01-24,-0.002252248685126067,1.5973700906072543
2006-01-25,-0.0005548201915276433,1.5964840832377603
2006-01-26,0.0013953944929234177,1.5987133633364126
2006-01-27,0.009444433563453319,1.6138838309566375
2006-01-30,0.0007635688661971685,1.6151166130007122
2006-01-31,-0.0068184477696477145,1.6041414839258288
2006-02-01,0.0029737426401515656,1.6089188877214975
2006-02-02,-0.005936966908966404,1.5993950887398043
2006-02-03,-0.0078016946708762145,1.5869656450064273
2006-02-06,-0.0003633671950511636,1.5863890985067448
2006-02-07,-0.004998245323054783,1.578479719588983
2006-02-08,0.011721594255514405,1.597090881556407
2006-02-09,-0.0016520345603677601,1.594454610429114
2006-02-10,0.00018500380791423886,1.5947496178915004
2006-02-13,-0.0031924740275147277,1.5896665392714109
2006-02-14,0.00738598519788101,1.6014512601128286
2006-02-15,0.004351913969163694,1.6084358253126023
2006-02-16,0.005672275237147226,1.6175852404839866
2006-02-17,0.001418875918266442,1.6198820222663077
2006-02-21,-0.0007062772449774705,1.6187383403802205
2006-02-22,0.005641891365734784,1.6278968977452792
2006-02-23,-0.0026555610873361954,1.6235796529801352
2006-02-24,0.002333785794369853,1.6273731650107341
2006-02-27,0.0018206634731641413,1.6303387627480141
2006-02-28,-0.009310687310782441,1.615229635645721
2006-03-01,0.0061184477413705265,1.6251426289026116
2006-03-02,-0.004293285152989805,1.6181803843272635
2006-03-03,0.0002473313062395094,1.6185806604938233
2006-03-06,-0.003911641135805049,1.6122617205704262
2006-03-07,0.003256186979578529,1.6175201026841968
2006-03-08,0.004082436532466375,1.624137023232527
2006-03-09,-0.004560769845019173,1.6167465739523883
2006-03-10,0.0062799107274065765,1.6269315449878083
2006-03-13,0.0020644469529992903,1.6302937281889105
2006-03-14,0.0046476627616187875,1.6378884187492415
2006-03-15,0.0014769032889579911,1.640309208738159
2006-03-16,0.0028935627895347025,1.645062419969033
2006-03-17,0.0006837492465679277,1.6461876147909629
2006-03-20,0.000522823071458905,1.6470485046828642
2006-03-21,-0.0032339177631952967,1.6417306885912613
2006-03-22,0.004719586637526083,1.6494972919738975
2006-03-23,-0.005204947234843872,1.6409340505476089
2006-03-24,0.001190844947175969,1.6428893125462232
2006-03-27,-0.002408821644097972,1.6389366477548075
2006-03-28,-0.009375640589162319,1.6236423756300487
2006-03-29,0.002538056820259507,1.6277685061971403
2006-03-30,-0.0014852991965538262,1.6253525775752817
2006-03-31,-0.004216952440468418,1.6185129743329874
2006-04-03,0.0023473655663689024,1.62231667855324
2006-04-04,0.004283186703795661,1.6292802663074237
2006-04-05,0.002092992510112031,1.6326939088196284
2006-04-06,-0.0037308210127534377,1.6266139687135965
2006-04-07,-0.01032546081877538,1.609904843076962
2006-04-10,0.0020378562624859906,1.613188942868563
2006-04-11,-0.005057658239531588,1.605050582390907
2006-04-12,-0.0012685733593227392,1.6030157489223693
2006-04-13,0.0022112079955833555,1.6065642719788524
2006-04-17,-0.0035947858148593016,1.6007993854974105
2006-04-18,0.013663830668380762,1.6228225550212332
2006-04-19,-0.0009597625608406492,1.6212657778777464
2006-04-20,-0.0008438355670365915,1.619898273206439
2006-04-21,0.0022041405915569556,1.623472694561091
2006-04-24,-0.0016351542886173746,1.6208202354031065
2006-04-25,-0.0011974731939185168,1.6188805082364814
2006-04-26,0.005246114219112005,1.627395656480644
2006-04-27,0.006767017400251853,1.6384456166744958
2006-04-28,0.003339404125759194,1.6439261945657524
2006-05-01,-0.002979474299630144,1.6390354482630503
2006-05-02,0.005674727415606487,1.648362968192191
2006-05-03,-0.0069118622466725795,1.637008994177576
2006-05-04,0.0021350618207819512,1.6405078433818756
2006-05-05,0.008827532894805583,1.6550535873936765
2006-05-08,0.0006790921885675202,1.656177903070325
2006-05-09,0.0020531893171747053,1.6595818431191218
2006-05-10,-0.00224490595036846,1.6558604166534643
2006-05-11,-0.008713504612856951,1.6414947478283577
2006-05-12,-0.007869919502247675,1.6286270167177819
2006-05-15,0.00923770674010187,1.6437414995843547
2006-05-16,0.0006692375960861107,1.644841921374869
2006-05-17,-0.015974950978107517,1.618774420205278
2006-05-18,-0.006570743462920948,1.6081727373784878
2006-05-19,-0.0005340374238498688,1.6073141422340878
2006-05-22,0.001104760147386791,1.6090908200634872
2006-05-23,-0.00017293539992419203,1.6088125753588782
2006-05-24,0.004145496327927753,1.615495744938898
2006-05-25,0.009787384779000938,1.6313848529720683
2006-05-26,0.0037386565143296717,1.6374954561856618
2006-05-30,-0.016897419679697687,1.6100584682098589
2006-05-31,0.00520190103734611,1.6184556547570437
2006-06-01,0.008001484617492997,1.631457651049697
2006-06-02,0.0019541001412995023,1.6346487995725751
2006-06-05,-0.014787037353742412,1.610655022351028
2006-06-06,0.002047465782271608,1.6139561617280644
2006-06-07,-0.004611117678894799,1.6065311518909486
2006-06-08,0.0067767125065744125,1.6174551241440065
2006-06-09,-0.004851044468103891,1.6096277781631636
2006-06-12,-0.005452126814852568,1.6008757636184598
2006-06-13,-0.01177749031441902,1.5821320583812832
2006-06-14,0.004844622170586977,1.5898154870548296
2006-06-15,0.012203040058481107,1.609334925145252
2006-06-16,-0.0027931598479183943,1.6048460674174765
2006-06-19,-0.008146186176554895,1.5918257973420264
2006-06-20,0.001121722887166108,1.593612386612991
2006-06-21,0.005946257446959524,1.6031166455153287
2006-06-22,-0.0027575479055917443,1.5987020640743705
2006-06-23,-0.003567094424816146,1.5930095018442552
2006-06-26,0.004140991782891638,1.599619818288463
2006-06-27,-0.005122674950186854,1.5914464385729319
2006-06-28,0.0063434375522288125,1.6015737667510614
2006-06-29,0.016708768146441087,1.6285589079096527
2006-06-30,-0.006701063141262315,1.6176823149071256
2006-07-03,0.00917083864463228,1.632586053832315
2006-07-05,-0.0018612091961692934,1.6295502956222807
2006-07-06,0.005403485360628619,1.6383793792186974
2006-07-07,-0.0028164275819547043,1.6337714942783932
2006-07-10,0.005692675678657534,1.6430985482869818
2006-07-11,0.002920712635870214,1.64790458208425
2006-07-12,-0.009646964605716108,1.632083739158776
2006-07-13,-0.0054671859598884025,1.6231851810555522
2006-07-14,-0.003099657673174997,1.618161652285978
2006-07-17,-0.0009032336047810299,1.6167007341781516
2006-07-18,0.005011251629992566,1.6248227621333013
2006-07-19,0.016715383755955375,1.652210559221559
2006-07-20,-0.0033711210110956894,1.646650135187691
2006-07-21,0.0008559313437704178,1.6480601580059007
2006-07-24,0.013648133313077545,1.6707072967929673
2006-07-25,0.0032860963828044007,1.6762064323939856
2006-07-26,0.003949945439514764,1.682840449725193
2006-07-27,-0.001626681053974465,1.680105230316695
2006-07-28,0.009125730565932536,1.6955075899722365
2006-07-31,-0.0014529144301357523,1.6930459512366167
2006-08-01,-0.0010093603245627076,1.6913379199802816
2006-08-02,0.005636516712244496,1.7008980921566275
2006-08-03,0.0006433955081906659,1.7019927944745248
2006-08-04,0.002233217934920688,1.7057979626116682
2006-08-07,-0.00028889914919402493,1.7053052302099856
2006-08-08,0.000363376315735606,1.7059250103416346
2006-08-09,-0.0035107287849165964,1.6999464709586356
2006-08-10,0.0034719337766651766,1.7058588302505189
2006-08-11,8.026460488418006e-05,1.7059957558305825
2006-08-14,0.0007087168495372394,1.7072052523126213
2006-08-15,0.006562396893092169,1.7184454517428913
2006-08-16,0.0018207375944270011,1.7215771401070699
2006-08-17,0.0012543066374783923,1.723737880573103
2006-08-18,0.005936502321377133,1.7340012887338039
2006-08-21,-0.0008688740660165907,1.7324953143293793
2006-08-22,0.0001283934407162278,1.732717769644407
2006-08-23,-0.002005785098269548,1.7292457933457384
2006-08-24,0.006513047683417148,1.7405452105323995
2006-08-25,-0.0009133995478550033,1.738956123170398
2006-08-28,0.0037346286125484692,1.7454626205772288
2006-08-29,0.0013840622719109004,1.7478801221378322
2006-08-30,-0.0018741065480224616,1.7446074761572756
2006-08-31,-0.002960201044939774,1.7394507235611847
2006-09-01,0.004998174026628755,1.748166564488426
2006-09-05,0.0008469097889345808,1.7496477309832497
2006-09-06,-0.006066723582134597,1.7390652348302467
2006-09-07,-0.003900681407018633,1.7322949084306904
2006-09-08,0.0007522614462462721,1.7335985373772533
2006-09-11,-0.0009788973400470437,1.7319023527110802
2006-09-12,0.005011588196130862,1.7406037197209112
2006-09-13,0.0010083964342324082,1.742359823580915
2006-09-14,0.00023177421940677941,1.7427637044717323
2006-09-15,0.001155058067834534,1.7447778607587126
2006-09-18,0.002321659510081384,1.7488333467793427
2006-09-19,-0.000620099079543972,1.747749232994448
2006-09-20,0.003389194467126401,1.7536827442569338
2006-09-21,-0.0017905063977227554,1.7505455734840603
2006-09-22,-0.0026038921806505566,1.7459932709779895
2006-09-25,0.00803929706407523,1.7600864030895338
2006-09-26,0.007989353921092164,1.7742046791505015
2006-09-27,0.002668940195148325,1.778946250003012
2006-09-28,0.00031178672568042036,1.7795009883049875
2006-09-29,-0.0018072479553843345,1.776287893086687
2006-10-02,-0.003156434244788097,1.770689996496283
2006-10-03,0.002273279483347785,1.7747198484911622
2006-10-04,0.009469589222636545,1.7916055405428322
2006-10-05,-0.0014024157420105482,1.7890947257439174
2006-10-06,-0.003096325929927495,1.7835636727438695
2006-10-09,-0.003382328905824857,1.7775412644025128
2006-10-10,0.0005888437228188421,1.778588266648205
2006-10-11,-0.0031190853146015204,1.7730493407866783
2006-10-12,0.004341318754485015,1.7807634457210035
2006-10-13,-8.154642295263492e-05,1.7806182367525967
2006-10-16,0.0022453045410977843,1.7846207587243947
2006-10-17,0.0002213305405163294,1.7850157935165594
2006-10-18,0.007546066764236813,1.798536592134543
2006-10-19,0.0005331176133171028,1.7994956793004202
2006-10-20,0.00560135303025499,1.80960357238734
2006-10-23,0.006254916746744866,1.8209579654498262
2006-10-24,-0.0015629945885814618,1.8181140411019412
2006-10-25,0.00491120056210821,1.8270651260978172
2006-10-26,0.00290827716676124,1.83238647211009
2006-10-27,-0.005257141219632645,1.8227786346644637
2006-10-30,-0.002292116313430878,1.8186053986184976
2006-10-31,-0.000846643187230807,1.817066340356026
2006-11-01,-0.0039221663042086395,1.809953462047529
2006-11-02,0.0018585934598865468,1.8133205577765739
2006-11-03,0.0012187889899864714,1.8155319602504585
2006-11-06,0.009179917853808173,1.832275127375963
2006-11-07,0.0018226353860364619,1.835617742118682
2006-11-08,0.0016830352581804935,1.8387097527507945
2006-11-09,-0.005255137542299759,1.8290724250201746
2006-11-10,-0.0010233881870016167,1.8272015313957417
2006-11-13,-0.0011811611522015816,1.8250445860304207
2006-11-14,0.006555963834609037,1.8370488189957845
2006-11-15,-0.0007363735513805256,1.835696562776843
2006-11-16,0.00042572923013315707,1.8364782388406402
2006-11-17,0.003703802989630898,1.8432928045461954
2006-11-20,-0.0011388528114471064,1.8411947602619947
2006-11-21,-0.0011464612263133193,1.8390851114056428
2006-11-22,-0.00041277459964764537,1.8383261404378093
2006-11-24,-0.004929374805662265,1.829286639724111
2006-11-27,-0.008530949942528513,1.8137474631799566
2006-11-28,0.005066156530360984,1.8229595068596212
2006-11-29,0.008394363476428211,1.8383264993868298
2006-11-30,0.0003504933807042271,1.8389709335848012
2006-12-01,-0.00033509848265671015,1.8383548004537114
2006-12-04,-0.0007485354638014849,1.8369792415820487
2006-12-05,0.00475658673305699,1.8457378065949055
2006-12-06,-0.0020318084033983633,1.8419914282593188
2006-12-07,-0.002131838106782879,1.8380687834476472
2006-12-08,0.000312370010093148,1.8386430306962247
2006-12-11,0.0017608877196966138,1.8418835268675162
2006-12-12,0.0010511305884364978,1.8438206048655594
2006-12-13,0.00304916705031747,1.8494513020061287
2006-12-14,0.008701996730059298,1.8656154493652863
2006-12-15,0.0011312372048989962,1.8677270971337132
2006-12-18,-0.0022866759070521367,1.8634610899265713
2006-12-19,0.00489650788073404,1.8726079173198522
2006-12-20,-0.0034791665044668603,1.8661041230300202
2006-12-21,-0.0031587628219963883,1.8602188427000734
2006-12-22,-0.005451535931101328,1.850105384825891
2006-12-26,0.004157155287077689,1.8578125690893874
2006-12-27,0.006330723882997279,1.8696111749431719
2006-12-28,0.00030983037121332444,1.8701905270133279
2006-12-29,-0.006102542811497757,1.8588123624359871
2007-01-03,-0.000580497078325709,1.8577336404182192
2007-01-04,0.0007997301253670343,1.8592199202075157
2007-01-05,-0.0059860776471232354,1.8481237298648099
2007-01-08,0.0014414546278350736,1.8507896372987394
2007-01-09,-0.0004030167609958306,1.8500438883385897
2007-01-10,-0.0016909716040880804,1.8469181601606928
2007-01-11,0.004686620311365292,1.8555942792810973
2007-01-12,0.005620741850303591,1.8660534623516667
2007-01-16,0.0015979577496031826,1.869037720667339
2007-01-17,0.0002524984315694129,1.8695097093460444
2007-01-18,0.0009445180568362814,1.8712763291947903
2007-01-19,0.0016971359613272977,1.8744548359628037
2007-01-22,-0.004928895578831721,1.8652385754602498
2007-01-23,-0.00012456376917064914,1.8650062487829318
2007-01-24,0.008588529573135892,1.881092891525233
2007-01-25,-0.011143143549899561,1.8602479581386697
2007-01-26,-0.002550229256409446,1.855509943451358
2007-01-29,-0.0012725105817361444,1.8531502890747935
2007-01-30,0.0046368562481569385,1.8617630331681214
2007-01-31,0.005022890268854178,1.8711379895685818
2007-02-01,0.004206647786764731,1.8790257870121678
2007-02-02,0.0009399494567846509,1.8807928066044097
2007-02-05,-0.0006952448540474482,1.8794856495338548
2007-02-06,-0.0011625709716891095,1.877301883713336
2007-02-07,-0.0009050082252062914,1.8756036786280734
2007-02-08,-0.0010008556677994914,1.8737274091498672
2007-02-09,-0.0062859794768045235,1.8619861384656713
2007-02-12,-0.0022368209645496503,1.8578258634652356
2007-02-13,0.00617817038907517,1.8693393577453918
2007-02-14,0.004714579441481818,1.8781733144831012
2007-02-15,-0.0010009665722349364,1.8762942663675057
2007-02-16,-0.002143976523123607,1.8722758447500145
2007-02-20,0.002143292178800636,1.8762929823366157
2007-02-21,-0.002214055197431368,1.8721433615470415
2007-02-22,-0.001333716532656973,1.8696481173383477
2007-02-23,-0.005311281106509855,1.859744215103488
2007-02-26,0.0015404624100636606,1.8626112889019253
2007-02-27,-0.03656935952867024,1.7957271948661073
2007-02-28,0.006872766027776806,1.80811131556127
2007-03-01,-0.004055775831918757,1.800792872400594
2007-03-02,-0.008873304952716144,1.784884572066095
2007-03-05,-0.004888025071785752,1.776181299762985
2007-03-06,0.012931331210000188,1.799298836561096
2007-03-07,-0.00458906171089333,1.7910606603708819
2007-03-08,0.004086738036020089,1.7983952331270188
2007-03-09,-0.0005340138419172856,1.797435121558541
2007-03-12,0.0016887872678741879,1.8004731716948097
2007-03-13,-0.01952632619150605,1.7656575619152415
2007-03-14,0.004701898143425454,1.7739790519960705
2007-03-15,0.0034059351590103462,1.780031410740522
2007-03-16,-0.0033213163107667213,1.774129170411593
2007-03-19,0.010451715865627447,1.7927691043737366
2007-03-20,0.007315115300208307,1.8059315006076544
2007-03-21,0.0156723019902217,1.8344575550478237
2007-03-22,0.0008466426170218854,1.8360113426516331
2007-03-23,-0.0006718178644177607,1.8347782916715811
2007-03-26,0.0001823573755037063,1.8351129075343895
2007-03-27,-0.004585944147825694,1.8267164497940067
2007-03-28,-0.007435892338184633,1.8131835598528077
2007-03-29,0.00634743585748599,1.8247292301330833
2007-03-30,-0.0019002338533179132,1.821265110238173
2007-04-02,0.00043924469649321156,1.822065266998195
2007-04-03,0.008698936407360518,1.8379844364216233
2007-04-04,0.0023494854713822805,1.8423078310392524
2007-04-05,0.002629988982209345,1.8471594574021697
2007-04-09,0.001340421443738247,1.8496370897136458
2007-04-10,0.0025231765802008264,1.8543099434387107
2007-04-11,-0.006937156525864422,1.8414908206533174
2007-04-12,0.003932459383243617,1.8487466658178462
2007-04-13,0.0028636334417435874,1.8540483860640753
2007-04-16,0.011829350476337389,1.8761108090175198
2007-04-17,0.004667239436480598,1.8848875329766335
2007-04-18,0.0016426989901767131,1.8879863803635446
2007-04-19,0.0006255655427306799,1.8891678090802655
2007-04-20,0.009760323757945657,1.907696976771264
2007-04-23,-0.007997548921283779,1.8925009234583177
2007-04-24,-0.0016715900805704255,1.8893400802402849
2007-04-25,0.009344405545732124,1.9070775843129333
2007-04-26,-0.0009133337030004244,1.9053365812603518
2007-04-27,0.0004063470581675432,1.9061109664988922
2007-04-30,7.022582239727718e-05,1.9062448294093566
2007-05-01,0.0035668407506473003,1.9130562415373475
2007-05-02,0.00170813884111195,1.9163267996972422
2007-05-03,0.0054489775101292616,1.9267973222448027
2007-05-04,0.0012927883118694298,1.929289874126161
2007-05-07,0.0032104098646952013,1.9354936383544739
2007-05-08,-0.0026775000276059273,1.930318285679658
2007-05-09,0.0029592386049970797,1.9360390184023855
2007-05-10,-0.01331758396562542,1.9104265826424869
2007-05-11,0.007755634416746723,1.9253007575724406
2007-05-14,0.0003321551690603903,1.9259403623892066
2007-05-15,-0.00020412096944031718,1.9255472776951308
2007-05-16,0.010886418851994217,1.9466241093299685
2007-05-17,-0.0019644631090862254,1.9428037917449994
2007-05-18,0.007325012809614633,1.9570871032608412
2007-05-21,-0.002898637415750392,1.9514224312388428
2007-05-22,-0.00320542834346606,1.9451773009737272
2007-05-23,-0.0017043308247812927,1.9418648988563356
2007-05-24,-0.005446209597175553,1.9313178424176138
2007-05-25,0.005981662291590115,1.942904954073952
2007-05-29,0.0018857229021807683,1.946572191052279
2007-05-30,0.007445578943521441,1.9611196378467137
2007-05-31,-0.002108608524799237,1.9569887609918435
2007-06-01,0.003865059018617256,1.9645672743180733
2007-06-04,0.0018512320016882047,1.9682075125489042
2007-06-05,-0.0048940990588950475,1.9585984430628525
2007-06-06,-0.008219459121002243,1.942565803302199
2007-06-07,-0.015213008279719858,1.9132371875283143
2007-06-08,0.009502705898767515,1.9315047761314104
2007-06-11,0.0010608047558291886,1.933554812735884
2007-06-12,-0.010611723956826519,1.9131449462692005
2007-06-13,0.011977409650370564,1.936197244836479
2007-06-14,0.004089740391941949,1.9441320034070544
2007-06-15,0.005153539538445194,1.954177026033092
2007-06-18,-0.002315696143843354,1.9496569813743883
2007-06-19,0.002534209754781157,1.9546040869690764
2007-06-20,-0.01266153965026589,1.9300118064298104
2007-06-21,0.004860403013928264,1.9394152754433558
2007-06-22,-0.017671833203917776,1.9054433097363215
2007-06-25,0.001403780980864143,1.9081200131277407
2007-06-26,0.0004560385313141375,1.908990387823213
2007-06-27,0.00713074844668437,1.9226515673969948
2007-06-28,0.0014075751486193177,1.9253597495004942
2007-06-29,-0.0018965717779656215,1.92171162709368
2007-07-02,0.00735291722595337,1.9358938902258858
2007-07-03,0.005960040307633451,1.9474663477431036
2007-07-05,-0.002065329296990852,1.9434483391239274
2007-07-06,0.0024355238977258995,1.9481874227309501
2007-07-09,0.002836388881676665,1.9537210839739136
2007-07-10,-0.01373463145769684,1.9270708792247773
2007-07-11,0.0065725214886884235,1.9397783081689743
2007-07-12,0.019172522701127043,1.9773275585383758
2007-07-13,0.0019631328461864384,1.9812131279127647
2007-07-16,0.0028070512771074976,1.9867823075832685
2007-07-17,-0.003406487582794675,1.9800258727120763
2007-07-18,-0.0025947225288720887,1.9748949145574772
2007-07-19,0.006800891790970815,1.9883717364292706
2007-07-20,-0.011678588746092003,1.9652854307732908
2007-07-23,0.00777225804922831,1.9806196498430715
2007-07-24,-0.014042389420863924,1.953001384476725
2007-07-25,0.008273142749741438,1.9692258649021164
2007-07-26,-0.02242081675683733,1.925565492205282
2007-07-27,-0.01325752797810295,1.9002057291421015
2007-07-30,0.006753535252678918,1.9130822676578088
2007-07-31,-0.011071876575273934,1.8920176843309116
2007-08-01,0.012063232031577983,1.9149797525878274
2007-08-02,0.00240023965792419,1.9195816835933939
2007-08-03,-0.02158883787061042,1.8785842813021256
2007-08-06,0.02704257321493343,1.930079173313789
2007-08-07,0.005586189632964373,1.9408911322930886
2007-08-08,0.015302694762917058,1.9708204121266775
2007-08-09,-0.02623584413070229,1.9197866590406432
2007-08-10,0.0013531666530858407,1.9223862087440209
2007-08-13,-0.005931235762694286,1.9110178305066476
2007-08-14,-0.011656907477634175,1.8888706073203743
2007-08-15,-0.0063522745690275965,1.8769100113111041
2007-08-16,0.008338219380630684,1.8926255274006878
2007-08-17,0.02526268191045323,1.9410473818069756
2007-08-20,-0.0014383288290843923,1.938257524246352
2007-08-21,-0.0021473776556772506,1.9340998190271586
2007-08-22,0.004553566311786713,1.9429269530241908
2007-08-23,0.0010751885136044022,1.9450170892107095
2007-08-24,0.009953470439400453,1.9644734277268623
2007-08-27,-0.006442830300944738,1.9518573440854563
2007-08-28,-0.019569700039034143,1.9140314096237054
2007-08-29,0.01780709763424179,1.948420025839575
2007-08-30,-0.0035797191775281093,1.9414576983306788
2007-08-31,0.008683548551822639,1.958389849698806
2007-09-04,0.007945432331670048,1.9740120842466027
2007-09-05,-0.010106401216283006,1.954162399508933
2007-09-06,0.002992560439957016,1.9600191075045112
2007-09-07,-0.013147178898613388,1.9344190387383873
2007-09-10,-0.0005331313341870508,1.9333880141955535
2007-09-11,0.016060566826662008,1.9646900126803672
2007-09-12,0.00026227903487065863,1.9652053772624214
2007-09-13,0.007302451527191573,1.9796087201216297
2007-09-14,0.0005377043424843765,1.9806734505562948
2007-09-17,-0.003476941803356686,1.9737987226774165
2007-09-18,0.02429033883874304,2.0223299968166204
2007-09-19,0.004781579675991669,2.0320230844949116
2007-09-20,-0.0041159108502266065,2.0236766470127114
2007-09-21,0.0034717607673067433,2.0307145781390226
2007-09-24,-0.0038768110190082563,2.022857122263034
2007-09-25,-0.0014941682847175,2.019836890235786
2007-09-26,0.0050438889373121175,2.0300504595828897
2007-09-27,0.002899043712168788,2.0359442035860678
2007-09-28,-0.0027253539620263577,2.0304030891631766
2007-10-01,0.013214690000117378,2.057412302707812
2007-10-02,-0.0010742804649384952,2.0552032516453416
2007-10-03,-0.0034868794466749098,2.048049485077398
2007-10-04,0.0024210061338503807,2.053013832376048
2007-10-05,0.005332555766959804,2.063990884988057
2007-10-08,-0.004039249522462158,2.0556707257035303
2007-10-09,0.006692746222496045,2.0694749507476753
2007-10-10,-0.0025678315670782373,2.064167704615169
2007-10-11,-0.0021629432979783886,2.059707851855606
2007-10-12,0.0008653157289702409,2.0614909208044447
2007-10-15,-0.004782339818393767,2.051655707100589
2007-10-16,-0.0076419624761126905,2.0360367867859765
2007-10-17,0.0023290578701196593,2.040784360829333
2007-10-18,-0.004653481577163631,2.031309670649127
2007-10-19,-0.01961925358631845,1.9918452878369848
2007-10-22,0.00417846231319929,2.000185550908634
2007-10-23,0.003818170399363661,2.007837198523818
2007-10-24,-0.0003569052658283079,2.007120718720052
2007-10-25,0.0001416146231863124,2.0074049764913764
2007-10-26,0.014238928191284446,2.0361927388584533
2007-10-29,0.004714001682263284,2.0458140143925294
2007-10-30,-0.008823097337953228,2.0278429948180943
2007-10-31,0.008879050323604426,2.0459284869972336
2007-11-01,-0.028783978839676115,1.9878779947224006
2007-11-02,-0.0011805168483233102,1.9855326558856015
2007-11-05,-0.004294216087265784,1.9770246303371986
2007-11-06,0.013064527363730146,2.0030229810147078
2007-11-07,-0.028033089618397265,1.9476517970532454
2007-11-08,0.0022610317566381386,1.952060481827199
2007-11-09,-0.01086636265590662,1.9309635159364884
2007-11-12,3.319414309229988e-05,1.9310276136795714
2007-11-13,0.0305980307643983,1.9910264988394055
2007-11-14,-0.004836083675479226,1.9814209733742958
2007-11-15,-0.013155253074827958,1.9555255826858644
2007-11-16,0.006217173453060903,1.9677212965760047
2007-11-19,-0.016299438288630983,1.9359085142839656
2007-11-20,0.007919336766882982,1.9513004924443471
2007-11-21,-0.0166792443913651,1.9190241950372708
2007-11-23,0.014288874687184839,1.9466417331602763
2007-11-26,-0.022826560140107637,1.9027099122891116
2007-11-27,0.014413556517807126,1.9303333267394656
2007-11-28,0.02310703544503579,1.9754569360220644
2007-11-29,0.0011595730718330784,1.9777489513124247
2007-11-30,0.008795093770957102,1.995220156617422
2007-12-03,-0.006358617840975433,1.9825735641676487
2007-12-04,-0.0029204220425330493,1.9767920589566779
2007-12-05,0.01762534902111565,2.011942568978972
2007-12-06,0.011261539874605911,2.0347282002827254
2007-12-07,-0.004077773872878244,2.0264479327922733
2007-12-10,0.007439241030675273,2.0415793808610525
2007-12-11,-0.01837171575354049,2.0044145014063712
2007-12-12,0.006490328513280455,2.0174661188237244
2007-12-13,0.0012621751646743095,2.0200141221294556
2007-12-14,-0.013140882453072232,1.993643003368346
2007-12-17,-0.012141830256873282,1.9695828909151878
2007-12-18,0.006639009138005109,1.9827024720468727
2007-12-19,0.0008141838369264334,1.984317413693529
2007-12-20,0.0017748162643049814,1.9878423396355571
2007-12-21,0.013084456812970246,2.0140230837700406
2007-12-24,0.007649261812656363,2.029487945617545
2007-12-26,0.0008271984731030048,2.0311674294848197
2007-12-27,-0.01428807610444901,2.0023523012575826
2007-12-28,0.0025033917367049377,2.0073712530426007
2007-12-31,-0.009892900496260768,1.987610436040172
2008-01-02,-0.014654756139606323,1.9586948824871426
2008-01-03,0.0021742880407401213,1.962958282595916
2008-01-04,-0.01638612025901965,1.9310551105640454
2008-01-07,0.007989524542959385,1.9465451192689829
2008-01-08,-0.0147389322856166,1.9180655175901715
2008-01-09,0.014780832115069545,1.9466266808861996
2008-01-10,0.007813291155730012,1.9618958153335573
2008-01-11,-0.01575113445546903,1.9312358292284746
2008-01-14,0.011295599189591773,1.9531739640270966
2008-01-15,-0.020501873893987867,1.9135379325143667
2008-01-16,-0.0070833242401258985,1.9000316141801512
2008-01-17,-0.022737099660388525,1.8573178398321897
2008-01-18,-0.011919713503099874,1.83531056407295
2008-01-22,-0.013467088649607039,1.8107599576490194
2008-01-23,0.023402755173532883,1.8536364871786297
2008-01-24,0.00632759224674959,1.8654027297774567
2008-01-25,-0.02015182371857533,1.8281876975848286
2008-01-28,0.015721074244692643,1.857155880965957
2008-01-29,0.0057440342280615396,1.8678541440930674
2008-01-30,-0.004183208157838632,1.8600568416400227
2008-01-31,0.015559563517200068,1.8892248464628145
2008-02-01,0.007274017986332603,1.9030172040906537
2008-02-04,-0.010851805890684522,1.882477677825006
2008-02-05,-0.0310786994328573,1.8248725034297535
2008-02-06,-0.005280898866914596,1.8152609374851638
2008-02-07,0.006495239119327131,1.827089865609783
2008-02-08,-0.007946305683357706,1.8126287832111716
2008-02-11,0.0009473808084999153,1.814346846634977
2008-02-12,0.013171733815961711,1.838403023326353
2008-02-13,0.009705755531522727,1.8563329847980354
2008-02-14,-0.013979363115583319,1.83056317437434
2008-02-15,-0.0002748802293319252,1.8300600579007151
2008-02-19,-0.004574236236970088,1.8217080474652914
2008-02-20,0.0038750427807946112,1.8287809391116767
2008-02-21,-0.00639539251089532,1.8171224871147877
2008-02-22,0.006612772069733667,1.8291785219170547
2008-02-25,0.01082651928771524,1.8490897486168505
2008-02-26,0.009421555837947975,1.8665933771630292
2008-02-27,0.0027622536622185436,1.8717565092122659
2008-02-28,-0.009215885041978303,1.8545858592933984
2008-02-29,-0.024189868262340118,1.8102619280285848
2008-03-03,0.0001463732846560954,1.8105269214065807
2008-03-04,-0.0028339283401155606,1.8054032812969796
2008-03-05,0.0029655313487492695,1.8107652078759142
2008-03-06,-0.01734506746080682,1.7796281807385836
2008-03-07,-0.006650058363931527,1.7678328128820286
2008-03-10,-0.011124987503574947,1.748274688592219
2008-03-11,0.03502145268387897,1.8105865654262203
2008-03-12,-0.00522684156224315,1.801147605776567
2008-03-13,0.00018966742212569025,1.8014892571988705
2008-03-14,-0.020385294540710863,1.7651371511389695
2008-03-17,0.006809107584477703,1.7771971722973912
2008-03-18,0.03692443805127295,1.8440457573908184
2008-03-19,-0.01587082727784166,1.815010243952693
2008-03-20,0.030183378808426857,1.8706285372346716
2008-03-24,0.009475680368418055,1.8884382617109772
2008-03-25,-0.00420390394884875,1.8805161122902456
2008-03-26,-0.010653636680206406,1.860588118148519
2008-03-27,-0.009404501566848536,1.8431722364809537
2008-03-28,-0.006845234211296955,1.8305983754403512
2008-03-31,0.008626314652120024,1.846457999736147
2008-04-01,0.03365615040910422,1.9096602746878737
2008-04-02,-0.004966523007869676,1.9001994162290896
2008-04-03,0.000886662140222145,1.901884998270793
2008-04-04,-0.0034656904496707633,1.8953050621926986
2008-04-07,0.002643750846608752,1.9003224059364783
2008-04-08,-0.005970047906520116,1.8890111879874074
2008-04-09,-0.004709200315485083,1.880136368956352
2008-04-10,0.0036101708472784967,1.886936249444193
2008-04-11,-0.021421201032789668,1.8469456611127493
2008-04-14,-0.0035674734959517014,1.8403684703706762
2008-04-15,0.004777946606826777,1.8491826928329964
2008-04-16,0.01759541756727282,1.8820077730892635
2008-04-17,-0.001452495191626937,1.8792761501630812
2008-04-18,0.010542184660616747,1.8991926234806369
2008-04-21,-0.00214337517262432,1.8951263005479893
2008-04-22,-0.003518162438112712,1.888470653071402
2008-04-23,0.0035534970173540688,1.8951932652215058
2008-04-24,0.008200327688279028,1.9107983670557886
2008-04-25,0.0001562606347089351,1.9110969729509912
2008-04-28,-0.0037172793193597678,1.9040060792776135
2008-04-29,1.3024595846689645e-05,1.9040308783487843
2008-04-30,-0.0010222836159715012,1.9020854133554665
2008-05-01,0.015025209234609444,1.9308804285163121
2008-05-02,0.0021142059242878594,1.934967025789243
2008-05-05,-0.008724601077113278,1.9181586402403814
2008-05-06,0.0023311222679287566,1.9226353183748708
2008-05-07,-0.01732439719276594,1.8896136863049142
2008-05-08,-0.0002966510112596158,1.889053213630485
2008-05-09,-0.009065047575198033,1.8720062389314007
2008-05-12,0.006007699260639224,1.8832865398288337
2008-05-13,-0.002757391914221539,1.8781007336874396
2008-05-14,0.005159683216598482,1.8878161812841023
2008-05-15,0.008462868302201937,1.9038603149433555
2008-05-16,-0.0013709878499015816,1.9012519340214953
2008-05-19,0.0011477946342415477,1.90343543365457
2008-05-20,-0.015107846858191576,1.8748947595436027
2008-05-21,-0.014176102026584026,1.8485035642489351
2008-05-22,0.006788908196531957,1.861095579903693
2008-05-23,-0.010785085245413037,1.8411313568645105
2008-05-27,0.004336129686788294,1.8491320747376288
2008-05-28,-0.0012498926914661038,1.84682230185668
2008-05-29,0.00866019798102944,1.8628856039203772
2008-05-30,-0.000847817179998761,1.8613068868273024
2008-06-02,-0.009835758519617597,1.8430892607106597
2008-06-03,-0.005455541298902462,1.8330615891904065
2008-06-04,-0.0016940038585428504,1.8299590044225995
2008-06-05,0.01718245979899119,1.861673891052204
2008-06-06,-0.02906868997701498,1.8083364503802608
2008-06-09,-0.0008455688756756857,1.8068080236471735
2008-06-10,0.004743496220347622,1.8153989701307647
2008-06-11,-0.016468007099057498,1.7857477850681192
2008-06-12,0.004982932258599855,1.794668251895378
2008-06-13,0.008877041540949027,1.8106705178254838
2008-06-16,-0.0046567121119668615,1.8022583482218486
2008-06-17,-0.007896379772238594,1.7880830721936676
2008-06-18,-0.012769288050030084,1.7653956835606965
2008-06-19,0.0008920267727516478,1.7669711663568808
2008-06-20,-0.01900275678660362,1.7337108626300026
2008-06-23,-0.0019528108637998276,1.7303285567994164
2008-06-24,0.0030509284088217807,1.7356157266371284
2008-06-25,0.00927158370450894,1.7517824629393282
2008-06-26,-0.030173982571826304,1.6997137206169906
2008-06-27,-0.011538013292327847,1.6802151050715386
2008-06-30,0.0024130390154462064,1.684274425353824
2008-07-01,0.0037215874887912156,1.690554278245782
2008-07-02,-0.007579590026884756,1.677789008766965
2008-07-03,0.0057544603994964475,1.6874716115347426
2008-07-07,-0.007429726727222995,1.6749806183932783
2008-07-08,0.019989704422844097,1.7087998782321105
2008-07-09,-0.021823466309057384,1.6719119172686263
2008-07-10,0.006927380836134992,1.6835340969989419
2008-07-11,-0.012222557376065703,1.6630822464714794
2008-07-14,-0.006523257305898522,1.65226884071603
2008-07-15,-0.005483855261271589,1.6432328362558535
2008-07-16,0.02621935600184207,1.6868871359621869
2008-07-17,0.014492940330040659,1.7115131109139168
2008-07-18,0.0030494052723655505,1.7167401736839636
2008-07-21,-0.001718763843882081,1.713792037045196
2008-07-22,0.020690147260086392,1.7496200115988882
2008-07-23,0.012224114266216668,1.7711388227860638
2008-07-24,-0.023006195989677854,1.7308568006590919
2008-07-25,0.0005293669376044379,1.7317733015843302
2008-07-28,-0.02422845208351844,1.6903193257927254
2008-07-29,0.024836807922840688,1.7328271565116284
2008-07-30,0.01468786807279165,1.7584665260807524
2008-07-31,-0.011279093503946428,1.7387440526080191
2008-08-01,-8.360242083820238e-05,1.738598695472192
2008-08-04,0.0007838421481017518,1.7399620166528362
2008-08-05,0.02841379227873974,1.7901100094491749
2008-08-06,0.0037854791942804533,1.7968992758513425
2008-08-07,-0.02145892469185744,1.758750529054956
2008-08-08,0.023038583286262668,1.7997400063371736
2008-08-11,0.004999833662399704,1.808760939795458
2008-08-12,-0.012994051879264938,1.7854098475182327
2008-08-13,-0.00886638877778431,1.7696496808108995
2008-08-14,0.006326783393836956,1.7808813637716818
2008-08-15,0.0065897514308268365,1.7926556815924735
2008-08-18,-0.014426181609060932,1.7669801503917564
2008-08-19,-0.010146784421670454,1.7491416385454717
2008-08-20,0.005392866805008616,1.758600007363713
2008-08-21,-0.0010152027365558191,1.756815577755899
2008-08-22,0.017046976717881388,1.787020693497716
2008-08-25,-0.02063114916431015,1.7505301185821769
2008-08-26,0.0007634828249085899,1.7518671285893423
2008-08-27,0.007427237926101384,1.764927102297817
2008-08-28,0.01488901833914125,1.791401735864274
2008-08-29,-0.015408054882580754,1.7640112783288315
2008-09-02,0.002632685433755338,1.7686614837043526
2008-09-03,0.0037974885687145285,1.7753907244913099
2008-09-04,-0.027356444996571395,1.7274806581904965
2008-09-05,0.006162512294748509,1.738159148354662
2008-09-08,0.029465119393192296,1.7901362098904319
2008-09-09,-0.024939247452284926,1.746043662765758
2008-09-10,0.003083599926139596,1.751436072619763
2008-09-11,0.011069434541580075,1.770931180424494
2008-09-12,-0.00474803095037104,1.7625426745706314
2008-09-15,-0.052128842355167716,1.67301707066582
2008-09-16,0.012674339670032182,1.6943564026040816
2008-09-17,-0.042388932460370156,1.624035389048378
2008-09-18,0.040640711153069796,1.691396880342587
2008-09-19,0.0366255636698525,1.7544936690206299
2008-09-22,-0.0328198621089368,1.6978460962018056
2008-09-23,-0.01241565205721349,1.6768965500733308
2008-09-24,-0.0003060949599456172,1.6763833390406655
2008-09-25,0.025384764785834905,1.7194826544257302
2008-09-26,0.01446446066061257,1.7445347896658456
2008-09-29,-0.073224651156579,1.6213567079060893
2008-09-30,0.057465628145846666,1.7172581171314143
2008-10-01,0.009841178519257377,1.7342413914758312
2008-10-02,-0.018422588482029628,1.7025846706928085
2008-10-03,-0.020610043351187005,1.6678534620788528
2008-10-06,-0.031993318935071624,1.6153378481079392
2008-10-07,-0.06440455681587996,1.514582118977336
2008-10-08,-0.016820866196742848,1.4893186085462522
2008-10-09,-0.080335045259247,1.374353804652185
2008-10-10,-0.008494025165768672,1.3627294475296416
2008-10-13,0.09727039899490769,1.5019436473491963
2008-10-14,0.004486595243330937,1.5086973999210707
2008-10-15,-0.07230731665015798,1.4034581707123737
2008-10-16,0.04516374546994,1.4682967540403318
2008-10-17,-0.017211680404596037,1.4432411426985887
2008-10-20,0.0422860282190553,1.5055787956664308
2008-10-21,-0.025021279749513303,1.4683746757753948
2008-10-22,-0.05298137357374014,1.3926031323185368
2008-10-23,0.0169554399111442,1.416416644835487
2008-10-24,-0.03674055767139897,1.3653210944770464
2008-10-27,-0.017476230569376194,1.3416677161872457
2008-10-28,0.10117553889861856,1.4845162228982445
2008-10-29,-0.024517711818456137,1.4485618425743976
2008-10-30,0.016675427041478834,1.472919754758235
2008-10-31,0.010735764475565684,1.4888178608012075
2008-11-03,0.0032282235176124387,1.4936318637909891
2008-11-04,0.031850739004502096,1.5419708725607197
2008-11-05,-0.05229897645550639,1.463399873634679
2008-11-06,-0.0382580512995378,1.4084704915065653
2008-11-07,0.029264112151457473,1.4502971550727612
2008-11-10,-0.006516843671084389,1.4408765249639535
2008-11-11,-0.015850461220531388,1.4182180157782511
2008-11-12,-0.04458340281267873,1.3563777972641071
2008-11-13,0.061583190142013786,1.4425335140016382
2008-11-14,-0.03868112691252678,1.3878000916101936
2008-11-17,-0.02413705818529122,1.3547037114828469
2008-11-18,0.013502722072996569,1.3731199540843562
2008-11-19,-0.05584267303747372,1.2985429346046167
2008-11-20,-0.0592728713561609,1.2238112258981135
2008-11-21,0.05958018506514718,1.2989420559747211
2008-11-24,0.050892934436578094,1.3667601217741625
2008-11-25,0.0027497932087423693,1.370523601499072
2008-11-26,0.02464155082876714,1.4047149624847222
2008-11-28,0.01287966922413987,1.4229242395674109
2008-12-01,-0.08066546970263885,1.3126508051553352
2008-12-02,0.03669186022899222,1.3617089179792614
2008-12-03,0.02768665178579391,1.3999368382447248
2008-12-04,-0.026863451263529067,1.3628303389855654
2008-12-05,0.03194281434993505,1.407065715495144
2008-12-08,0.032704100288522206,1.4538432735396913
2008-12-09,-0.02871394056385588,1.4126913485663424
2008-12-10,-0.00025380399773613404,1.4123328473509542
2008-12-11,-0.019977853871379868,1.3843974419452811
2008-12-12,0.00579792185328036,1.392447384044679
2008-12-15,-0.008305675977493996,1.3809300630347199
2008-12-16,0.040158598273240635,1.437514857308591
2008-12-17,-0.01567940812504851,1.4151512573414393
2008-12-18,-0.02080985689974638,1.3860064634354552
2008-12-19,-0.005081953612146206,1.378980710278691
2008-12-22,-0.0042928859570170105,1.3730735917174877
2008-12-23,-0.010742154695324198,1.3584027620249615
2008-12-24,0.00584658664738572,1.366368043640282
2008-12-26,0.003908929548753892,1.3717195325429843
2008-12-29,-0.002703492438580803,1.3680161075053483
2008-12-30,0.01652487099991543,1.3908102133378015
2008-12-31,0.011621912529088388,1.4070683804827464
2009-01-02,0.023732724366588662,1.440861360136364
2009-01-05,-0.01372070468909128,1.4212267353897938
2009-01-06,0.001177147694190681,1.4229007142311472
2009-01-07,-0.02185490170079201,1.3921407117395237
2009-01-08,-0.0047508929365605536,1.385542486407183
2009-01-09,-0.014828789047417083,1.3651481544956963
2009-01-12,-0.011806673713919405,1.3491250714522023
2009-01-13,0.003546795387819929,1.3539186379077615
2009-01-14,-0.02852544050187781,1.315843154133709
2009-01-15,-0.0011253657625205924,1.3143631822102582
2009-01-16,0.008267731519581127,1.3252750300773766
2009-01-20,-0.030189484884506953,1.285863558868395
2009-01-21,0.025931062028023977,1.3196434479375543
2009-01-22,-0.014579247174959516,1.300543608876375
2009-01-23,-0.0046055226650292295,1.294567697469388
2009-01-26,0.010453257174725866,1.3081711227214756
2009-01-27,0.005886441432966433,1.315894304146443
2009-01-28,0.018511746128262466,1.340480671622483
2009-01-29,-0.022452107062501492,1.3107194078121172
2009-01-30,-0.02471070018486756,1.2787275124540267
2009-02-02,0.0015596840799456586,1.2807234795322096
2009-02-03,0.019102244416875146,1.3054233327169258
2009-02-04,-0.011913664853120245,1.2899632327253112
2009-02-05,0.013852028951480527,1.3079561724279636
2009-02-06,0.025184704435136616,1.3413149645179498
2009-02-09,-0.0062582435081662766,1.3329469008505868
2009-02-10,-0.041311180499806074,1.279003201323116
2009-02-11,0.010073848068984252,1.2919528018944682
2009-02-12,0.00876801871757122,1.303330475178742
2009-02-13,-0.009686525061038304,1.2907666798641622
2009-02-17,-0.029720560143603927,1.2529688398445855
2009-02-18,0.005257424176479372,1.2595735752501798
2009-02-19,-0.004849857719827632,1.2534796119946634
2009-02-20,-0.008742846548778072,1.2425683991267968
2009-02-23,-0.03242992258542702,1.2029184002635154
2009-02-24,0.025983741467484563,1.2345843391698148
2009-02-25,-0.008048663576118806,1.2246874668925702
2009-02-26,-0.01287961026424558,1.2090151131766456
2009-02-27,-0.012808496389081749,1.193628199440767
2009-03-02,-0.034961991753748464,1.1526176625211817
2009-03-03,-0.006531314053006263,1.145114085367656
2009-03-04,0.01845868385328218,1.166447673491122
2009-03-05,-0.028532604366288152,1.1336362077747297
2009-03-06,0.004413903358338537,1.13865102776297
2009-03-09,-0.02069492095001922,1.11532889199244
2009-03-10,0.04670540715538683,1.168656430521588
2009-03-11,0.004683940336872484,1.1741431873058685
2009-03-12,0.030923547590797296,1.2110190883269527
2009-03-13,0.008350499554254856,1.2211740431476785
2009-03-16,-0.0028493566519805593,1.217699435313895
2009-03-17,0.02239041427285624,1.2452717560780808
2009-03-18,0.009837475679086018,1.2575825409335126
2009-03-19,-0.005531466072250576,1.2506454695506382
2009-03-20,-0.007149503901902316,1.2417358624729555
2009-03-23,0.052493465903450644,1.308660055945958
2009-03-24,-0.01282811588353968,1.291979631052259
2009-03-25,0.007751651157091862,1.3020335232435443
2009-03-26,0.016739716771249843,1.3240126445387257
2009-03-27,-0.015282593686403887,1.3039321292629078
2009-03-30,-0.022511040395973885,1.2749071770451852
2009-03-31,0.008423635154613602,1.2856918894304092
2009-04-01,0.020232563902913288,1.3119696697685153
2009-04-02,0.019095120407541962,1.3372626058852621
2009-04-03,0.0018552693671586777,1.3397458911030111
2009-04-06,-0.0033773932606848186,1.3352286748611246
2009-04-07,-0.019929643832745352,1.3088814603035497
2009-04-08,0.0048385731529721225,1.3152299253683706
2009-04-09,0.01338202244717319,1.3329486535424049
2009-04-13,-0.004551708411335019,1.3268952470660138
2009-04-14,-0.013043322108225288,1.3097005069965362
2009-04-15,0.00812235785362801,1.3203816826387726
2009-04-16,0.013286603304963264,1.3380421341691418
2009-04-17,0.0007138310002817534,1.338997611108152
2009-04-20,-0.02735335127590331,1.3028679257567002
2009-04-21,0.008587166227676425,1.314104043367401
2009-04-22,-0.011168607476915504,1.2995089860688591
2009-04-23,0.002935879631991552,1.3033297940043276
2009-04-24,0.00663181203785541,1.3120019565132364
2009-04-27,-0.002751792622655727,1.3083965621323355
2009-04-28,0.002750297985427478,1.3119999955477342
2009-04-29,0.013397347582604392,1.3296955878373138
2009-04-30,-0.0009192824589079641,1.3284737836853338
2009-05-01,0.0032862399089337844,1.3328466484572687
2009-05-04,0.016622522925442723,1.355187085237036
2009-05-05,-0.004785608978783171,1.3487171833121983
2009-05-06,0.004503557755912166,1.3548049069618846
2009-05-07,-0.009602375527851719,1.3418578223451736
2009-05-08,0.005524524343704434,1.349291463309298
2009-05-11,-0.006829166551112929,1.3401083194795922
2009-05-12,0.011871454543951358,1.3561121609633655
2009-05-13,-0.012131487299666635,1.339759892723469
2009-05-14,0.005785332689874849,1.3475333136591485
2009-05-15,-0.006186306557229989,1.3392227917068886
2009-05-18,0.02301361354571335,1.370400527635914
2009-05-19,0.0019523678296399533,1.3730786670457078
2009-05-20,-0.0017502124331989864,1.3706775895016932
2009-05-21,-0.014415474125648113,1.3510603577376044
2009-05-22,-0.0012857469481365516,1.3493243522769123
2009-05-26,0.017501581899463197,1.3731475264601882
2009-05-27,-0.01978946742431335,1.3462407813966597
2009-05-28,0.013336696765783102,1.3643154467300873
2009-05-29,0.013640793381621639,1.3830533008977601
2009-06-01,0.01602311601249819,1.4053926191856683
2009-06-02,0.004805287294437571,1.412162186313578
2009-06-03,-0.004106307642823473,1.4063753034271427
2009-06-04,0.004650493568794241,1.4129308742361626
2009-06-05,-0.0002497564386335789,1.4125780297174073
2009-06-08,-0.0017312224432094406,1.4101346585493362
2009-06-09,-0.0005366105102915426,1.4093781684590516
2009-06-10,-0.002697405062473276,1.4055816273590696
2009-06-11,0.006364451247089163,1.414555911002711
2009-06-12,0.004601731912365268,1.4210803183535894
2009-06-15,-0.018357242677979536,1.395231187370516
2009-06-16,-0.009871806963318285,1.381525495695247
2009-06-17,0.002792681979183713,1.38538904937822
2009-06-18,0.008786993109002526,1.3976160942157447
2009-06-19,-0.0017818807687307715,1.3951279264428933
2009-06-22,-0.014740757283659816,1.374713515887559
2009-06-23,0.0008634043298539581,1.3759009620387925
2009-06-24,0.004782447545454846,1.382496895999837
2009-06-25,0.015949986606758913,1.4047244967147956
2009-06-26,-0.002886632160337958,1.4006754207142913
2009-06-29,0.007928313615802957,1.411824553232135
2009-06-30,-0.008827695117118117,1.3994162454758898
2009-07-01,0.01085776961324438,1.4146935734277026
2009-07-02,-0.0199527658127772,1.386746264095157
2009-07-06,0.0032259901398519987,1.3912271175781576
2009-07-07,-0.01397821739006394,1.3719155277310546
2009-07-08,-0.000602633566600128,1.3710890144508405
2009-07-09,-0.0008473922943845254,1.3699276563175413
2009-07-10,-0.004417424555121696,1.3638894507275492
2009-07-13,0.02050486792343845,1.392144516998894
2009-07-14,0.004020014948816236,1.397752222746658
2009-07-15,0.02810066459111199,1.4375870605932108
2009-07-16,0.008136317409915638,1.4493314384260856
2009-07-17,0.003833825187850612,1.454898586718013
2009-07-20,0.005732092491265126,1.4632621474342495
2009-07-21,0.0055136950345558485,1.471352411800155
2009-07-22,-0.004891211182400455,1.464173288048236
2009-07-23,0.01525603393390339,1.486682025882315
2009-07-24,6.316130938666566e-05,1.486775929631222
2009-07-27,-0.00020988987475922417,1.4864639031643
2009-07-28,-0.0014469316522219132,1.4843146467814465
2009-07-29,0.0016595736213775754,1.486780021384557
2009-07-30,0.008649150580566211,1.499695177722885
2009-07-31,-0.002371481537413398,1.4961428920519249
2009-08-03,0.005826827529278003,1.504886106507012
2009-08-04,0.0021102164176133574,1.5080650948726486
2009-08-05,-0.010267347055991062,1.4926604847271068
2009-08-06,-0.008284316231362459,1.4803458926620487
2009-08-07,0.005329993842029517,1.4882571920131993
2009-08-10,-0.0008827228826198922,1.4869440529887845
2009-08-11,-0.00965282909603446,1.4726598883827053
2009-08-12,0.008352723525028496,1.4850121248690993
2009-08-13,0.0018118285463594108,1.4877051511428616
2009-08-14,-0.0023168604678546097,1.484262335691904
2009-08-17,-0.012943880869232897,1.465174025755248
2009-08-18,0.005078124831782621,1.47263328585575
2009-08-19,0.008680934297189075,1.4854727673714752
2009-08-20,0.006165985093974745,1.4946604668122978
2009-08-21,0.012943607454942864,1.5141325125749432
2009-08-24,-0.0003270987633801856,1.5136373226949
2009-08-25,-0.00042446617874478354,1.5129949711824207
2009-08-26,0.002596511104384688,1.5169285840507285
2009-08-27,-0.0016329920121579211,1.5144534732580603
2009-08-28,-0.0031150698368968897,1.5097431851712206
2009-08-31,-0.002405838209917063,1.5061153530675624
2009-09-01,-0.015202546026508253,1.4833917311953813
2009-09-02,7.266505384784041e-05,1.4834995258518109
2009-09-03,0.0021625914206109234,1.4867112007174563
2009-09-04,0.011148840015393994,1.5033790469729271
2009-09-08,0.008289961459829751,1.5158938030834017
2009-09-09,0.0026108431611857183,1.5198567350981294
2009-09-10,0.008554176307883252,1.5329136234166791
2009-09-11,0.0008943194676809533,1.5342851511129205
2009-09-14,0.0019056398852185968,1.5372117337127966
2009-09-15,0.001817161565709277,1.5400076353267775
2009-09-16,0.006201531799570794,1.5495877165346252
2009-09-17,-0.0013728264294117745,1.5474618611118043
2009-09-18,0.007310427512897076,1.5588159198224385
2009-09-21,-0.002282181617818553,1.5552624751300346
2009-09-22,0.002190669308331345,1.558673275504505
2009-09-23,-0.004415305515585708,1.5518064275656822
2009-09-24,-0.0007846289889028768,1.5505893128116501
2009-09-25,-0.003654653116093128,1.544932789359273
2009-09-28,0.009031779052258148,1.558949483523832
2009-09-29,-0.004731627116271524,1.5515905394937655
2009-09-30,-0.0006760612652386768,1.5505419237346914
2009-10-01,-0.01771748875363354,1.523312148559754
2009-10-02,0.002562827611054579,1.5272211418928106
2009-10-05,0.005095051759315825,1.5350222693566395
2009-10-06,0.011920812040764887,1.5534304837476511
2009-10-07,0.0030010070689196165,1.5580993417443847
2009-10-08,0.0019199607762379514,1.5610937049761628
2009-10-09,0.006641889226653952,1.5714968263828584
2009-10-12,0.004211829751724231,1.5781296618525749
2009-10-13,-0.0009302675969584834,1.576662261607628
2009-10-14,0.008462845441350108,1.5900619303301868
2009-10-15,0.006447523930807074,1.600347013708359
2009-10-16,-0.009750784568936188,1.5848182068043861
2009-10-19,0.005869477590888855,1.5941476143453508
2009-10-20,-0.005425656976989896,1.585521737903102
2009-10-21,-0.00607561693984217,1.5759179192775992
2009-10-22,0.005860510478122592,1.5851807186111235
2009-10-23,-0.006287306777106245,1.57524546685246
2009-10-26,-0.0061893319881425645,1.565525859661213
2009-10-27,0.0039079374613895865,1.5716558067385022
2009-10-28,-0.005438136870849761,1.5631321248281582
2009-10-29,0.013682560290318554,1.5846667628980553
2009-10-30,-0.019871883011054248,1.5534872739889967
2009-11-02,0.0047456879208248905,1.5608771609596817
2009-11-03,-0.007542405138614383,1.5491486791216036
2009-11-04,0.005829605872190907,1.5582059799548782
2009-11-05,0.015867062355081354,1.5831273227961038
2009-11-06,0.005440490239311762,1.591763783531037
2009-11-09,0.016011271782380612,1.6174550723352592
2009-11-10,0.002159859499581281,1.620952323464371
2009-11-11,0.005033151502735966,1.6291313880562834
2009-11-12,-0.005995245428784661,1.6193935650357951
2009-11-13,0.0051508216011790465,1.6277562913578267
2009-11-16,0.009515192116394405,1.643318627079658
2009-11-17,0.004461926119663294,1.6506673759800359
2009-11-18,0.0005235768207189514,1.6515318534472494
2009-11-19,-0.006827030944594231,1.6402951945303303
2009-11-20,-0.0011232406069445896,1.6384537827283172
2009-11-23,0.01368809849773966,1.6610352958993586
2009-11-24,0.0007031168023499888,1.6622036084071472
2009-11-25,0.0023178096703292067,1.6660607483360925
2009-11-27,-0.012220351406177337,1.6458247975727718
2009-11-30,0.0010761243768821723,1.6475968630679447
2009-12-01,0.015322047458100705,1.6730358111006447
2009-12-02,-0.00010146660968864406,1.6728660624410607
2009-12-03,-0.003572160538098019,1.6669009767721394
2009-12-04,0.004346120843434163,1.674161295534379
2009-12-07,0.0005246340770787763,1.6750398480396829
2009-12-08,-0.009131349782010677,1.6598140949225562
2009-12-09,0.0013478278136207524,1.6620527468448936
2009-12-10,0.006423214263047891,1.672762827503054
2009-12-11,0.0017507076300577711,1.675693911135038
2009-12-14,0.0006349670600262662,1.6767582594485944
2009-12-15,-0.0070368875639905855,1.6650005175767142
2009-12-16,-0.0033987277605604525,1.6593512397130945
2009-12-17,-0.010812553968339998,1.6415060646984716
2009-12-18,0.005871017849388041,1.6511717219637014
2009-12-21,0.006900605303866768,1.6626052099294413
2009-12-22,0.003170643097231033,1.6678851035676632
2009-12-23,0.0008701994403202036,1.6693371279350737
2009-12-24,0.003925518870921754,1.6759030211700783
2009-12-28,0.0036513997418009276,1.682033598812234
2009-12-29,0.0011666627741752744,1.6839971099518454
2009-12-30,-0.00015706289886896355,1.6837326372540373
2009-12-31,-0.011353761902967753,1.6647240514570074
2010-01-04,0.012281771939586563,1.6852958832822043
2010-01-05,-0.0033800602476709496,1.6796090979143392
2010-01-06,-0.004660986398662035,1.6717986790219774
2010-01-07,-0.003153832011735446,1.6665344125005246
2010-01-08,0.0010357596280756915,1.668261435799901
2010-01-11,0.002821983641058241,1.6729758912100927
2010-01-12,-0.0009033869975845685,1.671465229001738
2010-01-13,0.006736577636473906,1.6827631963742384
2010-01-14,0.0034463641140676676,1.6885726160042867
2010-01-15,-0.011482473335333561,1.669294517903074
2010-01-19,0.013226163247689056,1.6915195315478826
2010-01-20,-0.011571883562628569,1.6720582833026152
2010-01-21,-0.01694338726405418,1.6439666083835505
2010-01-22,-0.017783821556928116,1.6149890293324831
2010-01-25,0.0025710830229182147,1.6191466427022605
2010-01-26,-0.003567145020127997,1.613381201015729
2010-01-27,0.004579760449510373,1.620787045983759
2010-01-28,-0.009407686358792293,1.605610688935578
2010-01-29,-0.006493552383946645,1.5952183499347112
2010-02-01,0.00877382354781197,1.6092760941606399
2010-02-02,0.011941788781806042,1.6286089339652512
2010-02-03,-0.004397128689317274,1.6214634522124407
2010-02-04,-0.024665863915628108,1.581957877844887
2010-02-05,0.004059659214330262,1.5883931413705907
2010-02-08,-0.008687619895471092,1.5746535540855884
2010-02-09,0.01122669776422972,1.5924313196978603
2010-02-10,-0.002756969184728869,1.5880470820017742
2010-02-11,0.006354942301899712,1.5981711644886485
2010-02-12,-0.0022642374635006035,1.5945566191037095
2010-02-16,0.014293085611682242,1.6175114099795793
2010-02-17,0.0028869514828317967,1.6221878339997804
2010-02-18,0.005682150251318098,1.6314315863323043
2010-02-19,-0.0011031283426285198,1.6296329001835974
2010-02-22,-0.000541721297498646,1.6287503324089267
2010-02-23,-0.009543414811483554,1.6132804276338184
2010-02-24,0.008305420307960045,1.6267351960710192
2010-02-25,-0.005253753113022322,1.6182111422145202
2010-02-26,-0.0011613946890267847,1.61633285131789
2010-03-01,0.006979561434319755,1.6276536067491487
2010-03-02,-0.0010368717649150126,1.625966813326608
2010-03-03,-0.0010072916668289178,1.6243298151107477
2010-03-04,0.003870143460310061,1.6306283848446494
2010-03-05,0.007776422176568246,1.643358271915492
2010-03-08,0.00044529277005648263,1.644090210423957
2010-03-09,0.0007552680015205718,1.645332408188566
2010-03-10,0.0004047062843957295,1.6459984193144337
2010-03-11,0.004727248674575963,1.65379788363972
2010-03-12,-0.0016570945156960976,1.6510596536162379
2010-03-15,0.004520063912711946,1.658539440596944
2010-03-16,0.0036028812976835064,1.6645257388143324
2010-03-17,0.0038110485330333146,1.6708814304214732
2010-03-18,0.0015239137194601254,1.673429650697656
2010-03-19,-0.0028418370952744284,1.6686807871842175
2010-03-22,0.0036304471279525723,1.6747498546037798
2010-03-23,0.009698475521729706,1.691071394165585
2010-03-24,-0.00731330413512799,1.678749187688084
2010-03-25,-0.00032764417914910065,1.6781992453861034
2010-03-26,-0.0013014949452615676,1.6760164982763677
2010-03-29,0.00330858343873381,1.6815709222763437
2010-03-30,0.0014713674019866038,1.6840469520435517
2010-03-31,-0.0029421669225350626,1.6790994865088904
2010-04-01,0.003209918852967835,1.6844979192368748
2010-04-05,0.002758090987184738,1.6891503307036546
2010-04-06,-0.0014928673153229337,1.6866305347127974
2010-04-07,-0.004411110395125174,1.67920700626732
2010-04-08,0.0010127153448000418,1.6809084263513625
2010-04-09,0.0069212433641539705,1.6925827564794533
2010-04-12,0.0005774684966196366,1.693560451966244
2010-04-13,0.002088026848454699,1.6971003460702765
2010-04-14,0.004790665233854677,1.7052500914608082
2010-04-15,-0.0008700882061494601,1.703767018763288
2010-04-16,-0.008859455698997737,1.6887392376138424
2010-04-19,0.0069487746760238155,1.7005147714459992
2010-04-20,9.741914986564856e-05,1.7006804422189894
2010-04-21,-0.0031749273264464074,1.6952894679137454
2010-04-22,-0.002538797245141212,1.6909909305491473
2010-04-23,0.004926135164666749,1.6993415316432434
2010-04-26,-0.0031778038929308476,1.6939499287740916
2010-04-27,-0.014841021395474455,1.6689956134285533
2010-04-28,0.005234082031352101,1.6777541748983043
2010-04-29,0.00638874073242359,1.6885072239811207
2010-04-30,-0.010190724093666753,1.671387492121316
2010-05-03,0.010577881326849246,1.689161068328283
2010-05-04,-0.015231748689924584,1.6636271482326888
2010-05-05,0.0010574017365791149,1.665387200845602
2010-05-06,-0.030135759126646205,1.615948176084303
2010-05-07,-0.009853159792122312,1.6001041654579014
2010-05-10,0.031739607027229534,1.6517054126629855
2010-05-11,-0.003962749146914178,1.6451730700139515
2010-05-12,0.012185560742249139,1.6653430681762522
2010-05-13,-0.009860839355478403,1.649002088010326
2010-05-14,-0.011747004565721572,1.629744583399023
2010-05-17,0.0023898148903246847,1.6336440288924272
2010-05-18,-0.009281889129575322,1.6185508809623348
2010-05-19,-0.004081954351774831,1.6119574962530303
2010-05-20,-0.033748270704630295,1.5584644443474713
2010-05-21,0.007179995201573142,1.569694479133148
2010-05-24,-0.00871381361645067,1.5560758751677746
2010-05-25,-0.005048126000288632,1.5482404019516012
2010-05-26,-0.009873373568089002,1.533029262291456
2010-05-27,0.02352663836497856,1.569523902137289
2010-05-28,-0.006690471639806829,1.5590580966091057
2010-06-01,-0.005190335776482938,1.5509870254965028
2010-06-02,0.01874423938563161,1.5803332749284673
2010-06-03,0.0034546285018765333,1.5858021803817914
2010-06-04,-0.02739634206042714,1.5429467232205398
2010-06-07,-0.007745306838760077,1.5310422886744606
2010-06-08,0.010551821211048687,1.5472831075911615
2010-06-09,-0.0070347055565213295,1.536436622162375
2010-06-10,0.020093756757506954,1.567621669031183
2010-06-11,0.0032226844271392063,1.572681768143534
2010-06-14,-0.001139245391339058,1.570891117875837
2010-06-15,0.016527612641395583,1.5970699385588996
2010-06-16,-0.0003944326661407676,1.5964401262224654
2010-06-17,0.0017901881691425633,1.5993006140910089
2010-06-18,-0.0005413473384352502,1.5984350712610043
2010-06-21,-0.004291688023928507,1.591589786029673
2010-06-22,-0.0065317321262159216,1.5812278255075094
2010-06-23,-0.0009904133565286136,1.5796625316213502
2010-06-24,-0.012310301773605231,1.5603356133267494
2010-06-25,-0.009770517958545975,1.5451645614023657
2010-06-28,0.00584092469895284,1.5542161603730198
2010-06-29,-0.019877431082935704,1.5236273563402638
2010-06-30,-0.010561584465050131,1.507620117024497
2010-07-01,-0.0034390212166300845,1.5024442844555963
2010-07-02,-0.001331084604356824,1.5004457344143327
2010-07-06,0.007385910602557196,1.5115689193317614
2010-07-07,0.025824316159039292,1.5511125490007647
2010-07-08,0.009879889892040753,1.5665133239000628
2010-07-09,0.002027546126519433,1.5696927240230851
2010-07-12,0.00365296300350575,1.5754372393337992
2010-07-13,0.009138606631173657,1.5899005270273165
2010-07-14,0.0028159455634263774,1.5943839098811163
2010-07-15,0.00034661580827276804,1.594936644336453
2010-07-16,-0.02038945460026156,1.5627460456203612
2010-07-19,0.003726095657547699,1.5685798487795002
2010-07-20,0.0034394445287853743,1.5739841807807446
2010-07-21,-0.009136963809096536,1.5596682459699387
2010-07-22,0.015007976685351499,1.5832522420049648
2010-07-23,0.007474478595577504,1.5951305638290563
2010-07-26,0.007308059233489742,1.6068305725806342
2010-07-27,0.004869515164856592,1.614674140107681
2010-07-28,-0.0039098170116832675,1.6083733851123574
2010-07-29,-0.004316759431680557,1.6014453881389077
2010-07-30,-0.0020590310219012636,1.5981513548270214
2010-08-02,0.020170637814862356,1.6307143915609228
2010-08-03,-0.00018590747583422,1.6304112577428758
2010-08-04,0.004126325656440547,1.6371527648076432
2010-08-05,-0.0007778890440562533,1.6358797368099127
2010-08-06,-0.0013918926940463482,1.6336043516692396
2010-08-09,0.0074080299949303135,1.6457510778121858
2010-08-10,-0.0027951976821905655,1.641157301461507
2010-08-11,-0.02006396147360095,1.6085573205932366
2010-08-12,-0.006054890849719782,1.598847108395079
2010-08-13,-0.0042983567068680265,1.5919894421098306
2010-08-16,0.0009028018405818476,1.5934273420800606
2010-08-17,0.010261234288987458,1.6098620493458662
2010-08-18,0.0007512978982123043,1.61107198977589
2010-08-19,-0.012760691732533863,1.5906442102502294
2010-08-20,-0.0046600103666096845,1.5832490359180098
2010-08-23,0.0008166179563562245,1.5845424735604472
2010-08-24,-0.010051044830512341,1.5686959366550923
2010-08-25,0.0028621046537736857,1.5731921398284883
2010-08-26,-0.00854302151776827,1.55980957070615
2010-08-27,0.011252118060911243,1.5774598474220105
2010-08-30,-0.01204454982664471,1.5585740176642218
2010-08-31,0.000601285656355441,1.5595114476687757
2010-09-01,0.02193904857383447,1.5941037183336442
2010-09-02,0.0031370578431022707,1.599112366007132
2010-09-03,0.00938956938503573,1.6141980557531037
2010-09-07,-0.004403180108635187,1.6071060760728122
2010-09-08,0.004649565365880189,1.6145958193558465
2010-09-09,0.0073197243796040935,1.6264575751685195
2010-09-10,0.005462206006367781,1.6353659289876772
2010-09-13,0.00794135874847687,1.6484046606134475
2010-09-14,0.0014833581530791836,1.6508516495381418
2010-09-15,0.004996908254099071,1.6591214482773617
2010-09-16,0.0021888815110428267,1.6627570460348535
2010-09-17,0.00372232465157986,1.6689579012151818
2010-09-20,0.011224911484285198,1.6877973436526157
2010-09-21,-0.001140783622278575,1.685873029906744
2010-09-22,0.0016079914331914933,1.6885860799923502
2010-09-23,-0.00641038838764815,1.6777962079778195
2010-09-24,0.012619252729631434,1.6991028968521307
2010-09-27,-0.0025209349387598718,1.694824963456352
2010-09-28,0.0021757458733280164,1.698516486328167
2010-09-29,-0.00335552744607933,1.6928266192320618
2010-09-30,-0.004829597433276631,1.6846706589923055
2010-10-01,0.004995793591736991,1.693107983893333
2010-10-04,-0.0046217736414930445,1.6853008772781184
2010-10-05,0.01729483283269692,1.714701379780008
2010-10-06,0.0041856997194315345,1.721893646698317
2010-10-07,-0.0021864884821984495,1.7181328590299771
2010-10-08,0.004234660780905986,1.7254239957141806
2010-10-11,0.0019675052193094907,1.7288221182469803
2010-10-12,0.0005210151243252138,1.7297230954088376
2010-10-13,0.00473265679478533,1.73792868296853
2010-10-14,-0.001046882183633764,1.7361102284138217
2010-10-15,0.0038694300864749276,1.7428409992907203
2010-10-18,0.008908973256074395,1.7584372934707648
2010-10-19,-0.013542371643621032,1.7347844017414071
2010-10-20,0.00938628871540579,1.7511442480036579
2010-10-21,0.002159482514015966,1.7549298994396254
2010-10-22,-0.001139588383789876,1.7529311408092263
2010-10-25,0.0006770904086694754,1.7541184355793171
2010-10-26,0.0005444528065680122,1.7550737303174735
2010-10-27,-0.0023658896734213846,1.7509263275860367
2010-10-28,0.003563511947328085,1.7571769048622088
2010-10-29,-0.00021588890512570696,1.7567975908104267
2010-11-01,0.0018235755599115774,1.76000416678893
2010-11-02,0.005751483875382952,1.770155968351569
2010-11-03,0.004523328303658114,1.7781811014176916
2010-11-04,0.01368033544419448,1.8026743714456808
2010-11-05,-0.000626700582298099,1.8015449882969046
2010-11-08,-0.002585144082235011,1.7968937495829873
2010-11-09,-0.0029155347582885344,1.7916624730889874
2010-11-10,-0.0006274636195153492,1.7905386226931643
2010-11-11,-0.008151313489815164,1.7760027049603022
2010-11-12,-0.007709549702861011,1.7623631687330996
2010-11-15,-0.0007016760771816027,1.761126994405989
2010-11-16,-0.014281771813060222,1.7361537362050343
2010-11-17,-0.0011921680488319888,1.7340851824697026
2010-11-18,0.01466528457341894,1.759703425414162
2010-11-19,0.00044091489985156017,1.760479475947296
2010-11-22,-0.0024135503593932634,1.7562355935474951
2010-11-23,-0.013915565597262276,1.7319658372716826
2010-11-24,0.010109937789335725,1.7495647160250036
2010-11-26,-0.00787191076455358,1.735846364364027
2010-11-29,-0.002672002651937361,1.7312143693824094
2010-11-30,-0.007885639340296752,1.717616322356233
2010-12-01,0.018094516156287457,1.7489786459931291
2010-12-02,0.007875063059223801,1.7628063386331587
2010-12-03,0.0013994578400573167,1.765275038802256
2010-12-06,-0.0012556585754117074,1.7630598471150964
2010-12-07,0.0021329475176426298,1.7668243745819985
2010-12-08,0.0044197625085628375,1.7746506010030665
2010-12-09,0.003697795081651349,1.7812250432457957
2010-12-10,0.005406036577693419,1.7908804863066647
2010-12-13,0.0018383223693038747,1.7941757298973913
2010-12-14,0.0038506762754726273,1.8010978386612841
2010-12-15,-0.00165691401172242,1.7981160453856282
2010-12-16,0.0047157356974248795,1.80661551027292
2010-12-17,0.0011799403327471516,1.8087484669125722
2010-12-20,0.00019808038103395499,1.8091067799843161
2010-12-21,0.003678283018017357,1.8157734401458143
2010-12-22,0.0022898171742627375,1.8199359932776755
2010-12-23,0.002132357717173365,1.8238208883586708
2010-12-27,-0.001683360299812803,1.8207533233142255
2010-12-28,0.002566807248321653,1.8254328492932608
2010-12-29,0.0003063789060604569,1.825992209096361
2010-12-30,-0.0016881141224758239,1.822912326188973
2010-12-31,0.0004728719705082888,1.8237745341736498
2011-01-03,0.006794555118573579,1.8362084644468906
2011-01-04,0.0025805998360721983,1.8409531030830053
2011-01-05,0.000365925599280822,1.8416268782187657
2011-01-06,3.749060296116078e-05,1.8416959232151209
2011-01-07,-0.00326854448085402,1.8356860852317196
2011-01-10,-0.0035599064454598706,1.8291628324788833
2011-01-11,0.00024636643895045664,1.8296135323285605
2011-01-12,0.009494714678995623,1.8470679218899073
2011-01-13,0.0005475008210190439,1.8480794699800567
2011-01-14,0.005402529344580705,1.8580907924290986
2011-01-18,0.0011236445061593365,1.8601797993707492
2011-01-19,-0.00046442742599513576,1.8593160814373124
2011-01-20,0.0009597830741778639,1.8611014782015636
2011-01-21,0.0011046300996255,1.8631584427961847
2011-01-24,0.008979303438939873,1.8799636443972947
2011-01-25,0.0029017506169995177,1.885426752517689
2011-01-26,-0.0005538165312028178,1.8843828611026152
2011-01-27,-0.0023051267403427344,1.8800441223729734
2011-01-28,-0.015096483443942538,1.8518752280105457
2011-01-31,0.002451234188925413,1.8564201759732741
2011-02-01,0.01592528399802075,1.886220856826775
2011-02-02,-0.003672815028288542,1.8793058231104287
2011-02-03,0.0018743464863010025,1.8828315966050198
2011-02-04,0.001406201514254049,1.8854810996782734
2011-02-07,0.00644262122505507,1.897667755079907
2011-02-08,0.004027947779995153,1.9053268766165834
2011-02-09,-0.003101915860320676,1.8994258699036337
2011-02-10,0.00016935369623498922,1.8997475719353714
2011-02-11,0.001888941137643321,1.9033394746535195
2011-02-14,0.0010933432906859455,1.905421616138325
2011-02-15,-0.004728755971136753,1.8964326124462723
2011-02-16,0.0024354947565633305,1.901056993171721
2011-02-17,0.0038523289210223876,1.9083946143978014
2011-02-18,0.0027494113257479254,1.9136487958077502
2011-02-22,-0.016785213967956254,1.8817958682718776
2011-02-23,-0.0028710796287925527,1.8764008309857454
2011-02-24,-0.0021043034669965674,1.8724564657378613
2011-02-25,0.005063292227674852,1.8819613025845305
2011-02-28,0.0076824229047427065,1.896475004014802
2011-03-01,-0.01145169835938907,1.8748810241826164
2011-03-02,0.00044020915292078807,1.8757065456578226
2011-03-03,0.012610062589148173,1.8995090829299186
2011-03-04,-0.00795358726418436,1.8844610937545885
2011-03-07,-0.007020581425368268,1.871277413902233
2011-03-08,0.009163512335404286,1.888503693640262
2011-03-09,0.00178349682205638,1.891874839296498
2011-03-10,-0.016240174064996442,1.8613986021176692
2011-03-11,0.0031630679808862245,1.8672956539068764
2011-03-14,-0.005582710250826248,1.8569001279226904
2011-03-15,-0.012327009000738388,1.8341506081744936
2011-03-16,-0.022959231359671806,1.7925196560583743
2011-03-17,0.012507779664457562,1.8150808983531646
2011-03-18,0.005194109759628272,1.824533154539019
2011-03-21,0.013527536322690499,1.8493822878998636
2011-03-22,-0.0022116257579745772,1.8452966659942536
2011-03-23,0.0021403706119969977,1.8492505145897897
2011-03-24,0.008253692143135441,1.8645768213349097
2011-03-25,0.0034166329950309215,1.8709582913872447
2011-03-28,-0.0021048407792856397,1.8670243636773147
2011-03-29,0.0067665504084312746,1.879700516696059
2011-03-30,0.006342016946482809,1.8916594911529478
2011-03-31,-0.0039725435707063245,1.8841596978940633
2011-04-01,0.004768318794632968,1.8931654260214712
2011-04-04,0.0022630549422264184,1.8974546148997653
2011-04-05,-0.003949658335633465,1.8899750979550094
2011-04-06,0.002822394540455909,1.8953168881267655
2011-04-07,0.0012032759816385777,1.8975988500554997
2011-04-08,-0.0021440152185073337,1.8935347275694188
2011-04-11,0.0007785331966254346,1.8950094812116391
2011-04-12,-0.005256210800810434,1.8850750435303476
2011-04-13,-0.0006065148599282216,1.8839320641563921
2011-04-14,0.002024110907319108,1.8877492134596228
2011-04-15,0.0001287886860097829,1.8879923498566127
2011-04-18,-0.006706738219203633,1.8753724459062646
2011-04-19,0.005989307415087495,1.8866383317521156
2011-04-20,0.010306865405410363,1.906184214465328
2011-04-21,0.0020458573007626937,1.91008798727653
2011-04-25,0.0007379506983524189,1.9114980582580976
2011-04-26,0.007862797537448755,1.9265870234849747
2011-04-27,0.008951087677156458,1.9439094846250962
2011-04-28,0.0024158387110950284,1.9486113335764994
2011-04-29,0.001991837287105448,1.9524965183322134
2011-05-02,-0.0011348385512435783,1.9502820068062319
2011-05-03,0.002150582421374502,1.9544807622733702
2011-05-04,-0.0036452531176257618,1.947369154860741
2011-05-05,-0.012716561231270043,1.9227621058870683
2011-05-06,0.0016594833276719618,1.9259555465427665
2011-05-09,0.0017953581023242903,1.929416432272961
2011-05-10,0.006677951206380731,1.9423440981831117
2011-05-11,-0.005415437342840121,1.931853885602796
2011-05-12,0.008454758106023079,1.9482564851989832
2011-05-13,-0.007901607760913412,1.932922786850611
2011-05-16,-0.006186537387240327,1.9210016012152746
2011-05-17,0.0027470550850902786,1.926285953312396
2011-05-18,0.003955982008055536,1.9339213987707387
2011-05-19,0.0017362081274491731,1.937282005333156
2011-05-20,-0.007940837646078194,1.9219592816017337
2011-05-23,-0.009276250900890032,1.9042131411626233
2011-05-24,-0.001217300571140034,1.9018965516972175
2011-05-25,0.001157828987295328,1.9040998979585502
2011-05-26,0.001175426332152902,1.9063393430111626
2011-05-27,0.00365054093722405,1.9133112306611633
2011-05-31,0.011696011474519987,1.9358207197894979
2011-06-01,-0.016552809942716597,1.9040411931809977
2011-06-02,-0.004074918853754606,1.8962981666413814
2011-06-03,-0.007645998503539613,1.881854362715464
2011-06-06,-0.005628327063296693,1.8712924217873994
2011-06-07,-0.004317019283836637,1.863231428567593
2011-06-08,-0.0003944293769417106,1.8624966602727513
2011-06-09,0.004493084290848479,1.8708838428079304
2011-06-10,-0.011359960399842496,1.8497509381847543
2011-06-13,0.0037118512642891613,1.8566296971104148
2011-06-14,0.007977828052432684,1.8715008103095268
2011-06-15,-0.015705212664833806,1.8423380948273267
2011-06-16,0.004689580064123058,1.850998177031478
2011-06-17,0.0021493006804460296,1.8549808070744624
2011-06-20,0.004056448443271232,1.8625207233835395
2011-06-21,0.007558390188703426,1.876651718257546
2011-06-22,-0.00606619556146026,1.8653020414179313
2011-06-23,-0.0035868381715856755,1.8586234894569789
2011-06-24,-0.012862573470490078,1.8348699018958208
2011-06-27,0.009459056859875102,1.852308386412926
2011-06-28,0.011289523828803912,1.873338552999743
2011-06-29,0.0048746101051154725,1.882492641219489
2011-06-30,0.009519702182913441,1.9004989820416647
2011-07-01,0.012209274267671438,1.9238449238549642
2011-07-05,0.0012287821266515518,1.9262103631189587
2011-07-06,0.003248199870290893,1.9324772519142228
2011-07-07,0.007451726315513665,1.9469313305414309
2011-07-08,-0.004802846510560737,1.9376029375458692
2011-07-11,-0.010766109747019316,1.9168543826952493
2011-07-12,-0.002686475424993023,1.9117117114257927
2011-07-13,0.00443077445205375,1.9202008677167899
2011-07-14,-0.004371298823455104,1.9118254150627931
2011-07-15,0.006977802695723384,1.92521240717522
2011-07-18,-0.004218185864885417,1.917108607095813
2011-07-19,0.01782565666289242,1.951588729309857
2011-07-20,-0.002858805542090037,1.9460174839825093
2011-07-21,0.009524979926218325,1.96464181885351
2011-07-22,0.0028970199952223848,1.970341677802406
2011-07-25,-0.007112108316937395,1.956378108436232
2011-07-26,-0.002824193951062852,1.9508607119825017
2011-07-27,-0.014808687485034406,1.9221838825351065
2011-07-28,-0.0025314721811540743,1.9173240813304597
2011-07-29,-0.0070451486931717286,1.9038637188863203
2011-08-01,-0.0003352538093822526,1.903225548302556
2011-08-02,-0.019114274587062406,1.867192244872969
2011-08-03,0.00581493858906031,1.8780814825514704
2011-08-04,-0.03727841413992468,1.809358483857516
2011-08-05,0.005411412630272134,1.8191762091330221
2011-08-08,-0.047586497239790256,1.7346354378362827
2011-08-09,0.03866896007193744,1.8030257558338432
2011-08-10,-0.04322919958111375,1.7267430939451458
2011-08-11,0.038108470030985775,1.7938165476221615
2011-08-12,0.00273213434420762,1.7987241965444274
2011-08-15,0.018117511575012443,1.8316096043416028
2011-08-16,-0.004947582309595234,1.8225699457324067
2011-08-17,0.0028640846377401517,1.8277974227100313
2011-08-18,-0.0328234873443787,1.7687766695035274
2011-08-19,-0.01382859878257716,1.7444853114294174
2011-08-22,0.0036519218817062586,1.750867682377379
2011-08-23,0.029602068486507538,1.8034717406108174
2011-08-24,0.009910113413849389,1.8214332031645528
2011-08-25,-0.014395046525969383,1.7954014014778303
2011-08-26,0.010856309306689866,1.81499902085072
2011-08-29,0.02170340338238668,1.8548212525828214
2011-08-30,0.0008471902799436281,1.8563933049387542
2011-08-31,0.00047217483461348543,1.8572700541136504
2011-09-01,-0.009604293423550422,1.839517673543202
2011-09-02,-0.018728648090875995,1.8053866064028694
2011-09-06,-0.006160397948923472,1.794298893881841
2011-09-07,0.020081986723667608,1.83069622257946
2011-09-08,-0.006947792161462714,1.8180210090766364
2011-09-09,-0.022123188900999662,1.7782422260482125
2011-09-12,0.007393432394910531,1.7914382616156865
2011-09-13,0.004669871227711656,1.799823611623436
2011-09-14,0.010884353342802393,1.81952052740662
2011-09-15,0.015056916870847111,1.8471241882439535
2011-09-16,0.009015697630386796,1.8638525972387567
2011-09-19,-0.006527767277992353,1.851725425982648
2011-09-20,0.001472890417165319,1.8544548241765906
2011-09-21,-0.019561630766958868,1.8185311717743966
2011-09-22,-0.026270429714508665,1.7713796337401608
2011-09-23,0.004142358875706705,1.7787325425676745
2011-09-26,0.024712744618843062,1.8232375612328842
2011-09-27,0.010401734326608651,1.8423013704128235
2011-09-28,-0.011987134293180718,1.8203492906013048
2011-09-29,0.012032317168622098,1.8423846127667187
2011-09-30,-0.018434114267006953,1.8087330060156583
2011-10-03,-0.019911842094527732,1.773073996462663
2011-10-04,0.014412194888991607,1.7988129160946424
2011-10-05,0.011158602038029054,1.818997560332906
2011-10-06,0.009939105402846688,1.8371669127945716
2011-10-07,-0.000614943315180597,1.8360375065786698
2011-10-10,0.027690051932175663,1.88758790330032
2011-10-11,-0.0018614476781143774,1.8840775253865112
2011-10-12,0.008064922913848336,1.8993339034557337
2011-10-13,-0.000773219372645664,1.8978658693158184
2011-10-14,0.014595998236904908,1.925770267066747
2011-10-17,-0.014956532252110537,1.8971817474456452
2011-10-18,0.009595628843450143,1.915474021924454
2011-10-19,-0.00866880594940103,1.8989409140153484
2011-10-20,0.0020477532438923905,1.9028334605591737
2011-10-21,0.0137888167674396,1.9292530110585677
2011-10-24,0.00495875815737797,1.9388434688934462
2011-10-25,-0.01455588586161879,1.910826286783024
2011-10-26,0.011010362336938738,1.931981425719972
2011-10-27,0.021609158063696877,1.9741842593507406
2011-10-28,-0.0008590953800518934,1.9724889750838683
2011-10-31,-0.019604655985165132,1.9341955980081407
2011-11-01,-0.022115922542763136,1.8918886311776237
2011-11-02,0.011384853311998589,1.9135505808103084
2011-11-03,0.015635698481912437,1.9437054123087536
2011-11-04,-0.008193781669702046,1.927844184987819
2011-11-07,0.007720263374271663,1.9427852501091099
2011-11-08,0.01161080163985829,1.9654740067131093
2011-11-09,-0.02997203126787204,1.907438819019767
2011-11-10,0.00574207004294598,1.9184229720289872
2011-11-11,0.015525177459920643,1.9484392300773938
2011-11-14,-0.00736557935590898,1.9341405699100627
2011-11-15,0.003473120819172588,1.9408697526587064
2011-11-16,-0.013833654847653169,1.914205289119019
2011-11-17,-0.009948864865911271,1.8952555399224127
2011-11-18,0.0005983027031638948,1.896389815721437
2011-11-21,-0.01906538731145357,1.860576887855327
2011-11-22,-0.002277800828206723,1.8563436873033758
2011-11-23,-0.017901436404842663,1.8234081451392068
2011-11-25,-0.0034469479299728723,1.8171337721387226
2011-11-28,0.02419327860334524,1.8616323080362922
2011-11-29,0.004339366766336359,1.8697281661499279
2011-11-30,0.03560016157093948,1.9374897970166802
2011-12-01,-0.0017419607479188292,1.9341177037205617
2011-12-02,-0.0008788822033733215,1.932418588861809
2011-12-05,0.007299177996923739,1.9465752592818948
2011-12-06,0.0045485470023004584,1.9554495155279175
2011-12-07,0.005177563505554356,1.9656002348975607
2011-12-08,-0.014826387115495162,1.9366724619912858
2011-12-09,0.013673740582917707,1.9633358978431985
2011-12-12,-0.012268048755205834,1.9393967409438004
2011-12-13,-0.0018235247257532064,1.9358634255567244
2011-12-14,-0.0077402096351348,1.920937277096761
2011-12-15,0.002050179267793357,1.9248795827127472
2011-12-16,0.0022903332019217617,1.9292932507866305
2011-12-19,-0.007647783390674236,1.9145947111724249
2011-12-20,0.021606952845449983,1.9564134294053264
2011-12-21,-0.0019863772239067288,1.9525311114790993
2011-12-22,0.005853733984032582,1.9639942274840043
2011-12-23,0.010686347716991928,1.9850946953792543
2011-12-27,-3.538289456679083e-05,1.9850244582255467
2011-12-28,-0.007451025459763304,1.9702889559239298
2011-12-29,0.008788277563974715,1.9876807120038615
2011-12-30,-0.004662072344278669,1.9784355682369075
2012-01-03,0.010392060314467044,1.9991027915097832
2012-01-04,-0.001290470769025808,1.996524671645006
2012-01-05,-0.000905944032418096,1.9947167510942228
2012-01-06,-0.003600779203511002,1.9875471323535558
2012-01-09,-0.0006478349144164939,1.9862599469140216
2012-01-10,0.0027107317534215652,1.9916514690063
2012-01-11,-0.0001948808139243422,1.991263372164509
2012-01-12,0.00048088055403055477,1.9922211622709975
2012-01-13,-0.003296970373189067,1.9856636839679824
2012-01-17,0.0033254791364152004,1.992277958842003
2012-01-18,0.006389310972946846,2.0050479946877875
2012-01-19,0.0019570354849246384,2.008975786923143
2012-01-20,0.0055279848103369205,2.0201121269576183
2012-01-23,-0.002864771734943069,2.0143332483711425
2012-01-24,-0.004735237462309728,2.0048174496757514
2012-01-25,0.006104048128705343,2.01709237713883
2012-01-26,-0.005326739862527964,2.0063764166720324
2012-01-27,-0.003649900781388387,1.9990666898248042
2012-01-30,0.0012532474044634236,2.0015735855173196
2012-01-31,-0.001461306658945992,1.9986508087651103
2012-02-01,0.004658881807637405,2.007984010919184
2012-02-02,-0.000931352820992514,2.006114739956619
2012-02-03,0.007462487751240077,2.0211413448242053
2012-02-06,0.0011726040007247434,2.023512733329279
2012-02-07,0.001933700523621289,2.0274293865580435
2012-02-08,0.0012230308995510493,2.0299105122819014
2012-02-09,0.001169024403937171,2.0322849148054067
2012-02-10,-0.005149796722123998,2.0218459629232393
2012-02-13,0.006289231435360442,2.0346018905551424
2012-02-14,0.00030574953949643734,2.0352240642560524
2012-02-15,-0.006373503033166979,2.0222938067974603
2012-02-16,0.010327921587460064,2.0432881258869307
2012-02-17,0.0028886671642235954,2.0491990384224543
2012-02-21,0.0002507842338349222,2.0497130096785305
2012-02-22,-0.0038454740836512415,2.0418460272539307
2012-02-23,0.0055675489512561245,2.0532458099385154
2012-02-24,0.0024244657879494923,2.058229873563459
2012-02-27,0.0003668886572816554,2.0589851533014603
2012-02-28,0.005730772414030127,2.070818603638355
2012-02-29,-0.0005036504764197554,2.069775897463826
2012-03-01,0.002697260226792104,2.075366157474226
2012-03-02,-0.00038539647972933116,2.074566472770719
2012-03-05,0.0009762321451967309,2.0765927201317664
2012-03-06,-0.009422888901947351,2.0571171199481406
2012-03-07,0.004462335515027859,2.06631717833841
2012-03-08,0.006350182226140587,2.079480419213244
2012-03-09,0.0017885273591114067,2.083202954771776
2012-03-12,0.005265418590962442,2.094200819108949
2012-03-13,0.013637936938012355,2.122957039874134
2012-03-14,0.0013420333540730331,2.125808031666049
2012-03-15,0.0036873223555241035,2.13366104053466
2012-03-16,-0.0018324774796990011,2.1297547349301995
2012-03-19,0.0025925098058936307,2.1352833083084914
2012-03-20,-0.0008997540338377136,2.1333629425964062
2012-03-21,-0.0007025539132033942,2.1318646664843017
2012-03-22,-0.0018977282014292155,2.1278228031770974
2012-03-23,-0.00019353190052404356,2.127411041431822
2012-03-26,0.010195841987224423,2.1492127427365686
2012-03-27,-0.0017640062780465348,2.1454248598723353
2012-03-28,-1.3928873278348036e-05,2.145394976729454
2012-03-29,-0.0011998703350666092,2.142822324672969
2012-03-30,0.0015964716842386184,2.146246012021449
2012-04-02,0.006096684355638651,2.1593709652006137
2012-04-03,-0.004074519068261771,2.1505904673280583
2012-04-04,-0.0075927243041409645,2.1343234604164976
2012-04-05,0.000460635491171809,2.1353068320225495
2012-04-09,-0.008276087088761687,2.117707772844543
2012-04-10,-0.012952076850803493,2.0904559240146687
2012-04-11,0.0038203828621103763,2.0984575408885777
2012-04-12,0.007879465437351733,2.1150575783788867
2012-04-13,-0.012393857093656393,2.0890056325352586
2012-04-16,0.0029602590366186363,2.0951987924927598
2012-04-17,0.01516351564523403,2.127211471146267
2012-04-18,-0.00753224025994041,2.1112489953320894
2012-04-19,-0.005001584542047595,2.1007157683633397
2012-04-20,0.005848661491485275,2.113038143356602
2012-04-23,-0.00860172177429285,2.0949403249357865
2012-04-24,0.0060439267462786585,2.1076403310910563
2012-04-25,0.010870670649170192,2.130676778942198
2012-04-26,0.008654283947470871,2.1491962817180217
2012-04-27,-0.0009628134161669373,2.147128002547251
2012-04-30,-0.003661693483084115,2.1392802547250525
2012-05-01,0.004821323146653659,2.1496193200941685
2012-05-02,0.0001150591351105239,2.1498666676634812
2012-05-03,-0.0007926680583902417,2.1481632122527663
2012-05-04,-0.012342800186009075,2.121811822466772
2012-05-07,0.0026160483742438713,2.1273698517022663
2012-05-08,-0.0020697092908577384,2.1229713679166333
2012-05-09,-0.004786516084159851,2.1128340119810245
2012-05-10,0.004689362143922278,2.1227651229021487
2012-05-11,-0.0006823566249605572,2.121317134135848
2012-05-14,-0.008931142530543092,2.1024557009064826
2012-05-15,-0.002581215444321839,2.097035807745515
2012-05-16,0.0013029456632967628,2.099769912265008
2012-05-17,-0.004592847573706787,2.090148101786308
2012-05-18,-0.006224798813786896,2.0771777611235884
2012-05-21,0.008401035239430445,2.094701711288679
2012-05-22,-0.001400243555913031,2.0917706712797326
2012-05-23,-0.0009216362120895337,2.0898437077977556
2012-05-24,0.002740385029432249,2.0955785384415697
2012-05-25,-0.003932632731530307,2.087353581158238
2012-05-29,0.007510293476241971,2.1030892348667023
2012-05-30,-0.007746357556272866,2.08686089011102
2012-05-31,-1.8105746290834283e-05,2.086823106279253
2012-06-01,-0.016592257956022146,2.052483671182785
2012-06-04,0.002435024159186722,2.057487608389942
2012-06-05,-0.0007480129410351726,2.055949156495543
2012-06-06,0.018199241161934394,2.093708423828449
2012-06-07,-0.00028423132060066464,2.093113410882855
2012-06-08,0.010688906167254104,2.115606502846246
2012-06-11,-0.009895203916060292,2.0947753791758164
2012-06-12,0.009475437377791439,2.1147186283912376
2012-06-13,-0.0011429079732202584,2.1123030802472886
2012-06-14,0.011853423765106622,2.137490084993286
2012-06-15,0.007923634949438872,2.1544940537908808
2012-06-18,-0.000797295611276721,2.15277696974002
2012-06-19,0.0055144194304046126,2.1646810768452363
2012-06-20,-0.0017567900051078968,2.1608815252495384
2012-06-21,-0.015445208354157402,2.1277626819655944
2012-06-22,0.0061254818160903605,2.1408362536674566
2012-06-25,-0.009594980848924838,2.1203932029909613
2012-06-26,0.0037457746435848233,2.128350612111727
2012-06-27,0.008178144716073135,2.1458279400729245
2012-06-28,-0.0011057642541024574,2.143456471625493
2012-06-29,0.01918670791096196,2.184979415351407
2012-07-02,0.003727659825998619,2.193139474852665
2012-07-03,0.0037130893994098426,2.201297934960628
2012-07-05,-0.0032604316044503394,2.194132441251426
2012-07-06,-0.0064005397469306426,2.180133657029122
2012-07-09,0.0018432439007497266,2.184155880926285
2012-07-10,-0.0045725056816845,2.1741916139456654
2012-07-11,-0.0014663785093606112,2.1710057624906662
2012-07-12,-0.0037661363492872053,2.1628448360010517
2012-07-13,0.015120522497956774,2.1957966767147217
2012-07-16,-0.002694669227468817,2.189887695930088
2012-07-17,0.007865248199068885,2.207179619679888
2012-07-18,0.006094034813145226,2.2206713168033647
2012-07-19,0.0003243601449801407,2.221391730904131
2012-07-20,-0.006115748140517742,2.2078477166612855
2012-07-23,-0.004726396589858987,2.197437174298224
2012-07-24,-0.006722207270248979,2.182715084058791
2012-07-25,-5.965238303472455e-05,2.182584883785958
2012-07-26,0.01584191483941847,2.217436537228225
2012-07-27,0.014756341174789116,2.250400402170227
2012-07-30,0.001812600701237824,2.2544831786211583
2012-07-31,-0.0005837712794528604,2.2531674601681573
2012-08-01,-0.0016212599764770868,2.2495174495522483
2012-08-02,-0.007548361984809946,2.2326012028494064
2012-08-03,0.014990241127191767,2.266320532247467
2012-08-06,0.001007169707344612,2.2686042514880507
2012-08-07,-0.0014019371118978623,2.2654260393430037
2012-08-08,0.000739125051723037,2.267101091441735
2012-08-09,-0.00010369485253465726,2.2668660169165964
2012-08-10,0.0019435097145096083,2.27127597705403
2012-08-13,-0.0010577507753170474,2.2688748032739325
2012-08-14,0.001711108657200986,2.272760417998361
2012-08-15,-0.0007451556325014291,2.271067488597837
2012-08-16,0.0031895123752227967,2.2783226505214995
2012-08-17,0.0003374992013184532,2.2790917123679755
2012-08-20,-0.0008273122124988982,2.2772069717029133
2012-08-21,-0.006028791287802041,2.263519467162965
2012-08-22,-0.0009377082954436967,2.261397941023492
2012-08-23,-0.006467443046364201,2.2468196715133764
2012-08-24,0.00779939872418776,2.264412029721525
2012-08-27,-0.001682526588642763,2.2606052996342076
2012-08-28,-0.0016434529960608483,2.2568931522869757
2012-08-29,-0.00028298469495707085,2.2562545764245843
2012-08-30,-0.0071044719114758195,2.240281885112733
2012-08-31,0.005600668678963891,2.252864163395154
2012-09-04,0.00039266010754245587,2.253748946978072
2012-09-05,0.0024073647168761305,2.2591810786112894
2012-09-06,0.017562341046254176,2.299208041982833
2012-09-07,-0.0015160086068516758,2.295725063581933
2012-09-10,-0.0036592938574433694,2.287339682601932
2012-09-11,0.002195780168010728,2.292367695900243
2012-09-12,0.0023313497040884077,2.297718241222432
2012-09-13,0.014836253854011225,2.33206190805483
2012-09-14,-0.002684758171705338,2.3258092829391486
2012-09-17,0.0010457226123818753,2.328242706419632
2012-09-18,0.002616883770341651,2.334343425926893
2012-09-19,0.0012390673841760828,2.337237627414472
2012-09-20,0.0034814928984269527,2.3453888846550432
2012-09-21,-0.0007622566573410925,2.3436017775673297
2012-09-24,-0.0005869715284770105,2.3422265536979223
2012-09-25,-0.006106037398744408,2.3279684054575807
2012-09-26,-0.0030161567695291642,2.320957466153225
2012-09-27,0.006398634613708983,2.3358560393641548
2012-09-28,-0.004278019153980033,2.3258845468126044
2012-10-01,0.004328259388092298,2.3359733962664193
2012-10-02,-0.0009163358596629606,2.3338338405017476
2012-10-03,0.004814088681338853,2.345096210851379
2012-10-04,0.005125548917559209,2.357146973200064
2012-10-05,0.0014853501725659698,2.360650763396966
2012-10-08,-0.005288713635696605,2.3481989136728667
2012-10-09,-0.010345451607171697,2.3240309651725695
2012-10-10,-0.004874261905348748,2.312730592433607
2012-10-11,-0.0033125119455668303,2.3050823192110377
2012-10-12,-0.0013758026677265613,2.3019131613747312
2012-10-15,0.005859603402158148,2.3154410549054645
2012-10-16,0.005508242880471017,2.3282302572916547
2012-10-17,0.002170140749186551,2.3332883310273678
2012-10-18,-0.003029212989827426,2.3262309981847507
2012-10-19,-0.016283803087805075,2.288657857728367
2012-10-22,-0.0014550622093598069,2.285330139774873
2012-10-23,-0.014139067997149951,2.2532450625941762
2012-10-24,0.0009133757130025423,2.2553040620867133
2012-10-25,0.00528331032223961,2.267251065390584
2012-10-26,-0.0007587026985624702,2.265531548272576
2012-10-31,-0.0012154610053875055,2.262779555827731
2012-11-01,0.00793682375544551,2.280810297116624
2012-11-02,-0.008945097820691335,2.2604992036893687
2012-11-05,-0.0006163671461682376,2.2591063355494523
2012-11-06,0.005602008655913643,2.271797383285748
2012-11-07,-0.021495094192658788,2.223485973826094
2012-11-08,-0.012182397632543454,2.1965629102674273
2012-11-09,0.0029968537673294,2.2031555617723657
2012-11-12,-0.0018220438605726441,2.1991449705532506
2012-11-13,-0.0049093625541148395,2.1883750289889354
2012-11-14,-0.009611722449634385,2.1674417392403735
2012-11-15,-0.004676753593409897,2.157328814558801
2012-11-16,0.0016157352540208155,2.160817304257973
2012-11-19,0.018562162968178805,2.201301320251538
2012-11-20,-0.00033211838186705594,2.2005703490102664
2012-11-21,0.0030362909696522063,2.2072620747613327
2012-11-23,0.014283819290266495,2.2390164543781723
2012-11-26,-0.0041403368181723065,2.229765336702695
2012-11-27,-0.005018614698213097,2.218603036680089
2012-11-28,0.008726335360699415,2.2380480291804585
2012-11-29,0.002691330747383173,2.2440794693150474
2012-11-30,0.0022869108443596795,2.2492173516892446
2012-12-03,-0.004461038091925538,2.239205854843843
2012-12-04,-0.002406430109723639,2.2338238407704636
2012-12-05,0.0003278579382552187,2.234556337720232
2012-12-06,0.0034813219125989538,2.2423491043578676
2012-12-07,0.0019625341876890476,2.24675411221132
2012-12-10,-0.0007453918733618305,2.2450800239580366
2012-12-11,0.007279543891299757,2.26148281250719
2012-12-12,0.00012302821388181058,2.2617610558138748
2012-12-13,-0.004376740997067562,2.251883544896495
2012-12-14,-0.004312528217486923,2.2421931436494638
2012-12-17,0.007080660512651846,2.2581256920206965
2012-12-18,0.004640341873139261,2.2686285167265883
2012-12-19,-0.007974124310104568,2.2506101268385126
2012-12-20,0.0051954072730591725,2.2623333902545517
2012-12-21,-0.00898764659799701,2.242091437274187
2012-12-24,-0.00319079862436784,2.234948776456649
2012-12-26,-0.0034689947506527314,2.22720918294924
2012-12-27,-0.0007581462963692075,2.2255212724783324
2012-12-28,-0.01135133802066573,2.2004014696579834
2012-12-31,0.012365222992935635,2.227778839315119
2013-01-02,0.025321191504275337,2.284909104679074
2013-01-03,-0.004112964091740781,2.275530655412027
2013-01-04,0.002496724915647758,2.2812191278161182
2013-01-07,-0.003956467945932032,2.272211388625275
2013-01-08,-0.003495655206516955,2.2642823876551854
2013-01-09,0.00018419830673220162,2.2646995030517507
2013-01-10,0.006363593838722165,2.27915708315108
2013-01-11,0.00022634869814825193,2.2796730257789948
2013-01-14,-0.0029499778480667547,2.2729579503836983
2013-01-15,-9.601170318960321e-05,2.2727397302956125
2013-01-16,-0.00029995459246438827,2.2720581138081424
2013-01-17,0.0030181739617773868,2.2789259393795747
2013-01-18,0.003683405479472945,2.28733562630727
2013-01-22,0.0008699451384858333,2.2893263485995026
2013-01-23,0.007921929929293034,2.307534257183703
2013-01-24,-0.002399556526220538,2.3020038362298676
2013-01-25,0.006196477721264589,2.3163124373963813
2013-01-28,0.0009372979550598436,2.3184845300972357
2013-01-29,0.009699817862625476,2.341082830271769
2013-01-30,-0.0027812796009403615,2.3345806707051677
2013-01-31,-0.002079664837896948,2.329730570412647
2013-02-01,0.011945645741838212,2.3577275948215553
2013-02-04,-0.011015931710056014,2.331897560798826
2013-02-05,0.009829469562650735,2.3549318990979393
2013-02-06,0.0017896909203668503,2.3591502730026233
2013-02-07,-0.0013798826063519893,2.3558971675431364
2013-02-08,0.0029735369755809035,2.3629129405422957
2013-02-11,4.157562069473162e-05,2.36301118215666
2013-02-12,-0.0009178512291805307,2.360843284494513
2013-02-13,0.0011561436495152,2.3635743369056232
2013-02-14,-0.00022140043654637827,2.3630510984403723
2013-02-15,0.00040133873350112843,2.363999672712485
2013-02-19,0.008147138822382782,2.3833381759901697
2013-02-20,-0.005229874418023979,2.370906153927415
2013-02-21,-0.001002305982879695,2.3685309710333455
2013-02-22,0.007330133855301893,2.3859564074586164
2013-02-25,-0.014451561287625682,2.3517235669878893
2013-02-26,0.005938140203997839,2.3657299761030135
2013-02-27,0.011184291436116909,2.3923375054390132
2013-02-28,-0.0014509231042998953,2.388868924609619
2013-03-01,0.003106658151330619,2.3963018635487483
2013-03-04,0.005995393702515108,2.4107117900787767
2013-03-05,0.00814446369306595,2.430425916246454
2013-03-06,0.00017215835119885155,2.4308443703840594
2013-03-07,0.0021278209654408825,2.436022278876576
2013-03-08,0.002298699684142374,2.441628403449413
2013-03-11,0.0015701539299845637,2.445465147233563
2013-03-12,-0.0028865612559523073,2.4384163405872195
2013-03-13,-0.00027689787503867023,2.437741241755081
2013-03-14,0.007371995255914006,2.4557786628268583
2013-03-15,-0.00505988016655421,2.443384101020289
2013-03-18,-0.0020358147820225374,2.438414883468807
2013-03-19,0.0030896361597554916,2.445960348633943
2013-03-20,0.004936934310464055,2.4580657514028896
2013-03-21,-0.006185988360424483,2.442907119175704
2013-03-22,0.005142965967634107,2.455503270376081
2013-03-25,-0.002439341565411625,2.4495207588456904
2013-03-26,0.007575378604097873,2.468147268347771
2013-03-27,-0.00414957675751057,2.4579267219454395
2013-03-28,0.0016436051531407217,2.461969904759525
2013-04-01,0.0020746246749283595,2.467082870181104
2013-04-02,0.008654739848524735,2.4885274955761276
2013-04-03,-0.008810328275352785,2.4666990504982027
2013-04-04,0.0033800079545984636,2.475050619143707
2013-04-05,-0.004644858655350799,2.4635810168148775
2013-04-08,0.004555591274487576,2.4748296877185636
2013-04-09,0.003169674583084305,2.482686537728037
2013-04-10,0.010900164537948375,2.509896255278107
2013-04-11,0.0027972629931623614,2.516926923919884
2013-04-12,0.00018782161969036496,2.5173997016089227
2013-04-15,-0.014270221189609118,2.4817309567776618
2013-04-16,0.014869780008207274,2.5189094833562122
2013-04-17,-0.010709603288798044,2.492076901685964
2013-04-18,-0.004976876680971405,2.4797049546312033
2013-04-19,0.010050288564791699,2.504752360978948
2013-04-22,0.00234910692312232,2.510643208497218
2013-04-23,0.00857748714716958,2.5322708411184776
2013-04-24,-0.009945797262147234,2.5072102192325234
2013-04-25,0.004051565254953912,2.5173889510178453
2013-04-26,0.001097569025387871,2.520153476006309
2013-04-29,0.006720078403037692,2.5371461370116495
2013-04-30,0.0010239879711269328,2.5397454747551036
2013-05-01,-0.007173501994767572,2.5215917960984178
2013-05-02,0.00787083122819297,2.541517131162221
2013-05-03,0.006872381405291653,2.5590435614118165
2013-05-06,-0.00020424068870891814,2.558520953963067
2013-05-07,0.0045158045321268955,2.570100861102497
2013-05-08,0.004195579848929125,2.5809065767554964
2013-05-09,-0.004902148313179406,2.568285550280312
2013-05-10,0.0038228615465276993,2.5781225410979123
2013-05-13,-0.0007103951432936064,2.576291705751166
2013-05-14,0.008511797862380769,2.5983141724156154
2013-05-15,0.007760048830437326,2.6185556531341403
2013-05-16,-0.0033982286278208007,2.6096723047232677
2013-05-17,0.005246029723096489,2.6233986962502347
2013-05-20,-0.002827589872606258,2.615991278170436
2013-05-21,-0.0006511906547901466,2.614288323631298
2013-05-22,-0.00499061557317513,2.6012739175710466
2013-05-23,-0.003852805067672476,2.591270998261825
2013-05-24,0.0035274123869775747,2.6004276197748077
2013-05-28,0.0033898298602002444,2.609257584553359
2013-05-29,-0.012213254724724768,2.5775838703136005
2013-05-30,0.00023238925667799307,2.5781829427195473
2013-05-31,-0.014999466134340843,2.539800155265707
2013-06-03,0.008812192733122717,2.5622802678059524
2013-06-04,-0.002595504750368103,2.555638480323182
2013-06-05,-0.01070567615356856,2.5284245739399442
2013-06-06,0.007356494746324957,2.547093500771996
2013-06-07,0.011342228737864904,2.5761476759498225
2013-06-10,0.0007894214507746113,2.5781821451067226
2013-06-11,-0.007899888431308946,2.557895032275569
2013-06-12,-0.006065382393082653,2.542427376825725
2013-06-13,0.010601453273103453,2.5695241808266274
2013-06-14,-0.004917090553222417,2.5569206095951813
2013-06-17,0.006974295380324437,2.574815659336177
2013-06-18,0.007382827288101335,2.5938954232851112
2013-06-19,-0.014612422902732911,2.5562679104851096
2013-06-20,-0.024196409010015855,2.4951577117329524
2013-06-21,0.003455706372342932,2.5037951597838926
2013-06-24,-0.0067491852213313035,2.4869534802318727
2013-06-25,0.007286145386937583,2.5051399590670456
2013-06-26,0.0090005051589913,2.527789258862723
2013-06-27,0.003089874310638233,2.535611889204894
2013-06-28,-0.006415127273668819,2.5193976799334763
2013-07-01,0.004610884897631087,2.531041155380955
2013-07-02,-8.326606114313485e-05,2.5308304143272657
2013-07-03,0.0029926934002611214,2.538415758448719
2013-07-05,0.007821424005849857,2.558347630599963
2013-07-08,0.0066191900482856095,2.5753379889478043
2013-07-09,0.004252897146121535,2.5863139598252594
2013-07-10,-0.0015307204609936596,2.582358064585717
2013-07-11,0.011902543113458734,2.6132783427154354
2013-07-12,-0.00015278983872787333,2.6128790908404924
2013-07-15,0.0012101998250400236,2.6160431108211273
2013-07-16,-0.0020123114369203802,2.6107841104976424
2013-07-17,0.0019840733655547968,2.61596923985206
2013-07-18,0.0010321409836567836,2.6186706828116697
2013-07-19,-0.0011978722441466048,2.6155357278967704
2013-07-22,0.002299880447915588,2.6215580700571044
2013-07-23,-0.00010625530887105145,2.621279530393068
2013-07-24,-0.0016411586712600516,2.616981122911101
2013-07-25,-0.0005855651718958807,2.615449158486295
2013-07-26,0.0009565170807722452,2.617952077131665
2013-07-29,-0.001782445068314982,2.6132898776542897
2013-07-30,-0.0008531673872631734,2.611061254786568
2013-07-31,-0.0028551265239209985,2.6036169767772313
2013-08-01,0.008054389292632325,2.6246722011374195
2013-08-02,0.0008172335583246055,2.6268180480494157
2013-08-05,-0.001057351353706968,2.6240420462936047
2013-08-06,-0.0037548205611982735,2.614207713895733
2013-08-07,-0.0017834781711434078,2.6095494866611983
2013-08-08,0.0009568766412422638,2.6120476986588868
2013-08-09,-0.005509873861696558,2.5976952217973017
2013-08-12,0.0006352350207455205,2.599345893001982
2013-08-13,0.0001953393476073077,2.5998536971283754
2013-08-14,-0.005267935006783557,2.5861938480131115
2013-08-15,-0.011927628899297726,2.5555299250206236
2013-08-16,-0.003744822078590251,2.5459778167708267
2013-08-19,-0.003892098647701223,2.5360878787450547
2013-08-20,-0.00019954632762920406,2.5355818622108557
2013-08-21,-0.004672274215694213,2.5237625614627466
2013-08-22,0.0034605256070635703,2.532511235206978
2013-08-23,0.0072003849028911375,2.5508120984328913
2013-08-26,-0.008570411352778726,2.529044003472024
2013-08-27,-0.010865517596203784,2.5017133809169136
2013-08-28,0.0004689573085086968,2.502886852823296
2013-08-29,0.0021530000689687083,2.508281373507931
2013-08-30,-0.0008149936587059628,2.506237972886651
2013-09-03,-0.004414116426197224,2.4951995270981504
2013-09-04,0.005645727325589598,2.5093265844839654
2013-09-05,-0.0013063576464991912,2.506050646751799
2013-09-06,-0.0006896146673324437,2.504323033230999
2013-09-09,0.007811387320346934,2.523961873854392
2013-09-10,0.006090733006315016,2.5393815626813097
2013-09-11,0.003955158348560734,2.549445107206304
2013-09-12,-0.0012886778292794366,2.5461618098303282
2013-09-13,0.0026745124191424534,2.5529806657046104
2013-09-16,0.005260601764373538,2.5664462678303472
2013-09-17,0.001849361072255625,2.5711969451569687
2013-09-18,0.012045341975836017,2.6023551706607013
2013-09-19,-0.0018817527147417914,2.5974627863259983
2013-09-20,-0.006178252778914497,2.5814644763388226
2013-09-23,-0.0036417583666099184,2.572080503935183
2013-09-24,-0.006617845339923748,2.5551150721780056
2013-09-25,-0.005469083062925506,2.541179078901783
2013-09-26,0.0037664480752830545,2.5507683453533336
2013-09-27,-0.00522910945647942,2.537464911347259
2013-09-30,-0.008640924997367369,2.515633325750553
2013-10-01,0.006285549983249659,2.531495263035972
2013-10-02,-0.0008880340799407675,2.5292482068480946
2013-10-03,-0.007046875835669734,2.511487560807682
2013-10-04,0.0022277055091386353,2.5170886519574673
2013-10-07,-0.006271605790364826,2.501351863241881
2013-10-08,-0.006550640025156402,2.4850199582262036
2013-10-09,0.003139695446133321,2.4928344251763654
2013-10-10,0.01786829148643964,2.5377774490763967
2013-10-11,0.006431373855665529,2.554151441809109
2013-10-14,0.0033938999894030514,2.5628347030856906
2013-10-15,-0.006055351457217206,2.547362729626508
2013-10-16,0.013610806130741181,2.5822714186705724
2013-10-17,0.005179548889293853,2.595681117845939
2013-10-18,0.0123907746231062,2.6280437022607392
2013-10-21,0.0009074626185980095,2.6304296360897306
2013-10-22,0.006678327013538877,2.6480552948333758
2013-10-23,-0.001877846668763689,2.643087319027564
2013-10-24,0.00015845279836143423,2.643506156791709
2013-10-25,0.0024296486046330844,2.6499367567225494
2013-10-28,0.005285170910685837,2.6639792010561685
2013-10-29,0.008117153098878414,2.6856911283893465
2013-10-30,-0.004703873273686455,2.67308764350615
2013-10-31,-0.003946163533179572,2.66255998811282
2013-11-01,0.0026274336432325325,2.6695648862253916
2013-11-04,0.003292394935356316,2.6783686328892524
2013-11-05,-0.003190301767046169,2.669837444475567
2013-11-06,0.011209499088075205,2.6999333497503453
2013-11-07,-0.008558184564990102,2.6769254153343645
2013-11-08,0.009207220132320476,2.701686271316442
2013-11-11,-0.00023418955087507374,2.701053638702822
2013-11-12,-0.0011094791932647493,2.6980585376991453
2013-11-13,0.005745294117813587,2.7136042922497037
2013-11-14,0.0033692420020408212,2.722762501255788
2013-11-15,0.00418620089437858,2.7341844226223735
2013-11-18,-0.0009756831239227174,2.731518026014139
2013-11-19,-0.00012137710525044012,2.7311865023832986
2013-11-20,-0.0014529573093640287,2.7272210864790467
2013-11-21,0.0045234915822328576,2.7395855923923196
2013-11-22,0.0023056873466288214,2.7459095079121063
2013-11-25,0.0004939132080668787,2.747266083874035
2013-11-26,-0.0014034462036087493,2.743413148044815
2013-11-27,0.0022668419216876237,2.7496390859197644
2013-11-29,-0.0002729337513727822,2.7488887190140083
2013-12-02,-0.004281960742820518,2.7371432501972737
2013-12-03,0.0006529456120992809,2.738931039473242
2013-12-04,-0.00010805172245884623,2.738635109244904
2013-12-05,-0.007675178152055339,2.717696055163524
2013-12-06,0.01227936589943989,2.7512733715997313
2013-12-09,0.0034547011679116465,2.7607946360218434
2013-12-10,-0.007505232296729929,2.7401517925210994
2013-12-11,-0.007837875330005838,2.718758771819033
2013-12-12,-0.010326762938061514,2.6908272637501396
2013-12-13,-0.0030965688586744146,2.6825078193551035
2013-12-16,0.0042974331283247725,2.6940605230312005
2013-12-17,-0.006813814918595881,2.6757660914643524
2013-12-18,0.017531317536513505,2.7230894044298015
2013-12-19,-0.00026344401096061056,2.722372117321539
2013-12-20,0.00028420196294961776,2.7231459307756043
2013-12-23,0.005679917848003837,2.738657185575731
2013-12-24,0.003159814331935817,2.7473245201734837
2013-12-26,0.0063470030426905615,2.764817251748837
2013-12-27,0.0008415817989117548,2.767145051004578
2013-12-30,-0.00042674761551379206,2.7659644303837156
2013-12-31,0.0021826563999096985,2.7720081736577233
2014-01-02,-0.009129598189997262,2.7468160249298603
2014-01-03,-0.0014679884894840097,2.74278668885562
2014-01-06,-0.00048687034315322153,2.7414516323852935
2014-01-07,0.008716380640084355,2.765451612851828
2014-01-08,-0.005191406355374978,2.7511322307986514
2014-01-09,-0.0030040998762857984,2.742879956338938
2014-01-10,0.00027166932040326473,2.7436252138998483
2014-01-13,-0.010482323861628427,2.7150158541040255
2014-01-14,0.007940071190974831,2.7366590839556357
2014-01-15,0.006561336940721713,2.754674263497742
2014-01-16,-0.0019135360578163263,2.7494081350372275
2014-01-17,-0.0043795094845314134,2.737393404549688
2014-01-21,-0.0006945569763580597,2.735492788982828
2014-01-22,-0.004711478085751092,2.7226348882974514
2014-01-23,-0.006998975637887546,2.703645762773034
2014-01-24,-0.013694631549003973,2.666872701682959
2014-01-27,-0.005296352591829182,2.6527853422793397
2014-01-28,0.002936251822181257,2.660586034868858
2014-01-29,-0.009191408437738646,2.6362435442006245
2014-01-30,0.005602739583754647,2.651055184393926
2014-01-31,-0.007523930440025268,2.631183679248063
2014-02-03,-0.02080855600220745,2.5769982616133413
2014-02-04,0.004779076044699154,2.5893434079727915
2014-02-05,0.0001751164831481268,2.5897968843884973
2014-02-06,0.009676816911273638,2.6149795220532663
2014-02-07,0.009499309161305034,2.6399383792503226
2014-02-10,0.004194807896288162,2.6510356728440043
2014-02-11,0.011826233069661412,2.6825735582058092
2014-02-12,-0.0026555032697303397,2.6754594253328134
2014-02-13,0.004888312793362511,2.6885699258766267
2014-02-14,0.004907315444634186,2.7017960123447993
2014-02-18,-0.008396306124673165,2.679205875503939
2014-02-19,-0.004150488338290099,2.668108907609904
2014-02-20,0.005014889068722713,2.681522784244244
2014-02-21,-0.005178056214347871,2.6676735954105224
2014-02-24,0.0022956513964699993,2.67380467874759
2014-02-25,0.0008070524128800551,2.6759634502688527
2014-02-26,0.0020656726471971107,2.6814968278787816
2014-02-27,0.006420936255297465,2.6987699435213743
2014-02-28,0.0029754008769572893,2.7068118239541765
2014-03-03,-0.007291400804921194,2.6871471526640964
2014-03-04,0.013684598930445423,2.724172444043481
2014-03-05,-0.002967047032979012,2.716101675372007
2014-03-06,0.0024384689476094003,2.7227328866815457
2014-03-07,0.0011746999824374458,2.725933160268365
2014-03-10,0.00045281133720650524,2.727167773210075
2014-03-11,-0.001038676258197986,2.724336599382972
2014-03-12,0.0002523106660361738,2.725024065288712
2014-03-13,-0.010030753417202968,2.697826654137157
2014-03-14,-0.0037488537600553528,2.687731830372469
2014-03-17,0.009433571459572482,2.71320671129123
2014-03-18,0.006580739898654493,2.7311204972846057
2014-03-19,-0.0071457687440648196,2.7116741042601546
2014-03-20,0.008558154482102048,2.734980618272055
2014-03-21,0.0002250182219269679,2.7355961079933877
2014-03-24,0.0020217998729800467,2.7411325307405323
2014-03-25,0.008699106390430426,2.765081952509938
2014-03-26,-0.004652844792211888,2.752246339561064
2014-03-27,0.0008879614513160881,2.7546913135758073
2014-03-28,0.002371294858724766,2.761231249919251
2014-03-31,0.00609701783157807,2.778117953040509
2014-04-01,0.002288503243841548,2.784482965385588
2014-04-02,0.0006898595093125586,2.7864045301664393
2014-04-03,-0.0013313284669231543,2.782697378760721
2014-04-04,-0.006041966221098617,2.7659351047341385
2014-04-07,-0.002932469858809674,2.7578359644544226
2014-04-08,0.006044634898097042,2.774556560005229
2014-04-09,0.00614291236218599,2.7916528746171756
2014-04-10,-0.015241124398916816,2.7494275440150506
2014-04-11,-0.006531605356780111,2.7315278887187087
2014-04-14,0.006691993473853057,2.74986855488737
2014-04-15,0.0070564417986151515,2.7693414662297857
2014-04-16,0.006906964144311218,2.7885354181033373
2014-04-17,0.0008265313677660159,2.7908411828587085
2014-04-21,0.004213262323794702,2.802624534611048
2014-04-22,0.0005382068629495538,2.8041333323560766
2014-04-23,-0.002347798193572362,2.797557515549822
2014-04-24,0.00046112878263107745,2.7988478473230027
2014-04-25,-0.0018232306777418116,2.7937495511627137
2014-04-28,0.012829643413916382,2.8298232733791306
2014-04-29,0.00017259591759224337,2.8303117314753474
2014-04-30,0.0018253795006767002,2.8354828426748475
2014-05-01,-0.002177116276104915,2.8293163818142637
2014-05-02,-0.004371368409509015,2.816975390723444
2014-05-05,-0.0008532606105014606,2.814572801744825
2014-05-06,-0.007990243352953659,2.792173288079597
2014-05-07,0.007725594080479401,2.813828025657089
2014-05-08,-7.830440289751707e-05,2.8136076991600634
2014-05-09,0.0022888944425897796,2.8200551261112983
2014-05-12,0.003236274558405332,2.8291963825987434
2014-05-13,0.0017822666421498231,2.8342432610411477
2014-05-14,-0.004184470943705833,2.822408231405816
2014-05-15,-0.009163050666911175,2.796664487516898
2014-05-16,0.0037641573180237213,2.8072114102987564
2014-05-19,0.0009755775310591446,2.8099513989939644
2014-05-20,-0.005081048031460244,2.795710111940369
2014-05-21,0.007823096233897762,2.8176669946097044
2014-05-22,0.000178263293829715,2.818169325981371
2014-05-23,0.0022682933329162018,2.8245690161178088
2014-05-27,0.0011642448857202279,2.8278594211961607
2014-05-28,-0.00255839783740129,2.820633878615925
2014-05-29,0.003963710529673439,2.8318362416163483
2014-05-30,0.0037734073841123204,2.842542099479582
2014-06-02,-0.0005975937052186442,2.8408439216748347
2014-06-03,-0.0027606333804631633,2.833012208334463
2014-06-04,0.00016500919590067215,2.833479719971736
2014-06-05,0.006965160359109291,2.8532842513987746
2014-06-06,0.0026064088238459933,2.8607307767777073
2014-06-09,0.0013148315305050503,2.864494629677295
2014-06-10,0.0010680467169023003,2.8675556781425033
2014-06-11,-0.004277207612321625,2.8553167400655215
2014-06-12,-0.006150187258169944,2.837809897794568
2014-06-13,0.0011657829725810892,2.841120097365093
2014-06-16,0.0011760026417650222,2.8444632274848014
2014-06-17,-0.00035820556091107757,2.8434445074054007
2014-06-18,0.007675475892741417,2.8653532697037596
2014-06-19,0.001948838561266836,2.8709428254492178
2014-06-20,-0.0005996258393209443,2.8692218499701134
2014-06-23,0.0013897600475757286,2.873212152003755
2014-06-24,-0.004951194720705055,2.859021478548594
2014-06-25,0.002661647880995873,2.866641323181873
2014-06-26,-0.0035686515303752363,2.8564295112734763
2014-06-27,0.002522982250142055,2.8636453310942103
2014-06-30,-0.0024902202797441146,2.8565230950655547
2014-07-01,0.00796654716287456,2.8793706080829184
2014-07-02,0.003004507986551805,2.88803470923408
2014-07-03,0.0032311000594115887,2.8973813301568137
2014-07-07,0.0008691088469726818,2.899900564489754
2014-07-08,-0.0049959732356873445,2.885448869084348
2014-07-09,0.0042175638706122565,2.897644133060182
2014-07-10,-0.0006530767979574248,2.8957523667097362
2014-07-11,-0.00024912385109563935,2.895031055579956
2014-07-14,0.005673882880187051,2.9115038107734748
2014-07-15,-0.0020820073896507373,2.9054483442748604
2014-07-16,0.0043757532996352815,2.918189725694977
2014-07-17,-0.009156176337048365,2.8915922175367963
2014-07-18,0.008009986398741807,2.9148468421490348
2014-07-21,-0.00293298561825297,2.906310163379294
2014-07-22,0.002112507430432741,2.9124562547407358
2014-07-23,0.0006014773461170282,2.9142085581320876
2014-07-24,0.0010061309762859614,2.9171421091545895
2014-07-25,-0.004280636102990087,2.9046815738602825
2014-07-28,0.00039496977666800357,2.90582906188943
2014-07-29,-0.0043039594574179295,2.8933493667324224
2014-07-30,-0.0028106961785252615,2.8852284587729655
2014-07-31,-0.019601460068842537,2.829224441731612
2014-08-01,-0.0019119066228639736,2.82382039644504
2014-08-04,0.004484663683193406,2.836512720354335
2014-08-05,-0.008312875744421784,2.8130308786026776
2014-08-06,0.006937547489027159,2.832614265705164
2014-08-07,-0.006800134961408547,2.813417450845302
2014-08-08,0.008556041225677524,2.8375924401633696
2014-08-11,0.0014470660738669023,2.841701596308168
2014-08-12,-0.0008073400977250178,2.8394083025222776
2014-08-13,0.005621311519475105,2.8554144467348133
2014-08-14,0.004113684321447669,2.8671849137697234
2014-08-15,-0.0008721430979656356,2.8646854083582185
2014-08-18,0.008537136505693503,2.8892463094460017
2014-08-19,0.00379637244161415,2.9002358114346714
2014-08-20,0.0006093838506334342,2.9020037069099556
2014-08-21,0.004995526559188636,2.916537014040012
2014-08-22,-0.0024544824118447363,2.909387203367322
2014-08-25,0.0036659244732099184,2.9200723706598324
2014-08-26,0.0021957126645226785,2.926491054759608
2014-08-27,0.0006350930288511243,2.9283502391425107
2014-08-28,-0.0019337674271864942,2.922692962526215
2014-08-29,0.003233028395898574,2.932157403025098
2014-09-02,-0.0012058977268690919,2.9286236521772535
2014-09-03,0.00010610509214663752,2.9289344105459616
2014-09-04,0.00037329584315566524,2.930027973684882
2014-09-05,0.004593905630032195,2.943519210697634
2014-09-08,-0.0054064033885427186,2.9276482993948156
2014-09-09,-0.004320163133230487,2.9150276623791727
2014-09-10,0.004478795392143859,2.9281127556957545
2014-09-11,0.0005510409228550403,2.9297267102875515
2014-09-12,-0.005286151538071541,2.914280592160452
2014-09-15,0.002801472831938579,2.9224563167521045
2014-09-16,0.00643117121894138,2.9413116998153357
2014-09-17,0.0015581618610147094,2.9458983119414133
2014-09-18,0.005269640451329059,2.9614631112812613
2014-09-19,0.0029761416074022677,2.9702899733459924
2014-09-22,-0.0037605917269384515,2.9591409021373183
2014-09-23,-0.005469938932456198,2.9429987705949885
2014-09-24,0.007191362887966174,2.964239225102641
2014-09-25,-0.015589203069741682,2.918387422986452
2014-09-26,0.006010928897816,2.9359824705947872
2014-09-29,-0.003539014700995067,2.9256103498389807
2014-09-30,0.0005095472576098281,2.9271014664344994
2014-10-01,-0.010838207813768052,2.895548231578302
2014-10-02,-0.00043660869151041306,2.894284285998599
2014-10-03,0.009901575775321485,2.9230846101666375
2014-10-06,0.0022009958584284584,2.929525392755217
2014-10-07,-0.01096579691526511,2.8975763059910693
2014-10-08,0.017268860023126366,2.9480486916173216
2014-10-09,-0.016598687832339806,2.8995188318927423
2014-10-10,-0.002440171625321456,2.892452133796679
2014-10-13,-0.012054143924030725,2.857795397765737
2014-10-14,-0.0035536274571465886,2.8476578807210595
2014-10-15,-0.010219551481249605,2.8187042927399513
2014-10-16,-0.009124842796525435,2.793101049612586
2014-10-17,0.0100436485075454,2.8212953244869006
2014-10-20,0.003030472488429915,2.8298581505005767
2014-10-21,0.003297708464678182,2.839205601790909
2014-10-22,-0.002766066719218645,2.831363021217714
2014-10-23,0.006754131860157057,2.85055114702885
2014-10-24,0.0067913820345704866,2.8699762157471604
2014-10-27,0.0013718800833148615,2.8739161809190694
2014-10-28,0.007614958057332926,2.8958844697388013
2014-10-29,0.0019606310019434706,2.9015678002446146
2014-10-30,0.003837330983109705,2.9127234665670647
2014-10-31,0.008724233874919917,2.9382459173364115
2014-11-03,-0.0006300575605502483,2.936395236360431
2014-11-04,0.0022007153659113904,2.942864522395094
2014-11-05,0.003946518865403724,2.9545015405029167
2014-11-06,0.003461074536854458,2.9647450070288595
2014-11-07,0.002989517414994669,2.9736214253510993
2014-11-10,0.003844330489824675,2.9850750104390347
2014-11-11,0.0006214208115529443,2.986930574657967
2014-11-12,-0.0004818986791485218,2.9854915235256
2014-11-13,0.006041218179887857,3.003582118789947
2014-11-14,0.0007472124873021345,3.005827271554374
2014-11-17,0.0002642642483486934,3.0066217092050684
2014-11-18,0.0022803952053580398,3.013485818401352
2014-11-19,0.0017901622189828966,3.018885278373556
2014-11-20,-0.0009181565702179668,3.016114741108612
2014-11-21,0.0032949431416282662,3.0260690581376277
2014-11-24,-0.00201594751882614,3.019974806637616
2014-11-25,-0.001809917153372164,3.014513845866369
2014-11-26,0.004450116055305524,3.027958675669363
2014-11-28,0.004355840824423851,3.041176748695312
2014-12-01,-0.005292377713802187,3.0251242081689496
2014-12-02,0.0037780041050971317,3.036574756335059
2014-12-03,-0.003830856052935811,3.024964328687102
2014-12-04,-0.0012754254208511315,3.021108671609322
2014-12-05,-0.0011080784625928256,3.0177629001881243
2014-12-08,-0.005313177612791588,3.001771510073645
2014-12-09,-0.006560439970312048,2.9821430244278657
2014-12-10,-0.01427243061865172,2.9398828898078366
2014-12-11,0.0033169864075722104,2.9496506321717955
2014-12-12,-0.017024697302381563,2.8998587713257287
2014-12-15,-0.004571093369295156,2.886633496136478
2014-12-16,-0.0082633960566106,2.8628783844096923
2014-12-17,0.018586861669983683,2.9165879084153072
2014-12-18,0.026098701820234434,2.9937090701816675
2014-12-19,0.0006091864012580261,2.995533352644162
2014-12-22,0.007640151366166284,3.0185073314657873
2014-12-23,0.002655432659317973,3.026533426076816
2014-12-24,-0.0015783440102204829,3.0217602829938257
2014-12-26,0.002839448593140302,3.030352608939143
2014-12-29,-0.0032767446866093057,3.0204391679069587
2014-12-30,-0.0024940274741872275,3.0129154956606103
2014-12-31,-0.010102184926388097,2.982631690006902
2015-01-02,-0.0025514091801089774,2.975031475883096
2015-01-05,-0.013414729931437275,2.935388724985863
2015-01-06,-0.0035270559413754818,2.925053681595352
2015-01-07,0.010047761848105739,2.954592073233417
2015-01-08,0.01665943867415357,3.0042262091697816
2015-01-09,-0.008854066110228645,2.9777440023135275
2015-01-12,-0.005533993869726248,2.9613106981007578
2015-01-13,-0.0010698689451924808,2.9581441779306292
2015-01-14,-0.007100656838726091,2.9372138088689628
2015-01-15,-0.006450901204633531,2.918327116360845
2015-01-16,0.011374572333206599,2.951711344960004
2015-01-20,0.0005869068488506983,2.953444233036389
2015-01-21,0.002934216419427254,2.9621230040683115
2015-01-22,0.013718182883674757,3.0030379468543624
2015-01-23,-0.009636297535456329,2.974238761301695
2015-01-26,-0.0002602283617492883,2.9734648807185957
2015-01-27,-0.018510756917476376,2.9189300923920958
2015-01-28,-0.013278368691210846,2.8804276529463917
2015-01-29,0.006627540028324493,2.89958120286559
2015-01-30,-0.01572476518301954,2.8543425848134163
2015-02-02,0.01475882098570554,2.8967817215170943
2015-02-03,0.01251287435902007,2.933256513579355
2015-02-04,0.0013277509063048276,2.9371537342702956
2015-02-05,0.009377829375996655,2.9648274175712808
2015-02-06,0.0005826076118838343,2.966555251868513
2015-02-09,-0.005123988024352935,2.9513935356833154
2015-02-10,0.011430158662113006,2.985321966352543
2015-02-11,-0.0004143195698275648,2.984085345235502
2015-02-12,0.005183554195985368,2.9995936727513346
2015-02-13,0.0029008707059012323,3.0083077392455615
2015-02-17,0.00018146296248628476,3.0088536852129835
2015-02-18,-0.004174993303493471,2.9963179277864596
2015-02-19,-0.004674899322615097,2.9823431339638145
2015-02-20,0.002816835574657259,2.9907557471108595
2015-02-23,-0.0017280574833783491,2.9855920121615065
2015-02-24,0.0047393599621828155,2.999775390927725
2015-02-25,-0.0004978686511856096,2.9982822685202457
2015-02-26,0.0019247675651695097,3.0040588224603666
2015-02-27,-0.0009201134019151979,3.0012960189188798
2015-03-02,0.0051418856319581175,3.0167680835003003
2015-03-03,-0.003242491803404182,3.0070020793674006
2015-03-04,-0.005868738241183817,2.9894064538355947
2015-03-05,-2.5934232797931366e-05,2.989328926877999
2015-03-06,-0.014719376399278181,2.9456501202379917
2015-03-09,0.002180223267643741,2.9520793011466853
2015-03-10,-0.01717249674671885,2.901817524206846
2015-03-11,-0.0030028025449980174,2.8931170086627302
2015-03-12,0.011130436201789152,2.9254985389278505
2015-03-13,-0.004600143468137061,2.9120717322289282
2015-03-16,0.012379050645850655,2.9483444634707934
2015-03-17,-0.004142880131962486,2.9361550927560818
2015-03-18,0.011134154356136069,2.9690293707990985
2015-03-19,-0.0082001676441006,2.944782382770994
2015-03-20,0.009627422116051497,2.973269956723678
2015-03-23,0.0015553429055925729,2.9778980092286216
2015-03-24,-0.00688906198626023,2.9574535875545958
2015-03-25,-0.012233337311029869,2.9214944587650646
2015-03-26,-0.0021740487074939684,2.9151498867163284
2015-03-27,0.0007296348224036579,2.9172776577397226
2015-03-30,0.01177158333126486,2.9518215540701402
2015-03-31,-0.008340003241154168,2.927305725886184
2015-04-01,-0.004322992165805577,2.9146783199201423
2015-04-02,0.002318679505204835,2.921444365919558
2015-04-06,0.00544864190812472,2.9374057144723236
2015-04-07,-0.00047049004804565524,2.936024019378975
2015-04-08,0.0008435860688033152,2.9385018533255507
2015-04-09,0.0032923211840492302,2.948192288485913
2015-04-10,0.003966499344497903,2.95990951408711
2015-04-13,-0.003841147802211624,2.948561872099685
2015-04-14,0.0001874792048365032,2.9491147179568094
2015-04-15,0.005862977751492827,2.966456098323335
2015-04-16,-0.0011810419257765525,2.9629546573815175
2015-04-17,-0.010363127684897801,2.932407734155653
2015-04-20,0.009079452431590007,2.959153625978091
2015-04-21,-0.0029027594641057365,2.950576369663184
2015-04-22,0.006051630147928122,2.9684863040666527
2015-04-23,0.001945535305154846,2.9742672206392777
2015-04-24,0.004427543720771995,2.987465114361646
2015-04-27,-0.0013794374691868828,2.9833469340841194
2015-04-28,0.0034408858981850683,2.993629971712919
2015-04-29,-0.003271281775775726,2.983852964933963
2015-04-30,-0.007638322275824746,2.9611481580707397
2015-05-01,0.008264267385060958,2.9857212777736843
2015-05-04,0.003481342785783224,2.996133711112929
2015-05-05,-0.008906085441820666,2.9695683605208205
2015-05-06,-0.006219225962169505,2.9511572546337033
2015-05-07,0.002535596205251689,2.9586496926541317
2015-05-08,0.01266353613654312,2.9963548966772335
2015-05-11,-0.007000261080457323,2.975452875270482
2015-05-12,-0.003000956995886462,2.9665370538379916
2015-05-13,0.0006402785189016372,2.968437071994585
2015-05-14,0.010420778956085399,2.9995322350858493
2015-05-15,0.0005173471179668305,3.0010844359216136
2015-05-18,0.001270692051469969,3.004900313949624
2015-05-19,-0.002294558786280914,2.9980132978856413
2015-05-20,-0.0007518765883142435,2.9957600090792087
2015-05-21,0.0010824273511044263,2.9990044572733336
2015-05-22,-0.003957302493993785,2.9871599410791347
2015-05-26,-0.009372370840232512,2.959293959490678
2015-05-27,0.00672734955327635,2.979269279531664
2015-05-28,-0.0001136811463230021,2.9789306120351813
2015-05-29,-0.0052640636986407635,2.9632905328421697
2015-06-01,0.0004811771515848391,2.9647167436425885
2015-06-02,-0.0016759796043986977,2.9597521003299936
2015-06-03,0.00041656193273282167,2.9609852772147582
2015-06-04,-0.009383647962319934,2.9333303885456306
2015-06-05,-0.005937696371116961,2.915964770247154
2015-06-08,-0.004676858944496336,2.9023590551346166
2015-06-09,0.0010126112383023308,2.9052995050464907
2015-06-10,0.009785769868081051,2.9338696598883667
2015-06-11,0.0012218074824831612,2.937456474543737
2015-06-12,-0.007889506639883755,2.9143725722204645
2015-06-15,-0.005898783066801438,2.8972319248230343
2015-06-16,0.007882257852351781,2.9201588933471596
2015-06-17,0.0022666019271675385,2.9267852379282595
2015-06-18,0.009490762351338144,2.954694893533633
2015-06-19,-0.006782208824219093,2.9347233379389635
2015-06-22,0.003942894865466478,2.946317485752008
2015-06-23,-6.931941611203015e-05,2.9461132558228464
2015-06-24,-0.005803659962812829,2.929064536612218
2015-06-25,-0.002887422405191383,2.9206192884098727
2015-06-26,-0.000725596551675197,2.918500865778469
2015-06-29,-0.017468688357174245,2.8679611997185006
2015-06-30,-0.000581721983061274,2.8662933288076786
2015-07-01,0.007465454233816863,2.8877715831832362
2015-07-02,0.0006373585365155735,2.889612715721729
2015-07-06,-0.0025028213104563066,2.8823895743245123
2015-07-07,0.00808488276466818,2.905787814677436
2015-07-08,-0.012070643671686683,2.870923923490689
2015-07-09,0.00034270632545030464,2.8719079758900157
2015-07-10,0.011043706230268886,2.9038002642876877
2015-07-13,0.011202580568800415,2.9365132133113714
2015-07-14,0.004270366444319636,2.9490800141256788
2015-07-15,0.001483541455679721,2.9534583434962944
2015-07-16,0.008569915612725429,2.9788779988409457
2015-07-17,0.0047414826087447464,2.9930358351089517
2015-07-20,0.001514256407120433,2.9975714920060867
2015-07-21,-0.004848733550014618,2.983072246440132
2015-07-22,-0.0045227352964619634,2.969611063927752
2015-07-23,-0.0051017894048779235,2.9544993149233676
2015-07-24,-0.011158699279091884,2.9217142053273375
2015-07-27,-0.004608952730472412,2.908279147219691
2015-07-28,0.009936918507034579,2.937322542041048
2015-07-29,0.006781640186993046,2.9573101042585557
2015-07-30,-0.0029045857987347037,2.9487328061067553
2015-07-31,-0.004838371732930633,2.934500199735144
2015-08-03,-0.0009253329844377098,2.9317860658399613
2015-08-04,-0.0022422293451157213,2.9252196934969996
2015-08-05,-0.000957459151570103,2.9224202555187238
2015-08-06,-0.005182106149384241,2.90731513551216
2015-08-07,-0.00462525936294729,2.89389909920183
2015-08-10,0.011434600179745145,2.9271795902983455
2015-08-11,-0.005610359022954643,2.910803043980141
2015-08-12,0.002060973881604817,2.916808319260358
2015-08-13,-0.003356490332022545,2.9070344923901112
2015-08-14,0.001847421289707786,2.9124099736616786
2015-08-17,0.0027390770375152296,2.920398224166781
2015-08-18,-0.0060877429459974194,2.9026735967064337
2015-08-19,-0.009068303253543103,2.8764702617463946
2015-08-20,-0.016824285957990587,2.828480531960398
2015-08-21,-0.031945855047123294,2.7395503412949838
2015-08-24,-0.036224742384262064,2.6420867896242917
2015-08-25,-0.014610849198258684,2.603764301762683
2015-08-26,0.04163353393216525,2.714456475791184
2015-08-27,0.02143604932109042,2.7732718309720803
2015-08-28,-0.0013045739512644917,2.7696562516896774
2015-08-31,-0.005555425391357191,2.7543122935939572
2015-09-01,-0.027583795943753715,2.679376168021395
2015-09-02,0.015953098240581505,2.7224632920072023
2015-09-03,0.0014304489946050827,2.7263604235455277
2015-09-04,-0.01673316609889803,2.681119350543165
2015-09-08,0.024322325313468045,2.7471299186934477
2015-09-09,-0.016169842945206032,2.7030664689679176
2015-09-10,0.004941698580659484,2.7164572680968746
2015-09-11,0.005448447490836,2.731298136014688
2015-09-14,-0.0022717334983042466,2.725100397016323
2015-09-15,0.01219565491445261,2.7585382649702685
2015-09-16,0.0060606035136716516,2.775307435991065
2015-09-17,-0.0044335259037295415,2.7630302742502266
2015-09-18,-0.015556827089466376,2.7203789101640856
2015-09-21,0.005950330898712441,2.7366143199766304
2015-09-22,-0.009132550992965897,2.7117358251253214
2015-09-23,-0.0017739719392947351,2.7069295462271548
2015-09-24,0.0016906775811874916,2.711509962237094
2015-09-25,0.001622420010463558,2.7159127408707104
2015-09-28,-0.012416913840560583,2.68239799185118
2015-09-29,0.0031954007584568136,2.69098303745458
2015-09-30,0.01308712976973194,2.726431736587884
2015-10-01,-0.002272514209394283,2.7202429164797826
2015-10-02,0.011983468850146584,2.753036963510657
2015-10-05,0.01669503806466652,2.7993848336196225
2015-10-06,0.0003905348749990622,2.8004783045310595
2015-10-07,0.00831171243816264,2.8238520783672363
2015-10-08,0.005992603034498254,2.8408251084231546
2015-10-09,0.00030142947192787447,2.8416815459066904
2015-10-12,0.0011882787502096395,2.8450602627336945
2015-10-13,-0.0027243964051772277,2.837319739695689
2015-10-14,-0.008859264258156094,2.812294191987573
2015-10-15,0.014027150677234248,2.852020639416929
2015-10-16,0.004011584214222766,2.8634847396202283
2015-10-19,0.00013898315596003142,2.863882743423656
2015-10-20,-0.0005015481873184605,2.862446728370475
2015-10-21,-0.005311408784006051,2.8472834086162915
2015-10-22,0.019919303223999003,2.9045679501795507
2015-10-23,0.013145846642189403,2.9430030323562804
2015-10-26,-0.0027334932690875444,2.934969338402907
2015-10-27,-0.0017298672533941567,2.9298966198844973
2015-10-28,0.010115309112445747,2.9596838292936467
2015-10-29,1.427839595237238e-05,2.959726089132956
2015-10-30,-0.0066591246808994,2.9400823816227595
2015-11-02,0.012432471213281598,2.976863034648913
2015-11-03,0.004444054300724325,2.990121815169695
2015-11-04,-0.0037153622772985373,2.9790330415344255
2015-11-05,-0.000722766034998325,2.9768806755570765
2015-11-06,9.142942820201403e-05,2.9771528624978267
2015-11-09,-0.009633437409218534,2.94861034873504
2015-11-10,0.0016009640530584353,2.9533347486980106
2015-11-11,-0.0017485204144782017,2.9481752946190265
2015-11-12,-0.013489385823746954,2.9086732487551066
2015-11-13,-0.011190197742278403,2.876306055333612
2015-11-16,0.015990147309208298,2.92266829454288
2015-11-17,-0.00021771381466762039,2.9220320585406636
2015-11-18,0.015064666501873613,2.9663847373725525
2015-11-19,0.003208948793280981,2.97591900340021
2015-11-20,-0.001231732416382602,2.9722557240483067
2015-11-23,-0.0016338318294010713,2.9674035229609013
2015-11-24,0.002215848335700391,2.973986129454053
2015-11-25,-0.0006878762098344904,2.9719410985919006
2015-11-27,-0.0009301121349090858,2.969178145239274
2015-11-30,-0.004509778531863438,2.95581795776931
2015-12-01,0.011076403618882253,2.9887397816093446
2015-12-02,-0.00978080277251921,2.9596499998795585
2015-12-03,-0.011233060251961016,2.9265901026435963
2015-12-04,0.02141080748407165,2.9899263807982215
2015-12-07,-0.00284429018142761,2.9814342453240044
2015-12-08,-0.008713086787894193,2.9555695940997775
2015-12-09,-0.0059337108492379595,2.938084027186609
2015-12-10,0.00242318617163683,2.945212184710821
2015-12-11,-0.014347832358277366,2.903256480479092
2015-12-14,0.01018606832866113,2.932980377184051
2015-12-15,0.013631422425097671,2.973234810942012
2015-12-16,0.013528955381624646,3.0137329027729005
2015-12-17,-0.014221440390042821,2.9711766031302034
2015-12-18,-0.020450896461761455,2.9110304952360946
2015-12-21,0.00589575313716102,2.928243905558362
2015-12-22,0.008782236906650477,2.954073692897499
2015-12-23,0.00989483877185696,2.9834488674456763
2015-12-24,-0.0031084420715969383,2.9741893882008137
2015-12-28,-0.001000145731554416,2.9712162524117383
2015-12-29,0.009219660892334463,2.9987365275590987
2015-12-30,-0.006335899982854528,2.979796896009908
2015-12-31,-0.011048709695343285,2.9470551950046304
2016-01-04,-0.01720680846561736,2.896779562751173
2016-01-05,0.0034216838983120025,2.906708403728477
2016-01-06,-0.009985984180682616,2.877826506682369
2016-01-07,-0.01738357297278261,2.828231914113724
2016-01-08,-0.01129453243393664,2.7964680735587732
2016-01-11,0.0031709730021881413,2.8053496725347036
2016-01-12,0.0062539303287687835,2.822949109398684
2016-01-13,-0.018549779230156674,2.7710667177909434
2016-01-14,0.018284472641034458,2.822200261740705
2016-01-15,-0.021867064273610667,2.7611568794058794
2016-01-19,0.002513559835921176,2.7681059422225567
2016-01-20,-0.013927266691013953,2.729821013579971
2016-01-21,0.00822858772436037,2.752376256893973
2016-01-22,0.018675659066469247,2.8042616867473016
2016-01-25,-0.010551930293799467,2.774826883015112
2016-01-26,0.01740550177090514,2.8235469054826416
2016-01-27,-0.007678166394470691,2.8019502599398196
2016-01-28,0.009269699495625058,2.828044251733786
2016-01-29,0.02323247491191594,2.8945158792717107
2016-02-01,-0.003700745816717035,2.883823808261393
2016-02-02,-0.01638789835272934,2.8369491345812676
2016-02-03,0.0059415401934406155,2.853855156059664
2016-02-04,-0.0003716043641146184,2.8527948480488647
2016-02-05,-0.012483119926490573,2.817404418888682
2016-02-08,-0.002514940898737659,2.8103277157623645
2016-02-09,-0.00102591928027146,2.8074460248187827
2016-02-10,-0.003606869617582483,2.797338172859107
2016-02-11,-0.009370997749794413,2.7712467653322106
2016-02-12,0.016843105489768872,2.818318470980913
2016-02-16,0.009959843785625469,2.8465287343975114
2016-02-17,0.010876013895313279,2.8776565871093593
2016-02-18,-0.004716016449315922,2.864117461771389
2016-02-19,0.0012809288435219057,2.8677885431344565
2016-02-22,0.01129630260420707,2.900367615411166
2016-02-23,-0.01119593389265533,2.8680763938208935
2016-02-24,0.002709751860930713,2.8758587084751808
2016-02-25,0.010471145117382364,2.9061304556830283
2016-02-26,-0.007615236995285981,2.884083635946949
2016-02-29,-0.007485574455098509,2.8625752150315873
2016-03-01,0.021605812871401963,2.9250964584856107
2016-03-02,0.004870815959302561,2.939378820138412
2016-03-03,-0.00021808269545954608,2.938737862375778
2016-03-04,0.0021137680176919593,2.9449562422726046
2016-03-07,0.00023540398272597503,2.945649578304819
2016-03-08,-0.006233841402301312,2.9273439823785714
2016-03-09,0.00580093706745385,2.944374669810047
2016-03-10,-0.0016212915758309274,2.9396048476428667
2016-03-11,0.009585315193349379,2.967917362063676
2016-03-14,-0.0009935738713384421,2.9649699813831227
2016-03-15,0.001881437189745245,2.970553637174317
2016-03-16,0.00036348378055547025,2.971633581499933
2016-03-17,0.007356692137267084,2.993575586230598
2016-03-18,0.0006159289433899771,2.995419984029068
2016-03-21,0.0027458618463036756,3.0036562961895448
2016-03-22,-0.0011520684819417463,3.000197870993971
2016-03-23,-0.0019232930019673301,2.994433156818387
2016-03-24,0.001949856620516043,3.0002775681643046
2016-03-28,-0.0006149090642867805,2.9984332373982308
2016-03-29,0.007804061272959707,3.021924739440578
2016-03-30,0.004649686988412575,3.036008460655478
2016-03-31,-0.004465729421828111,3.0224806964967326
2016-04-01,0.006670775254647276,3.0427103847694466
2016-04-04,-0.0006124927443447952,3.0408473173515143
2016-04-05,-0.006339775865490972,3.02163000800168
2016-04-06,0.010682575234127157,3.054081823764352
2016-04-07,-0.011155620665677686,3.0202009777553216
2016-04-08,0.002459633759899627,3.027638709340011
2016-04-11,-0.004532224373167625,3.0139478199152028
2016-04-12,0.008978557926927295,3.041130573358148
2016-04-13,0.00690641893872284,3.0622065912750793
2016-04-14,0.0015456212153334902,3.066943262354973
2016-04-15,-0.0006847006740918421,3.0648440429863077
2016-04-18,0.007875692667318506,3.0890771135927166
2016-04-19,0.005396838594679017,3.105793431242336
2016-04-20,-0.0031185140714655654,3.0961230571599034
2016-04-21,-0.006606571247091951,3.0757357189476555
2016-04-22,-0.003694640412371383,3.0643929480951937
2016-04-25,0.0014398094652973321,3.06880826791412
2016-04-26,-0.004400481228760057,3.0553337037635173
2016-04-27,3.1270931188709885e-05,3.0554292483874033
2016-04-28,-0.008740172577636067,3.028840633259991
2016-04-29,-0.001846724138987487,3.0232523617355453
2016-05-02,0.009018250982820672,3.050640119537284
2016-05-03,-0.00544586716305316,3.03407189380984
2016-05-04,-0.0026302720043043675,3.0261019456092133
2016-05-05,0.0009181574751071663,3.0288816596433423
2016-05-06,0.006044856617995083,3.0472462647705467
2016-05-09,0.0005593563626372491,3.04895123815667
2016-05-10,0.010248736899069003,3.0803598113960295
2016-05-11,-0.009241957562815963,3.0520224049947324
2016-05-12,0.0021085459508479658,3.0584645238437016
2016-05-13,-0.011093568473856487,3.024722742645332
2016-05-16,0.008886267929553082,3.0517210186447983
2016-05-17,-0.009730403441985882,3.0221705441152595
2016-05-18,-0.0010281855668564845,3.019064788901172
2016-05-19,0.003021008340309069,3.0281991994264743
2016-05-20,0.004105495032404974,3.0406570114414
2016-05-23,-0.003087512825036139,3.031283421907318
2016-05-24,0.011684684103502761,3.0669107528195645
2016-05-25,0.006824322922486736,3.0879119200402965
2016-05-26,-0.00038118478250532016,3.0867350793177977
2016-05-27,0.004007706258843473,3.0991306290846237
2016-05-31,-0.002445627342152844,3.091560571024819
2016-06-01,0.0002495126209901211,3.092332050648794
2016-06-02,0.0022777085965807135,3.0993835094796824
2016-06-03,-0.002079672831496892,3.092944503634133
2016-06-06,0.0049230161030314875,3.1082086612495674
2016-06-07,0.0016671012413831683,3.1133946813764166
2016-06-08,0.0034357438056315183,3.12410990470803
2016-06-09,0.0008778527476713539,3.126853617283519
2016-06-10,-0.003310421175896136,3.116519529384152
2016-06-13,-0.007510572142071419,3.093200364378937
2016-06-14,0.002305591991417347,3.1003402500356705
2016-06-15,-0.0028843614009148185,3.0914106326015496
2016-06-16,0.004770630625937016,3.106193845429237
2016-06-17,-0.007182815669043923,3.0839625647818503
2016-06-20,0.004280332262712085,3.0971912406117124
2016-06-21,0.00470718628599153,3.1118046638140653
2016-06-22,-0.0022911767401610867,3.1046831308091654
2016-06-23,0.010215481739602196,3.1365615139348093
2016-06-24,-0.027552374890112693,3.051321470366842
2016-06-27,-0.009579205940285737,3.0222317841015895
2016-06-28,0.015527202816076117,3.0695248039578393
2016-06-29,0.014010015791342879,3.112831550682287
2016-06-30,0.01094042936765468,3.147074237695113
2016-07-01,0.0010441438608501644,3.150361952064731
2016-07-05,-8.607957181169555e-05,3.1500907819281174
2016-07-06,0.0040343498303603165,3.1628250200536754
2016-07-07,-0.0026335797204628543,3.1545064268686147
2016-07-08,0.010529819161417469,3.1878983057779604
2016-07-11,0.003012363727150989,3.197515893563659
2016-07-12,0.002781450214441415,3.206422005042515
2016-07-13,0.0013994107081720913,3.2109122474451515
2016-07-14,0.0042423538351299426,3.2245630085383374
2016-07-15,-0.00043915843737649124,3.223147225385598
2016-07-18,0.002113159298010196,3.229965450374344
2016-07-19,0.0010053373026779177,3.2332142879431314
2016-07-20,0.0018670596351930459,3.2392565306906222
2016-07-21,-0.0028353980891384282,3.2300849575882546
2016-07-22,0.002938373681969539,3.2395901122272854
2016-07-25,-0.004917568004289783,3.223698314068699
2016-07-26,-0.004201342006917372,3.2101828663137715
2016-07-27,-0.002068410756669701,3.2035497519096867
2016-07-28,0.0004110001088771125,3.2048666818171445
2016-07-29,0.002601798697465106,3.21321595663168
2016-08-01,-0.0010176462511260278,3.2099477027045853
2016-08-02,-0.003863253052069465,3.1975707854203677
2016-08-03,-0.00043244439123231145,3.1961883128114517
2016-08-04,0.0006828079277504816,3.198371440773743
2016-08-05,0.0059384341848370634,3.2174212661579364
2016-08-08,-0.0008636006781884918,3.214643898411414
2016-08-09,0.0022439002352666842,3.2218653376759416
2016-08-10,-0.0011266310107548795,3.2182375282590656
2016-08-11,0.00272516183911371,3.227019707354873
2016-08-12,-6.555751268445387e-05,3.226808158903846
2016-08-15,0.0008781844047167733,3.2296431361402105
2016-08-16,-0.005936404685346528,3.2105274628189266
2016-08-17,0.004487925025778578,3.224968450160953
2016-08-18,0.0018269473387936403,3.2308656830153186
2016-08-19,-0.004617529783639649,3.215981455126112
2016-08-22,-0.002124439609858814,3.20915654885575
2016-08-23,0.0010743765144532824,3.2126062440869863
2016-08-24,-0.0016418325878317667,3.2073360100684276
2016-08-25,-0.00106406658143727,3.2039250060941815
2016-08-26,-0.001327068260442057,3.1996759988946346
2016-08-29,0.005697386385992656,3.2179578192148064
2016-08-30,-0.002373546455270425,3.210328904213478
2016-08-31,-0.0015193445597704999,3.2054550119562077
2016-09-01,0.001975823779376736,3.2117946871706304
2016-09-02,0.003220947294148227,3.2221563868638063
2016-09-06,0.003947849018730377,3.234902116347645
2016-09-07,-0.0018101115969093176,3.2290518789006617
2016-09-08,-0.001241560327665302,3.225045303908794
2016-09-09,-0.021401772619900915,3.1567569698470668
2016-09-12,0.014824416560111686,3.2039026402715205
2016-09-13,-0.013711152721008896,3.160273230129986
2016-09-14,-0.0007660728141183108,3.157853157817356
2016-09-15,0.009438681987905928,3.1878002376916164
2016-09-16,-0.003571201784523511,3.1764362633942302
2016-09-19,-0.003178783058468859,3.1663550930295288
2016-09-20,0.0012043279679829974,3.170170720196702
2016-09-21,0.005806759910770782,3.1886326906843507
2016-09-22,0.005905569444968215,3.2075190950702543
2016-09-23,-0.004641364080846255,3.1926663263708464
2016-09-26,-0.009559707794186818,3.162290791156404
2016-09-27,0.008234100278134577,3.1884369077862345
2016-09-28,0.005748476378867931,3.2068183440444016
2016-09-29,-0.011243413759507924,3.1709646949569943
2016-09-30,0.009785044112769937,3.2021450260496853
2016-10-03,-0.003178949976100964,3.1919817300593785
2016-10-04,-0.0025504446991456925,3.183851129906514
2016-10-05,0.004167405888346142,3.1971472157029686
2016-10-06,-0.0024934611776079615,3.189185183875371
2016-10-07,-0.0006067156205433709,3.1872508422644805
2016-10-10,0.0033563572979928456,3.1979663673956193
2016-10-11,-0.008661939356254901,3.170385401433093
2016-10-12,0.0008828473350124377,3.173185603629356
2016-10-13,-0.0035347470794483337,3.1619889953315603
2016-10-14,0.0010026495222940073,3.165160952001916
2016-10-17,-0.001465503369649522,3.1605257952098005
2016-10-18,0.0006964065447608343,3.1627275726355895
2016-10-19,0.00030923665488291065,3.163705755167609
2016-10-20,-0.003753597231193496,3.151852737648485
2016-10-21,-0.0017790833206256206,3.146250314080732
2016-10-24,0.005476659802547388,3.163528526965004
2016-10-25,0.001953324441068703,3.1697139636723937
2016-10-26,0.0004731512698149778,3.17121407272052
2016-10-27,-0.000614014124358126,3.169267500161186
2016-10-28,-0.0029053785444464594,3.1600729416688673
2016-10-31,-0.0012282376304071526,3.1561940037834533
2016-11-01,-0.005294454909328846,3.139527835015967
2016-11-02,-0.006935475481340333,3.117829049368524
2016-11-03,-0.0019906543982313677,3.1116287026796803
2016-11-04,-0.00508723524781792,3.0958393116908653
2016-11-07,0.019674094815874555,3.1573502497841104
2016-11-08,0.00449922989191919,3.171587899619259
2016-11-09,0.01087063390503712,3.2062531458066226
2016-11-10,-0.0033485551137158844,3.1955347859639476
2016-11-11,-0.0013703550463344063,3.191158767778367
2016-11-14,-0.006855880366691584,3.169355391108495
2016-11-15,0.008799534373207463,3.1973673079752545
2016-11-16,0.000706228955368148,3.199626178895233
2016-11-17,0.0002859140238016198,3.200541127682814
2016-11-18,-0.004209809854743713,3.1870957791404715
2016-11-21,0.007132959864957933,3.2099104768478397
2016-11-22,0.0002870622675511768,3.210832053296544
2016-11-23,0.0010262361419601813,3.2141288165348594
2016-11-25,0.005848733875379004,3.232982481914655
2016-11-28,-0.004107817364532837,3.219729219962478
2016-11-29,-0.0002189401358721239,3.2190243691724674
2016-11-30,-0.004923404744918634,3.2032147598074414
2016-12-01,-0.0016204957163803578,3.1980281675707802
2016-12-02,0.0008247792542149014,3.2006669229035283
2016-12-05,0.005629419526181969,3.2187356302260657
2016-12-06,0.0026830375950525212,3.2273832146399353
2016-12-07,0.011403083881029613,3.264395964836163
2016-12-08,-0.00030327836414787535,3.2634060942787655
2016-12-09,0.010045540672397178,3.296353985548531
2016-12-12,0.006586220418633075,3.3181361518099024
2016-12-13,0.0058990855934923925,3.3377679689341306
2016-12-14,-0.007302050306913979,3.313484187908228
2016-12-15,0.0032926199745579943,3.324412213174981
2016-12-16,-0.00042452574944864494,3.323001214112615
2016-12-19,0.003412410823900565,3.334360028872351
2016-12-20,0.0025265662330449783,3.342795161803968
2016-12-21,-0.0031843192562677008,3.3321675646118907
2016-12-22,-0.000759341109941845,3.329638273213867
2016-12-23,0.0007781875564469258,3.3322303647214206
2016-12-27,0.0006336118886199364,3.33434237452273
2016-12-28,-0.005624847291717074,3.3156398565620644
2016-12-29,0.0003070778172382295,3.316658172355059
2016-12-30,-0.003733398142113237,3.304298852383091
2017-01-03,0.006249468590277503,3.3250136250150177
2017-01-04,0.0003240061105334711,3.326091124295879
2017-01-05,0.001941957106653234,3.3325565263269334
2017-01-06,-0.0023184524860996093,3.3248391020610466
2017-01-09,-0.004784929926311703,3.308967981323212
2017-01-10,-0.0028425540117097163,3.2995754168735756
2017-01-11,7.550608003183225e-05,3.299824564285027
2017-01-12,-0.00173686346899856,3.2940981939465006
2017-01-13,-5.580417978145043e-05,3.2939143746276587
2017-01-17,-0.0002460638024380448,3.293103961242521
2017-01-18,-0.0004282551593454322,3.2916939744194735
2017-01-19,-0.003495609083923537,3.2802075867178746
2017-01-20,0.006978830943133339,3.303179666819587
2017-01-23,-0.0016757640109269665,3.297648952592506
2017-01-24,0.0001525262406939319,3.298151968950995
2017-01-25,0.005662901052803326,3.3168820604820772
2017-01-26,-0.0017637388929928194,3.3110371025935086
2017-01-27,0.0002459339548249335,3.3118514991825037
2017-01-30,-0.004195691576328234,3.297985101650793
2017-01-31,-5.9765807220438795e-05,3.297788000798996
2017-02-01,-0.0019758298950337534,3.2912785655655847
2017-02-02,6.296485723907319e-05,3.291485806974994
2017-02-03,0.005044280159430928,3.308130929562726
2017-02-06,-0.0025231775673240165,3.299794449444093
2017-02-07,0.0016334985705642234,3.305189063808297
2017-02-08,0.0013769728642452183,3.3097433543079795
2017-02-09,0.004039198681582624,3.323139101129758
2017-02-10,-0.0014818386594729175,3.318218391887918
2017-02-13,0.0030602950236863907,3.3283886732133827
2017-02-14,0.003521410841870581,3.3401299579839545
2017-02-15,0.00833487726601422,3.368085873958856
2017-02-16,0.0029516266331442854,3.3780418919228907
2017-02-17,0.0034379871928312887,3.3896755433976495
2017-02-21,0.0067972321448098155,3.4127944381969164
2017-02-22,-0.0005162300342436096,3.411033105872658
2017-02-23,0.0044404016580625845,3.4262131407153587
2017-02-24,0.003180766736323009,3.4371284758695984
2017-02-27,-0.002230903036203501,3.429469122331162
2017-02-28,-0.0014438797311753819,3.4245209545160007
2017-03-01,0.011418449089974326,3.4638477710306703
2017-03-02,-0.0028154664109569004,3.4541091398062718
2017-03-03,-0.0006168192794377042,3.4519792356460615
2017-03-06,-0.0028089242798935267,3.442296492769595
2017-03-07,-0.0023483851800355886,3.434222139257529
2017-03-08,-0.0012791540818807398,3.429832048389941
2017-03-09,0.004106143344051061,3.4439443842352886
2017-03-10,0.0034069127032411704,3.4556976118490663
2017-03-13,5.0779222411952126e-05,3.4558730939420714
2017-03-14,-0.0008467978972887213,3.452947906568879
2017-03-15,0.006212390919995548,3.4744657381771846
2017-03-16,-0.000878292127512004,3.4714154819761176
2017-03-17,-0.0026911678957822513,3.462085879472185
2017-03-20,-0.0011904393704098419,3.457966928304768
2017-03-21,-0.008000585545893427,3.430411544665427
2017-03-22,-0.0009355361373248087,3.4272037714273496
2017-03-23,-0.0024750955312407216,3.4187316037253583
2017-03-24,-0.002077864917600669,3.4116353163797433
2017-03-27,-0.0008132274857674303,3.4088620085869517
2017-03-28,0.004776134101223925,3.4251821332005754
2017-03-29,-0.0001765701546252202,3.4245774016520394
2017-03-30,0.003344348398223326,3.436049554344906
2017-03-31,-0.002822842474844064,3.4263638048215017
2017-04-03,0.0009226647503470815,3.4295266488240315
2017-04-04,0.0022376961046431817,3.437209479961687
2017-04-05,-0.0029097332362488866,3.4272226538439927
2017-04-06,-0.0008365132178467271,3.4243569355662657
2017-04-07,0.00015693953071779898,3.4248943947099337
2017-04-10,-0.0005796556319227594,3.422909710657515
2017-04-11,-0.0010538207010842744,3.4193044775147863
2017-04-12,0.0013355554062098518,3.4238741989740547
2017-04-13,-0.007317097446788331,3.3989128116355123
2017-04-17,0.007194431587463493,3.4234542322615327
2017-04-18,-0.00229111325471533,3.415619689232866
2017-04-19,-0.0036370832810923215,3.403219360151059
2017-04-20,0.004827475840781524,3.4196880384835797
2017-04-21,-0.004728642932188925,3.403555726840777
2017-04-24,0.008663236368464144,3.4331696254833712
2017-04-25,0.00369661015435589,3.445884201118618
2017-04-26,-0.00023544715900448426,3.4450729729776346
2017-04-27,-0.002251992091348155,3.437323425123743
2017-04-28,-0.0027421010524323513,3.427910847958892
2017-05-01,0.0015714446609180403,3.433301854884148
2017-05-02,0.0008253796060530624,3.436136802009422
2017-05-03,0.0011965413418013548,3.4402507425082223
2017-05-04,7.471714000298194e-06,3.4402764471738885
2017-05-05,0.0024619873253996813,3.4487567991586987
2017-05-08,0.000977996739193048,3.452131321929708
2017-05-09,-0.002946971781059008,3.441972963888524
2017-05-10,0.0011017934786022026,3.4457673972107523
2017-05-11,-0.002337506471342169,3.4377223000175663
2017-05-12,-0.00039428295621345583,3.4363671318838795
2017-05-15,0.004909752622548265,3.4532803302563986
2017-05-16,-0.001178455029115755,3.449213191624937
2017-05-17,-0.013281909666957957,3.4037039474453237
2017-05-18,0.005782526582955683,3.423442971716096
2017-05-19,0.0063941775235206635,3.445403207821727
2017-05-22,0.002759137368935575,3.4549226752835014
2017-05-23,0.00242524794430052,3.463311888248207
2017-05-24,0.0009412366139532956,3.4665732188040557
2017-05-25,0.003977898042512889,3.4803903569890156
2017-05-26,-0.0006668225834242993,3.4780703277097693
2017-05-30,0.0012810024736840124,3.4825285993220376
2017-05-31,0.001148459386442153,3.486530439516094
2017-06-01,0.0053750686112500915,3.5053212355116194
2017-06-02,0.0022600597783718314,3.5132524301573196
2017-06-05,0.0016367152100941005,3.51900733212975
2017-06-06,-0.0020103271436820377,3.511940082293383
2017-06-07,0.0006446329703404672,3.514204724513387
2017-06-08,-0.002491276800213688,3.505460764147226
2017-06-09,0.0037510321461680734,3.5186345523656914
2017-06-12,0.00023148073494448095,3.519449142755228
2017-06-13,0.001452669115433157,3.5245654530815207
2017-06-14,0.0009115973776633797,3.527779902625237
2017-06-15,-0.0022967475849463986,3.519686780141055
2017-06-16,-0.0011638924365313266,3.5155926263581776
2017-06-19,0.004657984925515976,3.532006401697839
2017-06-20,-0.00395030622404834,3.5180814169110537
2017-06-21,-0.0017574739529734945,3.5119039104497887
2017-06-22,-0.002102866288872902,3.504526605568177
2017-06-23,0.0014014891448399364,3.50944160491831
2017-06-26,0.00020666941804936182,3.5101669741257107
2017-06-27,-0.007522954865301167,3.4838592264822257
2017-06-28,0.006101283558508233,3.505180216061886
2017-06-29,-0.008392264280001682,3.475886907859048
2017-06-30,-0.00034652316256063217,3.47468264120023
2017-07-03,0.00350545181837587,3.4868843475351934
2017-07-05,0.00238388561403247,3.495206596672859
2017-07-06,-0.0076344553933437136,3.468624198001092
2017-07-07,0.002967679402234098,3.4789332520051133
2017-07-10,-0.003612244977702298,3.466389162639633
2017-07-11,-0.0021857968362005314,3.4588206148421694
2017-07-12,0.005647074053276821,3.47840808488534
2017-07-13,0.0008767075600664323,3.481458968721404
2017-07-14,0.004673815856499288,3.4977687516241547
2017-07-17,-5.5275646563933705e-06,3.497749417534662
2017-07-18,0.0029888703374633114,3.5082193758962896
2017-07-19,0.003841526242907071,3.5217222118385103
2017-07-20,0.0033511701101351897,3.533543899230279
2017-07-21,-0.0016217417839090298,3.5278180476249568
2017-07-24,-0.002488483833192137,3.519050043489961
2017-07-25,0.0042170250049442535,3.5339212997083447
2017-07-26,0.004696617994747815,3.550557815174549
2017-07-27,0.008575119699961834,3.581135188389572
2017-07-28,-0.0014514105085564766,3.5759412613165398
2017-07-31,0.001750271243444537,3.58220560902909
2017-08-01,0.004124431474034806,3.597010680854202
2017-08-02,0.00025839381336301815,3.5979402462525374
2017-08-03,0.0015234208113157188,3.6034256004920793
2017-08-04,0.001237183197774494,3.6078864569787945
2017-08-07,0.0010442219911177826,3.6116558590623895
2017-08-08,-0.0011956542224649336,3.6073401480476015
2017-08-09,0.0020531747386108453,3.614754256338545
2017-08-10,-0.007981199322583366,3.586019005533712
2017-08-11,-0.001347670759475649,3.5811894876080297
2017-08-14,0.008064286292719883,3.610185985792761
2017-08-15,0.0007489479779613076,3.6128908400580166
2017-08-16,0.0010233758369202293,3.616590077777561
2017-08-17,-0.012192504504965168,3.5727625137861256
2017-08-18,-0.0018281641813349763,3.566236884108712
2017-08-21,0.002203297548016318,3.5741030276362915
2017-08-22,0.007067154419041296,3.599451229971686
2017-08-23,-0.003023582762181004,3.588584427895889
2017-08-24,-0.003553662525310889,3.5758544423286245
2017-08-25,0.0022223235962561807,3.583809984653119
2017-08-28,-0.0014349648143985746,3.578671031414004
2017-08-29,0.0014939223823647837,3.584021283602642
2017-08-30,-0.0004728084780285484,3.5823271284913303
2017-08-31,0.0032728013453535935,3.5940705800467474
2017-09-01,4.917537641795269e-05,3.5942473241660875
2017-09-05,-0.005333856186227206,3.5751271632662305
2017-09-06,0.0018007119253215579,3.5815707371526933
2017-09-07,-0.001281283416562154,3.576984668616124
2017-09-08,-0.004103836865210591,3.5623353867578564
2017-09-11,0.010231682324823322,3.5989711740302006
2017-09-12,0.0058471265337242525,3.6200764563736993
2017-09-13,0.0026074873044728084,3.62952807691007
2017-09-14,5.769456759448679e-05,3.6297374870038936
2017-09-15,0.004011082679744259,3.644325902280804
2017-09-18,0.002344770317736842,3.6528810354761827
2017-09-19,0.006141119004995281,3.6753828350224236
2017-09-20,0.0009393032088856713,3.6788367557987307
2017-09-21,-0.00639962372450592,3.655368758089814
2017-09-22,-0.00014522914658776444,3.6548379305513614
2017-09-25,-0.0016563811380945403,3.648789136877234
2017-09-26,-0.001609765868625583,3.642920165764945
2017-09-27,-0.0004675989651605211,3.64121713826325
2017-09-28,0.001785557620961165,3.6477245492237476
2017-09-29,0.0024336673082854215,3.6566127082329776
2017-10-02,0.004423558293671373,3.6728237765734675
2017-10-03,0.005249588735059474,3.6921552877433728
2017-10-04,0.0002594066835182467,3.693113181738281
2017-10-05,0.00453997606873385,3.709917944949802
2017-10-06,-0.0003067796122915423,3.7087799923202747
2017-10-09,0.001487188341635146,3.714299750128923
2017-10-10,0.006086166904978096,3.736974529597375
2017-10-11,0.004321850176508131,3.7531601242919708
2017-10-12,-0.004920334672149586,3.7347386774089757
2017-10-13,0.0011138417222398055,3.7389009027693487
2017-10-16,0.002557877675214648,3.7484767956786826
2017-10-17,0.0036182819494557676,3.7620644086898456
2017-10-18,-0.00110683443217568,3.757902729835837
2017-10-19,0.0008538731118459468,3.761112872265887
2017-10-20,0.0012979466141495282,3.7659977654633874
2017-10-23,-0.0009398431947435961,3.7624599808339134
2017-10-24,-0.0014753246519040811,3.756913223512375
2017-10-25,-0.0032072314532554332,3.7448832350455095
2017-10-26,0.0021797631114062713,3.753055096503238
2017-10-27,0.010215268564694235,3.7915900496011807
2017-10-30,-0.00615528228388124,3.7683234223299364
2017-10-31,0.0011751664383709004,3.772754432622136
2017-11-01,0.0035657679992896385,3.786231212903655
2017-11-02,0.001748275995314883,3.7928563796684283
2017-11-03,0.0016621998415133454,3.7991661075031327
2017-11-06,-0.005117938615870697,3.77977188013922
2017-11-07,0.0014679526482614625,3.785324480760787
2017-11-08,0.0031679663281298327,3.7973352761094645
2017-11-09,-0.0010186555239325421,3.793469069055135
2017-11-10,-0.0007298404339177065,3.7907014520259805
2017-11-13,0.0016260781969349549,3.796870443279996
2017-11-14,-0.00082646013309904,3.793733777571201
2017-11-15,-0.006310433935973382,3.769869048788566
2017-11-16,0.014947296683157035,3.826641641294232
2017-11-17,-0.00860552904578033,3.793852651154956
2017-11-20,0.000949310331260088,3.7974559047042846
2017-11-21,0.0042343534063219775,3.813569766866844
2017-11-22,0.00033585686740814194,3.8148507955714885
2017-11-24,0.002401651915714051,3.8240237500055496
2017-11-27,0.0026863954539417356,3.8343104008430298
2017-11-28,0.010220522962502565,3.873700006642554
2017-11-29,0.001713874363314646,3.880344734262771
2017-11-30,0.007097668481816423,3.907984106299557
2017-12-01,0.001142262165801413,3.9124505991559952
2017-12-04,0.0010453475063440215,3.916542608046533
2017-12-05,-0.002017821537380528,3.9086476919645485
2017-12-06,0.00035216579351082984,3.9100244263857
2017-12-07,-0.0021537858560956467,3.901612133469819
2017-12-08,0.004007999736869157,3.9172811736528996
2017-12-11,0.00419604744225632,3.933752805007774
2017-12-12,0.006564241965640163,3.9596598472736506
2017-12-13,0.0014828294182824863,3.965535702750615
2017-12-14,-0.0034473013615351953,3.9518888420588376
2017-12-15,0.009412443448559096,3.9892613798337804
2017-12-18,0.005161150463023187,4.009903781500123
2017-12-19,-0.0020939524409578393,4.001516018541979
2017-12-20,-0.0009198933092373307,3.9978367432595254
2017-12-21,0.0012046249027184977,4.002655538795289
2017-12-22,-0.0006014426192483625,4.0002488949657184
2017-12-26,0.00035013543711298953,4.001649769094644
2017-12-27,0.0008373171743295096,4.005001822341992
2017-12-28,0.0014318969914228462,4.010740680148114
2017-12-29,-0.005073303773715544,3.9904445021908312
2018-01-02,0.002159722685453584,3.999072068929523
2018-01-03,0.004988168605509748,4.019069949609923
2018-01-04,0.00353878513965107,4.033317769741112
2018-01-05,0.00710012871622896,4.062056749555715
2018-01-08,0.0008230830412387191,4.065401535908454
2018-01-09,-0.0007162379010095195,4.062490783765551
2018-01-10,-0.001345656576321954,4.057027742838973
2018-01-11,0.0066125364749360345,4.083943880662847
2018-01-12,0.00592503260822772,4.1082132086057666
2018-01-16,0.0003462912766575258,4.1096360933546245
2018-01-17,0.012003438713603019,4.159263109898104
2018-01-18,0.0012606574064845215,4.164509822201613
2018-01-19,0.003158018273676099,4.177682208692216
2018-01-22,0.011002810573413686,4.223902263635525
2018-01-23,-0.00422514985705865,4.206093292868883
2018-01-24,0.0005104628810014069,4.20824089545799
2018-01-25,0.0023546907097259746,4.218161676800775
2018-01-26,0.012879837216333866,4.272842295370342
2018-01-29,-0.00642652790806768,4.2454708011522015
2018-01-30,-0.012966242301841362,4.190778342151691
2018-01-31,-0.0028919448318364834,4.1786763499650394
2018-02-01,0.002519133674721155,4.189216264426834
2018-02-02,-0.026561981479040275,4.079407208787573
2018-02-05,-0.049737840956323304,3.8814696005076637
2018-02-06,0.02001632906604003,3.9599451493889606
2018-02-07,-0.0047441263140878525,3.941203161733539
2018-02-08,-0.039152940098008605,3.7898752674661598
2018-02-09,0.015861660735646717,3.850468265589831
2018-02-12,0.012348640476776083,3.8983111029105557
2018-02-13,0.0022384063724803357,3.9070468807881324
2018-02-14,0.00917269339946754,3.943049893787112
2018-02-15,0.010347414689842823,3.9840620853303097
2018-02-16,0.003760389932034298,3.999071916005416
2018-02-20,-0.013386934286196191,3.9458933462447825
2018-02-21,-0.009880424904805018,3.907098215151479
2018-02-22,0.0033628195960841052,3.920259198196419
2018-02-23,0.014636450381118592,3.9780598437104455
2018-02-26,0.014545857908657703,4.036347027791761
2018-02-27,-0.010621508866145164,3.9937018112448017
2018-02-28,-0.013592655051852177,3.9397840729059097
2018-03-01,-0.01402495679442996,3.8849144429974687
2018-03-02,0.00451720336943178,3.9025030874431086
2018-03-05,0.01084016632504133,3.945036990778666
2018-03-06,-0.0018225110262796828,3.937853665197242
2018-03-07,-0.0013740707339132846,3.9324464914917923
2018-03-08,0.00476568935150718,3.951232037345142
2018-03-09,0.01649312876572233,4.016940596468823
2018-03-12,-0.003467132304513427,4.003037447916718
2018-03-13,-0.004385939548903212,3.9855188135767983
2018-03-14,-0.006901306011093053,3.95810822186462
2018-03-15,0.002474743829072826,3.9679156561999305
2018-03-16,0.002317172413581956,3.9771206615714605
2018-03-19,-0.015011575227295054,3.9178636985307853
2018-03-20,0.002233776210842485,3.926625111132299
2018-03-21,-0.0034022088611467957,3.9132886120267103
2018-03-22,-0.024191626557522498,3.8197557133055198
2018-03-23,-0.021513081459745263,3.7384586085276332
2018-03-26,0.027953664950777907,3.8444365631136157
2018-03-27,-0.014443889444642713,3.7893070471862575
2018-03-28,-0.0001431524550712789,3.788764637404006
2018-03-29,0.013629242770980023,3.8407561279631452
2018-04-02,-0.022209002384265413,3.756396999414741
2018-04-03,0.015399962106820582,3.814693097600423
2018-04-04,0.010958435871874722,3.856726054377459
2018-04-05,0.006518379201108501,3.8819477703247203
2018-04-06,-0.02070831627133414,3.8023858085039244
2018-04-09,0.002981160519767239,3.8137382442660837
2018-04-10,0.01585077251893727,3.87467057815436
2018-04-11,-0.007464011958673157,3.8458576543942664
2018-04-12,0.008014414448033937,3.8768037934956925
2018-04-13,-0.0025591693986759265,3.866895080308459
2018-04-16,0.008854507699100074,3.9012865677163124
2018-04-17,0.009402120893374225,3.938139913988626
2018-04-18,5.726539227262379e-06,3.9381624659658985
2018-04-19,-0.002694887027253987,3.9275638504751402
2018-04-20,-0.007275453239364422,3.899092739042823
2018-04-23,-7.172347489396523e-05,3.8988130925913724
2018-04-24,-0.008927370408759015,3.8641618463502296
2018-04-25,0.0019186062534350368,3.8715827680699326
2018-04-26,0.015455895052001472,3.9318863676087705
2018-04-27,0.001740479148075301,3.9387356926688812
2018-04-30,-0.009706410523238894,3.900689651049305
2018-05-01,0.0008237060067593253,3.9039039962013407
2018-05-02,-0.008081863928759656,3.8724803272615747
2018-05-03,-0.001860874919841056,3.8652808265057605
2018-05-04,0.01178966970037291,3.9111208994434103
2018-05-07,0.00025144882072566417,3.912104469834916
2018-05-08,0.00030826711443058153,3.9133106288912174
2018-05-09,0.007541364951071377,3.942933892034954
2018-05-10,0.010096525173408411,3.982945472399962
2018-05-11,0.00640568959913623,4.0085408753687455
2018-05-14,0.0027370452885215535,4.019527461819102
2018-05-15,-0.007964655221250014,3.9876404644677477
2018-05-16,0.003174205746118008,4.000318165915305
2018-05-17,-0.003499712767114518,3.9863426707312986
2018-05-18,-0.004410655012323028,3.968799006416289
2018-05-21,0.009432405634300865,4.0064114375140365
2018-05-22,-0.0033309718762607734,3.993088395349002
2018-05-23,0.00250281642230474,4.00309487953361
2018-05-24,-0.005718051520222228,3.9802702950367057
2018-05-25,-0.0023094793938356934,3.97108854941563
2018-05-29,-0.010482111419860505,3.9296805575149683
2018-05-30,0.01460833764416121,3.987508011037695
2018-05-31,-0.007164213889672193,3.959042738162013
2018-06-01,0.009796055080997316,3.998016320907706
2018-06-04,0.006523149799046918,4.0241812262870935
2018-06-05,-0.0006690349934114355,4.021489808653559
2018-06-06,0.009155114827912892,4.058476057974201
2018-06-07,0.0024428719818851163,4.068402515020831
2018-06-08,0.003178602550327786,4.0813549240055504
2018-06-11,-0.0003169520449119722,4.0800615351983165
2018-06-12,9.445942559659063e-05,4.080446953670247
2018-06-13,-0.004808861943373258,4.060871752545928
2018-06-14,0.000857790549518933,4.064356624389456
2018-06-15,-0.0009684385659819326,4.060422449999075
2018-06-18,-0.0022224095406400443,4.051408548407665
2018-06-19,-0.00045159649995673505,4.0495793595460405
2018-06-20,0.00043857923859543505,4.051355810506962
2018-06-21,-0.0032802824999340475,4.038087991934376
2018-06-22,0.0044525739223146895,4.056107965083427
2018-06-25,-0.011528964769666744,4.009613769213163
2018-06-26,0.0012330838359598817,4.014561008694086
2018-06-27,-0.0049339863710776925,3.9948020048040602
2018-06-28,0.006005884127790252,4.018866514752394
2018-06-29,-0.0007037213702058626,4.016039347387677
2018-07-02,0.0017256999937918876,4.022975809869741
2018-07-03,-0.0048156270152791576,4.003649231024541
2018-07-05,0.010349452554991695,4.04529996818097
2018-07-06,0.00517640133897801,4.06629435516034
2018-07-09,0.008241192145431526,4.099943934135389
2018-07-10,0.007038660892739331,4.12890384911481
2018-07-11,-0.0054185762077970205,4.106591573927923
2018-07-12,0.00801127732574625,4.13962275219185
2018-07-13,0.002175768486745331,4.148639418455188
2018-07-16,0.0003565093224078998,4.150118710758257
2018-07-17,0.004049758509623312,4.166959767412477
2018-07-18,0.0034329701708117563,4.181289398521827
2018-07-19,-0.0059741013337167815,4.156384418458051
2018-07-20,0.0014428944127901032,4.16238597107498
2018-07-23,0.002867972807360536,4.174340715600624
2018-07-24,0.009477979767291526,4.214093121106013
2018-07-25,0.005146630235849587,4.235837407083108
2018-07-26,-0.004132211520025998,4.218370145018068
2018-07-27,-0.005694898579731847,4.194415230017983
2018-07-30,-0.0029991947003078917,4.181854207980293
2018-07-31,0.00048127067147116356,4.1838672961442525
2018-08-01,0.0032860599866769164,4.197638348916555
2018-08-02,0.0048667559590384315,4.218117022297587
2018-08-03,0.0057021694095382575,4.242238146157655
2018-08-06,0.004779641267646117,4.262563056865719
2018-08-07,0.0033257326057313124,4.27676280099593
2018-08-08,0.0028072813909168015,4.288785745618987
2018-08-09,-0.0015423540449493501,4.282176018156553
2018-08-10,-0.004978930777310344,4.260908349246543
2018-08-13,-0.004533619200304931,4.24163473596727
2018-08-14,0.0036419825939341117,4.257110860627485
2018-08-15,-0.0050239122354586024,4.235777143519633
2018-08-16,0.01413295999423956,4.296066240620735
2018-08-17,0.0031573192562597196,4.30965172886447
2018-08-20,0.0003371964630372706,4.311105173218741
2018-08-21,0.000260055282158562,4.312226444680942
2018-08-22,-0.0010923082780160507,4.307518735641593
2018-08-23,1.837726284436565e-05,4.307597896772985
2018-08-24,0.006104077073654786,4.333972219896067
2018-08-27,0.005594600998686674,4.35828701758131
2018-08-28,0.0007199086778083882,4.36142571587816
2018-08-29,0.004665414517539811,4.381821114229973
2018-08-30,-0.001989390051666261,4.373112628057132
2018-08-31,-0.0018349344659429683,4.365095610572739
2018-09-04,-0.0010477225462297245,4.360524596480498
2018-09-05,-0.000731005064040558,4.357338195698044
2018-09-06,-0.002430816483003851,4.346759169235042
2018-09-07,-0.001853248535201905,4.338711004100377
2018-09-10,0.0005092295640946573,4.340920966655106
2018-09-11,0.006910984709942529,4.37102490920819
2018-09-12,-0.0010997419582830128,4.366220551975661
2018-09-13,0.002454226456378646,4.376949406102332
2018-09-14,-0.00020278034810322434,4.376061936761844
2018-09-17,-0.0037064562441344036,4.359872276339808
2018-09-18,0.005105379017828218,4.3821879934053
2018-09-19,0.002687721153580005,4.393981935087612
2018-09-20,0.008344538251671765,4.430801091203455
2018-09-21,0.00047371499807602013,4.432900525361314
2018-09-24,-0.0046342841140741,4.412404733220951
2018-09-25,-0.002892439474528584,4.399660559353799
2018-09-26,-0.0040912624061104205,4.381697165044155
2018-09-27,0.003208311931132266,4.395777591459612
2018-09-28,-0.0012885801749258274,4.39011692749482
2018-10-01,0.005252745026896079,4.41323776311919
2018-10-02,0.0021253538760887566,4.422627429752796
2018-10-03,0.0001618369705866153,4.423343232298156
2018-10-04,-0.006774782573011978,4.39347732539756
2018-10-05,-0.0045757213610152685,4.373419920893243
2018-10-08,0.0012523351735710929,4.3789003394331605
2018-10-09,0.003394654007796035,4.393790450108032
2018-10-10,-0.02870158595926859,4.269474265637045
2018-10-11,-0.022683986068057913,4.1737157691918725
2018-10-12,0.013757149618817806,4.231530975884146
2018-10-15,-0.00737574053554239,4.20043511979281
2018-10-16,0.020829674838576583,4.28884641013335
2018-10-17,0.001079287799514091,4.293477808594145
2018-10-18,-0.011700167800178992,4.243536130518835
2018-10-19,0.008373765417745807,4.279219701031301
2018-10-22,-0.0037330504652079897,4.263274937755358
2018-10-23,-0.0009095187286907804,4.259399172161786
2018-10-24,-0.02263002404495873,4.164091343080339
2018-10-25,0.019587233487209546,4.246458410577043
2018-10-26,-0.01616728962099776,4.178356681151204
2018-10-29,-0.004357462168226923,4.1601892606575905
2018-10-30,0.013456519342789687,4.216549282313726
2018-10-31,0.007854959068573936,4.249800526952033
2018-11-01,0.0072639161937073675,4.280783113042652
2018-11-02,-0.00299704205796452,4.267972632375432
2018-11-05,0.008764396171838218,4.305543236709135
2018-11-06,0.003480082735290735,4.320552985829085
2018-11-07,0.02096146819763435,4.41207397595922
2018-11-08,0.0007004263140881411,4.415165391199589
2018-11-09,-0.004567452048355782,4.395045318700992
2018-11-12,-0.017201917347838172,4.320088659848218
2018-11-13,-0.003071849369068251,4.306838360106032
2018-11-14,-0.006924880063916955,4.277117048039455
2018-11-15,0.006750113623780563,4.306085735066309
2018-11-16,0.0036822469388521017,4.321971034932108
2018-11-19,-0.010770924462377434,4.2756692157177145
2018-11-20,-0.01939212540744829,4.193553672849036
2018-11-21,-0.001832671531929011,4.185875304527808
2018-11-23,-0.007515813791233869,4.154532974281847
2018-11-26,0.014067525826400265,4.213389989863625
2018-11-27,0.00853196680252175,4.2494922861763795
2018-11-28,0.023126494427878747,4.348913345022104
2018-11-29,-0.0028310327227265304,4.336618840318051
2018-11-30,0.010463812745146732,4.382234649240889
2018-12-03,0.006440845433739513,4.410551038122196
2018-12-04,-0.02900812632415251,4.284447078854933
2018-12-06,-0.0012079787736814463,4.27927468242823
2018-12-07,-0.020154314820230817,4.193892136782904
2018-12-10,0.0015424405028370647,4.2003659573372225
2018-12-11,0.001236544044968972,4.205563107438741
2018-12-12,0.0018036737363033998,4.213155416127585
2018-12-13,0.00426505148737049,4.2311631154864715
2018-12-14,-0.021832326181444796,4.139788076517492
2018-12-17,-0.021769108641119826,4.05064241140215
2018-12-18,-0.0005405592534823853,4.048453390865076
2018-12-19,-0.013959185771252516,3.992332887457241
2018-12-20,-0.014825029487880562,3.933582995126039
2018-12-21,-0.01570654162043914,3.872282678288439
2018-12-24,-0.02791309829433571,3.765689859986832
2018-12-26,0.05000054850096536,3.9587630791052084
2018-12-27,0.010103870463079872,3.998964662236344
2018-12-28,-0.0007904521843272001,3.995804920860789
2018-12-31,0.009186317926030987,4.0326807725587015
2019-01-02,-0.0007821886568682186,4.0295276887156035
2019-01-03,-0.022469801367675398,3.939994663600158
2019-01-04,0.026033198709957565,4.043912110456453
2019-01-07,0.001531444399296694,4.050109881568875
2019-01-08,0.009936379728170214,4.090553912157542
2019-01-09,-0.00201359616156266,4.082325475655665
2019-01-10,0.0018727671205163582,4.089977883934448
2019-01-11,0.001195826096205332,4.094871711721267
2019-01-14,-0.003559816077461964,4.080320636508765
2019-01-15,0.009519613539566946,4.119349185698454
2019-01-16,-0.00012652371295052037,4.118828023314935
2019-01-17,0.004126783714786474,4.1358606565496565
2019-01-18,0.011901729144756516,4.1853786401567845
2019-01-22,-0.010811915738565919,4.140370429898676
2019-01-23,0.005605646409069661,4.1636450562470175
2019-01-24,-0.003040963010808554,4.151002797703529
2019-01-25,0.00029318022824752817,4.15221996806764
2019-01-28,-0.007977789677142728,4.11922621407496
2019-01-29,-0.0026432761483021205,4.1083523393319386
2019-01-30,0.014694873246899923,4.169169814352362
2019-01-31,0.009453590277433085,4.208770326155381
2019-02-01,0.005780950770255283,4.233171483202061
2019-02-04,0.004407346017906735,4.251869709190319
2019-02-05,0.002581332463829783,4.2628593763927185
2019-02-06,-0.0020124093116734173,4.25428938454723
2019-02-07,-0.00939694241005398,4.214499317485793
2019-02-08,-0.001267270048525338,4.209161791488954
2019-02-11,-0.000794062786493147,4.205820779410237
2019-02-12,0.013040262898392791,4.2610249442085975
2019-02-13,0.0021638289660184146,4.270255055998026
2019-02-14,-0.01088426940555588,4.224028477167627
2019-02-15,0.010004005343769546,4.266497757887435
2019-02-19,0.0021793818534430135,4.27580622534689
2019-02-20,0.0010051648581622923,4.280106276272911
2019-02-21,-0.0014456181653858102,4.273923347044317
2019-02-22,0.00394453651516958,4.290815287284993
2019-02-25,0.0017268299218551504,4.2982311966765305
2019-02-26,-0.0007071111930115323,4.295192943605182
2019-02-27,-0.0012973155813975948,4.289624335776195
2019-02-28,-0.0009389049456865716,4.2855986764236675
2019-03-01,0.006350366618102427,4.312900395409449
2019-03-04,-0.000576964284366824,4.310412723637158
2019-03-05,0.0016393605266380705,4.317484839399657
2019-03-06,-0.004623627334241589,4.297568476880976
2019-03-07,-0.005852764722796381,4.27248928260775
2019-03-08,-0.0016202642194833704,4.265572326256688
2019-03-11,0.016037851594717305,4.334534466320635
2019-03-12,0.002731891077994762,4.346392131907143
2019-03-13,0.00694860256258076,4.376698655465604
2019-03-14,-0.0015543314204016802,4.369901099423797
2019-03-15,0.0034265814291618256,4.384900605216014
2019-03-18,0.003190055880967807,4.398911018298105
2019-03-19,0.0006690581015635421,4.401855130134067
2019-03-20,-0.0041537549588868,4.383608824135636
2019-03-21,0.006078241691232873,4.410334598624942
2019-03-22,-0.01266147501659465,4.354845286859555
2019-03-25,-0.0015689767937871414,4.3480179929973115
2019-03-26,0.008367738041881604,4.384553716061213
2019-03-27,-0.003927315101905706,4.367367961063716
2019-03-28,9.297766834808899e-05,4.367774047631753
2019-03-29,0.00429488666969938,4.386573483991556
2019-04-01,0.007245611905329195,4.418472316777742
2019-04-02,-0.0011418860078106715,4.4134298045982785
2019-04-03,0.001335377988854394,4.419327338456754
2019-04-04,0.0029742971307047507,4.432491298138409
2019-04-05,0.0022061482592299173,4.442280825703905
2019-04-08,0.00307682006680655,4.455969973213306
2019-04-09,-0.004317005577644516,4.436774988224419
2019-04-10,0.001171644814981287,4.441976359119216
2019-04-11,-0.0008304426601445258,4.438289083702559
2019-04-12,0.0004526366221161255,4.440298470608124
2019-04-15,0.002780253109841204,4.452660801480881
2019-04-16,0.0025345481807796813,4.463960598706057
2019-04-17,0.001816215569007456,4.472075480401429
2019-04-18,-2.4814949924731286e-05,4.471964507449223
2019-04-22,0.0036800126275412844,4.488451711259176
2019-04-23,0.004019445277850529,4.506529103501199
2019-04-24,-0.004177418840092835,4.487742710556554
2019-04-25,0.00023608598806881294,4.488802328804163
2019-04-26,0.0019521898225733335,4.497573882108811
2019-04-29,0.0013234237883509275,4.5035300187513965
2019-04-30,0.001741926685320686,4.511381674388079
2019-05-01,-0.005549401298307895,4.4864155446744665
2019-05-02,-0.002171921737254362,4.476681975332351
2019-05-03,0.009067398868502212,4.517458425199297
2019-05-06,-0.0029514018884568604,4.504145245807543
2019-05-07,-0.013805012848692738,4.442392690945486
2019-05-08,-0.002737453150453476,4.430248478767753
2019-05-09,-0.004406532943536646,4.410769392036346
2019-05-10,0.0056999725805248974,4.435982445222239
2019-05-13,-0.01747864339527611,4.359121162202155
2019-05-14,0.0029963860627004236,4.372202360471014
2019-05-15,0.006390822693703842,4.400233807134113
2019-05-16,0.008107812724007669,4.4360550987153475
2019-05-17,-0.00348423617804634,4.420625730443414
2019-05-20,-0.003043876066461504,4.407190351770959
2019-05-21,0.004320527649981047,4.426272933270544
2019-05-22,0.00045410174733769807,4.428283367980146
2019-05-23,-0.007717810753124051,4.394238260822033
2019-05-24,0.0029402951935055197,4.407177631922674
2019-05-28,-0.00890671200798611,4.368098461788023
2019-05-29,-0.00946429334735301,4.326952512372733
2019-05-30,6.936755518219952e-05,4.327252672900486
2019-05-31,-0.01575831026698168,4.259596952634002
2019-06-03,-0.0001704286294621832,4.25887105722174
2019-06-04,0.015826823971615812,4.326811683741686
2019-06-05,0.008538480683299774,4.363914256106981
2019-06-06,0.009472409693248805,4.405447438916802
2019-06-07,0.008656122448563414,4.443747055329515
2019-06-10,0.005252783057918838,4.467150507391886
2019-06-11,0.0020120523290459527,4.476147696346661
2019-06-12,-0.0013259461936834906,4.470216498439956
2019-06-13,0.0020932418002975526,4.479583542794997
2019-06-14,0.00194896400889415,4.488322603185578
2019-06-17,-0.0005987089568190404,4.485636208506481
2019-06-18,0.005926597011793701,4.5122997004965635
2019-06-19,0.0018985888015411667,4.52087483993312
2019-06-20,0.006877226921729239,4.552073077809585
2019-06-21,0.002638245978974454,4.564098422236362
2019-06-24,0.0016406793978012864,4.57159279073413
2019-06-25,-0.0069505335856620085,4.539927952739185
2019-06-26,-0.005018220009353807,4.517202663386605
2019-06-27,0.0012210279610628146,4.522721662885046
2019-06-28,0.00350394947008725,4.538596847739334
2019-07-01,0.006136423578221022,4.566533227514018
2019-07-02,0.004829280544412376,4.588639633639877
2019-07-03,0.007259766008594484,4.622073297123631
2019-07-05,-0.0016712027390656504,4.614355326512434
2019-07-08,-0.002309127058997177,4.603712486332307
2019-07-09,-0.000516713735822059,4.601334299328702
2019-07-10,0.005655103077293204,4.627429033748103
2019-07-11,0.0016792463428159504,4.635206155053382
2019-07-12,0.0008008952917936361,4.638919956824121
2019-07-15,0.0005377446744319411,4.64141518216296
2019-07-16,-0.0056726443087656096,4.615160621540713
2019-07-17,-0.003690535509257995,4.598159598122528
2019-07-18,0.0018088249722955398,4.606484390806873
2019-07-19,-0.007152419759166171,4.573654427625497
2019-07-22,0.001244361251277368,4.579349248444309
2019-07-23,0.009222225303359564,4.62177637451418
2019-07-24,0.0030682528344888028,4.635978930349645
2019-07-25,-0.0045245120255643,4.615050768491069
2019-07-26,0.010506777799603679,4.663795709158041
2019-07-29,-0.000760568777600415,4.66024992033561
2019-07-30,-0.0029564225870187606,4.6464925984589565
2019-07-31,-0.012845418452536254,4.587188167269781
2019-08-01,-0.011569770979661905,4.534421289689761
2019-08-02,-0.0025295167892494777,4.522965889329801
2019-08-05,-0.025799248734814387,4.4077691514983135
2019-08-06,0.010150162667865713,4.452736552539866
2019-08-07,-0.0002683106209977843,4.451541996293545
2019-08-08,0.016698018583956496,4.526497993977669
2019-08-09,-0.006636135487725192,4.496558989521496
2019-08-12,-0.0100939812349927,4.451399112374012
2019-08-13,0.013749950593389397,4.513028358815874
2019-08-14,-0.02518653072912451,4.400780334289105
2019-08-15,0.007695018487869809,4.434775047551243
2019-08-16,0.011591968344077963,4.486481932801436
2019-08-19,0.010229372487188259,4.5326113629628075
2019-08-20,-0.011997681350956213,4.478555457326401
2019-08-21,0.006353286073282975,4.507099579816374
2019-08-22,0.0006522472965746103,4.510040282261057
2019-08-23,-0.02354475166498589,4.4050928327709125
2019-08-26,0.012373501302927019,4.459937867485364
2019-08-27,-0.00017329386373497654,4.45916505458409
2019-08-28,0.006866749933663407,4.48989039681705
2019-08-29,0.008763825933399812,4.5294119417320635
2019-08-30,0.0014889795246028326,4.536161166853848
2019-09-03,-0.0037525754022089855,4.519170778832701
2019-09-04,0.009472832993467796,4.562183533566881
2019-09-05,0.008991964183009595,4.603391517196429
2019-09-06,0.00018814676011904386,4.604257711879256
2019-09-09,0.002375291678604827,4.615207165833789
2019-09-10,0.003900166889034997,4.633242391341092
2019-09-11,0.0078895674999889,4.669941248626575
2019-09-12,0.003293199137118683,4.6853456460692025
2019-09-13,-0.00024037321912070533,4.6842195498006785
2019-09-16,-0.005360660697821516,4.659176222522055
2019-09-17,0.0015900673751079182,4.666590519682239
2019-09-18,0.0018375379579550293,4.675173440202459
2019-09-19,0.0006115318239988,4.678033331912127
2019-09-20,-0.002948214982420334,4.664261794656106
2019-09-23,0.000872956379479493,4.668335269469543
2019-09-24,-0.005942119106410598,4.640677718879079
2019-09-25,0.0035938402360107574,4.657385577892749
2019-09-26,-0.004829354063820166,4.634947637913043
2019-09-27,0.0003011002463490216,4.636343431915047
2019-09-30,0.001836957226038879,4.644868023742856
2019-10-01,-0.007852236012939972,4.608538245435338
2019-10-02,-0.017461215730782752,4.528766051500707
2019-10-03,0.006634424734085024,4.558911697945744
2019-10-04,0.01616601348062171,4.633210062001718
2019-10-07,-0.00478708459872059,4.611083496596188
2019-10-08,-0.01245547808086799,4.554006446055405
2019-10-09,0.006542377548037345,4.583898150368877
2019-10-10,0.005559245765013819,4.609452131366321
2019-10-11,0.007785843100090522,4.645480676737133
2019-10-14,-0.0020482847946944106,4.635975147641629
2019-10-15,0.010704048975834452,4.685865390118291
2019-10-16,-0.000908389310077055,4.681610732824618
2019-10-17,0.0029445447455374698,4.695416260630902
2019-10-18,-0.004735869291533953,4.673231955399458
2019-10-21,0.0073073977912690505,4.707506195506962
2019-10-22,0.0011218257423067275,4.712790160428933
2019-10-23,0.005796191334689538,4.74018571215078
2019-10-24,-1.4699963461066386e-05,4.740116032106162
2019-10-25,0.004705626559341215,4.7624738104233995
2019-10-28,0.0043182033100064455,4.783083607216063
2019-10-29,-0.0023200480125052094,4.771999486417513
2019-10-30,0.005344474489334718,4.797571589794018
2019-10-31,-0.0012159873041130203,4.791741349117971
2019-11-01,0.005060773875281445,4.816052733877699
2019-11-04,0.0003196088954724714,4.8175922331782415
2019-11-05,4.8795556531625766e-05,4.817827316007854
2019-11-06,0.0023875888894227004,4.829344050120912
2019-11-07,0.004929115983810265,4.853207210897994
2019-11-08,-0.0010510527955177181,4.8481089136508855
2019-11-11,-0.002586861967218336,4.835583732531289
2019-11-12,-0.0006662228107878604,4.832363229250695
2019-11-13,0.0006678632087913366,4.835591664819695
2019-11-14,6.563986759013113e-05,4.835909082833818
2019-11-15,0.008105673711696276,4.8752666783835155
2019-11-18,0.002525849133264741,4.887596431490414
2019-11-19,-0.00037446026183796246,4.88576656347873
2019-11-20,-0.0022268574218102075,4.874898762957762
2019-11-21,0.0007581741399673058,4.878596186603176
2019-11-22,0.002804110021280174,4.89229550528169
2019-11-25,0.004747914966348565,4.915578938472209
2019-11-26,0.0022664469319266982,4.9267324719473775
2019-11-27,0.0032994408909058255,4.94301478101085
2019-11-29,-0.0020239360815405144,4.933020552295653
2019-12-02,-0.00325565801197088,4.916986439368004
2019-12-03,-0.006343636998099972,4.885893587424167
2019-12-04,0.008166994659212296,4.92596004281995
2019-12-05,0.002390118923566274,4.937747754539842
2019-12-06,0.008978855945185299,4.982282717630793
2019-12-09,-0.0029868271027902035,4.967423702277506
2019-12-10,-0.0009325374834172902,4.962793552708671
2019-12-11,0.0012214845468124338,4.968859232155002
2019-12-12,0.008041102140575579,5.008975409746812
2019-12-13,-8.219565010635706e-05,5.0085637106768095
2019-12-16,0.00717379902115546,5.044623327698786
2019-12-17,0.0012245333679508498,5.050804420997424
2019-12-18,-0.004144206385449717,5.029916157596906
2019-12-19,0.004161007233857447,5.050889279509684
2019-12-20,0.0053566398704785285,5.078017668041952
2019-12-23,0.0008724953147290002,5.082450148043263
2019-12-24,-0.0005606601149651713,5.079601419617782
2019-12-26,0.006153825560957571,5.110956779429542
2019-12-27,0.0008717139796111255,5.1154140143381
2019-12-30,-0.005543138632868224,5.0871370093755655
2019-12-31,0.0029979620956801754,5.102410937193644
2020-01-02,0.00444817167316445,5.125157890659982
2020-01-03,-0.00923846064192535,5.0780273631771395
2020-01-06,0.002163621469570614,5.089026186557686
2020-01-07,-0.005419004902286623,5.061523315105671
2020-01-08,0.004160828082835269,5.082627318074299
2020-01-09,0.0075431411042435805,5.121111255525485
2020-01-10,-0.0017574382721064071,5.112119122483105
2020-01-13,0.005046985604256335,5.137985131885037
2020-01-14,-0.0013410968166766768,5.131099214753356
2020-01-15,0.004062157011315246,5.151984937226502
2020-01-16,0.007122303565260095,5.188809921602912
2020-01-17,0.003937044075152917,5.2092787618855825
2020-01-21,-8.577248637723209e-05,5.2088319682555175
2020-01-22,0.002459529019363326,5.221659009412209
2020-01-23,-0.0010267392855760396,5.216300478349285
2020-01-24,-0.004553551668300594,5.1926017821715265
2020-01-27,-0.012789017936506279,5.1266163486619485
2020-01-28,0.00880329910963509,5.1719467214638195
2020-01-29,-0.0018471702670446702,5.162402073266264
2020-01-30,0.007096628842215551,5.19916802757953
2020-01-31,-0.016762447917819515,5.112743610313665
2020-02-03,0.003932132280241056,5.132887172124785
2020-02-04,0.010595529634499022,5.187561972998314
2020-02-05,0.01044435376328565,5.242026634405531
2020-02-06,0.0027251200125909423,5.256331268162831
2020-02-07,-0.004011407573617035,5.235288215452448
2020-02-10,0.0054352673455698875,5.263820877615075
2020-02-11,-0.0047668815176694695,5.238788577566533
2020-02-12,0.0036828000665266587,5.258117559029019
2020-02-13,0.0005475403926523498,5.260997379118866
2020-02-14,0.0020651966715437777,5.2718736002974875
2020-02-18,-0.003698696892432059,5.252410553937766
2020-02-19,0.0057468608077717994,5.282682326815133
2020-02-20,-0.003861124274615511,5.26232456107133
2020-02-21,-0.005174807574537305,5.235163381623174
2020-02-24,-0.03346991056583298,5.06284279508061
2020-02-25,-0.02502748711368959,4.937705035958321
2020-02-26,-0.006584580024027324,4.905299128742999
2020-02-27,-0.0461111469009874,4.684245836704103
2020-02-28,-0.00840750779754868,4.645028096049
2020-03-02,0.05009264896847919,4.883636222129768
2020-03-03,-0.029496624821846805,4.7416892072515955
2020-03-04,0.04398528310996272,4.954908632560813
2020-03-05,-0.030352769219897244,4.806772970931107
2020-03-06,-0.013310341246131379,4.743217095908958
2020-03-09,-0.06375473846153014,4.4502526918064245
2020-03-10,0.04492664047586673,4.6547468167265
2020-03-11,-0.04550751822182034,4.447668389708339
2020-03-12,-0.0942507832182519,4.047620664685527
2020-03-13,0.0888233532900242,4.423594370301576
2020-03-16,-0.10472320036341089,3.9837730438875014
2020-03-17,0.05860358990627899,4.224212957087399
2020-03-18,-0.04072043211492221,4.0556563200987945
2020-03-19,-0.00925058205273417,4.018312132572452
2020-03-20,-0.053073765585666434,3.8106058085099264
2020-03-23,-0.02603990155440742,3.7126588080851484
2020-03-24,0.07510785114457953,4.002247710597713
2020-03-25,0.008671174609033994,4.037102798206473
2020-03-26,0.05277401310914727,4.255878989280362
2020-03-27,-0.03283900076889129,4.1183900313289765
2020-03-30,0.040845331141895265,4.290089731000361
2020-03-31,-0.01879427636466668,4.210213557579269
2020-04-01,-0.03142595952847012,4.079960933081668
2020-04-02,0.0322979159018119,4.2138862811185795
2020-04-03,-0.01126078945613249,4.166700766600702
2020-04-06,0.05723826753745141,4.412153124368868
2020-04-07,-0.005228082483992482,4.389146217310229
2020-04-08,0.026271629744302128,4.505984284805078
2020-04-09,0.0060688352768901,4.533413508724135
2020-04-13,-0.008750699358291817,4.493916037333308
2020-04-14,0.031299884157955336,4.6367995424448365
2020-04-15,-0.017267151874865917,4.557422500460737
2020-04-16,0.004079962986627023,4.576054598866997
2020-04-17,0.022381182127511362,4.679626821265581
2020-04-20,-0.02119837750938397,4.581470379653201
2020-04-21,-0.02322472954314724,4.476293054218114
2020-04-22,0.020904438556133643,4.570852358437216
2020-04-23,0.00011500584536255168,4.571378063405718
2020-04-24,0.008766181384210791,4.61162775297328
2020-04-27,0.008527240785691753,4.651120355397331
2020-04-28,-0.006317549569993541,4.621829293285151
2020-04-29,0.021918085600395737,4.724249268051555
2020-04-30,-0.008182446064726808,4.685751072718234
2020-05-01,-0.019410870895417567,4.595673632655517
2020-05-04,5.69177330163305e-05,4.5959352154246496
2020-05-05,0.005539371977265379,4.621464452857927
2020-05-06,-0.008626847686884759,4.581767259947911
2020-05-07,0.006425178009378019,4.61130070741707
2020-05-08,0.019756207308262063,4.703308388979363
2020-05-11,-0.002750479457507766,4.690389810160217
2020-05-12,-0.01636481566741819,4.614257093512214
2020-05-13,-0.014407383412294288,4.548254327673664
2020-05-14,0.009877079035109908,4.593400383697225
2020-05-15,0.0057537430331275315,4.619905808732572
2020-05-18,0.027013809176029906,4.746408023223214
2020-05-19,-0.015188314326691904,4.674862787370915
2020-05-20,0.017035743180706324,4.7551847790779975
2020-05-21,-0.009050328684949309,4.712342952600448
2020-05-22,0.0010307369002237874,4.717202642468786
2020-05-26,0.010444842599192485,4.766731290770278
2020-05-27,0.010657579145038527,4.81780478323217
2020-05-28,-0.0016469616211109925,4.809876574176296
2020-05-29,0.0061284705170383804,4.839444270787923
2020-06-01,-0.00047248291371054747,4.837158256152077
2020-06-02,0.007238874796871682,4.872300882216241
2020-06-03,0.010252325805741758,4.922510239838612
2020-06-04,-0.004834319069374951,4.8987706832465685
2020-06-05,0.023656512066643823,5.016040135216184
2020-06-08,0.006407513656312809,5.048283671014744
2020-06-09,-0.005738378445566933,5.0193976674854275
2020-06-10,-0.0025723416100893294,5.0065026543077105
2020-06-11,-0.055345458210249554,4.736943706707732
2020-06-12,0.008944717088963959,4.779504390904445
2020-06-15,0.004243936825640772,4.7998314083771705
2020-06-16,0.016044255104706254,4.877462226990516
2020-06-17,-0.004134895791455702,4.857336067416755
2020-06-18,0.0013520672596968133,4.863907954298233
2020-06-19,-0.00804066736442195,4.824955699272051
2020-06-22,0.005173605882454533,4.849982802822119
2020-06-23,0.00347044868835741,4.866843659725395
2020-06-24,-0.023314507233518432,4.754688104058449
2020-06-25,0.006984963867687306,4.788015689152741
2020-06-26,-0.026753122063703984,4.6616196046113245
2020-06-29,0.01589293268314146,4.736298270801254
2020-06-30,0.01228477131490268,4.794841470592936
2020-07-01,0.0015870763223026485,4.802457291806302
2020-07-02,0.0030077481071068904,4.816923618262343
2020-07-06,0.013794598622436654,4.883831569341327
2020-07-07,-0.0046855132884904265,4.861001837896502
2020-07-08,0.006311134385257809,4.891777285585676
2020-07-09,-0.006983951401312739,4.857732373143986
2020-07-10,0.013070311880906762,4.921641194600144
2020-07-13,-0.004159919822734065,4.901210087181954
2020-07-14,0.017380660346947813,4.987140959440054
2020-07-15,0.0033333874520960756,5.003792770586409
2020-07-16,-0.0020340727356670057,4.993625036597785
2020-07-17,0.001931230202061425,5.0032781943208615
2020-07-20,0.004377171537474541,5.025226401718184
2020-07-21,0.0033920248544028623,5.042301036993943
2020-07-22,0.004817036173367594,5.066648577899108
2020-07-23,-0.00907006192410435,5.020901539404365
2020-07-24,-0.006639734000090278,4.987674520097611
2020-07-27,0.0013916430290118595,4.9946204145562945
2020-07-28,-0.001605637910512821,4.9866072974738795
2020-07-29,0.00446525774776543,5.008923571221659
2020-07-30,-0.002542255517095403,4.996205780424577
2020-07-31,0.005009699158962472,5.021298068248792
2020-08-03,0.004207311488386954,5.042468737869385
2020-08-04,0.006885208662028027,5.07730698396961
2020-08-05,0.010987833680936145,5.133403212284647
2020-08-06,0.008476025625750902,5.177098991127176
2020-08-07,0.002254300680539058,5.188782893472589
2020-08-10,0.0035635053421817784,5.207306133263323
2020-08-11,-0.004670948201790526,5.1830397935716
2020-08-12,0.0127867478788445,5.249739544319468
2020-08-13,-0.0025520494786945027,5.2363590303811405
2020-08-14,-8.455739230664543e-05,5.235916276235682
2020-08-17,0.0010473772280019937,5.241403128611663
2020-08-18,0.0028633939447772726,5.256432838313063
2020-08-19,-0.005542433865560271,5.227379993046493
2020-08-20,0.004091788394481346,5.248813145894505
2020-08-21,0.004043295361587616,5.27007861004636
2020-08-24,0.011034434085748859,5.328552967504724
2020-08-25,0.001642851530127302,5.337314183618887
2020-08-26,0.008257468178791503,5.381569352008547
2020-08-27,0.0034783288691941656,5.4003208130154885
2020-08-28,0.010054864781032234,5.454894212861088
2020-08-31,-0.005251715248398153,5.426321754622539
2020-09-01,0.005823925260481721,5.458016451147357
2020-09-02,0.015705143828659302,5.544412036284118
2020-09-03,-0.02762598769023223,5.3933385626715555
2020-09-04,-0.006990218457216717,5.355769409178654
2020-09-08,-0.020490194218481438,5.247145318592843
2020-09-09,0.014350334177141965,5.32298647888168
2020-09-10,-0.01498178816400886,5.243833033649574
2020-09-11,0.0017782044494953956,5.2531659363277265
2020-09-14,0.007656281662087728,5.293540014789577
2020-09-15,0.0037345456769453983,5.313345941817973
2020-09-16,-0.004856079579434484,5.287606458163222
2020-09-17,-0.006627777649607573,5.252677257609688
2020-09-18,-0.006947796109843442,5.216309212171328
2020-09-21,-0.013709000815819172,5.145286760655956
2020-09-22,0.0077711426105086315,5.185427284704212
2020-09-23,-0.022417406778177756,5.070476712709495
2020-09-24,0.003452340233213612,5.088011974895538
2020-09-25,0.011111537374215845,5.1448628756397525
2020-09-28,0.011587786564897324,5.20482720448709
2020-09-29,-0.004819192385083652,5.17980448393828
2020-09-30,0.009325031016548357,5.228332231136007
2020-10-01,0.002559688238970536,5.241732274307504
2020-10-02,-0.009525030374229288,5.1920416432524945
2020-10-05,0.012147856065409579,5.255498469656545
2020-10-06,-0.013032263863170834,5.187451791086597
2020-10-07,0.01259943165748598,5.253224212883244
2020-10-08,0.008372076356104192,5.297389225572192
2020-10-09,0.009476992677748465,5.34783118598916
2020-10-12,0.012341522808569,5.414240519785339
2020-10-13,-0.004982790410306793,5.387329595471189
2020-10-14,-0.009503446365188309,5.336373908435166
2020-10-15,-0.0014921735825361346,5.328417050245642
2020-10-16,0.00038352951004691206,5.330461047367801
2020-10-19,-0.016929293104063884,5.240979675215799
2020-10-20,0.005189494099594853,5.268248402568808
2020-10-21,0.0006589683789842582,5.271721155770342
2020-10-22,0.005105833603817013,5.298706519561419
2020-10-23,0.0008267329809747959,5.303088946296395
2020-10-26,-0.01734253101101625,5.211912859042313
2020-10-27,-0.0008604671345589563,5.207430108225384
2020-10-28,-0.03705201031780495,5.018015126446298
2020-10-29,0.009431399115430299,5.065565912617608
2020-10-30,-0.007664866451318365,5.02688744839216
2020-11-02,0.009478536204134197,5.0747615126643835
2020-11-03,0.01433338247885552,5.148023804356554
2020-11-04,0.016533797928795016,5.2338477323050165
2020-11-05,0.014060122958713953,5.307956040077765
2020-11-06,0.0018143029164895497,5.317595021573948
2020-11-09,0.023960483802296838,5.446545864025875
2020-11-10,0.00760872373118582,5.488145184973586
2020-11-11,0.002014007863890346,5.499209490593613
2020-11-12,-0.007431637315509727,5.458492843211133
2020-11-13,0.0102748321284147,5.514867062708591
2020-11-16,0.010606284095492267,5.573670601796114
2020-11-17,-0.007048906788865425,5.534520462199174
2020-11-18,-0.012604693828594924,5.4651973424607245
2020-11-19,0.0011997377170119175,5.471758080638965
2020-11-20,-0.008539089255332394,5.425233172875477
2020-11-23,0.006201198571149723,5.458980650333612
2020-11-24,0.015001206635143366,5.541489264189722
2020-11-25,-0.002463004074281568,5.5278573481781486
2020-11-27,0.00017229379782354552,5.52880984576685
2020-11-30,-0.0036751970751545083,5.508527673312438
2020-12-01,0.010424544107677472,5.566251914715992
2020-12-02,0.004935687946927452,5.593793108659582
2020-12-03,-0.0005550590045316901,5.590689084962977
2020-12-04,0.005511473142434535,5.621587086240584
2020-12-07,-0.005043494621554862,5.5933060196585105
2020-12-08,0.0038924213169696975,5.615119950204099
2020-12-09,-0.0045817469819649055,5.589451738846949
2020-12-10,-0.0034773965905586833,5.570048753916215
2020-12-11,0.00875028883454779,5.619002155182631
2020-12-14,-0.008804656069928411,5.569745933996344
2020-12-15,0.011466873324268332,5.633981089414105
2020-12-16,-0.0011601234281079103,5.627448765842214
2020-12-17,0.006157970878183762,5.662209348944842
2020-12-18,-0.0030298063716532935,5.645079913521694
2020-12-21,-0.0054455690789434975,5.614422789399434
2020-12-22,-0.0044453874654118266,5.589519897218092
2020-12-23,0.002490396730612927,5.603457367006981
2020-12-24,0.005060022869268247,5.631882845566726
2020-12-28,0.013091470586634825,5.706097201775039
2020-12-29,-0.000809067097678249,5.701482453345219
2020-12-30,0.0009330448037424512,5.7068046744712095
2020-12-31,0.0053339750080570614,5.737325955491675
2021-01-04,-0.010435995008584083,5.6777625925229955
2021-01-05,0.0022785201047645968,5.690714238429562
2021-01-06,0.003457385467912132,5.710423282387942
2021-01-07,0.011972452721023041,5.779201958319094
2021-01-08,0.0033078992404448992,5.79835062956422
2021-01-11,-0.008136226924891328,5.751365333761229
2021-01-12,-0.002457179050526086,5.737250547731227
2021-01-13,0.0024113442947805964,5.751101727377166
2021-01-14,-0.009404755888216673,5.69726756492057
2021-01-15,-0.005192940434890946,5.667758679070466
2021-01-19,0.0051664587710219196,5.697116693793611
2021-01-20,0.009151836025422867,5.749495085234129
2021-01-21,0.0037214006614014446,5.770931121347879
2021-01-22,5.947206060304291e-05,5.7712743407191445
2021-01-25,0.005698719695603082,5.804257105979656
2021-01-26,-0.0018392678654175366,5.793591334014599
2021-01-27,-0.028214047782475566,5.632415080200567
2021-01-28,0.00996429064154169,5.688818645152651
2021-01-29,-0.020653212959337027,5.572531249909912
2021-02-01,0.011224008171323166,5.635429712302746
2021-02-02,0.013175311642546043,5.710169534060449
2021-02-03,0.0031577411964742916,5.728229270617436
2021-02-04,0.011548530204277645,5.794765356883681
2021-02-05,0.0022455549938912474,5.80779244221341
2021-02-08,0.006520903176116981,5.845788243227233
2021-02-09,5.70109360255508e-05,5.846121526587094
2021-02-10,0.00020310231168718925,5.847309007969573
2021-02-11,0.0016069023233392184,5.85671261571588
2021-02-12,0.0015741847801643606,5.865939424022559
2021-02-16,0.0020851806488895205,5.878183728754235
2021-02-17,0.005166340587920514,5.908631010727149
2021-02-18,-0.006011868842816906,5.87321565894178
2021-02-19,-0.009185779396936924,5.819512625273
2021-02-22,-0.004359154641865591,5.794199681401053
2021-02-23,0.0017438849463362472,5.804312914596103
2021-02-24,0.007415295455156147,5.847513584683618
2021-02-25,-0.02239450659481222,5.718016823178465
2021-02-26,-0.007259246373175578,5.676658626582107
2021-03-01,0.019909799458153625,5.790812379740993
2021-03-02,-0.00803046542013883,5.744495682396283
2021-03-03,-0.010864234049137158,5.682423928374645
2021-03-04,-0.01415725640496115,5.602543176154348
2021-03-05,0.01902440467512637,5.7101485433428865
2021-03-08,-5.4460021883980234e-05,5.709837576995949
2021-03-09,0.011656498633124885,5.776783711653143
2021-03-10,0.008276956895395409,5.8247963264964975
2021-03-11,0.0064033680804549626,5.862214314087985
2021-03-12,0.0005282238154236481,5.8653116932825125
2021-03-15,0.0008876207266995698,5.870520176746995
2021-03-16,0.0014418670921129194,5.878990791886521
2021-03-17,0.0006214466298289563,5.88264540635724
2021-03-18,-0.008529640874503966,5.8326819417768325
2021-03-19,-0.0011735016128221138,5.825841294651321
2021-03-22,0.005833684497271559,5.859926739896334
2021-03-23,-6.495440899726669e-05,5.859546124179645
2021-03-24,-0.004535826687360356,5.833028423804269
2021-03-25,0.0030269924161061895,5.850711706685452
2021-03-26,0.014335268752057428,5.935187274738451
2021-03-29,0.003865115437881735,5.95817184910327
2021-03-30,-0.004379261156774186,5.932136507946867
2021-03-31,0.00218991644571598,5.945141626107497
2021-04-01,0.008394810233058794,5.995260034800543
2021-04-05,0.016159027433998746,6.092924562948259
2021-04-06,-0.001064479551158719,6.086442220117045
2021-04-07,0.004665781332572368,6.1149065812138454
2021-04-08,0.0033985175788332016,6.135723552107589
2021-04-09,0.0060646094931811525,6.1730473822406315
2021-04-12,0.002024919153040133,6.185559968329724
2021-04-13,7.733866805527348e-05,6.186038369798079
2021-04-14,-0.00476820963458544,6.1566122527429465
2021-04-15,0.011711912545139537,6.2291418581539
2021-04-16,0.0037536819347472094,6.252568015080402
2021-04-19,-0.004590756706457582,6.223929782407931
2021-04-20,-0.003023471092186757,6.205140329628134
2021-04-21,0.005147082956406659,6.237161037588718
2021-04-22,-0.01130834214298189,6.167026387277515
2021-04-23,0.008788314103794596,6.221463004937871
2021-04-26,-0.0017042654825079346,6.210869010341718
2021-04-27,-0.001391490366125536,6.202232656043971
2021-04-28,0.001896430176656567,6.2140059172709785
2021-04-29,0.01171077954816492,6.287204540598906
2021-04-30,-0.005553038661527797,6.252388208398422
2021-05-03,0.0031353704258050663,6.272022525822106
2021-05-04,-0.003572214428420849,6.249657486600704
2021-05-05,-0.0023610172277322306,6.234919342959296
2021-05-06,0.01169011731591809,6.30823397493567
2021-05-07,0.002542414674303206,6.324292526661227
2021-05-10,-0.006506111147314074,6.283279538754986
2021-05-11,-0.009323008514437073,6.224972690067945
2021-05-12,-0.018200799931762133,6.112698051085707
2021-05-13,0.01156681956497156,6.183813020629638
2021-05-14,0.009872986079415629,6.245168101041666
2021-05-17,-0.003591198501295485,6.222780685603574
2021-05-18,-0.005883316038066624,6.1862775851241665
2021-05-19,-0.001615344091125958,6.176292684876942
2021-05-20,0.008329278904543175,6.2279515913043095
2021-05-21,0.0003067053581457688,6.22986203038361
2021-05-24,0.009378038698842654,6.288560726715678
2021-05-25,-0.0009378353316290751,6.2826658569217155
2021-05-26,-0.0004279126450245539,6.279977999882097
2021-05-27,-0.0016699906097382405,6.2694992477370945
2021-05-28,0.00046794940735455444,6.272433742738532
2021-06-01,-0.003740517220279828,6.249015421931598
2021-06-02,0.002880374994748634,6.2670408772677
2021-06-03,-0.0010172448683295045,6.260669003523083
2021-06-04,0.006965533716827359,6.304430137448119
2021-06-07,-0.0020122146665591924,6.291757025448294
2021-06-08,-0.0015155791784792587,6.282228591876121
2021-06-09,-0.0015405246177414172,6.272558114792575
2021-06-10,0.0037809744174084965,6.296319388633441
2021-06-11,0.0006824564471703673,6.300617818972575
2021-06-14,0.0018294692059162203,6.312155155633788
2021-06-15,-0.003944942401362966,6.28730311927247
2021-06-16,-0.006265265955835506,6.248034635285428
2021-06-17,0.004167750871976437,6.274129227191632
2021-06-18,-0.01153144750192675,6.202194985469216
2021-06-21,0.010373407082862862,6.266867737313011
2021-06-22,0.005948407161582918,6.3042567104138705
2021-06-23,-0.0013177595939962432,6.295954686887648
2021-06-24,0.005054175935387211,6.327856099322631
2021-06-25,0.004134634350373759,6.354073633123539
2021-06-28,0.002417822879979689,6.369455245248406
2021-06-29,-0.002379288502546141,6.354318488112796
2021-06-30,0.002979643745004319,6.373280329186203
2021-07-01,0.005072606567026473,6.405691608172082
2021-07-02,0.00813923517266172,6.458041794850996
2021-07-06,6.5164768051199685e-06,6.4580838786676775
2021-07-07,0.003094877899039556,6.478101820298378
2021-07-08,-0.007643583153138964,6.428774668611958
2021-07-09,0.009985148186991323,6.4932884903553685
2021-07-12,0.005630273947647686,6.5299505953755945
2021-07-13,-0.0011605704845862365,6.522376523421116
2021-07-14,0.001697794355701422,6.533459583184246
2021-07-15,-0.001613758659515663,6.5229246589041985
2021-07-16,-0.006951621674551947,6.4777370001922385
2021-07-19,-0.014976843511786717,6.381443830615823
2021-07-20,0.00985621801922914,6.444651715943483
2021-07-21,0.007115974056031402,6.490675247273786
2021-07-22,0.0017808938243730815,6.5022447497075815
2021-07-23,0.011462578293073636,6.577206043314009
2021-07-26,0.001725600185712714,6.588565469378943
2021-07-27,-0.003337733823829646,6.566611250612241
2021-07-28,-0.0032446309166346524,6.5453395488033665
2021-07-29,-0.00044586053318484417,6.542421890704893
2021-07-30,-0.006183996117470263,6.50208841868643
2021-08-02,-0.003236007695563504,6.481081617942246
2021-08-03,0.006728576324220325,6.524837111279224
2021-08-04,-0.0027955846979660797,6.5066218495108785
2021-08-05,0.00623481568751628,6.5473161664482475
2021-08-06,0.0015272991961138571,6.557323517330148
2021-08-09,-4.77384725239292e-05,6.557010488193411
2021-08-10,0.0014766788319085498,6.566700239346362
2021-08-11,0.0011350482293435592,6.5741579924797335
2021-08-12,0.002195030266993165,6.58860431751318
2021-08-13,0.0016856095517340261,6.599719497178105
2021-08-16,0.004623788678897437,6.630305863426835
2021-08-17,-0.006600973672775301,6.58668352233815
2021-08-18,-0.009987458769001194,6.521226709947
2021-08-19,0.003838668296807022,6.546307644070029
2021-08-20,0.007590330443482381,6.596185336891137
2021-08-23,0.006228966774478421,6.637400988390877
2021-08-24,-0.0013833094975804674,6.628225756120459
2021-08-25,0.000123012710816261,6.629041162290255
2021-08-26,-0.006364434632102091,6.586985036830483
2021-08-27,0.007295689360138235,6.635217363576957
2021-08-30,0.005260387690096027,6.670213144305206
2021-08-31,-0.0017882045817472576,6.658296096834344
2021-09-01,0.00189280555153138,6.670910891560651
2021-09-02,-0.0007303145923762151,6.6660408065556345
2021-09-03,0.001545707175795353,6.67635252105695
2021-09-07,-0.0003137983238093433,6.6742578215004755
2021-09-08,-0.0018182554637467755,6.662133341791163
2021-09-09,-0.004507427495130374,6.632171834178822
2021-09-10,-0.008073490589175142,6.578842623402191
2021-09-13,0.004484261856049219,6.608410121089551
2021-09-14,-0.004946120634623304,6.575804828753779
2021-09-15,0.0045559614640900865,6.605832292192656
2021-09-16,-0.0006246374823631952,6.6017073301778115
2021-09-17,-0.0063510285535353815,6.559912558799518
2021-09-20,-0.01679969506412894,6.450628567284838
2021-09-21,-0.0006558765701369131,6.446399138288208
2021-09-22,0.005441224816864623,6.481571047614179
2021-09-23,0.011354755874508743,6.555587126554353
2021-09-24,0.0022891111368361344,6.5706107829034135
2021-09-27,-0.0019685687053151157,6.557688807212865
2021-09-28,-0.018003592800346063,6.440683268646016
2021-09-29,0.0013406223950182285,6.449323583280751
2021-09-30,-0.011543202387375232,6.375305759136261
2021-10-01,0.009250436357965984,6.434553731633545
2021-10-04,-0.015801993376324958,6.333674104936439
2021-10-05,0.010702894529060699,6.401826815917507
2021-10-06,0.0070569668085312415,6.447164078898993
2021-10-07,0.009383051010021452,6.507942847543289
2021-10-08,-0.0018569971685478573,6.495868830279973
2021-10-11,-0.009052732538865816,6.4373288403760025
2021-10-12,-0.005903351487057801,6.399438974229349
2021-10-13,0.00014425587001307965,6.400362197454756
2021-10-14,0.017707926970291773,6.514708776302233
2021-10-15,0.01169733689130917,6.591360958798702
2021-10-18,0.001437235066346734,6.600841104870936
2021-10-19,0.006661558878744994,6.644959782974093
2021-10-20,0.0023291553887841584,6.660454965199383
2021-10-21,0.000557538349856144,6.664169459660307
2021-10-22,-0.0012650122450788982,6.6557445336313545
2021-10-25,0.006096660097610279,6.6964462920716015
2021-10-26,0.004884142687625692,6.7292326928156285
2021-10-27,-0.0077392933184589315,6.677354197588967
2021-10-28,0.005897990274837816,6.716853536563676
2021-10-29,0.0031384919135788248,6.737967442653411
2021-11-01,-0.0018674075916821325,6.725396652146389
2021-11-02,0.001724737206975685,6.737006202818087
2021-11-03,0.006436769787516944,6.780510624570297
2021-11-04,0.005572337586986049,6.818399385225004
2021-11-05,0.003741638496254189,6.843959158744449
2021-11-08,0.0018673489768289237,6.856751158723892
2021-11-09,-0.008058968388102541,6.801714883561146
2021-11-10,-0.0033719766499735043,6.778818284887002
2021-11-11,-0.0038930729991364338,6.752479153802431
2021-11-12,0.006618739174370728,6.79732028427646
2021-11-15,-0.0020285327666450816,6.78354567320286
2021-11-16,0.002269886380084195,6.79896104008198
2021-11-17,-0.006109621609436833,6.757548596787421
2021-11-18,0.005223955581352756,6.79294209704264
2021-11-19,-0.0021395979672320952,6.778423469491989
2021-11-22,-0.003662078553814125,6.75364574694965
2021-11-23,0.005276799836670389,6.789377575666502
2021-11-24,0.004279719606050194,6.818496473904677
2021-11-26,-0.020347525308718778,6.681158922349714
2021-11-29,0.010034613745973706,6.748539274016629
2021-11-30,-0.018594849979466036,6.624210716460744
2021-12-01,-0.010028593908236705,6.558111193840714
2021-12-02,0.011306256451392112,6.632679631426781
2021-12-03,-0.0040418167808512085,6.605925659338834
2021-12-06,0.013373094549882475,6.6948606705056015
2021-12-07,0.015296167753411584,6.798053598556691
2021-12-08,0.0023075131862820503,6.813758309321537
2021-12-09,-0.0021743867404771873,6.7989586595130955
2021-12-10,0.006599414320489916,6.843976185924841
2021-12-13,-0.006536352257041619,6.799387429394879
2021-12-14,0.000622657714769209,6.803622438777301
2021-12-15,0.01393978244771375,6.8991275692793765
2021-12-16,-0.0033734228129700798,6.875893106814417
2021-12-17,-0.014553003876883247,6.776552810896329
2021-12-20,-0.009003128478545295,6.7158164541645915
2021-12-21,0.014152248775459064,6.811536085769496
2021-12-22,0.009372631425527734,6.875678223698916
2021-12-23,0.004144767625356669,6.904235452860045
2021-12-27,0.010477323152665231,6.9769536395779514
2021-12-28,0.0016408942430959394,6.9884114806213
2021-12-29,0.0007534416087974819,6.993678824679111
2021-12-30,-0.0021396317276856157,6.978730924775685
2021-12-31,-0.003898249675639934,6.951579045997234
2022-01-03,0.0028342594617321495,6.971309572189619
2022-01-04,-0.003496292630026847,6.946978393157185
2022-01-05,-0.010064586204121215,6.877410603014854
2022-01-06,-0.002574212180297462,6.859729456147257
2022-01-07,0.0008734694729695397,6.86572383799369
2022-01-10,-0.0032561254406090214,6.843404536878447
2022-01-11,0.003731252918751619,6.868986707124469
2022-01-12,0.00143690917041802,6.878863911738898
2022-01-13,-0.012468777987591868,6.793625399197121
2022-01-14,-0.00327638832029083,6.771403268330799
2022-01-18,-0.017892787040411588,6.651321494174877
2022-01-19,-0.005014717336613509,6.61805048903301
2022-01-20,-0.008815666785619874,6.559964371265322
2022-01-21,-0.021035923039168805,6.423410766661765
2022-01-24,-0.0033543472327014043,6.40190051313062
2022-01-25,-0.004946848289617379,6.3703094849615605
2022-01-26,0.004973695916793848,6.402072391276067
2022-01-27,0.0007320759678633023,6.406760910585001
2022-01-28,0.027415007058346312,6.584832064346251
2022-01-31,0.01053906654917162,6.654597030756523
2022-02-01,0.0061393111894332345,6.6955773394864435
2022-02-02,0.012031433628724136,6.7766212937037755
2022-02-03,-0.02479509417894118,6.6106603418272165
2022-02-04,0.003483990035132697,6.633731983932063
2022-02-07,-0.005450787474937473,6.597671289595949
2022-02-08,0.0040198719390450366,6.624246461884223
2022-02-09,0.009024769794806086,6.6842993353554245
2022-02-10,-0.014653979101531845,6.587061949943123
2022-02-11,-0.01557611138223151,6.485256067507848
2022-02-14,-0.0028991506392705615,6.466481561444619
2022-02-15,0.013060614420809977,6.551491717801488
2022-02-16,0.0001904341802494846,6.552739464559224
2022-02-17,-0.01521123054626135,6.453818496049595
2022-02-18,-0.006939155888003951,6.409189466410369
2022-02-22,-0.014624025015295064,6.316143332071515
2022-02-23,-0.017165658418734808,6.208647828197534
2022-02-24,0.004177514466449877,6.234638795338825
2022-02-25,0.02365931015546824,6.38390485152881
2022-02-28,-0.00682416399392878,6.340488347062844
2022-03-01,-0.017290721995267808,6.231799091470987
2022-03-02,0.014883569383091128,6.325244178856274
2022-03-03,-0.002000255504139514,6.312604719660633
2022-03-04,-0.005398530786763938,6.278617751128218
2022-03-07,-0.0270221015746196,6.111228100038415
2022-03-08,-0.01114210382588611,6.04351410078561
2022-03-09,0.026990096317401825,6.208850311906997
2022-03-10,-0.002470453617942324,6.193530566342658
2022-03-11,-0.007922097324350957,6.14465865403592
2022-03-14,0.004775920702598244,6.174075246253423
2022-03-15,0.024066670031511334,6.3244671350332435
2022-03-16,0.01700266786620301,6.43291932474394
2022-03-17,0.011415722187320499,6.506776509078253
2022-03-18,0.008164650728128489,6.5601195338971445
2022-03-21,-0.0022394980863271246,6.545444597134633
2022-03-22,0.007023965704393706,6.591581417542991
2022-03-23,-0.013098046423606633,6.505807539517787
2022-03-24,0.013139327242441557,6.591853529037778
2022-03-25,0.004970823688965511,6.624702045167126
2022-03-28,0.008307266706024587,6.679964433797304
2022-03-29,0.008535372538582234,6.737224438893916
2022-03-30,-0.004372966250566966,6.707827107416018
2022-03-31,-0.016634311720788088,6.597169924937298
2022-04-01,0.00440888230976042,6.626320283745175
2022-04-04,0.004425597777726804,6.655710699176198
2022-04-05,-0.00762079724564517,6.605181657747775
2022-04-06,-0.004607789169132392,6.574816385357236
2022-04-07,0.005048269785282599,6.60809175310741
2022-04-08,0.000336886939075671,6.610318307938808
2022-04-11,-0.016608379821396003,6.501438293816466
2022-04-12,-0.005454466009916853,6.466072956821612
2022-04-13,0.008714855459392105,6.522670107819131
2022-04-14,-0.012052868841797081,6.444525102281321
2022-04-18,-0.0020041936830166264,6.431621960298217
2022-04-19,0.014076092756955398,6.522794236926566
2022-04-20,-0.0021691840161979486,6.508660430882009
2022-04-21,-0.012262601150255638,6.4293346879929905
2022-04-22,-0.02326449761774162,6.281485928391202
2022-04-25,0.010975797810432529,6.350809995418137
2022-04-26,-0.024756155311050645,6.19551849804244
2022-04-27,0.0029884902879223634,6.21406143880097
2022-04-28,0.0253392265911497,6.373532858220832
2022-04-29,-0.033110806173997934,6.1659555373399915
2022-05-02,0.0019510852225924338,6.177997585783369
2022-05-03,0.002071147824315444,6.190806391928502
2022-05-04,0.023220117288327034,6.3362395960642734
2022-05-05,-0.03408151415745494,6.123929432817608
2022-05-06,-0.004419544563572432,6.096924173215617
2022-05-09,-0.02043060803314736,5.97362414139156
2022-05-10,0.0023289159983633546,5.9875524228259795
2022-05-11,-0.013861890411602228,5.905126238532729
2022-05-12,-0.0010267266658268604,5.899066399390113
2022-05-13,0.01520596155258338,5.989452841034721
2022-05-16,-0.0016865745738604279,5.979359695975134
2022-05-17,0.008134629080916032,6.028197940434253
2022-05-18,-0.04000252232557951,5.791814309429207
2022-05-19,-0.010367489774711887,5.732077927028052
2022-05-20,0.004739232071872815,5.759308048544484
2022-05-23,0.022068100273270767,5.887817803824076
2022-05-24,-0.006142350257677402,5.851763606728736
2022-05-25,0.003507635122587544,5.872325499010615
2022-05-26,0.01693777017757888,5.972636724802203
2022-05-27,0.02053329153144839,6.096542357772937
2022-05-31,-0.004026260625725734,6.072045437909543
2022-06-01,-0.010983740212002296,6.005716604440388
2022-06-02,0.014045814124257223,6.090666985566542
2022-06-03,-0.01435040135516446,6.003887618407263
2022-06-06,0.0018158469546779349,6.01479966375918
2022-06-07,0.00690561880364251,6.0564793237057595
2022-06-08,-0.00843382412993692,6.005614834816215
2022-06-09,-0.025354733165416414,5.855258253482476
2022-06-10,-0.027111444729432426,5.698646323567959
2022-06-13,-0.0345773860661193,5.504969740759991
2022-06-14,-0.007084880569903339,5.466105524339035
2022-06-15,0.012913122526210899,5.537147715797229
2022-06-16,-0.021683724436500674,5.418374111368033
2022-06-17,-0.001813202622836212,5.408558402841277
2022-06-21,0.02426437128295084,5.541398798852935
2022-06-22,0.0028605093539140203,5.557272714869403
2022-06-23,0.014049315745707327,5.635899627789607
2022-06-24,0.025962310784168656,5.78413656580711
2022-06-27,-0.003199601177208991,5.765659211487741
2022-06-28,-0.02359165460895111,5.63122971278019
2022-06-29,0.003095711500162168,5.648689386474794
2022-06-30,-0.00418151976449995,5.625118595370969
2022-07-01,0.008575797759098136,5.67356591510547
2022-07-05,0.002963882179280735,5.69040664064914
2022-07-06,0.006429788822456647,5.7271126330936495
2022-07-07,0.012446339984472019,5.798839667641432
2022-07-08,-0.0011006296160834042,5.7924608039913705
2022-07-11,-0.008955687204762907,5.740816935223715
2022-07-12,-0.008697261668078155,5.6911040445251855
2022-07-13,-0.0028516216617297425,5.674898286280046
2022-07-14,-0.0008744878080100973,5.669937826164061
2022-07-15,0.019004647617349997,5.778723438460992
2022-07-18,-0.01030323677111282,5.719489556997672
2022-07-19,0.019490835187163918,5.832060674130762
2022-07-20,0.002863308251036621,5.848783591588033
2022-07-21,0.009005395387383288,5.901692073705839
2022-07-22,-0.007159838974633309,5.859587818490727
2022-07-25,0.0017800180285899398,5.870027278905199
2022-07-26,-0.01474444550756609,5.78411192517382
2022-07-27,0.019605076192541752,5.8986287679454215
2022-07-28,0.007076579941708992,5.940518930696563
2022-07-29,0.005756369576681579,5.974813364157927
2022-08-01,-0.0001905321946545837,5.9736750782984975
2022-08-02,-0.00925047021871489,5.918670575879058
2022-08-03,0.016101797235692408,6.014743204687995
2022-08-04,-0.0030818845344201843,5.996234995358269
2022-08-05,-0.0017032277759947826,5.9860307339204075
2022-08-08,-0.00192562086322178,5.9745149992791005
2022-08-09,-0.0034299853349553104,5.954057604786079
2022-08-10,0.0169087487727137,6.0555892364008574
2022-08-11,-0.005173267940447295,6.024342943153461
2022-08-12,0.01608854763017078,6.1220497442588355
2022-08-15,0.005988256990418888,6.158820136836042
2022-08-16,0.008353978058571491,6.210486293619042
2022-08-17,-0.008025783519585855,6.160841759696192
2022-08-18,-0.00010894585955189663,6.160170598055923
2022-08-19,-0.009766008191867227,6.100303130442049
2022-08-22,-0.018990444729394197,5.985548728279497
2022-08-23,-0.008340616027028356,5.935833181975457
2022-08-24,0.0007110305424054545,5.940055241491222
2022-08-25,0.013285463355508812,6.019498177345165
2022-08-26,-0.03271884886169799,5.8257342775521135
2022-08-29,-0.006613146640798766,5.787334952613003
2022-08-30,-0.007602645670911536,5.743502727154792
2022-08-31,-0.009008918891238718,5.691992351715468
2022-09-01,0.010049386329457595,5.749481764681251
2022-09-02,-0.012850629362873046,5.676070009381075
2022-09-06,-0.0038282580376840024,5.6543820887108955
2022-09-07,0.015135391658310019,5.740614309257654
2022-09-08,0.007734029087898665,5.785184518791889
2022-09-09,0.01365210279260883,5.864706035378719
2022-09-12,0.007768591777645417,5.910443972115743
2022-09-13,-0.040533492561231815,5.675663417066081
2022-09-14,0.003832763207386972,5.697458632256861
2022-09-15,-0.007975874878183254,5.652197154962773
2022-09-16,-0.001668434824218243,5.642774694962039
2022-09-19,0.003357020224501566,5.661749435208931
2022-09-20,-0.0090781014101604,5.61058409314487
2022-09-21,-0.01723375465479666,5.514721075889731
2022-09-22,-0.0023101967390127603,5.50199568997579
2022-09-23,-0.01200309108362387,5.43634950131645
2022-09-26,-0.00737998511735375,5.396377002549287
2022-09-27,-0.0052812953243369255,5.367952267695721
2022-09-28,0.0148759911299405,5.448402785003459
2022-09-29,-0.01674179788499085,5.357946043836735
2022-09-30,-0.014174449941394475,5.282535817670709
2022-10-03,0.018377669899617016,5.380514065537014
2022-10-04,0.02401019963867036,5.5112646752254975
2022-10-05,-0.002795715970269206,5.495878262598061
2022-10-06,-0.012967106605090593,5.425072687136852
2022-10-07,-0.025401529717379325,5.28900304692033
2022-10-10,-0.008407539745976151,5.2447219519598525
2022-10-11,-0.0036847976190732654,5.225431775023994
2022-10-12,-0.0017704482317211763,5.216188603270849
2022-10-13,0.02471611617923634,5.346718983960593
2022-10-14,-0.014206179747294155,5.271299512696321
2022-10-17,0.024519506410727147,5.402146774579345
2022-10-18,0.010441478983899605,5.458848687352212
2022-10-19,-0.008092668659051835,5.414850305952292
2022-10-20,-0.0048538667935092246,5.388631027779456
2022-10-21,0.026469738905099755,5.533171215448687
2022-10-24,0.011244125155346306,5.5957379801742775
2022-10-25,0.011010704263094638,5.6576914459399745
2022-10-26,-0.0021972269918153283,5.645273860706125
2022-10-27,-0.009276975236160988,5.593144967982814
2022-10-28,0.02355602854094803,5.726461287433657
2022-10-31,-0.008460138108931502,5.678218990056356
2022-11-01,-0.0017275389903513231,5.668418113490954
2022-11-02,-0.022177310943404218,5.544091552450472
2022-11-03,-0.013508127699081279,5.469704799767862
2022-11-04,0.013822089404837793,5.545832458165713
2022-11-07,0.011075243543113605,5.607595291174899
2022-11-08,0.004372648675261187,5.632169022288408
2022-11-09,-0.02325823888279245,5.502686296695366
2022-11-10,0.04505670928995673,5.756289596521304
2022-11-11,0.0043437417811579325,5.78134781596348
2022-11-14,-0.002728641955859313,5.765594090663845
2022-11-15,0.008990466033484433,5.81766318046882
2022-11-16,-0.0024354706053964087,5.803511672586418
2022-11-17,-0.0018752095508102603,5.792639069460402
2022-11-18,0.005563460324735636,5.824956000724973
2022-11-21,-0.0006753138387081675,5.821023655260918
2022-11-22,0.012013909169342609,5.891378677937307
2022-11-23,0.006115112663502468,5.927515500055421
2022-11-25,0.0021311266849568158,5.940161256581573
2022-11-28,-0.009622703384162582,5.883274985566444
2022-11-29,-0.004921109480522732,5.854393867116603
2022-11-30,0.027733135091157563,6.019026906432043
2022-12-01,0.00113120709419483,6.025839524883441
2022-12-02,-0.000855212601205154,6.020688353976015
2022-12-05,-0.014535933439323665,5.933805023773299
2022-12-06,-0.017053560821639866,5.83347048113807
2022-12-07,-0.0006603233727685639,5.829619775730328
2022-12-08,0.009083343939484203,5.882813439624408
2022-12-09,-0.004687060290239564,5.855304855912089
2022-12-12,0.01492951378807575,5.943377515612504
2022-12-13,0.0062786697296999166,5.980811414680871
2022-12-14,0.0006484897225792403,5.984691167269851
2022-12-15,-0.022394437360079237,5.85215692954732
2022-12-16,-0.012022192690657147,5.782222396817746
2022-12-19,-0.007224507892361958,5.740599219999424
2022-12-20,0.0015077565174488464,5.749261174305513
2022-12-21,0.012021196289540093,5.818791251445262
2022-12-22,-0.010889704153966732,5.755770099814175
2022-12-23,0.0047284068904843496,5.783050167617556
2022-12-27,-0.004524856570008309,5.756941807909312
2022-12-28,-0.009749630665854814,5.701086478378914
2022-12-29,0.01464720434859921,5.785206011113763
2022-12-30,-0.0024492913982952355,5.7710536944421325
2023-01-03,-0.005729573655836698,5.738082562689999
2023-01-04,0.0021324696823651077,5.750331905824359
2023-01-05,-0.009109068282004721,5.698189584375714
2023-01-06,0.019159591582928535,5.8084171552619726
2023-01-09,-0.010079184450903889,5.750167097060986
2023-01-10,0.004240809220441054,5.7746042387090295
2023-01-11,0.011762959408065054,5.842931752999632
2023-01-12,0.0023194769512715724,5.856500028096165
2023-01-13,0.0043596481212375,5.882088044285761
2023-01-17,-0.006174219452687746,5.84588262697169
2023-01-18,-0.018258052008171797,5.7401166761805085
2023-01-19,-0.006576491501919712,5.702490706684821
2023-01-20,0.013589294016396166,5.7805124591114465
2023-01-23,0.006074571083676892,5.815733460878105
2023-01-24,0.002241595874794834,5.828784607245948
2023-01-25,0.0006449155237192726,5.832544893326681
2023-01-26,0.008586967912113332,5.882844420310216
2023-01-27,0.0027574128729840703,5.899088236406096
2023-01-30,-0.01609448263169035,5.804905408213391
2023-01-31,0.01461475191835111,5.8903656295082385
2023-02-01,0.007236628139266296,5.9331466235470485
2023-02-02,0.016829090529753073,6.033841006111357
2023-02-03,-0.008173208477515794,5.984726152030287
2023-02-06,-0.004499422292761984,5.95785883080475
2023-02-07,0.010369916072805902,6.019962776678258
2023-02-08,-0.009770979997818185,5.961428276216312
2023-02-09,-0.007806952760515484,5.915068885526333
2023-02-10,0.003478094781712899,5.935677874984078
2023-02-13,0.011336198289997915,6.003348736821015
2023-02-14,-0.00035315881718787093,6.001228975610165
2023-02-15,-0.0030246268578787397,5.983104920339552
2023-02-16,-0.01462166080585942,5.896258456653646
2023-02-17,0.000439935601930639,5.898853001341355
2023-02-21,-0.017075460548536966,5.798982463949778
2023-02-22,-0.0019309664563507297,5.787795627509849
2023-02-23,0.005897362053645917,5.822029198481944
2023-02-24,-0.009012983504449262,5.76979110949548
2023-02-27,-0.0005574417639987666,5.766575683251201
2023-02-28,-0.003054864146381301,5.74898645797471
2023-03-01,-0.0063910439869423645,5.712361592866571
2023-03-02,0.0050744088961342795,5.741422121495733
2023-03-03,0.017498418376250515,5.842772073731109
2023-03-06,0.0029332786373296896,5.859935712799175
2023-03-07,-0.0160597727501607,5.766578134197644
2023-03-08,-0.0007135877316560362,5.762464642630555
2023-03-09,-0.015101168109040138,5.676098451800386
2023-03-10,-0.005548842654009624,5.644689895758586
2023-03-13,0.0052366242637192865,5.674326546103801
2023-03-14,0.016199840268918495,5.766998337207786
2023-03-15,-0.0020094652966094295,5.75542138981617
2023-03-16,0.012690734760895397,5.82892735190793
2023-03-17,-0.008672580063066771,5.778594087876408
2023-03-20,0.010381165654172924,5.838895086131669
2023-03-21,0.011421787285604649,5.905968021008325
2023-03-22,-0.012458464501656738,5.832845173074291
2023-03-23,0.004273047294909158,5.857822523056639
2023-03-24,0.0037671403480211097,5.879931380072251
2023-03-27,0.0012983709076982207,5.887570670158229
2023-03-28,-0.0029735893033706997,5.870089456846143
2023-03-29,0.010299913068266851,5.9308633133927176
2023-03-30,0.006223729535883484,5.9678905066677475
2023-03-31,0.013760842165071478,6.050581348940207
2023-04-03,0.010875077287065285,6.1167409822622565
2023-04-04,-0.0017918864832480342,6.105790290902618
2023-04-05,0.00468150408784291,6.134441586359448
2023-04-06,0.004980012754585151,6.165067378825703
2023-04-10,-0.0015201603668481309,6.155702607517968
2023-04-11,-0.001558096625140043,6.146118896172817
2023-04-12,-0.003774080803574418,6.1229666635098
2023-04-13,0.014117179888376121,6.210018704262019
2023-04-14,0.002011638013830353,6.22252358738629
2023-04-17,-1.8614049253880053e-05,6.222407762103742
2023-04-18,-0.0013215392429149317,6.214190037279623
2023-04-19,-0.0013363742113795469,6.20589110044686
2023-04-20,-0.002686064556931426,6.189244043861072
2023-04-21,0.006203873200969467,6.2277606817520885
2023-04-24,0.0017411426844319532,6.23861354715534
2023-04-25,-0.010958890222440376,6.170618521661939
2023-04-26,-0.006280176430826073,6.1319873808182725
2023-04-27,0.023984074790082428,6.280835279182897
2023-04-28,0.005372065439540138,6.314667129411337
2023-05-01,0.0020824623053061937,6.327830887436617
2023-05-02,-0.009117172599409836,6.27040115724684
2023-05-03,-0.0032316684180476053,6.250170007649387
2023-05-04,-0.006855575597178331,6.207468035212232
2023-05-05,0.01412643964955952,6.295779754281363
2023-05-08,0.002972429678223256,6.314521357119762
2023-05-09,-0.0042601779607718175,6.287677592607522
2023-05-10,0.003762526329576158,6.311379707054649
2023-05-11,0.0008237765735513781,6.316581015868147
2023-05-12,-0.0021281478197922544,6.303152691548336
2023-05-15,0.0011570156898999709,6.310449758704848
2023-05-16,-0.0025727035729077815,6.294235707980222
2023-05-17,0.010642020155564579,6.361576778217098
2023-05-18,0.007520029666746729,6.409596352332127
2023-05-19,-0.0011740866978477234,6.402075346536672
2023-05-22,-0.0016652433773653539,6.391423204630404
2023-05-23,-0.00636134034769196,6.350894232285683
2023-05-24,-0.003341723748468967,6.329706719330197
2023-05-25,0.008162072232291668,6.381581658292464
2023-05-26,0.010722197971169536,6.450374385758529
2023-05-30,0.0006528824985812233,6.454587097357484
2023-05-31,-0.00407344210153583,6.428348188147505
2023-06-01,0.013880380195657807,6.51819823888646
2023-06-02,0.01235691269425179,6.5992427441427095
2023-06-05,2.949853616404675e-06,6.599262210971496
2023-06-06,0.0008676405855048314,6.604990483381584
2023-06-07,-0.00625776695637896,6.563787047396826
2023-06-08,0.00950290760549391,6.6264594225090825
2023-06-09,0.0008371945026381613,6.632009380782679
2023-06-12,0.007500339521405177,6.6819387122520295
2023-06-13,0.005174968808164868,6.716607163373328
2023-06-14,0.0007959755828781756,6.721955546984154
2023-06-15,0.01121021004502025,6.797734033372773
2023-06-16,-0.0038759206741302748,6.771437549957921
2023-06-20,0.0006285011331205397,6.775694743816369
2023-06-21,-0.003752058908721021,6.7503195723283635
2023-06-22,0.006718603700301043,6.7958249896431
2023-06-23,-0.004637755873606537,6.764380584479627
2023-06-26,-0.011671673012948464,6.685887907663983
2023-06-27,0.010389277351227766,6.755711531929603
2023-06-28,-0.0026729844176549564,6.7376777330436814
2023-06-29,0.002836864257888387,6.756818747578803
2023-06-30,0.014838488236223612,6.857827276676906
2023-07-03,-0.00010280412185991619,6.857122300003735
2023-07-05,0.0014729134618565011,6.867229689576781
2023-07-06,-0.00942321267000036,6.802822262796012
2023-07-07,-0.006729903374452853,6.7571936366324055
2023-07-10,0.0007339590041280537,6.76215496022599
2023-07-11,0.002980948719945795,6.782342671716022
2023-07-12,0.009032804003387386,6.843883769655813
2023-07-13,0.005466505841493707,6.881398343660469
2023-07-14,0.0035128152653844833,6.905613932352648
2023-07-17,0.0033112564280935505,6.928518090719332
2023-07-18,0.004821723227400766,6.962006157543287
2023-07-19,0.002526587480604449,6.979618515352949
2023-07-20,-0.001936028762438578,6.96611884524781
2023-07-21,-0.00107668153632283,6.958622589971291
2023-07-24,0.005919730740570409,6.999937929219294
2023-07-25,0.0018003858993106124,7.012551870336747
2023-07-26,0.0016543022060185515,7.0241623513399505
2023-07-27,-0.0008912797886438536,7.01790464650122
2023-07-28,0.012223869931887508,7.104217061207589
2023-07-31,-0.0011808849713385425,7.095832749475061
2023-08-01,-0.0024862807059142654,7.0782124310233465
2023-08-02,-0.012061615534271965,6.993350568414914
2023-08-03,0.0017671415679042222,7.0057197347183955
2023-08-04,-0.0018977527683088006,6.992437218150508
2023-08-07,0.013492237447479245,7.087420166791962
2023-08-08,0.006353443423487011,7.1325930395309385
2023-08-09,-0.0077594545655276575,7.077462177231735
2023-08-10,-0.0005665661948662696,7.073453462125135
2023-08-11,0.0017489704920241505,7.08583554830248
2023-08-14,0.008020241132725071,7.142894164101258
2023-08-15,-0.008890016481587468,7.079675142689311
2023-08-16,-0.006988253756187713,7.030373044708196
2023-08-17,-0.006507202980830039,6.984773503913506
2023-08-18,0.0014578152692805257,6.99496343909687
2023-08-21,0.007048501520271031,7.044441618196732
2023-08-22,-0.0038615440099374356,7.017291650996506
2023-08-23,0.00799962202389887,7.07365246387365
2023-08-24,-0.010404931161655785,7.0004331783131635
2023-08-25,0.005665600207915728,7.040207400010316
2023-08-28,0.00390847425142491,7.0677777131901385
2023-08-29,0.012022904828169097,7.15326580983282
2023-08-30,0.0018595047018504663,7.16657971603903
2023-08-31,2.3208186807754512e-05,7.166746041289899
2023-09-01,0.0012008211789757298,7.1753571909112885
2023-09-05,-0.0011504431459772137,7.16710709695302
2023-09-06,-0.007509374165316545,7.113488182292476
2023-09-07,0.0032224788396286526,7.1364482216876235
2023-09-08,0.0027184385004906976,7.155874610047973
2023-09-11,0.009462882947657363,7.223911217396099
2023-09-12,-0.0022047760345654185,7.208001656022721
2023-09-13,0.0037610789314040734,7.235162564331181
2023-09-14,0.005007642142935338,7.271484537117898
2023-09-15,-0.014813013804146246,7.164565785812573
2023-09-18,0.00043546368471362307,7.167686373431015
2023-09-19,-0.0012786839788182932,7.15852702490421
2023-09-20,-0.009571470087705414,7.090336261137269
2023-09-21,-0.016477080514173893,6.97446544756133
2023-09-22,-0.0012836609172369208,6.965518342600732
2023-09-25,0.005255471746132589,7.00222178993365
2023-09-26,-0.011315264756361335,6.923436376013677
2023-09-27,-0.0006612312386076557,6.918859896825592
2023-09-28,0.003617570994451247,6.943934691281807
2023-09-29,-0.00528989196510997,6.9072990117766535
2023-10-02,0.0060351346643309125,6.949111536677875
2023-10-03,-0.01332807599125219,6.8571077288570805
2023-10-04,0.0056428030078642544,6.895910411962834
2023-10-05,0.0015000529960490947,6.906262405365008
2023-10-06,0.01070596795920794,6.980597835750742
2023-10-09,0.00413779972487204,7.009541992820537
2023-10-10,0.0062002971690888935,7.053138251407937
2023-10-11,0.0048801773746609016,7.087642943150131
2023-10-12,-0.0013346119539615704,7.078189999561672
2023-10-13,-0.004401316026294288,7.047105105880096
2023-10-16,0.010686658598895631,7.122818955717805
2023-10-17,-0.005030195584749994,7.087079746221361
2023-10-18,-0.012151060270521881,7.001485297886695
2023-10-19,-0.00918305358414457,6.937484593930698
2023-10-20,-0.011502543620816305,6.858143064267914
2023-10-23,0.0010678236532413031,6.865470263031092
2023-10-24,0.0062337838175759944,6.908401794372759
2023-10-25,-0.013251273272323724,6.8174605487107085
2023-10-26,-0.01712186776660924,6.701726509502226
2023-10-27,-0.005095258893392129,6.66766632432255
2023-10-30,0.014234519255915422,6.763256072020582
2023-10-31,0.0017855634158364501,6.7753430824852074
2023-11-01,0.010633052797369355,6.847770040644286
2023-11-02,0.01703079240903712,6.965391743089754
2023-11-03,0.0030426453574772683,6.986617234386236
2023-11-06,0.006131586347518486,7.029587885737296
2023-11-07,0.00392381185982988,7.05722485172161
2023-11-08,0.0023037904363517082,7.0735019611675645
2023-11-09,-0.009829523481117123,7.0043134098708935
2023-11-10,0.013296476139130115,7.0980680176642235
2023-11-13,0.0026495538580443164,7.116899667884106
2023-11-14,0.011968265378728781,7.20258836146502
2023-11-15,-0.0016832331226617559,7.190474923895834
2023-11-16,-0.002864153688120866,7.169909763571755
2023-11-17,0.0013094958774674122,7.17930488094015
2023-11-20,0.006571955089472692,7.226642329607079
2023-11-21,-0.0018798372371258319,7.21307017897033
2023-11-22,0.002661467022045715,7.232293096613071
2023-11-24,0.0011585764110041727,7.240677116618357
2023-11-27,-0.003157683395786583,7.217849411014284
2023-11-28,0.0025075098267100275,7.235970949813333
2023-11-29,-0.004749640685331434,7.20168417717387
2023-11-30,0.0016269313759662677,7.213410359381884
2023-12-01,-0.002496560579854225,7.195424104661678
2023-12-04,-0.004716194715923553,7.161568979952413
2023-12-05,0.0008314021004322544,7.167525599274528
2023-12-06,-0.006669621707373921,7.119879980697008
2023-12-07,0.006096903513443285,7.163421802230149
2023-12-08,0.004636444898699232,7.196711726517095
2023-12-11,-0.005242604888787329,7.159080938303442
2023-12-12,0.005729919151690036,7.200219641446495
2023-12-13,0.007610737168740903,7.255227681040072
2023-12-14,-0.005461628649497348,7.215710334446303
2023-12-15,0.002200161635814139,7.231603540899653
2023-12-18,0.010600191707413094,7.308667650350472
2023-12-19,0.0059696876565054225,7.352428603058243
2023-12-20,-0.014144007158075202,7.24916778262252
2023-12-21,0.008455236737725955,7.310721069473701
2023-12-22,0.0007302415952128933,7.31606161179538
2023-12-26,0.002497906124419436,7.334359290329668
2023-12-27,0.0037089848431256034,7.3616128280077
2023-12-28,-0.0005692962457745676,7.357423082178312
2023-12-29,-0.0020546640671907754,7.342321568925328
2024-01-02,-0.0005709282293136454,7.338130826693286
2024-01-03,-0.0014680320587438654,7.327366118789864
2024-01-04,-0.002012527849960155,7.312634419358913
2024-01-05,0.0007089643131773323,7.317820654408106
2024-01-08,0.00993607355251277,7.390893486010466
2024-01-09,0.001651782417442952,7.403111722075599
2024-01-10,0.007927710046688428,7.462034698786855
2024-01-11,-0.00037133234917694353,7.459264318310294
2024-01-12,0.000731136564189498,7.464720053396032
2024-01-16,-0.0035761705463382945,7.438072617691257
2024-01-17,-0.0021898534050318772,7.4218021505135345
2024-01-18,0.005764221604961008,7.464706599396773
2024-01-19,0.00784018071608297,7.523461270786559
2024-01-22,0.0012817431316655562,7.5331105982553
2024-01-23,0.003321797044469653,7.558175670269285
2024-01-24,0.0002475106757413191,7.5600466309686265
2024-01-25,0.002433560790931236,7.578466868320332
2024-01-26,0.0037009617951903884,7.606566450332244
2024-01-29,0.0053549216593157655,7.6474082725538395
2024-01-30,0.0029052574104144577,7.669658267439276
2024-01-31,-0.010228393837341384,7.591609817674856
2024-02-01,0.01070157821013962,7.673288288643053
2024-02-02,0.00881167042956426,7.741201551368507
2024-02-05,-0.0005434464810835642,7.73699576553932
2024-02-06,0.004437873297656653,7.771407874262449
2024-02-07,0.009539605054370182,7.845898778086921
2024-02-08,-0.0003357208160121134,7.843265188646927
2024-02-09,0.002147631124949624,7.860127729865197
2024-02-12,-0.0010608902311725124,7.851793418817083
2024-02-13,-0.00842278075621843,7.78593721980731
2024-02-14,0.005009654720548931,7.825039940740794
2024-02-15,0.00735159444588434,7.882778435863957
2024-02-16,-0.0004403742753252724,7.879307827262176
2024-02-20,-0.0016968960677686941,7.865948798440655
2024-02-21,0.002728777330912343,7.8874425336794305
2024-02-22,0.018517947624431895,8.034862526583588
2024-02-23,0.001154970033391944,8.044147913163648
2024-02-26,-0.0020265986680966896,8.027862161631976
2024-02-27,-0.0015791359211807998,8.015195080276142
2024-02-28,-0.00038231052303249033,8.012131372533965
2024-02-29,-0.0013639038198045425,8.00121104478142
2024-03-01,0.006763485963449252,8.055510543328628
2024-03-04,-0.004665582068188728,8.018014436386496
2024-03-05,-0.006513003389787557,7.9659627715169075
2024-03-06,0.0039021323774838207,7.997107739139335
2024-03-07,0.005661076313006415,8.042508363283853
2024-03-08,-0.010453487296713245,7.958874001241929
2024-03-11,7.890332119595507e-05,7.959502007609175
2024-03-12,0.011339196288707306,8.050270008767576
2024-03-13,-0.00022714351065419993,8.048441649833865
2024-03-14,-0.000688663089685249,8.042900893216403
2024-03-15,-0.005655502079250355,7.997542633255851
2024-03-18,0.0047062597007823505,8.035269853269002
2024-03-19,0.005922174455732847,8.082997308806002
2024-03-20,0.008022529096166716,8.14810420167647
2024-03-21,0.0032420558631582872,8.174563679052891
2024-03-22,-0.004319396639127568,8.139330643677644
2024-03-25,-0.005814069410974757,8.092145312669913
2024-03-26,-0.0005430725850479063,8.08775188347983
2024-03-27,0.0065692819096795805,8.141057503739114
2024-03-28,-0.0003085092928250456,8.138546299230669
2024-04-01,-0.005476155642792302,8.0941001610471
2024-04-02,-0.0076875556913314266,8.03211487821428
2024-04-03,-0.003483817303731295,8.004181143682459
2024-04-04,-0.00878100949748726,7.934204037495256
2024-04-05,0.009277574414659808,8.008156726214821
2024-04-08,-0.00041538190902132527,8.004830973562706
2024-04-09,-5.899157068866011e-05,8.004358769938632
2024-04-10,-0.005089387415502502,7.963724975414535
2024-04-11,0.002413416910699176,7.982967975292817
2024-04-12,-0.011022127350570647,7.895461823513367
2024-04-15,-0.009057139949729428,7.824274384743248
2024-04-16,-0.0014893609102796432,7.812629889903507
2024-04-17,-0.0010152674412839799,7.804702006287527
2024-04-18,0.00034399759377777827,7.807387266832945
2024-04-19,-0.0019554735005106938,7.7921350454420235
2024-04-22,0.007696954464076526,7.85234216254634
2024-04-23,0.006658448206478815,7.904801029646766
2024-04-24,0.00024823411528476715,7.9067635145046316
2024-04-25,-0.003391267712561933,7.879994977978576
2024-04-26,0.007332434148366064,7.93798687329519
2024-04-29,-0.0008892800602377162,7.930930917675658
2024-04-30,-0.008837334941888304,7.8611514113289225
2024-05-01,0.0006100172916311834,7.8659483125695635
2024-05-02,0.005698501721489059,7.910900390673404
2024-05-03,0.007091530526687525,7.967200172155071
2024-05-06,0.008942126889911264,8.038763373808147
2024-05-07,0.005405647329831434,8.082335755938063
2024-05-08,-8.252906097505406e-05,8.081668755881463
2024-05-09,0.006815847199460944,8.136940322541175
2024-05-10,0.002668209912679858,8.158680377986474
2024-05-13,-0.002134829009450038,8.141281568785939
2024-05-14,0.002879756437369952,8.16476026703257
2024-05-15,0.011307466412882595,8.257606960686195
2024-05-16,0.004959430727816765,8.298661710330352
2024-05-17,0.0034589259943395615,8.3274158676212
2024-05-20,-0.005745448328173747,8.279708311930774
2024-05-21,0.005696923441299471,8.327011790512246
2024-05-22,-0.0023232458459938403,8.307688549970942
2024-05-23,-0.009417108553131227,8.229821362399516
2024-05-24,0.0031943740052664794,8.25615252322507
2024-05-28,-0.0025956190884649766,8.234750483925264
2024-05-29,-0.006412965240317593,8.182110285597373
2024-05-30,-7.468585161221e-05,8.18149922054195
2024-05-31,0.007899986771976779,8.246388932613575
2024-06-03,0.0012021808545413556,8.256308544896767
2024-06-04,0.00420003342319677,8.2910582405964
2024-06-05,0.005829311908959261,8.339530547974627
2024-06-06,0.0039775645213438356,8.372767626298321
2024-06-07,-0.002041319749927822,8.355693563121338
2024-06-10,0.004534500253509588,8.393668491293228
2024-06-11,0.0025409034215344113,8.41502311080575
2024-06-12,0.0003724024283484192,8.41815746943198
2024-06-13,0.00806295197608407,8.48630704299785
2024-06-14,0.002426532610543024,8.506924347945837
2024-06-17,0.007538281712591935,8.571294254611743
2024-06-18,0.0009715625653656914,8.579625849923943
2024-06-20,-0.00039963831461528696,8.57619778774737
2024-06-21,-0.0030089624779410695,8.55043111531654
2024-06-24,0.0009884644576271505,8.558887091098676
2024-06-25,-0.0027614840099853205,8.535284465389143
2024-06-26,0.003920080748867119,8.568809136485692
2024-06-27,-0.0024826477405308924,8.547562187102429
2024-06-28,-0.0014036166240816135,8.535573102728655
2024-07-01,0.00042799273479707446,8.539227047879164
2024-07-02,0.007941268873764265,8.607309317852955
2024-07-03,0.002688930350329875,8.630484917935666
2024-07-05,0.010259714882996842,8.719487019882294
2024-07-08,-0.0002599223953729899,8.717220924446897
2024-07-09,0.002388690695741194,8.738068558323603
2024-07-10,0.00761515799163864,8.804864338352244
2024-07-11,-0.010137210436710457,8.716058458131105
2024-07-12,0.003686231811523449,8.748247161151939
2024-07-15,0.005112090660967083,8.793083499834367
2024-07-16,0.008031892978030024,8.863992992977025
2024-07-17,0.000641684168763033,8.869682702255597
2024-07-18,-0.01028128082611779,8.778958184842004
2024-07-19,-0.005271082195507691,8.732805319293112
2024-07-22,0.005268716365735138,8.778937415345927
2024-07-23,-0.002202470814816254,8.75962333905572
2024-07-24,-0.017049442599638316,8.611542577995303
2024-07-25,-0.005926054917435869,8.560661016124573
2024-07-26,0.008842843518386049,8.63669729488517
2024-07-29,0.00017310557036272559,8.638192484705561
2024-07-30,-0.004920306169051769,8.595794324434555
2024-07-31,0.009183797192805728,8.675099962268533
2024-08-01,-0.003493261774823608,8.644848436190372
2024-08-02,-0.00531755179521576,8.599001012926207
2024-08-05,-0.02735438064097701,8.366968684637765
2024-08-06,0.007495125247799936,8.429915766323424
2024-08-07,-0.006016085440670688,8.379352920518668
2024-08-08,0.020660114375450147,8.5542720126411
2024-08-09,0.006985953245542365,8.614240983292317
2024-08-12,-0.0005276365021372313,8.609696994204
2024-08-13,0.009386430616931363,8.690891786174952
2024-08-14,0.006162757471905285,8.744617022229301
2024-08-15,0.016287694047512038,8.888212917333023
2024-08-16,0.0010758794740088817,8.897780709143905
2024-08-19,0.005066049768916113,8.942971682257152
2024-08-20,0.003979427222933482,8.978630490983283
2024-08-21,0.002099295887596213,8.997499091507432
2024-08-22,-0.0034769041198511688,8.966269971635954
2024-08-23,0.007373056546559709,9.032623099239228
2024-08-26,0.0006023093219753134,9.038065171074566
2024-08-27,0.002656232261967725,9.062104283967214
2024-08-28,-0.004355471362781879,9.022720378268366
2024-08-29,0.0023268994966026677,9.043739787316648
2024-08-30,0.010173568308035057,9.13621650327456
2024-09-03,-0.008417848697055912,9.059632005675168
2024-09-04,0.001563001869049948,9.073803299427244
2024-09-05,-0.007471886346028826,9.006257533840746
2024-09-06,-0.013754839901384102,8.883225982742658
2024-09-09,0.011034410884801229,8.98178994577298
2024-09-10,0.0038793904526736164,9.01670148990811
2024-09-11,0.0028065421539021657,9.042042786803906
2024-09-12,0.007645245862433999,9.111436354447697
2024-09-13,0.003910577970418851,9.147137096505505
2024-09-16,0.002428399413221941,9.169376991608145
2024-09-17,-0.0034153497817686783,9.138113779692334
2024-09-18,-0.0026236419829192823,9.114170064338362
2024-09-19,0.006608185192390465,9.174597626362441
2024-09-20,0.0026002980117042496,9.198485358479783
2024-09-23,0.00367429434077358,9.232345469088672
2024-09-24,-0.0018536642421086989,9.215247652123567
2024-09-25,-0.0016014503095313983,9.20050170152375
2024-09-26,-0.0013885964796669953,9.187734783350091
2024-09-27,-0.0013682562648261848,9.175172204047021
2024-09-30,0.005520401643236991,9.225962903302594
2024-10-01,-0.003810881436168031,9.190870761010153
2024-10-02,-0.00015691652169662714,9.189428674685516
2024-10-03,-0.0022142359495230402,9.16910362189394
2024-10-04,0.007279942193574142,9.236097726957569
2024-10-07,-0.01107349558777906,9.134386030880101
2024-10-08,0.008806982107261954,9.215187692341097
2024-10-09,0.00827177178793065,9.291729754720263
2024-10-10,-0.0034435178320238523,9.2597885442462
2024-10-11,0.005576173742355398,9.311566962549465
2024-10-14,0.005066256504163404,9.35886145108376
2024-10-15,-0.004792722758333504,9.314114338721067
2024-10-16,0.003151100761218739,9.343510342064338
2024-10-17,2.479334964672927e-05,9.343742001854975
2024-10-18,0.002443447127858368,9.366600857242023
2024-10-21,-0.0048253336112137135,9.321512753359647
2024-10-22,0.0022163452167367685,9.342195354989505
2024-10-23,-0.003967731522063218,9.305201471425761
2024-10-24,-0.000902209360828622,9.296810017547172
2024-10-25,-0.0024774011078350197,9.273806596226422
2024-10-28,0.004027691528230174,9.311233950811516
2024-10-29,-0.002984974326813059,9.283481597155266
2024-10-30,-0.0027098083626016056,9.258359194910026
2024-10-31,-0.01248990636007123,9.14344230004006
2024-11-01,0.0025834818089253736,9.167094756583328
2024-11-04,-0.00428514285892195,9.127896491015314
2024-11-05,0.009070590330284393,9.21106854020331
2024-11-06,0.01807196353231964,9.379043885466295
2024-11-07,0.0072321709423523685,9.44712060864626
2024-11-08,0.010243353566026668,9.544388127522836
2024-11-11,-0.0004520750199772078,9.540074323224466
2024-11-12,-0.0033621615973929587,9.508052912441972
2024-11-13,0.0007492579948054497,9.51517956661956
2024-11-14,-0.00790214144411994,9.44028557300533
2024-11-15,-0.005690098644617554,9.386721952523748
2024-11-18,0.0036172650151719003,9.420737698343206
2024-11-19,0.002405621245987374,9.443427705943112
2024-11-20,0.0004150405225340109,9.447347924581221
2024-11-21,0.006809699576183426,9.51190107004824
2024-11-22,0.006941239047513495,9.57815512577685
2024-11-25,0.004621737359594667,9.622525297817967
2024-11-26,0.008166975406071243,9.701434009425995
2024-11-27,-0.000708780521772692,9.694560258245088
2024-11-29,0.00462860607509304,9.73953656726268
2024-12-02,0.0029881445521050287,9.768683235938216
2024-12-03,-0.00149366282589553,9.754103008613262
2024-12-04,0.002959508967035917,9.783013122702355
2024-12-05,-0.0017341168878116293,9.76606293548321
2024-12-06,0.0027825103589641277,9.793274948063829
2024-12-09,-0.007009717069513539,9.724866902126273
2024-12-10,0.0022792621810685345,9.7470577031922
2024-12-11,0.0030793321263779994,9.777118390782151
2024-12-12,-0.007934676713458265,9.699847083991925
2024-12-13,0.00984322979242234,9.795796358466983
2024-12-16,0.004612828323960382,9.841087064181494
2024-12-17,-0.0026033742264620174,9.8155003521029
2024-12-18,-0.023920098945166564,9.583498428924687
2024-12-19,-0.0029666718629099594,9.555109464978903
2024-12-20,0.0056042398000337315,9.608808921504885
2024-12-23,0.00574362609516983,9.6641571247042
2024-12-24,0.01219941540990217,9.782776262998775
2024-12-26,0.0014216276610028648,9.796693618640587
2024-12-27,-0.010263248802828029,9.696661917766876
2024-12-30,-0.012285023187913146,9.578266932857451
2024-12-31,-0.002730341847084743,9.552150659229735
2025-01-02,-0.00479939499199306,9.50641595244289
2025-01-03,0.00736805951389854,9.576718469458976
2025-01-06,0.0010854632284697573,9.587119289039368
2025-01-07,-0.007079723213594687,9.519484837157076
2025-01-08,0.004313786944243512,9.56063856695639
2025-01-10,-0.009175799857756173,9.473313313176417
2025-01-13,-0.00020461252009652112,9.47137515295843
2025-01-14,-0.0018090157422319167,9.454256774582504
2025-01-15,0.01706487861424889,9.616976970227785
2025-01-16,-0.003955243290938922,9.579014611260074
2025-01-17,0.00896535682282913,9.66528001751882
2025-01-21,0.013105729860977256,9.79278425952793
2025-01-22,0.005466206900111861,9.846460212701018
2025-01-23,0.006941567087685251,9.915047854291691
2025-01-24,0.0010992146652628418,9.92595261253701
2025-01-27,-0.002764828874116699,9.898546955584619
2025-01-28,0.0031976981156631953,9.930250182191779
2025-01-29,-0.0025488887893928428,9.904971309030781
2025-01-30,0.012596528702554897,10.030528697844263
2025-01-31,-0.0036919929732609066,9.99356433444654
2025-02-03,0.0023503387043088274,10.017080219818244
2025-02-04,0.00821438175107627,10.09970322463739
2025-02-05,0.00585625355936951,10.159023174393834
2025-02-06,0.004551684222897175,10.20536923620014
2025-02-07,-0.008940362906282834,10.114536176916573
2025-02-10,0.008664833748058275,10.202557746746566
2025-02-11,0.0007211159183900561,10.20991762689047
2025-02-12,-0.002912992466073041,10.18021948998899
2025-02-13,0.010021389655891787,10.282752338998783
2025-02-14,-0.008182834310895122,10.19895360352061
2025-02-18,-0.0012214540933631662,10.186503654961776
2025-02-19,0.002141869700435204,10.208345201016531
2025-02-20,-0.015214918051871192,10.05420167945568
2025-02-21,-0.016600822599101107,9.888671431624497
2025-02-24,-0.001627289667011395,9.87259278463951
2025-02-25,0.0059263825631532645,9.931275262023094
2025-02-26,-0.003121821610075943,9.900319935937745
2025-02-27,-0.007906985023867618,9.822346926423668
2025-02-28,0.017415481001601868,9.994906061485702
2025-03-03,-0.012838186046059649,9.867409759723058
2025-03-04,-0.015999112269935504,9.710796143285478
2025-03-05,0.010860604843044247,9.816836049361752
2025-03-06,-0.016993904067417184,9.651419199247766
2025-03-07,-0.008205100054700674,9.572552336763621
2025-03-10,-0.02590540701332686,9.327755937387815
2025-03-11,-0.008612270082729056,9.247767718462871
2025-03-12,-0.00017045496762194552,9.246191524854677
2025-03-13,-0.016543598593608926,9.0944845930877
2025-03-14,0.015948633150043034,9.240691996589662
2025-03-17,0.009820225271047672,9.331884707277448
2025-03-18,-0.012149795935064798,9.219190206293142
2025-03-19,0.011413199147892785,9.325013401985192
2025-03-20,-0.0005434234064104093,9.319947348068272
2025-03-21,0.0017087603419644614,9.335886518718846
2025-03-24,0.017325698973752815,9.499046628238707
2025-03-25,-0.0018058827672353338,9.481907943513047
2025-03-26,-0.005848174031863691,9.426617926108984
2025-03-27,0.00045785550920163833,9.430934943269222
2025-03-28,-0.017473712065445277,9.267572928563812
2025-03-31,0.010970284429410459,9.3698005473564
2025-04-01,0.003115153784613912,9.399034427367646
2025-04-02,0.007302496502461229,9.467922063132114
2025-04-03,-0.03134876237623532,9.175718464508774
2025-04-04,-0.05512823237975237,8.683567662516634
2025-04-07,-0.0049159483401359895,8.640984446681637
2025-04-08,-0.006535867362676204,8.584692277918018
2025-04-09,0.07634272030983164,9.265736690578361
2025-04-10,-0.019438966410717493,9.087359695446382
2025-04-11,0.016550079363284308,9.239007651045377
2025-04-14,0.006601738787086283,9.300202941615336
2025-04-15,-0.004072751949442745,9.262402550014498
2025-04-16,-0.019867901519130284,9.0801940917816
2025-04-17,0.000103183627061078,9.081131067481852
2025-04-21,-0.027400692717081242,8.835679908300134
2025-04-22,0.024235604594004857,9.052433925843955
2025-04-23,0.010287823354023215,9.146044465707984
2025-04-24,0.011282914955810169,9.249822868091183
2025-04-25,0.005084883486109999,9.29697692448252
2025-04-28,0.0007115975300456045,9.303594984717265
2025-04-29,0.004885743397144574,9.349161184222153
2025-04-30,0.002323239845891055,9.370906778345482
2025-05-01,-0.0010603977711514017,9.3609751563496
2025-05-02,0.015718122238989274,9.509274548906404
2025-05-05,-0.007062941483911277,9.442347727545457
2025-05-06,-0.008298045504586004,9.364318887603522
2025-05-07,0.0020083495440116786,9.383144611160336
2025-05-08,0.0006415707879796076,9.389166494167801
2025-05-09,-0.002152815564784417,9.368975092379108
2025-05-12,0.025168798202123067,9.607773464051553
2025-05-13,-0.005098194749560311,9.558915812557279
2025-05-14,-0.0009328226355845654,9.550003197106678
2025-05-15,0.0020945958995699037,9.570027558796033
2025-05-16,0.009739363691836592,9.66368889830241
2025-05-19,0.003212566421262392,9.694784061658106
2025-05-20,-0.002539284696640569,9.670197474236817
2025-05-21,-0.013698703044358943,9.538631509602364
2025-05-22,-0.002841593131287828,9.511565073934301
2025-05-23,-0.0062195979597083175,9.452590552225397
2025-05-27,0.01795582805526109,9.623852617572876
2025-05-28,-0.002552975727271248,9.599314491385298
2025-05-29,0.0025841903022003104,9.624153026730061
2025-05-30,0.007628148779374532,9.697848219489114
2025-06-02,0.004775392337835624,9.744270002465054
2025-06-03,0.0020867701654300403,9.764625285402055
2025-06-04,-0.0001690073622220792,9.762975131287506
2025-06-05,-0.009634911835295298,9.669361430713941
2025-06-06,0.007989639657694855,9.746925586488558
2025-06-09,-0.0004884010302011522,9.7421663402958
2025-06-10,0.006582983703309546,9.806510418190992
2025-06-11,-0.004092846436054305,9.766455901383013
2025-06-12,0.010736868291475046,9.8718820124104
2025-06-13,-0.008462038338150074,9.788698216956433
2025-06-16,0.003283989528468345,9.820897040760777
2025-06-17,-0.006984826536237259,9.7525387916774
2025-06-18,-0.004878973877207499,9.705072297727558
2025-06-20,-0.004548845326704124,9.661025681533829
2025-06-23,0.011967448053099941,9.777338097733086
2025-06-24,0.010909352739007016,9.884586469379112
2025-06-25,-0.004573236101482407,9.83948512983217
2025-06-26,0.004352289663716753,9.882402746461699
2025-06-27,0.0047490824900841225,9.929446711722466
2025-06-30,0.006245552535246738,9.991655655203958
2025-07-01,0.0012617045897489404,10.004270129199776
2025-07-02,0.002255044862533777,10.026855663283282
2025-07-03,0.009784126972904187,10.125441192441572
2025-07-07,-0.007177881518919832,10.053022193662516
2025-07-08,-0.005229836588624003,10.000583772076832
2025-07-09,0.004912656846379692,10.049834084302935
2025-07-10,-0.0012646471563233315,10.03713262333277
2025-07-11,-0.0049856518454164675,9.987215512612098
2025-07-14,0.0012818871523726382,10.000026205042463
2025-07-15,-0.0060813559362720504,9.939397026976925
2025-07-16,0.0022976619394279568,9.962260657615062
2025-07-17,0.004460705148268751,10.006798626541578
2025-07-18,-0.0014634034857928197,9.992165352353588
2025-07-21,0.003184063952927267,10.02403175126726
2025-07-22,0.0007166562596895357,10.031218111136452
2025-07-23,0.008623425664828129,10.11809562737165
2025-07-24,0.0004276177860580479,10.122423230236985
2025-07-25,0.004887874125166947,10.172021477074502
2025-07-28,0.0015563981206455327,10.187865518804621
2025-07-29,-0.005979049605131831,10.127133506280817
2025-07-30,-0.0031773629589411526,10.09500699322213
2025-07-31,-0.00042022441716915444,10.090765715998623
2025-08-01,-0.011287016099294365,9.977511434705635
2025-08-04,0.011305796665393482,10.09095522807071
2025-08-05,-0.00170985232067889,10.07371592738533
2025-08-06,0.011837293069550184,10.1936700203179
2025-08-07,-0.010891686561399844,10.08324620396316
2025-08-08,0.007535831100275949,10.159518872319758
2025-08-11,0.002093461802704032,10.180809715020041
2025-08-12,0.00909648910140046,10.273841830947505
2025-08-13,-0.0011994760666305766,10.261525991312988
2025-08-14,0.002592786819628874,10.288166462259204
2025-08-15,0.0025165994375662202,10.314090262420292
2025-08-18,0.0009729898876647986,10.324130651752622
2025-08-19,-0.004504659238357077,10.277728552522436
2025-08-20,0.0007651991708298115,10.285596071614494
2025-08-21,-0.00863542861967854,10.19715794108218
2025-08-22,0.011049574805674272,10.3104570010261
2025-08-25,-0.006499018335701753,10.243666423607914
2025-08-26,0.0036470991704129325,10.281094301027073
2025-08-27,0.003469604849002762,10.316827590016437
2025-08-28,0.0037877310703818977,10.355979059236596
2025-08-29,-0.0050026806327066985,10.304300776115804
2025-09-02,-0.002703833898183974,10.27647729037302
2025-09-03,0.00804717481435759,10.35950753096946
2025-09-04,0.009360898749978008,10.456937134945914
2025-09-05,0.0019199462009711905,10.477033177158741
2025-09-08,0.005722607606989044,10.537161006814769
2025-09-09,0.006679906266071277,10.607783869095027
2025-09-10,0.02431202955398812,10.868841182003306
2025-09-11,0.0023266672834902167,10.894158800607217
2025-09-12,-0.004127077716674162,10.849290411928932
2025-09-15,0.0065935625680101865,10.921062243084593
2025-09-16,0.0020644236305027617,10.943631230008911
2025-09-17,0.00010090107900929165,10.94473550991888
2025-09-18,-0.00653757629420618,10.873416846118332
2025-09-19,0.0044523203748669075,10.921936714334262
2025-09-22,0.0038643971348479825,10.964225072158216
2025-09-23,-0.009566661023497213,10.859834179810118
2025-09-24,-0.00156131715549273,10.842891764083266
2025-09-25,-0.010532835395672357,10.729284722355283
2025-09-26,-0.0016034570107532995,10.712094561072265
2025-09-29,-0.0006756364746890372,10.704859523669292
2025-09-30,0.002459445712651206,10.731219947257133
2025-10-01,0.0033807371028098444,10.767560775471619
2025-10-02,-0.0010682625595146336,10.756064335139568
2025-10-03,0.0018434020459902989,10.775910372634877
2025-10-06,0.0026097816001772346,10.804069874342485
2025-10-07,-0.0018476873401231917,10.784125762129692
2025-10-08,0.001484822482116033,10.800150168266436
2025-10-09,0.0020142529875001986,10.821926326992156
2025-10-10,-0.01970736531906231,10.610742445289697
2025-10-13,0.01555143163922524,10.777044446547533
2025-10-14,0.0015663832398675175,10.79393865629317
2025-10-15,0.006253823470588211,10.861653561036528
2025-10-16,-0.007218431824828163,10.783531752990033
2025-10-17,-0.0005820061149870891,10.777257497573252
2025-10-20,0.0013340983395178016,10.791645013952246
2025-10-21,-0.0032421814235359327,10.756713201195328
2025-10-22,-0.0006481697838203136,10.749743283814032
2025-10-23,0.003975760083596229,10.792566755587567
2025-10-24,0.006439097426298658,10.862285365979888
2025-10-27,0.004363083901653951,10.90978196887971
2025-10-28,-3.925377596528237e-06,10.909739143950038
2025-10-29,-0.0055891218585190925,10.84893336616963
2025-10-30,-0.009986998395127147,10.741124326478582
2025-10-31,0.001886555722928263,10.76140718240063
2025-11-03,-0.000540261674263592,10.755594776790206
2025-11-04,-0.0034277167325973577,10.718790757516048
2025-11-05,0.0009439512407478015,10.728913550310676
2025-11-06,-0.007525008335103552,10.648481392291652
2025-11-07,-0.0014924992899562359,10.632600395510735
2025-11-10,0.008585083660208258,10.724275113932505
2025-11-11,0.0035117324891731478,10.762002104049794
2025-11-12,-0.0020103463835231517,10.740388484750419
2025-11-13,-0.011873719706510069,10.613614252630146
2025-11-14,-0.0033687921993991927,10.577919349841228
2025-11-17,-0.006670584154566647,10.507593267436345
2025-11-18,-0.011776194822641594,10.384579540422214
2025-11-19,0.005209249341730322,10.438816548958654
2025-11-20,-0.005335528037311688,10.38326827205806
2025-11-21,0.004569008168237136,10.430818054558321
2025-11-24,0.008682306201410766,10.521775901393363
2025-11-25,0.013933771631809276,10.669410085880047
2025-11-26,0.00897103864876398,10.7655563974418
2025-11-28,0.0038575311347736493,10.807165068202929
2025-12-01,-0.0070962334113007525,10.73074636552156
2025-12-02,-9.225783577111882e-05,10.729756415751682
2025-12-03,0.0063003675357582705,10.797571229542182
2025-12-04,-0.0032160102234947553,10.762901908405926
2025-12-05,0.0035485432716615864,10.801162375870266
2025-12-08,-0.008181633421711942,10.713151751062844
2025-12-09,-0.0016239529877816361,10.695768215111077
2025-12-10,0.00288381847735394,10.726657387094521
2025-12-11,0.0026175142821061943,10.754771344295133
2025-12-12,-0.005600983530506773,10.694702426665707
2025-12-15,-0.004126347174981661,10.6506632943816
2025-12-16,-0.003687061595481012,10.611465948701868
2025-12-17,-0.007381907140033545,10.533421505269123
2025-12-18,0.0029369794783755533,10.564403422424181
2025-12-19,0.005608874030247557,10.623824316801878
2025-12-22,0.00388335546566635,10.665160612846917
2025-12-23,0.00273155945858293,10.69433295805507
2025-12-24,0.006076225844853983,10.759511961002634
2025-12-26,0.0005271730669821298,10.765185581280852
2025-12-29,-0.0030923966827310985,10.73194677737211
2025-12-30,0.0003490287914363476,10.7356931895504
