date,log_return,cumulative_value
1998-01-02,0.0022111908491963257,1.0022136373345651
1998-01-05,0.0035358692833383424,1.0057636061644455
1998-01-06,-0.009239801011814834,0.996513351644878
1998-01-07,-0.0005137772662231379,0.9960014972401527
1998-01-08,-0.006143812713051679,0.9899010098943375
1998-01-09,-0.029281761941225122,0.9613352333582736
1998-01-12,0.017858840634688622,0.9786577860416923
1998-01-13,0.007500946350932387,0.986026246254745
1998-01-14,0.002705306369928946,0.9886973608021686
1998-01-15,-0.008553381869216488,0.9802767185445738
1998-01-16,0.011160927067623241,0.9912787980024321
1998-01-20,0.024695104256988926,1.0160632996403438
1998-01-21,-0.009998101519651277,1.0059552106719398
1998-01-22,-0.0059090426815279935,1.0000285062162808
1998-01-23,-0.0041353117651335815,0.9959016154401397
1998-01-26,0.0010042412507900505,0.9969022432758733
1998-01-27,0.0153310239767059,1.0123035325786358
1998-01-28,0.007938966907148303,1.0203721627391322
1998-01-29,0.006915863179740436,1.0274533751330672
1998-01-30,-0.004314758440072596,1.0230297123919985
1998-02-02,0.019257794970992472,1.04292193423765
1998-02-03,0.0010766586246887366,1.0440454098243368
1998-02-04,-0.0015365334250195093,1.0424424309855636
1998-02-05,-0.005658576237422429,1.0365603488169957
1998-02-06,0.006691875993787443,1.0435201431995194
1998-02-09,-0.004220927173359727,1.0391248034014307
1998-02-10,0.009998477810769117,1.0495665836567516
1998-02-11,0.005009599614218292,1.0548376840368883
1998-02-12,0.004567802591231746,1.0596669956174463
1998-02-13,-0.003504440521811861,1.0559599550039271
1998-02-17,-0.0010028935292153065,1.0549014704603112
1998-02-18,0.010284669626014629,1.0658067661286044
1998-02-19,-0.0057221223652446935,1.059725504848759
1998-02-20,0.00738102018819064,1.0675762979830825
1998-02-23,0.00793990241229791,1.0760864899453133
1998-02-24,-0.006793859507752804,1.0688004875773567
1998-02-25,0.01084259536813777,1.080452111566904
1998-02-26,0.0010041125296086529,1.0815375519307062
1998-02-27,8.821173267633718e-05,1.0816329604401296
1998-03-02,-0.005210576823323168,1.076011686562987
1998-03-03,0.004627297394800332,1.0810022501431447
1998-03-04,-0.011196818214890972,1.0689659742027129
1998-03-05,-0.00996949088391315,1.0583618742356364
1998-03-06,0.020928832914654152,1.080745568332838
1998-03-09,0.0038864532109948624,1.084954008072019
1998-03-10,0.009070330539446444,1.0948396648575913
1998-03-11,0.004180640318509545,1.0994263767186165
1998-03-12,0.003717705338785414,1.1035213272221476
1998-03-13,-0.0010871881365247511,1.1023222438595004
1998-03-16,0.012028527053477909,1.115661622495689
1998-03-17,0.0002971041980744326,1.11599313949247
1998-03-18,0.001433028177105914,1.1175935355392574
1998-03-19,0.004114302012184808,1.1222011248788053
1998-03-20,0.015090063192514332,1.1392636240896716
1998-03-23,-0.006543777423675922,1.1318328756048286
1998-03-24,0.009638386300126985,1.1427946601832724
1998-03-25,-0.00378850030241235,1.1384733730349297
1998-03-26,-0.00213136068708958,1.1360494596787551
1998-03-27,-0.008146486438431048,1.1268322431021929
1998-03-30,0.0028416247199548193,1.1300388312618035
1998-03-31,0.008376906641435467,1.1395448208579302
1998-04-01,0.008927216950920986,1.1497633282514912
1998-04-02,0.012854137250325805,1.164637939214659
1998-04-03,0.0019443827403209716,1.166904644079169
1998-04-06,-0.0028945349128190927,1.1635318814913262
1998-04-07,-0.007965147761938938,1.1543009896416492
1998-04-08,-0.013737242678904004,1.1385524949291237
1998-04-09,0.005337610525979293,1.1446458923347251
1998-04-13,-0.0038292185239122882,1.1402711743016498
1998-04-14,0.001549217230966855,1.142039071127375
1998-04-15,0.0016583597399953498,1.143934554006275
1998-04-16,-0.005914701907099332,1.1371884922570819
1998-04-17,0.02528623780293493,1.1663103503352257
1998-04-20,0.005330123487313744,1.1725435255667478
1998-04-21,0.006266851392311361,1.1799147546667295
1998-04-22,0.010214495049088864,1.1920287519423245
1998-04-23,-0.006124795868976629,1.1847501319511875
1998-04-24,-0.014031599165971048,1.1682422796172243
1998-04-27,-0.01876539753917516,1.146524160700494
1998-04-28,-0.005448209511533151,1.1402946421333366
1998-04-29,0.00412703765816275,1.1450104054357793
1998-04-30,0.016755123581816668,1.1643568194624292
1998-05-01,0.0032331794370320834,1.1681274863250597
1998-05-04,0.004226117983874839,1.1730745770340352
1998-05-05,-0.0053643977961392595,1.166798586862426
1998-05-06,-0.010767184859193568,1.1543028434950515
1998-05-07,-0.012966091032438511,1.1394326601528202
1998-05-08,0.013717041692458121,1.1551699935299313
1998-05-11,-0.005315698298061774,1.1490457500974238
1998-05-12,0.007480448788013104,1.1576733569403934
1998-05-13,0.003098708534989572,1.161266212984237
1998-05-14,-0.0011885249256482417,1.1598868390173371
1998-05-15,-0.011451963487653791,1.1466796258890906
1998-05-18,0.004252439277622975,1.1515661939222437
1998-05-19,0.0011118506829260846,1.1528472756352055
1998-05-20,0.01431117458478224,1.1694644966287269
1998-05-21,-0.007289105262819877,1.1609711389059625
1998-05-22,-0.005876774511250662,1.1541683820212698
1998-05-26,-0.016273245564355797,1.1355383134885315
1998-05-27,0.007577505535220479,1.1441755443486763
1998-05-28,0.002528113661978004,1.1470718096754269
1998-05-29,-0.010562520374489905,1.1350196032049324
1998-06-01,0.0020268193338129382,1.137322415785166
1998-06-02,0.0016906030502321311,1.1392468027592868
1998-06-03,-0.009596129550595234,1.128366729636978
1998-06-04,0.016624361857440633,1.1472818971236776
1998-06-05,0.02263032962743494,1.1735412731195398
1998-06-08,-0.0012460141682843016,1.172079934679434
1998-06-09,0.008520154448401415,1.182108900247228
1998-06-10,-0.0024869926213930867,1.1791726568558756
1998-06-11,-0.014900084409732638,1.161733132575192
1998-06-12,0.010666402382903447,1.174190967657036
1998-06-15,-0.018130831629798495,1.1530937419771188
1998-06-16,0.009595041419057636,1.164210974050517
1998-06-17,0.015459867807164473,1.182349369137845
1998-06-18,-0.0007568687328014375,1.181454824438257
1998-06-19,-0.002947399707430116,1.1779777315428301
1998-06-22,-0.001657685971522785,1.1760266319844581
1998-06-23,0.017581931898718844,1.196886291344657
1998-06-24,0.014651509247268579,1.2145515774502955
1998-06-25,-0.00442652474183202,1.2091872163402286
1998-06-26,0.005492489780377975,1.2158469372508405
1998-06-29,0.006397613059343433,1.2236503906164342
1998-06-30,-0.00979111053814467,1.2117279565627495
1998-07-01,0.006670111798755725,1.2198373326595386
1998-07-02,0.002731410885571176,1.223173764136903
1998-07-06,0.005351007290944731,1.229736518881711
1998-07-07,0.0006963875678947005,1.2305931903583087
1998-07-08,0.009601300388982777,1.2424653883018992
1998-07-09,-0.0036617389628597567,1.2379241239161511
1998-07-10,0.009664095600909509,1.249945535470366
1998-07-13,0.003576054695656445,1.2544234108634786
1998-07-14,0.0078060993838185225,1.2642538835831632
1998-07-15,-0.009067168669107334,1.2528424930622428
1998-07-16,0.0076261549504261505,1.2624333883873244
1998-07-17,0.006761004728318684,1.2709976252950859
1998-07-20,-0.0003698796456185724,1.270527596076339
1998-07-21,-0.018600527412147787,1.2471135446121682
1998-07-22,0.0004144837107733,1.2476305600017215
1998-07-23,-0.02494878655576513,1.2168887711885508
1998-07-24,0.01228468314048611,1.2319300637557993
1998-07-27,0.010861932794549433,1.245384141683506
1998-07-28,-0.01705811035487222,1.2243204060801411
1998-07-29,-0.0023842503564635393,1.2214047968678554
1998-07-30,0.014654675704122776,1.2394358852513379
1998-07-31,-0.02116175077942842,1.2134828265378086
1998-08-03,-0.006101149192750152,1.2061017262634237
1998-08-04,-0.03964921995016665,1.159216359799239
1998-08-05,0.012905665631506606,1.1742737725086854
1998-08-06,0.007716571192112133,1.1833701911166703
1998-08-07,-0.005952076408522821,1.1763476015469807
1998-08-10,-0.005016144004445938,1.17046164731706
1998-08-11,-0.010958685607056809,1.1577049520805736
1998-08-12,0.007913973707767622,1.1669033485579643
1998-08-13,-0.004005832488896449,1.162238279194362
1998-08-14,-0.011118423279949063,1.1493875941146865
1998-08-17,0.023764261017083812,1.177029079809121
1998-08-18,0.016323391310071236,1.1963998543132777
1998-08-19,-0.0013441495324812748,1.194792794314876
1998-08-20,-0.011246807815385909,1.181430471964211
1998-08-21,-0.0032658428853915805,1.17757839921871
1998-08-24,0.008168502139837216,1.1872368447044024
1998-08-25,0.007972388851335931,1.196739788738486
1998-08-26,0.00023181812896049472,1.1970172468758347
1998-08-27,-0.036343399996095,1.154294615497156
1998-08-28,-0.017160176793031143,1.134655701366187
1998-08-31,-0.080277484924338,1.0471286227281977
1998-09-01,0.04832310205036378,1.0989716459514929
1998-09-02,-0.01606899717042954,1.0814534009481236
1998-09-03,-0.004386395455600423,1.0767201073028574
1998-09-04,-0.01049273074584162,1.065481438403806
1998-09-08,0.044296166940035867,1.1137391064553817
1998-09-09,-0.020358530959002856,1.0912942616309467
1998-09-10,-0.025853901856081683,1.0634416476977449
1998-09-11,0.024501128780571722,1.0898189862177616
1998-09-14,0.01501432907481347,1.106305343194363
1998-09-15,0.004066921284599086,1.1108137614188398
1998-09-16,0.0012686635932963159,1.1122239047064733
1998-09-17,-0.025919199646960482,1.0837663430226074
1998-09-18,0.003864837384017099,1.087963028229788
1998-09-21,0.007156537080090532,1.0957770031336218
1998-09-22,0.006363512864443306,1.1027722276847924
1998-09-23,0.028915834010006688,1.135125310316667
1998-09-24,-0.0171039913100482,1.1158752327459156
1998-09-25,-0.004852899200502352,1.1104731212742072
1998-09-28,0.008679199557606302,1.120153085503037
1998-09-29,0.005459283789044316,1.1262850418994312
1998-09-30,-0.021408590713344576,1.102429138195038
1998-10-01,-0.025941258167678165,1.0741984916849576
1998-10-02,0.018341194206148256,1.094082364415442
1998-10-05,-0.0020519973199510403,1.091839612183602
1998-10-06,0.0001780371199586061,1.092034017468777
1998-10-07,-0.011897176026683878,1.0791188757299108
1998-10-08,-0.011361799051872193,1.0669275328533276
1998-10-09,0.010281153534377809,1.077953360621772
1998-10-12,0.008799461652569335,1.08748062580914
1998-10-13,0.0045159206826715405,1.0924027075597396
1998-10-14,0.010960922334042156,1.1044423108349375
1998-10-15,0.045049260868002004,1.155334338165875
1998-10-16,0.011577180793467234,1.168787577706543
1998-10-19,-0.003314762225051094,1.1649197388195074
1998-10-20,0.002350368172494254,1.1676609492621053
1998-10-21,0.010040307572693242,1.1794436764534655
1998-10-22,0.010694770005029273,1.1921252476765107
1998-10-23,-0.0003762401884022221,1.1916768066147907
1998-10-26,-0.0012390893810877708,1.1902011269763169
1998-10-27,-0.01304913924686174,1.1747709211449264
1998-10-28,-0.004177046067783227,1.1698740831670056
1998-10-29,0.022019378738426337,1.195919685320731
1998-10-30,0.00583821268603263,1.2029221398186702
1998-11-02,0.015371208648909415,1.2215553476033583
1998-11-03,0.004466685845451752,1.2270238555454687
1998-11-04,-0.004993260352735731,1.2209122770252196
1998-11-05,0.017369670095250415,1.2423043694465425
1998-11-06,0.00885666860326934,1.253355915249781
1998-11-09,-0.011289030442325437,1.2392863077029157
1998-11-10,0.003403283823996326,1.2435111358140236
1998-11-11,-0.006988350275208551,1.234851338517453
1998-11-12,-0.0017267049683550916,1.2327209543778077
1998-11-13,0.007217943710151173,1.2416508538229425
1998-11-16,0.007887708084585707,1.251483360293097
1998-11-17,0.002822995536328819,1.2550212836543575
1998-11-18,0.007407293091771756,1.2643521095563188
1998-11-19,0.005180958288310545,1.2709196635185378
1998-11-20,0.013919867650106051,1.288734398755298
1998-11-23,0.024491382791030303,1.3206869704087647
1998-11-24,-0.002347417728746987,1.3175904022916864
1998-11-25,0.004900392763554228,1.3240629588464785
1998-11-27,0.003221418447323223,1.3283351973268411
1998-11-30,-0.020942062629589312,1.3008063796454168
1998-12-01,0.005705367791034461,1.3082491702056707
1998-12-02,-0.0031929332819433426,1.3040786794814812
1998-12-03,-0.01947810574874096,1.2789234801852758
1998-12-04,0.02281348699767372,1.3084355409140311
1998-12-07,0.006547180493626484,1.3170302092859685
1998-12-08,-0.0014759573423899768,1.3150877627151896
1998-12-09,-0.0024071370124941413,1.3119259732438093
1998-12-10,-0.017004774419379358,1.2898055772157144
1998-12-11,0.0020158926259775684,1.2924083093005567
1998-12-14,-0.02088985449337931,1.2656901288373075
1998-12-15,0.025675358622540608,1.2986079569895521
1998-12-16,-0.001393992595179398,1.296798968264849
1998-12-17,0.010013939652434533,1.3098502733007782
1998-12-18,0.009347402623890626,1.3221513732832975
1998-12-21,0.007840864898845563,1.3325589323888583
1998-12-22,0.001507473519023482,1.3345692445574533
1998-12-23,0.022319310433526807,1.36469080564309
1998-12-24,-0.0027007571918259625,1.3610100797458946
1998-12-28,-0.00018163693844669844,1.3607628924916622
1998-12-29,0.013716760486428684,1.3795567519306846
1998-12-30,-0.012911772228709626,1.3618587316513098
1998-12-31,-0.007308316873698687,1.351942117520772
1999-01-04,-0.008642475457787529,1.3403083356995014
1999-01-05,0.012625867890753059,1.3573381736910497
1999-01-06,0.019580899191106876,1.3841779919736965
1999-01-07,0.0038620920329746006,1.3895341511008683
1999-01-08,-0.0010641306483673636,1.3880562916809376
1999-01-11,-0.022408460995457964,1.3572979965060077
1999-01-12,-0.01932053085219656,1.3313259831357356
1999-01-13,-0.0008964675672223147,1.3301330273734226
1999-01-14,-0.014577449387323927,1.310883724234728
1999-01-15,0.019405741040538046,1.336570826847178
1999-01-19,0.010500837676958927,1.3506798889818303
1999-01-20,0.006461260317474815,1.359435238185553
1999-01-21,-0.012485127239415163,1.3425680299855565
1999-01-22,-0.013158896446931495,1.3250170453555992
1999-01-25,0.003911127123681236,1.330209503022993
1999-01-26,0.021305031854337464,1.3588537082408176
1999-01-27,0.00040414388793509517,1.3594029916488908
1999-01-28,0.01604376945759476,1.3813888361581967
1999-01-29,0.014471538151763354,1.4015250066653444
1999-02-01,-0.010514069743681836,1.3868664704699178
1999-02-02,-0.0074477465560512535,1.3765758091769937
1999-02-03,0.007002212892234147,1.386248712396332
1999-02-04,-0.01590715984620361,1.3643718928772828
1999-02-05,-0.012401055767618801,1.3475567193925646
1999-02-08,0.004699193747895165,1.3539040514945653
1999-02-09,-0.019780424606309237,1.3273863844510267
1999-02-10,0.010965335823698415,1.342021715942678
1999-02-11,0.02578230435999872,1.377072025603575
1999-02-12,-0.01439264361288358,1.357394265884347
1999-02-16,0.014172685134873929,1.376769160246836
1999-02-17,-0.008181434307114715,1.3655511660213995
1999-02-18,0.01132355677572297,1.3811019410585337
1999-02-19,0.0017067753178460002,1.3834611845395102
1999-02-22,0.024047313177743033,1.4171329439780476
1999-02-23,-0.004484186849151196,1.4107924816006292
1999-02-24,-0.01604578165569844,1.3883358623023603
1999-02-25,-0.004403119382139115,1.3822362921804459
1999-02-26,-0.0007512184960800391,1.3811983206323326
1999-03-01,-0.003727261323892611,1.376059815775301
1999-03-02,-0.007873732822259243,1.3652676315815593
1999-03-03,-0.0028764840846256224,1.361346103778163
1999-03-04,0.018379901172668713,1.38659887140899
1999-03-05,0.025585167591412713,1.4225329656417962
1999-03-08,0.0045412621424825725,1.4290077514674857
1999-03-09,0.000848074190433536,1.4302201700972414
1999-03-10,0.0016538639340979927,1.4325875167493984
1999-03-11,0.011268671728968602,1.44882217492207
1999-03-12,0.0006949859778400619,1.4498294359936423
1999-03-15,0.0119663925020561,1.4672828832163884
1999-03-16,-0.0025657480418814307,1.4635230305118592
1999-03-17,-0.013273370875290423,1.444225501496023
1999-03-18,0.01106692312121287,1.4602974033057377
1999-03-19,-0.012994696881577542,1.4414440433426083
1999-03-22,0.0017867325285466514,1.4440218205163147
1999-03-23,-0.028882777582249424,1.4029110144812047
1999-03-24,0.0017133350090689694,1.4053167313478867
1999-03-25,0.0164900603800333,1.428682612019913
1999-03-26,-0.008746633748961917,1.4162409391662003
1999-03-29,0.024924167465802505,1.4519831374969214
1999-03-30,-0.0002983017287796777,1.4515500730120008
1999-03-31,-0.014983669819160328,1.4299626592139718
1999-04-01,0.004382529646389527,1.436243265380164
1999-04-05,0.0205592891485888,1.4660770356673944
1999-04-06,-0.0037114759474925264,1.4606458111764915
1999-04-07,0.01095231708006784,1.4767311925499216
1999-04-08,0.016543952196647282,1.501365374302526
1999-04-09,0.004309772638860851,1.5078498810515013
1999-04-12,0.010778028233312713,1.524189425502269
1999-04-13,-0.008718714373002838,1.5109582166316098
1999-04-14,-0.02835173119650592,1.4687215065405343
1999-04-15,-0.011128029733012823,1.452468131690595
1999-04-16,0.0014938211298332871,1.4546394806758403
1999-04-19,-0.03051495994908056,1.4109216317047109
1999-04-20,0.01847608413920951,1.4372322486142497
1999-04-21,0.02810402457930411,1.4781972028307557
1999-04-22,0.017201916172910565,1.5038449903047286
1999-04-23,-0.004931635452046619,1.4964468325389455
1999-04-26,-0.0004403889261704004,1.4957879590162428
1999-04-27,0.003804001019129894,1.5014887740153438
1999-04-28,-0.015360260834357011,1.478601740202065
1999-04-29,-0.008267976705058355,1.4664270946551519
1999-04-30,-0.008288319147586083,1.4543231090273432
1999-05-03,0.015178179928150284,1.476565459035935
1999-05-04,-0.016624631591538427,1.4522210215976195
1999-05-05,0.010251775211751826,1.4671854399335398
1999-05-06,-0.014782903942604106,1.4456557065796363
1999-05-07,0.00896014985652881,1.458667203782487
1999-05-10,-0.01315489974313457,1.439604243528786
1999-05-11,0.01220604866049036,1.4572838022517722
1999-05-12,0.0029686093787091817,1.461616336233328
1999-05-13,0.008833102655986053,1.4745841319943558
1999-05-14,-0.02217082396382056,1.4422511357848653
1999-05-17,0.006920208857870058,1.4522664288611857
1999-05-18,-0.008455468682622534,1.4400386043987474
1999-05-19,0.008967214990685984,1.4530098110397993
1999-05-20,-0.0038418109835320277,1.4474383311276193
1999-05-21,-0.0094005619487844,1.433895352964644
1999-05-24,-0.020207840180261432,1.4052102331355898
1999-05-25,-0.014936860321524326,1.384376784659912
1999-05-26,0.01809644256178329,1.4096571319037874
1999-05-27,-0.016069656994404376,1.3871854648816715
1999-05-28,0.018786341913501068,1.4134919327894717
1999-06-01,-0.006349837860517324,1.4045449242880268
1999-06-02,0.0015079464705046865,1.4066645005514025
1999-06-03,0.006502814316262798,1.4158415847019181
1999-06-04,0.02618091048226624,1.453399106281924
1999-06-07,-0.0010655264019808666,1.4518512959244076
1999-06-08,-0.0133785207734935,1.4325570253824207
1999-06-09,-0.0015299492854900223,1.430366961555505
1999-06-10,-0.01621146746963671,1.4073655610673372
1999-06-11,-0.007045780292228026,1.3974844235725463
1999-06-14,0.003273825517388519,1.4020670409904958
1999-06-15,0.00523368042826026,1.4094242476626384
1999-06-16,0.016606723580475526,1.4330255946719221
1999-06-17,0.011199369647151547,1.4491647837033863
1999-06-18,-0.003861583551583116,1.443579503764235
1999-06-21,0.00033942082699382173,1.4440695678775124
1999-06-22,-0.003439541238932941,1.4391111632538438
1999-06-23,-0.006364999378656919,1.429980311353911
1999-06-24,-0.005557843485249873,1.4220547495139948
1999-06-25,-0.0010674695298932097,1.420537559320269
1999-06-28,0.009200915468429001,1.433668119276892
1999-06-29,0.01996581381184987,1.4625801355455605
1999-06-30,0.025301019539064086,1.5000570064668524
1999-07-01,0.00563948406167756,1.5085404526925255
1999-07-02,0.007570614720202164,1.520004370950126
1999-07-06,-0.0023124166338017917,1.5164935483660036
1999-07-07,0.008431159716223859,1.5293333990373805
1999-07-08,-0.005475758116081591,1.5209820251842237
1999-07-09,0.004678139141037107,1.5281140600477416
1999-07-12,-0.0021745515839587688,1.524794707557614
1999-07-13,-0.0036280789767018334,1.5192726552135571
1999-07-14,0.002626605398114911,1.5232684303359465
1999-07-15,0.014312861359888098,1.5452275341237294
1999-07-16,0.006870166398625525,1.555880054802552
1999-07-19,-0.010041900054333083,1.540334248150089
1999-07-20,-0.02056994271654142,1.5089733130064575
1999-07-21,-0.0036181080004689175,1.5035235494518364
1999-07-22,-0.008032600496404217,1.4914947215044307
1999-07-23,-0.004618909399951389,1.4846215280637651
1999-07-26,-0.004994971108149361,1.4772243760845025
1999-07-27,0.00417353718774037,1.4834025103214505
1999-07-28,0.0006355731964547222,1.4843456208727106
1999-07-29,-0.01553290369249655,1.461467564602304
1999-07-30,-0.006635227774374031,1.4518024948556238
1999-08-02,-0.0023995966853356887,1.4483229308459675
1999-08-03,-0.00011404777770244674,1.4481577622530435
1999-08-04,-0.014447994754083331,1.4273852087183674
1999-08-05,0.009113877822831181,1.4404536849058684
1999-08-06,-0.013709180691761795,1.4208409892250629
1999-08-09,-0.002512660030500093,1.417275380319176
1999-08-10,-0.0025300275783779595,1.4136941667156935
1999-08-11,0.007493033067469683,1.424326809478177
1999-08-12,0.0034906742373667318,1.4293073580566678
1999-08-13,0.022100232912837876,1.461247020576476
1999-08-16,0.006593348804889014,1.4709133636408736
1999-08-17,0.012439826538105759,1.4893255555349747
1999-08-18,-0.00747074171113967,1.478240646786694
1999-08-19,-0.009745343588511509,1.4639046518348293
1999-08-20,0.01611494861499738,1.4876865071041727
1999-08-23,0.022421037988684004,1.521418725373557
1999-08-24,0.006070428147615052,1.53068247745156
1999-08-25,0.020329000513080616,1.5621181677966443
1999-08-26,-0.015283146262205808,1.5384255970348526
1999-08-27,-0.009675799068185928,1.5236118829100738
1999-08-30,-0.014323621102901089,1.501943796781093
1999-08-31,-0.007930760453140806,1.4900793495456162
1999-09-01,0.009158597531147497,1.5037890716805078
1999-09-02,-0.007170279409679439,1.4930450487183955
1999-09-03,0.02592458118396775,1.5322577059953233
1999-09-07,-0.006406063127383917,1.5224733394986067
1999-09-08,-0.0019836589135331156,1.5194562651006793
1999-09-09,4.726189026680968e-05,1.5195280791729668
1999-09-10,0.0017364387339084235,1.5221689387687865
1999-09-13,-0.0037366196053576725,1.5164917857556626
1999-09-14,-0.009317309459463434,1.50242778356918
1999-09-15,-0.016300398765642727,1.478136131251508
1999-09-16,0.004218119523411365,1.484384254526226
1999-09-17,0.013028829261495576,1.5038505798843698
1999-09-20,0.0006024983552822854,1.504756920392256
1999-09-21,-0.018393086782184133,1.477332776241895
1999-09-22,0.0017111817174439367,1.4798629252341435
1999-09-23,-0.02068477275919861,1.4495667122547111
1999-09-24,-0.0007965388163610979,1.4484125358356792
1999-09-27,0.002591400613672856,1.4521708204772734
1999-09-28,0.0009906723900813198,1.4536101588534789
1999-09-29,-0.01989552210200075,1.4249756198938852
1999-09-30,0.014249485472810552,1.4454261480051696
1999-10-01,0.0056218246977776274,1.4535749645700744
1999-10-04,0.014818812918126397,1.47527561183315
1999-10-05,-0.0033306144869053892,1.4703702110422998
1999-10-06,0.024498880121260124,1.5068375146867452
1999-10-07,-0.008065862688533406,1.494732454702838
1999-10-08,0.0215345860456966,1.527269983067355
1999-10-11,-0.004615006137720443,1.5202378618438506
1999-10-12,-0.01771915530928622,1.4935377810799868
1999-10-13,-0.018058985449355042,1.466808086045802
1999-10-14,0.00015155428540702262,1.4670304039433013
1999-10-15,-0.028189987577697393,1.4262523025759304
1999-10-18,0.0145198904244714,1.4471124064497105
1999-10-19,0.020377028235854758,1.4769027453080443
1999-10-20,0.016561688458530708,1.501566420767579
1999-10-21,0.001437075041904851,1.5037258356436056
1999-10-22,0.015039222635412148,1.5265116139963126
1999-10-25,-0.010661514955397727,1.5103231377769804
1999-10-26,-0.01530937475311951,1.4873771275634196
1999-10-27,0.014868050085202686,1.5096567419790219
1999-10-28,0.03532754177615762,1.5639424481194268
1999-10-29,0.012203546891298319,1.5831450245775902
1999-11-01,-0.004427978462358296,1.5761503899802878
1999-11-02,-0.012646516139058721,1.5563430892980032
1999-11-03,0.003266488270860654,1.561435177840688
1999-11-04,0.0015428083821573035,1.5638460323863521
1999-11-05,0.005232430303326695,1.5720501928869488
1999-11-08,0.011140712819875293,1.5896618738075587
1999-11-09,-0.007963328678653545,1.5770531441790265
1999-11-10,0.00306655607899271,1.5818966887901593
1999-11-11,0.00143873792514588,1.584174261572279
1999-11-12,0.006815946364950717,1.5950087902098777
1999-11-15,-0.005827583928586299,1.5857407739185299
1999-11-16,0.01784277743334354,1.6142887235863035
1999-11-17,0.0003328118556810158,1.6148260674242452
1999-11-18,0.004175051111105012,1.6215821424567836
1999-11-19,8.574768874026689e-05,1.621721195339248
1999-11-22,0.010203470919088645,1.6383530876129238
1999-11-23,-0.008069723326593158,1.625185233412673
1999-11-24,0.007367454392647148,1.6372029270449464
1999-11-26,-0.003171334172866522,1.6320190337281932
1999-11-29,-0.0008580259734170654,1.63061931958956
1999-11-30,-0.009635351584939122,1.6149831799668815
1999-12-01,0.010572778619459877,1.6321486229159041
1999-12-02,-0.0030860774701459946,1.6271194500228066
1999-12-03,0.015565066796329755,1.6526438017517309
1999-12-06,-0.01071574185489879,1.6350290435489416
1999-12-07,-0.01757784894708478,1.6065398727148428
1999-12-08,0.0005815798873514295,1.6074744757398598
1999-12-09,0.010810607293714074,1.624946522588578
1999-12-10,0.004026720272837555,1.6315029192219401
1999-12-13,0.0007276933070412692,1.6326905850525046
1999-12-14,-0.0012091813305414104,1.630717559191926
1999-12-15,0.003059602111309295,1.6357145465774214
1999-12-16,-0.001226780164903924,1.633709114779724
1999-12-17,-0.006081182639074468,1.6238043780538627
1999-12-20,-0.0055599481546890536,1.6148011617993674
1999-12-21,0.00011695089018797811,1.614990025276377
1999-12-22,0.009533090766577589,1.6304594905276226
1999-12-23,0.016200452239034047,1.6570887925868756
1999-12-27,0.0024286846733215105,1.6611182298754172
1999-12-28,-0.0071204881578712425,1.6493322678891165
1999-12-29,-0.007029511529405152,1.6377789224583672
1999-12-30,-0.0021594887979479336,1.6342459732768542
1999-12-31,0.0003779473678449507,1.6348637489768614
2000-01-03,-0.01583297267537144,1.6091828349945583
2000-01-04,-0.039564415037262365,1.5467594719796047
2000-01-05,0.013892940277979094,1.5683984755895755
2000-01-06,0.006521369625157253,1.5786600050145196
2000-01-07,0.04539499225440868,1.651974734940944
2000-01-10,-0.002335025006709078,1.648121832686573
2000-01-11,-0.00262818384339024,1.6437959526080632
2000-01-12,-0.0026278224074473768,1.639482019378202
2000-01-13,0.004904442328734577,1.64754251435065
2000-01-14,0.009899206898453285,1.6639328704909235
2000-01-18,-0.0030277542611078638,1.6589025098429404
2000-01-19,0.0005827292983107556,1.6598694826527973
2000-01-20,-0.007434428605746631,1.6475750591229086
2000-01-21,-0.005234341166028453,1.6389736202383842
2000-01-24,-0.026021769140837363,1.5968747461717148
2000-01-25,0.00020184408266657808,1.597197098421342
2000-01-26,-0.0030557802055642754,1.592323864701274
2000-01-27,-0.010680802898941464,1.5754070706440058
2000-01-28,-0.020287240758274604,1.5437684236585798
2000-01-31,0.029302536868503506,1.5896740457530394
2000-02-01,0.009028466156904844,1.604091349210554
2000-02-02,-0.0050977640892807975,1.595934877482604
2000-02-03,-0.0012374190572298823,1.5939612585997527
2000-02-04,-0.005154574316736947,1.5857662059831277
2000-02-07,-0.0019624055395876744,1.5826573410206233
2000-02-08,0.010492643771144897,1.599351028008999
2000-02-09,-0.02309215177896106,1.5628417327755175
2000-02-10,-0.0061799794540714145,1.5532131857330005
2000-02-11,-0.01827105007039073,1.525092033641078
2000-02-14,0.006617512031248032,1.535217815311599
2000-02-15,0.01174442870516602,1.5533543647297572
2000-02-16,-0.019614935566107404,1.523182297902479
2000-02-17,-0.013139005761167763,1.5033000991042353
2000-02-18,-0.02813651207293845,1.4615919896084262
2000-02-22,0.002331643286728091,1.4650038768651967
2000-02-23,-0.0039619099671707935,1.4592111461195822
2000-02-24,-0.016052115113115318,1.4359747166905976
2000-02-25,-0.018926477741382768,1.40905234962229
2000-02-28,0.019493418097638868,1.4367890595281498
2000-02-29,0.009721101939454089,1.4508243411153832
2000-03-01,0.007943751190341039,1.462395225970691
2000-03-02,0.005145047608062746,1.4699387081770454
2000-03-03,0.011603743044047994,1.4870948444343974
2000-03-06,-0.025430668130004126,1.4497538446599756
2000-03-07,-0.0372016559529162,1.396811478476956
2000-03-08,0.019383704221230875,1.4241509733573066
2000-03-09,0.023959500559168154,1.4586849761022245
2000-03-10,-0.01683323008822695,1.4343361062877096
2000-03-13,-0.005223834314302697,1.4268629084853206
2000-03-14,-0.01248685362556942,1.4091566579475223
2000-03-15,0.03787789201466828,1.4635563098048436
2000-03-16,0.047119405206915495,1.5341687566353395
2000-03-17,-0.003246768687252389,1.5291957430363394
2000-03-20,-0.00622472525035043,1.5197064843362191
2000-03-21,0.023370663572236113,1.5556413080658251
2000-03-22,-0.004812982820617073,1.5481720223656465
2000-03-23,0.013243578164211274,1.5688117296743016
2000-03-24,-0.0012200939942393957,1.5668987991196779
2000-03-27,-0.0037143650812944858,1.561089560429907
2000-03-28,-0.0017643432130395814,1.5583376909939564
2000-03-29,0.019474640904708667,1.5889831944729358
2000-03-30,-0.008589706667294195,1.575392747471724
2000-03-31,-0.009901872672328097,1.5598703861268017
2000-04-03,0.03392270294854314,1.6136931514343738
2000-04-04,0.01340078254891792,1.635463446156975
2000-04-05,-0.019801684556135506,1.6033970470339052
2000-04-06,0.0031796351198382805,1.6085033784289005
2000-04-07,0.0018764776949059924,1.6115245328186163
2000-04-10,0.005157997823985753,1.6198582470155511
2000-04-11,0.00996152167504582,1.636075138408713
2000-04-12,-0.009498723439944777,1.6206080880525546
2000-04-13,-0.015160516470357753,1.5962241361287453
2000-04-14,-0.05301883353089958,1.5137985557059752
2000-04-17,0.021075224066379898,1.5460407619227348
2000-04-18,0.014587222799151396,1.568758494451199
2000-04-19,-0.007179327473008671,1.5575361959736507
2000-04-20,0.00664541697274745,1.567921141374329
2000-04-24,0.014256387223938537,1.590434127927049
2000-04-25,0.0132910599415921,1.6117137845932346
2000-04-26,-0.01649616419351302,1.585344781041675
2000-04-27,-0.005398774499250314,1.5768089243806112
2000-04-28,-0.015194561468471816,1.553031108470702
2000-05-01,0.0011338631743628936,1.5547930319545467
2000-05-02,-0.0024297148825156226,1.5510199138424117
2000-05-03,-0.012124248105291687,1.5323285022119306
2000-05-04,-0.007889075287787926,1.520287406299046
2000-05-05,0.014367195388357009,1.5422873327050837
2000-05-08,0.008358078728272482,1.5552319122045095
2000-05-09,-0.003134975883659274,1.5503639321531875
2000-05-10,0.0003717276059744967,1.5509403523550893
2000-05-11,0.012686146797541615,1.5707411416409889
2000-05-12,-0.0030824619879560576,1.5659068463724468
2000-05-15,0.020018762733990725,1.597570237530437
2000-05-16,-0.0002926404428840028,1.597102792268618
2000-05-17,-0.01308262338936788,1.5763445799322449
2000-05-18,-0.002126596349956044,1.5729958932167727
2000-05-19,-0.0070765763348991295,1.56190376115279
2000-05-22,0.0008193810939742351,1.563184080028194
2000-05-23,-0.012662397706758153,1.54351521183587
2000-05-24,0.014324462763993762,1.5657843539792764
2000-05-25,-0.010561252546764313,1.5493347272134883
2000-05-26,0.0033245063875643895,1.5544940717956917
2000-05-30,0.014837828264654131,1.5777313569673932
2000-05-31,0.0016855649204615855,1.5803929681256448
2000-06-01,0.0028099663450594234,1.5848400643472484
2000-06-02,-0.0019714349201178875,1.5817187330632732
2000-06-05,-0.0064076709034831345,1.571616002014501
2000-06-06,0.0019946536506901757,1.5747539601398162
2000-06-07,0.00977896305138281,1.5902289623482013
2000-06-08,-0.009119046250339276,1.575793509706008
2000-06-09,-0.003848403406415171,1.5697408745563763
2000-06-12,-0.007934535438645193,1.5573349924993392
2000-06-13,0.0259926049287353,1.5983448533748519
2000-06-14,0.0065715414243846595,1.608883030899952
2000-06-15,0.005630423400276759,1.6179672736330775
2000-06-16,-0.013150251216334579,1.596829883127558
2000-06-19,0.008922853124671224,1.611141918778787
2000-06-20,-0.011944506250079525,1.5920120996214402
2000-06-21,0.0029095425031997737,1.5966508715705356
2000-06-22,-0.006198539754696854,1.586784577566664
2000-06-23,0.006687580366518053,1.597431889648847
2000-06-26,0.009025217281064138,1.611914314756491
2000-06-27,-0.0009629134309825114,1.61036292785873
2000-06-28,0.0017709807757699434,1.613217376486752
2000-06-29,-0.00870663020284711,1.599232657583864
2000-06-30,0.007711698249329226,1.6116131331597239
2000-07-03,0.007314576347585212,1.6234446188660994
2000-07-05,-0.010019667445070981,1.6072594640112872
2000-07-06,-0.0003517314894458801,1.606694239655514
2000-07-07,0.014843039207487207,1.63072033427227
2000-07-10,-0.0002572742327309082,1.6303008459135582
2000-07-11,-0.0026410392522359105,1.6260008381306277
2000-07-12,-0.0013018111466307299,1.6238854693192124
2000-07-13,-0.01031808023442224,1.6072162338970297
2000-07-14,-0.003149531167243262,1.602162219341846
2000-07-17,0.006701623417276518,1.6129353656540182
2000-07-18,-0.006325655314502786,1.6027646944804086
2000-07-19,0.002524182549184706,1.6068154754571966
2000-07-20,0.005328819674402126,1.615400759776078
2000-07-21,-0.004543998261160748,1.6080770336336443
2000-07-24,-0.00021536636771177708,1.6077307452146878
2000-07-25,0.0019856831222222517,1.6109263607104067
2000-07-26,-0.01214008191172336,1.5914878142504973
2000-07-27,0.01810185459936512,1.620559022829546
2000-07-28,-0.008747202746406862,1.6064454814877847
2000-07-31,-0.002002740208858568,1.6032314080799894
2000-08-01,0.008892760001578546,1.6175521412657554
2000-08-02,0.005347441023877776,1.6262250742761524
2000-08-03,0.003266077579159895,1.6315451346656864
2000-08-04,0.00011339121655993975,1.6317301480426263
2000-08-07,0.0017313567552078714,1.6345577021032058
2000-08-08,-0.00434042156634196,1.627478407277587
2000-08-09,-0.007846078739294606,1.6147590473486015
2000-08-10,-0.0030012239435564837,1.6099200589088112
2000-08-11,0.009007383336232421,1.624486731335033
2000-08-14,0.013363399966243963,1.646341096346807
2000-08-15,-0.008087213569195797,1.6330804772957055
2000-08-16,-0.005609225721233371,1.6239458034520096
2000-08-17,0.000689966423853133,1.6250666581621411
2000-08-18,-0.0039244974045812885,1.618701586303305
2000-08-21,0.006928020354399867,1.6299549204941537
2000-08-22,-0.003233417661123871,1.6246931068722892
2000-08-23,0.00558040440364993,1.6337848957760048
2000-08-24,-0.001941937961460041,1.630615265474829
2000-08-25,0.0019803311577346085,1.6338476232043242
2000-08-28,0.006097666880437821,1.6438407180625911
2000-08-29,-0.006279655045686654,1.633550309327705
2000-08-30,-0.011014230094796414,1.615656733225195
2000-08-31,0.0015779083887432744,1.6182081039231284
2000-09-01,0.006210002885619564,1.6282884480059863
2000-09-05,-4.701084339382054e-05,1.6282119025920034
2000-09-06,-0.009128758776177871,1.6134159858246535
2000-09-07,0.005304439032853477,1.6219969911455188
2000-09-08,0.008468292693443668,1.635790859238582
2000-09-11,0.001459909562281624,1.6381807100144126
2000-09-12,0.002859968845636716,1.6428725618856144
2000-09-13,-0.0024710794043377245,1.6388179050866643
2000-09-14,-0.006237266711870164,1.6286279724196728
2000-09-15,-0.004427912877513493,1.6214324918848366
2000-09-18,-0.0007768695610473975,1.6201733394985065
2000-09-19,0.003995781103066391,1.6266601488163708
2000-09-20,-0.011633028554613673,1.6078468051017138
2000-09-21,0.004964118647760516,1.615848190892713
2000-09-22,0.018960795903710356,1.6467782613904305
2000-09-25,-0.0068575589771824475,1.6355240147741512
2000-09-26,-0.00702873800331031,1.6240686505141315
2000-09-27,0.007815527624999674,1.6368113344534727
2000-09-28,0.017877275999859884,1.6663361880841099
2000-09-29,-0.006054857640379624,1.6562772431551749
2000-10-02,0.0034264433609023644,1.6619621172063286
2000-10-03,-0.006921186973315732,1.6504990813171954
2000-10-04,0.006472773996297382,1.661217038889538
2000-10-05,0.01621566074304232,1.6883743627106789
2000-10-06,-0.009438834927755354,1.6725130497212983
2000-10-09,-0.00805332501506259,1.6590978495282633
2000-10-10,0.0007963979107464695,1.6604196778701525
2000-10-11,-0.01181493971523692,1.64091735571917
2000-10-12,-0.027156566285456596,1.596955305667289
2000-10-13,0.011953086298728799,1.6161583896730942
2000-10-16,0.003865260627818575,1.6224173515319076
2000-10-17,-0.0002540811100918314,1.6220051782951324
2000-10-18,-0.007958121484529035,1.609148290230265
2000-10-19,0.011877883582964039,1.6283755296910014
2000-10-20,-0.001585236922951059,1.6257962136305792
2000-10-23,0.004093700902316137,1.6324653785267762
2000-10-24,0.004632691575535959,1.6400456320644115
2000-10-25,0.0009516002673129699,1.6416070427278648
2000-10-26,0.00298388154216033,1.646512719020785
2000-10-27,0.010331437035385548,1.6636117381314672
2000-10-30,0.011961166717523196,1.6836299574479705
2000-10-31,0.0053088574943218935,1.692591876692779
2000-11-01,-0.002798337048095956,1.687862055040983
2000-11-02,-0.00034940596178070164,1.6872724089952091
2000-11-03,-0.005946391051785227,1.677268999010582
2000-11-06,0.00901221310100101,1.6924532236196077
2000-11-07,9.819901177681586e-05,1.6926194290141148
2000-11-08,-0.0013797486907547016,1.6902856499575214
2000-11-09,0.002604776645205769,1.6946942057011576
2000-11-10,-0.016365943311355817,1.6671846602509623
2000-11-13,-0.0037894836334324577,1.6608788467017048
2000-11-14,0.015323730139232897,1.6865257068672668
2000-11-15,0.006290163816651265,1.697167664584714
2000-11-16,-0.002107128689632302,1.6935952789674436
2000-11-17,-0.000719320897852135,1.6923774785379375
2000-11-20,-0.011346000843483408,1.67328428277117
2000-11-21,0.0006610134647767057,1.6743907118544552
2000-11-22,-0.0032787261716117353,1.6689098332660037
2000-11-24,0.00035048779309927253,1.6694948683081783
2000-11-27,0.011275769776505302,1.6884262404007429
2000-11-28,0.0026795375674070663,1.692956508743219
2000-11-29,0.01098622558577467,1.7116582535452316
2000-11-30,-0.01567553058474767,1.6850363039651486
2000-12-01,-0.009949833555492298,1.6683536058712818
2000-12-04,0.01795238999528812,1.6985750019355823
2000-12-05,0.015554245000703348,1.7252015951225292
2000-12-06,-0.015613295859101864,1.6984747025850742
2000-12-07,0.0034167189619674003,1.7042878385786113
2000-12-08,0.0011893809053322543,1.7063160919348115
2000-12-11,-0.014350298279380076,1.6820048013947662
2000-12-12,0.0007753941495390347,1.6833095238489726
2000-12-13,0.0028360969287305705,1.6880903290285951
2000-12-14,-0.009645792928137517,1.6718856384576068
2000-12-15,-0.030070752650987083,1.6223591601728349
2000-12-18,0.01659325521658321,1.6495039673008225
2000-12-19,-0.01514647436564301,1.624708057098946
2000-12-20,-0.021318134456773923,1.590438887496259
2000-12-21,0.008795964390794577,1.6044900374301558
2000-12-22,0.012938824343142589,1.6253851397049646
2000-12-26,0.005818234256333173,1.6348695757845204
2000-12-27,0.011711064020858402,1.654128187361043
2000-12-28,0.0010664433327658175,1.655893162293593
2000-12-29,-0.0003101229179644711,1.6553797114948103
2001-01-02,-0.010018128007814322,1.638878698282044
2001-01-03,0.020488609757874164,1.6728033925396457
2001-01-04,-0.019757453404550512,1.6400774130251683
2001-01-05,-0.009652063495040318,1.6243234332108667
2001-01-08,-0.003163510880932836,1.6191929877444842
2001-01-09,0.004189359004572766,1.6259905973394015
2001-01-10,-0.0012994700794145457,1.6238790434564303
2001-01-11,0.0001649025400739763,1.6241468473156306
2001-01-12,-0.007454526558993339,1.6120846164747877
2001-01-16,0.006372639993445845,1.622390654832869
2001-01-17,-0.009816224306180487,1.6065428144862393
2001-01-18,0.016709356497463277,1.6336126409648541
2001-01-19,-0.0031688338474958272,1.628444187244933
2001-01-22,-0.0012349679578732052,1.6264343521489135
2001-01-23,0.00999710154103516,1.642775527615085
2001-01-24,0.00041402405826232035,1.6434558170242155
2001-01-25,0.0021503942121957383,1.6469936974566257
2001-01-26,-0.0021015319838279434,1.643536121899581
2001-01-29,-0.0027418444154354627,1.6390359737344757
2001-01-30,0.011219834994966047,1.657529238599562
2001-01-31,0.004174342611920868,1.6644627949825062
2001-02-01,0.009910553928399056,1.6810405549787502
2001-02-02,-0.01303010694580905,1.659278505585158
2001-02-05,0.007958633619681764,1.6725367841936865
2001-02-06,-0.000615031170836384,1.6715084382018721
2001-02-07,3.0787340766854155e-05,1.67155990029394
2001-02-08,-0.007564174838710354,1.658963629212867
2001-02-09,-0.012641554612977836,1.638123751650818
2001-02-12,0.01873085581345997,1.6690963778010333
2001-02-13,-0.009852970594128976,1.6527315736313792
2001-02-14,-0.009781212383974907,1.6366446581201644
2001-02-15,-0.0010475412456647344,1.6349311030028142
2001-02-16,-0.004272244019623183,1.6279611775878935
2001-02-20,-0.0069220165219164445,1.6167313149063287
2001-02-21,-0.02045137226527098,1.584002753669347
2001-02-22,-0.003009926331990192,1.5792421901379854
2001-02-23,-0.005986402179339188,1.5698164525265004
2001-02-26,0.016910192138181433,1.5965880689970566
2001-02-27,-0.004428327418243511,1.5895334858059713
2001-02-28,-0.013751426122483154,1.5678247387182982
2001-03-01,-0.0035100863241825167,1.562331185607401
2001-03-02,-0.00488014884029318,1.5547253507817544
2001-03-05,-0.0007365467055614705,1.5535806445631306
2001-03-06,0.0002623867221521964,1.553988336980256
2001-03-07,0.0031706270744917046,1.5589232737628251
2001-03-08,0.011297904677283411,1.5766357086044416
2001-03-09,-0.020897960989105784,1.544029129250107
2001-03-12,-0.03921381231053853,1.4846536388356566
2001-03-13,0.012762157128094614,1.5037224425752047
2001-03-14,-0.02671800437301897,1.4640779489847922
2001-03-15,0.005316072697869589,1.4718818183869635
2001-03-16,-0.016412840317000688,1.447921225702702
2001-03-19,0.009102973131198983,1.461161786520558
2001-03-20,-0.02228225661544075,1.4289638580642805
2001-03-21,-0.022673030915167803,1.396929447233205
2001-03-22,0.0013863214411743163,1.398867383468615
2001-03-23,0.013458830353384374,1.4178217680772995
2001-03-26,0.011528878833638356,1.4342622515213883
2001-03-27,0.03168540866297591,1.480435076578731
2001-03-28,-0.01847615577988884,1.4533334652432468
2001-03-29,-0.001896121264242069,1.4505803796726526
2001-03-30,0.013485157490153908,1.4702741730560855
2001-04-02,-0.00781504348791869,1.4588286981491057
2001-04-03,-0.027153220813011244,1.419749760922792
2001-04-04,0.0026611495968866146,1.4235329590221721
2001-04-05,0.029711347507868024,1.4664626326642227
2001-04-06,-0.005540172895887472,1.458360640076981
2001-04-09,0.0014062949190835584,1.4604129679862334
2001-04-10,0.013647763191178903,1.480480968503772
2001-04-11,-0.008445545672203143,1.4680301498530228
2001-04-12,0.011846420330198202,1.4855244700083554
2001-04-16,0.003119246098371074,1.4901654207863477
2001-04-17,0.013179565968545404,1.5099351462868251
2001-04-18,0.020882478964650557,1.5417978636019618
2001-04-19,0.01013044161270067,1.5574963388255516
2001-04-20,-0.009529397609772724,1.5427248305076509
2001-04-23,-0.006285857431446141,1.5330578964816446
2001-04-24,-0.01142871342874258,1.5156367573386589
2001-04-25,0.02156320761604628,1.5486736580899236
2001-04-26,0.00521632799502404,1.5567731542965266
2001-04-27,0.011812186277181261,1.5752710842025854
2001-04-30,-0.004463842884533038,1.568254992597605
2001-05-01,0.020238506407247076,1.6003174854119704
2001-05-02,-0.0022621951916184965,1.5967013466394206
2001-05-03,-0.009810716236273005,1.581113153513461
2001-05-04,0.013589815348749722,1.6027468553747894
2001-05-07,0.004526664778048382,1.6100183986159018
2001-05-08,-0.0016445524715676002,1.6073728148760877
2001-05-09,-0.006159127701054558,1.5975032256762807
2001-05-10,-0.0047399751244753124,1.5899490176479656
2001-05-11,-0.006835047922850234,1.5791186949688292
2001-05-14,0.0060886441644506725,1.588762716510419
2001-05-15,0.00047209613228305476,1.5895129423194165
2001-05-16,0.024105723661560417,1.6282948571742066
2001-05-17,-0.005345773887655568,1.6196135857762268
2001-05-18,0.0050589331794089025,1.6278278629038259
2001-05-21,0.004808375627400169,1.6356739190008294
2001-05-22,-0.007672375919399709,1.623172433187357
2001-05-23,-0.012030317029107439,1.6037621442890553
2001-05-24,0.005369594453625439,1.61239685831351
2001-05-25,-0.011149569255558905,1.5945191772974128
2001-05-29,-0.0005529580807695827,1.5936377187606543
2001-05-30,-0.009775680070392947,1.578134725883558
2001-05-31,0.0006221773723973633,1.5791169111156267
2001-06-01,0.004763660592745564,1.586657233626011
2001-06-04,0.00894479201241768,1.600913215923276
2001-06-05,0.01178604026306947,1.6198932736957232
2001-06-06,-0.009571154009694152,1.6044629863157118
2001-06-07,0.0032267047016726227,1.6096484761003376
2001-06-08,-0.006355468874336448,1.5994508450005722
2001-06-11,-0.0034443627289787956,1.5939512328898222
2001-06-12,0.003539257228248167,1.5996026312893425
2001-06-13,-0.009212437586829441,1.5849340622652655
2001-06-14,-0.006995288991631069,1.5738856788380142
2001-06-15,-0.009209403283177483,1.559457669551573
2001-06-18,-0.001715031276951948,1.5567854430042554
2001-06-19,0.006116283427562462,1.5663363623001614
2001-06-20,0.006386260713656643,1.5763714037646126
2001-06-21,0.00595696554055872,1.5857898186309982
2001-06-22,-0.010773773666403468,1.5687965830522728
2001-06-25,-0.008021529428245772,1.5562627724668134
2001-06-26,0.0003331516652750489,1.5567813303754856
2001-06-27,-0.007013031700180681,1.5459017675053672
2001-06-28,0.014571880680833094,1.5685933919010002
2001-06-29,-0.008700411217909734,1.5550051815821413
2001-07-02,0.014738749991860131,1.5780937445071967
2001-07-03,0.0003577207275484193,1.57865836233135
2001-07-05,-0.012327345621903935,1.5593171528958336
2001-07-06,-0.01579154589664505,1.534886530845671
2001-07-09,0.012479283018852852,1.554160828840175
2001-07-10,-0.009670133113576552,1.5392043190160996
2001-07-11,0.006323044683055411,1.5489676110387063
2001-07-12,0.01122741902338342,1.5664565133656736
2001-07-13,0.006806064956743867,1.5771542817050592
2001-07-16,0.003238325386490218,1.582269899000077
2001-07-17,0.009808210676389211,1.5978654929260305
2001-07-18,-0.0004525085660510619,1.597142608671078
2001-07-19,0.005822222309867165,1.606468650799883
2001-07-20,-0.0038281004367758118,1.6003306833297262
2001-07-23,-0.01731465601573151,1.5728600169055162
2001-07-24,-0.014027002685478721,1.550951519718254
2001-07-25,0.02007238784732134,1.582397360925879
2001-07-26,0.00646207642058788,1.5926560440983843
2001-07-27,-0.001957498329995124,1.5895414719312477
2001-07-30,0.0012493378626029982,1.5915285873070824
2001-07-31,0.005924249515479566,1.6009851837297424
2001-08-01,-3.0379912579413805e-06,1.6009803199581383
2001-08-02,-0.001164145076534847,1.5991176310314663
2001-08-03,-0.005870813621131596,1.5897570135672616
2001-08-06,-0.008439818168351623,1.5763962141078782
2001-08-07,0.007551533609072582,1.5883454839718905
2001-08-08,-0.012300964166769204,1.568926981099645
2001-08-09,0.0022540885034988516,1.572467470159337
2001-08-10,0.010369874976109627,1.5888586013355817
2001-08-13,-0.0005299486580557382,1.588016810924514
2001-08-14,0.0008630222610674145,1.589387896336808
2001-08-15,-0.0019205310744686618,1.5863383567975695
2001-08-16,0.0022364525729182093,1.589890097466526
2001-08-17,-0.016566197862607535,1.5637686276437812
2001-08-20,0.013383265315992975,1.5848376296274926
2001-08-21,-0.012697961462076862,1.5648406516000573
2001-08-22,0.004523275174071992,1.5719348889690221
2001-08-23,-0.001515329832714647,1.5695546929831303
2001-08-24,0.01540136276583714,1.5939150842764584
2001-08-27,-0.009061014243382818,1.5795378316073017
2001-08-28,-0.015120843607499131,1.555833553071349
2001-08-29,-0.008980232177013645,1.5419243539298135
2001-08-30,-0.010212886008005488,1.5262569969149584
2001-08-31,-0.0027814900664794003,1.5220176268552223
2001-09-04,0.01254123137245684,1.5412257973634593
2001-09-05,0.00609549084201453,1.5506490154900334
2001-09-06,-0.016909236735361592,1.5246491625199678
2001-09-07,-0.017469268910756827,1.4982459501776666
2001-09-10,0.013043070938868563,1.5179156763534896
2001-09-17,-0.02035562936342112,1.4873298999035913
2001-09-18,-0.0002864416508711382,1.4869039276826785
2001-09-19,-0.00940360974158831,1.4729871997149337
2001-09-20,-0.023539704915693148,1.4387184363735928
2001-09-21,-0.029359281525077434,1.3970927370343107
2001-09-24,0.03145772503457918,1.4417406756285487
2001-09-25,0.015791301890726823,1.4646883478346677
2001-09-26,0.004283413638841336,1.4709756698677892
2001-09-27,0.012261349730236107,1.4891228440711357
2001-09-28,0.014985151928722327,1.5116056092398673
2001-10-01,0.00205017842128006,1.5147078494277426
2001-10-02,0.011272368929257176,1.5318787919054757
2001-10-03,0.008354389939935722,1.5447303132355639
2001-10-04,-0.005403996736544241,1.5364051106081027
2001-10-05,0.0069800583780532015,1.5471668229691442
2001-10-08,-0.0018805121751679732,1.5442600908507
2001-10-09,-0.0028708552821442527,1.539833101275613
2001-10-10,0.020488109536061113,1.571706771202019
2001-10-11,0.005123463216288183,1.5797800168595113
2001-10-12,-0.0030730828026862443,1.5749326740154321
2001-10-15,-0.002241003543139274,1.571407196092457
2001-10-16,0.004915543553261343,1.579150532366541
2001-10-17,-0.009870128807143835,1.5636407807417738
2001-10-18,-0.0015737651943679726,1.5611819126525537
2001-10-19,0.005855914279720386,1.5703508802506074
2001-10-22,0.010500141680692892,1.5869266586989328
2001-10-23,-0.010515237837492416,1.5703271741664249
2001-10-24,0.0012890761910755786,1.5723527508196655
2001-10-25,0.007231566033351499,1.5837645363732469
2001-10-26,0.0015609178839075645,1.5862385931593828
2001-10-29,-0.01979547134018757,1.5551470041701592
2001-10-30,-0.012174824918567908,1.5363281522390555
2001-10-31,-0.002422866668340158,1.532610339668159
2001-11-01,0.022979474750579362,1.5682366899669702
2001-11-02,0.0021041929876962307,1.5715400368338708
2001-11-05,0.00715304760795589,1.5828216383486045
2001-11-06,0.013592158148081665,1.6044824756606555
2001-11-07,-0.0063747873237937226,1.5942867733581114
2001-11-08,0.0020055648747463522,1.5974874273978603
2001-11-09,0.0032675152903995893,1.602715779201059
2001-11-12,-0.0037503826946611264,1.5967162389963074
2001-11-13,0.010162115509010666,1.6130249791546045
2001-11-14,0.002026570931696371,1.6162972032666774
2001-11-15,0.0035256452483375155,1.6220057510653005
2001-11-16,-0.0031142761208239,1.6169622348143333
2001-11-19,0.00556118642451347,1.6259795133875126
2001-11-20,-0.0037695777254974,1.6198617950833087
2001-11-21,-0.003442782247744894,1.6142945525522
2001-11-23,0.007485352690944271,1.6264234545473948
2001-11-26,-0.0009332853982259448,1.6249062453906364
2001-11-27,-0.010746373450326982,1.607537886638344
2001-11-28,-0.012666398448407367,1.5873045833008514
2001-11-29,0.007246477798429425,1.5988487273984469
2001-11-30,0.00022142679901829062,1.599202794552801
2001-12-03,-0.004312586810433261,1.592320943629517
2001-12-04,0.005756242375167951,1.6015131598508952
2001-12-05,0.01420329737047627,1.6244222345770756
2001-12-06,-0.007739941530416168,1.6118978330530533
2001-12-07,-0.0006419396258622056,1.6108634240107742
2001-12-10,-0.01155836324887408,1.592351668300717
2001-12-11,-0.005706231578788549,1.5832912160307817
2001-12-12,0.0016557906084153137,1.5859149863643571
2001-12-13,-0.010272745105424728,1.5697066803858541
2001-12-14,0.007060966103255525,1.5808295489340831
2001-12-17,0.010297326835402389,1.5971919674741983
2001-12-18,0.007217079033588236,1.6087607242368434
2001-12-19,0.00939591017265793,1.6239477316402042
2001-12-20,-0.004930926824758341,1.6159598741633567
2001-12-21,0.0032205301859474836,1.6211725109390476
2001-12-24,-0.0024610405145054403,1.6171876451779335
2001-12-26,0.0035312072167494554,1.6229083644394895
2001-12-27,0.004554326298895802,1.6303164753566957
2001-12-28,-0.002889681860267737,1.625612179643863
2001-12-31,-0.012901005728933483,1.6047748478754686
2002-01-02,0.005863002959888708,1.6142112834520894
2002-01-03,0.004094935150575654,1.6208349264156443
2002-01-04,0.0008849360985989163,1.6222698965867066
2002-01-07,-0.010808942293585654,1.6048293018838264
2002-01-08,-0.002085099145185058,1.601486559863651
2002-01-09,-0.006197225816037914,1.5915924756136692
2002-01-10,0.003974799524462839,1.5979313261132135
2002-01-11,-0.007752223007651028,1.5855916976957203
2002-01-14,-0.0018812955417025535,1.5826115352659984
2002-01-15,0.00755856527496865,1.594619130789488
2002-01-16,-0.012602425868761636,1.5746491607421134
2002-01-17,0.009067352582218531,1.588991987340346
2002-01-18,-0.00890926828317755,1.574898107727711
2002-01-22,-0.003294571117141782,1.5697180316595134
2002-01-23,0.0021960921199219658,1.5731690650659989
2002-01-24,-0.004876304676413018,1.5655164867128337
2002-01-25,0.0012057460603234417,1.5674052404989511
2002-01-28,0.0002894151179359752,1.5678589369216187
2002-01-29,-0.027802424721852074,1.5248690377117904
2002-01-30,0.0062513699907460986,1.5344314160954324
2002-01-31,0.013658819115111784,1.555533725490471
2002-02-01,-0.0010611346673934604,1.5538839701891278
2002-02-04,-0.02120559731488429,1.5212798491428596
2002-02-05,0.0025451337718932305,1.525156641247944
2002-02-06,-0.0018032744852629452,1.5224088434521872
2002-02-07,-0.006159016933422666,1.5130611175561175
2002-02-08,0.010511993273652804,1.529050297687391
2002-02-11,0.00918582927659706,1.543160600877175
2002-02-12,-0.0006031298058413432,1.542230155341509
2002-02-13,0.011472034071506982,1.5600245460017184
2002-02-14,0.00026866547847312306,1.5604437270500167
2002-02-15,-0.00885247632598798,1.54669089900373
2002-02-19,-0.012699158460017616,1.527173416287256
2002-02-20,0.014190710179262074,1.5489995898111333
2002-02-21,-0.014608531831440796,1.5265354634518342
2002-02-22,0.01587571871935566,1.5509637059690229
2002-02-25,0.010674094783959037,1.567607510318121
2002-02-26,-0.0017120513792569108,1.5649259818302106
2002-02-27,0.005309596676649225,1.5732572057693224
2002-02-28,-0.0007043972854304532,1.5721493978785357
2002-03-01,0.02280234305290261,1.608409929201158
2002-03-04,0.009049421759248284,1.6230311661018402
2002-03-05,-0.0076328392800339906,1.6106899890914206
2002-03-06,0.013743943185399829,1.632980046558426
2002-03-07,-0.004059124741752058,1.626365011557486
2002-03-08,0.00016475258401266575,1.6266329814694493
2002-03-11,0.0031952010141959412,1.6318387130721037
2002-03-12,0.004831228257211077,1.6397415732630805
2002-03-13,-0.005238212662269286,1.631174715291849
2002-03-14,0.0007912943441252971,1.6324659654304294
2002-03-15,0.007041980717486229,1.6440023310395242
2002-03-18,-0.0045392069827056136,1.6365567754221724
2002-03-19,0.004451085298329835,1.6438574651680014
2002-03-20,-0.017393112700177744,1.6155128818436213
2002-03-21,0.0008885732163368837,1.6169490212841022
2002-03-22,-0.002466108966030733,1.6129663616598455
2002-03-25,-0.009576820401164381,1.597593003941763
2002-03-26,0.007585733184746095,1.6097580000804383
2002-03-27,0.0026532829195442076,1.6140348147773118
2002-03-28,2.254202558977231e-05,1.6140711988014926
2002-04-01,-0.003258871329469103,1.6088197100587198
2002-04-02,-0.00424693789030258,1.6020016408794024
2002-04-03,-0.007193029396409339,1.5905197403133813
2002-04-04,-0.00897211799838323,1.5763132360414058
2002-04-05,-0.006949081827258018,1.5653972782480885
2002-04-08,-0.0004621180978601122,1.564674046957474
2002-04-09,-0.010434370320979517,1.5484325408237105
2002-04-10,0.010869015704331597,1.565354273126308
2002-04-11,-0.026892385762950246,1.523819154528141
2002-04-12,0.0033809780390537895,1.5289798728467219
2002-04-15,-0.008621624210411561,1.5158542463720965
2002-04-16,0.021408398746216247,1.548656123550512
2002-04-17,-0.004108455864619595,1.5423065905368671
2002-04-18,0.0034166708532728284,1.547585156938545
2002-04-19,5.199499798605872e-05,1.5476656257176322
2002-04-22,-0.01557286285010679,1.5237507361443288
2002-04-23,-0.008928256658560082,1.5102068501031225
2002-04-24,-0.005268228923183109,1.502271655259843
2002-04-25,0.001940194583013025,1.5051891839590634
2002-04-26,-0.012051071872696438,1.4871589012460613
2002-04-29,-0.006395077489711155,1.4776787502921962
2002-04-30,0.010194544163447896,1.492820059811201
2002-05-01,0.016725453803587382,1.5179981230841386
2002-05-02,0.0025030319071288293,1.521802480048369
2002-05-03,-0.011710600960626604,1.5040852009323624
2002-05-06,-0.019058926550004972,1.4756903983035121
2002-05-07,-0.005485597080502909,1.467617517891394
2002-05-08,0.032398021630074686,1.5159440367690082
2002-05-09,-0.012790205370571022,1.4966782704014772
2002-05-10,-0.010272733122448727,1.4813819957496435
2002-05-13,0.01949676476977449,1.5105475451117438
2002-05-14,0.015218401124088968,1.5337114755007826
2002-05-15,-0.00975279081801602,1.518826212718645
2002-05-16,0.013215387368914613,1.539031304461424
2002-05-17,0.009467878522695598,1.5536718640488298
2002-05-20,-0.014053790141825026,1.5319896015745578
2002-05-21,-0.010329633938991126,1.5162461617639682
2002-05-22,0.00996884829496837,1.5314369814142221
2002-05-23,0.007799418463440808,1.5434279999831335
2002-05-24,-0.01309907662519383,1.5233423572327278
2002-05-28,-0.011308860299210704,1.5062121355343605
2002-05-29,-0.0036578141988820975,1.5007127553854975
2002-05-30,-0.004604495889543884,1.4938186138755012
2002-05-31,0.0041239423816161755,1.499991755859806
2002-06-03,-0.024588658446033237,1.463558726170132
2002-06-04,0.0020791274115433385,1.4666048167440249
2002-06-05,0.008638796709292762,1.4793294010221922
2002-06-06,-0.023135595191622216,1.4454971090151996
2002-06-07,0.0020946304941251667,1.4485280645967191
2002-06-10,0.0017447005556021028,1.4510575182437842
2002-06-11,-0.01618249647790346,1.4277647608579234
2002-06-12,0.014596624403751316,1.4487581503811608
2002-06-13,-0.005152819747309178,1.4413121611701305
2002-06-14,0.0011723716182729254,1.4430029055376588
2002-06-17,0.02304932163785266,1.4766494186779269
2002-06-18,-0.001282885757425119,1.4747562607822913
2002-06-19,-0.01765633357454511,1.448946000104085
2002-06-20,-0.006265189782205295,1.439896456584554
2002-06-21,-0.01688950585211885,1.4157815347512674
2002-06-24,0.007183909785280342,1.425989002436726
2002-06-25,-0.018587687121864562,1.3997279868891381
2002-06-26,0.006093515311148743,1.4082832902725895
2002-06-27,0.01798889423232898,1.433845982375171
2002-06-28,-0.005051430437322486,1.4266212720608673
2002-07-01,-0.0210815003121222,1.3968607556333217
2002-07-02,-0.014334134957555143,1.3769807865146504
2002-07-03,0.007813851322435457,1.3877824560149972
2002-07-05,0.0321143167093796,1.433073494273412
2002-07-08,-0.007241253127271892,1.4227337279650267
2002-07-09,-0.025954981859505514,1.3862818007503444
2002-07-10,-0.03329934044001064,1.3408796570953676
2002-07-11,0.00392706735934236,1.346155734805258
2002-07-12,-0.013166903725851645,1.3285472111077419
2002-07-15,-0.0060287396179064595,1.3205618409467461
2002-07-16,-0.015582403955934528,1.3001438070607827
2002-07-17,0.00734974473812972,1.3097347344253873
2002-07-18,-0.031372302329082495,1.2692831871698107
2002-07-19,-0.048587202511786394,1.209086503937463
2002-07-22,-0.04121432906985242,1.1602677413486533
2002-07-23,-0.026478094298709506,1.129949222296891
2002-07-24,0.05496559477463999,1.1937961723447426
2002-07-25,0.0039021814510759056,1.1984636824377979
2002-07-26,0.021343916479537966,1.2243185315143796
2002-07-29,0.05083895911672243,1.2881709544904154
2002-07-30,-0.001959650833042992,1.2856490610287126
2002-07-31,0.02762750359596907,1.3216635394224576
2002-08-01,-0.034096013720589693,1.277359665982091
2002-08-02,-0.010459858205639504,1.2640682990871586
2002-08-05,-0.037416335101789794,1.2176453992154592
2002-08-06,0.022391019319248924,1.2452172498563554
2002-08-07,0.022897446359613872,1.274058480209781
2002-08-08,0.03398606430848759,1.318102922892754
2002-08-09,0.007091968669505124,1.3274840936901857
2002-08-12,-0.004425273830688913,1.321622592010222
2002-08-13,-0.021654059280836236,1.293311726866359
2002-08-14,0.04152868592565776,1.3481521064296962
2002-08-15,0.0036788928705374364,1.3531209479160715
2002-08-16,0.0010826018478343293,1.3545866323878357
2002-08-19,0.024024396780374685,1.3875238229999713
2002-08-20,-0.020585453637458992,1.359252997882751
2002-08-21,0.014322062112428072,1.3788603776436072
2002-08-22,0.012706823487665045,1.396493103793221
2002-08-23,-0.019882685401972525,1.3690012820350304
2002-08-26,0.008478667268378067,1.3806579350055452
2002-08-27,-0.014059100707415815,1.3613829381036666
2002-08-28,-0.020303582127844236,1.3340207034686178
2002-08-29,-0.0055870423195967835,1.3265882553778026
2002-08-30,-0.0017048082921134627,1.3243286034038078
2002-09-03,-0.04756115757306598,1.262816392927484
2002-09-04,0.022037506760650975,1.290954627215695
2002-09-05,-0.015788643194630983,1.2707322671263255
2002-09-06,0.0141184751368794,1.288800315565346
2002-09-09,0.007266006619985572,1.2981988507500317
2002-09-10,0.012114825945515243,1.3140219574332297
2002-09-11,0.0024404620031064296,1.3172326943387462
2002-09-12,-0.026914567431443676,1.282252792208315
2002-09-13,0.002460677668872865,1.285411888184403
2002-09-16,0.008743275088429746,1.2966998729939867
2002-09-17,-0.021365511048649914,1.269289083008971
2002-09-18,-0.004293882672314586,1.2638505890926603
2002-09-19,-0.030161049639076867,1.2263006480767253
2002-09-20,0.0006418661683113897,1.2270880216420983
2002-09-23,-0.009018144458124015,1.216071712593409
2002-09-24,-0.01251572619268207,1.2009465407006208
2002-09-25,0.024651152340793604,1.2309191689442214
2002-09-26,0.017012916319462838,1.2520398464942857
2002-09-27,-0.03863512343101381,1.204589656609611
2002-09-30,-0.01447534876484928,1.187278396749893
2002-10-01,0.044295995692792786,1.2410522667082837
2002-10-02,-0.015410714344268866,1.2220733794514707
2002-10-03,0.006709337341337045,1.230300249572365
2002-10-04,-0.01672402092977365,1.2098957804130896
2002-10-07,-0.014536530770603991,1.192435307983605
2002-10-08,0.01705340659131405,1.2129447732069822
2002-10-09,-0.019529046351120564,1.1894869188047414
2002-10-10,0.02596748852161899,1.2207794424531726
2002-10-11,0.03685882046150263,1.2666154746047256
2002-10-14,0.009244536167064834,1.2783790377343993
2002-10-15,0.04143227468827749,1.3324577554351331
2002-10-16,-0.02810908725373623,1.2955250876565922
2002-10-17,0.0256129227147586,1.3291358693483006
2002-10-18,0.0059027053935731795,1.3370045672692177
2002-10-21,0.009402089429793845,1.3496344845450834
2002-10-22,-0.001333436313105451,1.3478360322412548
2002-10-23,-0.003487438852009013,1.3431437233222379
2002-10-24,-0.010897831399461858,1.3285858382463334
2002-10-25,0.011066611320060588,1.3433704381451295
2002-10-28,0.00022915982869117928,1.3436783199603282
2002-10-29,-0.012893957830426527,1.326464205888065
2002-10-30,0.016266223788890585,1.3482172094877571
2002-10-31,-0.0065640445641356885,1.3393964332980195
2002-11-01,0.016291210093470437,1.361395531404853
2002-11-04,0.00473744150604452,1.3678603643945022
2002-11-05,0.013529253048611472,1.3864922469278278
2002-11-06,0.0033291269910855356,1.3911157475301097
2002-11-07,-0.020241305773363232,1.36324081257368
2002-11-08,0.0014060969712488285,1.3651590096208113
2002-11-11,-0.019261227932218617,1.3391159862250477
2002-11-12,0.00395479193236087,1.3444223972834994
2002-11-13,-0.010158999899321758,1.3308335516951812
2002-11-14,0.016756976766344085,1.3533221931976314
2002-11-15,0.009827504490223772,1.3666875395602804
2002-11-18,-0.00510739815571505,1.3597251172076914
2002-11-19,-0.0032432099647826673,1.3553223865073813
2002-11-20,0.018192210347161952,1.3802043390751766
2002-11-21,0.018119175530400596,1.405440442028812
2002-11-22,-0.008194465829280599,1.3939706668739866
2002-11-25,0.009008861148144812,1.4065854923442642
2002-11-26,-0.02235694751902396,1.3754874581779213
2002-11-27,0.027370171066048297,1.4136547248713045
2002-11-29,-0.003913696173350608,1.4081329221613321
2002-12-02,-0.005882234188581379,1.3998742680262866
2002-12-03,-0.01329816884401223,1.3813817345852044
2002-12-04,-0.001687049991805677,1.3790532392374888
2002-12-05,-0.010456519837205499,1.3647082716090242
2002-12-06,0.005848503696857898,1.3727131584686108
2002-12-09,-0.018397702943037036,1.3476892862633667
2002-12-10,0.012557159908734154,1.364719135634303
2002-12-11,0.0004127098324335109,1.36528248488198
2002-12-12,-0.010836100052156798,1.3505680149924217
2002-12-13,-0.0070053931849360495,1.3411398176967282
2002-12-16,0.023049985086801738,1.3724120987269364
2002-12-17,-0.011640714178461577,1.356528867185886
2002-12-18,-0.011201135672588248,1.34141898520015
2002-12-19,-0.00813294703081679,1.3305535395852306
2002-12-20,0.01439586740024071,1.3498465485184796
2002-12-23,0.0011401514359362602,1.35138645569594
2002-12-24,-0.004844632852381452,1.3448553177332476
2002-12-26,-0.00559539382378518,1.3373513360390792
2002-12-27,-0.01644293978786508,1.3155411517190383
2002-12-30,0.003947610744018579,1.3207446600590167
2002-12-31,-0.0005404371523963367,1.3200310734176262
2003-01-02,0.02649722693006307,1.3554757554220074
2003-01-03,0.0039764413601169005,1.360876455946613
2003-01-06,0.020780253622533166,1.3894516858426742
2003-01-07,-0.011863630843953154,1.3730651381369985
2003-01-08,-0.012032636654593918,1.3566425459133264
2003-01-09,0.01571834302574964,1.3781351906876556
2003-01-10,-0.0017804622225590133,1.37568365612302
2003-01-13,-0.0002463152584109215,1.3753448459765376
2003-01-14,0.007212416222210398,1.3853002636067748
2003-01-15,-0.014092985275629055,1.3659141721983399
2003-01-16,-0.0027601502223837163,1.3621492421686563
2003-01-17,-0.012709961877441125,1.3449459355042872
2003-01-21,-0.013769928570826309,1.3265530510169845
2003-01-22,-0.009520744425554273,1.3139832105195788
2003-01-23,0.0019482375012507163,1.3165456572031806
2003-01-24,-0.029506880200211028,1.2782660356464841
2003-01-27,-0.01617871191583233,1.2577517326704792
2003-01-28,0.014055396350882838,1.2755547529498694
2003-01-29,0.011218417436701872,1.2899450257543699
2003-01-30,-0.023110274071527357,1.2604758743287663
2003-01-31,0.018458512685554592,1.2839584441633192
2003-02-03,0.008864576581225851,1.2953907887021614
2003-02-04,-0.011506774837835559,1.2805704492487453
2003-02-05,-0.0077079481019617785,1.2707378220567502
2003-02-06,-0.0061820249739497415,1.26290632131368
2003-02-07,-0.014129652371732448,1.2451873701195886
2003-02-10,0.00886551607831226,1.2562756779295847
2003-02-11,-0.008276056321767028,1.2459215743342922
2003-02-12,-0.012454160786899674,1.2305008918687717
2003-02-13,0.005630839685785555,1.237449189139355
2003-02-14,0.016751717442687303,1.2583531884123198
2003-02-18,0.016506933552054886,1.279297125403738
2003-02-19,-0.0046806840007849815,1.2733231319114071
2003-02-20,-0.013399961634204165,1.256374460177754
2003-02-21,0.014140350271278152,1.2742662349779128
2003-02-24,-0.0142949163694986,1.2561802822865866
2003-02-25,0.0050039250771864155,1.2624818674837677
2003-02-26,-0.012949931925918774,1.2462382173293838
2003-02-27,0.009258485108263943,1.2578300740182027
2003-02-28,0.0007321576962550588,1.2587513412027518
2003-03-03,-0.0047408070508400835,1.252797967018572
2003-03-04,-0.01142050036328123,1.238571777108555
2003-03-05,0.013181290488230425,1.2550058245238676
2003-03-06,-0.006876689973679021,1.2464051445513287
2003-03-07,0.011425611018443338,1.260727751360216
2003-03-10,-0.023358526921198823,1.2316202854604978
2003-03-11,-0.003769246161572316,1.2269867433931472
2003-03-12,0.004755288359340115,1.232835313969834
2003-03-13,0.028226932236714547,1.2681302634752774
2003-03-14,0.0019992079124562523,1.2706680554737033
2003-03-17,0.027448333564034453,1.3060288535261722
2003-03-18,0.00513075248972679,1.3127469841129935
2003-03-19,0.012047655099048805,1.328658160740857
2003-03-20,-0.00032288213084241343,1.328229230013516
2003-03-21,0.023100952157116224,1.3592697422078186
2003-03-24,-0.032214671173254175,1.3161791161049192
2003-03-25,0.01105064330032601,1.3308044026161716
2003-03-26,-0.006459604844529998,1.3222356372643573
2003-03-27,-9.876471828422098e-05,1.322105053482779
2003-03-28,-0.003043900670227931,1.3180868156852583
2003-03-31,-0.014530836881454212,1.2990723934705921
2003-04-01,0.013515219650234582,1.316748823561942
2003-04-02,0.01914406795448337,1.342199590834059
2003-04-03,-0.010657795501861108,1.3279706612697877
2003-04-04,0.0076528571170871975,1.3381724174977356
2003-04-07,-0.005524829879234187,1.3307996279995862
2003-04-08,-0.00032726351610892524,1.3303641770915746
2003-04-09,-0.011544584790265967,1.3150939886371524
2003-04-10,0.0035019907945681755,1.3197075092176596
2003-04-11,-0.0037597439557267706,1.3147550626858546
2003-04-14,0.01428673806600601,1.333673443073836
2003-04-15,0.0028891236252339856,1.3375321620005032
2003-04-16,-0.01621780669183813,1.3160152739260969
2003-04-17,0.015021498328636964,1.3359330178145516
2003-04-21,-0.0007892844929958312,1.3348790026135546
2003-04-22,0.019386620454581664,1.3610102752941147
2003-04-23,0.0063118084396663705,1.3696278791589362
2003-04-24,-0.006070016134321368,1.361339396894108
2003-04-25,-0.012948167355905834,1.3438261733108803
2003-04-28,0.01741287081733915,1.367430962008646
2003-04-29,-0.0008193042494871771,1.3663110788357575
2003-04-30,-0.0007165014713964601,1.3653324655681758
2003-05-01,0.002388803767831733,1.3685978755653136
2003-05-02,0.012624502644878436,1.385985265711501
2003-05-05,-0.004170326388430438,1.3802172903134686
2003-05-06,0.004879982559369779,1.3869691877900385
2003-05-07,-0.0011234620348002271,1.3854118555297548
2003-05-08,-0.008274649670557466,1.3739953566804313
2003-05-09,0.012045750699611167,1.3906462471102667
2003-05-12,0.007355500293406412,1.400912857729465
2003-05-13,-0.004243780298678485,1.394980288507492
2003-05-14,-0.0036923990906670557,1.3898389623141103
2003-05-15,0.0053758680503265864,1.3973306723665708
2003-05-16,-0.004052958844269313,1.391678809779543
2003-05-19,-0.021826784568048305,1.3616320412509704
2003-05-20,-0.0036937793978389583,1.3566117505009039
2003-05-21,0.0024869108601690165,1.3599897216117929
2003-05-22,0.0036819475588403486,1.3650063622838284
2003-05-23,-0.00028177909077768004,1.3646217862174501
2003-05-27,0.019540916591811237,1.3915499907540334
2003-05-28,-0.002684637961467843,1.3878191929849757
2003-05-29,-0.003938654714890363,1.3823638028785463
2003-05-30,0.011873629095629033,1.3988753097167008
2003-06-02,0.001875824145339397,1.4015018164612103
2003-06-03,0.008329643700454298,1.413224582690866
2003-06-04,0.012528737672078004,1.431041883841754
2003-06-05,0.0003376358570890192,1.4315251364718524
2003-06-06,-0.0011092254922485608,1.4299381326329588
2003-06-09,-0.004507658597762406,1.4235069653579209
2003-06-10,0.007211702153269498,1.433809980088161
2003-06-11,0.013443799215837736,1.453215986522144
2003-06-12,0.0019393571428384013,1.4560370259429825
2003-06-13,-0.0069759016271322945,1.445915200360987
2003-06-16,0.01965360798780018,1.47461374207423
2003-06-17,0.00136266438572298,1.4766245153967066
2003-06-18,-0.0005385447382681009,1.4758295011281324
2003-06-19,-0.013478749970615655,1.4560706258956801
2003-06-20,0.003147024178925176,1.4606601332190732
2003-06-23,-0.00936308425964329,1.4470476760559292
2003-06-24,0.0009938246980043454,1.448486502627849
2003-06-25,-0.010183326199285917,1.4338109419085545
2003-06-26,0.008498101237624843,1.4460475327007118
2003-06-27,-0.012171659085870992,1.4285534172929473
2003-06-30,-0.0034760949092147112,1.4235962508136852
2003-07-01,0.008409928505958165,1.4356190782024112
2003-07-02,0.008496650582599647,1.4478689998349656
2003-07-03,-0.007638159743749067,1.4368520732108596
2003-07-07,0.01167994196709955,1.4537328131658758
2003-07-08,-0.0019788760547224797,1.450858900608151
2003-07-09,-0.007353943048292799,1.4402285024612878
2003-07-10,-0.006389940430840197,1.43105486882429
2003-07-11,0.01070593888586121,1.4464579599471203
2003-07-14,0.0022589508605314287,1.4497291307164508
2003-07-15,-0.004195506849611648,1.4436595236606766
2003-07-16,-0.003396374871719682,1.4387646318802796
2003-07-17,-0.007310130346337505,1.428285423737882
2003-07-18,0.01226528373864085,1.4459116239239422
2003-07-21,-0.015489608109520128,1.423687584683174
2003-07-22,0.0058360559183272724,1.4320205973500184
2003-07-23,0.0006029698784905653,1.4328843230097077
2003-07-24,-0.008279821754627763,1.4210692769565958
2003-07-25,0.01681399784873605,1.4451651389311457
2003-07-28,-0.0053164613473386385,1.4375023618075644
2003-07-29,-0.010631342064662567,1.422300732521494
2003-07-30,0.0032006112782068832,1.4268602570275026
2003-07-31,0.0022264305219866446,1.4300406013484463
2003-08-01,-0.014519143861148831,1.4094276395185616
2003-08-04,0.0050097138991033055,1.4165061846927918
2003-08-05,-0.012950005860319946,1.3982806861608958
2003-08-06,0.004500388677865103,1.4045876740329
2003-08-07,0.010674331218634252,1.4196610138794026
2003-08-08,0.0024517079302442987,1.4231458782345878
2003-08-11,0.0011227683481926144,1.4247446387324212
2003-08-12,0.005779789540749521,1.4330032062943736
2003-08-13,-0.009964534019411067,1.418794904214007
2003-08-14,0.005181815601541355,1.4261659189101432
2003-08-15,0.0005017938809661744,1.4268817398237519
2003-08-18,0.0031243173905303053,1.4313467426686912
2003-08-19,-0.0029508077049817615,1.4271293391055593
2003-08-20,-0.0024724979396571183,1.4236051233584497
2003-08-21,-0.002091761115132961,1.4206303938145504
2003-08-22,-0.009503569476568684,1.4071932855464595
2003-08-25,0.003593891604308196,1.4122596842717887
2003-08-26,0.004315596902000832,1.418367597957071
2003-08-27,-0.0013985893797914366,1.416385270652014
2003-08-28,0.004754599234697376,1.42313564993327
2003-08-29,0.001240648881461164,1.4249023572906694
2003-09-02,0.012172489084431555,1.4423529588395767
2003-09-03,0.004579052749630554,1.448972713658179
2003-09-04,0.0037923382427800106,1.454478140915921
2003-09-05,-0.006952604547635083,1.4444008020487353
2003-09-08,0.012088450083768899,1.4619673311837509
2003-09-09,-0.005240509605980298,1.4543259172805016
2003-09-10,-0.0007476012090462484,1.4532390677820157
2003-09-11,0.0016220920650112606,1.4555982682453144
2003-09-12,0.00044510048897785986,1.4562462999551824
2003-09-15,-0.0062525425338452794,1.4471694642466446
2003-09-16,0.009953033601627768,1.4616451093428404
2003-09-17,-0.006780597243551766,1.4517678073901943
2003-09-18,0.010401034788248269,1.4669464950509674
2003-09-19,-0.004564537781270837,1.460265821044976
2003-09-22,-0.01062871539612416,1.4448272625927214
2003-09-23,0.0032342578058976775,1.4495077713509212
2003-09-24,-0.014041354540919189,1.4292969445778898
2003-09-25,-0.0020264330077453684,1.426403502744689
2003-09-26,-0.004067169236979813,1.4206138600081766
2003-09-29,0.009493367098121281,1.4341644876576576
2003-09-30,-0.01006962017967838,1.4197954627182712
2003-10-01,0.02103216323439101,1.44997307041656
2003-10-02,0.0029162073945341693,1.4542076640820556
2003-10-03,0.00261827419135735,1.458020167389296
2003-10-06,0.003803251664774934,1.4635759433283444
2003-10-07,0.003168962116192763,1.4682213166654565
2003-10-08,-0.004776175840694632,1.4612255532808953
2003-10-09,-0.001305263446416596,1.4593195131920675
2003-10-10,0.0012989477222121778,1.4612163246124432
2003-10-13,0.004757144473459619,1.4681841019971333
2003-10-14,0.005726052169475863,1.4766151159362941
2003-10-15,-0.0038161973212546448,1.4709907998620464
2003-10-16,0.0028172452885200368,1.475140784780319
2003-10-17,-0.006598911423625921,1.4654385088415587
2003-10-20,0.00518835931509463,1.4730614886584883
2003-10-21,5.745655232510116e-05,1.4731461281245122
2003-10-22,-0.01641325650734537,1.4491643507609575
2003-10-23,0.008634004791886356,1.46173061323119
2003-10-24,-0.004067706592325673,1.4557967986697062
2003-10-27,-0.0060395097917244865,1.4470309968671533
2003-10-28,0.009758109411157869,1.4612204019459614
2003-10-29,-0.0031885177480033043,1.456568694727146
2003-10-30,-0.005939851379095342,1.4479425375649875
2003-10-31,0.009335661605674233,1.461523333341441
2003-11-03,0.002658250758838535,1.4654135972089821
2003-11-04,-0.007694290988059132,1.4541815453253704
2003-11-05,-0.0018687765055821145,1.451466542675337
2003-11-06,0.004316172609732277,1.4577448622194549
2003-11-07,-0.006270868537738986,1.448632138036817
2003-11-10,-0.0021962453132377342,1.4454540776705864
2003-11-11,0.002626171733181963,1.449255077165139
2003-11-12,0.008570113711947368,1.4617287319482153
2003-11-13,0.00345782357073648,1.4667918807043117
2003-11-14,0.0006411384936298352,1.467732598974298
2003-11-17,-0.0038430002307133357,1.4621029266024799
2003-11-18,-0.0036609216743396164,1.4567600681687227
2003-11-19,0.00839796755278352,1.4690454056835598
2003-11-20,-0.010358890237374421,1.4539062732550914
2003-11-21,-0.006286305167468705,1.4447952421014691
2003-11-24,0.009924344090049268,1.4592052740079728
2003-11-25,-0.0001737054306067425,1.458951824140954
2003-11-26,-0.0001221631890203458,1.4587736048196318
2003-11-28,-0.001762899135377232,1.4562041995595758
2003-12-01,0.010124820226146771,1.4710228970256336
2003-12-02,-0.004500321005419464,1.4644176956937094
2003-12-03,0.0004517569816810961,1.4650794060667232
2003-12-04,0.006964315703166294,1.475318293619882
2003-12-05,-0.0030479165530473136,1.470828492317377
2003-12-08,0.008252672354297226,1.4830169825858686
2003-12-09,-0.003438132377427079,1.477926929034746
2003-12-10,0.0022711796251549225,1.481287381214192
2003-12-11,0.005559514901674518,1.4895455549332068
2003-12-12,0.003256282785201265,1.494403842167198
2003-12-15,-0.0017901470228775533,1.4917310326529425
2003-12-16,0.012255660967946828,1.510125671431889
2003-12-17,9.357144562616818e-06,1.5101398019622148
2003-12-18,0.00915829174446985,1.5240336275866637
2003-12-19,-0.0009060543441977278,1.5226533956746686
2003-12-22,-0.0004893749584755421,1.521908429531143
2003-12-23,-1.476413864219473e-05,1.5218859600299603
2003-12-24,-0.0012922725520834466,1.5199205387798957
2003-12-26,0.0023168168784679084,1.5234459986836257
2003-12-29,0.011184690796893765,1.5405809168782796
2003-12-30,0.001559789035804277,1.5429857731478436
2003-12-31,0.003281343099983973,1.5480571547891275
2004-01-02,-0.004314488930453097,1.541392467030352
2004-01-05,0.0132798821819226,1.5619984973853454
2004-01-06,-0.0009263313258011031,1.5605522392069093
2004-01-07,-0.0008861734456583868,1.5591699318244703
2004-01-08,0.0034195643438880933,1.5645107401438894
2004-01-09,-0.010557833608053992,1.5480797863362399
2004-01-12,0.003063710611130821,1.5528299276181108
2004-01-13,-0.006251523594027186,1.5431526550538535
2004-01-14,0.004687573379158814,1.550403276994161
2004-01-15,-0.0035839258168135803,1.544856691875007
2004-01-16,0.0025480620820938628,1.5487981019801558
2004-01-20,0.0035129952228637913,1.5542485904781869
2004-01-21,0.010422234253321064,1.5705320409475418
2004-01-22,-0.000704446252562419,1.569426075129241
2004-01-23,-0.001025216851107917,1.5678178975766726
2004-01-26,0.013668968886240938,1.589395487376442
2004-01-27,-0.007817191653851127,1.5770193147186906
2004-01-28,-0.009230996233684783,1.562528839023225
2004-01-29,0.012105894539250962,1.58155960818828
2004-01-30,-0.0070280924233099345,1.5704832295874793
2004-02-02,0.005246003582821177,1.5787436383594193
2004-02-03,0.001392873976950941,1.5809441614594788
2004-02-04,-0.00038369105362149095,1.58033768368594
2004-02-05,0.0020838219668714935,1.5836342596120474
2004-02-06,0.006773787958992337,1.5943978763633946
2004-02-09,-0.0006127159670053562,1.593421262550779
2004-02-10,0.0036432327590617086,1.5992370548030965
2004-02-11,0.008017220714774984,1.6121100250167675
2004-02-12,-0.004789636248360652,1.6044070663155878
2004-02-13,-0.0034074416238040763,1.5989494464374143
2004-02-17,0.008276795559084636,1.6122385438215652
2004-02-18,-0.00730782210014863,1.6004995368901636
2004-02-19,-0.0035678960669970473,1.594799295867973
2004-02-20,-0.0012821402116742879,1.592755849833289
2004-02-23,0.002807620236024731,1.5972339869007908
2004-02-24,0.0013519000379100502,1.5993947478255313
2004-02-25,0.0011140061076465638,1.601177476143899
2004-02-26,-0.00034043375515419185,1.6006324740568443
2004-02-27,-0.001442202766217498,1.598325701291924
2004-03-01,0.007259542170127219,1.6099710328665826
2004-03-02,-0.00827013287385281,1.596711264101682
2004-03-03,0.002485352369368141,1.6006845897369937
2004-03-04,0.0013250081799019906,1.602806915650932
2004-03-05,0.0036433648150246017,1.6086571768191273
2004-03-08,-0.002374501242215353,1.6048419497777484
2004-03-09,-0.0031977795004992553,1.5997182157412284
2004-03-10,-0.01132253079097466,1.5817075127695843
2004-03-11,-0.01872390659645147,1.5523673078463494
2004-03-12,0.007349010267547236,1.5638176940995083
2004-03-15,-0.010438719271889284,1.5475783466552455
2004-03-16,0.00631866459577623,1.5573879342727142
2004-03-17,0.00633393844861023,1.5672836399005707
2004-03-18,0.002269945302325064,1.5708453289266655
2004-03-19,-0.01356539366189068,1.549680075721668
2004-03-22,-0.011351754141572568,1.532187959444834
2004-03-23,-0.0012578614314153096,1.5302618909225782
2004-03-24,-0.004085645748421465,1.5240225375070353
2004-03-25,0.010729769201197493,1.5404629909983358
2004-03-26,0.0003154512772503484,1.5409490086698205
2004-03-29,0.010135218205798078,1.556646276361497
2004-03-30,0.004554248400337481,1.5637517980494946
2004-03-31,-0.0010543994761526673,1.5621038479243496
2004-04-01,0.004782150103937393,1.5695919533547167
2004-04-02,0.0063552601796359335,1.5795988832345633
2004-04-05,0.006728299137827244,1.5902627315902462
2004-04-06,0.00039040217475932803,1.5908836948239093
2004-04-07,-0.004075973437657302,1.5844124923252918
2004-04-08,-0.001187442533015732,1.582532210126528
2004-04-12,0.007123721079109809,1.5938459784096561
2004-04-13,-0.009221194117895085,1.5792163701409039
2004-04-14,0.004654018630632226,1.5865832019384978
2004-04-15,0.008339964379404992,1.5998705804424516
2004-04-16,0.0035617374252595274,1.6055790593811239
2004-04-19,0.00175098654199024,1.608392869459073
2004-04-20,-0.014720909229627906,1.5848892855291306
2004-04-21,0.0025626547700876557,1.5889560182071136
2004-04-22,0.006118857021316035,1.5987084192416485
2004-04-23,0.0012732359957953595,1.6007452487549712
2004-04-26,-0.001804149841883952,1.597859868079727
2004-04-27,0.005055507713508619,1.6059583145988916
2004-04-28,-0.010882922598165687,1.5885755537502801
2004-04-29,-0.0032813297144423472,1.5833714564311372
2004-04-30,-0.0010825918405147404,1.581658238936866
2004-05-03,0.010677115212248503,1.598636263048114
2004-05-04,0.00039076914374702905,1.5992610828439857
2004-05-05,0.002476847079105155,1.6032271175889818
2004-05-06,-0.003256410007472304,1.5980148440149293
2004-05-07,-0.010862434211555009,1.5807504493338322
2004-05-10,-0.011066357937047492,1.5633537357215384
2004-05-11,0.005440758762013211,1.5718827473651698
2004-05-12,0.00543937010130298,1.580456095051366
2004-05-13,-0.004017160659051987,1.5741198843121444
2004-05-14,0.0034617062129920686,1.5795784674502082
2004-05-17,-0.00499340161282299,1.571710657698244
2004-05-18,0.002926070009490472,1.5763163280882309
2004-05-19,-0.005323030977214846,1.5679478400642648
2004-05-20,0.0028514607379768082,1.5724251621898353
2004-05-21,0.0018048637828899402,1.5752657380715365
2004-05-24,-0.0011254188060536433,1.5734939016014338
2004-05-25,0.015465219686783167,1.5980174728948566
2004-05-26,-0.0012793716590910934,1.5959743218827371
2004-05-27,0.005374246591573792,1.6045745706714918
2004-05-28,-0.0014071304617303709,1.6023183127119198
2004-06-01,0.0033370826388790585,1.6076743130727165
2004-06-02,0.00468635946454429,1.6152261342589707
2004-06-03,-0.0036442387574214512,1.6093505770476746
2004-06-04,0.0017625616389911028,1.6121896579309982
2004-06-07,0.012418178263961788,1.6323349414746637
2004-06-08,0.00020355990225189483,1.63266725323732
2004-06-09,-0.008232320703255632,1.6192817851356325
2004-06-10,0.00475959288941644,1.627007277721656
2004-06-14,-0.006877234710154519,1.6158563545055333
2004-06-15,0.004282051307692521,1.622790369630503
2004-06-16,0.002553934564920406,1.6269401669469086
2004-06-17,0.00025040190924259547,1.6273476068806754
2004-06-18,0.003153274585890299,1.6324871797154388
2004-06-21,-0.0027354088091964286,1.6280277618492207
2004-06-22,0.00016811555955909222,1.6283014816550163
2004-06-23,0.006047671093125763,1.6381787505889012
2004-06-24,-0.0032313971887311874,1.6328936880465825
2004-06-25,-0.014579640104871906,1.609259394147213
2004-06-28,0.0011729870972102482,1.6111481421745846
2004-06-29,0.0033895992811544505,1.6166185547748035
2004-06-30,0.000323141735489729,1.617141036113435
2004-07-01,-0.006339907229170708,1.6069209434203033
2004-07-02,-0.0007101506698120591,1.6057801925364419
2004-07-06,-0.002776678195246528,1.6013276421999252
2004-07-07,0.0009347534653280384,1.6028251885718856
2004-07-08,-0.003967172002323365,1.5964791016913935
2004-07-09,0.0031767198032093724,1.601558732479227
2004-07-12,0.0012921340016773253,1.60362949853865
2004-07-13,0.00220292648364485,1.6071660704046327
2004-07-14,0.0002713231514332965,1.6076021909298537
2004-07-15,-0.00828094711896166,1.5943446902892986
2004-07-16,0.0020896029086218573,1.597679720822707
2004-07-19,-0.0009271930911522243,1.5961990497637504
2004-07-20,0.0017020187862705326,1.5989181238342502
2004-07-21,-0.012056098233491158,1.5797571452718935
2004-07-22,0.006259130904498989,1.5896760615566674
2004-07-23,-0.011979211534789203,1.5707466021095922
2004-07-26,-0.0003131217962369662,1.570254844106199
2004-07-27,0.007908256649104993,1.5827220543917895
2004-07-28,0.001919158555790687,1.5857624655462585
2004-07-29,0.0013797179143345407,1.5879518804680286
2004-07-30,-0.0002632480443062966,1.5875339102583768
2004-08-02,0.0060044966222463645,1.5970949280837992
2004-08-03,0.0009447083602780148,1.5986044299217548
2004-08-04,-0.001845306956906111,1.5956572341226405
2004-08-05,-0.013755105513124795,1.5738590622701587
2004-08-06,-0.012855442799962659,1.5537559014939735
2004-08-09,0.0027753578315238736,1.558074119631929
2004-08-10,0.008934155900524801,1.5720565643865096
2004-08-11,0.004783924295068198,1.5795951816879783
2004-08-12,-0.00769928024959441,1.5674801341236528
2004-08-13,0.0036886702961294064,1.5732727284515107
2004-08-16,0.009450913436670294,1.5882120768666241
2004-08-17,-0.0010800023360038298,1.5864977300294683
2004-08-18,0.00948678330660775,1.60162010815639
2004-08-19,-0.004424184654993332,1.5945498965439595
2004-08-20,0.00570903078588931,1.6036792661228165
2004-08-23,-0.003119784835715657,1.5986839281085667
2004-08-24,0.00044831343196790794,1.599400800266711
2004-08-25,0.005736014784094288,1.608601348918022
2004-08-26,-0.00048416796935286753,1.6078227041820492
2004-08-27,0.0038404325024020613,1.6140093107719908
2004-08-30,-0.004735917182716277,1.6063835680401461
2004-08-31,0.00792563443920434,1.61916576356398
2004-09-01,2.83807533734217e-05,1.619211717360285
2004-09-02,0.009910236640624582,1.6353382656194273
2004-09-03,-0.0019343024441776954,1.6321780841738545
2004-09-07,0.005179486323216224,1.6406538593703919
2004-09-08,-0.004063495979375406,1.634000595918824
2004-09-09,-0.001030496520264842,1.6323176312841503
2004-09-10,0.00042994233886565217,1.6330195846332356
2004-09-13,0.0022601181317256696,1.636714575791309
2004-09-14,0.0026727964925200684,1.6410950321952231
2004-09-15,-0.007699449101850425,1.6285080232223554
2004-09-16,-0.0020818166966361236,1.6251212945263407
2004-09-17,0.006362906150200611,1.6354947564897624
2004-09-20,-0.007912320808389483,1.622605257466968
2004-09-21,0.008024056609692925,1.635677510016772
2004-09-22,-0.011611970715289898,1.6167939206986401
2004-09-23,-0.008582824027199001,1.6029766434392199
2004-09-24,0.0013934498166658705,1.605211867924036
2004-09-27,-0.001333856732732117,1.603072172607287
2004-09-28,0.006590160522526538,1.613671563035021
2004-09-29,0.0015023688916237195,1.6160977150239184
2004-09-30,-0.01898330382477337,1.5857082003901797
2004-10-01,0.010725903700719793,1.602807894746601
2004-10-04,0.004899419662641102,1.6106799918682535
2004-10-05,0.00013139073136305855,1.6108916341939925
2004-10-06,0.004082518523407528,1.6174815717480098
2004-10-07,-0.012604261655577818,1.597222355237604
2004-10-08,-0.005752922989002481,1.5880600383530774
2004-10-11,0.003556079220029886,1.5937173586334399
2004-10-12,-0.0005935226873640927,1.5927717318770713
2004-10-13,-0.010550641812964785,1.5760553074145667
2004-10-14,-0.009281442904977984,1.5614949153131785
2004-10-15,0.0024517893874366446,1.5653280690977873
2004-10-18,0.005313770550803786,1.573668001914442
2004-10-19,-0.006440511922952776,1.5635653424563547
2004-10-20,0.0028078794854600408,1.5679618149995949
2004-10-21,-0.0008942468610751559,1.5665602968132621
2004-10-22,-0.011901960882646752,1.5480256754053194
2004-10-25,-0.0009588085795690949,1.5465421264397397
2004-10-26,0.013741133801868472,1.5679400478872
2004-10-27,0.005925195438722509,1.5772579771219386
2004-10-28,0.000904875109388949,1.5786858445299319
2004-10-29,0.0029763223883782722,1.5833915218858878
2004-11-01,-0.005603977444010436,1.5745430479931157
2004-11-02,-0.003955204004906955,1.5683277085939782
2004-11-03,0.01497367843603328,1.5919880424259993
2004-11-04,0.011112946282571557,1.6097783885158583
2004-11-05,0.0007445456002856238,1.6109773882320557
2004-11-08,-0.0022453007111841007,1.6073643172898386
2004-11-09,-0.004103016473112337,1.6007827863159043
2004-11-10,-0.000539890660564031,1.5999187718976253
2004-11-11,0.0061016525745328665,1.6097107636773746
2004-11-12,0.011142655509273923,1.6277475182398444
2004-11-15,-0.0009254516868438175,1.6262418133893453
2004-11-16,-0.005094286154866025,1.6179783383591135
2004-11-17,0.004156780442370523,1.6247179168418677
2004-11-18,0.001033060857840558,1.626397216586859
2004-11-19,-0.008848286872360292,1.612069867171461
2004-11-22,0.005183000310186712,1.6204469161637587
2004-11-23,-0.0014228985415898072,1.6181428242432887
2004-11-24,0.000863334733917986,1.6195404263603157
2004-11-26,0.0007505280453115527,1.6207563931223148
2004-11-29,-0.002954074214998105,1.6159756233036602
2004-11-30,-0.0038042261370595334,1.6098397650966325
2004-12-01,0.010773760720198493,1.627277560166989
2004-12-02,0.0018602668800396943,1.6303075481361364
2004-12-03,0.0009250461928582545,1.6318163556774719
2004-12-06,-0.004000171449190965,1.6253018487402475
2004-12-07,-0.009976435694568532,1.6091677436109355
2004-12-08,0.008963163399912934,1.6236558094902858
2004-12-09,0.005138792558004166,1.6320209147429294
2004-12-10,-0.00503986041032853,1.623816449192689
2004-12-13,0.008005751870712145,1.6368684967847396
2004-12-14,0.0030194378930378687,1.6418183887348297
2004-12-15,0.0004715640418446206,1.6425927938266434
2004-12-16,0.00410998083045044,1.6493577110388244
2004-12-17,-0.012621554723326262,1.6286710758005931
2004-12-20,0.000977662622319529,1.630264145250793
2004-12-21,0.008444823217897027,1.6440897329134967
2004-12-22,0.004105496154228364,1.6508534116174298
2004-12-23,0.002364327322522292,1.6547611872539638
2004-12-27,-0.004716123427247778,1.6469755028073072
2004-12-28,0.0054062933137806034,1.6559036477953915
2004-12-29,-0.00024686070249699076,1.6554949207090328
2004-12-30,-0.0015734065163242807,1.6528922023170292
2004-12-31,-0.0011442061808966378,1.6510020344198961
2005-01-03,-0.00884142155968683,1.6364691696996898
2005-01-04,-0.008046030871627217,1.623354917827328
2005-01-05,0.00019696391736272417,1.6236746916621332
2005-01-06,0.004815388300860732,1.6315121708850524
2005-01-07,-0.0024581712245554037,1.627506559869965
2005-01-10,0.0023584198116703738,1.6313494333576515
2005-01-11,-0.004635592478639671,1.6238046629454488
2005-01-12,-0.0038348122622719424,1.6175896013261504
2005-01-13,-0.013386307691585587,1.5960803352231794
2005-01-14,0.003408257252186723,1.601529468349666
2005-01-18,0.008461975537227162,1.615139072391648
2005-01-19,-0.007489912235906257,1.6030870132653143
2005-01-20,-0.004744498054018137,1.595499184503515
2005-01-21,-0.006942408419459569,1.5844609378741388
2005-01-24,0.0012587057312429236,1.5864565636268786
2005-01-25,0.00799348963931285,1.599188707065565
2005-01-26,0.004310279304703402,1.6060965336902597
2005-01-27,-0.003144700535961249,1.6010537741999074
2005-01-28,-0.004144046344850848,1.5944326617329108
2005-01-31,0.004223200625475614,1.6011805094753995
2005-02-01,0.006840702518785014,1.6121712583819605
2005-02-02,0.004783575437404761,1.61990167599135
2005-02-03,-0.0006282555617390009,1.618884283378686
2005-02-04,0.007937257136240883,1.6317849142937824
2005-02-07,0.001118987571895983,1.6336118833200677
2005-02-08,0.0014072927959664413,1.6359124719761025
2005-02-09,-0.005677429233141851,1.6266510102089344
2005-02-10,0.005536521599918029,1.6356819756612415
2005-02-11,0.00609638866894681,1.645684186427396
2005-02-14,0.002536369513689456,1.6498635475885841
2005-02-15,0.004088379869330505,1.6566226239247586
2005-02-16,0.004502573432425801,1.6640985066643204
2005-02-17,-0.007842381192603389,1.6510990517985193
2005-02-18,0.003919075799451144,1.6575825304586822
2005-02-22,-0.011807231131338736,1.6381261593724952
2005-02-23,0.006312683656764623,1.648499840039468
2005-02-24,0.007555749129315076,1.6610026658968602
2005-02-25,0.009361373182317572,1.6766249405924316
2005-02-28,-0.006274586010425066,1.666137748995383
2005-03-01,0.0022173149438683717,1.6698361999247495
2005-03-02,0.0007845810720837798,1.6711468358835415
2005-03-03,-0.0002917275692823052,1.6706593873837354
2005-03-04,0.009012726429186577,1.6857846409003738
2005-03-07,0.0011271446202527867,1.6876858352484785
2005-03-08,-0.0022350238533297754,1.6839180292863247
2005-03-09,-0.01254104162996364,1.6629318127419135
2005-03-10,-0.0010439509563236558,1.6611966993299354
2005-03-11,-0.00731921048152222,1.6490824385295237
2005-03-14,0.004147604259960451,1.655936383777366
2005-03-15,-0.009371533957440755,1.6404902099440846
2005-03-16,-0.0042622487971258555,1.633512912571627
2005-03-17,0.0018207002746329002,1.636489759130495
2005-03-18,0.00013503828198908448,1.636710762817704
2005-03-21,-0.00590204595796478,1.6270792713869082
2005-03-22,-0.011352458127372032,1.6087123740624363
2005-03-23,0.0023065209671604206,1.6124271853815284
2005-03-24,-0.0031460712572258685,1.6073623459097206
2005-03-28,0.0031979375349762387,1.612510818146619
2005-03-29,-0.005509302410850648,1.6036514353268707
2005-03-30,0.011855772478133715,1.622777112694158
2005-03-31,-0.0041291332163012956,1.6160902647591888
2005-04-01,-0.007872587030475775,1.6034174030568624
2005-04-04,0.003781361561541362,1.6094919818430395
2005-04-05,0.0031252725681967467,1.6145299513960232
2005-04-06,0.0029434571064628824,1.6192892520174844
2005-04-07,0.004684423395325795,1.6268924829461986
2005-04-08,-0.010002500917173961,1.6107006040348153
2005-04-11,0.0025717712382021525,1.6148482886836015
2005-04-12,0.0047937082973437736,1.6226079843231234
2005-04-13,-0.011470177074189713,1.6041027156617547
2005-04-14,-0.005335458326812059,1.5955668840066548
2005-04-15,-0.015885425916592276,1.5704208807521707
2005-04-18,0.002386774567900675,1.5741735980348293
2005-04-19,0.003511010585087228,1.579710252138259
2005-04-20,-0.015725794674945632,1.5550623648258035
2005-04-21,0.018553510093699068,1.584183544794007
2005-04-22,-0.00583695947669914,1.5749636638519475
2005-04-25,0.006956602679911749,1.5859582584702308
2005-04-26,-0.005535051630965722,1.5772041472037788
2005-04-27,0.004273674992964376,1.5839590289299454
2005-04-28,-0.008980512825351923,1.5697979466201466
2005-04-29,0.013103957422656598,1.590503880623421
2005-05-02,0.008016640637651354,1.6033056235934087
2005-05-03,-0.001998193648543034,1.6001051071703778
2005-05-04,0.0056291018995208155,1.609137660599378
2005-05-05,-0.0012009995314783992,1.6072062470684425
2005-05-06,-0.0020753036040002944,1.6038742647848223
2005-05-09,0.006217416240874806,1.6138772829274899
2005-05-10,-0.009323550561488607,1.598900145026294
2005-05-11,0.007388168342595704,1.6107568341352136
2005-05-12,-0.010116096224912097,1.5945444045137693
2005-05-13,-0.006407705401874535,1.584359698863674
2005-05-16,0.007510127571448062,1.5963032349243627
2005-05-17,0.008328083418972723,1.60965289280143
2005-05-18,0.008369279191106782,1.6231810587963824
2005-05-19,0.0056861085373434124,1.6324369324853958
2005-05-20,-0.002976631997949657,1.627584993278757
2005-05-23,0.004023657312190617,1.634147030379276
2005-05-24,-0.00029497734686179594,1.6336650651117852
2005-05-25,-0.0007111590533006305,1.6325036824235237
2005-05-26,0.004276796267441736,1.6395005194373924
2005-05-27,0.001184518236583135,1.6414436883338486
2005-05-31,-0.00985227297576385,1.6253511412966224
2005-06-01,0.009652298725561928,1.6411154746812586
2005-06-02,0.0006974151962015609,1.6422604127542213
2005-06-03,-0.008396809086250116,1.6285283988308739
2005-06-06,-0.0005725256577759234,1.6275962913912998
2005-06-07,0.0010811288821496214,1.6293568842928328
2005-06-08,-0.003268372560165465,1.6240402320943925
2005-06-09,0.0021859613869768296,1.6275942043404983
2005-06-10,-0.0012477929958157582,1.6255645702372439
2005-06-13,-0.0016704534284762594,1.6228514070649473
2005-06-14,0.002755004012584835,1.6273285336222556
2005-06-15,0.0029200374760538932,1.632087338489185
2005-06-16,0.0034597982358828593,1.637743810867849
2005-06-17,0.005278171425242302,1.6464109566713387
2005-06-20,-0.0004042428449279312,1.6457455413260509
2005-06-21,-0.0034393610228698507,1.6400949510378136
2005-06-22,-0.0014695519430353832,1.6376865164090821
2005-06-23,-0.012322756822035324,1.6176295361659965
2005-06-24,-0.009810375898974788,1.6018375715613278
2005-06-27,0.0009202624243209274,1.6033123609808633
2005-06-28,0.008645267461499871,1.6172335145074466
2005-06-29,0.00041391980782869565,1.617903058052094
2005-06-30,-0.01112613154928195,1.6000018261914501
2005-07-01,0.0020753043470346628,1.6033257648357817
2005-07-05,0.007763490249543238,1.6158216117084212
2005-07-06,-0.01031540908268124,1.5992394238437295
2005-07-07,0.002009909289351375,1.6024569824348869
2005-07-08,0.011070925326429516,1.6202962303109751
2005-07-11,0.003447780014289979,1.6258922967305947
2005-07-12,0.0019217355450696836,1.6290198359387915
2005-07-13,0.0030523421394781257,1.6339997581769148
2005-07-14,0.003743189438142345,1.6401275904772306
2005-07-15,-0.0008465664782610024,1.638739700992307
2005-07-18,-0.00678496050113022,1.6276585519394176
2005-07-19,0.006553126760443128,1.6383598298725863
2005-07-20,0.005135156895897851,1.6467947033146684
2005-07-21,-0.006022038487690724,1.6369074428415993
2005-07-22,0.003997121112640371,1.6434634539973545
2005-07-25,-0.0026305979168214557,1.6391458438968027
2005-07-26,-0.0003740186805359259,1.6385328873668044
2005-07-27,0.004946283103161194,1.6466576119307144
2005-07-28,0.005159000074535154,1.655174669533487
2005-07-29,-0.010908061632373029,1.6372180363052122
2005-08-01,0.001884716901937098,1.6403066384664744
2005-08-02,0.006772563259920051,1.6514534224847777
2005-08-03,0.0030691932438105507,1.6565298384373444
2005-08-04,-0.007624284417359425,1.6439480084764333
2005-08-05,-0.0054236978500680055,1.635055867139124
2005-08-08,-0.0008816337204676463,1.6336149820115942
2005-08-09,0.005182333850196607,1.6421028948336753
2005-08-10,-0.0010056944455737872,1.6404522712239016
2005-08-11,0.003972656629148471,1.6469821867822207
2005-08-12,-0.005417796259651022,1.6380833007936195
2005-08-15,0.0015913139993418172,1.6406920808258403
2005-08-16,-0.010498961390543403,1.6235566276466917
2005-08-17,-0.001543722362615228,1.621052240510181
2005-08-18,0.0013247835408425864,1.6232012069806643
2005-08-19,0.002710050191381544,1.6276061298073188
2005-08-22,0.0028404527876499386,1.6322358403001893
2005-08-23,-0.0042479940553122745,1.6253168185401166
2005-08-24,-0.0084063059392834,1.6117111748381858
2005-08-25,0.0009443846505576821,1.6132339690714084
2005-08-26,-0.006002035172563129,1.603580281913097
2005-08-29,0.006503362728706307,1.6140429304749888
2005-08-30,-0.0040198312628420725,1.6075677734821117
2005-08-31,0.009431483625321313,1.6228012468198594
2005-09-01,0.0010764163575860397,1.624548997111793
2005-09-02,-0.004057967098003894,1.617969988460835
2005-09-06,0.013126813032766397,1.6393487887625882
2005-09-07,0.001982771609818354,1.6426024675845798
2005-09-08,-0.005393392686656817,1.6337671151288722
2005-09-09,0.007219211185962953,1.6456043011245938
2005-09-12,-0.0019857911262873822,1.642339717169752
2005-09-13,-0.00848332485252049,1.6284661460391312
2005-09-14,-0.0018126778180629947,1.6255169353706624
2005-09-15,-0.0005610159782648809,1.6246052501558776
2005-09-16,0.008775402974156998,1.6389245528343235
2005-09-19,-0.00489857567261124,1.630915788674087
2005-09-20,-0.005502075774769366,1.621967007434177
2005-09-21,-0.004528890478324519,1.6146379053754871
2005-09-22,0.0030976951373468107,1.6196473161715372
2005-09-23,-0.002985779416324685,1.6148186188530078
2005-09-26,0.0014374990406346695,1.617141588301569
2005-09-27,-0.0004869943063921824,1.6163542412877534
2005-09-28,0.004805329595779507,1.624140047862099
2005-09-29,0.010545742640851924,1.641358441619154
2005-09-30,-0.0038523960464461075,1.6350474428862456
2005-10-03,-0.00387559809441975,1.6287229197036373
2005-10-04,-0.010004586775653121,1.6125094596399534
2005-10-05,-0.011562332250145153,1.593972461490185
2005-10-06,-0.0018815470778140758,1.5909761470005055
2005-10-07,0.001197879858028466,1.5928830871962016
2005-10-10,-0.0034671865698744074,1.5873698276217538
2005-10-11,0.003857533595703827,1.59350498574201
2005-10-12,-0.0027234355670124814,1.5891710818204206
2005-10-13,0.0007922958008713126,1.5904306743144443
2005-10-14,0.005341975725479506,1.5989494496570973
2005-10-17,-0.0007093894928600822,1.5978155739452047
2005-10-18,-0.010769315490593186,1.5807005180658729
2005-10-19,0.013694097990269036,1.6024956777802146
2005-10-20,-0.010705445538818689,1.585431749025072
2005-10-21,-0.001384883778099651,1.5832376299651854
2005-10-24,0.014794574432027823,1.606835083652918
2005-10-25,2.3887060904733412e-05,1.606873466678852
2005-10-26,-0.005563148467943446,1.5979590102277255
2005-10-27,-0.008584745161668813,1.5842996542797312
2005-10-28,0.016402117485160572,1.6104998049337778
2005-10-31,0.0014545915989357596,1.612844129023835
2005-11-01,-0.003532570302331741,1.6071566952955787
2005-11-02,0.0069341165544983185,1.6183396342350036
2005-11-03,0.003497623958650308,1.6240098881403662
2005-11-04,-0.0014391277881468738,1.6216744113100023
2005-11-07,0.0025938254823946088,1.6258862116984012
2005-11-08,-0.002373740593943492,1.6220313566196132
2005-11-09,0.00189936752596377,1.6251151179754795
2005-11-10,0.008063062320847015,1.638271491502261
2005-11-11,0.0040639241596927955,1.644942849361183
2005-11-14,0.000744027582901405,1.6461671876276442
2005-11-15,-0.0032449167633200643,1.6408341694048927
2005-11-16,0.0020117261181001422,1.6441384008489401
2005-11-17,0.007927872405656034,1.6572247251218397
2005-11-18,0.006654194870471052,1.668288992456879
2005-11-21,0.0033639123619618495,1.6739104201159651
2005-11-22,0.00456141079258981,1.6815632537620722
2005-11-23,0.0032599534496473084,1.6870540166450119
2005-11-25,0.002490850924085207,1.6912614545763196
2005-11-28,-0.00680936368075285,1.679784161133119
2005-11-29,0.00021614034260373886,1.6801472694969761
2005-11-30,-0.007449909189033984,1.6676768343964445
2005-12-01,0.005651580527638312,1.6771285276654
2005-12-02,-0.0021369145453716885,1.6735484738170756
2005-12-05,-0.0026322779223934365,1.6691490219476801
2005-12-06,0.0012899602723407506,1.6713035472018405
2005-12-07,-0.005720065709027333,1.661770870851412
2005-12-08,-0.005259449875083513,1.6530538138087065
2005-12-09,-0.0004131569011686329,1.6523709842851064
2005-12-12,-0.0005205359564479626,1.651511089596863
2005-12-13,0.006210675533398544,1.661800006604312
2005-12-14,0.006824848919811245,1.6731803309081155
2005-12-15,-0.002434546119695569,1.669111850686815
2005-12-16,-0.004517394882493179,1.661588818401436
2005-12-19,-0.0006908045514803794,1.6604413816558894
2005-12-20,-0.0027205755302324684,1.6559301647991593
2005-12-21,0.0037754602254904276,1.6621938800361187
2005-12-22,0.002725227393933337,1.6667299143871825
2005-12-23,-1.9213510061127582e-05,1.6666978909628454
2005-12-27,-0.009741487455107382,1.6505406001618317
2005-12-28,-0.00014179838436646823,1.650306572764143
2005-12-29,-0.003267293496852876,1.6449233359274211
2005-12-30,-0.0049378132493248005,1.6368210319795713
2006-01-03,0.01747636790181695,1.665678142800435
2006-01-04,0.001617010307156903,1.668373740342901
2006-01-05,-0.002357447474423478,1.6644452692838156
2006-01-06,0.007220974580033982,1.676507685048339
2006-01-09,0.0011828511903061154,1.678491917453636
2006-01-10,-0.0005568012612502,1.6775575911781626
2006-01-11,0.0038261599715244915,1.6839884898615907
2006-01-12,-0.007265910397309537,1.6717971247028967
2006-01-13,0.0020699132318074036,1.6752611836060713
2006-01-17,-0.0034418956116478855,1.6695050212274691
2006-01-18,-0.0019033163537132982,1.666330447085755
2006-01-19,0.002416490819302501,1.6703619884425758
2006-01-20,-0.019182969989585782,1.638624863929795
2006-01-23,0.0034033551986001782,1.644211187107904
2006-01-24,-0.002252248685126067,1.6405121817273114
2006-01-25,-0.0005548201915276433,1.639602244893448
2006-01-26,0.0013953944929234177,1.6418917338351942
2006-01-27,0.009444433563453319,1.6574719284812687
2006-01-30,0.0007635688661971685,1.6587380057495307
2006-01-31,-0.0068184477696477145,1.6474664581919256
2006-02-01,0.0029737426401515656,1.652372891065503
2006-02-02,-0.005936966908966404,1.6425918714147278
2006-02-03,-0.0078016946708762145,1.629826730777252
2006-02-06,-0.00036336719505105253,1.6292346127943107
2006-02-07,-0.004998245323054895,1.621111615787679
2006-02-08,0.011721594255514405,1.6402254317425353
2006-02-09,-0.0016520345603677601,1.6375179596769878
2006-02-10,0.00018500380791423886,1.637820934759964
2006-02-13,-0.0031924740275147277,1.632600571335127
2006-02-14,0.00738598519788101,1.6447035762757365
2006-02-15,0.004351913969163694,1.6518767820103835
2006-02-16,0.005672275237147226,1.6612733064179679
2006-02-17,0.001418875918266442,1.6636321201423658
2006-02-21,-0.0007062772449773595,1.6624575494669918
2006-02-22,0.005641891365734784,1.6718634629824474
2006-02-23,-0.0026555610873361954,1.6674296172065917
2006-02-24,0.002333785794369853,1.671325585169383
2006-02-27,0.0018206634731641413,1.6743712783639144
2006-02-28,-0.009310687310782441,1.6588540809327572
2006-03-01,0.0061184477413705265,1.6690348062956115
2006-03-02,-0.004293285152989805,1.6618845240252822
2006-03-03,0.0002473313062395094,1.6622956109306637
2006-03-06,-0.003911641135805049,1.6558060078130823
2006-03-07,0.003256186979578529,1.6612064093634444
2006-03-08,0.004082436532466375,1.6680020410263177
2006-03-09,-0.004560769845019173,1.6604119890128257
2006-03-10,0.0062799107274065765,1.6708720377844881
2006-03-13,0.0020644469529992903,1.674325027502425
2006-03-14,0.0046476627616187875,1.6821248369854835
2006-03-15,0.0014769032889579911,1.684611008154942
2006-03-16,0.0028935627895347025,1.6894925950660926
2006-03-17,0.0006837492465679277,1.6906481793749806
2006-03-20,0.000522823071458905,1.6915323203533892
2006-03-21,-0.0032339177631952967,1.6860708796204256
2006-03-22,0.004719586637526083,1.6940472449817026
2006-03-23,-0.005204947234843761,1.6852527258170438
2006-03-24,0.001190844947175969,1.6872607959230617
2006-03-27,-0.002408821644097972,1.6832013767698353
2006-03-28,-0.009375640589162319,1.667494033882389
2006-03-29,0.002538056820259507,1.6717316038096797
2006-03-30,-0.001485299196553715,1.669250425304055
2006-03-31,-0.004216952440468418,1.662226096688449
2006-04-03,-0.00018130509660498048,1.6619247539437227
2006-04-04,0.0035358288384956683,1.6678114364340002
2006-04-05,0.001781535687994412,1.6707853503091357
2006-04-06,-0.004253356348108602,1.6636939965511603
2006-04-07,-0.009631560139493992,1.647746948525444
2006-04-10,0.00123864072689973,1.6497891795376605
2006-04-11,-0.005320141677880386,1.641035373754612
2006-04-12,-0.00061491639905748,1.6400265843842075
2006-04-13,0.002250718736407513,1.6437219800340102
2006-04-17,-0.0047101133442280065,1.635998067732537
2006-04-18,0.012641133288480592,1.6568102047207647
2006-04-19,-0.0015019597396378128,1.6543236103468277
2006-04-20,-0.0006422558986645323,1.653261452374905
2006-04-21,-0.0005870538224804781,1.6522911837475474
2006-04-24,-0.0016326121528198385,1.6495958339101016
2006-04-25,-0.0006009508528834966,1.6486048056962506
2006-04-26,0.00624779211681983,1.6589371894877503
2006-04-27,0.007693951941146367,1.671750200635567
2006-04-28,0.003240223067754118,1.6771758295762211
2006-05-01,-0.0028276263223223214,1.672440101643192
2006-05-02,0.004156981908548727,1.679406875232299
2006-05-03,-0.005259198072192834,1.6705977266646967
2006-05-04,0.002233505709434933,1.6743331862576591
2006-05-05,0.009261110587054689,1.6899113954715916
2006-05-08,0.0019656121867156094,1.6932363726422834
2006-05-09,0.0018073051716072158,1.696299334515004
2006-05-10,-0.0028223423916729153,1.691518546677818
2006-05-11,-0.009390563429179167,1.675708582887745
2006-05-12,-0.006718010278591965,1.6644888846250436
2006-05-15,0.011374400757754326,1.6835295309418563
2006-05-16,-8.957267150062419e-05,1.6833787394577184
2006-05-17,-0.014599566086099717,1.658980674249426
2006-05-18,-0.006193749486315225,1.6487371193044476
2006-05-19,-0.00021110784131959226,1.648389094706941
2006-05-22,0.0009746025917836617,1.649996402106664
2006-05-23,-0.000259309278917215,1.6495685981985764
2006-05-24,0.005272096943922909,1.6582882489891866
2006-05-25,0.009001626702134979,1.6732829277710446
2006-05-26,0.0036973673087020878,1.6794811208034957
2006-05-30,-0.01682762378429929,1.651455904566835
2006-05-31,0.004831435827029361,1.6594541136495173
2006-06-01,0.008101374963628115,1.6729525778914252
2006-06-02,0.0005373648542346132,1.6738518053945748
2006-06-05,-0.01440295659537851,1.6499161761847794
2006-06-06,0.0024345181179554263,1.6539378204053523
2006-06-07,-0.003275191082777194,1.6485297191213781
2006-06-08,0.006464310261411234,1.6592208448483872
2006-06-09,-0.0042421835865332274,1.6521970340947274
2006-06-12,-0.005781090995235667,1.6426730886212526
2006-06-13,-0.009764634445704657,1.6267110449866096
2006-06-14,0.0039721833182456276,1.6331854897909914
2006-06-15,0.011103902999459252,1.6514212799047403
2006-06-16,-0.002007234323014728,1.6481098149848035
2006-06-19,-0.007177108938918644,1.636323497734404
2006-06-20,0.0008309419101201331,1.6376837525752965
2006-06-21,0.005883265308742741,1.647347078666203
2006-06-22,-0.0031661221872887712,1.6421396245983066
2006-06-23,-0.004397682217372416,1.6349338722901943
2006-06-26,0.003456767285921014,1.6405952375883326
2006-06-27,-0.006648843322077822,1.6297233596563234
2006-06-28,0.004893097439420506,1.6377172964607778
2006-06-29,0.01659571609570333,1.6651231687936412
2006-06-30,-0.006470474200445513,1.6543838141168008
2006-07-03,0.008015960569319067,1.667698583575106
2006-07-05,-0.004122510320286902,1.6608376308442834
2006-07-06,0.004836711599629934,1.6688900814710677
2006-07-07,-0.002729098984576156,1.6643417245255225
2006-07-10,0.004867281511602373,1.6724622907395574
2006-07-11,0.0023231378995887246,1.6763521678838544
2006-07-12,-0.011002624005304627,1.658008991862801
2006-07-13,-0.005757716926649122,1.648490075336247
2006-07-14,-0.006039917095497782,1.6385633404540747
2006-07-17,0.0004901644806174091,1.6393667028765846
2006-07-18,0.004802103399446841,1.6472580436459252
2006-07-19,0.01652991056951271,1.674713363634251
2006-07-20,-0.004039261589981202,1.66796240189936
2006-07-21,0.0010792709007825716,1.6697635569756242
2006-07-24,0.012476415830523828,1.6907267221056015
2006-07-25,0.0029812319842553382,1.6957746915313772
2006-07-26,0.0029078784421461713,1.7007129746834349
2006-07-27,-0.003216604171358617,1.6952512430583175
2006-07-28,0.011245670461415334,1.7144230779085743
2006-07-31,-0.0015311703693379288,1.7118000127834474
2006-08-01,-0.002465614166529912,1.7075845733807773
2006-08-02,0.0060656885765248735,1.7179737264509076
2006-08-03,0.0013425666049941885,1.7202817696084467
2006-08-04,0.001113158049766567,1.7221977813222369
2006-08-07,-0.0018034691897162367,1.7190946497272144
2006-08-08,-0.0003716647874800172,1.7184558414981812
2006-08-09,-0.0036781101331860846,1.7121467814756057
2006-08-10,0.004614140316183077,1.7200651210836055
2006-08-11,-0.0008967957481392181,1.7185232654646123
2006-08-14,0.0021864629665525703,1.7222848637408084
2006-08-15,0.007237893166173284,1.7347957993764656
2006-08-16,0.0033974656658659836,1.7406997320674629
2006-08-17,0.00037908028263276643,1.7413597221005745
2006-08-18,0.004261474857164089,1.7487963169504246
2006-08-21,-0.0012955915922552932,1.7465320582396149
2006-08-22,0.0003346041643590681,1.7471165529212125
2006-08-23,-0.001289365044312345,1.7448653335432036
2006-08-24,0.004890526764022688,1.753419544405668
2006-08-25,-0.00028325016498658546,1.7529229583627837
2006-08-28,0.005654939969966532,1.7628637131593896
2006-08-29,0.0030802466176974865,1.768302139696839
2006-08-30,-0.0008158728175631545,1.7668600184215912
2006-08-31,-0.0020465032397551544,1.7632478311069248
2006-09-01,0.005231456308757665,1.7724963556299578
2006-09-05,0.00011678355722124336,1.7727033661470069
2006-09-06,-0.0057061914952485785,1.7626167866214126
2006-09-07,-0.004322747956156144,1.755013883066539
2006-09-08,0.002726578798902341,1.7598055962350967
2006-09-11,0.002415222380114057,1.7640610549667435
2006-09-12,0.0070568875917268155,1.7765538638658773
2006-09-13,5.486250322633102e-05,1.776651332731634
2006-09-14,0.0009470920998995135,1.7783347822381688
2006-09-15,0.0014226036604462356,1.780866448160518
2006-09-18,8.638702742990055e-05,1.781020298564468
2006-09-19,0.0003107222069212611,1.7815737871083472
2006-09-20,0.005396033109865992,1.791213202163286
2006-09-21,-0.003311608447290874,1.7852912164531318
2006-09-22,-0.003220809326612763,1.7795503838787723
2006-09-25,0.009030427490796598,1.7956932634359615
2006-09-26,0.006831911183896472,1.8080032829243655
2006-09-27,0.0026173077899872715,1.8127415820898474
2006-09-28,0.00014351670391890147,1.813001759456218
2006-09-29,-0.002859625562551626,1.807824659092156
2006-10-02,-0.004364841886574356,1.7999509864652719
2006-10-03,0.005406385950629451,1.8097085690519963
2006-10-04,0.009536728177516166,1.8270498257503647
2006-10-05,-0.001764744170221216,1.8238283935595554
2006-10-06,-0.0033366515693019298,1.817753054968587
2006-10-09,-0.0025913085203158556,1.8130487937179258
2006-10-10,-0.00048143619220037114,1.8121761364916462
2006-10-11,-0.0015717364880726372,1.8093301103225872
2006-10-12,0.002659142968492832,1.814147780361009
2006-10-13,-0.0013774830691226925,1.8116505428547347
2006-10-16,0.0004747269790208997,1.812510786418244
2006-10-17,-0.0012208895809412226,1.8102992611725306
2006-10-18,0.0074848694266084065,1.8238999509628882
2006-10-19,0.0006442015896482796,1.8250752887472457
2006-10-20,0.007760020525843656,1.8392930039834696
2006-10-23,0.007389329937276593,1.852934485473829
2006-10-24,-0.0013478992295603415,1.8504385989880525
2006-10-25,0.003754055076794467,1.8573983027870204
2006-10-26,0.0037934038037214764,1.8644575453875498
2006-10-27,-0.006720104282644764,1.851970201372774
2006-10-30,-0.0015771822206568202,1.8490516090789209
2006-10-31,-0.0014628446837424152,1.8463487112045052
2006-11-01,-0.00406260041314932,1.838862950291102
2006-11-02,0.00034159077823301705,1.8394911962127536
2006-11-03,-0.0006610419413225093,1.8382756171999837
2006-11-06,0.008315145559778053,1.8536248737479046
2006-11-07,0.002602415948716579,1.8584550590318298
2006-11-08,0.0004732478732101835,1.8593347770819026
2006-11-09,-0.006007911115501092,1.848197548247522
2006-11-10,-0.0005073924971357699,1.8472600245446764
2006-11-13,-0.0021199126588831996,1.843348142523513
2006-11-14,0.008463175673897778,1.8590149235303608
2006-11-15,-0.0009335854403692948,1.8572801841540332
2006-11-16,0.0027627104121870335,1.8624184058983486
2006-11-17,0.0026947878990466467,1.8674439968911514
2006-11-20,-0.0004728784912256109,1.8665611315519197
2006-11-21,-0.002857000102520117,1.861235976813724
2006-11-22,0.0005347132033735178,1.8622314703931815
2006-11-24,-0.0045400782431956775,1.853795957245125
2006-11-27,-0.010511118070716164,1.8344125382246437
2006-11-28,0.0035194247588010755,1.8408799893075853
2006-11-29,0.007557701443074455,1.854845517832329
2006-11-30,-0.001751683899443804,1.8515992588426569
2006-12-01,-0.0017583700244065278,1.8483463229792878
2006-12-04,0.0023691633554701304,1.8527305487787638
2006-12-05,0.005554677654989713,1.8630505052398634
2006-12-06,-4.3492553443323074e-05,1.8629694781782462
2006-12-07,-0.0024828113209403096,1.8583498137179724
2006-12-08,0.001201629807666795,1.8605842044335952
2006-12-11,0.0009148906887400764,1.8622872145130922
2006-12-12,6.795441409732301e-05,1.86241376944957
2006-12-13,0.002220169131928782,1.866553236469493
2006-12-14,0.0077472632606809195,1.881070076063094
2006-12-15,0.0028690436931260647,1.886474697641573
2006-12-18,0.0001692624747523746,1.8867940340425258
2006-12-19,0.002475872294246024,1.8914712828624713
2006-12-20,-0.003114012826722689,1.8855903783845458
2006-12-21,-0.0031228482222271595,1.8797111505695645
2006-12-22,-0.005380526190299908,1.8696244756371931
2006-12-26,0.004135924446235078,1.8773731140571959
2006-12-27,0.0056769134149004,1.8880611073756952
2006-12-28,-0.00013714349414360125,1.8878021898331072
2006-12-29,-0.005241279170048762,1.877933576209593
2007-01-03,-0.000981512358255196,1.876091265469842
2007-01-04,0.0007997301253670343,1.8775922322769651
2007-01-05,-0.0059860776471233465,1.8663863923605093
2007-01-08,0.0014414546278350736,1.8690786435759312
2007-01-09,-0.0004030167609958306,1.8683255253247835
2007-01-10,-0.0016909716040880804,1.8651689095402595
2007-01-11,0.004686620311365292,1.8739307637403604
2007-01-12,0.005620741850303591,1.8844933016498466
2007-01-16,0.0015979577496031826,1.8875070496049509
2007-01-17,0.0002524984315694129,1.887983702349055
2007-01-18,0.0009445180568362814,1.8897677794608265
2007-01-19,0.0016971359613272977,1.892977695379324
2007-01-22,-0.004928895578831721,1.8836703622649582
2007-01-23,-0.00012456376917064914,1.8834357397977923
2007-01-24,0.008588529573135892,1.8996813464245694
2007-01-25,-0.011143143549899561,1.8786304290029372
2007-01-26,-0.002550229256409446,1.8738455945265953
2007-01-29,-0.0012725105817361444,1.8714626226790254
2007-01-30,0.0046368562481569385,1.8801604755970476
2007-01-31,0.005022890268854178,1.889628072799575
2007-02-01,0.004206647786764731,1.8975938153397034
2007-02-02,0.0009399494567846509,1.8993782961451287
2007-02-05,-0.0006952448540474482,1.8980582220993611
2007-02-06,-0.0011625709716891095,1.8958528768913234
2007-02-07,-0.0009050082252062914,1.8941378905993596
2007-02-08,-0.0010008556677996024,1.8922430803299293
2007-02-09,-0.0062859794768045235,1.8803857855612465
2007-02-12,-0.0022368209645496503,1.8761843998402488
2007-02-13,0.00617817038907517,1.8878116673796228
2007-02-14,0.004714579441481818,1.8967329189059847
2007-02-15,-0.0010009665722349364,1.8948353025414166
2007-02-16,-0.002143976523123607,1.8907771719604074
2007-02-20,0.002143292178800636,1.894834005822078
2007-02-21,-0.002214055197431368,1.8906433795939932
2007-02-22,-0.0013337165326570842,1.8881234780519771
2007-02-23,-0.005311281106509855,1.8781217081143315
2007-02-26,0.0015404624100636606,1.8810171135662643
2007-02-27,-0.03656935952867024,1.813472088870898
2007-02-28,0.006872766027776806,1.8259785861217572
2007-03-01,-0.004055775831918645,1.8185878240706965
2007-03-02,-0.008873304952716255,1.8025223221835123
2007-03-05,-0.004888025071785752,1.793733046480245
2007-03-06,0.012931331210000188,1.8170790245701665
2007-03-07,-0.00458906171089333,1.808759440934709
2007-03-08,0.004086738036020089,1.8161664919695624
2007-03-09,-0.0005340138419172856,1.815196892836345
2007-03-12,0.0016887872678741879,1.8182649641683744
2007-03-13,-0.01952632619150605,1.7831053158806092
2007-03-14,0.004701898143425454,1.7915090366921795
2007-03-15,0.0034059351590103462,1.7976212032207455
2007-03-16,-0.00332131631076661,1.7916606385375788
2007-03-19,0.010451715865627447,1.8104847673224997
2007-03-20,0.007315115300208307,1.8237772308220288
2007-03-21,0.0156723019902217,1.8525851720732143
2007-03-22,0.0008466426170218854,1.854154313788948
2007-03-23,-0.0006718178644177607,1.8529090781301731
2007-03-26,0.0001823573755037063,1.8532470005770967
2007-03-27,-0.004585944147825694,1.8447675712956886
2007-03-28,-0.0074358923381847445,1.8311009529695368
2007-03-29,0.00634743585748599,1.8427607144636244
2007-03-30,-0.0019002338533179132,1.8392623630659943
2007-04-02,-0.0011958290797202398,1.8370642342021581
2007-04-03,0.008114662886223768,1.8520320383726092
2007-04-04,0.0028684279015442193,1.8573520851836618
2007-04-05,0.0024026589708092206,1.8618200341625573
2007-04-09,0.0015811220703085566,1.8647661273622476
2007-04-10,0.002799442617750515,1.8699937469278056
2007-04-11,-0.0064995511596990215,1.8578790396292117
2007-04-12,0.003813415571436399,1.8649774304436648
2007-04-13,0.002937509966064538,1.8704638745289741
2007-04-16,0.011144754915048176,1.89142632973019
2007-04-17,0.005368756465714345,1.9016082447217608
2007-04-18,0.0013763983942439424,1.9042274173552844
2007-04-19,0.000626089960035363,1.9054200083185722
2007-04-20,0.008245212250757089,1.9211955476762217
2007-04-23,-0.0077811167914301465,1.9063045103233498
2007-04-24,-0.0011345482156332558,1.9041429423761016
2007-04-25,0.009360696172067725,1.9220507298462495
2007-04-26,-0.0009503557533810412,1.9202249655770542
2007-04-27,0.0019043517142475956,1.923885233394458
2007-04-30,0.000839996437303999,1.9255019690673305
2007-05-01,0.0036516258494448004,1.9325460351502828
2007-05-02,0.0018933611417046522,1.9362085088163448
2007-05-03,0.004808507443829132,1.945541202023835
2007-05-04,0.0014118790487761394,1.9482900109217256
2007-05-07,0.002868713418640064,1.9538871210334419
2007-05-08,-0.002666246258293629,1.9486845156035417
2007-05-09,0.002794100616440289,1.9541369499877126
2007-05-10,-0.013042509835259543,1.928815585614221
2007-05-11,0.006961559686920382,1.9422899974819254
2007-05-14,-4.573552849167661e-05,1.942201167853757
2007-05-15,-0.0004510029311722825,1.9413254269298346
2007-05-16,0.01151788180291397,1.9638146492194861
2007-05-17,-0.0025529188285855773,1.9588075838607748
2007-05-18,0.006853211729038674,1.972277811409376
2007-05-21,-0.0026524978850169744,1.9670532807773775
2007-05-22,-0.00240706638608164,1.962324146898555
2007-05-23,-0.001784564546987448,1.9588253756164327
2007-05-24,-0.005801607169673759,1.9474939423188222
2007-05-25,0.005695069794367261,1.958616698618378
2007-05-29,0.002350660930618636,1.9632261578852777
2007-05-30,0.007204608661813371,1.9774215086385807
2007-05-31,-0.002203300112670413,1.9730694518100502
2007-06-01,0.002094044851077735,1.9772054767359013
2007-06-04,0.0011288358772457239,1.9794386774361215
2007-06-05,-0.004786744235949289,1.9699862519765803
2007-06-06,-0.008654305872145896,1.9530109490696874
2007-06-07,-0.014940086630100708,1.9240496769508308
2007-06-08,0.010019110165895018,1.9434238364794802
2007-06-11,0.0008128012356602144,1.9450040959065904
2007-06-12,-0.010287019069822883,1.9250983625500973
2007-06-13,0.011985813691390384,1.9483110665403067
2007-06-14,0.003754426634677298,1.955639606124849
2007-06-15,0.005277529100662432,1.9659878335738372
2007-06-18,-0.002702530852539731,1.9606818638008152
2007-06-19,0.003521791975097698,1.9675991509280135
2007-06-20,-0.0111299839799365,1.9458212227094176
2007-06-21,0.004605370163865109,1.9548031163100328
2007-06-22,-0.017786164300533026,1.920342040554374
2007-06-25,0.001033901303855253,1.922328511424409
2007-06-26,0.000583099914225221,1.9234497478792048
2007-06-27,0.006535551108281011,1.9360617202138817
2007-06-28,0.0016587671827814204,1.939275860877761
2007-06-29,-0.00233770369117364,1.9347477033470148
2007-07-02,0.006324294885709714,1.9470223918149503
2007-07-03,0.0058998523349210125,1.9585434893875588
2007-07-05,-0.0019511724923490187,1.9547257589425089
2007-07-06,0.002047715340969044,1.9587325818827876
2007-07-09,0.0023486486439246155,1.9633383630687242
2007-07-10,-0.01365497230052356,1.936711242139782
2007-07-11,0.0064401912113153156,1.9492242827982287
2007-07-12,0.019014571431026552,1.986642566081602
2007-07-13,0.0017415506090751585,1.9901054191442706
2007-07-16,0.0031381450716484335,1.9963604681497382
2007-07-17,-0.0029136283686311106,1.9905522812137562
2007-07-18,-0.0033098131267996858,1.9839748162383732
2007-07-19,0.006895243948665229,1.9977020786079223
2007-07-20,-0.01186364134385821,1.974142087607616
2007-07-23,0.007592583542508057,1.9891879726225157
2007-07-24,-0.013843511189339327,1.961840356924191
2007-07-25,0.007860087436367949,1.9773213549623883
2007-07-26,-0.021647216250130764,1.9349778153838055
2007-07-27,-0.01268617836119907,1.9105853921491776
2007-07-30,0.0066850454969023775,1.9234005295843193
2007-07-31,-0.011344595700401921,1.901703632169267
2007-08-01,0.01216295978830766,1.9249752157498106
2007-08-02,0.002788108938669835,1.930349745260848
2007-08-03,-0.021141215012100145,1.8899681680880653
2007-08-06,0.027448067668216225,1.9425626486881147
2007-08-07,0.005278826656470827,1.9528442136038422
2007-08-08,0.015343599923896292,1.983038929367402
2007-08-09,-0.02579285445541127,1.9325446895057912
2007-08-10,0.0011010957751522291,1.9346737782488979
2007-08-13,-0.005846097742018782,1.9233964824476213
2007-08-14,-0.011825320207790766,1.900785656770516
2007-08-15,-0.005957756672622228,1.8894949055119457
2007-08-16,0.008834603756443099,1.9062617996802185
2007-08-17,0.024991435164031395,1.9545023068268919
2007-08-20,-0.0018082627672916845,1.9509712465814157
2007-08-21,-0.0019705267656507336,1.947130590821263
2007-08-22,0.004439029140840911,1.9557931727571034
2007-08-23,0.0010968089939863233,1.957939481129358
2007-08-24,0.009684341168653167,1.9769929462677525
2007-08-27,-0.006656529775140102,1.9638767365069845
2007-08-28,-0.019248426825195876,1.926436685848802
2007-08-29,0.017432238220877146,1.9603132029619
2007-08-30,-0.0036540302426773755,1.9531632302968305
2007-08-31,0.008870188794008686,1.9705652222729166
2007-09-04,0.0077026117881015,1.9858023286056377
2007-09-05,-0.010154982149299357,1.965738587294287
2007-09-06,0.0027908999665939827,1.97123242986841
2007-09-07,-0.012972152105810167,1.9458264443750417
2007-09-10,-0.00018670741425508427,1.9454631780643354
2007-09-11,0.01573396622462607,1.9763151051216976
2007-09-12,-2.13273131797214e-06,1.9763108901770734
2007-09-13,0.007097675828378062,1.9903880025047507
2007-09-14,0.00046272991438190103,1.9913092276975262
2007-09-17,-0.0036427920419444125,1.984068498532108
2007-09-18,0.024214065969870767,2.032697237813808
2007-09-19,0.004474311388391289,2.041812535346949
2007-09-20,-0.004294645452920579,2.033062477074113
2007-09-21,0.003418486105463673,2.0400243656835246
2007-09-24,-0.003835320701727254,2.032215202896166
2007-09-25,-0.001087286942729625,2.030006802641184
2007-09-26,0.0050497764353426245,2.0402838096117217
2007-09-27,0.002723162865899118,2.045847406570146
2007-09-28,-0.002683296375089238,2.0403651501888382
2007-10-01,0.012091861602160097,2.0651867303226754
2007-10-02,-0.00043402723623597433,2.0642905775252314
2007-10-03,-0.003206710296065969,2.057681597881084
2007-10-04,0.0026080037041024086,2.0630550430469636
2007-10-05,0.005579678366667668,2.074598400803592
2007-10-08,-0.004234867009292177,2.065831329271954
2007-10-09,0.006287868754939326,2.0788619299608606
2007-10-10,-0.002765204102727907,2.07312139295921
2007-10-11,-0.0015342200373123225,2.0699432072198825
2007-10-12,0.00038534619447206725,2.0707410056619824
2007-10-15,-0.006046646739493633,2.058257745278932
2007-10-16,-0.008102706755561531,2.041647670500323
2007-10-17,0.0030224460724361185,2.0478277752953606
2007-10-18,-0.00419530456014789,2.0392545103944664
2007-10-19,-0.019015322500967175,2.000843781793947
2007-10-22,0.004126641578087708,2.009117606748829
2007-10-23,0.0036868434275290586,2.016538580370324
2007-10-24,-0.00048574572765075036,2.015559293231793
2007-10-25,0.0003116265845286379,2.016187492967043
2007-10-26,0.014759107998875143,2.046165300598579
2007-10-29,0.004486327317161589,2.0553656904307487
2007-10-30,-0.0077899773271603665,2.039416640326549
2007-10-31,0.008782552257972026,2.057406807702061
2007-11-01,-0.02775668243291035,2.001085285559635
2007-11-02,-0.001298938180934762,1.9984876869041819
2007-11-05,-0.004152556018651656,1.9902060616885433
2007-11-06,0.011457284662021765,2.0131395459305597
2007-11-07,-0.027280277078015364,1.9589628784466087
2007-11-08,0.0012683275857236142,1.9614490614186901
2007-11-09,-0.009675423711568792,1.9425627246510524
2007-11-12,0.0010481753613171532,1.944599938529022
2007-11-13,0.030262179932816154,2.00434725412968
2007-11-14,-0.004178051765762101,1.9959904572667393
2007-11-15,-0.012595221649010474,1.9710081740097114
2007-11-16,0.006401746367899368,1.9836665430319473
2007-11-19,-0.016344684955287903,1.951507667603803
2007-11-20,0.0059413397615179254,1.9631367496596528
2007-11-21,-0.016915133765134104,1.9302093001476428
2007-11-23,0.01396886973433113,1.957361342581423
2007-11-26,-0.02221669441577906,1.9143547449150429
2007-11-27,0.014149427450036714,1.9416343084676815
2007-11-28,0.022675918911809947,1.986165636857642
2007-11-29,0.0009577428985193296,1.9880687841090328
2007-11-30,0.008418139837168428,2.0048752655457567
2007-12-03,-0.007462545611831495,1.9899694791606712
2007-12-04,-0.0034359540501091323,1.9831437685983166
2007-12-05,0.017163062812904178,2.0174743559513306
2007-12-06,0.010761768774233314,2.039303196267669
2007-12-07,-0.0035785378923414803,2.0320185145345873
2007-12-10,0.006782726175063353,2.045847987446154
2007-12-11,-0.01652443530012052,2.0123192890807076
2007-12-12,0.006245378642171087,2.0249263118274707
2007-12-13,0.0013913172911964964,2.027745587617305
2007-12-14,-0.012543006427261487,2.00247040643053
2007-12-17,-0.011714174774126883,1.9791499745889882
2007-12-18,0.006163562531740693,1.991386260034802
2007-12-19,-2.3338237146558165e-05,1.9913397851323382
2007-12-20,0.0014032362304318786,1.9941360667289199
2007-12-21,0.012844391974079383,2.0199147332590766
2007-12-24,0.007612794445099148,2.035350609447944
2007-12-26,0.00012387950793540676,2.0356027632979434
2007-12-27,-0.013800351082430494,2.0077036818391165
2007-12-28,0.0022021869226599494,2.012129892514683
2007-12-31,-0.009826040477976734,1.9924554420162282
2008-01-02,-0.014449941375085165,1.9638715925205374
2008-01-03,0.0021742880407401213,1.9681462605334223
2008-01-04,-0.01638612025901965,1.9361587703812406
2008-01-07,0.007989524542959385,1.951689718225907
2008-01-08,-0.0147389322856166,1.923134846712536
2008-01-09,0.014780832115069545,1.9517714954054588
2008-01-10,0.007813291155730012,1.9670809852354754
2008-01-11,-0.01575113445546903,1.9363399666739785
2008-01-14,0.011295599189591773,1.9583360826127676
2008-01-15,-0.020501873893987867,1.9185952955080103
2008-01-16,-0.0070833242401258985,1.9050532808056366
2008-01-17,-0.022737099660388525,1.8622266165807433
2008-01-18,-0.011919713503099874,1.8401611769460327
2008-01-22,-0.013467088649607039,1.8155456847802047
2008-01-23,0.023402755173532883,1.8585355343386758
2008-01-24,0.00632759224674959,1.8703328743925791
2008-01-25,-0.020151823718575216,1.833019485160135
2008-01-28,0.015721074244692643,1.862064229667194
2008-01-29,0.0057440342280615396,1.8727907676453623
2008-01-30,-0.004183208157838632,1.8649728574017919
2008-01-31,0.015559563517200068,1.8942179514662876
2008-02-01,0.007274017986332603,1.9080467614465346
2008-02-04,-0.010851805890684522,1.8874529504770001
2008-02-05,-0.0310786994328573,1.8296955291509296
2008-02-06,-0.005280898866914596,1.8200585604290584
2008-02-07,0.006495239119327131,1.8319187516827409
2008-02-08,-0.007946305683357706,1.8174194495333067
2008-02-11,0.0009473808084999153,1.819142053693009
2008-02-12,0.013171733815961711,1.843261809378927
2008-02-13,0.009705755531522727,1.8612391586353423
2008-02-14,-0.013979363115583319,1.8354012401886097
2008-02-15,-0.0002748802293319252,1.8348967940091077
2008-02-19,-0.004574236236969977,1.8265227097240984
2008-02-20,0.0038750427807946112,1.8336142945878289
2008-02-21,-0.00639539251089532,1.8219250300197907
2008-02-22,0.006612772069733667,1.8340129281800936
2008-02-25,0.01082651928771524,1.8539767790266903
2008-02-26,0.009421555837947975,1.8715266685859169
2008-02-27,0.0027622536622185436,1.8767034464754129
2008-02-28,-0.009215885041978303,1.8594874155855172
2008-02-29,-0.024189868262340118,1.8150463388981317
2008-03-03,0.0001463732846560954,1.8153120326373176
2008-03-04,-0.0028339283401155606,1.8101748510622233
2008-03-05,0.0029655313487492695,1.8155509488831252
2008-03-06,-0.017345067460806704,1.78433162849929
2008-03-07,-0.006650058363931527,1.772505086211395
2008-03-10,-0.011124987503574947,1.7528952710027235
2008-03-11,0.03502145268387897,1.815371834292431
2008-03-12,-0.00522684156224315,1.8059079280533112
2008-03-13,0.00018966742212569025,1.8062504824392982
2008-03-14,-0.020385294540710863,1.769802300000244
2008-03-17,0.006809107584477703,1.7818941950523957
2008-03-18,0.03692443805127295,1.8489194568422627
2008-03-19,-0.01587082727784166,1.8198072043290092
2008-03-20,0.030183378808426857,1.875572493337299
2008-03-24,0.009475680368418055,1.8934292878193584
2008-03-25,-0.00420390394884875,1.8854862006452486
2008-03-26,-0.010653636680206406,1.865505538041404
2008-03-27,-0.009404501566848536,1.8480436272703908
2008-03-28,-0.006845234211296955,1.8354365342888723
2008-03-31,0.008626314652120024,1.851338074595657
2008-04-01,0.03272972616536954,1.9129343793319447
2008-04-02,-0.0048979817167379425,1.903587770162667
2008-04-03,0.001046576141548353,1.90558106259047
2008-04-04,-0.0032182857619531963,1.899458216008188
2008-04-07,0.0029692110910181516,1.9051064897188599
2008-04-08,-0.006317326169533535,1.8931092457865561
2008-04-09,-0.0045615586345935134,1.8844933827821209
2008-04-10,0.003907704039125708,1.8918718321948433
2008-04-11,-0.021804316829583354,1.8510673330993086
2008-04-14,-0.0034284473405758655,1.844731912757105
2008-04-15,0.004599293595668728,1.8532359176460012
2008-04-16,0.017442462244452242,1.8858444752066037
2008-04-17,-0.0010212117795853183,1.8839196116280195
2008-04-18,0.011086781636527489,1.9049224286733912
2008-04-21,-0.001999241628958946,1.901117832874438
2008-04-22,-0.00407901982105051,1.893378929851648
2008-04-23,0.004086105917957297,1.9011313044273632
2008-04-24,0.007944330237964165,1.9162946709815796
2008-04-25,-0.0004593173103332839,1.9154146857791876
2008-04-28,-0.0036338309641280016,1.908467023545099
2008-04-29,-0.000109454599971551,1.9082581444820736
2008-04-30,-0.0016150568069914545,1.9051786865954154
2008-05-01,0.015366219560916149,1.934680163189611
2008-05-02,0.002567398275821055,1.9396536394200958
2008-05-05,-0.008750366160005785,1.9227550023084596
2008-05-06,0.002801978037660917,1.9281500745038702
2008-05-07,-0.01719164159531619,1.8952853184689773
2008-05-08,5.6751193552465965e-05,1.8953928812250513
2008-05-09,-0.009684652463524021,1.8771252604480813
2008-05-12,0.005742039342559105,1.8879347922227607
2008-05-13,-0.001655808236358296,1.8848113208925035
2008-05-14,0.00523068725627356,1.8946960087674745
2008-05-15,0.008498745011533868,1.910867166960389
2008-05-16,-0.001511943336697774,1.907980227074706
2008-05-19,0.001192261879631451,1.910256395791505
2008-05-20,-0.015010840426941762,1.8817959836148757
2008-05-21,-0.014191893374863072,1.855278348462044
2008-05-22,0.006531269888099243,1.8674353291187544
2008-05-23,-0.010904416215040558,1.847182659485371
2008-05-27,0.004434196866783047,1.8553916176643122
2008-05-28,-0.0010376215706448231,1.853467421766057
2008-05-29,0.008136458242112232,1.8686096003615666
2008-05-30,-0.0005829280650216966,1.8675206528028294
2008-06-02,-0.009945488706076817,1.8490393026083363
2008-06-03,-0.005794349904854408,1.8383563023117462
2008-06-04,-0.0016998252589537678,1.835234072208699
2008-06-05,0.017488730434004316,1.867612287872775
2008-06-06,-0.029022481133598024,1.8141885402063636
2008-06-09,-6.62625811431401e-05,1.814068331373727
2008-06-10,0.004241574556871783,1.8217791789595188
2008-06-11,-0.016782246380318916,1.7914607491866328
2008-06-12,0.005006797135103539,1.800452721439533
2008-06-13,0.009375609368652506,1.817412442469493
2008-06-16,-0.004924017661770726,1.8084854678313513
2008-06-17,-0.007744924882447114,1.7945329839453956
2008-06-18,-0.012332368653934138,1.7725380452339854
2008-06-19,0.0014641322693088378,1.7751351761922598
2008-06-20,-0.019292121089739617,1.7412172794815481
2008-06-23,-0.00156616794717543,1.738492375175237
2008-06-24,0.0022712888257566274,1.7424454811038723
2008-06-25,0.009348187999188804,1.7588105617883556
2008-06-26,-0.030347894296565783,1.7062361609512302
2008-06-27,-0.01080373120524368,1.6879016629240136
2008-06-30,0.0028045088584545052,1.6926420422006911
2008-07-01,0.0030319485065885485,1.6977818335667243
2008-07-02,-0.0077855327032195516,1.6846150194179104
2008-07-03,0.004951199707366877,1.6929765675749662
2008-07-07,-0.007459162482388408,1.6803953612435412
2008-07-08,0.02275601513124162,1.7190728674317524
2008-07-09,-0.023242902710175876,1.6795773967589855
2008-07-10,0.005455131797979951,1.6887647491488487
2008-07-11,-0.011732123391733677,1.6690677226338257
2008-07-14,-0.008405925539170156,1.6550964665734313
2008-07-15,-0.007724869487125944,1.642360318256571
2008-07-16,0.031277648140500575,1.6945412813671121
2008-07-17,0.017788521869091238,1.7249543659516133
2008-07-18,0.004595539607960407,1.7328997046384667
2008-07-21,-0.0008527946375657681,1.731422527017013
2008-07-22,0.023570952040545403,1.772718586122913
2008-07-23,0.015608769889527183,1.8006056175581315
2008-07-24,-0.026893901220062084,1.7528256822030162
2008-07-25,-0.001155441835940382,1.7508015636794905
2008-07-28,-0.027615448947832737,1.7031138814227464
2008-07-29,0.027837983607120417,1.7511912210634726
2008-07-30,0.014971944071208982,1.7776072140208545
2008-07-31,-0.011268577961444868,1.7576885468454708
2008-08-01,0.000749658522745902,1.7590067070682365
2008-08-04,0.0004324933120796451,1.7597676302401772
2008-08-05,0.030632575365617934,1.8145079833740336
2008-08-06,0.0015331394640680789,1.817292010777026
2008-08-07,-0.02512291269211882,1.7722050712770667
2008-08-08,0.02422201183080531,1.815655548095261
2008-08-11,0.006171855423933056,1.8268961636836605
2008-08-12,-0.015597648019467291,1.7986219591254287
2008-08-13,-0.011337243636081724,1.7783456993943172
2008-08-14,0.007295088954271469,1.7913663250293652
2008-08-15,0.007736239141959093,1.8052785079112827
2008-08-18,-0.015934888908613522,1.7767395816312828
2008-08-19,-0.012518750265106179,1.754635667885461
2008-08-20,0.005836652768815025,1.7649068124082532
2008-08-21,-0.002127991158649483,1.7611550995372722
2008-08-22,0.017829869000113106,1.7928378747807403
2008-08-25,-0.0218195556019065,1.7541426406913099
2008-08-26,0.001294666327958256,1.7564151408499435
2008-08-27,0.007897629111575915,1.7703415767254989
2008-08-28,0.01750529667458883,1.8016047686243508
2008-08-29,-0.015064800911298849,1.7746673642290718
2008-09-02,0.004888671399657104,1.7833643708994844
2008-09-03,0.005013910793335211,1.7923284545458347
2008-09-04,-0.029210026672789213,1.7407317319883469
2008-09-05,0.008188842776172343,1.7550448343466256
2008-09-08,0.031266059527787445,1.8107850178212894
2008-09-09,-0.027699424371168638,1.7613156151003069
2008-09-10,0.000765414241482929,1.7626642672287807
2008-09-11,0.010517864052628764,1.7813015708618325
2008-09-12,-0.00934172614093659,1.7647386231242377
2008-09-15,-0.06122362029417716,1.6599358719111077
2008-09-16,0.013382190010225937,1.6822987475460132
2008-09-17,-0.04604406552499075,1.6065950998309622
2008-09-18,0.04381345050115294,1.6785503688343044
2008-09-19,0.043627287865104926,1.7534018812633823
2008-09-22,-0.03441989497171776,1.694076810908618
2008-09-23,-0.013337155680527745,1.6716326480893773
2008-09-24,-0.0022362255683843414,1.66789867697765
2008-09-25,0.025956293809058808,1.7117578940345284
2008-09-26,0.01538588865684779,1.7382984619438053
2008-09-29,-0.07593687791295839,1.611184884509553
2008-09-30,0.06086117425095902,1.7122889380047488
2008-10-01,-0.0014292516179673707,1.7098433943346065
2008-10-02,-0.020927716114482096,1.6744321082607696
2008-10-03,-0.013526285490312559,1.651935750602546
2008-10-06,-0.03048160686700659,1.6023417862162517
2008-10-07,-0.053479284947368214,1.5189007624563795
2008-10-08,-0.015767868050240094,1.495138765983195
2008-10-09,-0.07519153788932088,1.3868395935286966
2008-10-10,-0.00589859293495072,1.378683270364331
2008-10-13,0.09615781494119725,1.517837624785601
2008-10-14,-0.0037559730585445196,1.5121473604888946
2008-10-15,-0.06962382109740672,1.4104473344532895
2008-10-16,0.04472975048705534,1.474968543374805
2008-10-17,-0.01578196164965549,1.4518733693226045
2008-10-20,0.04186892239378207,1.513952262466888
2008-10-21,-0.026789368892759072,1.473932877223715
2008-10-22,-0.05388972115661815,1.3966053382396406
2008-10-23,0.01684224972131138,1.4203265123483106
2008-10-24,-0.03443386121330867,1.3722516381843886
2008-10-27,-0.013749004660660735,1.3535136535118717
2008-10-28,0.10285481902602271,1.5001404493230721
2008-10-29,-0.0227522757795916,1.4663941978831039
2008-10-30,0.014510565642487152,1.4878275360030166
2008-10-31,0.004686695751823137,1.4948168967054978
2008-11-03,0.007706461183912555,1.5063811475893853
2008-11-04,0.03469987240338756,1.5595698652049854
2008-11-05,-0.05091715379536757,1.4821487634229613
2008-11-06,-0.039571075736719585,1.4246438124157168
2008-11-07,0.029719122737876927,1.4676183972382186
2008-11-10,-0.0032987644563237965,1.4627850462601493
2008-11-11,-0.015709746582571023,1.4399846272006795
2008-11-12,-0.04271648392450937,1.379768807105623
2008-11-13,0.06246056320580198,1.4686983278558265
2008-11-14,-0.039584211691554495,1.4116966876722672
2008-11-17,-0.022755323495793286,1.3799358078959556
2008-11-18,0.011076935058408337,1.3953062386962891
2008-11-19,-0.05406460920014356,1.321872521057811
2008-11-20,-0.05144478186948725,1.2555886746306135
2008-11-21,0.061595787178469086,1.3353591918617147
2008-11-24,0.047278081046203936,1.4000086207533755
2008-11-25,0.002732675276210967,1.4038396217546458
2008-11-26,0.026588915998823813,1.4416668596230062
2008-11-28,0.010701623415752017,1.4571778839836869
2008-12-01,-0.07314720115096288,1.3543943873594366
2008-12-02,0.037244731296902665,1.4057896018423592
2008-12-03,0.0281118041181169,1.4458696048788167
2008-12-04,-0.028577289198433962,1.4051353800336952
2008-12-05,0.029024475299784712,1.4465163222612192
2008-12-08,0.03185549315305803,1.493337611341794
2008-12-09,-0.02783080243008203,1.4523498342505174
2008-12-10,-0.0036645874119117412,1.4470373113776969
2008-12-11,-0.01823880110578808,1.4208843103423152
2008-12-12,0.006651994301795537,1.430367530874111
2008-12-15,-0.008657063066988518,1.4180381938758297
2008-12-16,0.03857878287370625,1.4738133325008684
2008-12-17,-0.014135297453905734,1.4531270901848308
2008-12-18,-0.020559778031931916,1.4235561474084253
2008-12-19,-0.002006637421071822,1.4207024504971004
2008-12-22,-0.003921844603082589,1.4151415878062699
2008-12-23,-0.009144050643138479,1.4022604441283986
2008-12-24,0.0033362493820665467,1.4069465473264893
2008-12-26,0.004070920330376479,1.412685788700872
2008-12-29,-0.003087523828027225,1.408330814170152
2008-12-30,0.01471373799011045,1.429205822869219
2008-12-31,0.010966441769866917,1.444965380497943
2009-01-02,0.0242426121668814,1.4804231740395142
2009-01-05,-0.01372070468909128,1.4602494402629063
2009-01-06,0.001177147694190681,1.4619693816383603
2009-01-07,-0.021854901700792236,1.4303647999749287
2009-01-08,-0.0047508929365605536,1.4235854067870877
2009-01-09,-0.014828789047417083,1.40263110652189
2009-01-12,-0.011806673713919517,1.3861680767582885
2009-01-13,0.003546795387819929,1.391093260445938
2009-01-14,-0.02852544050187792,1.351972335906371
2009-01-15,-0.0011253657625205924,1.3504517283080124
2009-01-16,0.008267731519581127,1.3616631834146626
2009-01-20,-0.030189484884506953,1.321169589155708
2009-01-21,0.025931062028023977,1.3558769745975208
2009-01-22,-0.014579247174959628,1.3362527101478732
2009-01-23,-0.004605522665029341,1.3301127177949146
2009-01-26,0.010453257174725866,1.3440896530828446
2009-01-27,0.005886441432966433,1.35202489034797
2009-01-28,0.018511746128262466,1.3772863271412616
2009-01-29,-0.02245210706250138,1.3467079065849639
2009-01-30,-0.024710700184867675,1.3138376079012084
2009-02-02,0.0015596840799456586,1.3158883783631785
2009-02-03,0.019102244416875146,1.3412664168488293
2009-02-04,-0.011913664853120358,1.3253818279954033
2009-02-05,0.013852028951480527,1.3438688008866615
2009-02-06,0.025184704435136616,1.37814352726513
2009-02-09,-0.0062582435081665,1.3695457011884904
2009-02-10,-0.04131118049980584,1.3141208663755604
2009-02-11,0.010073848068984252,1.3274260248805887
2009-02-12,0.00876801871757122,1.3391160955998807
2009-02-13,-0.009686525061038304,1.3262073354289279
2009-02-17,-0.029720560143603927,1.2873716779245004
2009-02-18,0.005257424176479372,1.2941577599330536
2009-02-19,-0.0048498577198275205,1.2878964743751165
2009-02-20,-0.00874284654877796,1.2766856717029296
2009-02-23,-0.03242992258542702,1.2359470005220416
2009-02-24,0.025983741467484563,1.268482392948811
2009-02-25,-0.008048663576118806,1.2583137816756518
2009-02-26,-0.01287961026424558,1.2422111112351013
2009-02-27,-0.012808496389081636,1.2264017181166782
2009-03-02,-0.034961991753748464,1.1842651525071937
2009-03-03,-0.006531314053006263,1.1765555492007231
2009-03-04,0.01845868385328218,1.1984748948901685
2009-03-05,-0.028532604366288038,1.1647625228572667
2009-03-06,0.004413903358338537,1.169915035048672
2009-03-09,-0.020694920950019447,1.1459525420441257
2009-03-10,0.04670540715538683,1.2007442978904788
2009-03-11,0.004683940336872484,1.206381704873895
2009-03-12,0.030923547590797296,1.2442701096472966
2009-03-13,0.008350499554254856,1.2547038896512963
2009-03-16,-0.0028493566519804483,1.2511338793087707
2009-03-17,0.02239041427285624,1.2794632548827596
2009-03-18,0.009837475679086018,1.2921120576717184
2009-03-19,-0.005531466072250576,1.2849845147176886
2009-03-20,-0.007149503901902316,1.2758302760419151
2009-03-23,0.052493465903450644,1.3445920109752194
2009-03-24,-0.01282811588353968,1.3274535906881209
2009-03-25,0.007751651157091862,1.337783533180204
2009-03-26,0.016739716771249843,1.3603661364830868
2009-03-27,-0.015282593686404,1.3397342693351177
2009-03-30,-0.022511040395973885,1.309912377321552
2009-03-31,0.008423635154613602,1.3209932061800105
2009-04-01,0.01926076001556743,1.346683149025433
2009-04-02,0.018573305727685122,1.371929232733422
2009-04-03,0.0019530193232055735,1.3746112552033758
2009-04-06,-0.0029363882250003767,1.3705807833107668
2009-04-07,-0.019993795241388744,1.3434498012168092
2009-04-08,0.004103893649787932,1.3489745049692619
2009-04-09,0.018259195138084487,1.373831941468742
2009-04-13,-0.0037719847952454575,1.3686596293482172
2009-04-14,-0.015205084171909038,1.3480064589850733
2009-04-15,0.011772517088987777,1.3639696672664863
2009-04-16,0.012538622904637536,1.3811796377683703
2009-04-17,0.0024610620457129976,1.38458299276931
2009-04-20,-0.03181967093214966,1.3412195810028533
2009-04-21,0.008707985235901716,1.352949900913845
2009-04-22,-0.012084436620026404,1.3366986549307467
2009-04-23,0.004620155032995503,1.3428886984182444
2009-04-24,0.006974334779156652,1.3522871897885356
2009-04-27,-0.002487022443527714,1.3489281998704512
2009-04-28,0.0026946694044983977,1.3525680172693322
2009-04-29,0.012414695590289557,1.3694644021946878
2009-04-30,-0.0006507166430359497,1.3685735587908834
2009-05-01,0.0038263969876366427,1.3738202961820818
2009-05-04,0.020174299227833068,1.4018176215573872
2009-05-05,-0.0038025067903610264,1.396497322180363
2009-05-06,0.007419433177828839,1.4068970731669819
2009-05-07,-0.00962860383045287,1.3934156265288653
2009-05-08,0.009410829535918055,1.4065907205084676
2009-05-11,-0.009506889689610084,1.3932817812383265
2009-05-12,0.011665117399809844,1.4096297418487798
2009-05-13,-0.012215983481764487,1.3925144809216998
2009-05-14,0.007559441824201956,1.4030810013089177
2009-05-15,-0.007184223659612448,1.3930370756867885
2009-05-18,0.023009065181129038,1.4254611499039413
2009-05-19,0.0011904411188923504,1.4271590879172653
2009-05-20,-0.0021723055326743524,1.4240622272162111
2009-05-21,-0.014614761269709172,1.4034012431561897
2009-05-22,-0.0016468622113596785,1.4010919367581145
2009-05-26,0.017330545451500326,1.4255852524707056
2009-05-27,-0.02153807317716284,1.3952091881805384
2009-05-28,0.013866454335648907,1.4146905492257897
2009-05-29,0.014737283336969257,1.4356936287180562
2009-06-01,0.013664597421354924,1.455446454022736
2009-06-02,0.00556534469325162,1.4635690969104396
2009-06-03,-0.0057016585015906745,1.4552480700952963
2009-06-04,0.004906691397193454,1.4624060699687138
2009-06-05,-0.0014105905316563435,1.460344668051801
2009-06-08,-0.0019068642411511668,1.4575626423401953
2009-06-09,-0.001217827484532769,1.455788662913626
2009-06-10,-0.002967266029455955,1.451475353201558
2009-06-11,0.007492204724256914,1.462390943558302
2009-06-12,0.004948518228332768,1.4696455467634293
2009-06-15,-0.019117688021801683,1.4418161858163032
2009-06-16,-0.009848075574784232,1.427686759079145
2009-06-17,0.0020239905862391725,1.4305793098999817
2009-06-18,0.010035808264384657,1.4450086133156872
2009-06-19,-0.001406508257121885,1.4429776254048992
2009-06-22,-0.016024799038162073,1.4200384873641627
2009-06-23,0.0013602532352922914,1.4219714136474153
2009-06-24,0.0036515029683486773,1.427173237943821
2009-06-25,0.016868426700522285,1.4514515982825298
2009-06-26,-0.00205455743913753,1.4484725689450983
2009-06-29,0.008002264850503397,1.4601101313968812
2009-06-30,-0.009003520326983849,1.4470230036665976
2009-07-01,0.010105173426983633,1.4617195525986322
2009-07-02,-0.019873647154089503,1.4329566129117066
2009-07-06,0.004195539917118258,1.4389812690859667
2009-07-07,-0.014034521126013317,1.4189269118857162
2009-07-08,-0.002471314174650698,1.4154246271010815
2009-07-09,-0.0011447592408829982,1.4138052337640254
2009-07-10,-0.004506976574359875,1.4074475843450647
2009-07-13,0.021585113716819315,1.4381577493488027
2009-07-14,0.004258985150545426,1.4442959037232816
2009-07-15,0.027039477888475844,1.483881688508004
2009-07-16,0.007195259061641321,1.4945971055447909
2009-07-17,0.0022758127338318385,1.498002402108418
2009-07-20,0.00606185066394079,1.5071106474848914
2009-07-21,0.006116329958027995,1.51635688117149
2009-07-22,-0.004341898751124537,1.5097872857029302
2009-07-23,0.016004174535422314,1.5341445741916548
2009-07-24,0.0021872598689734275,1.5375038194839479
2009-07-27,0.0009357836927009884,1.5389432638849425
2009-07-28,-0.0030309764476474216,1.5342858249572762
2009-07-29,0.001120887006987905,1.5360065501925977
2009-07-30,0.009578208111561903,1.5507894242959386
2009-07-31,-0.0020053769844888994,1.5476826230716783
2009-08-03,0.005567205632248489,1.5563229193244832
2009-08-04,0.0039776560937820225,1.5625257648833253
2009-08-05,-0.009358190792981438,1.5479715573979718
2009-08-06,-0.007383500184591164,1.5365842001282217
2009-08-07,0.005515543835870696,1.545082713057249
2009-08-10,-0.0011045517516369968,1.5433770314203534
2009-08-11,-0.010579899935490656,1.527134331444702
2009-08-12,0.007647101283353878,1.5388572483893257
2009-08-13,0.0007041039672161727,1.5399411454262182
2009-08-14,-0.0025464152865465072,1.5360248041849298
2009-08-17,-0.013013402636880333,1.51616539445818
2009-08-18,0.004870662398495177,1.5235681377317032
2009-08-19,0.009101671249170173,1.5374984524535853
2009-08-20,0.006348839637987471,1.547290835815284
2009-08-21,0.013975684005741304,1.5690670982395059
2009-08-24,-0.00020037181322082873,1.5687527329159932
2009-08-25,-0.00024845320681911754,1.5683630196835499
2009-08-26,0.0026757057534251153,1.5725651169196104
2009-08-27,-0.0014987776171691474,1.5702099568922703
2009-08-28,-0.004041719745783615,1.5638764161246566
2009-08-31,-0.0026576855394344167,1.559725642556681
2009-09-01,-0.016135249097824222,1.5347610275486607
2009-09-02,1.6212535508216526e-05,1.5347859101180208
2009-09-03,0.001891160176510205,1.5376911824124486
2009-09-04,0.011846510168442164,1.556015783622697
2009-09-08,0.00873058346226347,1.5696601844120701
2009-09-09,0.0025447583881541154,1.5736596770457938
2009-09-10,0.007965040132795117,1.5862439902778394
2009-09-11,0.0009260103230004336,1.5877135488958476
2009-09-14,0.0028027036317343997,1.5921696811175081
2009-09-15,0.0018197001657087304,1.5950695902324148
2009-09-16,0.007464344280891507,1.6070202853698814
2009-09-17,-0.0016132947950836432,1.604429778095715
2009-09-18,0.007500711400884295,1.6165093890280495
2009-09-21,-0.0024503438514129334,1.6125532341352586
2009-09-22,0.0023746781875938843,1.6163870793994368
2009-09-23,-0.0043108849034751,1.609434018431275
2009-09-24,-0.0014575752771169384,1.6070898560074753
2009-09-25,-0.003119323920435238,1.6020846326922267
2009-09-28,0.009672418764737213,1.6176558504276777
2009-09-29,-0.004428639411842233,1.610507676000173
2009-09-30,-0.001341610548243144,1.6083484506576418
2009-10-01,-0.018544284626257738,1.5787976255157619
2009-10-02,0.0010105650716098699,1.5803939096899147
2009-10-05,0.006421638153317376,1.5905752830777626
2009-10-06,0.012017681848180249,1.609805631445446
2009-10-07,0.0027392561369948046,1.6142213465269515
2009-10-08,0.0017897757058952682,1.617113027635292
2009-10-09,0.005874969805389561,1.6266414801234714
2009-10-12,0.004471556958422627,1.6339313866221474
2009-10-13,-0.0017150109669637665,1.6311315779123932
2009-10-14,0.009717432651746825,1.64705925188111
2009-10-15,0.007122832129622104,1.6588328593771455
2009-10-16,-0.006350064378978233,1.6483325380682508
2009-10-19,0.005809910722805901,1.6579370766950996
2009-10-20,-0.0051191389199503595,1.6494715530617063
2009-10-21,-0.007035951693966241,1.6379066835349576
2009-10-22,0.005397818830089081,1.6467717114559837
2009-10-23,-0.0068567429604918,1.6355188442127389
2009-10-26,-0.007675696351764498,1.623013154524367
2009-10-27,0.004330728945717161,1.6300572265458255
2009-10-28,-0.005578238267661229,1.6209896928905079
2009-10-29,0.014832731314397978,1.6452125992947253
2009-10-30,-0.021057601056165737,1.6109305840024721
2009-11-02,0.004933167352993405,1.6188972083565998
2009-11-03,-0.007316574049707756,1.6070956531759264
2009-11-04,0.00543972981693799,1.6158616400032042
2009-11-05,0.015442934435197524,1.6410089598036397
2009-11-06,0.005741201796281517,1.6504574201974131
2009-11-09,0.016193027362218018,1.6774008817239126
2009-11-10,0.0022652045617915935,1.6812048446036216
2009-11-11,0.005225716507539804,1.690013339816771
2009-11-12,-0.006196019783965357,1.6795743571961208
2009-11-13,0.004114219680356699,1.6864987294982312
2009-11-16,0.010222116796404553,1.7038267300250507
2009-11-17,0.0042147523774113725,1.7110230925761114
2009-11-18,0.00182206908746794,1.7141435368302393
2009-11-19,-0.006451638573332648,1.703120100118816
2009-11-20,-0.000977150817348763,1.7014567077459042
2009-11-23,0.013987910995071715,1.7254237664931849
2009-11-24,0.0010441271938624293,1.7272262692260194
2009-11-25,0.0035050121492924452,1.7332908402731748
2009-11-27,-0.012210668743404044,1.7122548928512122
2009-11-30,0.0006717791756844802,1.7134055364776344
2009-12-01,0.015580173693494978,1.740309734150828
2009-12-02,-9.894997046476532e-05,1.7401375390735236
2009-12-03,-0.0042977173905026445,1.7326749672087927
2009-12-04,0.0035392661841489085,1.7388182300368011
2009-12-07,0.0001442412548755861,1.7390690574496976
2009-12-08,-0.009423457736313805,1.7227579877282184
2009-12-09,0.0012397337463195281,1.7248950733772312
2009-12-10,0.005517166383757161,1.734437906985692
2009-12-11,0.0013757440195458818,1.736825691677148
2009-12-14,-0.00026033034917201516,1.7363736020872564
2009-12-15,-0.00690403880658216,1.7244268990603862
2009-12-16,-0.0030647107955936374,1.7191501193586405
2009-12-17,-0.009543816403729775,1.702820911673642
2009-12-18,0.004099564669722753,1.7098160648664884
2009-12-21,0.007222984465854097,1.7222107491611494
2009-12-22,0.0022272802371929613,1.7260508700522232
2009-12-23,0.0007265916788264995,1.7273054599837414
2009-12-24,0.0039052036708349938,1.734064128004821
2009-12-28,0.003128159984164362,1.7394970511160879
2009-12-29,0.0007324058703250217,1.740771535630737
2009-12-30,-5.154527490075024e-05,1.7406818093958951
2009-12-31,-0.011128338787295067,1.7214182967464724
2010-01-04,0.01263430004900264,1.7433051836239857
2010-01-05,-0.0033800602476709496,1.7374226543255409
2010-01-06,-0.0046609863986621465,1.7293433942523415
2010-01-07,-0.003153832011735446,1.723897927254016
2010-01-08,0.0010357596280756915,1.725684396146457
2010-01-11,0.002821983641058241,1.7305611270731027
2010-01-12,-0.0009033869975845685,1.72899846660223
2010-01-13,0.006736577636473906,1.7406853195046035
2010-01-14,0.0034463641140676676,1.746694704239577
2010-01-15,-0.011482473335333674,1.7267530378036493
2010-01-19,0.013226163247689056,1.7497430550922755
2010-01-20,-0.011571883562628569,1.7296119343304461
2010-01-21,-0.01694338726405429,1.7005533203571483
2010-01-22,-0.017783821556928116,1.6705783086872596
2010-01-25,0.0025710830229182147,1.6748790306025838
2010-01-26,-0.0035671450201281082,1.6689151375688942
2010-01-27,0.004579760449510373,1.6765758979433505
2010-01-28,-0.009407686358792293,1.6608771579339132
2010-01-29,-0.006493552383946645,1.650127105892663
2010-02-01,0.00877382354781197,1.6646687294866118
2010-02-02,0.011941788781806042,1.6846670218813649
2010-02-03,-0.004397128689317274,1.6772755866427616
2010-02-04,-0.024665863915628108,1.6364101972116365
2010-02-05,0.004059659214330262,1.6430669679150078
2010-02-08,-0.008687619895471092,1.6288544524912174
2010-02-09,0.01122669776422972,1.6472441437333079
2010-02-10,-0.0027569691847289805,1.6427089968919464
2010-02-11,0.006354942301899712,1.653181558804595
2010-02-12,-0.0022642374635006035,1.6494425977304503
2010-02-16,0.014293085611682242,1.673187511795613
2010-02-17,0.0028869514828317967,1.6780249022598697
2010-02-18,0.005682150251318098,1.6875868323145737
2010-02-19,-0.0011031283426286309,1.685726233877315
2010-02-22,-0.000541721297498646,1.6848132873782786
2010-02-23,-0.009543414811483554,1.668810895482505
2010-02-24,0.008305420307960045,1.6827287883544386
2010-02-25,-0.005253753113022322,1.6739113294020176
2010-02-26,-0.0011613946890267847,1.6719683861545256
2010-03-01,0.006979561434319755,1.683678811499787
2010-03-02,-0.0010368717649150126,1.681933957230345
2010-03-03,-0.0010072916668288068,1.6802406121604367
2010-03-04,0.003870143460310061,1.686755983956838
2010-03-05,0.007776422176568246,1.699924044436715
2010-03-08,0.00044529277005648263,1.7006811768836394
2010-03-09,0.0007552680015205718,1.7019661321390405
2010-03-10,0.0004047062843957295,1.7026550679274641
2010-03-11,0.004727248674575963,1.7107229963681847
2010-03-12,-0.0016570945156959866,1.7078905141665464
2010-03-15,0.004520063912711946,1.7156277616998834
2010-03-16,0.0036028812976835064,1.7218201133317923
2010-03-17,0.0038110485330333146,1.7283945731843051
2010-03-18,0.0015239137194601254,1.73103050534349
2010-03-19,-0.002841837095274317,1.726118181957773
2010-03-22,0.0036304471279525723,1.73239615177734
2010-03-23,0.009698475521729706,1.7492794924447395
2010-03-24,-0.00731330413512799,1.736533145266773
2010-03-25,-0.00032764417914910065,1.7359642734886793
2010-03-26,-0.0013014949452615676,1.7337063943894129
2010-03-29,0.00330858343873381,1.739452006330472
2010-03-30,0.0014713674019866038,1.742013263122706
2010-03-31,-0.002942166922534951,1.736895501667324
2010-04-01,0.0030445095026100885,1.742191554377817
2010-04-05,0.0026651049208712323,1.746840870368028
2010-04-06,-0.001633284922573601,1.7439901101978512
2010-04-07,-0.004503248405418696,1.7361541464030508
2010-04-08,0.001114560417244056,1.7380902738579491
2010-04-09,0.0069649784894027685,1.7502382914593932
2010-04-12,0.0005962822881034767,1.7512822387652636
2010-04-13,0.0021624229898212985,1.7550733492549828
2010-04-14,0.004399445186817152,1.7628117080150743
2010-04-15,-0.0010304661469992867,1.7609961258350755
2010-04-16,-0.008936897651679054,1.745328398410911
2010-04-19,0.006973129156303453,1.7575413304421097
2010-04-20,7.160842785796996e-05,1.7576671897199168
2010-04-21,-0.0033582211657838187,1.7517744546528244
2010-04-22,-0.002819013190764935,1.746843133353508
2010-04-23,0.004952256465084338,1.7555154044857024
2010-04-26,-0.003161564858064336,1.7499739930566693
2010-04-27,-0.014687264196484098,1.724459490458897
2010-04-28,0.00525269519598376,1.7335413818623888
2010-04-29,0.006345886007448981,1.7445772169018159
2010-04-30,-0.01006886845706424,1.7270994367870278
2010-05-03,0.010463648043739893,1.7452660763393035
2010-05-04,-0.015026841700593844,1.7192363017406362
2010-05-05,0.0010511703900843619,1.7210444622104621
2010-05-06,-0.029875500342903722,1.6703878611613634
2010-05-07,-0.009627978468468055,1.6543825757098962
2010-05-10,0.031405264477789144,1.7071633572209521
2010-05-11,-0.004034321307598489,1.7002899857303304
2010-05-12,0.011929146474931679,1.7206944560071564
2010-05-13,-0.009585106651413983,1.7042802079612873
2010-05-14,-0.011596884709022478,1.6846300275413069
2010-05-17,0.0023439452249104653,1.6885833394133618
2010-05-18,-0.009247103176767753,1.6730408075012766
2010-05-19,-0.0040494167822179615,1.6662796665558217
2010-05-20,-0.033634079403133885,1.6111678961151117
2010-05-21,0.006916090365238479,1.6223495008023117
2010-05-24,-0.008667264332489556,1.6083489298091582
2010-05-25,-0.005133105912664169,1.6001142572123463
2010-05-26,-0.009820655179997029,1.584476996594027
2010-05-27,0.0234347133048763,1.6220472655829075
2010-05-28,-0.00665738217193642,1.6112845425661
2010-06-01,-0.005286936383419933,1.6027882631288481
2010-06-02,0.018742215409665523,1.6331113391955951
2010-06-03,0.0035939730436335953,1.6389912571301293
2010-06-04,-0.02726633789584187,1.5949057244799532
2010-06-07,-0.007668078984405873,1.5827226315678455
2010-06-08,0.010572371161816292,1.5995445296614086
2010-06-09,-0.0068976327382480485,1.5885494226455124
2010-06-10,0.020244771060106602,1.6210369840662142
2010-06-11,0.003430286084123063,1.626607152848786
2010-06-14,-0.0012175558122294466,1.6246278730419514
2010-06-15,0.016523918783160993,1.651696112877643
2010-06-16,-0.0003819741957146777,1.6510653280627923
2010-06-17,0.0017170916723708084,1.6539027939855362
2010-06-18,-0.0006905862856198206,1.6527610256884018
2010-06-21,-0.004274830558379033,1.6457108322775784
2010-06-22,-0.006493731931456277,1.6350586509333724
2010-06-23,-0.0010185109283790809,1.6333941736169135
2010-06-24,-0.012347114303280076,1.6133504646756627
2010-06-25,-0.00981362164802026,1.5975950887250316
2010-06-28,0.005739498183803408,1.6067908471107466
2010-06-29,-0.01971659865089463,1.5754206697025706
2010-06-30,-0.01054200651916302,1.5588998092434958
2010-07-01,-0.003581001237777375,1.553327370506909
2010-07-02,-0.0012346774404978801,1.5514106957258789
2010-07-06,0.007479519533103925,1.5630580061724775
2010-07-07,0.025657746935054064,1.6036814777370516
2010-07-08,0.009914611703816441,1.6196604385880768
2010-07-09,0.0021670808846326484,1.6231741796695884
2010-07-12,0.003940680654906446,1.6295832104369383
2010-07-13,0.009390086860149506,1.644957206945028
2010-07-14,0.0028167646096703626,1.6495971960005849
2010-07-15,0.0004208725572384257,1.6502916123110127
2010-07-16,-0.020985966054792353,1.6160195228151535
2010-07-19,0.004098387269118925,1.6226561871749219
2010-07-20,0.0036271455322264695,1.6285524842139076
2010-07-21,-0.00924387951450386,1.6135677067087806
2010-07-22,0.015296145418027053,1.638438804026461
2010-07-23,0.007426724371914585,1.6506523345489694
2010-07-26,0.007529932392066168,1.6631285486051726
2010-07-27,0.004907283874269866,1.6713100505703922
2010-07-28,-0.003981817649819071,1.6646684303481905
2010-07-29,-0.004039338025278128,1.6579578341654837
2010-07-30,-0.002011365180375843,1.6546264269686561
2010-08-02,0.020354826501438734,1.688651169934306
2010-08-03,0.0006841010318793979,1.689806773171758
2010-08-04,0.004484129718247613,1.6974011001899811
2010-08-05,-0.0009442065695413589,1.6957991593205959
2010-08-06,-0.0014966781005103125,1.693262992242267
2010-08-09,0.007447796352492674,1.7059211493559605
2010-08-10,-0.002715720512273673,1.7012946293094633
2010-08-11,-0.020196127996031037,1.6672797062563864
2010-08-12,-0.005912722670504076,1.6574506306737407
2010-08-13,-0.004383436787082631,1.6502012009228544
2010-08-16,0.0008948445731476018,1.6516785354058934
2010-08-17,0.010324409983598693,1.6688194745491056
2010-08-18,0.00034077764824297027,1.6693882678354992
2010-08-19,-0.012843620547939794,1.6480843807513141
2010-08-20,-0.00481953779536313,1.6401604858817174
2010-08-23,0.0011065048119937736,1.641976335789848
2010-08-24,-0.010166339381182726,1.625368013072089
2010-08-25,0.002946031130122799,1.6301634581333768
2010-08-26,-0.008537499831836982,1.6163051795852086
2010-08-27,0.011434796198873741,1.6348933734728637
2010-08-30,-0.012253053813406838,1.6149831665119978
2010-08-31,0.0005120536804162089,1.6158103363458258
2010-09-01,0.02215220366209551,1.6520034950602032
2010-09-02,0.003139309713626785,1.65719779467087
2010-09-03,0.009311813210601854,1.6727013822175272
2010-09-07,-0.004412502656021537,1.6653368428994835
2010-09-08,0.004726449152924664,1.6732266033982004
2010-09-09,0.007520452890357467,1.6858574605967636
2010-09-10,0.005509590400697478,1.6951714793316888
2010-09-13,0.007961153772665576,1.7087208629497217
2010-09-14,0.001468351305229722,1.7112317084095845
2010-09-15,0.004991947818827792,1.7197954448830008
2010-09-16,0.0019674881071302954,1.7231824528238313
2010-09-17,0.004000442650928688,1.7300897523194234
2010-09-20,0.011378251121392489,1.7498875666428286
2010-09-21,-0.0012571107929702507,1.7476891462148598
2010-09-22,0.0014913153406738227,1.7502974462648684
2010-09-23,-0.006479388236626914,1.738993251263144
2010-09-24,0.01280490547395535,1.761404073479287
2010-09-27,-0.002422285600383887,1.7571426130763907
2010-09-28,0.0023786001763917227,1.7613271274762372
2010-09-29,-0.003323748032015827,1.7554826380880881
2010-09-30,-0.004786741346327886,1.7470996763029678
2010-10-01,0.004528551636147985,1.7550294490414262
2010-10-04,-0.004716344429263572,1.7467716143797
2010-10-05,0.01728683032101728,1.7772302671640445
2010-10-06,0.004170117495209386,1.7846570006071956
2010-10-07,-0.0020893784086151055,1.780932069553701
2010-10-08,0.004226142880154416,1.788474469343289
2010-10-11,0.0019443370630214268,1.7919552493485118
2010-10-12,0.0007075788990716989,1.7932236477640884
2010-10-13,0.004824713273306537,1.8018963425087144
2010-10-14,-0.0013313269314889345,1.7994990255405927
2010-10-15,0.004148989572775182,1.806980638067519
2010-10-18,0.009165032746897664,1.8236177983910642
2010-10-19,-0.013711022194567855,1.7987847664423469
2010-10-20,0.009472457649900066,1.815904634566657
2010-10-21,0.0022347536590130077,1.8199672718992195
2010-10-22,-0.0010286761587057908,1.8180960775485047
2010-10-25,0.0006186397650544597,1.8192211720569844
2010-10-26,0.0007046092281033205,1.8205034637870177
2010-10-27,-0.002473622277362843,1.8160057909282337
2010-10-28,0.0036764981701876685,1.8226946210973636
2010-10-29,-0.00014594134737320292,1.8224286339982407
2010-11-01,0.0019225024104238294,1.8259356274614624
2010-11-02,0.005579329025764054,1.836151595730094
2010-11-03,0.004584539967693804,1.8445888317525259
2010-11-04,0.013699980362787266,1.8700335606939906
2010-11-05,-0.00041975586580620853,1.8692487678598557
2010-11-08,-0.0024845790750988206,1.864610236270529
2010-11-09,-0.00279744605091352,1.859401378874272
2010-11-10,-0.0005819883932996399,1.8583195436915776
2010-11-11,-0.00861186114270411,1.8423846667791122
2010-11-12,-0.007846739419600528,1.8279845253531497
2010-11-15,-0.000902574343437759,1.8263353777714677
2010-11-16,-0.014220025553437647,1.8005486207274675
2010-11-17,-0.0013796658613274698,1.798066178128216
2010-11-18,0.014616554165332871,1.8245407217727594
2010-11-19,0.00039867896853243206,1.825268272805772
2010-11-22,-0.0026638232982854715,1.8204125509189284
2010-11-23,-0.013992810565792197,1.7951172518374319
2010-11-24,0.010141878068516541,1.813415745826896
2010-11-26,-0.00795758423400373,1.799042600880005
2010-11-29,-0.0025436282774487003,1.7944723202597421
2010-11-30,-0.0081827144918503,1.779848578149285
2010-12-01,0.01817091786884016,1.8124856855698097
2010-12-02,0.007969737742227949,1.8269884359399928
2010-12-03,0.0013302707656384376,1.8294204425004539
2010-12-06,-0.0011718188865584814,1.8272779486270339
2010-12-07,0.002113392259529326,1.8311437872775373
2010-12-08,0.004547279741942019,1.8394894710244978
2010-12-09,0.00368071140148566,1.846272576562437
2010-12-10,0.005329186708960053,1.8561379717567643
2010-12-13,0.0016986991792363767,1.8592936713392474
2010-12-14,0.003772121181942491,1.8663203968786028
2010-12-15,-0.001776363302069479,1.8630080766287451
2010-12-16,0.004770206881538193,1.8719162405767182
2010-12-17,0.0009135613509761289,1.8736271322896543
2010-12-20,0.00022159904826918948,1.8740423722856756
2010-12-21,0.0038480836140663425,1.8812677370184052
2010-12-22,0.0023759004235752094,1.885742755826099
2010-12-23,0.0021371219201778103,1.8897771274418866
2010-12-27,-0.001684596070790527,1.8865962962783986
2010-12-28,0.002519383177373295,1.8913553476694878
2010-12-29,0.00028819817771485524,1.891900511387919
2010-12-30,-0.0017204155378860108,1.8886484545986357
2010-12-31,0.00038283045146500505,1.8893716251561916
2011-01-03,0.006897123646362871,1.9024478973651286
2011-01-04,0.0025805998360721983,1.9073636942214254
2011-01-05,0.000365925599280822,1.9080617751393294
2011-01-06,3.749060296116078e-05,1.908133310866717
2011-01-07,-0.00326854448085402,1.9019066738282744
2011-01-10,-0.0035599064454598706,1.8951481010823674
2011-01-11,0.00024636643895045664,1.8956150594903929
2011-01-12,0.009494714678995623,1.913699099164384
2011-01-13,0.0005475008210190439,1.9147471378672054
2011-01-14,0.005402529344580705,1.9251196090281861
2011-01-18,0.0011236445061593365,1.927283974861736
2011-01-19,-0.00046442742599513576,1.926389099144627
2011-01-20,0.0009597830741778639,1.9282389023591742
2011-01-21,0.0011046300996255,1.930370069949217
2011-01-24,0.008979303438939873,1.9477815028392507
2011-01-25,0.0029017506169995177,1.9534416872670866
2011-01-26,-0.0005538165312028178,1.9523601384853784
2011-01-27,-0.0023051267403427344,1.9478648839795616
2011-01-28,-0.015096483443942538,1.918679824173706
2011-01-31,0.002451234188925413,1.9233887267099607
2011-02-01,0.01592528399802075,1.954264438116111
2011-02-02,-0.003672815028288542,1.94709995128981
2011-02-03,0.0018743464863010025,1.9507529136310935
2011-02-04,0.001406201514254049,1.9534979949485856
2011-02-07,0.00644262122505507,1.9661242720808692
2011-02-08,0.004027947779995153,1.9740596889712945
2011-02-09,-0.003101915860320676,1.9679458091854443
2011-02-10,0.00016935369623498922,1.9682791163048197
2011-02-11,0.001888941137643321,1.9720005934170275
2011-02-14,0.0010933432906859455,1.9741578461290599
2011-02-15,-0.004728755971136753,1.9648445728790618
2011-02-16,0.0024354947565633305,1.969635773637629
2011-02-17,0.0038523289210223876,1.9772380924067148
2011-02-18,0.0027494113257479254,1.982681813296403
2011-02-22,-0.016785213967956254,1.9496798224065515
2011-02-23,-0.0028710796287925527,1.944090164402061
2011-02-24,-0.0021043034669965674,1.9400035100174577
2011-02-25,0.005063292227674852,1.949851224600993
2011-02-28,0.0076824229047427065,1.9648884936821602
2011-03-01,-0.011451698359389181,1.9425155320479477
2011-03-02,0.00044020915292078807,1.9433708334067774
2011-03-03,0.012610062589148173,1.9680320240406495
2011-03-04,-0.00795358726418436,1.9524411933041168
2011-03-07,-0.007020581425368268,1.938781925034594
2011-03-08,0.009163512335404286,1.9566296260454419
2011-03-09,0.00178349682205638,1.9601223824996223
2011-03-10,-0.016240174064996442,1.9285467447313211
2011-03-11,0.0031630679808862245,1.9346565269234046
2011-03-14,-0.005582710250826248,1.9238859924587481
2011-03-15,-0.012327009000738388,1.900315805930902
2011-03-16,-0.022959231359671806,1.8571830577423805
2011-03-17,0.012507779664457562,1.8805581748909652
2011-03-18,0.005194109759628272,1.890351412017531
2011-03-21,0.013527536322690499,1.916096953675256
2011-03-22,-0.0022116257579746887,1.911863946936504
2011-03-23,0.0021403706119969977,1.9159604267712942
2011-03-24,0.008253692143135441,1.9318396151130217
2011-03-25,0.0034166329950309215,1.9384512904855238
2011-03-28,-0.0021048407792856397,1.9343754501628962
2011-03-29,0.0067665504084312746,1.9475088830623315
2011-03-30,0.006342016946482809,1.959899265881422
2011-03-31,-0.0039725435707063245,1.9521289248813134
2011-04-01,0.003824791473776695,1.9596097080470327
2011-04-04,0.0020355048201291543,1.9636025654149165
2011-04-05,-0.0038643140717472485,1.9560292306863787
2011-04-06,0.0028006966709792115,1.9615151538585631
2011-04-07,0.0012248466193874393,1.963919181045377
2011-04-08,-0.0021912528954842504,1.9596204489780211
2011-04-11,0.0008654638724693078,1.9613171637971454
2011-04-12,-0.0050135239353278314,1.9515086613775665
2011-04-13,-0.0005221569810595473,1.9504899334975134
2011-04-14,0.0018375249088062864,1.9540773022650295
2011-04-15,0.00027465071447911057,1.954614064699963
2011-04-18,-0.0064354904273350695,1.94207555360558
2011-04-19,0.006476556035602495,1.9546943337635956
2011-04-20,0.011425768407702198,1.977156296759103
2011-04-21,0.002031183715190656,1.981176345778389
2011-04-25,0.001151387133866267,1.983458760452135
2011-04-26,0.007878372745283482,1.9991469052729447
2011-04-27,0.008768514666622703,2.016753533411392
2011-04-28,0.002382152880319361,2.021563475383902
2011-04-29,0.002654977886037957,2.026937812922994
2011-05-02,-0.0012566970628217983,2.0243921660154927
2011-05-03,0.0023756442072748883,2.0292071185805183
2011-05-04,-0.0030860393650654102,2.022954558318518
2011-05-05,-0.012253480165246692,1.9983175774063227
2011-05-06,0.0012019058737604475,2.0007208109812162
2011-05-09,0.0013592718216236257,2.003442183526022
2011-05-10,0.006793069599747904,2.0170980357818884
2011-05-11,-0.004687485335424353,2.0076650440963544
2011-05-12,0.00853294684452123,2.0248696417674723
2011-05-13,-0.007916585047574663,2.008902873566811
2011-05-16,-0.005771888534087612,1.9973411088115272
2011-05-17,0.002646139481762954,2.0026333508954175
2011-05-18,0.004075352592605957,2.010811440895357
2011-05-19,0.0013836460874301468,2.0135956179917978
2011-05-20,-0.008062809662030327,1.9974256550535348
2011-05-23,-0.009165867935379365,1.9792011645165049
2011-05-24,-0.0013612056597933362,1.9765088974697704
2011-05-25,0.0012209475515469039,1.9789235849721767
2011-05-26,0.0007167238360541731,1.980342435076363
2011-05-27,0.003536444354683401,1.987358204027624
2011-05-31,0.011847250926467412,2.0110429579360534
2011-06-01,-0.016415970400590646,1.97829923160815
2011-06-02,-0.003848101118792119,1.9707011645627799
2011-06-03,-0.007708248421013619,1.9555689069493334
2011-06-06,-0.0055135722879928704,1.944816406001532
2011-06-07,-0.004301864063707273,1.936468039836835
2011-06-08,-0.0005203226302894758,1.9354607137828732
2011-06-09,0.004425403348551932,1.9440448883144894
2011-06-10,-0.011438424306839775,1.9219347715279789
2011-06-13,0.0036249706981457156,1.928914371538376
2011-06-14,0.008141336544135697,1.9446824119699524
2011-06-15,-0.01573552038131717,1.9143213224770648
2011-06-16,0.004514397157931057,1.9229828653268097
2011-06-17,0.001683822673506072,1.9262235550839732
2011-06-20,0.003898377493164023,1.9337473574202766
2011-06-21,0.007557694474964363,1.9484173951431718
2011-06-22,-0.006109180231935919,1.936550447677881
2011-06-23,-0.0031753146062476014,1.9304110431844557
2011-06-24,-0.012999006607459708,1.9054800076840246
2011-06-27,0.009055912469542782,1.9228142380181832
2011-06-28,0.01091550431605736,1.9439176930231414
2011-06-29,0.004724761535943428,1.9531239721787392
2011-06-30,0.009879654315573803,1.972515796387043
2011-07-01,0.01193799940287363,1.9962048071470402
2011-07-05,0.0014272733189155068,1.9990559712185645
2011-07-06,0.0030793147373058215,2.0052211811707346
2011-07-07,0.008038841391115123,2.021405801841449
2011-07-08,-0.005190416838294957,2.0109410448497345
2011-07-11,-0.010930799435655444,1.9890795510849102
2011-07-12,-0.0023755333211714735,1.9843600342370282
2011-07-13,0.004533650370293486,1.993376852948496
2011-07-14,-0.004574107852511349,1.9842797536502155
2011-07-15,0.008891147799350152,2.002000942327149
2011-07-18,-0.004232734294806632,1.993544912967935
2011-07-19,0.01732718736942241,2.0283884375884274
2011-07-20,-0.002797532655371026,2.0227218845756707
2011-07-21,0.009874726546669946,2.042794653509865
2011-07-22,0.003169827427879261,2.049280233686564
2011-07-25,-0.0068226796065421185,2.035346238870271
2011-07-26,-0.002566616361345012,2.030128984122347
2011-07-27,-0.015227617575866822,1.9994491396275087
2011-07-28,-0.002227331069144356,1.995000660394722
2011-07-29,-0.007269028365006516,1.980551523222916
2011-08-01,-5.2539915840893296e-05,1.980447467946119
2011-08-02,-0.019232138884518246,1.9427231496206407
2011-08-03,0.005855333286723446,1.9541318093024944
2011-08-04,-0.03741473944619067,1.882369335221229
2011-08-05,0.005005133191925611,1.891814461800918
2011-08-08,-0.04850520990969589,1.802241542099419
2011-08-09,0.03955672112765024,1.874961099833597
2011-08-10,-0.0436284573162835,1.7949182094488951
2011-08-11,0.038156501510485503,1.8647294147520128
2011-08-12,0.0026777743496725365,1.8697294308175925
2011-08-15,0.01756798513072396,1.9028670378720924
2011-08-16,-0.00547493552086467,1.8924774307019256
2011-08-17,0.002579144563064037,1.897364703360222
2011-08-18,-0.03291447525113048,1.8359305228868823
2011-08-19,-0.013831580785854032,1.810711512987046
2011-08-22,0.0034209447996567553,1.816916464468021
2011-08-23,0.02974931047576824,1.871780514038175
2011-08-24,0.009968774656644815,1.8905331874795797
2011-08-25,-0.01400007183944355,1.8642499995943669
2011-08-26,0.010864644662083258,1.8846148414638826
2011-08-29,0.021835919949972086,1.926219727647402
2011-08-30,0.0008575518904577042,1.9278722694851989
2011-08-31,0.0008467144029497747,1.9295053179680905
2011-09-01,-0.009951150398016827,1.9103997392599945
2011-09-02,-0.018844209686950282,1.8747368408859388
2011-09-06,-0.0062298480880744805,1.8630938199444018
2011-09-07,0.020302947292482616,1.901306720186543
2011-09-08,-0.006700346050155311,1.8886098912890754
2011-09-09,-0.022091647798168756,1.8473448711263118
2011-09-12,0.007455539633682545,1.86116929426147
2011-09-13,0.0044024619185390294,1.8693810839860032
2011-09-14,0.010713668316326152,1.8895166833419172
2011-09-15,0.015187686369451576,1.9184331010260953
2011-09-16,0.008945403091443847,1.935671244540009
2011-09-19,-0.0065339861758683514,1.9230648253220377
2011-09-20,0.0012343395307715674,1.9254400058442072
2011-09-21,-0.020010781832051388,1.8872933906701759
2011-09-22,-0.026617288251051585,1.8377214208756778
2011-09-23,0.0043094288874768565,1.8456580395180655
2011-09-26,0.024736054199184995,1.89188167510454
2011-09-27,0.010195713643618856,1.911269426944219
2011-09-28,-0.012300895707818189,1.8879031090068654
2011-09-29,0.01182915703706306,1.9103680198762998
2011-09-30,-0.01853346404395521,1.8752883607875808
2011-10-03,-0.021610108631631875,1.8351979152010907
2011-10-04,0.015734486522998817,1.8643021819587267
2011-10-05,0.011125819401593864,1.88515988571428
2011-10-06,0.010478071935024556,1.9050165748425438
2011-10-07,-0.001914945959947378,1.9013720616854972
2011-10-10,0.028749245694151705,1.9568284188694995
2011-10-11,-0.0015475952290740327,1.9538023826878788
2011-10-12,0.00873345450567709,1.9709405557055044
2011-10-13,-0.001691661391313003,1.9676092102115688
2011-10-14,0.015031570601394335,1.9974088737479534
2011-10-17,-0.015669569376947433,1.9663542783097627
2011-10-18,0.012168972211434002,1.9904289739426217
2011-10-19,-0.009066929549116125,1.972463463748354
2011-10-20,0.002800424065752027,1.9779949395250018
2011-10-21,0.014114155213893226,2.006110614876045
2011-10-24,0.005616159504483782,2.0174089489991647
2011-10-25,-0.015139905627702867,1.9870956174132843
2011-10-26,0.011438105810731888,2.009954710482709
2011-10-27,0.022685618441461365,2.0560729082194986
2011-10-28,-0.000842302573788087,2.054341801877021
2011-10-31,-0.02090202980981482,2.0118475435375385
2011-11-01,-0.023047904034842946,1.9660089453538099
2011-11-02,0.012232934790512745,1.9902067076491978
2011-11-03,0.015903082057174885,2.022110137278065
2011-11-04,-0.008737992769622277,2.0045179257616597
2011-11-07,0.007710460651666842,2.020033421294875
2011-11-08,0.012295572083775618,2.0450242110225236
2011-11-09,-0.03121261411630567,1.9821795347801097
2011-11-10,0.005500845611261405,1.9931132431250005
2011-11-11,0.01559724234072503,2.024444015050894
2011-11-14,-0.007705793834614773,2.0089040177449577
2011-11-15,0.00346586104489163,2.015878679545557
2011-11-16,-0.014299423981175658,1.9872578936691718
2011-11-17,-0.010445850506746195,1.9666073388724927
2011-11-18,0.0006470810588922015,1.967880305043487
2011-11-21,-0.019368727668517383,1.9301317184776885
2011-11-22,-0.0024009127720771273,1.925503199141978
2011-11-23,-0.01848979980779998,1.8902281497205347
2011-11-25,-0.0033409382927205196,1.8839235516140291
2011-11-28,0.025049316179896114,1.9317105656187055
2011-11-29,0.003976784830635936,1.93940785798673
2011-11-30,0.036610164496920554,2.011725603846111
2011-12-01,-0.0016685491623564363,2.008371739596727
2011-12-02,-0.000614098348386205,2.0071387804463314
2011-12-05,0.007963443378081005,2.0231863285402394
2011-12-06,0.003972767060125938,2.031239963558259
2011-12-07,0.005212750781857405,2.0418559564903482
2011-12-08,-0.015822177847489172,2.009803586225761
2011-12-09,0.014060831491781176,2.03826270635048
2011-12-12,-0.012636709918198801,2.0126678299030885
2011-12-13,-0.0022826733302335105,2.0080788063386303
2011-12-14,-0.00831276630897504,1.9914553058553424
2011-12-15,0.0014148402124746643,1.9942748910643333
2011-12-16,0.0026177215248519244,1.9995021861896392
2011-12-19,-0.008375810084081722,1.9828246769401383
2011-12-20,0.02201074057969704,2.0269519722189466
2011-12-21,-0.0031353755775240673,2.020606669160724
2011-12-22,0.0061852878899745735,2.033143434905506
2011-12-23,0.010685248082985741,2.0549845579971593
2011-12-27,-0.00040533512924072174,2.0541517693564035
2011-12-28,-0.007732773263976367,2.038328736283533
2011-12-29,0.008976655222360205,2.0567084814764733
2011-12-30,-0.00446479995073076,2.0475461587392374
2012-01-03,0.010195364249486267,2.06852841677641
2012-01-04,-0.0012904707690256968,2.0658607629545074
2012-01-05,-0.000905944032418096,2.063990056230245
2012-01-06,-0.0036007792035111135,2.0565714481599104
2012-01-09,-0.0006478349144164939,2.055239560839936
2012-01-10,0.0027107317534215652,2.060818321824574
2012-01-11,-0.0001948808139243422,2.0604167470035515
2012-01-12,0.00048088055403055477,2.061407799620252
2012-01-13,-0.0032969703731889556,2.054622590640609
2012-01-17,0.0033254791364152004,2.061466568644836
2012-01-18,0.006389310972946846,2.074680087300527
2012-01-19,0.0019570354849246384,2.0787442854440807
2012-01-20,0.0055279848103369205,2.090267372660021
2012-01-23,-0.002864771734943069,2.0842878029130354
2012-01-24,-0.004735237462309839,2.0744415358309536
2012-01-25,0.006104048128705343,2.0871427517859726
2012-01-26,-0.005326739862527964,2.076054643244099
2012-01-27,-0.003649900781388387,2.0684910613379652
2012-01-30,0.0012532474044634236,2.071085017486636
2012-01-31,-0.001461306658945992,2.068060737397831
2012-02-01,0.004658881807637405,2.077718066654342
2012-02-02,-0.0009313528209922917,2.075783878917152
2012-02-03,0.007462487751240077,2.091332333608068
2012-02-06,0.0011726040007247434,2.0937860766225813
2012-02-07,0.001933700523621289,2.097838748919757
2012-02-08,0.0012230308995510493,2.100406040150199
2012-02-09,0.001169024403937171,2.1028629018551577
2012-02-10,-0.005149796722123998,2.092061421960611
2012-02-13,0.006289231435360442,2.1052603424468397
2012-02-14,0.00030574953949643734,2.1059041232398883
2012-02-15,-0.006373503033166979,2.0925248187324232
2012-02-16,0.010327921587460064,2.114248236763691
2012-02-17,0.0028886671642235954,2.1203644257864553
2012-02-21,0.0002507842338349222,2.120896246437757
2012-02-22,-0.0038454740836510186,2.1127560563641516
2012-02-23,0.0055675489512561245,2.124551735169807
2012-02-24,0.0024244657879494923,2.129708887309759
2012-02-27,0.0003668886572816554,2.1304903966985234
2012-02-28,0.005730772414030127,2.142734803736689
2012-02-29,-0.0005036504764196443,2.1416558860534556
2012-03-01,0.002697260226792104,2.1474402868045286
2012-03-02,-0.0003853964797292201,2.146612830337212
2012-03-05,0.0009762321451967309,2.148709446010776
2012-03-06,-0.009422888901947351,2.128557489550758
2012-03-07,0.004462335515027859,2.1380770511746516
2012-03-08,0.006350182226140587,2.1516974302377525
2012-03-09,0.0017885273591114067,2.155549243470162
2012-03-12,0.005265418590962442,2.1669290459505106
2012-03-13,0.013637936938012355,2.1966839240210665
2012-03-14,0.0013420333540730331,2.199633926173341
2012-03-15,0.0036873223555241035,2.207759657411829
2012-03-16,-0.0018324774796988899,2.2037176920953097
2012-03-19,0.0025925098058936307,2.2094382639367374
2012-03-20,-0.0008997540338378247,2.2074512070115397
2012-03-21,-0.000702553913203283,2.205900898179384
2012-03-22,-0.0018977282014291043,2.20171866745909
2012-03-23,-0.00019353190052404356,2.2012926058905395
2012-03-26,0.010195841987224423,2.223851445223099
2012-03-27,-0.001764006278046646,2.2199320152781437
2012-03-28,-1.3928873278237012e-05,2.219901094341764
2012-03-29,-0.0011998703350668315,2.217239098216343
2012-03-30,0.0015964716842386184,2.2207816847209316
2012-04-02,0.0039929678229482304,2.2296669219576466
2012-04-03,-0.005284615323665444,2.2179150693350667
2012-04-04,-0.00796053361866242,2.200329370502854
2012-04-05,0.0005431652097520524,2.2015248375055583
2012-04-09,-0.00854171704695461,2.1828001197398095
2012-04-10,-0.012111426688348366,2.156522745570564
2012-04-11,0.002666972718864001,2.162281809119735
2012-04-12,0.007413901136972211,2.178372325730068
2012-04-13,-0.011427673349601042,2.153620296775543
2012-04-16,0.004435094802705326,2.163193019235252
2012-04-17,0.015037397180802915,2.195967616573656
2012-04-18,-0.0061283352015356835,2.182551143240094
2012-04-19,-0.005248971418466731,2.1711250086309866
2012-04-20,0.006634867825286713,2.1855780300184855
2012-04-23,-0.00997922657381249,2.1638761159195177
2012-04-24,0.0036440609670201096,2.1717757971292087
2012-04-25,0.00980046731991989,2.193164855036868
2012-04-26,0.008878629571265706,2.212723853437999
2012-04-27,-0.001480443294066075,2.209450464878488
2012-04-30,-0.0034151966104453506,2.201917627521837
2012-05-01,0.00445165753221934,2.211741661106497
2012-05-02,-0.0005535479045640957,2.210517694937762
2012-05-03,-0.0009385734791923859,2.208443934994285
2012-05-04,-0.012097098799077282,2.1818891125108495
2012-05-07,0.002125249540126767,2.186531102289942
2012-05-08,-0.0021503479029147815,2.181834351353551
2012-05-09,-0.00376645941375631,2.1736320173972823
2012-05-10,0.005146722205526221,2.1848479354170682
2012-05-11,-0.001276834789297028,2.1820600257925653
2012-05-14,-0.00829346256485202,2.1640380283332794
2012-05-15,-0.0026953861259641594,2.158212964180843
2012-05-16,0.0017940263641451743,2.16208833035315
2012-05-17,-0.002491022090413013,2.1567092230798703
2012-05-18,-0.006217526668432469,2.1433414263495774
2012-05-21,0.007902730316540414,2.160346781482996
2012-05-22,-0.0012356958708537888,2.1576788985709303
2012-05-23,-0.001029534078912259,2.1554586377267153
2012-05-24,0.0034733932799326656,2.1629584105643977
2012-05-25,-0.00398687043140987,2.1543521430694623
2012-05-29,0.006931752559363778,2.169337456289953
2012-05-30,-0.008581150104676295,2.15080168879315
2012-05-31,-0.0007173344031813466,2.1492593979826218
2012-06-01,-0.015751977776811397,2.1156695594405863
2012-06-04,0.0026711406541049774,2.12132836477933
2012-06-05,-0.0013668562856738449,2.118430794502153
2012-06-06,0.017975381223164118,2.156854703227878
2012-06-07,0.0004670353267024739,2.157862265834201
2012-06-08,0.010966732027598926,2.1816572009116815
2012-06-11,-0.010002128198292786,2.1599447522646598
2012-06-12,0.008695874572446591,2.1788092637517105
2012-06-13,-0.0013452698777416936,2.1758801479472183
2012-06-14,0.011868284269423999,2.201857963200061
2012-06-15,0.008094024705317362,2.219752176361296
2012-06-18,-0.0007649672579329822,2.2180547879317127
2012-06-19,0.005411671263687011,2.2300907091394744
2012-06-20,-0.0011681474433529865,2.227487155342564
2012-06-21,-0.01610010203193673,2.1919115388636823
2012-06-22,0.004912986141010064,2.2027068668104515
2012-06-25,-0.00829130375861528,2.1845190595980584
2012-06-26,0.003973518439911069,2.193216554748773
2012-06-27,0.008251124323597515,2.2113879212188183
2012-06-28,-0.0013027041351012624,2.2085090126197366
2012-06-29,0.019740485131893696,2.252539210861082
2012-07-02,0.0023936911556762573,2.2579375524515957
2012-07-03,0.004847786562321441,2.268910126636881
2012-07-05,-0.0035637437528910705,2.2608387031321895
2012-07-06,-0.006512045618110747,2.2461638518719695
2012-07-09,0.0008713538927502128,2.248121908444272
2012-07-10,-0.004129760555736202,2.2388568476714594
2012-07-11,-0.0014103054285145578,2.2357016011591355
2012-07-12,-0.0015743529647929567,2.2321845869522656
2012-07-13,0.01508052714108488,2.2661022122344354
2012-07-16,-0.0021840694839676397,2.2611582884469557
2012-07-17,0.007755675601050887,2.278763279669549
2012-07-18,0.005717495487028212,2.2918294156297123
2012-07-19,0.0018236329862527257,2.296012684565193
2012-07-20,-0.0050610430139540466,2.284421821277696
2012-07-23,-0.005614311936283917,2.271632300353304
2012-07-24,-0.006320444519176646,2.2573198525930818
2012-07-25,-5.264782036060796e-05,2.257201012751343
2012-07-26,0.01552523109093888,2.2925180230895035
2012-07-27,0.014421269927321541,2.3258185853795927
2012-07-30,0.0015171762073485336,2.329349940166291
2012-07-31,-0.001521736550087326,2.32580797887388
2012-08-01,-0.0013908459980750828,2.3225753866942282
2012-08-02,-0.007221934934856953,2.3058623213464435
2012-08-03,0.016021170195824858,2.343102452729911
2012-08-06,0.0006876520917908142,2.3447142461458546
2012-08-07,-0.001470712502916317,2.3412683801485006
2012-08-08,0.0018769304754581708,2.3456669046935255
2012-08-09,-6.517535423351376e-05,2.3455140300039834
2012-08-10,0.001675824643510058,2.3494479956147463
2012-08-13,-0.0013188906879258579,2.346351373033781
2012-08-14,0.0025685219247430584,2.3523857744071193
2012-08-15,-0.00024412020162144227,2.3518115796067063
2012-08-16,0.0021228130851401244,2.3568093387791653
2012-08-17,-0.0006060948155911945,2.3553813216581965
2012-08-20,-0.0005542436330844403,2.3540762282604435
2012-08-21,-0.005494034918130906,2.3411783144997123
2012-08-22,-0.0006803407142668154,2.3395860572731255
2012-08-23,-0.005973500475584449,2.3256521972402306
2012-08-24,0.007522642682858472,2.343213217550152
2012-08-27,-0.001780072198696771,2.339045839063681
2012-08-28,-0.0009198299743558691,2.336895303804542
2012-08-29,-0.0003375005125385108,2.336106733520682
2012-08-30,-0.006884489328820373,2.3200790660995887
2012-08-31,0.00576332356247935,2.3334890383338616
2012-09-04,-0.0003197579476867452,2.332743005949263
2012-09-05,0.0019227184580901668,2.3372325286457714
2012-09-06,0.018036795261831058,2.3797711905741217
2012-09-07,-0.0012681836258405463,2.3767551165890364
2012-09-10,-0.0038066293469685166,2.3677248890805114
2012-09-11,0.0020779444407252505,2.372650005137548
2012-09-12,0.0011702863414192156,2.375428310420801
2012-09-13,0.01480160786037513,2.410849970834179
2012-09-14,-0.0017942220392293577,2.4065282489069832
2012-09-17,0.0005019091208938786,2.4077364105531105
2012-09-18,0.001980006647107694,2.4125084674436295
2012-09-19,0.0007124457136586716,2.4142278611750445
2012-09-20,0.004171394844211146,2.4243195924924383
2012-09-21,-0.0010278258104014116,2.4218290943609952
2012-09-24,0.0005450672392149794,2.4231495138853303
2012-09-25,-0.005435118475228058,2.410015134979905
2012-09-26,-0.00303475420361268,2.402712417998455
2012-09-27,0.005699816527627596,2.4164465417597762
2012-09-28,-0.0039609996721894645,2.406893929237192
2012-10-01,0.004362134265450854,2.417416056500393
2012-10-02,-0.001028167219679185,2.414931825875866
2012-10-03,0.0036683848273530066,2.4238069939581735
2012-10-04,0.004763684441476226,2.43538079069545
2012-10-05,0.0020759923257837316,2.440441874094779
2012-10-08,-0.004192312080689497,2.4302321961751607
2012-10-09,-0.00990814730942246,2.4062719942015747
2012-10-10,-0.005443730756031376,2.3932084867086614
2012-10-11,-0.0022310005727190626,2.3878751887117677
2012-10-12,-0.00020440027997485743,2.387387156233337
2012-10-15,0.007325891621923356,2.4049411164965884
2012-10-16,0.005737219038287157,2.418778446396975
2012-10-17,0.0021393016174822846,2.423958481893257
2012-10-18,-0.0031464273331277322,2.4163436586976124
2012-10-19,-0.015062133987494581,2.3802210911449797
2012-10-22,-0.0016825689700098905,2.376219572354968
2012-10-23,-0.014311429627833498,2.342454661537849
2012-10-24,0.0011761676745290302,2.345211401866431
2012-10-25,0.006877951478475398,2.3613972510302723
2012-10-26,-0.00101493897026176,2.3590017927635363
2012-10-31,-0.0015123740547347757,2.3554367961407974
2012-11-01,0.005947245681411055,2.369486895739233
2012-11-02,-0.008919943092708472,2.348445192384321
2012-11-05,-0.00014925244149768002,2.3480947073616574
2012-11-06,0.006339648566816566,2.3630280887872352
2012-11-07,-0.02035835581312074,2.3154071093297115
2012-11-08,-0.011376422737148416,2.2892153261286534
2012-11-09,0.0020449476855991483,2.2939014415090218
2012-11-12,-0.0019508158514919868,2.2894308243084285
2012-11-13,-0.005935554923207368,2.2758820314877184
2012-11-14,-0.009144661629544642,2.2551647311250527
2012-11-15,-0.00538874310113276,2.243044912361644
2012-11-16,0.0020286318662148103,2.247599843325169
2012-11-19,0.016641305461911383,2.285315789771572
2012-11-20,-9.074081670018879e-05,2.2851084277586318
2012-11-21,0.0026231617679736406,2.2911105055908716
2012-11-23,0.014216425526761674,2.3239145329822803
2012-11-26,-0.0044635183004431336,2.313564813200586
2012-11-27,-0.005565637754654134,2.300724116009388
2012-11-28,0.009752234533537633,2.3232710801309158
2012-11-29,0.0022541445770128867,2.328513975939699
2012-11-30,0.002766093997178056,2.334963780741628
2012-12-03,-0.004795306055627756,2.3237937181232113
2012-12-04,-0.001302884138089277,2.3207680556195256
2012-12-05,0.001732060979654028,2.324791250615214
2012-12-06,0.003499527553156886,2.3329411737749415
2012-12-07,0.0029319252064510123,2.3397912198117985
2012-12-10,-0.00045578655652218,2.3387250174275542
2012-12-11,0.006333117391250469,2.353583437907124
2012-12-12,-0.0020913544816392694,2.348666404058894
2012-12-13,-0.004272816461646006,2.338652392836162
2012-12-14,-0.003770858781091132,2.329850271133727
2012-12-17,0.006884964102356798,2.3459465541959506
2012-12-18,0.005425261843105173,2.358708515711439
2012-12-19,-0.007818060662075271,2.34033988654065
2012-12-20,0.005078019065832441,2.352254402572242
2012-12-21,-0.009302033611038669,2.3304751059749993
2012-12-24,-0.0036507285911590998,2.3219826850686562
2012-12-26,-0.003135739065279266,2.314712957195877
2012-12-27,-0.000681398397639084,2.3131362527388
2012-12-28,-0.011776948848163224,2.2860543495190253
2012-12-31,0.011661303257379407,2.312868764197522
2013-01-02,0.024899594605280812,2.371181224380957
2013-01-03,-0.004112964091740781,2.3614486696940804
2013-01-04,0.002496724915647758,2.3673519237589216
2013-01-07,-0.003956467945932144,2.358004076179467
2013-01-08,-0.003495655206516844,2.3497756971205916
2013-01-09,0.00018419830673220162,2.3502085616904385
2013-01-10,0.006363593838722165,2.3652120217455064
2013-01-11,0.00022634869814825193,2.3657474450013654
2013-01-14,-0.0029499778480667547,2.35877882613376
2013-01-15,-9.601170318949219e-05,2.358552366632771
2013-01-16,-0.00029995459246449934,2.3578450141109535
2013-01-17,0.0030181739617773868,2.36497215059702
2013-01-18,0.003683405479472945,2.3736993650428984
2013-01-22,0.0008699451384858333,2.3757652517394994
2013-01-23,0.007921929929293034,2.394660642756012
2013-01-24,-0.0023995565262206493,2.38892140774583
2013-01-25,0.006196477721264589,2.403770263817922
2013-01-28,0.0009372979550598436,2.4060243689896916
2013-01-29,0.009699817862625476,2.4294759211617443
2013-01-30,-0.0027812796009403615,2.4227282572609434
2013-01-31,-0.002079664837896837,2.4176950300194577
2013-02-01,0.011945645741838212,2.446749147962702
2013-02-04,-0.011015931710056014,2.4199438402266558
2013-02-05,0.009829469562650735,2.443847894168691
2013-02-06,0.0017896909203668503,2.4482255427060973
2013-02-07,-0.0013798826063519893,2.44484960859534
2013-02-08,0.0029735369755809035,2.4521302786123917
2013-02-11,4.157562069473162e-05,2.452232229570072
2013-02-12,-0.0009178512291805307,2.4499824778305666
2013-02-13,0.0011561436495152,2.452816647551701
2013-02-14,-0.00022140043654626722,2.452273652987
2013-02-15,0.00040133873350112843,2.4532580429127777
2013-02-19,0.008147138822382782,2.473326716885748
2013-02-20,-0.005229874418024091,2.4604252945771194
2013-02-21,-0.001002305982879806,2.457960431064013
2013-02-22,0.007330133855301893,2.4760438058440566
2013-02-25,-0.014451561287625682,2.4405184239305306
2013-02-26,0.005938140203997839,2.455053677979267
2013-02-27,0.011184291436116909,2.482665837193604
2013-02-28,-0.0014509231042998953,2.479066291933329
2013-03-01,0.003106658151330619,2.4867798789720172
2013-03-04,0.005995393702515108,2.501733886185145
2013-03-05,0.00814446369306595,2.5221923655741705
2013-03-06,0.00017215835119885155,2.5226266194323754
2013-03-07,0.0021278209654408825,2.52800003204379
2013-03-08,0.002298699684142374,2.5338178290412414
2013-03-11,0.0015701539299845637,2.5377994381149267
2013-03-12,-0.0028865612559520848,2.5304844871876124
2013-03-13,-0.0002768978750387813,2.52978389841054
2013-03-14,0.007371995255914006,2.5485023647574363
2013-03-15,-0.005059880166554098,2.5356398171051113
2013-03-18,-0.002035814782022649,2.5304829750522657
2013-03-19,0.0030896361597554916,2.5383133370094013
2013-03-20,0.004936934310464055,2.550875807744239
2013-03-21,-0.006185988360424483,2.5351448256886324
2013-03-22,0.005142965967634107,2.548216574216674
2013-03-25,-0.0024393415654117363,2.5420081788864373
2013-03-26,0.007575378604097873,2.5613379760834643
2013-03-27,-0.004149576757510458,2.5507315289024826
2013-03-28,0.0016436051531407217,2.5549273715974357
2013-04-01,0.0007354746368065548,2.5568071470569804
2013-04-02,0.009337197493899543,2.58079236343514
2013-04-03,-0.007981048647907255,2.5602769103448444
2013-04-04,0.0032357294825778107,2.568574691274633
2013-04-05,-0.005823129091162693,2.5536610135444637
2013-04-08,0.0055260418588584164,2.56781171386967
2013-04-09,0.0023400372444103154,2.573827524782452
2013-04-10,0.010519972191133415,2.6010470420190144
2013-04-11,0.0037711855313925496,2.6108745921005347
2013-04-12,0.0007631524527470416,2.61286784793161
2013-04-15,-0.015072552660787577,2.573780572199381
2013-04-16,0.014134240781314821,2.610417312853284
2013-04-17,-0.010748562834390492,2.582509332370294
2013-04-18,-0.006723384988593887,2.5652043670517766
2013-04-19,0.006942539541679817,2.583075363070707
2013-04-22,0.002415444501652424,2.589322179635965
2013-04-23,0.009201405972168187,2.6132575347880516
2013-04-24,-0.010959130971737951,2.58477486094753
2013-04-25,0.004148832400949741,2.5955209350558377
2013-04-26,0.0016304762757570084,2.599756322274568
2013-04-29,0.0069746055213189065,2.6179519770704287
2013-04-30,0.0007858768618677637,2.620010173593273
2013-05-01,-0.006344071439973382,2.603441254652333
2013-05-02,0.006745394030620245,2.621061853881074
2013-05-03,0.005488468353600654,2.635487018738243
2013-05-06,-0.0014674937659958085,2.6316222943908945
2013-05-07,0.005040496041382771,2.644920462675392
2013-05-08,0.004998290184189156,2.6581736366748117
2013-05-09,-0.005333029924091528,2.644035250853707
2013-05-10,0.00313007006034549,2.652324232209593
2013-05-13,-0.0005393314490747446,2.6508941360206095
2013-05-14,0.00781440972214242,2.6716904585949766
2013-05-15,0.007661601560326209,2.6922385013250634
2013-05-16,-0.0035998789066792407,2.6825641923503496
2013-05-17,0.00474041436702982,2.6953108465298246
2013-05-20,-0.003260578636293169,2.6865368854337826
2013-05-21,-0.000998414214522655,2.6838559473855574
2013-05-22,-0.004740466445815254,2.671163326562198
2013-05-23,-0.003058410381815058,2.6630062930490284
2013-05-24,0.003375068207606605,2.6720093052693414
2013-05-28,0.0017590604637247322,2.6767136676127916
2013-05-29,-0.012001673306028339,2.644780632868032
2013-05-30,0.0003462908328701259,2.6456966547519833
2013-05-31,-0.015333784587670112,2.605437563106508
2013-06-03,0.00897603934173266,2.628929347037631
2013-06-04,-0.002371732460926125,2.6227016181404794
2013-06-05,-0.011238419940752708,2.593391603594833
2013-06-06,0.007944505998815334,2.6140768770904477
2013-06-07,0.00993254649456521,2.6401706917014747
2013-06-10,0.00042879523644661846,2.6413030270701388
2013-06-11,-0.00712209202343958,2.622558254083035
2013-06-12,-0.005690636530752131,2.6076766114476913
2013-06-13,0.01115147716518637,2.636918801406404
2013-06-14,-0.005066400285195938,2.6235929009164876
2013-06-17,0.006313886265190451,2.640210373309575
2013-06-18,0.007101532592014973,2.659026646435753
2013-06-19,-0.015842876143066467,2.61723196478791
2013-06-20,-0.025215204278810726,2.5520630033559843
2013-06-21,0.0037868035281961357,2.5617454858001447
2013-06-24,-0.007040417294376551,2.5437730694707144
2013-06-25,0.007395858440729167,2.5626561973948796
2013-06-26,0.008677360319429553,2.584990047890153
2013-06-27,0.002911381201176531,2.5925269053297204
2013-06-28,-0.00722952781873412,2.5738517475727756
2013-07-01,0.0037676156299280075,2.5835673224292357
2013-07-02,0.0004225462637258259,2.584659229822861
2013-07-03,0.002988170071684933,2.59239418209982
2013-07-05,0.007188713170760456,2.6110973054507642
2013-07-08,0.00717030801003558,2.629886960679577
2013-07-09,0.004278520644749726,2.641163091712424
2013-07-10,-0.0019679778857936924,2.6359704523307923
2013-07-11,0.012565246948299219,2.669301036993032
2013-07-12,-0.0009655007021793419,2.666725068717185
2013-07-15,0.0010174509752091398,2.669439711512761
2013-07-16,-0.0005893481489589712,2.667866945658868
2013-07-17,0.0012473113945495726,2.671196682677096
2013-07-18,0.0003154900473904459,2.672039551596489
2013-07-19,-0.0012801003243427353,2.668621261243912
2013-07-22,0.0027179127817401473,2.675884206634548
2013-07-23,-0.00030435077730377045,2.6750699231164803
2013-07-24,-0.000806976722158664,2.6729120747421837
2013-07-25,-6.364846737447414e-05,2.6727419533992385
2013-07-26,0.0011006212517372092,2.675685249423519
2013-07-29,-0.0007596048922034089,2.6736535575572913
2013-07-30,-0.0004121427050033693,2.672551857792193
2013-07-31,-0.0026073434204382747,2.665592673723911
2013-08-01,0.00711492558106355,2.6846257965617437
2013-08-02,0.0014450628623679626,2.688508053977137
2013-08-05,-0.0013245740975344619,2.684949283295879
2013-08-06,-0.003990507636750337,2.6742563220380693
2013-08-07,-0.0019785141529550863,2.6689704988185996
2013-08-08,0.0013261994688588592,2.6725124342138216
2013-08-09,-0.005953464637998428,2.656648994012202
2013-08-12,0.0009660810956145562,2.6592167725244282
2013-08-13,0.001179907610976749,2.66235625441863
2013-08-14,-0.004822031978736397,2.6495491902732695
2013-08-15,-0.01184446401674736,2.618351823001331
2013-08-16,-0.004743516641252008,2.605961038735646
2013-08-19,-0.0035272887408934177,2.59678525403911
2013-08-20,-0.0012398603431121005,2.5935675981172324
2013-08-21,-0.004782107846373681,2.581194486512809
2013-08-22,0.0033143000260769805,2.589763531816356
2013-08-23,0.007629675063086603,2.6095981557044077
2013-08-26,-0.008345009969503367,2.5879116460009337
2013-08-27,-0.010586960887231168,2.560658047572043
2013-08-28,-0.0002468667472945705,2.5600259842698208
2013-08-29,0.0026261506640634508,2.5667578337649983
2013-08-30,-0.001121732550179363,2.5638802322058405
2013-09-03,-0.004227018524713532,2.553065536032486
2013-09-04,0.006142154974340698,2.5687951175268156
2013-09-05,-0.0012685027887845482,2.5655386596060574
2013-09-06,-0.0004105083232395646,2.564485700771666
2013-09-09,0.007515304978475598,2.5838311955199997
2013-09-10,0.0051482587489409485,2.5971677275804805
2013-09-11,0.004740208270066213,2.609508068307249
2013-09-12,-0.0012729077616321725,2.606188518421687
2013-09-13,0.0030431581896869023,2.614131642316676
2013-09-16,0.004261683389711371,2.6252960163316796
2013-09-17,0.0023634539878365714,2.631508120790568
2013-09-18,0.01251795850264363,2.6646562709737207
2013-09-19,-0.0009190305739126245,2.66220849535433
2013-09-20,-0.006042594214930814,2.646170354489915
2013-09-23,-0.0025832073284381032,2.6393435691351184
2013-09-24,-0.007204134851026929,2.6203977083529306
2013-09-25,-0.005708378340772502,2.6054820993029755
2013-09-26,0.003970615294560372,2.6158480323233477
2013-09-27,-0.004584805260312493,2.6038823296731537
2013-09-30,-0.008086474409292912,2.582911008154804
2013-10-01,0.0059357334018279705,2.598288071225078
2013-10-02,-0.000661889392349186,2.5965688609387576
2013-10-03,-0.007038639645022455,2.578356717958375
2013-10-04,0.0019377463301106141,2.583357763039839
2013-10-07,-0.005864913632492778,2.568250936297535
2013-10-08,-0.007746213793855666,2.5484335693423947
2013-10-09,0.002280653523580287,2.554252296069615
2013-10-10,0.0178759102122721,2.6003224267376774
2013-10-11,0.004774055294047778,2.612766189757202
2013-10-14,0.0046635500923726415,2.6249794121147856
2013-10-15,-0.006410226425879271,2.6082065161847763
2013-10-16,0.013476170281748828,2.6435930532909406
2013-10-17,0.0033429483618407792,2.6524452363093554
2013-10-18,0.010785668964546004,2.6812084690917435
2013-10-21,0.0011242750346364954,2.684224579987595
2013-10-22,0.0072303181883758855,2.7037027094713184
2013-10-23,-0.000678430253683916,2.7018690578289513
2013-10-24,0.0003313930718352143,2.70276458689359
2013-10-25,0.001364966652896317,2.706456289377542
2013-10-28,0.005915558941485919,2.7225139392404847
2013-10-29,0.008670208128637004,2.7462213272089513
2013-10-30,-0.005100156978996835,2.732250823505017
2013-10-31,-0.0037756828009434867,2.7219541617594185
2013-11-01,0.0030466613430719103,2.730259679907785
2013-11-04,0.003597450600276868,2.7400993424703897
2013-11-05,-0.004534719086739274,2.727701892404005
2013-11-06,0.009616568109112435,2.7540595554386917
2013-11-07,-0.008438670317150425,2.730916739449115
2013-11-08,0.008088637704773083,2.75309571347576
2013-11-11,0.0007796363440271128,2.7552429638810345
2013-11-12,-0.0006407263348079094,2.7534781725897846
2013-11-13,0.0052743840956413065,2.768039441175909
2013-11-14,0.00308392199927453,2.776589035268102
2013-11-15,0.004640744449891379,2.7895044207455366
2013-11-18,9.306678348265552e-05,2.789764043030404
2013-11-19,0.00021575020672307777,2.790366000133246
2013-11-20,-0.0032618721702906976,2.781279011287485
2013-11-21,0.0013205024527273776,2.784954123006596
2013-11-22,0.001986059576244657,2.790490703981939
2013-11-25,-5.679787885559949e-05,2.7903322145299616
2013-11-26,-0.00213886911756325,2.7843704371321514
2013-11-27,0.002564463163856344,2.791520016050344
2013-11-29,-0.0004652644228821548,2.7902215231958003
2013-12-02,-0.0047493497550380286,2.777001204097883
2013-12-03,0.0006655956937267532,2.7788501794075455
2013-12-04,-0.0006756057291154413,2.7769734063566838
2013-12-05,-0.006610211200208394,2.7586775619606065
2013-12-06,0.01067950457929641,2.7882967492297603
2013-12-09,0.0034939516942655287,2.798055962562701
2013-12-10,-0.006554626158277243,2.7797757272603643
2013-12-11,-0.00806728575740534,2.7574406948039103
2013-12-12,-0.009748491123013603,2.7306904079816983
2013-12-13,-0.0029151986832960724,2.7227414948598025
2013-12-16,0.004538416405629836,2.735126512453806
2013-12-17,-0.006705175248992338,2.7168483574570295
2013-12-18,0.016911321445493788,2.763184552177505
2013-12-19,0.0001604132336635694,2.7636278391003226
2013-12-20,-0.00031783673134305816,2.762749596237608
2013-12-23,0.006938217299168154,2.781984805145737
2013-12-24,0.0028427527794008143,2.7899045517902596
2013-12-26,0.006216451905873053,2.807301878053893
2013-12-27,0.0012034454995474748,2.810682346561725
2013-12-30,-0.0006302968524959189,2.8089113405137214
2013-12-31,0.0023958710783532574,2.8156491982523066
2014-01-02,-0.009515798902493927,2.788983122427715
2014-01-03,-0.0014679884894840097,2.7848919309523295
2014-01-06,-0.00048687034315322153,2.783536379677896
2014-01-07,0.008716380640084355,2.8079047901765453
2014-01-08,-0.005191406355374978,2.793365587511553
2014-01-09,-0.0030040998762860213,2.7849866302093904
2014-01-10,0.00027166932040326473,2.7857433284157413
2014-01-13,-0.010482323861628427,2.756694778789616
2014-01-14,0.007940071190974831,2.778670259572864
2014-01-15,0.006561336940721713,2.79696199488911
2014-01-16,-0.0019135360578163263,2.7916150247012226
2014-01-17,-0.0043795094845314134,2.779415852916093
2014-01-21,-0.0006945569763580597,2.7774860604982226
2014-01-22,-0.004711478085751204,2.764430774787093
2014-01-23,-0.006998975637887434,2.7451501421868034
2014-01-24,-0.013694631549004086,2.7078125681340084
2014-01-27,-0.005296352591828959,2.693508949959482
2014-01-28,0.002936251822181257,2.701429393039018
2014-01-29,-0.009191408437738646,2.676713214374198
2014-01-30,0.005602739583754647,2.691752231963898
2014-01-31,-0.007523930440025268,2.6715756740997936
2014-02-03,-0.02080855600220745,2.6165584418230905
2014-02-04,0.004779076044699154,2.6290931017813546
2014-02-05,0.0001751164831481268,2.6295535396331595
2014-02-06,0.009676816911273638,2.655122762612717
2014-02-07,0.009499309161305034,2.6804647698115613
2014-02-10,0.004194807896288162,2.6917324208870257
2014-02-11,0.011826233069661412,2.7237544526477366
2014-02-12,-0.002655503269730228,2.7165311088440687
2014-02-13,0.004888312793362511,2.729842872140705
2014-02-14,0.004907315444634186,2.743271995751721
2014-02-18,-0.008396306124673276,2.720335071760206
2014-02-19,-0.004150488338290211,2.709067751384289
2014-02-20,0.005014889068722713,2.7226875479778587
2014-02-21,-0.0051780562143477595,2.7086257565924856
2014-02-24,0.0022956513964699993,2.714850959807439
2014-02-25,0.0008070524128800551,2.717042871199878
2014-02-26,0.0020656726471971107,2.722661193149382
2014-02-27,0.006420936255297465,2.7401994729474124
2014-02-28,0.0029754008769572893,2.7483648064084476
2014-03-03,-0.007291400804921194,2.7283982575612153
2014-03-04,0.013684598930445423,2.7659919339570376
2014-03-05,-0.002967047032979012,2.7577972687863572
2014-03-06,0.0024384689476094003,2.7645302775702376
2014-03-07,0.0011746999824374458,2.7677796794012246
2014-03-10,0.00045281133720650524,2.7690332452119337
2014-03-11,-0.001038676258197875,2.766158609288455
2014-03-12,0.0002523106660361738,2.7668566286646903
2014-03-13,-0.010030753417202968,2.7392417028789886
2014-03-14,-0.0037488537600553528,2.728991910811347
2014-03-17,0.009433571459572482,2.7548578633481915
2014-03-18,0.006580739898654493,2.7730466485965892
2014-03-19,-0.0071457687440649315,2.7533017288622306
2014-03-20,0.008558154482102048,2.776966027319742
2014-03-21,0.0002250182219269679,2.777590965586173
2014-03-24,0.0020217998729800467,2.783212379419597
2014-03-25,0.008699106390430426,2.8075294550812187
2014-03-26,-0.004652844792212111,2.7944967992515153
2014-03-27,0.0008879614513160881,2.796979306707422
2014-03-28,0.002371294858724766,2.803619639339121
2014-03-31,0.00609701783157807,2.8207655746952534
2014-04-01,0.001667683083220953,2.8254736424171916
2014-04-02,0.0006815141807189938,2.827399899082807
2014-04-03,-0.0017014270373270728,2.822593374584056
2014-04-04,-0.008052120756625217,2.799956770526414
2014-04-07,-0.003317924124873215,2.790682121208666
2014-04-08,0.006459207893318001,2.8087660582744003
2014-04-09,0.00692530367113074,2.828285125893566
2014-04-10,-0.01638622589558564,2.7823178505477166
2014-04-11,-0.006751375224219026,2.763596646792211
2014-04-14,0.006872540959156641,2.7826549925595256
2014-04-15,0.008222014651917192,2.805628336846968
2014-04-16,0.008381934102237434,2.8292437618881427
2014-04-17,7.238181612933264e-05,2.8294485551014636
2014-04-21,0.00354523430367553,2.839497415436602
2014-04-22,0.0007193161858361173,2.841540646663712
2014-04-23,-0.0025175980012902013,2.8343957873267343
2014-04-24,0.0012209345023484108,2.83785851238689
2014-04-25,-0.003272980415529728,2.8285854406230113
2014-04-28,0.011632686077053625,2.861681612573266
2014-04-29,0.0004929359508945384,2.863092586051323
2014-04-30,0.001725826189320828,2.8680380524990414
2014-05-01,-0.002352112870741565,2.861300030682373
2014-05-02,-0.004325308492017702,2.848950751834609
2014-05-05,-0.0013227269132604661,2.8451848591734605
2014-05-06,-0.009271719926370272,2.8189270177998815
2014-05-07,0.007331864156906119,2.8396709607221475
2014-05-08,-0.0005044076783461956,2.8382389700694843
2014-05-09,0.0025563904500554347,2.8455038991087145
2014-05-12,0.004284233895126974,2.857720854823376
2014-05-13,0.002756002533767743,2.8656076036979954
2014-05-14,-0.00473299362751409,2.8520767471585997
2014-05-15,-0.009575057303937054,2.8248982742342883
2014-05-16,0.0031114608904265,2.8337015231141423
2014-05-19,0.0010295944835557126,2.8366205890396046
2014-05-20,-0.004194092755798508,2.8247484529990237
2014-05-21,0.008379780597837911,2.8485186808295087
2014-05-22,7.720383711415404e-05,2.8487386058911803
2014-05-23,0.002357493590946368,2.8554624114469855
2014-05-27,0.0017136614001928663,2.860359902283174
2014-05-28,-0.002693424175349534,2.852666105752194
2014-05-29,0.003920969070806258,2.8638732784526995
2014-05-30,0.003801426429729379,2.8747808009617417
2014-06-02,-0.0013668806874073166,2.870854002947952
2014-06-03,-0.0029970491790410917,2.8622627928855398
2014-06-04,-9.773365629859869e-05,2.861983067147036
2014-06-05,0.008432018845243758,2.8862173908550313
2014-06-06,0.0031294758185019963,2.8952638863980145
2014-06-09,0.0011199147758414573,2.8985081515154905
2014-06-10,0.0012349136960273593,2.9020897699695176
2014-06-11,-0.004007195254197052,2.890483798842598
2014-06-12,-0.006365899130958815,2.8721417144113697
2014-06-13,0.0015483232272083282,2.8765921626167006
2014-06-16,0.0009523931464350842,2.8793331143020833
2014-06-17,-0.00026199647500996107,2.8785788379889388
2014-06-18,0.008040986345085379,2.9018187618542854
2014-06-19,0.0019768561865384994,2.9075609140604186
2014-06-20,-2.0204987482338563e-05,2.9075021674220354
2014-06-23,0.0016559994519838293,2.9123209782907744
2014-06-24,-0.004841756802274755,2.8982543095581788
2014-06-25,0.00334618144853696,2.907968638250973
2014-06-26,-0.0035883519290077297,2.8975525228989425
2014-06-27,0.0023658242848979038,2.9044157384041522
2014-06-30,-0.002607830881793606,2.8968513809174636
2014-07-01,0.006869944492740887,2.9168211060184808
2014-07-02,0.0029016501080441864,2.925296991375792
2014-07-03,0.003653288157873029,2.936003489285794
2014-07-07,0.0002344317214275937,2.93669186232299
2014-07-08,-0.0055110181355651384,2.920552214006963
2014-07-09,0.004160547879391155,2.9327286240314265
2014-07-10,-0.0014198347287184229,2.928567588771335
2014-07-11,0.0004747339262766192,2.929958209222355
2014-07-14,0.005916101556729464,2.947343515456238
2014-07-15,-0.0012302663716045182,2.9437197274129563
2014-07-16,0.0052627310738842525,2.9592525694301726
2014-07-17,-0.008905669649887381,2.933015446617782
2014-07-18,0.007812183025163894,2.9560184348900114
2014-07-21,-0.0028873163871738325,2.9474957841375793
2014-07-22,0.0015816484900185418,2.9521613750837092
2014-07-23,0.00041631292195457156,2.9533906538764203
2014-07-24,0.0005636941044019608,2.9550559320856653
2014-07-25,-0.005879791685327354,2.9377317998415973
2014-07-28,-0.0006364724120062409,2.9358626095042664
2014-07-29,-0.004700056307640811,2.922096266563725
2014-07-30,-0.002353243124859413,2.915227948195334
2014-07-31,-0.019579964068148166,2.858703073071576
2014-08-01,-0.002090171499437381,2.8527341336095606
2014-08-04,0.004912884036536577,2.866783769451886
2014-08-05,-0.008397887114560276,2.8428096498459863
2014-08-06,0.007647666678450201,2.8646338562373854
2014-08-07,-0.0060109575282311905,2.8474663121736117
2014-08-08,0.008709551799841314,2.8723747808617963
2014-08-11,0.0012642015424619564,2.8760083377804904
2014-08-12,-0.0008584698082397521,2.8735404309175903
2014-08-13,0.0060515808030023035,2.890982616192696
2014-08-14,0.0044163630240334,2.903778479713413
2014-08-15,-0.0007647223678231468,2.9015587442076436
2014-08-18,0.008788938865865951,2.9271727617630994
2014-08-19,0.003877254664409812,2.9385441867167525
2014-08-20,0.0006615304211548463,2.9404887662185057
2014-08-21,0.005196978093485968,2.955810200014417
2014-08-22,-0.0027170902333021442,2.9477898978649915
2014-08-25,0.0035432048712742623,2.958253046984607
2014-08-26,0.0021915364717319807,2.9647432756184435
2014-08-27,0.00046991831217857715,2.966136790167924
2014-08-28,-0.002209812378374329,2.9595894212658633
2014-08-29,0.003050204157846009,2.968630554866076
2014-09-02,-0.001262762148460326,2.9648842464146945
2014-09-03,0.0005732080710637968,2.9665842291698805
2014-09-04,0.001034049682311402,2.969653411219486
2014-09-05,0.004766226097363222,2.9838412351378585
2014-09-08,-0.00485072365014171,2.969402493374759
2014-09-09,-0.004539727769072297,2.9559527665660936
2014-09-10,0.003940449967034502,2.9676235294751923
2014-09-11,0.000575397669141293,2.9693315844952544
2014-09-12,-0.005155174061585217,2.9540635518269687
2014-09-15,0.0021554576881868104,2.9604377780407094
2014-09-16,0.006789262170819252,2.9806053502567047
2014-09-17,0.0011034529648178573,2.983896123340149
2014-09-18,0.005199432537989495,2.9994510933996845
2014-09-19,0.003253300693966079,3.009225099993933
2014-09-22,-0.00441913577271066,2.9959562656902285
2014-09-23,-0.005689599091267752,2.9789588756635177
2014-09-24,0.007515504704789425,3.001431596250823
2014-09-25,-0.01579758146037048,2.9543887956917065
2014-09-26,0.005922132000975277,2.97193698618527
2014-09-29,-0.0037373390182131507,2.9608505798608924
2014-09-30,0.00041966598643984333,2.962093408908489
2014-10-01,-0.011296549530415242,2.928820263704504
2014-10-02,-0.00036896374549922435,2.9277398345419656
2014-10-03,0.01028937404915244,2.9580199594348056
2014-10-06,0.00203242426224176,2.964038024527717
2014-10-07,-0.01113197466360224,2.9312254018256723
2014-10-08,0.017200909540797987,2.9820812745461045
2014-10-09,-0.016826649230106197,2.9323226484703944
2014-10-10,-0.0025569375515462293,2.9248344600720957
2014-10-13,-0.011847482219337617,2.8903869965951015
2014-10-14,-0.003098928701798536,2.881443757758899
2014-10-15,-0.011221903919151349,2.849289227721523
2014-10-16,-0.00872497072511655,2.8245373991316316
2014-10-17,0.009929634797422048,2.8527237323826014
2014-10-20,0.0024051397386033254,2.859593189285024
2014-10-21,0.0035439932270864465,2.8697455474984084
2014-10-22,-0.003055801881454263,2.860989558752073
2014-10-23,0.006933029541019336,2.8808938025065447
2014-10-24,0.006288385260606787,2.8990670529451386
2014-10-27,0.0007514672450454066,2.9012464256376553
2014-10-28,0.007692240566879594,2.9236495657921244
2014-10-29,0.0018559085963380966,2.9290806303747865
2014-10-30,0.00388762334526298,2.940489955823898
2014-10-31,0.008938063776605578,2.9668900496887005
2014-11-03,-0.0010086255186583278,2.9638990773126292
2014-11-04,0.0019141515114301747,2.969577862504912
2014-11-05,0.004278210548301938,2.9823095568557174
2014-11-06,0.003705691610488794,2.993381578438965
2014-11-07,0.002929394529976269,3.002163230242485
2014-11-10,0.00405316429630219,3.0143561843898907
2014-11-11,0.0005370567449166677,3.015975499503429
2014-11-12,-0.0010171355475121163,3.012909403194572
2014-11-13,0.00578806096845204,3.0303988727435662
2014-11-14,0.0007720815274579006,3.032739491191902
2014-11-17,0.00036635416522597504,3.0338507514815345
2014-11-18,0.002269196168357589,3.0407429709236595
2014-11-19,0.002519709541578737,3.048414420854984
2014-11-20,-0.0009081491063207707,3.0456472627092688
2014-11-21,0.0035936648926928882,3.0566119883272886
2014-11-24,-0.001448108452686708,3.052188886009279
2014-11-25,-0.0019371692922174812,3.0462820025890345
2014-11-26,0.0037946516253192404,3.057863541597004
2014-11-28,0.0035420724362035315,3.068713920831651
2014-12-01,-0.004910588787754015,3.0536816674737413
2014-12-02,0.005002004949491415,3.0689944637026447
2014-12-03,-0.003479306750190288,3.058335044995715
2014-12-04,-0.001473473361743967,3.053831988157499
2014-12-05,-0.0008395713476552599,3.051269154311163
2014-12-08,-0.005685073889154531,3.0339716790137223
2014-12-09,-0.005560091864304787,3.0171493280112096
2014-12-10,-0.014414014958239027,2.9739720192078116
2014-12-11,0.0034262947766311555,2.984179200423317
2014-12-12,-0.017097523741840228,2.933590826009689
2014-12-15,-0.004710480295205295,2.9198046993597973
2014-12-16,-0.008550739481192211,2.89494464742375
2014-12-17,0.01875541966882665,2.949752918638136
2014-12-18,0.026365123455500655,3.0285578039161853
2014-12-19,0.0012464046888856018,3.0323349660108274
2014-12-22,0.00733276537874102,3.0546520899851566
2014-12-23,0.003294192747917704,3.0647312950548073
2014-12-24,-0.001677905475023217,3.0595932773947916
2014-12-26,0.0025704479142838357,3.0674679188953595
2014-12-29,-0.0029971111189997495,3.0582881399687887
2014-12-30,-0.0022421924955433573,3.0514385511700928
2014-12-31,-0.009901245165499211,3.0213745908969223
2015-01-02,-0.0027114114220284057,3.0131934974881083
2015-01-05,-0.013414729931437164,2.9730422317975074
2015-01-06,-0.0035270559413754818,2.962574616314111
2015-01-07,0.010047761848105739,2.99249190973826
2015-01-08,0.01665943867415357,3.042762724305861
2015-01-09,-0.008854066110228756,3.015940818673849
2015-01-12,-0.005533993869726359,2.9992967173264966
2015-01-13,-0.0010698689451923695,2.9960895788260666
2015-01-14,-0.0071006568387262025,2.9748907268247042
2015-01-15,-0.006450901204633643,2.9557617665041667
2015-01-16,0.011374572333206599,2.9895742291114007
2015-01-20,0.0005869068488506983,2.9913293456962053
2015-01-21,0.002934216419427254,3.0001194430957008
2015-01-22,0.013718182883674757,3.041559219633336
2015-01-23,-0.009636297535456329,3.0123906144122796
2015-01-26,-0.0002602283617492883,3.0116068069266344
2015-01-27,-0.018510756917476376,2.9563724771710063
2015-01-28,-0.013278368691210959,2.9173761502024695
2015-01-29,0.006627540028324493,2.9367753910300682
2015-01-30,-0.01572476518301954,2.8909564775647256
2015-02-02,0.01475882098570554,2.9339399995177406
2015-02-03,0.01251287435902007,2.9708826695886885
2015-02-04,0.0013277509063048276,2.9748298816230525
2015-02-05,0.009377829375996655,3.0028585472859333
2015-02-06,0.0005826076118838343,3.0046085452645634
2015-02-09,-0.005123988024352935,2.9892523431570086
2015-02-10,0.011430158662113006,3.0236159885507594
2015-02-11,-0.0004143195698276759,3.0223635047572492
2015-02-12,0.005183554195985368,3.0380707643296048
2015-02-13,0.0029008707059012323,3.046896609941638
2015-02-17,0.00018146296248628476,3.0474495589952366
2015-02-18,-0.004174993303493471,3.03475299996052
2015-02-19,-0.004674899322615097,3.0205989453844646
2015-02-20,0.002816835574657259,3.029119470776229
2015-02-23,-0.0017280574833783491,3.0238894983546682
2015-02-24,0.0047393599621828155,3.0382548134840133
2015-02-25,-0.0004978686511854986,3.036742538146545
2015-02-26,0.0019247675651695097,3.0425931904543813
2015-02-27,-0.0009201134019151979,3.0397949472312322
2015-03-02,0.0051418856319581175,3.0554654787087565
2015-03-03,-0.003242491803404182,3.0455742017968173
2015-03-04,-0.005868738241183817,3.0277528695297575
2015-03-05,-2.5934232797931366e-05,3.0276743481001853
2015-03-06,-0.014719376399278068,2.983435254425843
2015-03-09,0.002180223267643741,2.9899469052319914
2015-03-10,-0.01717249674671885,2.9390403986370095
2015-03-11,-0.0030028025449980174,2.9302282777990136
2015-03-12,0.011130436201789152,2.9630251800249345
2015-03-13,-0.004600143468137172,2.9494261418415775
2015-03-16,0.012379050645850655,2.986164159170177
2015-03-17,-0.004142880131962486,2.9738184301001547
2015-03-18,0.011134154356136069,3.007114400793853
2015-03-19,-0.0082001676441006,2.9825563861132625
2015-03-20,0.009627422116051497,3.0114093825569253
2015-03-23,0.0015553429055925729,3.0160968011025693
2015-03-24,-0.00688906198626023,2.995390129947168
2015-03-25,-0.012233337311029982,2.9589697377858415
2015-03-26,-0.0021740487074939684,2.952543781154266
2015-03-27,0.0007296348224036579,2.9546988460212464
2015-03-30,0.01177158333126486,2.9896858519216867
2015-03-31,-0.008340003241154168,2.964855548555735
2015-04-01,-0.005955347645891827,2.9472512748588366
2015-04-02,0.0017289073312068228,2.9523512065791597
2015-04-06,0.005517218117931607,2.9686849892344687
2015-04-07,-0.0008400901597601531,2.966192073471201
2015-04-08,0.001469861030156675,2.9705551693947547
2015-04-09,0.0033245615486988743,2.9804473974383803
2015-04-10,0.00409424235336173,2.992675085884024
2015-04-13,-0.003779872753725209,2.981384506785078
2015-04-14,-0.0005624730398654146,2.9797080299092613
2015-04-15,0.0060414938651206515,2.997764406515138
2015-04-16,-0.0014723504240887334,2.993353894526251
2015-04-17,-0.010528439866165756,2.962003871058223
2015-04-20,0.008685330613962067,2.9878418974349263
2015-04-21,-0.0026778273999617072,2.979851675527462
2015-04-22,0.0059123399980733,2.997521756066411
2015-04-23,0.0010242690330653002,3.000593597704659
2015-04-24,0.0065193855267936356,3.0202195291717393
2015-04-27,-0.0015591287572457187,3.0155142870429263
2015-04-28,0.004279507050845757,3.028446854465546
2015-04-29,-0.0031838769985525093,3.0188199856996447
2015-04-30,-0.007370438036570128,2.996651755190461
2015-05-01,0.008846007402398787,3.0232777520544047
2015-05-04,0.003971369576944961,3.035308178163931
2015-05-05,-0.008913381027103918,3.0083735375205647
2015-05-06,-0.006675313297293809,2.9883585790234637
2015-05-07,0.0028846578189586046,2.996991416368837
2015-05-08,0.012988866481679517,3.0361728480563066
2015-05-11,-0.006589619244683633,3.0162314004598665
2015-05-12,-0.0028549968526656623,3.0076323502761566
2015-05-13,0.0005774036394117047,3.0093694696024667
2015-05-14,0.010693739271752179,3.041723566899867
2015-05-15,0.0002415564507951648,3.0424584035976863
2015-05-18,0.0017223742401865794,3.047703171008442
2015-05-19,-0.0024640104383410574,3.040202842820343
2015-05-20,-0.0013502761310407554,3.036100499759417
2015-05-21,0.0003792021147270103,3.037252013803932
2015-05-22,-0.0043419681590272504,3.0240929510584107
2015-05-26,-0.009059799584200714,2.996819009772221
2015-05-27,0.007441998167229194,3.019204524515028
2015-05-28,-0.0004456305471042536,3.0178593744931796
2015-05-29,-0.005646669390321346,3.000866541943812
2015-06-01,0.0011586394893501315,3.004345479449575
2015-06-02,-0.0019880124978638165,2.998378736033913
2015-06-03,0.0008947835887713798,3.0010628367854064
2015-06-04,-0.009086332090411365,2.973917694874759
2015-06-05,-0.005555269489809749,2.9574425848471235
2015-06-08,-0.005036893257161636,2.9425837149184186
2015-06-09,0.0015970692158932295,2.9472869795045553
2015-06-10,0.010185253832715123,2.9774592407411387
2015-06-11,0.0014511384796032254,2.9817830829049368
2015-06-12,-0.007348942267351931,2.9599504528033784
2015-06-15,-0.006397148519955012,2.941075646981714
2015-06-16,0.008167617700348854,2.965195595667352
2015-06-17,0.0028519348215241868,2.9736642104680073
2015-06-18,0.008342612585873413,2.998576109610928
2015-06-19,-0.007524578113993879,2.976097765530222
2015-06-22,0.003703181392026853,2.987139227045663
2015-06-23,-0.0003963648744911037,2.985955464597273
2015-06-24,-0.006007396748345486,2.968071417516162
2015-06-25,-0.0029673944169238023,2.959277033618825
2015-06-26,-0.0008098577109689235,2.9568814104821253
2015-06-29,-0.017315709197242207,2.9061216507512655
2015-06-30,-0.0008959586801145422,2.9035190519174154
2015-07-01,0.0061532517060581314,2.9214402156478685
2015-07-02,0.00056348113102561,2.923086855966611
2015-07-06,-0.002538284127196254,2.9156766395935922
2015-07-07,0.008328053713788265,2.9400599430624936
2015-07-08,-0.01125812877066028,2.9071459920200597
2015-07-09,0.0010670673773349626,2.9102497683440203
2015-07-10,0.010183936489291813,2.9400389954921713
2015-07-13,0.010920461971438694,2.972321528801166
2015-07-14,0.004047960254822077,2.9843777533103713
2015-07-15,0.0014171591796155478,2.9886100898778936
2015-07-16,0.007997387417118447,3.0126069909629924
2015-07-17,0.0010007615715522712,3.015623401371798
2015-07-20,0.0009887469314236155,3.018606564309801
2015-07-21,-0.0049208980847462,3.00378879731081
2015-07-22,-0.00419634254743517,2.991210280917133
2015-07-23,-0.004617215813957138,2.9774310528197216
2015-07-24,-0.010709411567596173,2.9457146533813106
2015-07-27,-0.004566728238998176,2.9322930448347013
2015-07-28,0.01113127815129075,2.9651155536692357
2015-07-29,0.0070101539055232006,2.985974496827815
2015-07-30,-0.0032434811347792393,2.976305234390429
2015-07-31,-0.004542874578552009,2.9628149186101727
2015-08-03,-0.0008983387163016544,2.9601545024158993
2015-08-04,-0.0012615549164714536,2.9564224595333535
2015-08-05,0.001241509111343061,2.960095164330336
2015-08-06,-0.005227300210456124,2.944662229687749
2015-08-07,-0.004654649487784667,2.9309877088883183
2015-08-10,0.010642888808760291,2.962348473718628
2015-08-11,-0.005652041182647694,2.9456523860824166
2015-08-12,0.002216734055029643,2.952189356726807
2015-08-13,-0.00321300337489305,2.9427191843552385
2015-08-14,0.0018416402893116977,2.948143607950657
2015-08-17,0.0021125040687144576,2.9543781562533726
2015-08-18,-0.005703301467346253,2.9375764052487248
2015-08-19,-0.009830659992065931,2.9088395728536813
2015-08-20,-0.015819366636787797,2.8631856334459362
2015-08-21,-0.0316493684906554,2.773986608317928
2015-08-24,-0.03668543834006875,2.674065720481405
2015-08-25,-0.01551880234041672,2.632887765804664
2015-08-26,0.04043684075126554,2.741535306686525
2015-08-27,0.021155041379412553,2.8001504160611734
2015-08-28,-0.001309251229637035,2.796486714561964
2015-08-31,-0.0055519050880291874,2.78100390505692
2015-09-01,-0.027654017070906412,2.7051516196968963
2015-09-02,0.015556598680450485,2.74756361568211
2015-09-03,0.00247649596324098,2.754376378292739
2015-09-04,-0.01729241773209493,2.7071560052533914
2015-09-08,0.024672260301356663,2.7747784317174493
2015-09-09,-0.016535089027348824,2.729274466140848
2015-09-10,0.004375656743119317,2.7412430003650208
2015-09-11,0.005058180841557716,2.7551438300086755
2015-09-14,-0.0029922233198673384,2.7469121460510806
2015-09-15,0.012451978405655017,2.7813304802354755
2015-09-16,0.0064242857873083176,2.79925605998188
2015-09-17,-0.004938353498802156,2.7854664211040925
2015-09-18,-0.01589982022512715,2.741528236030138
2015-09-21,0.006143023687356815,2.7584213431781106
2015-09-22,-0.008921878616397436,2.7339205020684485
2015-09-23,-0.001489488928332118,2.729851388951449
2015-09-24,0.001996792269568041,2.73530778092967
2015-09-25,0.002684643194434803,2.742660972279592
2015-09-28,-0.0122229556963671,2.7093415941933703
2015-09-29,0.0037082351194944736,2.7194071209793687
2015-09-30,0.012718044304730275,2.7542135267759207
2015-10-01,-0.003454397697194014,2.744715791832899
2015-10-02,0.01168216815707737,2.7769680445803817
2015-10-05,0.016679135233678276,2.823673893957364
2015-10-06,0.00019263437414874179,2.8242178830045392
2015-10-07,0.009274068427374204,2.850531702385699
2015-10-08,0.006893583662118845,2.870249967827136
2015-10-09,-0.0009247161494857197,2.867597028125962
2015-10-12,0.0010062988630753563,2.870484140160269
2015-10-13,-0.0035864220544162407,2.8602078111744746
2015-10-14,-0.01153514177007142,2.8274044679204144
2015-10-15,0.013486050601716308,2.8657932624351914
2015-10-16,0.004003273607238419,2.877288811528149
2015-10-19,-0.0010250506045576247,2.874340956001067
2015-10-20,4.983305942840473e-05,2.874484196773778
2015-10-21,-0.005259395393704768,2.8594058341226924
2015-10-22,0.020197424946015615,2.917745642570092
2015-10-23,0.010236638228345411,2.9477669456071056
2015-10-26,-0.0035136330051191655,2.9374277490836747
2015-10-27,-0.0022830409536869264,2.9307291307535976
2015-10-28,0.010156007902553508,2.9606452962320717
2015-10-29,-0.0005995750138523468,2.9588706993427114
2015-10-30,-0.006765023798531078,2.938921423390574
2015-11-02,0.01317271401193794,2.977891099502568
2015-11-03,0.004882847089510506,2.992467243972358
2015-11-04,-0.0038993992567508424,2.980821140585691
2015-11-05,-0.0013069186641623345,2.976927994369392
2015-11-06,0.00019561146978315335,2.977510372587882
2015-11-09,-0.010240782080815284,2.9471739372543686
2015-11-10,0.002581883479094021,2.9547930285234365
2015-11-11,-0.002846868098365224,2.9463930849521733
2015-11-12,-0.014352213633742495,2.9044078332940795
2015-11-13,-0.01033580999112445,2.8745430301262695
2015-11-16,0.01674628161246406,2.9230862620906097
2015-11-17,0.000664287481582809,2.9250286767915594
2015-11-18,0.01483111917940555,2.9687334197130864
2015-11-19,0.0023594593625184987,2.97574629561949
2015-11-20,-0.002741673172986192,2.9675989456201193
2015-11-23,-0.0011766594935842378,2.96410914570335
2015-11-24,0.0026373638948018895,2.9719368979227374
2015-11-25,-0.0006464538410837228,2.9700162987558563
2015-11-27,-0.0011152671454021093,2.9667057835541053
2015-11-30,-0.0046122216773739075,2.9530541851282965
2015-12-01,0.010741291267160901,2.984944766655939
2015-12-02,-0.010065459852068531,2.9550506264699754
2015-12-03,-0.01089614744770269,2.9230267444371734
2015-12-04,0.021119690756321936,2.9854166743416815
2015-12-07,-0.002933531946188073,2.9766716922682823
2015-12-08,-0.01024134031804489,2.946342157090834
2015-12-09,-0.004872710995592175,2.9320204044830476
2015-12-10,0.002726329392777672,2.9400249644675225
2015-12-11,-0.013934814355641189,2.8993403867444987
2015-12-14,0.010724540011256943,2.930601811298482
2015-12-15,0.015410246656928014,2.976112875784404
2015-12-16,0.01276966594472557,3.014360528159608
2015-12-17,-0.014916953630450442,2.969729161543254
2015-12-18,-0.020024498108849292,2.9108532729512633
2015-12-21,0.0061027651820524855,2.92867184292723
2015-12-22,0.009271412714244719,2.955951031186448
2015-12-23,0.010788469372506602,2.988013861801076
2015-12-24,-0.003239561906237088,2.9783496682476707
2015-12-28,-0.0022850086097311153,2.971551883069517
2015-12-29,0.008891066481401012,2.998089949449423
2015-12-30,-0.006155408077322934,2.979692163388019
2015-12-31,-0.010198757180063522,2.9494574468789905
2016-01-04,-0.017359840770936174,2.8986972048696056
2016-01-05,0.0034216838983120025,2.9086326186506843
2016-01-06,-0.009985984180682729,2.8797316020474835
2016-01-07,-0.017383572972782722,2.8301041783028733
2016-01-08,-0.01129453243393664,2.798319310370046
2016-01-11,0.0031709730021881413,2.8072067888849284
2016-01-12,0.0062539303287687835,2.82481787641844
2016-01-13,-0.018549779230156674,2.772901139132267
2016-01-14,0.018284472641034458,2.8240685330300206
2016-01-15,-0.021867064273610667,2.762984740522974
2016-01-19,0.002513559835921176,2.7699384035569796
2016-01-20,-0.013927266691013953,2.7316281306346255
2016-01-21,0.00822858772436037,2.75419830531763
2016-01-22,0.018675659066469247,2.8061180828606824
2016-01-25,-0.010551930293799578,2.7766637935521272
2016-01-26,0.01740550177090514,2.8254160682380496
2016-01-27,-0.0076781663944708025,2.8038051259093613
2016-01-28,0.009269699495625058,2.8299163916921204
2016-01-29,0.02323247491191594,2.896432022851959
2016-02-01,-0.003700745816717035,2.885732873786422
2016-02-02,-0.01638789835272934,2.8388271694922684
2016-02-03,0.0059415401934406155,2.8557443826054234
2016-02-04,-0.00037160436411472946,2.85468337268022
2016-02-05,-0.012483119926490573,2.8192695153729947
2016-02-08,-0.002514940898737659,2.812188127532607
2016-02-09,-0.001025919280271571,2.8093045289354373
2016-02-10,-0.003606869617582483,2.79918998566832
2016-02-11,-0.009370997749794524,2.7730813058633923
2016-02-12,0.016843105489768872,2.820184172559521
2016-02-16,0.009959843785625469,2.848413110917767
2016-02-17,0.010876013895313279,2.879561569989237
2016-02-18,-0.004716016449316034,2.866013481871589
2016-02-19,0.0012809288435219057,2.8696869934576297
2016-02-22,0.01129630260420707,2.902287632788312
2016-02-23,-0.01119593389265533,2.869975034698642
2016-02-24,0.002709751860930713,2.877762501175509
2016-02-25,0.010471145117382364,2.9080542880088047
2016-02-26,-0.007615236995285981,2.885992873475576
2016-02-29,-0.007485574455098509,2.8644702141782616
2016-03-01,0.021605812871401963,2.9270328461353268
2016-03-02,0.004870815959302561,2.9413246625835874
2016-03-03,-0.00021808269545954608,2.940683280512657
2016-03-04,0.0021137680176919593,2.9469057769212648
2016-03-07,0.00023540398272597503,2.9475995719357213
2016-03-08,-0.0062338414023014235,2.929281857868969
2016-03-09,0.00580093706745385,2.9463238194629473
2016-03-10,-0.0016212915758309274,2.9415508397162253
2016-03-11,0.009585315193349379,2.9698820967679302
2016-03-14,-0.0009935738713384421,2.966932764947772
2016-03-15,0.001881437189745245,2.972520117069077
2016-03-16,0.00036348378055547025,2.973600776308161
2016-03-17,0.007356692137267084,2.995557306449381
2016-03-18,0.0006159289433899771,2.9974029252226693
2016-03-21,0.0027458618463036756,3.0056446897480074
2016-03-22,-0.0011520684819416353,3.0021839751059383
2016-03-23,-0.0019232930019674414,2.9964154447412157
2016-03-24,0.001949856620516043,3.0022637250350845
2016-03-28,-0.0006149090642867805,3.000418173338567
2016-03-29,0.007804061272959707,3.023925226544807
2016-03-30,0.004649686988412575,3.038018271056976
2016-03-31,-0.004465729421828111,3.0244815516395525
2016-04-01,0.005168673200750013,3.0401545778646892
2016-04-04,7.070413060841184e-05,3.0403695369501906
2016-04-05,-0.006498948323795937,3.0206744006017936
2016-04-06,0.010970361456398634,3.053994724445527
2016-04-07,-0.011760983022457643,3.0182871341131734
2016-04-08,0.0026702777568769175,3.0263575694678306
2016-04-11,-0.005167217185277293,3.010760055202589
2016-04-12,0.008979006175029667,3.037915419979472
2016-04-13,0.006231161930366029,3.056904262728597
2016-04-14,0.0012231136562983044,3.0606454915859813
2016-04-15,-0.0007108878364064556,3.058470489117457
2016-04-18,0.007738781194307528,3.0822311436925363
2016-04-19,0.005695487123066338,3.0998360381167194
2016-04-20,-0.0039023640542901958,3.087762921556652
2016-04-21,-0.007627761837857968,3.064299800690518
2016-04-22,-0.0024378699044592753,3.05683853492113
2016-04-25,0.001647504925300652,3.061878842288804
2016-04-26,-0.004046488807711829,3.0495140177568243
2016-04-27,0.0007895589671892564,3.0519227396839783
2016-04-28,-0.00905079385425131,3.0244250418156207
2016-04-29,-0.0013333840326332494,3.020395009144662
2016-05-02,0.008880666490841736,3.047337586843541
2016-05-03,-0.005452334459211428,3.0307676964511834
2016-05-04,-0.00255417774739834,3.0230364547292616
2016-05-05,0.0009162211233018872,3.0258074938340287
2016-05-06,0.0060252516585732226,3.0440937798708565
2016-05-09,-0.00011050591505601384,3.043757408088074
2016-05-10,0.010387250806956004,3.0755384527716836
2016-05-11,-0.009201214023111332,3.047369557983059
2016-05-12,0.00237829087666759,3.054625714405725
2016-05-13,-0.010891878982976326,3.021535634489838
2016-05-16,0.008459452410140839,3.047204590975899
2016-05-17,-0.010007985381893745,3.016860307817525
2016-05-18,-0.001060299444527961,3.0136632277395656
2016-05-19,0.001905683030572779,3.019411790341911
2016-05-20,0.003934194232200555,3.0313141405188913
2016-05-23,-0.0033039840839840223,3.021315254021894
2016-05-24,0.01161743300218801,3.0566198589328897
2016-05-25,0.0068599740268955895,3.07766027762602
2016-05-26,8.770724596310899e-05,3.0779302225708713
2016-05-27,0.004192682304229633,3.090862096825206
2016-05-31,-0.0023497605629946086,3.083607837188825
2016-06-01,-3.0650724280717324e-05,3.0835133238236767
2016-06-02,0.0019283527982478911,3.0894651621478024
2016-06-03,-0.002210850362508936,3.0826423618484404
2016-06-06,0.00448972803235152,3.096513703649071
2016-06-07,0.002245321158125981,3.1034741827155083
2016-06-08,0.0033225525682786332,3.1138027879971184
2016-06-09,0.000836128817176844,3.116407416990104
2016-06-10,-0.0026433969767239657,3.1081803934808874
2016-06-13,-0.007406908900489796,3.0852434353043465
2016-06-14,0.002226550781339408,3.0921205397558706
2016-06-15,-0.0028740593476887424,3.0832463603820495
2016-06-16,0.005053586386818343,3.098867249728159
2016-06-17,-0.006900789363005057,3.0775562355545603
2016-06-20,0.004350166359042723,3.090973279185841
2016-06-21,0.005188910197842496,3.107053745924141
2016-06-22,-0.002494451428168044,3.099313009729211
2016-06-23,0.01016422702373574,3.1309757719358355
2016-06-24,-0.02715774837253755,3.0470897531898213
2016-06-27,-0.009065015297341187,3.0195926570597345
2016-06-28,0.014816027281746663,3.0646640895495096
2016-06-29,0.013374908890744016,3.105929034820554
2016-06-30,0.011754531587711656,3.1426531905497637
2016-07-01,0.00022826231223411393,3.1433706217117217
2016-07-05,-0.0005029132160754105,3.141790176529735
2016-07-06,0.0038598159740557683,3.1539403420571226
2016-07-07,-0.0027228789267960984,3.145364225525512
2016-07-08,0.010735929653578566,3.1793145526547333
2016-07-11,0.0032078158182428118,3.1895295833770185
2016-07-12,0.0029391314632625843,3.1989178200010007
2016-07-13,0.0015138883009840425,3.2037642918474054
2016-07-14,0.0041782670119048775,3.21717847901451
2016-07-15,-0.0005909499357034053,3.2152778492430225
2016-07-18,0.002595158823901007,3.2236328425028855
2016-07-19,0.00040656529368613743,3.2249437261980844
2016-07-20,0.0019063268211667174,3.231097386500355
2016-07-21,-0.0030952491763730325,3.2211117968923135
2016-07-22,0.0030909623171136956,3.231083535270295
2016-07-25,-0.004947278986549042,3.2151379397703543
2016-07-26,-0.004569827241763785,3.2004788351259257
2016-07-27,-0.0023517226275124566,3.1929610399797883
2016-07-28,0.0008029124004946818,3.1955257374690116
2016-07-29,0.0030430671466242726,3.2052647475722615
2016-08-01,-0.00102423239002835,3.201983492270013
2016-08-02,-0.003953406442427026,3.1893497397373056
2016-08-03,-2.3785370831659505e-05,3.1892738807732046
2016-08-04,0.00037540218070109346,3.1904713658981003
2016-08-05,0.006234939089725059,3.210425903551948
2016-08-08,-0.0006269491773430996,3.208413760494421
2016-08-09,0.0026840001683202906,3.2170367103905746
2016-08-10,-0.001135217649623811,3.2133867456816123
2016-08-11,0.0028228190428575615,3.222470369661004
2016-08-12,4.9789184773299716e-05,3.222630817827924
2016-08-15,0.0013622091945500662,3.227023706495985
2016-08-16,-0.005645345200874419,3.2088573695695226
2016-08-17,0.00462101796160241,3.223719870605071
2016-08-18,0.0017025577147977556,3.2292131146967304
2016-08-19,-0.004381920810904093,3.2150939157446157
2016-08-22,-0.0022672353772504226,3.2078127982002593
2016-08-23,0.0013587298776174298,3.2121743116793158
2016-08-24,-0.0015494749377677215,3.207200982107419
2016-08-25,-0.0009326339043091735,3.204211232121382
2016-08-26,-0.0017974360527388395,3.1984570402773227
2016-08-29,0.0056463095974548135,3.216567599758876
2016-08-30,-0.0022863791284556995,3.209221707680756
2016-08-31,-0.0013628207139796539,3.2048510927205305
2016-09-01,0.00167974477156471,3.210238948431563
2016-09-02,0.003396878442416691,3.2211622820252024
2016-09-06,0.0035881459241849695,3.232741043057851
2016-09-07,-0.0018068624208096794,3.226905198622658
2016-09-08,-0.001313732074493652,3.2226686931877264
2016-09-09,-0.022077347773517494,3.1523003470729907
2016-09-12,0.01515199417110758,3.2004276752915217
2016-09-13,-0.013752395343037918,3.1567153918695285
2016-09-14,-0.0007730838384306922,3.154275929293592
2016-09-15,0.009561490521870922,3.1845801546037924
2016-09-16,-0.003945459722849035,3.172040275929728
2016-09-19,-0.002981058068725442,3.162598320172367
2016-09-20,0.0014351476384524286,3.1671403741623783
2016-09-21,0.005701263155702449,3.1852486458477633
2016-09-22,0.0060367746991477665,3.204535430699163
2016-09-23,-0.00484233591021479,3.1890555034593593
2016-09-26,-0.00968731395139267,3.1583112765081256
2016-09-27,0.008216516445555402,3.1843684962430854
2016-09-28,0.005167003797920061,3.2008647216856696
2016-09-29,-0.010797740804877824,3.166488540612031
2016-09-30,0.009505729295852942,3.196731838067936
2016-10-03,-0.0046283332877033855,3.1819704842733287
2016-10-04,-0.002911226958071739,3.1727205169298447
2016-10-05,0.004249248012396292,3.1862308773877537
2016-10-06,-0.0024662315066341554,3.1783825762522713
2016-10-07,-0.0008770776711037683,3.175596110016701
2016-10-10,0.0031820982204586365,3.185717263459106
2016-10-11,-0.008251129736396783,3.1595396430028027
2016-10-12,0.001326881175203136,3.163734759272316
2016-10-13,-0.004075657270314699,3.150866701408719
2016-10-14,0.0010971542572518942,3.15432558534185
2016-10-17,-0.0015121727148112167,3.1495593048859347
2016-10-18,0.0018057218221648585,3.155251670720848
2016-10-19,0.0013158654099983983,3.1594062901146875
2016-10-20,-0.004557447953783266,3.1450402215531783
2016-10-21,-0.002681371107341623,3.1366184975012925
2016-10-24,0.005127473608392002,3.1527427290258108
2016-10-25,0.0009055774322552987,3.1555990748168665
2016-10-26,0.0009668735188105598,3.1586516154708475
2016-10-27,0.0002947892945598651,3.159582889410382
2016-10-28,-0.0024405710099933134,3.1518811052053444
2016-10-31,-0.001245146447195836,3.147958993953393
2016-11-01,-0.005403368669745693,3.130995282817702
2016-11-02,-0.00734949412020608,3.1080684050724696
2016-11-03,-0.0017967088005811124,3.102489124888074
2016-11-04,-0.004763609486291593,3.0877452232372025
2016-11-07,0.019578526074052516,3.1487943999544177
2016-11-08,0.004623548692635294,3.163386712323868
2016-11-09,0.01240571384461212,3.2028752177616164
2016-11-10,-5.9750860812467316e-05,3.2026838489275633
2016-11-11,-0.0008774173153082494,3.1998749911135
2016-11-14,-0.004205944834767033,3.1864447566337626
2016-11-15,0.00792759464032128,3.2118059929863407
2016-11-16,-0.00026057508353764434,3.2109691854017495
2016-11-17,0.0007626658217845739,3.2134190159365206
2016-11-18,-0.0037734532985057344,3.2013161784583266
2016-11-21,0.006686228839421438,3.2227926292372824
2016-11-22,0.0011517944079121759,3.2265067623137456
2016-11-23,0.00144745829310456,3.231180377900446
2016-11-25,0.006122669226194045,3.251024514114038
2016-11-28,-0.004148374331803193,3.237565982282283
2016-11-29,-7.405706574466969e-05,3.237326226523394
2016-11-30,-0.004610363728379577,3.2224353277176254
2016-12-01,0.00014780600661651498,3.2229116582163826
2016-12-02,4.1264664472159095e-05,3.2230446533285626
2016-12-05,0.005997206696423466,3.2424319951466165
2016-12-06,0.003733596749231288,3.254560556192262
2016-12-07,0.01312903491880147,3.297571523807202
2016-12-08,-0.000669861302094288,3.2953633479208726
2016-12-09,0.00970433142207791,3.327498318015661
2016-12-12,0.00474602746393134,3.34332825135454
2016-12-13,0.005117434061956336,3.360481365760302
2016-12-14,-0.007893339912070483,3.3340603562561286
2016-12-15,0.003801327934438722,3.3467583323184527
2016-12-16,-0.00034175419721934984,3.3456147590329195
2016-12-19,0.0029557101623842747,3.3555180550021024
2016-12-20,0.0033195574821689206,3.366675398544097
2016-12-21,-0.0034526852598389074,3.355071372074121
2016-12-22,-0.0002997190096066278,3.3540659440857903
2016-12-23,0.0007707776939274894,3.3566521798778437
2016-12-27,0.0003968660115797975,3.3579845854164803
2016-12-28,-0.005841893991872185,3.3384247842123003
2016-12-29,7.473979882485294e-05,3.3386743067335796
2016-12-30,-0.0031588585564718847,3.3281445465997637
2017-01-03,0.006581323864264876,3.3501203794432
2017-01-04,0.0003240061105334711,3.351206014783907
2017-01-05,0.001941957106653234,3.357720236242302
2017-01-06,-0.0023184524860996093,3.3499445386886295
2017-01-09,-0.004784929926311703,3.333953577139357
2017-01-10,-0.0028425540117097163,3.3244900906317434
2017-01-11,7.550608003183225e-05,3.3247411193235687
2017-01-12,-0.00173686346899856,3.3189715098918935
2017-01-13,-5.580417978145043e-05,3.318786302576785
2017-01-17,-0.0002460638024379338,3.317969769863386
2017-01-18,-0.0004282551593454322,3.3165491364094053
2017-01-19,-0.0034956090839236486,3.3049760164571107
2017-01-20,0.006978830943133339,3.3281215558100814
2017-01-23,-0.0016757640109269665,3.3225490798642308
2017-01-24,0.0001525262406939319,3.3230558944351816
2017-01-25,0.005662901052803326,3.34192741450206
2017-01-26,-0.0017637388929928194,3.3360383220808543
2017-01-27,0.0002459339548249335,3.336858868074776
2017-01-30,-0.004195691576328346,3.3228877671412462
2017-01-31,-5.9765807220438795e-05,3.3226891780060193
2017-02-01,-0.0019758298950337534,3.3161305908561642
2017-02-02,6.296485723907319e-05,3.316339397119063
2017-02-03,0.005044280159430928,3.3331102049076295
2017-02-06,-0.0025231775673240165,3.3247107770893063
2017-02-07,0.0016334985705642234,3.3301461254995477
2017-02-08,0.0013769728642452183,3.3347348048667858
2017-02-09,0.004039198681582624,3.3482317012668115
2017-02-10,-0.0014818386594729175,3.343273836376159
2017-02-13,0.0030602950236863907,3.3535209122006844
2017-02-14,0.003521410841870581,3.365350853917257
2017-02-15,0.00833487726601422,3.3935178614533834
2017-02-16,0.0029516266331442854,3.403549056041124
2017-02-17,0.0034379871928312887,3.4152705517365747
2017-02-21,0.0067972321448098155,3.4385640143661833
2017-02-22,-0.0005162300342436096,3.4367893824458573
2017-02-23,0.0044404016580625845,3.4520840397984145
2017-02-24,0.003180766736323009,3.4630817952582906
2017-02-27,-0.002230903036203501,3.4553646069167363
2017-02-28,-0.0014438797311753819,3.4503790761165725
2017-03-01,0.011418449089974326,3.490002844414311
2017-03-02,-0.0028154664109569004,3.4801906780257923
2017-03-03,-0.0006168192794377042,3.4780446912305205
2017-03-06,-0.0028089242798935267,3.4682888351957315
2017-03-07,-0.0023483851800355886,3.4601535132685983
2017-03-08,-0.0012791540818806288,3.4557302733839657
2017-03-09,0.004106143344051061,3.4699491696800164
2017-03-10,0.0034069127032411704,3.4817911444186835
2017-03-13,5.0779222411952126e-05,3.4819679515546245
2017-03-14,-0.0008467978972887213,3.479020676464112
2017-03-15,0.006212390919995548,3.5007009864785066
2017-03-16,-0.000878292127512004,3.497627698181328
2017-03-17,-0.0026911678957822513,3.488227649037052
2017-03-20,-0.0011904393704098419,3.484077596193935
2017-03-21,-0.008000585545893316,3.4563141453620263
2017-03-22,-0.0009355361373248087,3.4530821506367513
2017-03-23,-0.0024750955312407216,3.444546010675408
2017-03-24,-0.0020778649176007805,3.4373961401677877
2017-03-27,-0.0008132274857674303,3.4346018914810448
2017-03-28,0.004776134101223925,3.4510452472771904
2017-03-29,-0.0001765701546252202,3.4504359494777463
2017-03-30,0.003344348398223326,3.4619947269345706
2017-03-31,-0.002822842474844064,3.4522358415500354
2017-04-03,0.0004537232682227262,3.453802556679416
2017-04-04,0.0022592711293565547,3.461614454356804
2017-04-05,-0.002831240325795054,3.451827652852333
2017-04-06,-0.00019589354115660322,3.4511515283363283
2017-04-07,-0.0004628840736902679,3.449554414925667
2017-04-10,-0.0005130661172970523,3.447785019382861
2017-04-11,-0.0014065743308584332,3.442938862515196
2017-04-12,0.001084063538196287,3.4466732507916524
2017-04-13,-0.008046034571270544,3.419052466563217
2017-04-17,0.007166686233679382,3.4436437565839104
2017-04-18,-0.0025047200334780305,3.435029186125949
2017-04-19,-0.004015369959781823,3.4212639279181443
2017-04-20,0.00490791415688745,3.438096470132559
2017-04-21,-0.004768879202007988,3.421739636263271
2017-04-24,0.008911611018775923,3.4523691252471815
2017-04-25,0.003781630353330054,3.46544942596508
2017-04-26,0.00016652346749903383,3.466026552671171
2017-04-27,-0.0024163136078436025,3.4576616557238857
2017-04-28,-0.002370401100964575,3.449475317014657
2017-05-01,0.0017871892587883198,3.4556456944234224
2017-05-02,0.00107590980334907,3.459365658316917
2017-05-03,0.0017806396070775517,3.46553102934637
2017-05-04,-0.0006808854488771775,3.463172202832311
2017-05-05,0.002554027789425002,3.4720285457366518
2017-05-08,0.0014390147408147767,3.4770284425943365
2017-05-09,-0.0035951765675910825,3.464550355316412
2017-05-10,0.0012224112833205498,3.4687880503377926
2017-05-11,-0.002026083980527531,3.461767109346949
2017-05-12,-0.0004797848301652833,3.46010660437672
2017-05-15,0.004746722764767012,3.4765698133972025
2017-05-16,-0.0006749511214400082,3.474224090416115
2017-05-17,-0.013941565383454913,3.426124042173531
2017-05-18,0.004942005465987735,3.4430978737547635
2017-05-19,0.006256861426114571,3.4647083965493826
2017-05-22,0.002953115051380299,3.4749552016142395
2017-05-23,0.002745158128139258,3.484507608565838
2017-05-24,0.0009830330007661247,3.4879346787220284
2017-05-25,0.0035278637657467646,3.5002613677475196
2017-05-26,-0.0008289047440016596,3.4973611866475394
2017-05-30,0.0009489121206301236,3.5006814501377654
2017-05-31,0.0005308181715026323,3.502540168741302
2017-06-01,0.005104096392497667,3.5204631728409104
2017-06-02,0.001551026652086014,3.525927741800221
2017-06-05,0.0016090740145221208,3.5316057874794176
2017-06-06,-0.0011962273307860396,3.5273837099006373
2017-06-07,0.00040315295135815707,3.52880607174928
2017-06-08,-0.0021269553040482803,3.521308435353336
2017-06-09,0.004569467188076855,3.5374357572803987
2017-06-12,0.0008142549886698476,3.540317304990954
2017-06-13,0.001484056399737546,3.545575236112677
2017-06-14,0.00022020765880354353,3.54635608490582
2017-06-15,-0.0024086139608647133,3.5378245608280987
2017-06-16,0.0006528707908361087,3.540135057292724
2017-06-19,0.0042746643224103095,3.5553003364649434
2017-06-20,-0.004300705443107874,3.5400428694087545
2017-06-21,-0.0026271554545921165,3.5307548323756013
2017-06-22,-0.0019636328894419137,3.523828528646663
2017-06-23,0.0019028475452252953,3.5305402207504577
2017-06-26,-0.00024755126898181706,3.5296663392083247
2017-06-27,-0.0075452344139177105,3.5031343999995417
2017-06-28,0.006388476694885005,3.525585731017365
2017-06-29,-0.008070834932827805,3.49724582771601
2017-06-30,-0.0002826084937732931,3.4962576159853755
2017-07-03,0.003373336033871553,3.5080715828221116
2017-07-05,0.0015352688514928188,3.513461552319463
2017-07-06,-0.008513271044820464,3.483677461722276
2017-07-07,0.0027759173563931343,3.4933612969971475
2017-07-10,-0.002385351923061458,3.4850383314567415
2017-07-11,-0.002189708800712759,3.477415461330291
2017-07-12,0.005739005557109622,3.497429744094434
2017-07-13,0.0003739959198571191,3.4987380131771126
2017-07-14,0.004199693455455072,3.5134625379166105
2017-07-17,-0.0003594567679277872,3.5121998269870867
2017-07-18,0.0021156174875195965,3.519638163924176
2017-07-19,0.004272007728322035,3.534706247930921
2017-07-20,0.0036631059507709245,3.5476779953595976
2017-07-21,-0.001464670349370976,3.542485620077987
2017-07-24,-0.0030008391291037155,3.531871124776712
2017-07-25,0.0035470575514064987,3.544421119539025
2017-07-26,0.005640913475499874,3.564471390149469
2017-07-27,0.011220655293960786,3.604692325555246
2017-07-28,-0.0007059279976886944,3.6021485702792537
2017-07-31,0.0019477021575276983,3.609171319713342
2017-08-01,0.00444589465069105,3.6252530374993897
2017-08-02,-0.00043989858839868365,3.6236586445169277
2017-08-03,0.0015999443251165386,3.62946093703614
2017-08-04,0.0022610869239893766,3.637676748533689
2017-08-07,0.0005337491193139385,3.6396188735522195
2017-08-08,-0.0017041126806490365,3.6334218346030807
2017-08-09,0.0014224134304962356,3.6385937400411477
2017-08-10,-0.007788848456901671,3.610363368565266
2017-08-11,-0.001652080016621658,3.604403683684979
2017-08-14,0.008457784289576331,3.635018235674041
2017-08-15,0.0002846226074103681,3.6360529912926984
2017-08-16,0.0005237102041321759,3.637957728068512
2017-08-17,-0.012378230976454525,3.5932038056560494
2017-08-18,-0.0017749872129215684,3.5868315718373807
2017-08-21,0.0021302901615720704,3.594480708393522
2017-08-22,0.007313926278507649,3.6208668508306503
2017-08-23,-0.0029134209538530286,3.610333093561799
2017-08-24,-0.002684641739392238,3.6006536413899313
2017-08-25,0.0026278228268949203,3.610127964189339
2017-08-28,-0.0011626643816576652,3.605933036111434
2017-08-29,0.0009947370757585592,3.6095217760255585
2017-08-30,-0.0004316849802296851,3.607963935961307
2017-08-31,0.003225427770326489,3.6196199507464177
2017-09-01,0.0003879315682558507,3.6210243879855586
2017-09-05,-0.006146714788798193,3.5988352488468265
2017-09-06,0.0020824611115039873,3.606337492153014
2017-09-07,-0.0020816012681712306,3.5988383432826514
2017-09-08,-0.003544259066884408,3.5861057050671468
2017-09-11,0.010126372814549065,3.622604436377745
2017-09-12,0.006643624753546019,3.6467517850277775
2017-09-13,0.00312281925101879,3.658157731791583
2017-09-14,0.0003071250174442336,3.6592814160957214
2017-09-15,0.0041560974105444865,3.674521393592259
2017-09-18,0.0025752519458694767,3.6839964069981397
2017-09-19,0.0069653562375901175,3.7097463289333157
2017-09-20,0.0010590835026607914,3.7136773413371005
2017-09-21,-0.005837815056576383,3.692060738095784
2017-09-22,0.0011535306197332671,3.696322100540598
2017-09-25,-0.0020127928175175955,3.688889652463729
2017-09-26,-0.0020715097329836556,3.681255990976549
2017-09-27,0.0006073183053477507,3.683492364152986
2017-09-28,0.0023806738332965045,3.6922720046230095
2017-09-29,0.002495769433748609,3.7014985731378185
2017-10-02,0.0021473369663334925,3.7094554778751108
2017-10-03,0.004935709144525651,3.727809529067041
2017-10-04,-0.0002616679896986578,3.726834208252274
2017-10-05,0.00557686622267857,3.7476763269012583
2017-10-06,-0.0003632940244196022,3.7463150657702253
2017-10-09,0.001265263899993451,3.751058142970361
2017-10-10,0.005986030488416735,3.773579430685879
2017-10-11,0.004207447598851343,3.789490016406863
2017-10-12,-0.004197040017070269,3.773618704726785
2017-10-13,0.001518169064672224,3.779352046896327
2017-10-16,0.0034497114617228655,3.7924122349587117
2017-10-17,0.0024906832816643694,3.801869705602392
2017-10-18,-0.0011456039610812693,3.7975167624586628
2017-10-19,0.0001573246837339822,3.7981142525810307
2017-10-20,0.0019738256655007468,3.805618471546915
2017-10-23,-0.0012732487699770925,3.8007760559630537
2017-10-24,-8.896705178904712e-05,3.8004379271642286
2017-10-25,-0.0029706338310310806,3.7891649698891943
2017-10-26,0.002493012215245706,3.7986231892742843
2017-10-27,0.010099737462624336,3.8371826787956245
2017-10-30,-0.004540761869908102,3.819798444703282
2017-10-31,0.0011908892435719782,3.824350111311156
2017-11-01,0.003399228543595262,3.8373720711402055
2017-11-02,0.0017098055426194691,3.8439388435286532
2017-11-03,0.0018090451504665468,3.850898996169244
2017-11-06,-0.0035591971871092474,3.837217249754143
2017-11-07,0.0006728884701490106,3.839800137899329
2017-11-08,0.0022810481953919252,3.8485689042617706
2017-11-09,-0.001046424681824379,3.844543773136223
2017-11-10,-0.0005881607695050882,3.842283228159322
2017-11-13,0.001367803536449383,3.8475423126240744
2017-11-14,-0.0008100734142574632,3.8444267829606353
2017-11-15,-0.006069431016847364,3.821163967242674
2017-11-16,0.013857087386374057,3.87448273850935
2017-11-17,-0.008520383495411113,3.841610898936572
2017-11-20,0.0008240522641074101,3.844777891800265
2017-11-21,0.00487594525355783,3.863570597181289
2017-11-22,0.00016534847966712717,3.864209485523772
2017-11-24,0.002567114738431773,3.8741420982700103
2017-11-27,0.0020615440030583624,3.882137050821417
2017-11-28,0.010119251170268264,3.921620806813107
2017-11-29,0.0005380154132237539,3.9237312669311195
2017-11-30,0.007642441286317991,3.9538330317345496
2017-12-01,0.0005143456101108574,3.9558671914832573
2017-12-04,0.0009550883403588272,3.959647198947037
2017-12-05,-0.001190736776340159,3.954935107393027
2017-12-06,0.0003741706580998124,3.956415204952173
2017-12-07,-0.0011680348153295821,3.9517966720775766
2017-12-08,0.003802646472909391,3.9668525657322604
2017-12-11,0.003787259549119766,3.981904550887736
2017-12-12,0.0053832589874807605,4.003397974776596
2017-12-13,0.0012613571062524958,4.008450875347319
2017-12-14,-0.0031446429025050854,3.9958655273359094
2017-12-15,0.009214984718874651,4.032857545784039
2017-12-18,0.004976196004015988,4.052975850186135
2017-12-19,-0.0023413193738968767,4.043497639395221
2017-12-20,-0.0007827713344086331,4.040333743817286
2017-12-21,0.0025868661768718745,4.0507990768944655
2017-12-22,-0.00031585591321672086,4.049519810095402
2017-12-26,0.00011133637760746355,4.049970694061536
2017-12-27,0.0008173926967281251,4.053282463852654
2017-12-28,0.0013817725772153336,4.05888704964866
2017-12-29,-0.005083698952387558,4.038305249969543
2018-01-02,0.0024739251147197394,4.048308082776298
2018-01-03,0.004988168605509748,4.068552174555952
2018-01-04,0.00353878513965107,4.082975411848216
2018-01-05,0.00710012871622896,4.112068221947372
2018-01-08,0.0008230830412387191,4.115454188840081
2018-01-09,-0.0007162379010094084,4.112507599925461
2018-01-10,-0.0013456565763220651,4.106977298806001
2018-01-11,0.0066125364749360345,4.134224824339763
2018-01-12,0.00592503260822772,4.158792952840926
2018-01-16,0.0003462912766575258,4.160233355947041
2018-01-17,0.012003438713603019,4.210471373350618
2018-01-18,0.0012606574064845215,4.215782682439374
2018-01-19,0.003158018273676099,4.229117245503059
2018-01-22,0.011002810573413686,4.2759063552735785
2018-01-23,-0.00422514985705865,4.25787812295922
2018-01-24,0.0005104628810014069,4.260052166529883
2018-01-25,0.0023546907097259746,4.270095091139691
2018-01-26,0.012879837216333866,4.325448929807981
2018-01-29,-0.006426527908067791,4.297740441595957
2018-01-30,-0.012966242301841362,4.242374616719001
2018-01-31,-0.002891944831836372,4.230123626503656
2018-02-01,0.002519133674721155,4.2407933069125106
2018-02-02,-0.026561981479040275,4.129632297597305
2018-02-05,-0.049737840956323304,3.9292577092745042
2018-02-06,0.02001632906604003,4.008699438095736
2018-02-07,-0.0047441263140878525,3.9897267017196576
2018-02-08,-0.039152940098008605,3.8365356796643497
2018-02-09,0.015861660735646717,3.8978746902737207
2018-02-12,0.012348640476776083,3.94630656189045
2018-02-13,0.0022384063724803357,3.9551498934387603
2018-02-14,0.00917269339946754,3.991596170478995
2018-02-15,0.010347414689842823,4.0331132983664
2018-02-16,0.003760389932034298,4.048307927969413
2018-02-20,-0.013386934286196191,3.994474631124107
2018-02-21,-0.009880424904805018,3.955201859823582
2018-02-22,0.0033628195960841052,3.968524879043982
2018-02-23,0.014636450381118592,4.027037157990422
2018-02-26,0.014545857908657703,4.086041965698682
2018-02-27,-0.010621508866145277,4.042871707232943
2018-02-28,-0.013592655051852177,3.9882901412696214
2018-03-01,-0.01402495679442996,3.932744964181391
2018-03-02,0.00451720336943178,3.950550157548017
2018-03-05,0.01084016632504133,3.993607732329723
2018-03-06,-0.0018225110262796828,3.9863359666522724
2018-03-07,-0.0013740707339132846,3.9808622205833233
2018-03-08,0.00476568935150718,3.999879051439747
2018-03-09,0.01649312876572233,4.06639660511794
2018-03-12,-0.0034671323045135385,4.05232228295285
2018-03-13,-0.004385939548903101,4.034587961646537
2018-03-14,-0.006901306011092941,4.006839894577619
2018-03-15,0.002474743829072826,4.016768076667511
2018-03-16,0.002317172413581956,4.026086412772802
2018-03-19,-0.015011575227295054,3.966099886322791
2018-03-20,0.002233776210842485,3.9749691682061608
2018-03-21,-0.0034022088611467957,3.9614684719960156
2018-03-22,-0.024191626557522498,3.866784009357699
2018-03-23,-0.021513081459745263,3.784485986039823
2018-03-26,0.027953664950777907,3.891768726323465
2018-03-27,-0.014443889444642713,3.83596046353614
2018-03-28,-0.0001431524550712789,3.8354113756808035
2018-03-29,0.013629242770980023,3.8880429781721517
2018-04-02,-0.02271904565325531,3.8007062128059728
2018-04-03,0.015469659299834912,3.8599589713653955
2018-04-04,0.01041643673874302,3.90037612572551
2018-04-05,0.007429079963077538,3.929460232160274
2018-04-06,-0.020356108279720654,3.8502803455028873
2018-04-09,0.0029527515575266277,3.8616660681226547
2018-04-10,0.01606773128238253,3.9242154484224447
2018-04-11,-0.006948952690104689,3.8970407879910507
2018-04-12,0.007254121345272143,3.9254131787190043
2018-04-13,-0.002564471768426871,3.915359464186179
2018-04-16,0.00848109373809522,3.948707207600428
2018-04-17,0.008923815607361302,3.9841024379733603
2018-04-18,0.0007216480140366482,3.986978595247215
2018-04-19,-0.00250803566936291,3.976991639772659
2018-04-20,-0.007572276529020085,3.946990491173172
2018-04-23,0.00013709295046981574,3.947531632837589
2018-04-24,-0.008678726375196132,3.9134203214137253
2018-04-25,0.002396435382332248,3.922809826515439
2018-04-26,0.015162367039957636,3.982742118451647
2018-04-27,0.001516673850819427,3.9887872223439635
2018-04-30,-0.00896817221292715,3.9531750184866725
2018-05-01,0.0003323518333903324,3.9544890818053604
2018-05-02,-0.007017342676380734,3.926836215105112
2018-05-03,-0.0016503571539101313,3.920360877644759
2018-05-04,0.011402932301608673,3.965320334994269
2018-05-07,-1.530150094110212e-05,3.965259660105641
2018-05-08,0.0010278167526493408,3.969337315595242
2018-05-09,0.007659272851977927,3.999856280478452
2018-05-10,0.010147558201718074,4.040651691720073
2018-05-11,0.0065851142360788435,4.067347646183537
2018-05-14,0.0027176825593439994,4.078416439865474
2018-05-15,-0.007691369474091748,4.047168157247279
2018-05-16,0.0032511902097069334,4.060347683701623
2018-05-17,-0.0032323198030177174,4.0472445296769335
2018-05-18,-0.004747331617131875,4.0280764523681425
2018-05-21,0.009606301153821158,4.0669578219121805
2018-05-22,-0.003354397251080785,4.053338484877826
2018-05-23,0.002814893192147575,4.06476427342711
2018-05-24,-0.006445145183519377,4.038650521406436
2018-05-25,-0.0032856152242393033,4.025402845069133
2018-05-29,-0.010554974540956472,3.9831382636943715
2018-05-30,0.015394068497887216,4.044929354854604
2018-05-31,-0.007297964010702908,4.015517061468471
2018-06-01,0.009214358447566753,4.052688467353113
2018-06-04,0.006119567060136924,4.077565206003887
2018-06-05,-0.0005013207166234682,4.075521550398982
2018-06-06,0.009173429736929938,4.113080067808743
2018-06-07,0.003665497093963081,4.128184216038813
2018-06-08,0.003209414585519064,4.141454554291299
2018-06-11,8.787937224271761e-05,4.141818518709949
2018-06-12,-0.00029970728551678114,4.140577371524321
2018-06-13,-0.005039126603640393,4.11976496016535
2018-06-14,0.0005692664846346869,4.122110871942867
2018-06-15,-0.0011906107278965685,4.117205963015162
2018-06-18,-0.0017860320209497828,4.109859064179655
2018-06-19,-0.00041269088956838386,4.108163312721114
2018-06-20,0.00011055099739233706,4.108617499377718
2018-06-21,-0.0033258773146513728,4.094975440124744
2018-06-22,0.004803227139882025,4.114691850588408
2018-06-25,-0.01122992260373759,4.068742665356082
2018-06-26,0.0018227371496321446,4.0761656768087215
2018-06-27,-0.004000368271724787,4.059892084847509
2018-06-28,0.005910563158689947,4.083959389027763
2018-06-29,-0.00011836919239564577,4.083476002662699
2018-07-02,0.0006272345027065315,4.086038103137453
2018-07-03,-0.004387508202124307,4.068149848573627
2018-07-05,0.009582343930320574,4.107319629018754
2018-07-06,0.004844095539573579,4.127264145284168
2018-07-09,0.008224235927763423,4.161347702848602
2018-07-10,0.007446874442033329,4.192452409378475
2018-07-11,-0.006208175257307634,4.166505554709421
2018-07-12,0.0071807516449395765,4.1965318730715735
2018-07-13,0.0019331084508493988,4.204652070381986
2018-07-16,0.0013141053369080677,4.210181058148027
2018-07-17,0.0037987421219995046,4.226204866162875
2018-07-18,0.0024949329930182267,4.236762128473439
2018-07-19,-0.005692611416954372,4.21271240581874
2018-07-20,0.0014022866604607583,4.218623980121958
2018-07-23,0.0027581078208211035,4.230275460548058
2018-07-24,0.009753720902413821,4.271738266334918
2018-07-25,0.004843567280435689,4.292478906827971
2018-07-26,-0.003415605470742791,4.277842502711209
2018-07-27,-0.004133867226501876,4.260194971196533
2018-07-30,-0.0020557938950134043,4.251445884623909
2018-07-31,-0.00026332418376178194,4.250326523490429
2018-08-01,0.0030817871720060603,4.2634453295485795
2018-08-02,0.004840366069005769,4.284131990776117
2018-08-03,0.005627467328291122,4.308308766789595
2018-08-06,0.004265234653270186,4.3267239592795
2018-08-07,0.003082165668914,4.340080211843803
2018-08-08,0.0022952259606421415,4.3500531172748635
2018-08-09,-0.0021923252931002725,4.340526831973148
2018-08-10,-0.004362352372278745,4.321633164829976
2018-08-13,-0.0046672264378084215,4.301510120199873
2018-08-14,0.003511722908938928,4.316642386443856
2018-08-15,-0.00495114380593389,4.295322890726215
2018-08-16,0.0151682832590723,4.360972199987396
2018-08-17,0.0031875923255804185,4.374895380426548
2018-08-20,0.00018829229662059018,4.375719217083817
2018-08-21,0.0005794173355414833,4.378255319313503
2018-08-22,-0.0010530979806168065,4.373647014402297
2018-08-23,-0.0004739033978363353,4.371574819270174
2018-08-24,0.005610911354386385,4.3961722806156684
2018-08-27,0.005523473069411531,4.420521604327435
2018-08-28,0.0006178167926989516,4.4232535206320645
2018-08-29,0.00422879834049248,4.441998173524416
2018-08-30,-0.0018527637148787507,4.433775819878291
2018-08-31,-0.0020045699351113164,4.424896908343477
2018-09-04,-0.0007565962844727197,4.421550313953533
2018-09-05,7.962187095992942e-05,4.421902380077969
2018-09-06,-0.0035017328990371703,4.406445138398072
2018-09-07,-0.0019301607264215488,4.397948193921029
2018-09-10,0.0005044178612089873,4.400167157138005
2018-09-11,0.006834771546830857,4.430344303902178
2018-09-12,-0.0011572572472538,4.425220221361352
2018-09-13,0.002035813735584615,4.434238321942848
2018-09-14,-0.00035470043020545855,4.432665774610516
2018-09-17,-0.0031678036232964148,4.418646177298287
2018-09-18,0.004730750950264156,4.439599214623633
2018-09-19,0.0033083143562848347,4.454311126838299
2018-09-20,0.00811654196603327,4.490611848910637
2018-09-21,0.0006909266668347973,4.493715604497733
2018-09-24,-0.004782343054670172,4.472276420514145
2018-09-25,-0.0028101335415865935,4.4597263684575505
2018-09-26,-0.004397191663432351,4.440159148784743
2018-09-27,0.0028148739790694256,4.452675244587493
2018-09-28,-0.0015468377854149981,4.445793002501302
2018-10-01,0.0032044406173866065,4.460062132254349
2018-10-02,0.00301668052878148,4.4735370293568675
2018-10-03,0.00022309782366740404,4.474535177070364
2018-10-04,-0.005303609251237061,4.45086681027398
2018-10-05,-0.004603292762198018,4.430425252634792
2018-10-08,0.0019010250184838256,4.438855612506218
2018-10-09,0.003082393223611731,4.452559019761791
2018-10-10,-0.027597847830311592,4.3313581081727675
2018-10-11,-0.02271654747261779,4.234073771738195
2018-10-12,0.01285181940660395,4.288840495415036
2018-10-15,-0.005798693531228302,4.264042790408488
2018-10-16,0.019654018527554714,4.348677346609326
2018-10-17,0.0035120195293135022,4.363976836705623
2018-10-18,-0.011803855518643032,4.312767910602155
2018-10-19,0.010580730929748,4.358642412329131
2018-10-22,-0.0035050469719471538,4.343391908419422
2018-10-23,0.0005710655290573582,4.3458729781767875
2018-10-24,-0.020113089668764794,4.259337213296015
2018-10-25,0.017743241389366428,4.335586112546786
2018-10-26,-0.015375954135023929,4.269432232183355
2018-10-29,-0.0020257460481554507,4.260792200920372
2018-10-30,0.01450940661732913,4.323064441632412
2018-10-31,0.006034627166802789,4.349231398259871
2018-11-01,0.006787986978009938,4.378854350719314
2018-11-02,-0.0041080370659154685,4.360902752900805
2018-11-05,0.009125724353260131,4.40088128845611
2018-11-06,0.002918807018616059,4.413745376411162
2018-11-07,0.01889754460710713,4.497947426728849
2018-11-08,0.0011760079373110083,4.503240160142557
2018-11-09,-0.004130464302223335,4.4846780488759945
2018-11-12,-0.015458729793141598,4.415883729098987
2018-11-13,-0.0013672162489699472,4.409850386492859
2018-11-14,-0.0068522516509422525,4.379736274468308
2018-11-15,0.007150388148504085,4.411165319846932
2018-11-16,0.003743045611782326,4.4277074525052855
2018-11-19,-0.008775930006156066,4.389020208385097
2018-11-20,-0.018902184209311963,4.306837305027348
2018-11-21,-0.0034978983603299926,4.29179874289423
2018-11-23,-0.006996100051540055,4.261877676914973
2018-11-26,0.013504002936064921,4.319820434637485
2018-11-27,0.008908717341087115,4.358476425842001
2018-11-28,0.020561729934557155,4.449021937128687
2018-11-29,-0.0034270390858244463,4.433801061221701
2018-11-30,0.010952489912979476,4.482629128975785
2018-12-03,0.0036933029608219913,4.499215446704503
2018-12-04,-0.02717146124807364,4.378611106597618
2018-12-06,-0.001313129949883948,4.3728651946048585
2018-12-07,-0.0193765630987071,4.288949718495754
2018-12-10,0.0022062934633281695,4.298422846631837
2018-12-11,0.0012312469302523654,4.30371852604218
2018-12-12,0.0010336089410875888,4.308169187716234
2018-12-13,0.004753177481881251,4.328695424264859
2018-12-14,-0.022173763491126812,4.233768291018709
2018-12-17,-0.021882089950084553,4.142130858222316
2018-12-18,0.000530945988697516,4.144330689930381
2018-12-19,-0.01449502115531527,4.084691806545207
2018-12-20,-0.012172711038347448,4.03527143369916
2018-12-21,-0.014631580439997462,3.976658877941578
2018-12-24,-0.029309745635797482,3.86179554800839
2018-12-26,0.04779850120517527,4.050866238926264
2018-12-27,0.00998128686753756,4.091501555936113
2018-12-28,-0.000464696298824305,4.089600692002859
2018-12-31,0.009526901313303852,4.12874809483769
2019-01-02,-0.00025059990568631924,4.127713560587027
2019-01-03,-0.022469801367675398,4.035998920450828
2019-01-04,0.026033198709957565,4.142448481716166
2019-01-07,0.001531444399296694,4.148797271411246
2019-01-08,0.009936379728170214,4.1902267853399255
2019-01-09,-0.0020135961615627713,4.181797849852934
2019-01-10,0.0018727671205163582,4.189636721270033
2019-01-11,0.001195826096205332,4.194649794979739
2019-01-14,-0.003559816077461964,4.179744159601189
2019-01-15,0.009519613539566946,4.2197237016679825
2019-01-16,-0.00012652371295040934,4.219189840331394
2019-01-17,0.004126783714786474,4.236637500853086
2019-01-18,0.011901729144756516,4.287362069144418
2019-01-22,-0.010811915738566144,4.2412571620257955
2019-01-23,0.005605646409069661,4.265098911783388
2019-01-24,-0.0030409630108086654,4.252148604437805
2019-01-25,0.00029318022824752817,4.253395433100021
2019-01-28,-0.007977789677142728,4.219597733644662
2019-01-29,-0.0026432761483021205,4.208458899592575
2019-01-30,0.014694873246899923,4.270758289435577
2019-01-31,0.009453590277433085,4.31132373089743
2019-02-01,0.005780950770255283,4.33631946107138
2019-02-04,0.004407346017906735,4.355473299171759
2019-02-05,0.002581332463829783,4.366730747151262
2019-02-06,-0.002012409311673306,4.357951933779709
2019-02-07,-0.00939694241005398,4.3171923182431025
2019-02-08,-0.001267270048525338,4.311724734908501
2019-02-11,-0.000794062786493147,4.308302313739383
2019-02-12,0.013040262898392791,4.364851616099855
2019-02-13,0.0021638289660184146,4.374306634291107
2019-02-14,-0.010884269405555768,4.326953671105835
2019-02-15,0.010004005343769546,4.3704577836167
2019-02-19,0.0021793818534430135,4.379993066738906
2019-02-20,0.0010051648581622923,4.384397895267137
2019-02-21,-0.001445618165385699,4.378064309102066
2019-02-22,0.00394453651516958,4.395367848420415
2019-02-25,0.0017268299218551504,4.40296445827751
2019-02-26,-0.0007071111930115323,4.399852173322074
2019-02-27,-0.001297315581397706,4.394147877477757
2019-02-28,-0.0009389049456866828,4.390024126511542
2019-03-01,0.006350366618102427,4.417991095444536
2019-03-04,-0.0005769642843669351,4.415442807580046
2019-03-05,0.0016393605266380705,4.4226872467277545
2019-03-06,-0.004623627334241477,4.402285590256663
2019-03-07,-0.005852764722796269,4.37659530139723
2019-03-08,-0.0016202642194834815,4.369509802367598
2019-03-11,0.016037851594717305,4.440152315013985
2019-03-12,0.002731891077994762,4.452298911543251
2019-03-13,0.00694860256258076,4.483343901906968
2019-03-14,-0.0015543314204015692,4.476380712565649
2019-03-15,0.0034265814291618256,4.49174570525053
2019-03-18,0.003190055880967807,4.506097504403151
2019-03-19,0.0006690581015635421,4.509113354221784
2019-03-20,-0.004153754958886911,4.490422447862891
2019-03-21,0.006078241691232873,4.5177994384927445
2019-03-22,-0.01266147501659465,4.460958041104398
2019-03-25,-0.0015689767937872526,4.453964389333195
2019-03-26,0.008367738041881604,4.491390363587957
2019-03-27,-0.003927315101905706,4.473785850247411
2019-03-28,9.297766834808899e-05,4.4742018317626515
2019-03-29,0.00429488666969938,4.493459346386776
2019-04-01,0.006461312757014841,4.522586992664574
2019-04-02,-0.0016937868337792601,4.514933178156743
2019-04-03,0.0012044801009834416,4.520374601712444
2019-04-04,0.0026942446939038967,4.532570018338669
2019-04-05,0.002046873600115459,4.541857117766695
2019-04-08,0.002669927936987454,4.553999751736813
2019-04-09,-0.004254986837726235,4.534663709210491
2019-04-10,0.0011033429030822446,4.539669759419049
2019-04-11,-0.0008787342345736159,4.5356823483816635
2019-04-12,0.0007477459607322071,4.539075154857416
2019-04-15,0.003039167559688128,4.55289114874493
2019-04-16,0.0021681232665287965,4.562773086733282
2019-04-17,0.000978481211653513,4.567239859441891
2019-04-18,-8.402905839764137e-05,4.566856094700946
2019-04-22,0.0032410202588648435,4.5816813793698445
2019-04-23,0.003919944834360283,4.5996765646496005
2019-04-24,-0.0038952496175692843,4.581794526381865
2019-04-25,0.00018634537477567198,4.582648402155458
2019-04-26,0.0032888909660288668,4.59774504508395
2019-04-29,0.0015956576915027677,4.605087328656471
2019-04-30,0.002688033478202463,4.6174826095674435
2019-05-01,-0.006967652711885628,4.585421419668454
2019-05-02,-0.0020068385513422895,4.576228446680925
2019-05-03,0.008690004961783782,4.616169185852251
2019-05-06,-0.0023963151701259073,4.605120632799003
2019-05-07,-0.013462757366944071,4.543538474027966
2019-05-08,-0.0025472273503040054,4.531979776125235
2019-05-09,-0.004095558747900331,4.5134567436830855
2019-05-10,0.0064847949564941975,4.542820691900152
2019-05-13,-0.016028212232268853,4.470587825970114
2019-05-14,0.0030449903711360546,4.484221469475888
2019-05-15,0.006163310458774913,4.511944463509714
2019-05-16,0.008734047861941346,4.551524598190521
2019-05-17,-0.0032260075240364834,4.536865004284723
2019-05-20,-0.0019523678456528405,4.528016015981242
2019-05-21,0.003764982219100628,4.545096048602862
2019-05-22,0.0013442527875004143,4.551209915005977
2019-05-23,-0.007425311301450576,4.517540920666452
2019-05-24,0.003208459069987961,4.532058542951902
2019-05-28,-0.008713436615294246,4.492740285439644
2019-05-29,-0.009489055878757684,4.45031005162758
2019-05-30,-4.139659557696708e-05,4.450125827755328
2019-05-31,-0.015291873666194899,4.3825927355533505
2019-06-03,0.0004693614904741709,4.384650238630434
2019-06-04,0.01514727309400046,4.4515712894076325
2019-06-05,0.00891435230153853,4.491431564484299
2019-06-06,0.009172091106416935,4.532816888838972
2019-06-07,0.008090964223162005,4.569640516559911
2019-06-10,0.004800109383506259,4.591628019875278
2019-06-11,0.001527358412694135,4.598646440016526
2019-06-12,-0.0007627539637007144,4.595140141608245
2019-06-13,0.0014699033520846267,4.6018995201052135
2019-06-14,0.0023249326681320133,4.612611073630386
2019-06-17,-0.0011985976136912563,4.607085721003377
2019-06-18,0.005073687206799471,4.630520031797027
2019-06-19,0.0024404248582515697,4.641834268145751
2019-06-20,0.006929624395241536,4.674112143741667
2019-06-21,0.0026137191145354796,4.68634493957734
2019-06-24,0.0017492089088350575,4.6945495095569925
2019-06-25,-0.006615661974622278,4.6635944638387405
2019-06-26,-0.006075444991356206,4.635346947215417
2019-06-27,0.0015270578257369702,4.642430797394022
2019-06-28,0.003865111456485404,4.66040903141258
2019-07-01,0.005408932678728732,4.685685166952233
2019-07-02,0.005079033522662473,4.709544458772658
2019-07-03,0.0071091438442596865,4.743144580307411
2019-07-05,-0.0016193104561519167,4.735470171995256
2019-07-08,-0.002054467401240156,4.725751289879073
2019-07-09,-0.0006634153954337726,4.722617193437239
2019-07-10,0.005424271059040431,4.7483035511056135
2019-07-11,0.0020513962553756686,4.758054201033702
2019-07-12,0.0001899434243536065,4.758958047979081
2019-07-15,0.00039808650960977796,4.760852902110691
2019-07-16,-0.005822228005707814,4.733214667139948
2019-07-17,-0.00347520403967092,4.7167943289466425
2019-07-18,0.001718071063471996,4.724905082225722
2019-07-19,-0.0070869385081960825,4.691538344114276
2019-07-22,0.00038311472697312454,4.693336085894752
2019-07-23,0.009387870229243513,4.737603981522997
2019-07-24,0.0033617315605063507,4.753557334770031
2019-07-25,-0.004372759822761658,4.732816550524126
2019-07-26,0.01129352148842255,4.7865696756539275
2019-07-29,-0.0013796634076764889,4.779970374078382
2019-07-30,-0.0039009134994912324,4.761360444580704
2019-07-31,-0.013813869586492772,4.696039836246926
2019-08-01,-0.010728676752481436,4.645926846545842
2019-08-02,-0.001817070350889685,4.637492535809227
2019-08-05,-0.025207067899976548,4.522055967546321
2019-08-06,0.009992583514060065,4.567469510885097
2019-08-07,-0.0004335171271391213,4.565489863760914
2019-08-08,0.01645116417457354,4.641218692811842
2019-08-09,-0.006341988519839423,4.611877276949822
2019-08-12,-0.010535325898171214,4.56354469364086
2019-08-13,0.012765344673823321,4.6221733257927005
2019-08-14,-0.024885233017690415,4.508568864910663
2019-08-15,0.008180635251328363,4.545603097538503
2019-08-16,0.011183134293536163,4.5967224921923
2019-08-19,0.009852876847653678,4.642237290450683
2019-08-20,-0.01224815663943037,4.585725231714181
2019-08-21,0.006280519934615414,4.614616601891688
2019-08-22,0.0007076068285391602,4.617883091669217
2019-08-23,-0.022787382523466314,4.51384351993835
2019-08-26,0.01219994037368522,4.569249428921178
2019-08-27,1.91038430879122e-05,4.569336719979092
2019-08-28,0.007017929733848999,4.601516790671825
2019-08-29,0.008503242072682798,4.640811430997138
2019-08-30,0.0016851623263130777,4.648638544710486
2019-09-03,-0.003418228084454194,4.632775564969533
2019-09-04,0.008859283590758918,4.674000981703335
2019-09-05,0.008851871243525876,4.715558295226001
2019-09-06,0.0004317535499634664,4.717594693839556
2019-09-09,0.0017356004510511273,4.725789662856873
2019-09-10,0.003333833386723722,4.741570949687315
2019-09-11,0.006873502676861498,4.774274415225204
2019-09-12,0.003581745056618518,4.791405309945413
2019-09-13,0.00023734604462085916,4.7925426660120465
2019-09-16,-0.005686177895823179,4.7653687469257635
2019-09-17,0.0013257607692568488,4.7716906756180295
2019-09-18,0.0013728861951222357,4.778246162813258
2019-09-19,0.0009134205597626276,4.782612705039104
2019-09-20,-0.002667071212533802,4.76987413126557
2019-09-23,0.000788938867001845,4.773638755192233
2019-09-24,-0.005620718183186099,4.7468827414880135
2019-09-25,0.0031077379808863294,4.761657755819687
2019-09-26,-0.0046539992255708535,4.739548492465603
2019-09-27,0.0006611838548720295,4.742683241616768
2019-09-30,0.0008067150168111953,4.746510779066151
2019-10-01,-0.008077779855369617,4.708323949953525
2019-10-02,-0.0167303884281863,4.6302071457678124
2019-10-03,0.0065627631694826945,4.660694028364191
2019-10-04,0.015923599331469578,4.735503086699025
2019-10-07,-0.00472000949284273,4.713204134209036
2019-10-08,-0.012531237825313847,4.654510373087909
2019-10-09,0.006149684496971927,4.683222337644758
2019-10-10,0.005081664238389982,4.707081471829404
2019-10-11,0.0072048998590277325,4.741117990077154
2019-10-14,-0.002000881970785486,4.731641056843628
2019-10-15,0.011372560683336438,4.785759078860181
2019-10-16,-0.0007452101552977379,4.782194011121133
2019-10-17,0.0031169073498783697,4.7971229207106205
2019-10-18,-0.005800240679195465,4.769378991717479
2019-10-21,0.006735886168999086,4.801613427569067
2019-10-22,0.0012378513924609787,4.807560791653483
2019-10-23,0.00524031754617019,4.832820062320346
2019-10-24,1.9580297774313395e-05,4.832914691302685
2019-10-25,0.004424801918867606,4.854346762870213
2019-10-28,0.004397382025199865,4.875740183116523
2019-10-29,-0.0009326840046138196,4.871194778279774
2019-10-30,0.00603794839661648,4.900695774100112
2019-10-31,-0.002411262369420256,4.888893146130944
2019-11-01,0.0041940562529693675,4.909440497254637
2019-11-04,-0.0007965860133949651,4.905531262848371
2019-11-05,-0.0003256720046314957,4.903933928765832
2019-11-06,0.0026219638935776218,4.916808737729802
2019-11-07,0.004829111121771043,4.9406099766482345
2019-11-08,-0.0010211496984473649,4.935567449286255
2019-11-11,-0.0029226077182359584,4.9211637801549575
2019-11-12,-0.0006918086000267725,4.917760454090562
2019-11-13,-9.1319786068484e-05,4.917311385762682
2019-11-14,0.00033718110675067827,4.918969689816658
2019-11-15,0.008662571932066014,4.961765712782013
2019-11-18,0.0023244190478880463,4.973312349928823
2019-11-19,0.00032627186142704726,4.974935266548308
2019-11-20,-0.0019092317658505914,4.9654460235689175
2019-11-21,0.0009563920306936066,4.9701972082101085
2019-11-22,0.0032221893273581075,4.986237953890445
2019-11-25,0.004406540503627215,5.008258494965908
2019-11-26,0.002492670806353687,5.020758006819081
2019-11-27,0.003150910781527601,5.036602917194339
2019-11-29,-0.0018661418106970683,5.02721266640161
2019-12-02,-0.003185897235498473,5.011221969349608
2019-12-03,-0.005692439718620151,4.982776928024721
2019-12-04,0.00784217513642587,5.022006358341879
2019-12-05,0.0020593377313861223,5.032359021679296
2019-12-06,0.008159294759380842,5.073587491160961
2019-12-09,-0.002283795527878655,5.062013675882616
2019-12-10,-0.0010870189813427013,5.056514160513436
2019-12-11,0.000810228492504705,5.060612752532838
2019-12-12,0.008162558427718054,5.102089347079215
2019-12-13,-0.0003478964250588907,5.100314657157074
2019-12-16,0.007135232240304884,5.1368367285156
2019-12-17,0.0011038663898047666,5.142510240753751
2019-12-18,-0.004114972100703806,5.121392433977291
2019-12-19,0.004386066998211641,5.1439045380253
2019-12-20,0.00553080068050648,5.172433269384204
2019-12-23,0.0002275543438375713,5.17361041296985
2019-12-24,-0.0005567896825707562,5.170730601869221
2019-12-26,0.00542680082178128,5.19886740430719
2019-12-27,0.0008647361698646279,5.203364997329444
2019-12-30,-0.006159706356677535,5.171412307501572
2019-12-31,0.0028609369532002437,5.1862285761717315
2020-01-02,0.004413650271028749,5.209169364399534
2020-01-03,-0.00923846064192535,5.1612662743622435
2020-01-06,0.002163621469570614,5.172445390210127
2020-01-07,-0.005419004902286623,5.144491692303191
2020-01-08,0.004160828082835269,5.165941631617396
2020-01-09,0.0075431411042435805,5.205056396912241
2020-01-10,-0.001757438272106296,5.195916865025754
2020-01-13,0.005046985604256335,5.222206869476419
2020-01-14,-0.0013410968166766768,5.215208078544824
2020-01-15,0.004062157011315246,5.236436159314536
2020-01-16,0.007122303565260095,5.273864778012834
2020-01-17,0.003937044075152917,5.2946691430685116
2020-01-21,-8.577248637723209e-05,5.294215025607236
2020-01-22,0.002459529019363326,5.307252327336241
2020-01-23,-0.0010267392855760396,5.301805959351747
2020-01-24,-0.004553551668300705,5.277718794675247
2020-01-27,-0.012789017936506279,5.210651729412511
2020-01-28,0.00880329910963509,5.2567251566734825
2020-01-29,-0.0018471702670446702,5.247024052815729
2020-01-30,0.007096628842215551,5.284392673831405
2020-01-31,-0.016762447917819515,5.196551589446891
2020-02-03,0.003932132280241056,5.217025344073572
2020-02-04,0.010595529634499022,5.272596373062565
2020-02-05,0.01044435376328565,5.327953817983805
2020-02-06,0.0027251200125909423,5.342492932978345
2020-02-07,-0.004011407573616812,5.321104943017659
2020-02-10,0.0054352673455698875,5.350105311941547
2020-02-11,-0.0047668815176694695,5.324662682989382
2020-02-12,0.0036828000665266587,5.344308504684539
2020-02-13,0.0005475403926523498,5.347235530721015
2020-02-14,0.0020651966715437777,5.3582900346744164
2020-02-18,-0.003698696892432059,5.338507950493222
2020-02-19,0.0057468608077717994,5.369275937595866
2020-02-20,-0.003861124274615511,5.348584467810419
2020-02-21,-0.005174807574537417,5.320978062915041
2020-02-24,-0.03346991056583298,5.145832801164424
2020-02-25,-0.025027487113689705,5.018643786687936
2020-02-26,-0.006584580024027324,4.985706682564907
2020-02-27,-0.04611114690098729,4.761029889897278
2020-02-28,-0.00840750779754879,4.721169292912777
2020-03-02,0.05009264896847919,4.963688678070033
2020-03-03,-0.02949662482184669,4.81941487089253
2020-03-04,0.04398528310996272,5.036129384261917
2020-03-05,-0.030352769219897244,4.885565486173472
2020-03-06,-0.013310341246131266,4.820967804666659
2020-03-09,-0.06375473846153014,4.52320113459165
2020-03-10,0.04492664047586673,4.731047322642683
2020-03-11,-0.04550751822182034,4.520574470671259
2020-03-12,-0.0942507832182519,4.113969172269768
2020-03-13,0.0888233532900242,4.496105830475762
2020-03-16,-0.10472320036341089,4.049074962696832
2020-03-17,0.05860358990627899,4.293456161586785
2020-03-18,-0.04072043211492221,4.122136547967196
2020-03-19,-0.00925058205273417,4.0841802153525215
2020-03-20,-0.053073765585666434,3.873069173862399
2020-03-23,-0.02603990155440742,3.773516628393038
2020-03-24,0.07510785114457953,4.067852465731363
2020-03-25,0.008671174609033994,4.103278897158169
2020-03-26,0.05277401310914727,4.325641262672602
2020-03-27,-0.03283900076889141,4.185898588791516
2020-03-30,0.040845331141895265,4.36041278610722
2020-03-31,-0.018794276364666566,4.279227284234413
2020-04-01,-0.03150873848909076,4.146496304762202
2020-04-02,0.03311472440965441,4.286105184430939
2020-04-03,-0.010523755506455654,4.241235772857974
2020-04-06,0.055866618622673385,4.484922884467426
2020-04-07,-0.00656643462125938,4.455569410869826
2020-04-08,0.027624934508472854,4.58037009280835
2020-04-09,0.006182356603079661,4.608775289148628
2020-04-13,-0.006124920308475069,4.580633179849698
2020-04-14,0.029667011583417512,4.718562740189446
2020-04-15,-0.016277399661823434,4.642378531147406
2020-04-16,0.005168768104989893,4.666436029485223
2020-04-17,0.023541285606748542,4.777593190571249
2020-04-20,-0.021242407004433903,4.677175939567322
2020-04-21,-0.02211718385553002,4.574865558701119
2020-04-22,0.020024982721235766,4.667400576340094
2020-04-23,0.0010584094224349986,4.672343212293195
2020-04-24,0.008658347719326139,4.712973626789618
2020-04-27,0.007211769849798455,4.747085363044966
2020-04-28,-0.005945369786651159,4.718945917744836
2020-04-29,0.01912667794797799,4.810072371688527
2020-04-30,-0.006994417609189419,4.776546101837184
2020-05-01,-0.021359452874430945,4.675603566822427
2020-05-04,0.0017736611475937332,4.683903861990004
2020-05-05,0.005687239015895954,4.710618236290888
2020-05-06,-0.009269596445698091,4.667154463268482
2020-05-07,0.004970403446374576,4.690409850348685
2020-05-08,0.018910804307997922,4.779953273714804
2020-05-11,-0.002599499112786552,4.767543925453424
2020-05-12,-0.015697472196548944,4.693289862524905
2020-05-13,-0.014561466741518413,4.62544384585512
2020-05-14,0.010414434915735083,4.673866941668927
2020-05-15,0.005640191594944619,4.700302928643749
2020-05-18,0.026258443975443257,4.825360290056072
2020-05-19,-0.015675117934949287,4.750311931037205
2020-05-20,0.015866431223681473,4.826283533914074
2020-05-21,-0.00911116906520631,4.7825101647776105
2020-05-22,0.00044978274870092333,4.784661739179466
2020-05-26,0.011156233611411857,4.838339406860873
2020-05-27,0.011440816227868102,4.89401182053363
2020-05-28,-0.0014232203458994842,4.887051517534869
2020-05-29,0.005068703264282882,4.91188541617723
2020-06-01,0.0007777261065907261,4.9157070035794925
2020-06-02,0.0073710096831063705,4.9520745957797905
2020-06-03,0.01065295205053009,5.0051108035196785
2020-06-04,-0.005380811878595371,4.978251570898271
2020-06-05,0.02494831828035825,5.104012818440431
2020-06-08,0.0066105253971754305,5.13786479119223
2020-06-09,-0.005520304832125504,5.109580352548008
2020-06-10,-0.004604023238900795,5.086109796814684
2020-06-11,-0.05485994877296115,4.814601627195975
2020-06-12,0.007883908567013584,4.85270952842982
2020-06-15,0.004238520400797668,4.8733214880129045
2020-06-16,0.01633691835374099,4.953590431589842
2020-06-17,-0.004948054612028104,4.929140335698372
2020-06-18,0.0008636167384979785,4.933399062487864
2020-06-19,-0.005924395062129244,4.904258064069738
2020-06-22,0.004918999714306584,4.928441538574823
2020-06-23,0.003935986365233837,4.94787804308838
2020-06-24,-0.022737805561729794,4.836643560602062
2020-06-25,0.007860450259255155,4.874811569075302
2020-06-26,-0.026715332037028788,4.746303569348942
2020-06-29,0.014051177333890528,4.81346546935711
2020-06-30,0.013121652638528155,4.8770422955410355
2020-07-01,-0.0003631213821059309,4.875271658699594
2020-07-02,0.002269568626436993,4.886348987926086
2020-07-06,0.013337830650275346,4.951958857237119
2020-07-07,-0.0023513475660375295,4.940328759390576
2020-07-08,0.005120837412284682,4.96569226550062
2020-07-09,-0.0060937013161289875,4.935524829031558
2020-07-10,0.01574742874989764,5.01386183902426
2020-07-13,-0.0038322398072073425,4.994684288054249
2020-07-14,0.016598174099517967,5.078278766113004
2020-07-15,0.003625491180596056,5.096723436283327
2020-07-16,-0.0023060773758949945,5.084983539433703
2020-07-17,0.0009818249688177865,5.089978554952967
2020-07-20,0.0039746691922387875,5.110249794953982
2020-07-21,0.004648714356689372,5.13406118984728
2020-07-22,0.004858830558567182,5.15906742457873
2020-07-23,-0.00855393311972996,5.115125313743178
2020-07-24,-0.0064814378862613296,5.082079155738311
2020-07-27,0.0005901139507313543,5.085079046598501
2020-07-28,-0.0010620014671219075,5.079681551771591
2020-07-29,0.004814016010026895,5.104194174828104
2020-07-30,-0.0030042855854518335,5.088882729337226
2020-07-31,0.004789196082855597,5.113312840171355
2020-08-03,0.0028435344062287,5.127873413096217
2020-08-04,0.00722764072225358,5.165070100014137
2020-08-05,0.010737141905993869,5.220826989785542
2020-08-06,0.007498116036835687,5.260120485864175
2020-08-07,0.003288977733202991,5.277449386579346
2020-08-10,0.004269966019826069,5.300032095519497
2020-08-11,-0.0035578613023903483,5.281208821580392
2020-08-12,0.011687346062003116,5.3432942368641925
2020-08-13,-0.0022677613644171866,5.331190649845759
2020-08-14,0.0006731125572304111,5.334780349217486
2020-08-17,0.0008066959100701826,5.339085630999451
2020-08-18,0.0016305233173558933,5.347798235736462
2020-08-19,-0.006449128510170889,5.313420569811232
2020-08-20,0.0021478636126272695,5.324845337540986
2020-08-21,0.0038584208122842342,5.345430519221928
2020-08-24,0.01100502535218278,5.404582002402294
2020-08-25,0.0016667863293995005,5.413597797414665
2020-08-26,0.006577199458383097,5.44932146196691
2020-08-27,0.006710696296586128,5.4860131791097135
2020-08-28,0.01121868854984542,5.5479055789839276
2020-08-31,-0.006159045996878795,5.5138407843391635
2020-09-01,0.00833138636189019,5.559970618155586
2020-09-02,0.01527157151809362,5.645531770839508
2020-09-03,-0.025998032291272934,5.500650527497352
2020-09-04,-0.00533826473526414,5.471364835699622
2020-09-08,-0.021987530768576673,5.352375962524168
2020-09-09,0.013839487053752387,5.426965047191275
2020-09-10,-0.015181064524306075,5.345200150049357
2020-09-11,0.002310645928013238,5.357565295245137
2020-09-14,0.007935139677106498,5.400247444639017
2020-09-15,0.002302662970677489,5.4126967222067455
2020-09-16,-0.0045102640295903735,5.388339002043401
2020-09-17,-0.0062977212390245094,5.354511375352583
2020-09-18,-0.00708946353201669,5.3166850049927294
2020-09-21,-0.01289731715816796,5.248554328133687
2020-09-22,0.007325831432613898,5.287145536156921
2020-09-23,-0.022692290044961816,5.168519138860743
2020-09-24,0.0039390923818048785,5.188918564459613
2020-09-25,0.010747778544342224,5.244988686962077
2020-09-28,0.011683192830822805,5.3066262619138485
2020-09-29,-0.004842256141997897,5.280992331419991
2020-09-30,0.01002971982104748,5.3342257165989455
2020-10-01,0.002003504466345923,5.3449235746714026
2020-10-02,-0.008911561387486276,5.297503567103418
2020-10-05,0.012071790821731888,5.361841477623317
2020-10-06,-0.01247374344625141,5.295374649531886
2020-10-07,0.011958383615318764,5.359078911824787
2020-10-08,0.009668688787503224,5.411145480120125
2020-10-09,0.008686422402783346,5.458353713936395
2020-10-12,0.011441266542325367,5.521162816346175
2020-10-13,-0.00542447475751242,5.491294491243975
2020-10-14,-0.009707887298945657,5.438243546135465
2020-10-15,-0.0007239250743473645,5.4343080899315925
2020-10-16,0.00035287694291318277,5.436226070342846
2020-10-19,-0.016660964893596145,5.346403640596453
2020-10-20,0.00556462408424303,5.376237296616078
2020-10-21,-0.00011325456252963892,5.3756284476911045
2020-10-22,0.006872014711683699,5.412697067639926
2020-10-23,0.001188407929339537,5.419133383481105
2020-10-26,-0.01747276724561517,5.325268554400862
2020-10-27,-0.0014540987458302585,5.317530715229226
2020-10-28,-0.03645907805191295,5.1271500873073546
2020-10-29,0.009175597106954503,5.174411243899057
2020-10-30,-0.005534068145939914,5.145854789024424
2020-11-02,0.011009851860178641,5.202822917818085
2020-11-03,0.013887599274092175,5.27558169055069
2020-11-04,0.013330340787390154,5.346377812193833
2020-11-05,0.014168995465925352,5.422669829433179
2020-11-06,0.0015048478305435518,5.430836265442391
2020-11-09,0.028543175355202764,5.588083062979673
2020-11-10,0.008120778346995712,5.633647405479193
2020-11-11,0.0017856555109537254,5.643716145991146
2020-11-12,-0.00789295532118927,5.599345883206966
2020-11-13,0.010746602223241308,5.659844320199685
2020-11-16,0.011327405588534407,5.7243201549409175
2020-11-17,-0.006810504872212432,5.685467099274628
2020-11-18,-0.012733423610955879,5.613530609154017
2020-11-19,0.0026647465016701516,5.628509193408355
2020-11-20,-0.00926090752305242,5.57662470979749
2020-11-23,0.008106632935023858,5.6220160964072745
2020-11-24,0.016617339014544413,5.716219581714875
2020-11-25,-0.002851554645488254,5.699942687468151
2020-11-27,-0.0003494556551280461,5.697951158257949
2020-11-30,-0.0063667136014479535,5.661789173769744
2020-12-01,0.00954922669932282,5.716113848620243
2020-12-02,0.00502535367761124,5.744911641312398
2020-12-03,-0.0006347193867838597,5.7412663914960405
2020-12-04,0.006419442870710829,5.77824067327312
2020-12-07,-0.005902284139609881,5.744236305430247
2020-12-08,0.0042982939730836995,5.768979861164652
2020-12-09,-0.004537873437285264,5.742860269215536
2020-12-10,-0.003278097207037906,5.724065437479967
2020-12-11,0.004623275163457756,5.750590636450608
2020-12-14,-0.00864535970354052,5.701088999939025
2020-12-15,0.010439063751948361,5.7609147505905645
2020-12-16,-0.0010692740625049223,5.754758046060292
2020-12-17,0.0051734450996757725,5.784607115559996
2020-12-18,-0.0027327942841979696,5.76882055483444
2020-12-21,-0.004187162928597858,5.744716063199718
2020-12-22,-0.005816167457804995,5.711400810039347
2020-12-23,0.002959401198439651,5.728328171514034
2020-12-24,0.004630781870137638,5.754916324211292
2020-12-28,0.012192724903811916,5.825513949911671
2020-12-29,-0.0014014925890588142,5.817355253794913
2020-12-30,0.0007377791572776561,5.821648760886912
2020-12-31,0.005266819705683682,5.852391221734893
2021-01-04,-0.010428075863296738,5.791679147327516
2021-01-05,0.0022785201047645968,5.804890650326851
2021-01-06,0.003457385467912132,5.824995129344313
2021-01-07,0.011972452721023041,5.895153755507342
2021-01-08,0.0033078992404448992,5.914686618698113
2021-01-11,-0.008136226924891328,5.866758627081916
2021-01-12,-0.002457179050526086,5.852360647140555
2021-01-13,0.0024113442947805964,5.866489731795648
2021-01-14,-0.009404755888216673,5.811575460366916
2021-01-15,-0.005192940434890946,5.781474519009491
2021-01-19,0.0051664587710219196,5.811421562216773
2021-01-20,0.009151836025422867,5.864850854571492
2021-01-21,0.0037214006614014446,5.8867169754841315
2021-01-22,5.947206060304291e-05,5.887067081083498
2021-01-25,0.005698719695603082,5.920711600498956
2021-01-26,-0.0018392678654175366,5.909831834380958
2021-01-27,-0.02821404778247545,5.745421799081421
2021-01-28,0.00996429064154169,5.802957024558814
2021-01-29,-0.020653212959337027,5.684336481492901
2021-02-01,0.011224008171323166,5.7484969156609775
2021-02-02,0.013175311642546043,5.824736289903061
2021-02-03,0.0031577411964742916,5.843158370417854
2021-02-04,0.011548530204277645,5.911029412416064
2021-02-05,0.0022455549938912474,5.924317868427593
2021-02-08,0.006520903176116981,5.963076003314662
2021-02-09,5.70109360255508e-05,5.963415973550122
2021-02-10,0.00020310231168718925,5.964627280125321
2021-02-11,0.0016069023233392184,5.974219558422702
2021-02-12,0.0015741847801643606,5.983631490041074
2021-02-16,0.0020851806488895205,5.996121460030548
2021-02-17,0.005166340587920514,6.027179625147834
2021-02-18,-0.006011868842816906,5.991053712680007
2021-02-19,-0.009185779396936924,5.936273200959194
2021-02-22,-0.004359154641865591,5.9104523874271715
2021-02-23,0.0017438849463362472,5.920768528839101
2021-02-24,0.007415295455156147,5.9648359613918345
2021-02-25,-0.02239450659481222,5.832741024163654
2021-02-26,-0.00725924637317569,5.7905530318172245
2021-03-01,0.019909799458153625,5.906997124183846
2021-03-02,-0.00803046542013883,5.8597511455411855
2021-03-03,-0.010864234049137158,5.796434006519101
2021-03-04,-0.014157256404961037,5.714950556063392
2021-03-05,0.01902440467512637,5.824714878035411
2021-03-08,-5.4460021883869205e-05,5.824397672573272
2021-03-09,0.011656498633124885,5.892686990023573
2021-03-10,0.008276956895395409,5.941662912434123
2021-03-11,0.0064033680804549626,5.979831640861402
2021-03-12,0.0005282238154236481,5.982991164740744
2021-03-15,0.0008876207266995698,5.988304149315014
2021-03-16,0.0014418670921129194,5.996944715782734
2021-03-17,0.0006214466298289563,6.0006726551033145
2021-03-18,-0.008529640874503966,5.949706741819153
2021-03-19,-0.0011735016128221138,5.94272884644832
2021-03-22,0.005833684497271559,5.977498169616727
2021-03-23,-6.495440899726669e-05,5.977109917365321
2021-03-24,-0.004535826687360245,5.950060175535433
2021-03-25,0.0030269924161061895,5.968098249345372
2021-03-26,0.014335268752057428,6.054268704340355
2021-03-29,0.003865115437881735,6.077714432809915
2021-03-30,-0.004379261156774186,6.051156728078183
2021-03-31,0.00218991644571598,6.064422776179357
2021-04-01,0.008020801575306137,6.113259902565311
2021-04-05,0.016445920161294047,6.214629359084161
2021-04-06,-0.0010865668158215696,6.207880416302583
2021-04-07,0.004524195535098703,6.236029709603876
2021-04-08,0.003393224466465611,6.257225899565606
2021-04-09,0.0056402929920723,6.292618204614189
2021-04-12,0.002104575775647816,6.305875441990048
2021-04-13,2.9318835476348053e-05,6.306060325624939
2021-04-14,-0.0047330775171923875,6.276283776221815
2021-04-15,0.011919443912504688,6.351541211055286
2021-04-16,0.00365733185808717,6.374813436258839
2021-04-19,-0.004827358913447406,6.344114081813483
2021-04-20,-0.0024623606242306206,6.328511802205613
2021-04-21,0.005012212141799473,6.360311272172003
2021-04-22,-0.011264118387955447,6.289069961555148
2021-04-23,0.008534878073108874,6.342976120890326
2021-04-26,-0.0019717165594852165,6.330481891423699
2021-04-27,-0.001482910144543329,6.3211013126038145
2021-04-28,0.0014368174073703533,6.330190108910278
2021-04-29,0.011723587442609389,6.404839369752457
2021-04-30,-0.00516753068771648,6.371827534056956
2021-05-03,0.003055345704792237,6.391325441200267
2021-05-04,-0.0036319611850566457,6.368154498729527
2021-05-05,-0.002768265869691729,6.35055013200384
2021-05-06,0.011573270752021053,6.424473711795562
2021-05-07,0.0024709971188745577,6.4403681973542914
2021-05-10,-0.006615959397384571,6.397899622945628
2021-05-11,-0.009039874607248324,6.34032404270332
2021-05-12,-0.018279777372160667,6.225477215938211
2021-05-13,0.011496057071082005,6.29745861569783
2021-05-14,0.009965035344591236,6.360526729477909
2021-05-17,-0.003874425911545578,6.33593101780499
2021-05-18,-0.0057076549105967945,6.2998707177878694
2021-05-19,-0.00141528232409897,6.290960928537705
2021-05-20,0.00846081655172005,6.344413401805627
2021-05-21,0.00018358094190873897,6.345578222109922
2021-05-24,0.009572502983955716,6.406612950069143
2021-05-25,-0.000672014476535364,6.402309059721419
2021-05-26,-0.0005662654631245552,6.398684679494171
2021-05-27,-0.0018700611977640828,6.386729929099684
2021-05-28,0.0004885392040260678,6.389850859341891
2021-06-01,-0.004081980668627088,6.363820774953276
2021-06-02,0.002880275036317549,6.382176751507418
2021-06-03,-0.0010040763577004591,6.375771774801514
2021-06-04,0.0071605165065631565,6.421589437133533
2021-06-07,-0.001533050636812549,6.411752357654694
2021-06-08,-0.0018437893049574898,6.3999413291017015
2021-06-09,-0.001453780321540215,6.39064398012741
2021-06-10,0.004346114392251886,6.4184788929490235
2021-06-11,0.0005441092378829481,6.421972196891122
2021-06-14,0.0019505475611128423,6.434510783676844
2021-06-15,-0.003862486042461651,6.409705511432465
2021-06-16,-0.006791335974381925,6.366322528756191
2021-06-17,0.004822232540518596,6.3970965565421665
2021-06-18,-0.011444484350571328,6.324302425283021
2021-06-21,0.010301467143335514,6.38978874237599
2021-06-22,0.0060219335525227465,6.428383717151089
2021-06-23,-0.0013650213269776979,6.419614822504863
2021-06-24,0.005149091512026384,6.45275525503644
2021-06-25,0.003986397490474135,6.47852984213365
2021-06-28,0.0026519986931115114,6.495733697025587
2021-06-29,-0.0023564659540980097,6.480444742746651
2021-06-30,0.0027987506449091808,6.498607296022946
2021-07-01,0.004585373480917572,6.52847426084424
2021-07-02,0.00800859430807347,6.5809680829438735
2021-07-06,-0.0008729853603250262,6.575225501110336
2021-07-07,0.003133908772290085,6.59586398065256
2021-07-08,-0.007387210525009717,6.547318473537751
2021-07-09,0.009724787990169665,6.611300358492443
2021-07-12,0.005366738220690512,6.646876856300978
2021-07-13,-0.0003949327319053286,6.644252305360131
2021-07-14,0.002308105983143275,6.6596056556233885
2021-07-15,-0.0008246395243200445,6.654116145328041
2021-07-16,-0.006069667035551525,6.613850199969866
2021-07-19,-0.015324348202965377,6.513269888711825
2021-07-20,0.009571608400557334,6.575911670549587
2021-07-21,0.00648486037478172,6.61869410871012
2021-07-22,0.0016710204674201998,6.629763327903559
2021-07-23,0.011646161862893693,6.707425982858005
2021-07-26,0.0016751871825158723,6.7186715935137435
2021-07-27,-0.0027076791470441847,6.700504193388948
2021-07-28,-0.003973404444863711,6.673933203846514
2021-07-29,3.01581444651691e-06,6.6739533312210355
2021-07-30,-0.004440810682518163,6.644381278515595
2021-08-02,-0.0034659091226593246,6.621392318663748
2021-08-03,0.006375341579800088,6.663740806027571
2021-08-04,-0.0030925876144894475,6.6431644372558205
2021-08-05,0.006165253689307208,6.684247745688221
2021-08-06,0.0013938446521919552,6.693571044768313
2021-08-09,-0.0001185632125380065,6.692777480526586
2021-08-10,0.0017488126099340592,6.704492134561741
2021-08-11,0.0012934269392661539,6.713169515872319
2021-08-12,0.002189450826125334,6.727883772607576
2021-08-13,0.002040214830834398,6.741624112717264
2021-08-16,0.004768657497041166,6.773849383657419
2021-08-17,-0.005844661464990234,6.7343739996962535
2021-08-18,-0.00981094099630422,6.668626503514898
2021-08-19,0.003919035101884185,6.694812362999422
2021-08-20,0.007313054120793725,6.743951347164925
2021-08-23,0.00514571893522776,6.77874326325143
2021-08-24,-0.0020257075347767826,6.765025410816187
2021-08-25,-0.0003051438762895336,6.762961419662279
2021-08-26,-0.0066600170332529905,6.718069637363697
2021-08-27,0.006676025726482148,6.763069686703571
2021-08-30,0.005112108661177025,6.797731756471468
2021-08-31,-0.001985702752672762,6.784246874725038
2021-09-01,0.0020982808484422263,6.79849707524642
2021-09-02,-0.0007136507951598297,6.793647053219659
2021-09-03,0.001316808199625542,6.802598875987986
2021-09-07,-0.0006351932357159742,6.798279283229955
2021-09-08,-0.0012533974398151564,6.789763675216686
2021-09-09,-0.004651564598821252,6.758253992348065
2021-09-10,-0.00798576322439948,6.704499098753994
2021-09-13,0.004627109109707096,6.735593430565043
2021-09-14,-0.0047717317752073085,6.7035295463348055
2021-09-15,0.004471247868894377,6.733569797189548
2021-09-16,-0.000715622201917937,6.728752828914807
2021-09-17,-0.006150950721383385,6.687491629739471
2021-09-20,-0.015983888289234638,6.581449253020213
2021-09-21,-0.0007958148374485468,6.576213721585858
2021-09-22,0.004913900448680572,6.6086081073523495
2021-09-23,0.010791740000884887,6.680312700576509
2021-09-24,0.002384306610295309,6.696259617922812
2021-09-27,-0.002207477381199396,6.681494079569561
2021-09-28,-0.017416954934681574,6.566130356955386
2021-09-29,0.0018002790113777628,6.577961870440184
2021-09-30,-0.01180948788561529,6.500736403539411
2021-10-01,0.008797405084040567,6.558178314432644
2021-10-04,-0.015347968861811783,6.458292084009887
2021-10-05,0.009827750987488509,6.522075480711829
2021-10-06,0.007040320467407377,6.568154999165383
2021-10-07,0.00927228946814581,6.629340058011046
2021-10-08,-0.0018442894105094635,6.617124903945424
2021-10-11,-0.009320593342738359,6.555735908968814
2021-10-12,-0.006114608212703907,6.515772457278633
2021-10-13,0.00013558311041638157,6.5166559458668685
2021-10-14,0.016853205379848427,6.627413172532771
2021-10-15,0.011472589095330188,6.703884584405182
2021-10-18,0.0007963283089100533,6.709225203640328
2021-10-19,0.006702254190078606,6.754343163499132
2021-10-20,0.0025743351816939486,6.7717535071491
2021-10-21,0.000217220953284565,6.7732246336753
2021-10-22,-0.0015623373607207382,6.762650833849608
2021-10-25,0.0058879840198194896,6.80258666929565
2021-10-26,0.0039601934018835055,6.829579641556605
2021-10-27,-0.008276417156103399,6.773288457427448
2021-10-28,0.004942766936614369,6.80685011907417
2021-10-29,0.0034076523232173684,6.830085063518574
2021-11-01,-0.0019516548518289897,6.816768094156866
2021-11-02,0.0011980002132527849,6.8249394774695356
2021-11-03,0.00621351490159027,6.867478361750074
2021-11-04,0.004105142255651211,6.895728282661943
2021-11-05,0.004464131166014601,6.926580531206593
2021-11-08,0.0013382678516877266,6.935856356638733
2021-11-09,-0.007862661602674499,6.881535896726088
2021-11-10,-0.002191925928240816,6.866468599000828
2021-11-11,-0.0049746789224159324,6.832394945402715
2021-11-12,0.006623430188198452,6.877799035764161
2021-11-15,-0.0018606939114277213,6.865013455688625
2021-11-16,0.0015599525361336445,6.8757309080245275
2021-11-17,-0.006347290955948462,6.832226855912625
2021-11-18,0.0031759372063023365,6.853960072784442
2021-11-19,-0.003252099172831475,6.831706519894664
2021-11-22,-0.003517133412929087,6.807720702012801
2021-11-23,0.005389053376577813,6.844506904625102
2021-11-24,0.004040021953654358,6.872214795338286
2021-11-26,-0.019340889013150897,6.740577149702999
2021-11-29,0.008558093070518412,6.79851118513785
2021-11-30,-0.01974570292433154,6.665586467776147
2021-12-01,-0.00978410456171929,6.600687678801118
2021-12-02,0.011437156462600902,6.6766141403035455
2021-12-03,-0.002190221928223946,6.662006876021774
2021-12-06,0.01388383270085411,6.75514613374805
2021-12-07,0.013310819442244212,6.845663759654669
2021-12-08,0.0024684782433758044,6.862583005510699
2021-12-09,-0.0011575201682881592,6.8546440229279195
2021-12-10,0.006558735377487289,6.899749575179767
2021-12-13,-0.004539985135007251,6.86849581416053
2021-12-14,0.0007489237209689439,6.873641720308198
2021-12-15,0.012600901290316739,6.960803808247646
2021-12-16,-0.0010172530335593748,6.953726509769669
2021-12-17,-0.014399659383909564,6.8543126968854
2021-12-20,-0.00882054975726812,6.79411974840019
2021-12-21,0.013186910557395836,6.884306533460071
2021-12-22,0.009026421460005409,6.946728485288581
2021-12-23,0.003958485217759887,6.974281505442143
2021-12-27,0.00952232270456206,7.041010065797215
2021-12-28,0.0022737357795638512,7.0570376766791885
2021-12-29,0.0008413475414921158,7.062977596396716
2021-12-30,-0.0018083394171671571,7.050216876939969
2021-12-31,-0.0038183879045820567,7.023347745122531
2022-01-03,0.002913847380964022,7.043842553426065
2022-01-04,-0.003496292630026847,7.019258220673523
2022-01-05,-0.010064586204121104,6.948966612550539
2022-01-06,-0.002574212180297462,6.93110150221371
2022-01-07,0.0008734694729695397,6.937158252598147
2022-01-10,-0.0032561254406090214,6.914606730343929
2022-01-11,0.003731252918751619,6.940455070246488
2022-01-12,0.00143690917041802,6.950435042223282
2022-01-13,-0.012468777987591868,6.864309665690344
2022-01-14,-0.0032763883202906073,6.841856324692774
2022-01-18,-0.017892787040411588,6.720525159876246
2022-01-19,-0.005014717336613398,6.686907986605323
2022-01-20,-0.008815666785619874,6.628217511902039
2022-01-21,-0.021035923039168805,6.490243135499738
2022-01-24,-0.0033543472327014043,6.468509078564138
2022-01-25,-0.004946848289617379,6.436589361584218
2022-01-26,0.004973695916793848,6.468682745015523
2022-01-27,0.0007320759678633023,6.473420046017416
2022-01-28,0.027415007058346312,6.6533439408627855
2022-01-31,0.01053906654917162,6.723834776773932
2022-02-01,0.0061393111894332345,6.765241465071909
2022-02-02,0.012031433628724136,6.847128641003855
2022-02-03,-0.02479509417894118,6.67944094862269
2022-02-04,0.003483990035132697,6.702752639597345
2022-02-07,-0.005450787474937473,6.666316751814638
2022-02-08,0.0040198719390450366,6.693168425447886
2022-02-09,0.009024769794806086,6.753846118961803
2022-02-10,-0.014653979101531845,6.655597027301406
2022-02-11,-0.01557611138223151,6.5527319056967945
2022-02-14,-0.00289915063927045,6.5337620603100275
2022-02-15,0.013060614420809977,6.6196567047264345
2022-02-16,0.0001904341802494846,6.620917433663663
2022-02-17,-0.01521123054626135,6.520967242067826
2022-02-18,-0.006939155888003951,6.4758738697486615
2022-02-22,-0.014624025015295177,6.381859637027969
2022-02-23,-0.017165658418734808,6.2732456963259065
2022-02-24,0.004177514466449877,6.299507086450491
2022-02-25,0.02365931015546824,6.450326181124962
2022-02-28,-0.006824163993928669,6.406457949695622
2022-03-01,-0.017290721995267808,6.296637836887512
2022-03-02,0.014883569383091128,6.391055173561081
2022-03-03,-0.002000255504139514,6.378284207128932
2022-03-04,-0.005398530786763938,6.34394362122731
2022-03-07,-0.0270221015746196,6.174812364733824
2022-03-08,-0.01114210382588611,6.1063938352652265
2022-03-09,0.026990096317401825,6.273450286776857
2022-03-10,-0.002470453617942435,6.257971146940027
2022-03-11,-0.007922097324350957,6.208590746886242
2022-03-14,0.004775920702598244,6.238313403998619
2022-03-15,0.024066670031511334,6.390270044986618
2022-03-16,0.01700266786620301,6.499850625361921
2022-03-17,0.011415722187320499,6.574476256673092
2022-03-18,0.008164650728128489,6.6283742889232595
2022-03-21,-0.0022394980863271246,6.613546666800585
2022-03-22,0.007023965704393706,6.660163517695946
2022-03-23,-0.013098046423606633,6.573497205470115
2022-03-24,0.013139327242441557,6.660438460374422
2022-03-25,0.004970823688965511,6.693628748846453
2022-03-28,0.008307266706024587,6.749466114926145
2022-03-29,0.008535372538582234,6.807321881670159
2022-03-30,-0.004372966250566966,6.777618685695726
2022-03-31,-0.016634311720788088,6.665810170708057
2022-04-01,0.003869683696336785,6.691654720514379
2022-04-04,0.004712339506165611,6.72326248418167
2022-04-05,-0.006879227583965929,6.677170352349581
2022-04-06,-0.004407436391612037,6.647805907242527
2022-04-07,0.0059148864629725755,6.687243443707347
2022-04-08,0.001268425592428143,6.6957310962740255
2022-04-11,-0.016801420384009953,6.5841730940689205
2022-04-12,-0.005703727059192893,6.54672566431057
2022-04-13,0.008412567912743698,6.60203274969447
2022-04-14,-0.012416233965055938,6.520567160912542
2022-04-18,-0.0021221445478736595,6.506744247161115
2022-04-19,0.0136778853788723,6.5963541893740105
2022-04-20,-0.000814226873968769,6.5909854465067745
2022-04-21,-0.012744410073376393,6.507520212472341
2022-04-22,-0.023639065867997588,6.3554924896365375
2022-04-25,0.011032608763318309,6.425998368507344
2022-04-26,-0.0242338535913931,6.272143443314109
2022-04-27,0.002975558413181945,6.290834366681982
2022-04-28,0.026742231985812468,6.461334940692409
2022-04-29,-0.03297085010587505,6.2517729374029445
2022-05-02,0.002768803556557839,6.269106854578704
2022-05-03,0.0019556884340294293,6.2813792709457275
2022-05-04,0.02361283841606772,6.431465471787945
2022-05-05,-0.03479196781860658,6.211549961919867
2022-05-06,-0.004146836314630106,6.185845014907224
2022-05-09,-0.019405274304558025,6.066964183660757
2022-05-10,0.0018555387443212016,6.078232121578655
2022-05-11,-0.01431650217846238,5.991833040194657
2022-05-12,-6.595741801556801e-05,5.9914378473912375
2022-05-13,0.015114011632602176,6.082680291498735
2022-05-16,-0.0009331086828311917,6.077007136950367
2022-05-17,0.008401552793726619,6.128278511231428
2022-05-18,-0.040818815114597805,5.883166075723939
2022-05-19,-0.009181297176021693,5.829398186831993
2022-05-20,0.005024019123784193,5.858758887406182
2022-05-23,0.020967921531301396,5.982901845638644
2022-05-24,-0.0052087276336063955,5.95181955932196
2022-05-25,0.003916563441000125,5.975175946745771
2022-05-26,0.01735962307197125,6.079808310544495
2022-05-27,0.019821680378794074,6.2015226337528295
2022-05-31,-0.005140137093461554,6.169727742282047
2022-06-01,-0.011219606378290618,6.100892698675184
2022-06-02,0.014526719117644218,6.1901655038604275
2022-06-03,-0.013831100708235587,6.1051380683576735
2022-06-06,0.0018199829121499206,6.116259432595027
2022-06-07,0.006801601937339847,6.158001590449788
2022-06-08,-0.0085813894305059,6.105383471872301
2022-06-09,-0.024107767134892356,5.959956314155018
2022-06-10,-0.027223887398410133,5.799891809316208
2022-06-13,-0.03433552561360414,5.604129508388946
2022-06-14,-0.007467680520222897,5.562435532033418
2022-06-15,0.012599653075290233,5.6329636720051095
2022-06-16,-0.021450200600657998,5.513422149579144
2022-06-17,-0.0023207472837696395,5.500641725904137
2022-06-21,0.024160216470670407,5.635156834647034
2022-06-22,0.003212803877111646,5.653290602895764
2022-06-23,0.014766178080278948,5.737387465266024
2022-06-24,0.025350564844112838,5.884692725272974
2022-06-27,-0.0025577187943238463,5.869660568300863
2022-06-28,-0.023870582576716443,5.731207404062607
2022-06-29,0.0038022790155319564,5.75304053523293
2022-06-30,-0.0036084195087016328,5.73231856080417
2022-07-01,0.0072165549588502275,5.773835778200439
2022-07-05,0.00476770195820978,5.801429433238908
2022-07-06,0.0060503089442195315,5.836636272355799
2022-07-07,0.013232953070444127,5.91438549760257
2022-07-08,-0.0009737005708634675,5.9086294598506415
2022-07-11,-0.01067306363256826,5.845901626189728
2022-07-12,-0.008135071862138809,5.798537711993816
2022-07-13,-0.002139115772971682,5.786147225581095
2022-07-14,-0.0011123385276432373,5.779714649359897
2022-07-15,0.018571255602207164,5.888054093412772
2022-07-18,-0.008982500587468408,5.835401474175225
2022-07-19,0.021657152713352553,5.963158083788816
2022-07-20,0.005415211876823975,5.9955374396781
2022-07-21,0.009223143561874798,6.051090937346352
2022-07-22,-0.008805116259599882,5.998044261943266
2022-07-25,0.001044852675807136,6.004314609764363
2022-07-26,-0.01631618256803504,5.9071420150403355
2022-07-27,0.022259474152445717,6.040106256997844
2022-07-28,0.007383649991306314,6.084869341617456
2022-07-29,0.007409611753136575,6.130123311134039
2022-08-01,-0.0005273822165141738,6.1268912454566
2022-08-02,-0.008999273357401957,6.072001032770576
2022-08-03,0.017355431580570256,6.178303021433526
2022-08-04,-0.0023566889281719495,6.163759826732043
2022-08-05,-0.0026400423427736445,6.147508701067674
2022-08-08,-0.0015512277021815899,6.13797990784595
2022-08-09,-0.004596194767235438,6.109833289930873
2022-08-10,0.018391579280016213,6.223242463468581
2022-08-11,-0.0039060065290449876,6.198981849677488
2022-08-12,0.017295990249231064,6.307131964883369
2022-08-15,0.0065031690129155615,6.348281967725946
2022-08-16,0.00818704627025592,6.400468983189746
2022-08-17,-0.008778893429932566,6.344525866703023
2022-08-18,0.0005404498521524863,6.3479556915103315
2022-08-19,-0.012108587444814158,6.271554404238466
2022-08-22,-0.02099899065443299,6.141231208580793
2022-08-23,-0.007395282686284538,6.095982587146024
2022-08-24,0.0018698888410053215,6.10739206086006
2022-08-25,0.013933562451756159,6.193085409972386
2022-08-26,-0.03396425266726514,5.986273872564763
2022-08-29,-0.007085864794026716,5.944005874796771
2022-08-30,-0.008302937067932857,5.894857488418547
2022-08-31,-0.00869463226946699,5.8438260415913845
2022-09-01,0.008556855133393068,5.894045367783341
2022-09-02,-0.013110924283256862,5.817273360960917
2022-09-06,-0.004189852395786728,5.792950833713621
2022-09-07,0.015867376405540524,5.885602893708962
2022-09-08,0.007011590848891057,5.927015347026874
2022-09-09,0.014525731394886839,6.013737909410934
2022-09-12,0.00811370351207397,6.062730081013098
2022-09-13,-0.042733760872681284,5.809104604578981
2022-09-14,0.003594630996155947,5.830023767861535
2022-09-15,-0.009343501702571233,5.775804623641981
2022-09-16,-0.002438712295642059,5.76173625920816
2022-09-19,0.004585620199777051,5.7882180647305965
2022-09-20,-0.009158860006207671,5.73544661783021
2022-09-21,-0.01753119379599342,5.635773637633439
2022-09-22,-0.0038398960969419143,5.614174348491842
2022-09-23,-0.012072968006663007,5.546802110959595
2022-09-26,-0.007847644755720426,5.503443133910494
2022-09-27,-0.004590382061535222,5.478238121848688
2022-09-28,0.01667689152976936,5.5703641575788465
2022-09-29,-0.017701471047524474,5.472628105720232
2022-09-30,-0.0143642431828423,5.394579838882769
2022-10-03,0.0188800404987668,5.497397269200148
2022-10-04,0.024824275375771896,5.6355741474752925
2022-10-05,-0.002450398778845461,5.621781648928392
2022-10-06,-0.01223509919020179,5.553417665711135
2022-10-07,-0.02685285297248777,5.406276972860085
2022-10-10,-0.009447541539059981,5.355441460011132
2022-10-11,-0.00471267304233228,5.3302623923701455
2022-10-12,-0.002325098057416927,5.317883406391066
2022-10-13,0.025407798955802398,5.454730245557897
2022-10-14,-0.015641476638951417,5.370074010077843
2022-10-17,0.02465163738305222,5.504100324057239
2022-10-18,0.009961969888143392,5.559206030714694
2022-10-19,-0.007544905704162645,5.5174201788027055
2022-10-20,-0.005715739525931489,5.485973996909285
2022-10-21,0.02625883963411806,5.6319373352398765
2022-10-24,0.011361648703367679,5.696290314473863
2022-10-25,0.012658900382401079,5.768857426980983
2022-10-26,-0.0041246493613515435,5.745111917493984
2022-10-27,-0.011815617329647187,5.6776293328542735
2022-10-28,0.025189346935711773,5.822461564596447
2022-10-31,-0.009549916134545193,5.767122208644685
2022-11-01,-0.001591029690413887,5.757953841488713
2022-11-02,-0.023488460077273527,5.624284363143119
2022-11-03,-0.01480062806588655,5.5416544180838585
2022-11-04,0.014684697264452646,5.623632373143
2022-11-07,0.011934399142160832,5.691149131116997
2022-11-08,0.004571600336124883,5.717226352297516
2022-11-09,-0.02437296955182668,5.579564991220705
2022-11-10,0.048911810192324594,5.859255952615327
2022-11-11,0.007137798293568262,5.901227754685376
2022-11-14,-0.0027555847280455784,5.884988805783172
2022-11-15,0.009211007597166705,5.939445899712246
2022-11-16,-0.0037024067162949354,5.917496313543108
2022-11-17,-0.002737399371278996,5.901319913589692
2022-11-18,0.005337280797053315,5.9329011189522545
2022-11-21,-0.00033805016905636494,5.930895839687592
2022-11-22,0.012933557806962629,6.008101620365228
2022-11-23,0.006575280115643396,6.047736734672245
2022-11-25,0.0018098047831240488,6.05869186787777
2022-11-28,-0.010849947031924666,5.99331071444955
2022-11-29,-0.00464771392474677,5.96552015210434
2022-11-30,0.0295402187510983,6.144371571736096
2022-12-01,0.0018273759277693212,6.155609913647944
2022-12-02,-0.0004250419048341023,6.152994077444214
2022-12-05,-0.014744579707537104,6.06293632921291
2022-12-06,-0.017262138100862624,5.959175230767155
2022-12-07,-0.0009062757991971851,5.95377702097526
2022-12-08,0.010109583176730452,6.014272501794617
2022-12-09,-0.0038201172363618425,5.991341103947468
2022-12-12,0.015261236747127234,6.083477649534334
2022-12-13,0.007282310806837897,6.127941126495146
2022-12-14,0.00026147751445104186,6.129543654813034
2022-12-15,-0.023830018498009958,5.98520316489245
2022-12-16,-0.011461056060145301,5.916998014010761
2022-12-19,-0.008659613079096502,5.8659803161943
2022-12-20,0.0016782648598306898,5.87583325043145
2022-12-21,0.012593346266589355,5.950297546370671
2022-12-22,-0.012301548892704831,5.877548053318631
2022-12-23,0.005108925462665611,5.907652844312199
2022-12-27,-0.005576873808188897,5.874798307850946
2022-12-28,-0.010249007727345086,5.814894953929691
2022-12-29,0.016157320226776243,5.9096111935576605
2022-12-30,-0.0023469907537390583,5.89575765415183
2023-01-03,-0.00531967684206333,5.864477402873309
2023-01-04,0.0021324696823651077,5.876996566762408
2023-01-05,-0.009109068282004834,5.823705687356591
2023-01-06,0.019159591582928535,5.936361281202392
2023-01-09,-0.010079184450903776,5.876828127696215
2023-01-10,0.004240809220441054,5.901803555187899
2023-01-11,0.011762959408065054,5.971636144589313
2023-01-12,0.0023194769512715724,5.985503293036596
2023-01-13,0.0043596481212375,6.011654945803666
2023-01-17,-0.006174219452687858,5.974652018540027
2023-01-18,-0.018258052008171686,5.866556322524542
2023-01-19,-0.006576491501919712,5.828101552057591
2023-01-20,0.013589294016396166,5.907841918118831
2023-01-23,0.006074571083676892,5.943838745754281
2023-01-24,0.002241595874794834,5.9571773744895085
2023-01-25,0.0006449155237192726,5.961020489765015
2023-01-26,0.008586967912113332,6.012427982799042
2023-01-27,0.0027574128729840703,6.029029607364384
2023-01-30,-0.01609448263169035,5.932772179619063
2023-01-31,0.01461475191835111,6.02011486441885
2023-02-01,0.007236628139266296,6.063838211037174
2023-02-02,0.016829090529753073,6.166750625540293
2023-02-03,-0.008173208477515794,6.116553900631402
2023-02-06,-0.004499422292761984,6.0890947631091565
2023-02-07,0.010369916072805902,6.152566695279075
2023-02-08,-0.009770979997818185,6.092742833998377
2023-02-09,-0.007806952760515484,6.045362268079002
2023-02-10,0.003478094781712899,6.066425219274033
2023-02-13,0.011336198289997915,6.135586691898372
2023-02-14,-0.00035315881718787093,6.133420237933184
2023-02-15,-0.0030246268578787397,6.114896957478134
2023-02-16,-0.01462166080585942,6.026137495019879
2023-02-17,0.000439935601930639,6.028789190690964
2023-02-21,-0.017075460548536966,5.926718768499069
2023-02-22,-0.001930966456350841,5.915285515527392
2023-02-23,0.005897362053645917,5.950273161869552
2023-02-24,-0.009012983504449262,5.896884405419385
2023-02-27,-0.0005574417639987666,5.893598151806935
2023-02-28,-0.003054864146381301,5.875621482241611
2023-03-01,-0.0063910439869423645,5.838189867854161
2023-03-02,0.0050744088961342795,5.8678905233604794
2023-03-03,0.017498418376250515,5.971472948007228
2023-03-06,0.0029332786373296896,5.989014656821289
2023-03-07,-0.0160597727501607,5.893600656741272
2023-03-08,-0.0007135877316561472,5.889396555793168
2023-03-09,-0.01510116810904025,5.8011279453362405
2023-03-10,-0.005548842654009624,5.769027541559955
2023-03-13,0.0052366242637192865,5.799317009225769
2023-03-14,0.016199840268918495,5.894030115716578
2023-03-15,-0.0020094652966094295,5.882198158676811
2023-03-16,0.012690734760895397,5.9573232634402915
2023-03-17,-0.008672580063066659,5.905881290220002
2023-03-20,0.010381165654172924,5.967510560586041
2023-03-21,0.011421787285604649,6.036060935494579
2023-03-22,-0.012458464501656738,5.96132738388429
2023-03-23,0.004273047294909158,5.9868549190765465
2023-03-24,0.0037671403480211097,6.0094507759599
2023-03-27,0.0012983709076982207,6.017258339478506
2023-03-28,-0.002973589303370588,5.999392061096573
2023-03-29,0.010299913068266851,6.061504605576199
2023-03-30,0.006223729535883484,6.0993474103600045
2023-03-31,0.013760842165071478,6.183859714014287
2023-04-03,0.011598585202177828,6.256001299198271
2023-04-04,-0.0017428655457210724,6.245107426115524
2023-04-05,0.00765944243595633,6.293125126604078
2023-04-06,0.004162496033843074,6.319374829224569
2023-04-10,-0.0015278495624555378,6.3097271471369085
2023-04-11,-0.0007838482901537799,6.304783216200331
2023-04-12,-0.002938914643956065,6.286281197722959
2023-04-13,0.013009557625150332,6.368597221755726
2023-04-14,0.0014701907459255537,6.377967160566614
2023-04-17,6.273548989882534e-05,6.378367298012269
2023-04-18,-0.0022955189647401336,6.363742427171822
2023-04-19,-0.0016028941325669354,6.353550192492939
2023-04-20,-0.0007798871551768363,6.34859707199662
2023-04-21,0.006394400326789715,6.389322612125403
2023-04-24,0.002129423716011337,6.402942683529819
2023-04-25,-0.009437066050131797,6.342801913056915
2023-04-26,-0.008437504459569437,6.28950963670167
2023-04-27,0.01990525257191861,6.415958235133602
2023-04-28,0.005318639724785937,6.450173313657359
2023-05-01,0.0016223640767557077,6.46064633636105
2023-05-02,-0.008419162924821545,6.4064814337694855
2023-05-03,-0.0028465205498210684,6.388271182938801
2023-05-04,-0.006743456058288198,6.345337081740009
2023-05-05,0.013059693683400434,6.428748720044943
2023-05-08,0.002573370584671558,6.445313577514462
2023-05-09,-0.004062853010675111,6.419180339541546
2023-05-10,0.0031039631084592203,6.439136193597225
2023-05-11,3.3625091856049796e-05,6.439352713783443
2023-05-12,-0.0013932971691584678,6.430387029257957
2023-05-15,-0.00019388615717301177,6.429140387084954
2023-05-16,-0.0034634999528722382,6.4069115766203595
2023-05-17,0.009208982374155579,6.466185218470821
2023-05-18,0.005202670804307206,6.499914316137086
2023-05-19,-0.0005024665159664096,6.496649147224297
2023-05-22,-0.0017717154841906271,6.485149123727846
2023-05-23,-0.005300285816710934,6.4508669128237655
2023-05-24,-0.004166313987385023,6.4240464857305035
2023-05-25,0.0009642305057951999,6.43024373463076
2023-05-26,0.008095444998243462,6.482510695816529
2023-05-30,-0.0011412703811975401,6.475116618486888
2023-05-31,-0.002161061616805267,6.461138601616203
2023-06-01,0.011603502814765994,6.536547096820383
2023-06-02,0.013593130266753404,6.626005867905694
2023-06-05,0.00025023821524359775,6.627664155263053
2023-06-06,0.0008712908688656551,6.633441294942492
2023-06-07,-0.003690234493387478,6.609007452098856
2023-06-08,0.008636860567605908,6.666335739798376
2023-06-09,0.00014880904065903199,6.667327824638292
2023-06-12,0.006118766851783381,6.708248714142047
2023-06-13,0.004073902530693771,6.735633208561371
2023-06-14,-0.0015694756838734976,6.725070087474193
2023-06-15,0.011364122045953716,6.80193050312247
2023-06-16,-0.00397740343273079,6.774930212509224
2023-06-20,-0.0014057408873387367,6.765413106960068
2023-06-21,-0.0021936502303803473,6.750588422969915
2023-06-22,0.005814960177115359,6.789957178761407
2023-06-23,-0.004499327287358576,6.759475563949981
2023-06-26,-0.009317850937309646,6.696784305713223
2023-06-27,0.008156199535911806,6.7516279686559235
2023-06-28,-0.002719529731108956,6.733291660031044
2023-06-29,0.0039174072558843375,6.7597204379811195
2023-06-30,0.013730833739315704,6.853177186654295
2023-07-03,-0.0013388511446452104,6.84400794202999
2023-07-05,-0.0002471115438872276,6.842316917605492
2023-07-06,-0.01017691737238843,6.773036352936339
2023-07-07,-0.007685696905786657,6.72118037830818
2023-07-10,0.001977116921254675,6.734482082944576
2023-07-11,0.0027752492452346824,6.75319790778925
2023-07-12,0.005727267276114377,6.7919862467413
2023-07-13,0.001903517123428587,6.8049272216402175
2023-07-14,0.004940077512282924,6.8386272614493295
2023-07-17,0.0014814308172097193,6.8487657224819705
2023-07-18,0.0042175652262612115,6.877711836791062
2023-07-19,0.0026273277105117385,6.895805598397195
2023-07-20,0.0053135559560791535,6.93254436761975
2023-07-21,0.0025331962100288083,6.950128124888261
2023-07-24,0.006598699957008577,6.996141582584892
2023-07-25,0.00026493119764046957,6.997995324299392
2023-07-26,0.0017043400618085537,7.0099324576606925
2023-07-27,-0.0033565168495643576,6.986442944778271
2023-07-28,0.008766500329093985,7.047958844766206
2023-07-31,-0.0006027928057826887,7.043711666092108
2023-08-01,-0.002745269482789978,7.024401297619969
2023-08-02,-0.008524878717536091,6.964773648843811
2023-08-03,0.0015901064067464213,6.975857189713712
2023-08-04,-0.0028796429538123056,6.955798107069948
2023-08-07,0.013904725655517515,7.053192120798461
2023-08-08,0.006960229043193347,7.102455195709131
2023-08-09,-0.004263528902622051,7.072238134133326
2023-08-10,-0.0008003251457620965,7.066580308469832
2023-08-11,0.00477247218720946,7.10038597057727
2023-08-14,0.0043826417051289045,7.1315727084851535
2023-08-15,-0.009314131056687646,7.065456690247192
2023-08-16,-0.005224032429233649,7.02864275768134
2023-08-17,-0.0038525634728653986,7.001616558829978
2023-08-18,0.002290864389536059,7.017674699362102
2023-08-21,0.0012842480621585977,7.026692924074949
2023-08-22,-0.0031896803970884236,7.004315726425254
2023-08-23,0.005172393447975229,7.040638660468296
2023-08-24,-0.009167678410899358,6.976387317254625
2023-08-25,0.0070401854740586856,7.025675673915226
2023-08-28,0.0024005256981118753,7.042561247935615
2023-08-29,0.008359415345152827,7.101679696066865
2023-08-30,0.001715665142173835,7.113874258273711
2023-08-31,-0.001523156666954824,7.10304696119749
2023-09-01,0.002980833839681092,7.124251551924184
2023-09-05,-0.0027908031402870373,7.104396886438911
2023-09-06,-0.0066303832567186655,7.057447829392537
2023-09-07,0.004431781248311371,7.088794303396117
2023-09-08,0.0033945689189332964,7.112898592900783
2023-09-11,0.006736553157057882,7.160976771154263
2023-09-12,-3.208105717846617e-05,7.160747043133992
2023-09-13,0.0022407783114612354,7.1768106806059215
2023-09-14,0.004481908074134595,7.209048676243292
2023-09-15,-0.011940770003534523,7.123478984780812
2023-09-18,0.0002405606881762169,7.125192819920015
2023-09-19,-0.0010803770732021086,7.117499081772733
2023-09-20,-0.007258515398386538,7.066023648704353
2023-09-21,-0.014906317467501852,6.961476400047882
2023-09-22,-0.0020598283439787414,6.947151711907292
2023-09-25,0.004624950791048009,6.9793563617680086
2023-09-26,-0.010983492830316214,6.903118098844216
2023-09-27,-0.0012202954063516343,6.894699393237289
2023-09-28,0.00204701745328742,6.90882741845415
2023-09-29,-0.005372862213165927,6.871806783124768
2023-10-02,0.0038142349549184357,6.8980675192316
2023-10-03,-0.010625909870597295,6.825157330062919
2023-10-04,0.0026573576110246752,6.843318333293414
2023-10-05,0.001026165227255497,6.85034431289752
2023-10-06,0.006790066609058657,6.897016882686138
2023-10-09,0.004356080221255469,6.927126373581645
2023-10-10,0.005180571843795834,6.96310596639448
2023-10-11,0.0010830632898184572,6.970651536277072
2023-10-12,-0.0012908847375793775,6.961659033988632
2023-10-13,-0.0013735141712465035,6.952103660372816
2023-10-16,0.010549835563038328,7.025835456112175
2023-10-17,-0.003914278981266319,6.998388129352286
2023-10-18,-0.010755624189259728,6.923519448155874
2023-10-19,-0.00788822741262869,6.8691199919734265
2023-10-20,-0.01033034119030878,6.79852490226143
2023-10-23,-0.001371047382555024,6.789210189404417
2023-10-24,0.004510358340155688,6.819901121726916
2023-10-25,-0.0076527606961256656,6.767909244907497
2023-10-26,-0.013189693056161073,6.679228719418275
2023-10-27,-0.010103252927148436,6.612086530696387
2023-10-30,0.014040569806784703,6.705578799665138
2023-10-31,0.0032592587732632587,6.727469670826231
2023-11-01,0.007014501503037717,6.77482541122887
2023-11-02,0.015824047173037554,6.8828832696476425
2023-11-03,0.0022733238937246185,6.898548091502839
2023-11-06,0.004113430573819374,6.926983233033386
2023-11-07,0.002632785346050552,6.945244521459674
2023-11-08,0.0001662340860261517,6.946399153801894
2023-11-09,-0.010273676143642819,6.875399437070491
2023-11-10,0.01055299802318541,6.948339706076324
2023-11-13,0.001278621427292429,6.957229684355813
2023-11-14,0.010298239322032963,7.029247090430108
2023-11-15,0.001758641586969402,7.041619893162234
2023-11-16,-0.004509285569996194,7.009938701641335
2023-11-17,0.0011666805748780915,7.018121833577961
2023-11-20,0.0048620412148668,7.052327318038189
2023-11-21,-0.00039108488082190325,7.049569798696704
2023-11-22,0.003294768148719141,7.072834802081594
2023-11-24,0.00306373738371744,7.094537338934449
2023-11-27,-0.0036748152683683663,7.068514069438787
2023-11-28,0.001730943341741745,7.080759862132419
2023-11-29,-0.003874585210791805,7.053377935748656
2023-11-30,0.005392130805495687,7.0915133954932115
2023-12-01,-0.0033173062228112043,7.068027650219109
2023-12-04,-0.0019867651678611782,7.053999079430579
2023-12-05,-0.0012938137964859972,7.044878419591275
2023-12-06,-0.0062750710591684055,7.000809718626059
2023-12-07,0.002833097058919592,7.020671814387341
2023-12-08,0.0026370025660151443,7.039209775560209
2023-12-11,-0.0024333780126564214,7.022101541108616
2023-12-12,0.003708298423306657,7.048189931053306
2023-12-13,0.005436818945522316,7.0866140213650874
2023-12-14,-0.0058606427923379115,7.045203373015604
2023-12-15,0.0014197732816343253,7.0552130685960375
2023-12-18,0.00862891437623857,7.116355314294719
2023-12-19,0.007229774248840405,7.167991390361758
2023-12-20,-0.014132141477146394,7.067404748324029
2023-12-21,0.007909756727064947,7.123527868078878
2023-12-22,0.001547428916101105,7.134559554260377
2023-12-26,0.0020683168390103726,7.149331355041459
2023-12-27,0.003175804735062652,7.1720723267408495
2023-12-28,-0.00027142260062122306,7.170125928378284
2023-12-29,-0.0011815592861055045,7.161659002577509
2024-01-02,0.00017452960170080185,7.162909033151243
2024-01-03,-0.0014680320587438654,7.152401367738659
2024-01-04,-0.002012527849960155,7.138021435652442
2024-01-05,0.0007089643131773323,7.143083832434301
2024-01-08,0.00993607355251277,7.214411811987147
2024-01-09,0.001651782417442952,7.2263382978385255
2024-01-10,0.007927710046688428,7.283854296409977
2024-01-11,-0.00037133234917683246,7.281150067797885
2024-01-12,0.000731136564189498,7.286475529424429
2024-01-16,-0.0035761705463382945,7.260464388109569
2024-01-17,-0.0021898534050317662,7.244582431372446
2024-01-18,0.005764221604961008,7.286462396683259
2024-01-19,0.00784018071608297,7.343814108771414
2024-01-22,0.0012817431316655562,7.353233027092992
2024-01-23,0.003321797044469653,7.377699588808199
2024-01-24,0.0002475106757413191,7.379525874222087
2024-01-25,0.002433560790931236,7.397506268362699
2024-01-26,0.0037009617951903884,7.4249348812580624
2024-01-29,0.0053549216593157655,7.464801471842309
2024-01-30,0.0029052574104144577,7.4865201755717
2024-01-31,-0.010228393837341384,7.410335386959402
2024-02-01,0.01070157821013962,7.490063518186482
2024-02-02,0.00881167042956426,7.556355130387969
2024-02-05,-0.0005434464810835642,7.552249771405026
2024-02-06,0.004437873297656653,7.585840178859475
2024-02-07,0.009539605054370182,7.65855236953765
2024-02-08,-0.0003357208160121134,7.655981665630229
2024-02-09,0.002147631124949624,7.672441558710203
2024-02-12,-0.0010608902311725124,7.664306256505658
2024-02-13,-0.00842278075621843,7.600022588918244
2024-02-14,0.005009654720548931,7.63819160492657
2024-02-15,0.00735159444588434,7.694551405268891
2024-02-16,-0.0004403742753252724,7.691163668760596
2024-02-20,-0.0016968960677686941,7.678123630298524
2024-02-21,0.002728777330912343,7.699104132545491
2024-02-22,0.018517947624431895,7.843003992575122
2024-02-23,0.001154970033391944,7.8520676602830735
2024-02-26,-0.0020265986680966896,7.836170784155772
2024-02-27,-0.0015791359211807998,7.823806170658107
2024-02-28,-0.00038231052303249033,7.820815618925021
2024-02-29,-0.0013639038198045425,7.810156049594487
2024-03-01,0.006763485963449252,7.863158970614177
2024-03-04,-0.004665582068188728,7.82655820545109
2024-03-05,-0.006513003389787557,7.775749443752718
2024-03-06,0.0039021323774838207,7.8061507237501235
2024-03-07,0.005661076313006415,7.8504672600010865
2024-03-08,-0.010453487296713245,7.76882994097527
2024-03-11,7.890332119595507e-05,7.7694429516433905
2024-03-12,0.011339196288707306,7.858043570898304
2024-03-13,-0.00022714351065419993,7.856258869994025
2024-03-14,-0.0006886630896853601,7.85085041700197
2024-03-15,-0.005655502079250355,7.8065752333519844
2024-03-18,0.0047062597007823505,7.843401593008162
2024-03-19,0.005922174455732847,7.889989399967356
2024-03-20,0.008022529096166716,7.9535416535420485
2024-03-21,0.0032420558631582872,7.979369324646331
2024-03-22,-0.004319396639127456,7.944977592839552
2024-03-25,-0.005814069410974757,7.898918965419331
2024-03-26,-0.0005430725850480174,7.894630443672392
2024-03-27,0.0065692819096795805,7.9466632184880215
2024-03-28,-0.0003085092928250456,7.944211977172971
2024-04-01,-0.0056636449493395425,7.899345953675746
2024-04-02,-0.008346188563759077,7.833690888713164
2024-04-03,-0.003182636654763184,7.808798729309547
2024-04-04,-0.008771563331596266,7.740602886041102
2024-04-05,0.009232844322361995,7.81240161063054
2024-04-08,-0.0006567506862149312,7.807272494971245
2024-04-09,0.00029636856292904065,7.809586668008104
2024-04-10,-0.004971711536661688,7.770856014471101
2024-04-11,0.003159441443280927,7.795446404506436
2024-04-12,-0.010699311602215229,7.712485100185804
2024-04-15,-0.009032464923007903,7.6431360171181595
2024-04-16,-0.0011237936135341873,7.6345515341717585
2024-04-17,-0.0012186997233451112,7.62525297555548
2024-04-18,0.00044980748534072403,7.628683642933591
2024-04-19,-0.002509080138331975,7.6095666573770915
2024-04-22,0.007426265959280271,7.666287675214223
2024-04-23,0.006425462074242032,7.715705712759598
2024-04-24,0.0007744749191161054,7.721683647899025
2024-04-25,-0.0025909493404702466,7.701703052277213
2024-04-26,0.006449021468297038,7.751532001888482
2024-04-29,0.0005236994162168537,7.755592537830005
2024-04-30,-0.009824309322130092,7.679772248577477
2024-05-01,0.0010060277667618064,7.687502200323046
2024-05-02,0.006373813269936409,7.736657390448969
2024-05-03,0.007563055918622931,7.795391989477485
2024-05-06,0.008759884317280928,7.863978688702545
2024-05-07,0.005269070801163383,7.905523905417672
2024-05-08,0.00010927453721377367,7.90638782508522
2024-05-09,0.006429172012031259,7.957383105467015
2024-05-10,0.0026295485586061615,7.9783349656364475
2024-05-13,-0.0015280826349313057,7.966152720628817
2024-05-14,0.00310921749600915,7.990959767310838
2024-05-15,0.01053769208989648,8.075611273265865
2024-05-16,0.005001311769981313,8.116101089676317
2024-05-17,0.003351524035546432,8.143348031438645
2024-05-20,-0.005823662500536295,8.096061744210969
2024-05-21,0.005733383555845678,8.142612891756436
2024-05-22,-0.0021128140968075856,8.125427225905465
2024-05-23,-0.009655705601429896,8.047348054100956
2024-05-24,0.003036914981504859,8.071824313315247
2024-05-28,-0.00293514846971148,8.048167046313893
2024-05-29,-0.0066610944847847195,7.994735598712961
2024-05-30,-2.8213414266501243e-05,7.994510043107425
2024-05-31,0.007316156326839348,8.053213608723057
2024-06-03,0.0019662828453705775,8.069064082642626
2024-06-04,0.0044321149240020815,8.10490647210776
2024-06-05,0.00585586800473044,8.15250696969145
2024-06-06,0.004080085592432141,8.185837846096472
2024-06-07,-0.001832939882371724,8.170847439891327
2024-06-10,0.004046596107704579,8.203978548235293
2024-06-11,0.0031744496102554085,8.230063044795516
2024-06-12,0.00015131908236176492,8.231308504611777
2024-06-13,0.008454919283832877,8.301198594809838
2024-06-14,0.0023005720612683206,8.32031808482167
2024-06-17,0.007781119123644614,8.385312005781438
2024-06-18,0.00027900071126018666,8.387651840187743
2024-06-20,-0.0005575188023777514,8.382976869892053
2024-06-21,-0.0034953249734422176,8.353726790533095
2024-06-24,0.0007184138188530924,8.359730379570788
2024-06-25,-0.002495365156757725,8.33889580540807
2024-06-26,0.004988929920608822,8.38060192013494
2024-06-27,-0.002185178754661691,8.362308801014558
2024-06-28,-0.00131428341002818,8.35132557640378
2024-07-01,-0.0008195550091069092,8.34448400959807
2024-07-02,0.008387959066004714,8.41477157239091
2024-07-03,0.002370304442106642,8.43474080005328
2024-07-05,0.010469594357127018,8.523513008366496
2024-07-08,-0.0008895050284948596,8.51593467166909
2024-07-09,0.0025539757526471117,8.537711959827224
2024-07-10,0.007439524697931618,8.601465332166521
2024-07-11,-0.009848746103480898,8.517167479457406
2024-07-12,0.0034229131682132095,8.546370956148042
2024-07-15,0.004753452407823082,8.587092430867555
2024-07-16,0.008848400831324762,8.663411620115143
2024-07-17,0.0018215393901110399,8.679206746989456
2024-07-18,-0.009528762764624657,8.596897420721833
2024-07-19,-0.005604065121390332,8.548854591041476
2024-07-22,0.005097423267418518,8.59254297583935
2024-07-23,-0.002586409401086886,8.570347857112141
2024-07-24,-0.017094081315812592,8.425090689938536
2024-07-25,-0.004510823806957722,8.387172176440945
2024-07-26,0.009528673682209601,8.46747277474799
2024-07-29,0.00023814956511533628,8.469489539843254
2024-07-30,-0.003343535414885952,8.441218790084388
2024-07-31,0.009017804031384996,8.517684304244712
2024-08-01,-0.0035710218589758806,8.48732171241177
2024-08-02,-0.005862037498396982,8.43771425671241
2024-08-05,-0.027263092821400003,8.210783542141938
2024-08-06,0.007153379899197121,8.269728974266531
2024-08-07,-0.006169699254609643,8.218864304782544
2024-08-08,0.019712786888334572,8.382488470865416
2024-08-09,0.006140908169081761,8.434122941801112
2024-08-12,-0.0006114337964581232,8.428967610223602
2024-08-13,0.009012799835878839,8.50527958381786
2024-08-14,0.005405182882111229,8.551376644723213
2024-08-15,0.016788467616119535,8.696153041065632
2024-08-16,0.0010237632229898647,8.705060401466586
2024-08-19,0.005036531567876301,8.749014307683364
2024-08-20,0.003600407803437462,8.780571101643694
2024-08-21,0.0024885499816173343,8.802449202780666
2024-08-22,-0.003655633165849185,8.770329422371345
2024-08-23,0.007700278297562258,8.838124083578089
2024-08-26,0.00039278510329596395,8.84159624892197
2024-08-27,0.002198000350965761,8.861051454021343
2024-08-28,-0.0041447726656192296,8.824400417742165
2024-08-29,0.0025633952350789095,8.847049861060526
2024-08-30,0.010404909861199895,8.93958318301962
2024-09-03,-0.007723459379557217,8.870804621545146
2024-09-04,0.0018057284225514135,8.886837356607431
2024-09-05,-0.006834093644910332,8.82631093509446
2024-09-06,-0.014144311345231168,8.702347599887403
2024-09-09,0.011397736033805301,8.802102068345679
2024-09-10,0.004491904087665126,8.841729200614871
2024-09-11,0.002169594393898869,8.86093299140641
2024-09-12,0.0077306528491129295,8.929699249845306
2024-09-13,0.0042374758897344,8.967618920222503
2024-09-16,0.00278836281822299,8.992658789283897
2024-09-17,-0.0028481185236370445,8.967083069838258
2024-09-18,-0.002612603006157374,8.943686218304174
2024-09-19,0.00651594224574362,9.00215303751254
2024-09-20,0.002325843856929851,9.023115007539023
2024-09-23,0.004112815395291714,9.06030183271036
2024-09-24,-0.002052685917351326,9.041722953556741
2024-09-25,-0.0019756811422222235,9.023877026759578
2024-09-26,-0.0012119193358831513,9.012947439932756
2024-09-27,-0.0006413110815437221,9.007169189888089
2024-09-30,0.005223405917901539,9.05434038062512
2024-10-01,-0.0032993979559684367,9.024515737220371
2024-10-02,-0.00036044676714778795,9.021263465868374
2024-10-03,-0.0022442909731048596,9.00103982805842
2024-10-04,0.007567378998783365,9.069412482433915
2024-10-07,-0.011565018904153497,8.965128739676882
2024-10-08,0.00840620934766286,9.040809135659082
2024-10-09,0.00781778724441105,9.111765256537566
2024-10-10,-0.003118291367734236,9.083396371805108
2024-10-11,0.005569184050991731,9.134124604324839
2024-10-14,0.004824804417600912,9.178301455702131
2024-10-15,-0.004788995445441103,9.134451693794833
2024-10-16,0.003396307394721178,9.16552784183319
2024-10-17,-0.00015770651837102118,9.164082492321738
2024-10-18,0.0024700560811672153,9.186746268886804
2024-10-21,-0.0049893401673679,9.141024621992385
2024-10-22,0.0020814777860613132,9.160071277403254
2024-10-23,-0.004221942799658189,9.121479503883641
2024-10-24,-0.0005298461904791934,9.116647802859202
2024-10-25,-0.0023543282314156333,9.095209467902144
2024-10-28,0.0041219877702828025,9.132777183737552
2024-10-29,-0.002701187399165006,9.108141129368839
2024-10-30,-0.0009644344188137243,9.099361159105568
2024-10-31,-0.012586742226458808,8.985547619196923
2024-11-01,0.003915141287695745,9.020796264361175
2024-11-04,-0.004627634857119498,8.979147754502455
2024-11-05,0.009106881288446427,9.061293264147153
2024-11-06,0.019492521605728837,9.239653416013942
2024-11-07,0.0072174901101774375,9.306581759959148
2024-11-08,0.009258539626117564,9.393147232527292
2024-11-11,0.00019795867055897424,9.395006871525567
2024-11-12,-0.0034716346476980076,9.36244739016805
2024-11-13,0.0009523829520409472,9.371368272825812
2024-11-14,-0.008366247570717335,9.29329214329864
2024-11-15,-0.005836494926980697,9.239209869831187
2024-11-18,0.003886187275513107,9.275185027487
2024-11-19,0.002163683622771328,9.29527532010994
2024-11-20,-0.00014337546651658128,9.29394270120923
2024-11-21,0.005863004181362677,9.34859317756353
2024-11-22,0.0060014936576911595,9.40486739600292
2024-11-25,0.00534982575808212,9.455316624817272
2024-11-26,0.007874401655446173,9.53006550079612
2024-11-27,-0.0006514973137987438,9.52385871079507
2024-11-29,0.004492357791897944,9.566739537575799
2024-12-02,0.003284034049728086,9.598208680548025
2024-12-03,-0.0015424076389299556,9.583415741462954
2024-12-04,0.0028006331837660088,9.61029299269542
2024-12-05,-0.002142093640025937,9.589728878189744
2024-12-06,0.003487938502881387,9.62323566361017
2024-12-09,-0.0065345067388147045,9.560557573546278
2024-12-10,0.0030557095966905626,9.589816541761666
2024-12-11,0.003725578546794101,9.625610792281448
2024-12-12,-0.008100300936979984,9.547955388842349
2024-12-13,0.008287356842343281,9.62741148803301
2024-12-16,0.004440090533338705,9.67025310659102
2024-12-17,-0.0024984345908034187,9.646122768315754
2024-12-18,-0.024390828540092765,9.413691954743491
2024-12-19,-0.002739518439791776,9.3879382645083
2024-12-20,0.0056643902403432965,9.441266102647033
2024-12-23,0.005784610900385481,9.496038418995683
2024-12-24,0.012117211402328909,9.611803884862061
2024-12-26,0.0008660481570567237,9.62013177555921
2024-12-27,-0.010168516130804372,9.52280498356684
2024-12-30,-0.012145442807664391,9.407845828341891
2024-12-31,-0.0027030655209064765,9.382450143220641
2025-01-02,-0.004646805396870132,9.338952863225952
2025-01-03,0.00736805951389854,9.408016945406224
2025-01-06,0.0010854632284697573,9.418234546265067
2025-01-07,-0.007079723213594575,9.351791529126045
2025-01-08,0.004313786944243512,9.392220303194463
2025-01-10,-0.009175799857756173,9.306433353317644
2025-01-13,-0.00020461252009641007,9.304529335335713
2025-01-14,-0.0018090157422320278,9.287712510830305
2025-01-15,0.01706487861424889,9.447566260616593
2025-01-16,-0.003955243290939034,9.410272638840532
2025-01-17,0.00896535682282913,9.495018411254417
2025-01-21,0.013105729860977256,9.620276564478656
2025-01-22,0.005466206900111861,9.673006972981703
2025-01-23,0.006941567087685251,9.740386388633143
2025-01-24,0.0010992146652628418,9.751099050875924
2025-01-27,-0.0027648288741168106,9.724176166400376
2025-01-28,0.0031976981156631953,9.755320915418048
2025-01-29,-0.0025488887893926203,9.730487349743347
2025-01-30,0.012596528702554897,9.85383294514174
2025-01-31,-0.003691992973260795,9.817519738448762
2025-02-03,0.0023503387043088274,9.840621372768362
2025-02-04,0.00821438175107627,9.921788907545317
2025-02-05,0.00585625355936951,9.98006388913625
2025-02-06,0.004551684222897175,10.025593528147471
2025-02-07,-0.008940362906282945,9.936360565555102
2025-02-10,0.008664833748058275,10.022831565320079
2025-02-11,0.0007211159183900561,10.030061795312829
2025-02-12,-0.0029129924660729295,10.000886814748544
2025-02-13,0.010021389655891787,10.101613465951793
2025-02-14,-0.008182834310895122,10.019290911947886
2025-02-18,-0.0012214540933630552,10.007060279149764
2025-02-19,0.002141869700435204,10.028517068973159
2025-02-20,-0.015214918051871305,9.877088908325662
2025-02-21,-0.016600822599101218,9.714474607661037
2025-02-24,-0.001627289667011395,9.698679198849932
2025-02-25,0.0059263825631532645,9.756327937651625
2025-02-26,-0.0031218216100760547,9.725917914292339
2025-02-27,-0.007906985023867729,9.64931846144926
2025-02-28,0.017415481001601868,9.818837829897394
2025-03-03,-0.012838186046059762,9.693587477045854
2025-03-04,-0.015999112269935504,9.539732734210405
2025-03-05,0.010860604843044247,9.643904662876407
2025-03-06,-0.016993904067417298,9.481401762337864
2025-03-07,-0.008205100054700787,9.403924202456773
2025-03-10,-0.025905407013326973,9.163440086645428
2025-03-11,-0.008612270082729167,9.084860923910444
2025-03-12,-0.00017045496762194552,9.083312496208155
2025-03-13,-0.016543598593608926,8.93427800288448
2025-03-14,0.015948633150043034,9.077909846514109
2025-03-17,0.009820225271047672,9.167496124964735
2025-03-18,-0.012149795935064685,9.05678682738064
2025-03-19,0.011413199147892785,9.160745863188454
2025-03-20,-0.0005434234064101871,9.155769051846583
2025-03-21,0.0017087603419644614,9.171427441310003
2025-03-24,0.017325698973752815,9.331713355537563
2025-03-25,-0.0018058827672352228,9.314876582394946
2025-03-26,-0.005848174031863691,9.260560542688015
2025-03-27,0.00045785550920163833,9.26480151215231
2025-03-28,-0.017473712065445162,9.104317249459871
2025-03-31,0.010970284429410459,9.204744047319318
2025-04-01,0.0018801682781801419,9.22206679482299
2025-04-02,0.0070336034456257145,9.287159806468068
2025-04-03,-0.02960719104442058,9.01622371145201
2025-04-04,-0.055654861627300295,8.528135255965822
2025-04-07,-0.003615106368478717,8.49736079987276
2025-04-08,-0.004568001339583052,8.45863336518537
2025-04-09,0.07679119998245405,9.133772612178408
2025-04-10,-0.01750530406355282,8.975274471861074
2025-04-11,0.018310649142449734,9.14113141379299
2025-04-14,0.005247345428519815,9.189224157195987
2025-04-15,-0.003620795776093111,9.156012016655835
2025-04-16,-0.019880595309700703,8.975782518055047
2025-04-17,-0.009141964597720448,8.8941001694938
2025-04-21,-0.027297351958394354,8.654598538745804
2025-04-22,0.023703501674920042,8.862193473364474
2025-04-23,0.010313214060034246,8.95406409810935
2025-04-24,0.011160427293578216,9.054554997091573
2025-04-25,0.004675578689015233,9.096989406880551
2025-04-28,0.0008603288399796203,9.104819176829785
2025-04-29,0.003937652841673214,9.140741472283821
2025-04-30,0.002881782482653408,9.16712109284516
2025-05-01,-0.0008271595232769761,9.159541556507168
2025-05-02,0.01541950337349514,9.301871648065633
2025-05-05,-0.0073787694102275606,9.233487886365118
2025-05-06,-0.00836815148077252,9.156543053057318
2025-05-07,0.0033461193982362793,9.187233257296537
2025-05-08,-2.0509220080082864e-05,9.187044836239927
2025-05-09,-0.0019248745740729253,9.169377935962219
2025-05-12,0.023511157938017405,9.387514906908136
2025-05-13,-0.007985700971254546,9.312847552384325
2025-05-14,-0.0006853041904044842,9.30646760528401
2025-05-15,-3.142991585897094e-05,9.306175108386832
2025-05-16,0.010240191520287658,9.401961723433566
2025-05-19,0.00445251117698775,9.443917397833623
2025-05-20,-0.0018470202733191616,9.426490389913068
2025-05-21,-0.015199423166506474,9.284296543212811
2025-05-22,-0.002856583239231961,9.257813021520443
2025-05-23,-0.005276101458508035,9.209096490426505
2025-05-27,0.017883686366973604,9.375270557353497
2025-05-28,-0.0023046693020054255,9.353688538363032
2025-05-29,0.0032337746625757417,9.383985219277784
2025-05-30,0.00657582930265911,9.445896038655482
2025-06-02,0.004476516543621149,9.488275534027009
2025-06-03,0.0025822926438156387,9.512808700415828
2025-06-04,-0.0009815156053410634,9.503476310917923
2025-06-05,-0.009436858656775779,9.41421518297073
2025-06-06,0.006792806348325551,9.478381812642448
2025-06-09,-0.0003241323092165776,9.475310060711797
2025-06-10,0.006023511996197533,9.532556945088405
2025-06-11,-0.0023783412774600584,9.509912210553768
2025-06-12,0.010220390054117939,9.60760560463266
2025-06-13,-0.00918029517698138,9.51980856720876
2025-06-16,0.003560775026905323,9.553766886904036
2025-06-17,-0.006626415920478984,9.490668941401934
2025-06-18,-0.003984087717667192,9.452932506389384
2025-06-20,-0.003698003797754543,9.418040082003277
2025-06-23,0.011930117991434508,9.53107130874567
2025-06-24,0.011215974511310414,9.638573304472306
2025-06-25,-0.0046745641718511565,9.593622320020192
2025-06-26,0.0038325377743172197,9.630460787271511
2025-06-27,0.004457544055835016,9.67348481000766
2025-06-30,0.0067432796807513394,9.738936254249884
2025-07-01,0.003340149195472277,9.771520141573019
2025-07-02,-0.0023343021269030383,9.748737062963249
2025-07-03,0.008838278709541956,9.83528100456451
2025-07-07,-0.007604168760606286,9.760775503213745
2025-07-08,-0.005414576582099671,9.708067860307311
2025-07-09,0.003305517441859224,9.740211143770725
2025-07-10,-0.0011601332646099677,9.728917753004318
2025-07-11,-0.0043808907562689365,9.686389650654226
2025-07-14,0.00036168639884804265,9.689893719693666
2025-07-15,-0.008058498155517985,9.612121513489337
2025-07-16,0.0028282588716713286,9.63934556161606
2025-07-17,0.002888988473826606,9.667233784819649
2025-07-18,-0.002070407364071773,9.647239378226992
2025-07-21,0.0029216116880581735,9.675466079203504
2025-07-22,0.0033969094333666156,9.708388647033015
2025-07-23,0.008931116550200964,9.795483746871643
2025-07-24,-0.001682306317410718,9.77901859627886
2025-07-25,0.005395771192465834,9.831926554364303
2025-07-28,0.0007128431304599237,9.838937674285216
2025-07-29,-0.008784440226263866,9.75288662290751
2025-07-30,-0.0028555796423863655,9.725076204742566
2025-07-31,-0.0061584025550445835,9.665369308848527
2025-08-01,-0.010127036978988955,9.5679817126488
2025-08-04,0.009050113469657017,9.654966048176892
2025-08-05,-0.00042923314359117427,9.650822706042266
2025-08-06,0.01025313130887907,9.75028287625351
2025-08-07,-0.010985926186422135,9.643753223155977
2025-08-08,0.008629770203419092,9.72733673188173
2025-08-11,0.0020063773899004237,9.746873032406656
2025-08-12,0.009368528121648482,9.83861596360745
2025-08-13,0.00181523414639967,9.856491574559142
2025-08-14,0.0021927985251732384,9.878128588883879
2025-08-15,0.00599557352016327,9.93753153449815
2025-08-18,0.002200127488547807,9.95941944005771
2025-08-19,-0.0013750771070091677,9.94573388189188
2025-08-20,0.001233204074242632,9.9580065672438
2025-08-21,-0.007367599579452982,9.884909567609743
2025-08-22,0.010093316579437737,9.98518630033264
2025-08-25,-0.006534267031924239,9.920153130124145
2025-08-26,0.0034570262470848727,9.954506706263905
2025-08-27,0.003863382991359586,9.993039163052275
2025-08-28,0.0027152112762840125,10.020209245236577
2025-08-29,-0.00015238959584145615,10.018682385941139
2025-09-02,-0.0019031433476598644,9.999633529307916
2025-09-03,0.007166450270330858,10.07155280085646
2025-09-04,0.008898596624533926,10.161575430110176
2025-09-05,-0.0011349150401808864,10.15004944706552
2025-09-08,0.00451588353841262,10.195989540260788
2025-09-09,0.00917885645955155,10.290007895108499
2025-09-10,0.011816982596891847,10.412326031588858
2025-09-11,0.007287683745896727,10.488484944734484
2025-09-12,-0.002071347608399056,10.46678213132343
2025-09-15,0.004347709045060135,10.51238772275107
2025-09-16,0.0005723596773660906,10.518406311830958
2025-09-17,0.0025359445063873323,10.545114257153742
2025-09-18,-0.007666878533809012,10.464575282799059
2025-09-19,0.0028364685562945777,10.494299858025967
2025-09-22,0.0022946263128376158,10.518408003629558
2025-09-23,-0.006037302735675845,10.455096497881152
2025-09-24,0.00014534539822383605,10.456616208483902
2025-09-25,-0.00825910221381194,10.370609603971465
2025-09-26,0.001088501162993806,10.381904170545585
2025-09-29,-0.0005030087858961593,10.376683294716756
2025-09-30,0.0028105746484305976,10.405888760565336
2025-10-01,0.0024494325318801416,10.431408524729582
2025-10-02,-0.0020091441893541596,10.410471360838946
2025-10-03,0.004430142608614495,10.45669354342364
2025-10-06,0.001736319197347692,10.474865472733324
2025-10-07,0.0007682569195982658,10.482915952637097
2025-10-08,-0.000658670950589906,10.476013433915456
2025-10-09,-0.0018946076655001586,10.456184288716381
2025-10-10,-0.01814365677662925,10.268181555711498
2025-10-13,0.009545292104213685,10.366663620331487
2025-10-14,0.005742911861275372,10.42636973517874
2025-10-15,0.004421054198277008,10.472567326650028
2025-10-16,-0.010351095941646017,10.36472388928699
2025-10-17,0.0047967870138546235,10.414560694953856
2025-10-20,0.005020795593443425,10.466981562508723
2025-10-21,-0.0028429169423123766,10.437267061232502
2025-10-22,0.00037004593841911287,10.441130044213207
2025-10-23,0.002366553842144568,10.465868801890744
2025-10-24,0.005551710490840469,10.524133861233313
2025-10-27,0.0032368946337388627,10.558254566425658
2025-10-28,-0.0014435904223519056,10.543023767419621
2025-10-29,-0.006769877417859805,10.471889844549102
2025-10-30,-0.0033924930990933203,10.436424222969743
2025-10-31,0.0006740947794271993,10.443461733762488
2025-11-03,-0.0005890132107033391,10.43731220808955
2025-11-04,0.0009306510154607054,10.447030224634265
2025-11-05,-2.370765578123765e-05,10.446782552973632
2025-11-06,-0.004165157051828383,10.403360555449439
2025-11-07,0.0007043504604189814,10.410690748455936
2025-11-10,0.007221333295168101,10.486141917319223
2025-11-11,0.006938467385019625,10.559152669459731
2025-11-12,0.0019325945672974457,10.579578962057496
2025-11-13,-0.008481240126291817,10.490230441155532
2025-11-14,-0.005038697430195657,10.437506286070652
2025-11-17,-0.007050488890523173,10.364175576401381
2025-11-18,-0.01007408469314634,10.260290147758475
2025-11-19,0.002963339993497304,10.290739970203909
2025-11-20,7.609438032432003e-05,10.291523067479293
2025-11-21,0.007262650891590061,10.366538883771337
2025-11-24,0.004554689025504863,10.413862936016237
2025-11-25,0.014806190863536125,10.569199713485041
2025-11-26,0.006892498774760205,10.642299540401071
2025-11-28,0.004086558124202414,10.685878900193726
2025-12-01,-0.006667159695043475,10.614871411247817
2025-12-02,-0.000713373989997305,10.607301738400746
2025-12-03,0.005380757837928676,10.66453089039555
2025-12-04,-0.005038514781116895,10.610932635061367
2025-12-05,0.001595496069430442,10.627875849195144
2025-12-08,-0.010375104243444903,10.51818056337648
2025-12-09,-0.0023308610990171526,10.49369269546493
2025-12-10,0.002370784864013645,10.518600497128096
2025-12-11,0.01112780809869712,10.63630313654694
2025-12-12,0.0006900007201148939,10.643644725930221
2025-12-15,-8.111747834952098e-05,10.642781375326491
2025-12-16,-0.006010378173735617,10.579006083240381
2025-12-17,-0.002801297297676422,10.54941261149583
2025-12-18,0.0012270975701921072,10.562365715814405
2025-12-19,0.0024675990755047743,10.588461583517827
2025-12-22,0.002160316980089316,10.611360742685108
2025-12-23,0.0021879433041664064,10.634603215704773
2025-12-24,0.0056549234239626,10.694911441019723
2025-12-26,0.00020402916779564578,10.697093737519182
2025-12-29,-0.00159377342393677,10.680058572509534
2025-12-30,-9.351652138025812e-05,10.67905985728261
